update,ablation,scenario,rollout_reward_mean,episode_count,coverage_ratio,inspection_success_rate,target_detection_rate,mission_success,mission_time,collision_count,invalid_action_count,policy_loss,value_loss,entropy,approx_kl,clip_fraction,mean_action_probability
1,guidance_0_capability_0_safety_0,1,0.015624998264684109,3,0.040625,0.0,0.0,0,117,0,0,-0.0075304037891328335,21.240188598632812,1.7756564617156982,0.0021644250955432653,0.0,0.17177605628967285
2,guidance_0_capability_0_safety_0,1,-0.1485351532137429,5,0.0125,0.0,0.0,0,43,0,0,0.00023750154650770128,8.054811477661133,1.7639033794403076,0.002956826938316226,0.0,0.17264994978904724
3,guidance_0_capability_0_safety_0,1,-0.13322265647002496,10,0.016875,0.0,0.0,0,16,0,0,-0.0014704708009958267,6.399378299713135,1.7572412490844727,0.0017265834612771869,0.0,0.17523601651191711
4,guidance_0_capability_0_safety_0,1,-0.05380859379511094,14,0.044375,0.0,0.0,0,27,0,0,-0.004511886276304722,5.318224906921387,1.7505366802215576,0.0005737841129302979,0.0,0.18141929805278778
5,guidance_0_capability_0_safety_0,1,-0.22849609473269084,21,0.014375,0.0,0.0,0,11,0,0,-0.0006137813325040042,10.798916816711426,1.7418041229248047,0.00039905234007164836,0.0,0.18156956136226654
6,guidance_0_capability_0_safety_0,1,-0.016474608375574462,22,0.109375,0.0,0.125,0,226,0,0,-0.005563934799283743,6.622554779052734,1.7368240356445312,9.437262633582577e-05,0.0,0.18025770783424377
7,guidance_0_capability_0_safety_0,1,-0.10542968749723514,26,0.035625,0.0,0.0,0,136,0,0,-0.004064658656716347,3.0695042610168457,1.7213995456695557,0.001607437850907445,0.0,0.1818377673625946
8,guidance_0_capability_0_safety_0,1,-0.1898242175411724,30,0.014375,0.0,0.0,0,7,0,0,-0.0037257676012814045,7.763269424438477,1.7041763067245483,-0.00015370750043075532,0.0,0.1991133689880371
9,guidance_0_capability_0_safety_0,1,-0.004472657688893378,31,0.0875,0.0,0.125,0,223,0,0,-0.006241799797862768,2.840191125869751,1.6841495037078857,-0.0005285707302391529,0.0,0.20535127818584442
10,guidance_0_capability_0_safety_0,1,-0.03251953002109076,31,0.11,0.0,0.125,0,479,0,0,-0.006684227846562862,0.9320098161697388,1.6844425201416016,0.0006777822854928672,0.0,0.20272600650787354
11,guidance_0_capability_0_safety_0,1,-0.006972657061851351,32,0.08875,0.0,0.0,0,192,0,0,-0.005963011644780636,1.6616733074188232,1.6813769340515137,0.006034961901605129,0.0,0.2133464515209198
12,guidance_0_capability_0_safety_0,1,0.025927733833668754,32,0.173125,0.0,0.125,0,448,0,0,0.00031373341334983706,2.1487679481506348,1.6776776313781738,-0.0014362877700477839,0.0,0.2091325968503952
13,guidance_0_capability_0_safety_0,1,-0.018994141162693268,32,0.1975,0.0,0.125,0,704,0,0,-0.0037937313318252563,0.3727613091468811,1.6662118434906006,0.004560069181025028,0.0,0.20143592357635498
14,guidance_0_capability_0_safety_0,1,0.00496093731635483,32,0.263125,0.0,0.125,0,960,0,0,-0.0036279703490436077,1.1814031600952148,1.6530563831329346,0.00045445593423210084,0.0,0.21108369529247284
15,guidance_0_capability_0_safety_0,1,0.02754882762019406,33,0.06625,0.0,0.125,0,225,0,0,-0.002786108758300543,1.614542007446289,1.591404914855957,-0.00024442095309495926,0.0,0.2419273555278778
16,guidance_0_capability_0_safety_0,1,0.016103515969007276,33,0.143125,0.0,0.125,0,481,0,0,-0.005085461772978306,1.4383411407470703,1.5795321464538574,0.0012683718232437968,0.0,0.23495638370513916
17,guidance_0_capability_0_safety_0,1,-0.025527343685098458,33,0.148125,0.0,0.125,0,737,0,0,-0.0051917447708547115,0.16755905747413635,1.547647476196289,0.00160864123608917,0.0,0.2497316300868988
18,guidance_0_capability_0_safety_0,1,0.11139648290190962,33,0.370625,0.0,0.25,0,993,0,0,-0.0011485300492495298,6.427096843719482,1.5354938507080078,0.003716327017173171,0.0,0.24612703919410706
19,guidance_0_capability_0_safety_0,1,0.09361328035811312,34,0.171875,0.0,0.0,0,249,0,0,-0.00037849321961402893,3.0988736152648926,1.4463963508605957,0.00176564184948802,0.0,0.28348538279533386
20,guidance_0_capability_0_safety_0,1,0.09844726441951934,34,0.3575,0.0,0.25,0,505,0,0,-0.0018105966737493873,8.87295150756836,1.440904974937439,0.0005001573590561748,0.0,0.2904095947742462
21,guidance_0_capability_0_safety_0,1,-0.024775391531875357,34,0.369375,0.0,0.375,0,761,0,0,-0.0014647016068920493,0.9500799775123596,1.4321022033691406,-0.00014203197497408837,0.0,0.29774758219718933
22,guidance_0_capability_0_safety_0,1,0.018964843824505806,35,0.036875,0.0,0.25,0,17,0,0,-0.001367719261907041,2.1274499893188477,1.4320939779281616,0.00031174332252703607,0.0,0.30643969774246216
23,guidance_0_capability_0_safety_0,1,0.03731445302400971,35,0.150625,0.0,0.25,0,273,0,0,-0.002297647763043642,1.2168759107589722,1.3863886594772339,0.001032388536259532,0.0,0.32238131761550903
24,guidance_0_capability_0_safety_0,1,0.06812499865191057,35,0.29125,0.0,0.5,0,529,0,0,-0.002388255437836051,6.606695175170898,1.4223289489746094,0.003003404475748539,0.0,0.30861374735832214
25,guidance_0_capability_0_safety_0,1,0.08687499971711077,35,0.48125,0.0,0.625,0,785,0,0,-0.0017907567089423537,6.639869689941406,1.44527268409729,-0.00048070558113977313,0.0,0.2857259511947632
26,guidance_0_capability_0_safety_0,1,0.05270507573732175,36,0.086875,0.0,0.375,0,41,0,0,-0.0029197861440479755,7.113730430603027,1.4665141105651855,0.0011213193647563457,0.0,0.28019481897354126
27,guidance_0_capability_0_safety_0,1,0.22513671739579877,36,0.44125,0.0,0.875,0,297,0,0,0.0007812936673872173,17.225616455078125,1.4406856298446655,0.00026604332379065454,0.0,0.28687137365341187
28,guidance_0_capability_0_safety_0,1,0.005556640520808287,36,0.52,0.0,0.875,0,553,0,0,-0.004729254636913538,1.2478511333465576,1.447509765625,-0.0014097577659413218,0.0,0.2791867256164551
29,guidance_0_capability_0_safety_0,1,-0.01688476570416242,36,0.563125,0.0,0.875,0,809,0,0,-0.0005934968357905746,0.505621075630188,1.4551948308944702,-0.0014266473008319736,0.0,0.2805546522140503
30,guidance_0_capability_0_safety_0,1,0.0522167967792484,37,0.13,0.0,0.125,0,76,0,0,0.0008803261443972588,4.564090251922607,1.4416344165802002,0.0007497871993109584,0.0,0.2901826500892639
31,guidance_0_capability_0_safety_0,1,0.026435546300490387,37,0.241875,0.0,0.125,0,332,0,0,-0.0066194599494338036,0.9644361734390259,1.4099242687225342,-0.0007297077099792659,0.0,0.29543063044548035
32,guidance_0_capability_0_safety_0,1,-0.04245117197569925,37,0.244375,0.0,0.125,0,588,0,0,0.0028185751289129257,0.7890158891677856,1.3799550533294678,0.0006403432926163077,0.0,0.30647099018096924
33,guidance_0_capability_0_safety_0,1,0.019726562168216333,37,0.328125,0.0,0.25,0,844,0,0,-0.002633668016642332,1.456317663192749,1.380918264389038,-0.00043512354022823274,0.0,0.32630085945129395
34,guidance_0_capability_0_safety_0,1,0.2391015596149373,38,0.19625,0.0,0.5,0,100,0,0,-0.000870690681040287,18.919021606445312,1.3659920692443848,0.0005748457042500377,0.0,0.3304288983345032
35,guidance_0_capability_0_safety_0,1,0.11800781202327926,38,0.41875,0.0,0.75,0,356,0,0,-0.0007436095620505512,5.237347602844238,1.33269202709198,0.0014119157567620277,0.0,0.339085191488266
36,guidance_0_capability_0_safety_0,1,0.042031249598949216,38,0.5575,0.0,0.75,0,612,0,0,-0.0003802360442932695,1.1088969707489014,1.3302239179611206,0.0007575128111056983,0.0,0.342974990606308
37,guidance_0_capability_0_safety_0,1,0.005419921784778126,38,0.61875,0.0,0.875,0,868,0,0,-0.004221527371555567,1.6284500360488892,1.3569183349609375,0.0004919407656416297,0.0,0.3334748446941376
38,guidance_0_capability_0_safety_0,1,0.17792968625144567,39,0.263125,0.0,0.25,0,175,0,0,0.00024829278117977083,10.606745719909668,1.325554370880127,0.0017060966929420829,0.0,0.35485944151878357
39,guidance_0_capability_0_safety_0,1,0.09535156120546162,39,0.468125,0.0,0.375,0,431,0,0,-0.0003794645890593529,4.240813255310059,1.3160312175750732,-8.546856406610459e-05,0.0,0.362053245306015
40,guidance_0_capability_0_safety_0,1,0.00038085918640717864,39,0.54,0.0,0.375,0,687,0,0,-0.003777049947530031,0.6416025757789612,1.3187291622161865,-0.0004198731330689043,0.0,0.36059197783470154
41,guidance_0_capability_0_safety_0,1,0.006464842474088073,39,0.6025,0.0,0.5,0,943,0,0,-0.004955085460096598,1.1217068433761597,1.304991602897644,0.0030661269556730986,0.0,0.36028119921684265
42,guidance_0_capability_0_safety_0,1,0.20516601338749751,40,0.33625,0.0,0.375,0,246,0,0,-0.004654437769204378,12.794261932373047,1.2029595375061035,0.0026196730323135853,0.0,0.4053770899772644
43,guidance_0_capability_0_safety_0,1,0.08727538823586656,40,0.50125,0.0,0.625,0,502,0,0,-0.0015160848852247,4.789571762084961,1.1711575984954834,0.00036142938188277185,0.0,0.43752598762512207
44,guidance_0_capability_0_safety_0,1,0.0032812494464451447,40,0.569375,0.0,0.625,0,758,0,0,-3.133497011731379e-05,0.5229865908622742,1.1946009397506714,0.00096017902251333,0.0,0.4211244583129883
45,guidance_0_capability_0_safety_0,1,-0.023144531311118044,41,0.030625,0.0,0.0,0,14,0,0,-0.0009430423378944397,1.165143370628357,1.2051975727081299,0.000657995231449604,0.0,0.41698354482650757
46,guidance_0_capability_0_safety_0,1,0.19954101397888735,41,0.34375,0.0,0.5,0,270,0,0,-0.00212537357583642,13.895898818969727,1.09737229347229,0.000773299194406718,0.0,0.47125697135925293
47,guidance_0_capability_0_safety_0,1,0.015214843209832907,41,0.420625,0.0,0.625,0,526,0,0,-0.00626025116071105,3.08626127243042,1.1012709140777588,0.0015867394395172596,0.0,0.47260400652885437
48,guidance_0_capability_0_safety_0,1,-0.017705078644212335,41,0.444375,0.0,0.75,0,782,0,0,-3.2168813049793243e-05,1.1586729288101196,1.1211936473846436,0.00343090808019042,0.03515625,0.47011348605155945
49,guidance_0_capability_0_safety_0,1,-0.0025683595376904123,42,0.05125,0.0,0.0,0,38,0,0,0.0005665083299390972,1.072479486465454,1.1187729835510254,0.0012770311441272497,0.0,0.47942423820495605
50,guidance_0_capability_0_safety_0,1,0.09514648264303105,42,0.269375,0.0,0.0,0,294,0,0,0.0005747098475694656,4.882123947143555,1.0676209926605225,-0.00020134558144491166,0.0,0.503191351890564
51,guidance_0_capability_0_safety_0,1,0.06603515382448677,42,0.408125,0.0,0.25,0,550,0,0,-0.0009721239912323654,7.613736152648926,1.0945848226547241,0.0002487734891474247,0.0,0.48312172293663025
52,guidance_0_capability_0_safety_0,1,-0.0001367192598991096,42,0.478125,0.0,0.25,0,806,0,0,-0.0014046363066881895,0.9235095977783203,1.1336021423339844,2.250230681966059e-05,0.0,0.46272939443588257
53,guidance_0_capability_0_safety_0,1,-0.051708984552533366,43,0.016875,0.0,0.0,0,62,0,0,-0.0004948688438162208,1.0117117166519165,1.1457526683807373,-0.00039174407720565796,0.0,0.44103583693504333
54,guidance_0_capability_0_safety_0,1,0.11932617215643404,43,0.216875,0.0,0.375,0,318,0,0,-0.00041157318628393114,10.54940414428711,1.1065458059310913,-7.117819041013718e-05,0.0,0.47947829961776733
55,guidance_0_capability_0_safety_0,1,-0.03603515673603397,43,0.266875,0.0,0.375,0,574,0,0,-0.0004471251741051674,2.3205785751342773,1.1459877490997314,0.00010107302659889683,0.0,0.44594547152519226
56,guidance_0_capability_0_safety_0,1,-0.018720703301369213,43,0.3075,0.0,0.375,0,830,0,0,-0.002076842589303851,0.4393486976623535,1.181396722793579,0.0004821915063075721,0.0,0.4367358684539795
57,guidance_0_capability_0_safety_0,1,0.11845702915161382,44,0.14625,0.0,0.0,0,86,0,0,-0.0017763348296284676,5.139632701873779,1.1725685596466064,-0.0017284316709265113,0.0,0.42749306559562683
58,guidance_0_capability_0_safety_0,1,0.20250976455281489,44,0.49125,0.0,0.25,0,342,0,0,0.00013007409870624542,12.640827178955078,1.1419103145599365,0.0008145248284563422,0.0,0.46836644411087036
59,guidance_0_capability_0_safety_0,1,-0.01697265636175871,44,0.534375,0.0,0.25,0,598,0,0,-0.00250204186886549,0.5810023546218872,1.193274974822998,0.0009905376937240362,0.0,0.4219489097595215
60,guidance_0_capability_0_safety_0,1,0.008603515103459358,44,0.6,0.0,0.375,0,854,0,0,-0.00544368103146553,1.5379970073699951,1.1786988973617554,-0.0006493664113804698,0.0,0.43534359335899353
61,guidance_0_capability_0_safety_0,1,0.05471679670881713,45,0.1325,0.0,0.0,0,110,0,0,0.003976332023739815,2.655365467071533,1.1055855751037598,0.00482550635933876,0.0,0.46466144919395447
62,guidance_0_capability_0_safety_0,1,0.08806640508191776,45,0.30875,0.0,0.125,0,366,0,0,-0.0017774810548871756,4.749262809753418,1.035384178161621,0.001852537039667368,0.0,0.4933954179286957
63,guidance_0_capability_0_safety_0,1,0.062080075786070665,45,0.42625,0.0,0.375,0,622,0,0,-0.0005212597316130996,4.1291632652282715,1.0466358661651611,0.001522909151390195,0.0,0.4890286922454834
64,guidance_0_capability_0_safety_0,1,0.1519726544211153,45,0.684375,0.0,0.75,0,878,0,0,-6.93686306476593e-05,6.9856977462768555,1.0408565998077393,6.82907848386094e-05,0.0,0.5079638957977295
65,guidance_0_capability_0_safety_0,1,0.16550781101250323,46,0.296875,0.0,0.25,0,147,0,0,-0.0005975770764052868,11.394426345825195,1.0123382806777954,-6.790382030885667e-05,0.0,0.5284100770950317
66,guidance_0_capability_0_safety_0,1,0.11268554536218289,46,0.51125,0.0,0.5,0,403,0,0,-0.00030177616281434894,2.949946165084839,0.9819762706756592,0.00042198243318125606,0.0,0.5337368249893188
67,guidance_0_capability_0_safety_0,1,0.11064452966093086,46,0.69125,0.0,1.0,0,659,0,0,-0.0004224047879688442,5.506157398223877,1.0111920833587646,0.0005291494308039546,0.0,0.5206714868545532
68,guidance_0_capability_0_safety_0,1,-0.03421874999185093,47,0.01,0.0,0.0,0,4,0,0,-0.0002521587011869997,1.6769191026687622,1.0424144268035889,-0.0003132346901111305,0.0,0.5271565914154053
69,guidance_0_capability_0_safety_0,1,0.14116210704742116,47,0.256875,0.0,0.25,0,260,0,0,-0.00035962648689746857,5.769004821777344,0.9366500377655029,0.00015861852443777025,0.0,0.5520174503326416
70,guidance_0_capability_0_safety_0,1,0.03128906220081262,47,0.37875,0.0,0.25,0,516,0,0,-0.0026515480130910873,0.8144458532333374,0.9562304019927979,0.0005517650279216468,0.0,0.5611085891723633
71,guidance_0_capability_0_safety_0,1,0.06333007756620646,47,0.51375,0.0,0.5,0,772,0,0,-0.0012780602555721998,5.549236297607422,0.9933368563652039,0.0016602682881057262,0.0,0.5254170894622803
72,guidance_0_capability_0_safety_0,1,0.14288085774023784,48,0.196875,0.0,0.5,0,117,0,0,-0.0007571093738079071,10.46660041809082,1.009040355682373,-0.0009651872096583247,0.0,0.5087758898735046
73,guidance_0_capability_0_safety_0,1,0.11523437422874849,48,0.43375,0.0,0.625,0,373,0,0,6.785926962038502e-05,4.066539287567139,0.9978741407394409,0.0006831977516412735,0.0,0.532817006111145
74,guidance_0_capability_0_safety_0,1,0.09590820159792202,48,0.63,0.0,0.75,0,629,0,0,0.00018948627985082567,2.568445920944214,1.051182508468628,-0.0003901024756487459,0.0,0.4906409680843353
75,guidance_0_capability_0_safety_0,1,0.05803710876352852,48,0.79125,0.0,0.75,0,885,0,0,-0.0005560544086620212,1.9597042798995972,1.0769705772399902,-0.0005173948593437672,0.0,0.47848594188690186
76,guidance_0_capability_0_safety_0,1,0.025000000146974344,49,0.106875,0.0,0.0,0,217,0,0,-0.00018825041479431093,2.1787214279174805,1.0206410884857178,0.0007476831669919193,0.0,0.521049976348877
77,guidance_0_capability_0_safety_0,1,0.13001953033381142,49,0.339375,0.0,0.25,0,473,0,0,-0.000749229162465781,6.835749626159668,1.058297872543335,-0.0003238727222196758,0.0,0.48562297224998474
78,guidance_0_capability_0_safety_0,1,0.09021484203913133,49,0.49375,0.0,0.625,0,729,0,0,-0.00036966893821954727,4.936569690704346,1.0936692953109741,0.000880639418028295,0.0,0.4849620759487152
79,guidance_0_capability_0_safety_0,1,0.03762695236946456,50,0.029375,0.0,0.0,0,44,0,0,-0.0007327031344175339,2.2842795848846436,1.1108636856079102,-0.00022353946405928582,0.0,0.46257492899894714
80,guidance_0_capability_0_safety_0,1,0.08823242027574452,50,0.22,0.0,0.125,0,300,0,0,-0.0003185306559316814,2.8077001571655273,1.0700823068618774,-2.2145919501781464e-05,0.0,0.4852399230003357
81,guidance_0_capability_0_safety_0,1,0.0012207028557895683,50,0.2825,0.0,0.125,0,556,0,0,-0.0005751351709477603,1.0342395305633545,1.0939780473709106,9.42296719586011e-06,0.0,0.47304436564445496
82,guidance_0_capability_0_safety_0,1,0.03288085964959464,50,0.37,0.0,0.25,0,812,0,0,-0.00018449407070875168,1.521240234375,1.11503267288208,3.794472286244854e-05,0.0,0.46351271867752075
83,guidance_0_capability_0_safety_0,1,0.10065429658061475,51,0.19375,0.0,0.125,0,216,0,0,-0.0006627662805840373,4.76192569732666,1.0553948879241943,0.00022272145724855363,0.0,0.4712410867214203
84,guidance_0_capability_0_safety_0,1,0.10058593649591785,51,0.40625,0.0,0.25,0,472,0,0,-0.0005687130615115166,2.448967933654785,1.0772356986999512,-8.235173299908638e-05,0.0,0.48209911584854126
85,guidance_0_capability_0_safety_0,1,0.05630859328084625,51,0.52375,0.0,0.5,0,728,0,0,-0.0016546938568353653,5.137304306030273,1.1148531436920166,-0.0017376666655763984,0.0,0.44359058141708374
86,guidance_0_capability_0_safety_0,1,0.0739453142232378,52,0.005625,0.0,0.0,0,0,0,0,-0.001773762865923345,2.0151071548461914,1.1695951223373413,0.0018561549950391054,0.0,0.4372358024120331
87,guidance_0_capability_0_safety_0,1,0.13676757787470706,52,0.23375,0.0,0.375,0,256,0,0,0.00043049175292253494,9.0733060836792,1.1354601383209229,0.0012270583538338542,0.0,0.4435445964336395
88,guidance_0_capability_0_safety_0,1,0.15285155930905603,52,0.510625,0.0,0.625,0,512,0,0,-0.002233960432931781,6.507146835327148,1.1740968227386475,0.001968151656910777,0.0,0.4375661313533783
89,guidance_0_capability_0_safety_0,1,0.04982421726163011,52,0.64125,0.0,0.75,0,768,0,0,0.00018786205328069627,2.41426682472229,1.2180817127227783,-0.0011971727944910526,0.0,0.39578908681869507
90,guidance_0_capability_0_safety_0,1,0.053437500093423296,53,0.049375,0.0,0.0,0,49,0,0,-0.0012282449752092361,2.6686089038848877,1.2407749891281128,-0.0007552951574325562,0.0,0.3876449763774872
91,guidance_0_capability_0_safety_0,1,0.1594726549301413,53,0.365625,0.0,0.125,0,305,0,0,-0.0005711640114895999,5.425604820251465,1.229428768157959,0.0030384473502635956,0.0,0.41435956954956055
92,guidance_0_capability_0_safety_0,1,0.0847753897360235,53,0.53,0.0,0.375,0,561,0,0,-0.00030574947595596313,3.4838979244232178,1.2604371309280396,-0.0003973225539084524,0.0,0.3743378520011902
93,guidance_0_capability_0_safety_0,1,0.06416015614377102,53,0.6775,0.0,0.5,0,817,0,0,-0.002458759117871523,3.0865087509155273,1.3078620433807373,1.9021332263946533e-05,0.0,0.35387682914733887
94,guidance_0_capability_0_safety_0,1,0.06797851507508312,54,0.120625,0.0,0.125,0,99,0,0,-0.0035733007825911045,4.474638938903809,1.317490816116333,0.0023052894975990057,0.0,0.34903261065483093
95,guidance_0_capability_0_safety_0,1,0.07325195198063739,54,0.328125,0.0,0.25,0,355,0,0,7.02952966094017e-05,4.006653785705566,1.3160884380340576,0.00013564666733145714,0.0,0.3359299600124359
96,guidance_0_capability_0_safety_0,1,0.0863085921300808,54,0.5375,0.0,0.625,0,611,0,0,-0.0007348987273871899,4.7379984855651855,1.3458995819091797,0.0008905510185286403,0.0,0.33244723081588745
97,guidance_0_capability_0_safety_0,1,0.07687499783787644,54,0.68875,0.0,0.875,0,867,0,0,-0.004456277005374432,2.445805549621582,1.3993422985076904,0.002562541514635086,0.0,0.30724069476127625
98,guidance_0_capability_0_safety_0,1,0.06145507711698883,55,0.1,0.0,0.0,0,168,0,0,0.00014032423496246338,3.018399715423584,1.4103076457977295,0.008197695948183537,0.0,0.3063502013683319
99,guidance_0_capability_0_safety_0,1,0.09314453024126124,55,0.315625,0.0,0.0,0,424,0,0,-0.0020372297149151564,1.9694910049438477,1.4532203674316406,0.0034354485105723143,0.0,0.28543028235435486
100,guidance_0_capability_0_safety_0,1,0.13161132917593932,55,0.500625,0.0,0.625,0,680,0,0,-0.00017224035400431603,6.209481239318848,1.4900140762329102,0.00026773818535730243,0.0,0.2662103772163391
101,guidance_0_capability_0_safety_0,1,0.010351561388233677,55,0.584375,0.0,0.75,0,936,0,0,0.0004424496437422931,3.8350439071655273,1.5063750743865967,-0.0006451900117099285,0.0,0.26075416803359985
102,guidance_0_capability_0_safety_0,1,-0.00820312478026608,60,0.171875,0.0,0.0,0,174,0,0,6.111960101407021e-05,20.742389678955078,1.499504566192627,0.0007529996219091117,0.0,0.2599920928478241
103,guidance_0_capability_0_safety_0,1,0.16913085791748017,60,0.524375,0.0,0.375,0,430,0,0,-0.0004030990821775049,8.224061965942383,1.5066665410995483,0.0010909030679613352,0.0,0.25943583250045776
104,guidance_0_capability_0_safety_0,1,-0.0009277373901568353,60,0.624375,0.0,0.625,0,686,0,0,-0.0008385914261452854,3.6064136028289795,1.5148670673370361,0.0005933147622272372,0.0,0.25473564863204956
105,guidance_0_capability_0_safety_0,1,-0.024931642241426744,60,0.695,0.0,0.625,0,942,0,0,-0.0005217498983256519,1.9315974712371826,1.5391812324523926,0.0003857281990349293,0.0,0.255219042301178
106,guidance_0_capability_0_safety_0,1,0.1460351566565805,61,0.2875,0.0,0.5,0,235,0,0,-0.0006065027555450797,8.721399307250977,1.5150551795959473,0.00015741121023893356,0.0,0.25282272696495056
107,guidance_0_capability_0_safety_0,1,0.05493164078143309,61,0.446875,0.0,0.5,0,491,0,0,-0.0022747924085706472,1.3432978391647339,1.5339444875717163,-0.00031888470402918756,0.0,0.2530841827392578
108,guidance_0_capability_0_safety_0,1,0.09713866998572485,62,0.06125,0.0,0.0,0,88,0,0,-0.01247238926589489,5.2081298828125,1.5239334106445312,0.007482580840587616,0.0,0.24898633360862732
109,guidance_0_capability_0_safety_0,1,0.11082031203841325,62,0.265625,0.0,0.25,0,344,0,0,-9.01746898307465e-05,5.191884517669678,1.4921510219573975,0.007564850151538849,0.078125,0.25596171617507935
110,guidance_0_capability_0_safety_0,1,-0.016093750717118382,62,0.306875,0.0,0.25,0,600,0,0,0.0014398396015167236,1.557279348373413,1.470458745956421,0.0018481769366189837,0.0,0.2741409242153168
111,guidance_0_capability_0_safety_0,1,0.02215820219134912,62,0.36125,0.0,0.5,0,856,0,0,0.0018548655789345503,2.348820924758911,1.4777934551239014,5.5081989557947963e-05,0.0,0.26258784532546997
112,guidance_0_capability_0_safety_0,1,0.01788085890802904,63,0.09,0.0,0.0,0,112,0,0,-0.0003609856066759676,1.229297161102295,1.4728329181671143,0.0003491387178655714,0.0,0.27796611189842224
113,guidance_0_capability_0_safety_0,1,-0.006162110101286089,63,0.14375,0.0,0.0,0,368,0,0,-0.0006583904614672065,1.0022642612457275,1.4657351970672607,-0.0003875419497489929,0.0,0.27722007036209106
114,guidance_0_capability_0_safety_0,1,0.05514648447569925,63,0.31125,0.0,0.0,0,624,0,0,-0.0008475122740492225,4.558962345123291,1.4812088012695312,7.220839324872941e-05,0.0,0.2727614939212799
115,guidance_0_capability_0_safety_0,1,0.15538085781372502,63,0.53875,0.0,0.625,0,880,0,0,0.0007853098213672638,13.656702041625977,1.4994605779647827,0.00029105492285452783,0.0,0.26200202107429504
116,guidance_0_capability_0_safety_0,1,0.13422851485665888,64,0.2025,0.0,0.375,0,136,0,0,-0.0009096948197111487,6.962535858154297,1.4960706233978271,0.001013346016407013,0.0,0.26761341094970703
117,guidance_0_capability_0_safety_0,1,0.056660155907593435,64,0.3525,0.0,0.375,0,392,0,0,-0.0010487729450687766,2.6819987297058105,1.4978151321411133,8.26595351099968e-06,0.0,0.2638508677482605
118,guidance_0_capability_0_safety_0,1,-0.03165039095983957,64,0.364375,0.0,0.375,0,648,0,0,0.0003087582881562412,1.246356725692749,1.5160424709320068,-0.0003008137864526361,0.0,0.256015807390213
119,guidance_0_capability_0_safety_0,1,0.01093749955543899,64,0.401875,0.0,0.5,0,904,0,0,-0.0013208584859967232,1.256880283355713,1.5340389013290405,0.0006341304397210479,0.0,0.25654101371765137
120,guidance_0_capability_0_safety_0,1,0.07813476535739028,65,0.12,0.0,0.5,0,160,0,0,-0.00039552897214889526,3.1864418983459473,1.526566505432129,0.0008072873461060226,0.0,0.2618946433067322
121,guidance_0_capability_0_safety_0,1,0.05472656215715688,65,0.274375,0.0,0.5,0,416,0,0,-0.0017384415259584785,2.068218231201172,1.524499773979187,-0.0010853749699890614,0.0,0.2553616762161255
122,guidance_0_capability_0_safety_0,1,-0.038671875387080945,65,0.279375,0.0,0.5,0,672,0,0,-0.0006489201332442462,0.7191953659057617,1.5505388975143433,-6.720609962940216e-05,0.0,0.24916963279247284
123,guidance_0_capability_0_safety_0,1,0.08514648374693934,65,0.46,0.0,0.625,0,928,0,0,-0.0019162269309163094,6.11190128326416,1.565953254699707,0.00032277079299092293,0.0,0.24805955588817596
124,guidance_0_capability_0_safety_0,1,0.12454101472758339,66,0.254375,0.0,0.125,0,184,0,0,-0.000560360960662365,5.841442108154297,1.538583755493164,0.0005069561302661896,0.0,0.24950788915157318
125,guidance_0_capability_0_safety_0,1,0.0892675772702205,66,0.44375,0.0,0.25,0,440,0,0,5.7291239500045776e-05,2.8686249256134033,1.5487512350082397,-0.0003819521516561508,0.0,0.24916231632232666
126,guidance_0_capability_0_safety_0,1,0.12610351593320956,66,0.675,0.0,0.5,0,696,0,0,0.0001219318583025597,3.223010540008545,1.5649497509002686,-0.0001597595401108265,0.0,0.24377940595149994
127,guidance_0_capability_0_safety_0,1,0.012353514011920197,67,0.0825,0.0,0.125,0,71,0,0,-0.0009631837601773441,3.702225685119629,1.5610082149505615,0.0002379549405304715,0.0,0.24173015356063843
128,guidance_0_capability_0_safety_0,1,0.08313476496914518,67,0.25375,0.0,0.25,0,327,0,0,-0.0014213686808943748,2.0736584663391113,1.550722360610962,9.077275171875954e-05,0.0,0.24148225784301758
129,guidance_0_capability_0_safety_0,1,-0.014892578081344254,67,0.273125,0.0,0.25,0,583,0,0,-0.0011454162886366248,1.1736185550689697,1.5664193630218506,0.0002426959981676191,0.0,0.23626136779785156
130,guidance_0_capability_0_safety_0,1,0.16922851461276878,67,0.573125,0.0,0.5,0,839,0,0,-0.000671802437864244,8.982501983642578,1.5757217407226562,-1.0753205970104318e-05,0.0,0.2456332892179489
131,guidance_0_capability_0_safety_0,1,0.11945312512398232,68,0.03625,0.0,0.0,0,95,0,0,-6.019075954100117e-05,5.74358606338501,1.5743446350097656,0.0005569576169364154,0.0,0.24188494682312012
132,guidance_0_capability_0_safety_0,1,0.05696288934996119,68,0.17625,0.0,0.125,0,351,0,0,-0.0028989436104893684,1.9088504314422607,1.5778799057006836,0.0010943965753540397,0.0,0.23328882455825806
133,guidance_0_capability_0_safety_0,1,0.11901367120299255,68,0.406875,0.0,0.25,0,607,0,0,-0.0008266422664746642,5.201284408569336,1.5963435173034668,0.0011992844520136714,0.0,0.23730091750621796
134,guidance_0_capability_0_safety_0,1,-0.04214843831141479,68,0.419375,0.0,0.25,0,863,0,0,-0.0008334468002431095,2.129031181335449,1.609088659286499,-0.00010316415864508599,0.0,0.2290949523448944
135,guidance_0_capability_0_safety_0,1,0.025996093012508936,69,0.0775,0.0,0.0,0,119,0,0,-0.0008828224381431937,0.9770404696464539,1.5980137586593628,-0.00020467226568143815,0.0,0.2289094179868698
136,guidance_0_capability_0_safety_0,1,0.13765624942607246,69,0.338125,0.0,0.125,0,375,0,0,-0.0010715918615460396,5.157597064971924,1.5862369537353516,0.00033880816772580147,0.0,0.2390477955341339
137,guidance_0_capability_0_safety_0,1,0.006308593106950866,69,0.395,0.0,0.25,0,631,0,0,-0.0008608469506725669,0.7883909940719604,1.593195915222168,-7.97895154391881e-06,0.0,0.23207299411296844
138,guidance_0_capability_0_safety_0,1,-0.03468749985404429,69,0.3975,0.0,0.25,0,887,0,0,-0.000950856483541429,1.1723153591156006,1.6047437191009521,0.0002078643738059327,0.0,0.22803974151611328
139,guidance_0_capability_0_safety_0,1,0.08300781342040864,70,0.121875,0.0,0.25,0,143,0,0,-0.0016589438309893012,2.7296783924102783,1.6039994955062866,-0.00028326426399871707,0.0,0.2299022674560547
140,guidance_0_capability_0_safety_0,1,0.17615234341428732,70,0.403125,0.0,0.625,0,399,0,0,-0.000742717063985765,5.639605522155762,1.6003636121749878,-0.0018286879640072584,0.0,0.23250436782836914
141,guidance_0_capability_0_safety_0,1,0.015322265462600626,70,0.478125,0.0,0.625,0,655,0,0,-0.001359112560749054,0.9572716951370239,1.6107187271118164,0.0003228799323551357,0.0,0.2279747575521469
142,guidance_0_capability_0_safety_0,1,-0.035136719150614226,70,0.483125,0.0,0.625,0,911,0,0,-0.0017293039709329605,0.9606384038925171,1.6167211532592773,-2.499871698091738e-05,0.0,0.2311851680278778
143,guidance_0_capability_0_safety_0,1,0.11593749843086698,72,0.216875,0.0,0.125,0,138,0,0,-1.6103809684864245e-05,10.585176467895508,1.59263014793396,-1.8461918443790637e-05,0.0,0.23570112884044647
144,guidance_0_capability_0_safety_0,1,0.16163086095184553,72,0.501875,0.0,0.375,0,394,0,0,-4.5038141252007335e-05,8.220995903015137,1.5874046087265015,0.0003895132686011493,0.0,0.23010782897472382
145,guidance_0_capability_0_safety_0,1,0.05035156221129,72,0.64,0.0,0.375,0,650,0,0,-0.0026399537455290556,1.3719229698181152,1.5961828231811523,0.0005140278371982276,0.0,0.22491471469402313
146,guidance_0_capability_0_safety_0,1,0.03846679619164206,72,0.721875,0.0,0.625,0,906,0,0,-0.0014522898709401488,1.7320175170898438,1.5762567520141602,0.0018652623984962702,0.0,0.24514387547969818
147,guidance_0_capability_0_safety_0,1,0.12584960743333795,73,0.19875,0.0,0.125,0,162,0,0,0.00037308907485567033,4.795382499694824,1.5400028228759766,5.9023190260631964e-05,0.0,0.2535787522792816
148,guidance_0_capability_0_safety_0,1,0.0739550773287192,73,0.383125,0.0,0.125,0,418,0,0,-0.004750239662826061,1.5647610425949097,1.539771556854248,0.001355348969809711,0.0,0.2563871145248413
149,guidance_0_capability_0_safety_0,1,0.0871093741588993,73,0.560625,0.0,0.375,0,674,0,0,0.0011951045598834753,3.98006534576416,1.5813875198364258,0.004974365700036287,0.0,0.24071848392486572
150,guidance_0_capability_0_safety_0,1,0.13071288982246188,73,0.770625,0.0,0.75,0,930,0,0,0.00025619351072236896,4.537339210510254,1.6027240753173828,0.001404214883223176,0.0,0.237326979637146
151,guidance_0_capability_0_safety_0,1,0.0749511705362238,74,0.1675,0.0,0.0,0,186,0,0,-0.002853293437510729,2.2036871910095215,1.602287769317627,0.0001372137776343152,0.0,0.22660677134990692
152,guidance_0_capability_0_safety_0,1,0.047031249461724656,74,0.316875,0.0,0.0,0,442,0,0,-0.0030366103164851665,4.065090179443359,1.5966461896896362,-0.0008261622861027718,0.0,0.22421252727508545
153,guidance_0_capability_0_safety_0,1,0.03957031184472726,74,0.42625,0.0,0.125,0,698,0,0,-0.000529879704117775,1.2758907079696655,1.6057052612304688,0.0018306928686797619,0.0,0.22361686825752258
154,guidance_0_capability_0_safety_0,1,0.18379882603767328,74,0.69375,0.0,0.75,0,954,0,0,-0.0001298369315918535,13.347126007080078,1.5844364166259766,-0.0008084715227596462,0.0,0.23176422715187073
155,guidance_0_capability_0_safety_0,1,0.08606445290206466,75,0.188125,0.0,0.125,0,210,0,0,-0.0015341348480433226,4.311402320861816,1.5835773944854736,-3.0372913897735998e-05,0.0,0.23250387609004974
156,guidance_0_capability_0_safety_0,1,0.09451171902765054,75,0.349375,0.0,0.5,0,466,0,0,-0.0014987345784902573,6.214437961578369,1.5656018257141113,0.0007913116132840514,0.0,0.24091586470603943
157,guidance_0_capability_0_safety_0,1,-0.023056641046423465,75,0.38,0.0,0.5,0,722,0,0,0.0003501319733913988,1.5742266178131104,1.563643217086792,-0.0006170650012791157,0.0,0.2385231852531433
158,guidance_0_capability_0_safety_0,1,-0.006035156897269189,75,0.4375,0.0,0.5,0,978,0,0,-3.421027213335037e-05,1.5387532711029053,1.5562388896942139,-0.00011119914415758103,0.0,0.24118241667747498
159,guidance_0_capability_0_safety_0,1,0.1762304680160014,76,0.274375,0.0,0.5,0,234,0,0,0.0001275334507226944,8.576419830322266,1.5648058652877808,0.000128356899949722,0.0,0.234827920794487
160,guidance_0_capability_0_safety_0,1,0.08519531307683792,76,0.461875,0.0,0.625,0,490,0,0,-0.0013160420348867774,3.518533706665039,1.5579913854599,0.00023364959633909166,0.0,0.23637549579143524
161,guidance_0_capability_0_safety_0,1,-0.03851562546333298,76,0.46625,0.0,0.625,0,746,0,0,-0.00018118198204319924,1.4215022325515747,1.546359896659851,8.728215470910072e-05,0.0,0.24198901653289795
162,guidance_0_capability_0_safety_0,1,0.023330078169237822,77,0.0075,0.0,0.0,0,2,0,0,-0.0029998361133038998,1.4328923225402832,1.5664863586425781,0.0006934837438166142,0.0,0.23319858312606812
163,guidance_0_capability_0_safety_0,1,0.21790039141706075,77,0.39375,0.0,0.25,0,258,0,0,0.0002668537199497223,9.101645469665527,1.5556834936141968,2.3138089090934955e-05,0.0,0.2393449991941452
164,guidance_0_capability_0_safety_0,1,0.013496093339199433,77,0.47875,0.0,0.25,0,514,0,0,-0.0006783964927308261,1.1080379486083984,1.5507562160491943,-0.000742981384973973,0.0,0.24803051352500916
165,guidance_0_capability_0_safety_0,1,-0.009013672242872417,77,0.53,0.0,0.25,0,770,0,0,-0.0003424600581638515,1.419114351272583,1.5596250295639038,2.9692116640944732e-06,0.0,0.2411390244960785
166,guidance_0_capability_0_safety_0,1,0.10657226464536507,78,0.0325,0.0,0.0,0,26,0,0,-0.0009715172345750034,5.034991264343262,1.5639251470565796,0.00024096047854982316,0.0,0.2364150881767273
167,guidance_0_capability_0_safety_0,1,0.17617187496216502,78,0.325,0.0,0.375,0,282,0,0,-0.00010470797860762104,7.218494415283203,1.536970615386963,0.0007938250782899559,0.0,0.24364976584911346
168,guidance_0_capability_0_safety_0,1,0.016601561597781256,78,0.41625,0.0,0.375,0,538,0,0,-0.0009670811705291271,0.8684821128845215,1.5274170637130737,-0.0006396126700565219,0.0,0.26211580634117126
169,guidance_0_capability_0_safety_0,1,0.06341796752531081,78,0.545,0.0,0.625,0,794,0,0,-0.0014586495235562325,3.8021397590637207,1.544813871383667,-3.1848128855926916e-05,0.0,0.2529864013195038
170,guidance_0_capability_0_safety_0,1,-0.02238281293102773,79,0.015625,0.0,0.0,0,50,0,0,-0.0038562125992029905,1.1226004362106323,1.5534132719039917,0.0024801839608699083,0.0,0.2501533627510071
171,guidance_0_capability_0_safety_0,1,0.032734374377469067,79,0.124375,0.0,0.0,0,306,0,0,-0.0006092448602430522,0.8436930775642395,1.5774145126342773,0.0006909479270689189,0.0,0.23644757270812988
172,guidance_0_capability_0_safety_0,1,0.08543945245037321,79,0.270625,0.0,0.375,0,562,0,0,-0.0010212911292910576,5.705048084259033,1.576491355895996,0.0014473398914560676,0.0,0.24148285388946533
173,guidance_0_capability_0_safety_0,1,0.13295898419164587,79,0.549375,0.0,0.375,0,818,0,0,-0.0007646512240171432,5.043479919433594,1.5939679145812988,3.7560395867330953e-05,0.0,0.22708964347839355
174,guidance_0_capability_0_safety_0,1,0.10288085750653408,80,0.08375,0.0,0.125,0,74,0,0,-0.0008893267950043082,1.6227080821990967,1.6012471914291382,0.000315311539452523,0.0,0.22738704085350037
175,guidance_0_capability_0_safety_0,1,0.20399414056737442,80,0.36375,0.0,0.875,0,330,0,0,0.000308808870613575,14.635233879089355,1.584895133972168,0.00034842704189941287,0.0,0.23074030876159668
176,guidance_0_capability_0_safety_0,1,0.00599609331402462,80,0.440625,0.0,0.875,0,586,0,0,-0.0006559801986441016,1.5550110340118408,1.596508502960205,-2.5801205993047915e-05,0.0,0.22751645743846893
177,guidance_0_capability_0_safety_0,1,0.06488281181373168,80,0.5975,0.0,0.875,0,842,0,0,-0.001504685147665441,2.1685781478881836,1.5893104076385498,0.0009649451822042465,0.0,0.23360125720500946
178,guidance_0_capability_0_safety_0,1,0.10914062491428922,81,0.173125,0.0,0.0,0,98,0,0,-0.002009317744523287,3.3411545753479004,1.5774853229522705,0.00041597228846512735,0.0,0.23967741429805756
179,guidance_0_capability_0_safety_0,1,0.11700195320008788,81,0.370625,0.0,0.375,0,354,0,0,-0.0013360984157770872,7.031032562255859,1.5638759136199951,0.00042794132605195045,0.0,0.23551416397094727
180,guidance_0_capability_0_safety_0,1,0.06741210888139904,81,0.5275,0.0,0.5,0,610,0,0,-0.0012649260461330414,4.091279029846191,1.560813307762146,0.0024041812866926193,0.0,0.2339448630809784
181,guidance_0_capability_0_safety_0,1,0.022392577295249794,81,0.609375,0.0,0.625,0,866,0,0,-0.00111964566167444,1.0615742206573486,1.567369818687439,-0.0006967589142732322,0.0,0.23907844722270966
182,guidance_0_capability_0_safety_0,1,0.10396484432931175,82,0.0925,0.0,0.125,0,122,0,0,0.00026044686092063785,3.579197883605957,1.5513471364974976,-0.0001581589167471975,0.0,0.23880288004875183
183,guidance_0_capability_0_safety_0,1,0.14197265483016963,82,0.338125,0.0,0.375,0,378,0,0,5.141180008649826e-05,4.710021495819092,1.5643243789672852,-0.0004823954659514129,0.0,0.23916944861412048
184,guidance_0_capability_0_safety_0,1,-0.018046874862193363,82,0.353125,0.0,0.375,0,634,0,0,5.148444324731827e-05,2.7396650314331055,1.5643256902694702,6.577993917744607e-05,0.0,0.23869840800762177
185,guidance_0_capability_0_safety_0,1,0.15836913906241534,82,0.655,0.0,0.5,0,890,0,0,-0.000715066387783736,5.2701287269592285,1.5848326683044434,3.7140991480555385e-05,0.0,0.2371121495962143
186,guidance_0_capability_0_safety_0,1,0.13076171874490683,83,0.243125,0.0,0.0,0,146,0,0,-0.0002618497237563133,4.016647815704346,1.558699369430542,-2.114987000823021e-05,0.0,0.2370072305202484
187,guidance_0_capability_0_safety_0,1,0.20774413587787421,83,0.58375,0.0,0.375,0,402,0,0,-0.0003240484220441431,8.535543441772461,1.5600574016571045,0.00017663728795014322,0.0,0.24343788623809814
188,guidance_0_capability_0_safety_0,1,0.0349707014975138,83,0.68875,0.0,0.5,0,658,0,0,-0.0010787621140480042,2.5636682510375977,1.5749953985214233,0.0001709754578769207,0.0,0.23586571216583252
189,guidance_0_capability_0_safety_0,1,-0.0145800784957828,83,0.714375,0.0,0.625,0,914,0,0,-0.00103532406501472,1.2169852256774902,1.5861248970031738,0.00045356590999290347,0.0,0.23364076018333435
190,guidance_0_capability_0_safety_0,1,0.2297460953341215,84,0.338125,0.0,0.375,0,170,0,0,0.0005546077154576778,11.678577423095703,1.580040693283081,0.0009984029456973076,0.0,0.23622851073741913
191,guidance_0_capability_0_safety_0,1,0.10822265562455868,84,0.540625,0.0,0.5,0,426,0,0,-0.002179015427827835,2.8998072147369385,1.577148675918579,-1.639469337533228e-05,0.0,0.23974546790122986
192,guidance_0_capability_0_safety_0,1,0.0978613287297776,84,0.764375,0.0,0.5,0,682,0,0,0.0001449109986424446,1.9585011005401611,1.5995616912841797,-0.0005887298611924052,0.0,0.23064887523651123
193,guidance_0_capability_0_safety_0,1,-0.006757812676369213,84,0.80125,0.0,0.625,0,938,0,0,-0.001057882560417056,1.4350759983062744,1.6196649074554443,-0.0011749747209250927,0.0,0.21987667679786682
194,guidance_0_capability_0_safety_0,1,0.169589843841095,85,0.24875,0.0,0.25,0,194,0,0,-0.00025478628231212497,3.575410842895508,1.6125463247299194,-0.0005056965164840221,0.0,0.2248116433620453
195,guidance_0_capability_0_safety_0,1,0.09797851483017439,85,0.446875,0.0,0.375,0,450,0,0,-0.004141518380492926,2.82151198387146,1.616729736328125,0.0011856446508318186,0.0,0.22412452101707458
196,guidance_0_capability_0_safety_0,1,-0.026455078208527993,85,0.459375,0.0,0.375,0,706,0,0,-0.00108110043220222,2.6470789909362793,1.6293742656707764,0.0016426083166152239,0.0,0.21852025389671326
197,guidance_0_capability_0_safety_0,1,0.02267578005194082,85,0.508125,0.0,0.625,0,962,0,0,-0.0008356239413842559,2.355746030807495,1.625173568725586,0.0003394307568669319,0.0,0.22594580054283142
198,guidance_0_capability_0_safety_0,1,0.1222363275664975,86,0.24,0.0,0.125,0,226,0,0,-0.0016593008767813444,4.092602252960205,1.6231937408447266,0.0006900342996232212,0.0,0.2210662066936493
199,guidance_0_capability_0_safety_0,1,0.07455078080965905,86,0.391875,0.0,0.25,0,482,0,0,-0.00011451046157162637,2.362312078475952,1.6425328254699707,-0.0007102506933733821,0.0,0.21452316641807556
200,guidance_0_capability_0_safety_0,1,0.012138671369029908,86,0.4475,0.0,0.375,0,738,0,0,0.00045733930892311037,1.5700252056121826,1.6371768712997437,-0.00041320393211208284,0.0,0.21502342820167542
201,guidance_0_capability_0_safety_0,1,0.09192382711626124,86,0.643125,0.0,0.5,0,994,0,0,-0.0002613072283565998,5.381971836090088,1.6600847244262695,-0.00035387714160606265,0.0,0.2068057656288147
202,guidance_0_capability_0_safety_0,1,0.128076169436099,87,0.216875,0.0,0.25,0,250,0,0,-0.0011624235194176435,5.529809951782227,1.6333965063095093,0.00012311991304159164,0.0,0.2157752364873886
203,guidance_0_capability_0_safety_0,1,0.12958984446595423,87,0.465,0.0,0.375,0,506,0,0,-8.12814905657433e-05,4.305734157562256,1.6449153423309326,-0.0003907702339347452,0.0,0.21648775041103363
204,guidance_0_capability_0_safety_0,1,0.006259765312279342,87,0.535,0.0,0.375,0,762,0,0,-0.0003124214708805084,1.7750260829925537,1.6507644653320312,0.00033539533615112305,0.0,0.20984065532684326
205,guidance_0_capability_0_safety_0,1,-0.003623047123255674,88,0.0275,0.0,0.0,0,18,0,0,-0.001162613509222865,0.8579077124595642,1.6470954418182373,0.0002210532984463498,0.0,0.21496951580047607
206,guidance_0_capability_0_safety_0,1,0.22390624777472112,88,0.35625,0.0,0.625,0,274,0,0,-1.7023645341396332e-05,8.449462890625,1.6290044784545898,0.0005275821313261986,0.0,0.21569405496120453
207,guidance_0_capability_0_safety_0,1,0.07286132732770056,88,0.488125,0.0,0.875,0,530,0,0,-0.001303470111452043,4.863079071044922,1.6219234466552734,-0.0005013759946450591,0.0,0.2195744514465332
208,guidance_0_capability_0_safety_0,1,-0.011503906494908733,88,0.526875,0.0,0.875,0,786,0,0,-0.001640843227505684,0.4953404664993286,1.6357492208480835,0.0005917011294513941,0.0,0.21585778892040253
209,guidance_0_capability_0_safety_0,1,0.02684570294150035,89,0.035,0.0,0.0,0,42,0,0,-0.001432903460226953,1.4102141857147217,1.6340386867523193,-0.00037957908352836967,0.0,0.2179311364889145
210,guidance_0_capability_0_safety_0,1,0.13033202908627572,89,0.250625,0.0,0.375,0,298,0,0,-0.001494644908234477,6.141899108886719,1.6220325231552124,0.002395764458924532,0.0,0.22195403277873993
211,guidance_0_capability_0_safety_0,1,0.1359765614324715,89,0.46125,0.0,0.875,0,554,0,0,-0.0007790423696860671,6.740987777709961,1.623706579208374,0.0014843110693618655,0.0,0.21929863095283508
212,guidance_0_capability_0_safety_0,1,0.0477246086957166,89,0.605,0.0,0.875,0,810,0,0,-0.0011579941492527723,1.6182833909988403,1.6199220418930054,0.0015873352531343699,0.0,0.2207360714673996
213,guidance_0_capability_0_safety_0,1,0.09374023327836767,90,0.123125,0.0,0.25,0,66,0,0,-0.0010338423307985067,4.5241241455078125,1.6287343502044678,-0.0007717080297879875,0.0,0.21922509372234344
214,guidance_0_capability_0_safety_0,1,0.12925781197554898,90,0.37,0.0,0.375,0,322,0,0,3.286699575255625e-05,4.666181564331055,1.598756194114685,0.0004926847177557647,0.0,0.23317956924438477
215,guidance_0_capability_0_safety_0,1,0.015761718783323886,90,0.43375,0.0,0.375,0,578,0,0,-6.291891622822732e-05,1.7362120151519775,1.6108551025390625,4.0915485442383215e-05,0.0,0.22109755873680115
216,guidance_0_capability_0_safety_0,1,-0.015605469205183908,90,0.463125,0.0,0.375,0,834,0,0,-0.0006819541449658573,0.9385347962379456,1.6137189865112305,0.0003236287157051265,0.0,0.22196432948112488
217,guidance_0_capability_0_safety_0,1,0.083007814217126,91,0.13125,0.0,0.0,0,90,0,0,-0.0008532525971531868,2.154571771621704,1.6075942516326904,-0.0002755170571617782,0.0,0.22671088576316833
218,guidance_0_capability_0_safety_0,1,0.12355468854366336,91,0.35875,0.0,0.25,0,346,0,0,-0.001792356139048934,4.282285690307617,1.6046826839447021,0.0015626245876774192,0.0,0.2263229787349701
219,guidance_0_capability_0_safety_0,1,0.1387207014777232,91,0.59625,0.0,0.625,0,602,0,0,0.00032275234116241336,2.9345831871032715,1.6107958555221558,-5.054551729699597e-05,0.0,0.22125975787639618
220,guidance_0_capability_0_safety_0,1,0.006523437110445229,91,0.656875,0.0,0.625,0,858,0,0,-0.00010164517152588814,1.7648266553878784,1.609980583190918,8.128894251058227e-07,0.0,0.2269887626171112
221,guidance_0_capability_0_safety_0,1,0.221962886829715,92,0.20125,0.0,0.5,0,114,0,0,-0.00029664611793123186,9.136604309082031,1.6073707342147827,-0.0002894848585128784,0.0,0.22746089100837708
222,guidance_0_capability_0_safety_0,1,0.055595702931896085,92,0.35,0.0,0.5,0,370,0,0,-5.804499232908711e-05,1.6527761220932007,1.601780652999878,-1.5425806623170502e-06,0.0,0.2212923765182495
223,guidance_0_capability_0_safety_0,1,0.053466796587599674,92,0.48875,0.0,0.5,0,626,0,0,-0.0021386612206697464,2.4453141689300537,1.6101787090301514,0.00012524783960543573,0.0,0.224654883146286
224,guidance_0_capability_0_safety_0,1,0.03895507792185526,92,0.6175,0.0,0.5,0,882,0,0,-0.0027049840427935123,1.2124569416046143,1.6128575801849365,0.00011860858649015427,0.0,0.23117852210998535
225,guidance_0_capability_0_safety_0,1,0.051015624769206624,93,0.118125,0.0,0.125,0,138,0,0,0.0006667810375802219,1.7946311235427856,1.6156060695648193,0.0010946509428322315,0.0,0.22539743781089783
226,guidance_0_capability_0_safety_0,1,0.19702148367650807,93,0.428125,0.0,0.625,0,394,0,0,-0.0006546186050400138,6.254056453704834,1.6155335903167725,0.0004011363198515028,0.0,0.22532638907432556
227,guidance_0_capability_0_safety_0,1,0.09814453033686732,93,0.62,0.0,0.875,0,650,0,0,-0.001586776226758957,2.5897581577301025,1.6148375272750854,-0.00018368491146247834,0.0,0.2205062359571457
228,guidance_0_capability_0_safety_0,1,0.05616210892185336,94,0.18125,0.0,0.125,0,229,0,0,0.0004334046388976276,6.600939750671387,1.6119351387023926,-0.0007063624216243625,0.0,0.22109809517860413
229,guidance_0_capability_0_safety_0,1,0.17973632698704023,94,0.479375,0.0,0.5,0,485,0,0,-0.0008601301233284175,6.1712141036987305,1.6261800527572632,0.00043110395199619234,0.0,0.22622451186180115
230,guidance_0_capability_0_safety_0,1,0.13844726495153736,94,0.73,0.0,0.75,0,741,0,0,1.6794851376289444e-07,5.934314727783203,1.6258357763290405,0.00010296066466253251,0.0,0.22310273349285126
231,guidance_0_capability_0_safety_0,1,-0.024658203663420863,94,0.758125,0.0,0.75,0,997,0,0,3.4955641581291275e-07,1.1958280801773071,1.629765272140503,0.0001017153263092041,0.0,0.22102533280849457
232,guidance_0_capability_0_safety_0,1,0.19119140449765837,96,0.3775,0.0,0.25,0,245,0,0,-0.0002783089876174927,11.14004898071289,1.6256121397018433,-2.448447048664093e-05,0.0,0.2194957733154297
233,guidance_0_capability_0_safety_0,1,0.13300781254656613,96,0.60125,0.0,0.625,0,501,0,0,-0.0003473529068287462,5.15342903137207,1.6203367710113525,0.00010893928993027657,0.0,0.21962186694145203
234,guidance_0_capability_0_safety_0,1,0.10817382718960289,96,0.784375,0.0,1.0,0,757,0,0,-0.0010835895081982017,2.5238213539123535,1.621264934539795,-0.0004275146347936243,0.0,0.22037944197654724
235,guidance_0_capability_0_safety_0,1,0.036738280428835424,97,0.0225,0.0,0.0,0,13,0,0,-0.0022052142303436995,1.5208358764648438,1.6314992904663086,0.00039192894473671913,0.0,0.21789303421974182
236,guidance_0_capability_0_safety_0,1,0.21846679511872935,97,0.378125,0.0,0.375,0,269,0,0,-0.0032927338033914566,4.682034015655518,1.6209648847579956,-0.0020328816026449203,0.0,0.22608959674835205
237,guidance_0_capability_0_safety_0,1,0.03821288990729954,97,0.488125,0.0,0.5,0,525,0,0,-0.00019894276920240372,3.224675178527832,1.6152610778808594,0.00014070809993427247,0.0,0.22443298995494843
238,guidance_0_capability_0_safety_0,1,0.07585937280236976,97,0.620625,0.0,0.75,0,781,0,0,-0.0016433380078524351,3.300159454345703,1.602372169494629,0.0011753379367291927,0.0,0.23093990981578827
239,guidance_0_capability_0_safety_0,1,-0.031113280758290784,99,0.043125,0.0,0.0,0,32,0,0,-0.000539888977073133,5.859284400939941,1.6077117919921875,1.6128489733091556e-05,0.0,0.23511545360088348
240,guidance_0_capability_0_safety_0,1,0.26897460712643806,99,0.461875,0.0,0.5,0,288,0,0,0.00020854672766290605,10.706216812133789,1.595292329788208,0.0003640606882981956,0.0,0.22617995738983154
241,guidance_0_capability_0_safety_0,1,0.007539061887655407,99,0.548125,0.0,0.5,0,544,0,0,0.00014308126992546022,2.9065160751342773,1.5958245992660522,0.0003089940582867712,0.0,0.22321848571300507
242,guidance_0_capability_0_safety_0,1,0.10999999683554051,99,0.711875,0.0,1.0,0,800,0,0,-0.00031133307493291795,2.4237146377563477,1.6045026779174805,0.0002606686612125486,0.0,0.23189345002174377
243,guidance_0_capability_0_safety_0,1,0.05979492186088464,100,0.1225,0.0,0.125,0,56,0,0,-0.0010968472342938185,2.584038257598877,1.595436453819275,0.0004664186271838844,0.0,0.22632931172847748
244,guidance_0_capability_0_safety_0,1,0.15166015567956492,100,0.415,0.0,0.25,0,312,0,0,-0.000717409304343164,4.443816184997559,1.5839946269989014,0.000598919577896595,0.0,0.23460941016674042
245,guidance_0_capability_0_safety_0,1,0.007167968244175427,100,0.494375,0.0,0.25,0,568,0,0,-0.0008149498025886714,4.261523246765137,1.5857213735580444,0.000703912868630141,0.0,0.2404845803976059
246,guidance_0_capability_0_safety_0,1,0.05130859305791091,100,0.625625,0.0,0.375,0,824,0,0,-0.0013286813627928495,2.9236786365509033,1.5947587490081787,0.0007967713172547519,0.0,0.2260696291923523
247,guidance_0_capability_0_safety_0,1,0.089228515564173,101,0.14625,0.0,0.0,0,80,0,0,4.316680133342743e-05,2.117199420928955,1.588483214378357,0.00045061035780236125,0.0,0.23739397525787354
248,guidance_0_capability_0_safety_0,1,0.18533203192055225,101,0.435,0.0,0.5,0,336,0,0,-0.000446859747171402,7.536146640777588,1.5748591423034668,-0.00015473211533389986,0.0,0.24202564358711243
249,guidance_0_capability_0_safety_0,1,0.14779296740016434,101,0.671875,0.0,0.875,0,592,0,0,-0.00035334628773853183,5.559388160705566,1.5791938304901123,-0.0002829831501003355,0.0,0.23900187015533447
250,guidance_0_capability_0_safety_0,1,0.03421874893683707,101,0.76,0.0,1.0,0,848,0,0,-0.00022555826581083238,2.480942487716675,1.585099697113037,0.0001946811971720308,0.0,0.23917560279369354
251,guidance_0_capability_0_safety_0,1,0.09355468882858986,102,0.199375,0.0,0.0,0,104,0,0,-0.0003345168079249561,2.86953067779541,1.5801805257797241,0.00039037177339196205,0.0,0.22767826914787292
252,guidance_0_capability_0_safety_0,1,0.10666992052574642,102,0.38125,0.0,0.375,0,360,0,0,-0.003312415909022093,4.428746223449707,1.563271403312683,0.0009946025675162673,0.0,0.2395448386669159
253,guidance_0_capability_0_safety_0,1,0.08915039060229901,102,0.55375,0.0,0.625,0,616,0,0,-0.0019024682696908712,2.841418504714966,1.5634301900863647,0.0005691749975085258,0.0,0.24531273543834686
254,guidance_0_capability_0_safety_0,1,-0.005800781276775524,102,0.61,0.0,0.625,0,872,0,0,-0.0029968577437102795,0.7874120473861694,1.564284324645996,-0.0023188586346805096,0.0,0.2455866038799286
255,guidance_0_capability_0_safety_0,1,0.011650389969872776,103,0.089375,0.0,0.0,0,128,0,0,-0.00015534150588791817,1.097844123840332,1.5685075521469116,-0.00018313108012080193,0.0,0.2328663319349289
256,guidance_0_capability_0_safety_0,1,0.006249999671126716,103,0.14625,0.0,0.125,0,384,0,0,0.00021259300410747528,3.5600292682647705,1.5713131427764893,-0.00025920168263837695,0.0,0.2374660223722458
257,guidance_0_capability_0_safety_0,1,0.09553711055559688,103,0.344375,0.0,0.25,0,640,0,0,-0.0006900389562360942,3.478562116622925,1.5697875022888184,-0.00016370121738873422,0.0,0.2440687119960785
258,guidance_0_capability_0_safety_0,1,0.1459179683115508,103,0.595625,0.0,0.5,0,896,0,0,-4.98915724165272e-05,5.04774284362793,1.5705193281173706,0.00047485888353548944,0.0,0.24048948287963867
259,guidance_0_capability_0_safety_0,1,0.005791014940768946,105,0.08375,0.0,0.0,0,143,0,0,-0.00010318060958525166,10.020121574401855,1.5576833486557007,0.00023137949756346643,0.0,0.24579095840454102
260,guidance_0_capability_0_safety_0,1,0.25535156289697625,105,0.46125,0.0,0.625,0,399,0,0,-0.00015201109636109322,6.686790466308594,1.5653619766235352,0.00015774136409163475,0.0,0.23900775611400604
261,guidance_0_capability_0_safety_0,1,0.06634765698254341,105,0.614375,0.0,0.75,0,655,0,0,-0.0012064732145518064,3.414655923843384,1.5720304250717163,0.000994889298453927,0.0,0.23681208491325378
262,guidance_0_capability_0_safety_0,1,-0.015869141032453626,105,0.654375,0.0,0.75,0,911,0,0,-0.0010313745588064194,0.437763512134552,1.5720219612121582,0.0002025871945079416,0.0,0.23968403041362762
263,guidance_0_capability_0_safety_0,1,0.21268554840207798,106,0.2725,0.0,0.5,0,167,0,0,4.1730083466973156e-05,10.63601303100586,1.550788402557373,-0.00048486687592230737,0.0,0.24510276317596436
264,guidance_0_capability_0_safety_0,1,0.06818359208409674,106,0.42875,0.0,0.625,0,423,0,0,-0.0003402605652809143,4.225694179534912,1.552337408065796,-9.442136797588319e-05,0.0,0.24554258584976196
265,guidance_0_capability_0_safety_0,1,0.04863281139842002,106,0.513125,0.0,1.0,0,679,0,0,-0.00032272160751745105,5.1193084716796875,1.5522270202636719,0.0003606812097132206,0.0,0.24651777744293213
266,guidance_0_capability_0_safety_0,1,-0.029628906730067683,106,0.526875,0.0,1.0,0,935,0,0,-0.0017069268506020308,0.4023491144180298,1.5558347702026367,-6.474492693087086e-05,0.0,0.24896636605262756
267,guidance_0_capability_0_safety_0,1,0.15497070262790658,107,0.26125,0.0,0.25,0,191,0,0,-0.001493974355980754,4.897906303405762,1.5454559326171875,0.00045795197365805507,0.0,0.25063228607177734
268,guidance_0_capability_0_safety_0,1,0.026054687245050445,107,0.366875,0.0,0.25,0,447,0,0,-0.0011678829323500395,2.165675640106201,1.5593366622924805,-0.0005510094342753291,0.0,0.2579291760921478
269,guidance_0_capability_0_safety_0,1,0.040849608631106094,107,0.496875,0.0,0.25,0,703,0,0,-0.00064815953373909,1.943766713142395,1.5577549934387207,0.00014196601114235818,0.0,0.2521095871925354
270,guidance_0_capability_0_safety_0,1,0.003515624863211997,107,0.568125,0.0,0.25,0,959,0,0,-0.0020367498509585857,1.3426753282546997,1.5636075735092163,0.001913843210786581,0.0,0.24020370841026306
271,guidance_0_capability_0_safety_0,1,0.06724609318189323,108,0.1125,0.0,0.0,0,215,0,0,-6.814177140768152e-06,4.154825687408447,1.5101583003997803,0.0010328603675588965,0.0,0.269193172454834
272,guidance_0_capability_0_safety_0,1,0.037548827604041435,108,0.235625,0.0,0.0,0,471,0,0,-0.0004472195578273386,2.001985549926758,1.5155214071273804,-0.001440074760466814,0.0,0.2714841365814209
273,guidance_0_capability_0_safety_0,1,0.047392576991114765,108,0.35625,0.0,0.125,0,727,0,0,-0.0004903757944703102,4.302750110626221,1.5274667739868164,-0.00019786972552537918,0.0,0.27628886699676514
274,guidance_0_capability_0_safety_0,1,0.16125976487091975,108,0.61875,0.0,0.5,0,983,0,0,-0.0004618348029907793,6.308619499206543,1.5289065837860107,-7.48134552850388e-05,0.0,0.26920846104621887
275,guidance_0_capability_0_safety_0,1,0.08555663971128524,109,0.175,0.0,0.125,0,239,0,0,-0.0011772861471399665,1.4543249607086182,1.517754316329956,0.0004703135637100786,0.0,0.26889684796333313
276,guidance_0_capability_0_safety_0,1,0.057382812399737304,109,0.301875,0.0,0.25,0,495,0,0,-0.0019231364130973816,1.9796404838562012,1.528927206993103,0.0008550615748390555,0.0,0.26761505007743835
277,guidance_0_capability_0_safety_0,1,0.14607421926848474,110,0.24875,0.0,0.375,0,164,0,0,-0.0004852594283875078,8.55819034576416,1.5416548252105713,0.0006360436673276126,0.0,0.2696395516395569
278,guidance_0_capability_0_safety_0,1,0.05250976572278887,110,0.374375,0.0,0.375,0,420,0,0,0.0002842933754436672,0.9884295463562012,1.5457442998886108,3.606795144150965e-05,0.0,0.25798431038856506
279,guidance_0_capability_0_safety_0,1,0.05340820294804871,110,0.505625,0.0,0.5,0,676,0,0,-0.0009438268607482314,4.411855220794678,1.554147481918335,0.0005530151538550854,0.0,0.2517871856689453
280,guidance_0_capability_0_safety_0,1,0.02821289092389634,110,0.59,0.0,0.625,0,932,0,0,-0.0024323982652276754,2.3800323009490967,1.567214012145996,0.0004967732238583267,0.0,0.24563997983932495
281,guidance_0_capability_0_safety_0,1,0.022607421546126716,111,0.094375,0.0,0.0,0,188,0,0,-0.0006453359383158386,2.6788487434387207,1.5466549396514893,-0.000759649439714849,0.0,0.2547070384025574
282,guidance_0_capability_0_safety_0,1,0.026171874756983016,111,0.15125,0.0,0.125,0,444,0,0,-0.000742712989449501,1.163996696472168,1.546700358390808,0.00015341024845838547,0.0,0.25509560108184814
283,guidance_0_capability_0_safety_0,1,0.0054492182898684405,111,0.186875,0.0,0.25,0,700,0,0,-0.0023871564771980047,2.12689208984375,1.5462263822555542,0.0011098950635641813,0.0,0.25532859563827515
284,guidance_0_capability_0_safety_0,1,0.05498046876527951,111,0.314375,0.0,0.375,0,956,0,0,-0.0032510203309357166,3.353912353515625,1.5650303363800049,-0.0018994922284036875,0.0,0.24857169389724731
285,guidance_0_capability_0_safety_0,1,0.08052734241209691,112,0.166875,0.0,0.125,0,212,0,0,-0.005209128838032484,1.9470150470733643,1.572923183441162,0.0016512877773493528,0.0,0.24281851947307587
286,guidance_0_capability_0_safety_0,1,0.0098046886123484,112,0.209375,0.0,0.375,0,468,0,0,0.0014271357795223594,1.9153534173965454,1.5971260070800781,0.004529997706413269,0.0,0.2393999546766281
287,guidance_0_capability_0_safety_0,1,0.06568359333323315,112,0.36125,0.0,0.5,0,724,0,0,-0.0014821682125329971,4.502682685852051,1.6213306188583374,0.00345810130238533,0.0,0.23354539275169373
288,guidance_0_capability_0_safety_0,1,-0.015019531943835318,112,0.403125,0.0,0.5,0,980,0,0,0.0007552200695499778,0.4275757968425751,1.622185468673706,0.0007015964947640896,0.0,0.22739633917808533
289,guidance_0_capability_0_safety_0,1,0.15712890692520887,113,0.27,0.0,0.375,0,236,0,0,-2.669620698725339e-05,8.758758544921875,1.6274187564849854,-0.0003442599845584482,0.0,0.22887305915355682
290,guidance_0_capability_0_safety_0,1,-0.02003906248137355,113,0.28625,0.0,0.5,0,492,0,0,-0.0004871136916335672,1.7844157218933105,1.6190619468688965,-1.9644232452264987e-05,0.0,0.2255134880542755
291,guidance_0_capability_0_safety_0,1,-0.036728516104631126,113,0.295,0.0,0.5,0,748,0,0,-0.001424649148248136,0.33649909496307373,1.617690086364746,0.0004916880279779434,0.0,0.22112420201301575
292,guidance_0_capability_0_safety_0,1,0.029492187110008672,114,0.009375,0.0,0.0,0,4,0,0,-0.0001489579153712839,6.566488742828369,1.6182955503463745,7.295096293091774e-05,0.0,0.22605404257774353
293,guidance_0_capability_0_safety_0,1,0.10411132669833023,114,0.225,0.0,0.125,0,260,0,0,-0.0013660357799381018,2.9011805057525635,1.6227071285247803,0.00041192909702658653,0.0,0.21845069527626038
294,guidance_0_capability_0_safety_0,1,0.01487304549664259,114,0.296875,0.0,0.25,0,516,0,0,-0.0003013191744685173,0.9423857927322388,1.6392654180526733,0.0003739604726433754,0.0,0.2176172435283661
295,guidance_0_capability_0_safety_0,1,0.017646483858698048,114,0.395,0.0,0.25,0,772,0,0,-0.001584754092618823,2.316844940185547,1.642582654953003,-0.00027643609791994095,0.0,0.2136986255645752
296,guidance_0_capability_0_safety_0,1,-0.02348632954090135,115,0.02875,0.0,0.125,0,28,0,0,-0.008290760219097137,0.9354040026664734,1.645547866821289,0.004022312816232443,0.0,0.22091786563396454
297,guidance_0_capability_0_safety_0,1,0.21771484269629582,115,0.35875,0.0,0.625,0,284,0,0,0.000799856788944453,11.046337127685547,1.6460371017456055,0.009935639798641205,0.0,0.2120150774717331
298,guidance_0_capability_0_safety_0,1,0.04901367105776444,115,0.505,0.0,0.625,0,540,0,0,-0.002408420667052269,1.6052110195159912,1.6258777379989624,-0.0013173844199627638,0.0,0.2341650128364563
299,guidance_0_capability_0_safety_0,1,-0.012910157602163963,115,0.5525,0.0,0.75,0,796,0,0,-0.003452963661402464,0.7293131351470947,1.6523617506027222,0.002460094401612878,0.0,0.21847009658813477
300,guidance_0_capability_0_safety_0,1,0.009980467802961357,116,0.08,0.0,0.125,0,52,0,0,0.0020800547208637,1.9670597314834595,1.6309692859649658,0.0003203667583875358,0.0,0.22539740800857544
301,guidance_0_capability_0_safety_0,1,0.15067382635606918,116,0.3425,0.0,0.5,0,308,0,0,-0.0002568289637565613,4.664679527282715,1.6397175788879395,0.0008568251505494118,0.0,0.22128435969352722
302,guidance_0_capability_0_safety_0,1,0.026748045529529918,117,0.12375,0.0,0.0,0,117,0,0,0.0001448315306333825,5.074782371520996,1.6361892223358154,-0.0007347151404246688,0.0,0.21970000863075256
303,guidance_0_capability_0_safety_0,1,0.08288085887033958,117,0.313125,0.0,0.125,0,373,0,0,-0.0003681403468362987,3.3359742164611816,1.6498708724975586,-3.946293145418167e-05,0.0,0.22187086939811707
304,guidance_0_capability_0_safety_0,1,-0.03439453181636054,117,0.329375,0.0,0.25,0,629,0,0,-0.00016498751938343048,1.3578901290893555,1.644178867340088,0.00024267425760626793,0.0,0.2166614532470703
305,guidance_0_capability_0_safety_0,1,0.10663085720443632,119,0.294375,0.0,0.25,0,202,0,0,-0.0011991714127361774,18.43920135498047,1.6403324604034424,6.740090611856431e-05,0.0,0.2271815538406372
306,guidance_0_capability_0_safety_0,1,0.0329785146532231,119,0.40125,0.0,0.375,0,458,0,0,-0.0022746797185391188,2.084585189819336,1.637733817100525,-0.0009328046580776572,0.0,0.23106716573238373
307,guidance_0_capability_0_safety_0,1,-0.033544921046996024,119,0.419375,0.0,0.375,0,714,0,0,-0.0018291132291778922,0.6858876943588257,1.6083883047103882,0.0003378503897693008,0.0,0.23284301161766052
308,guidance_0_capability_0_safety_0,1,-0.019804686326097,122,0.17875,0.0,0.0,0,197,0,0,-0.0017925075953826308,17.643802642822266,1.62211012840271,0.0006726194988004863,0.0,0.2285860776901245
309,guidance_0_capability_0_safety_0,1,0.05415038938735961,122,0.3025,0.0,0.125,0,453,0,0,-0.00018233931041322649,2.505986213684082,1.6220906972885132,0.0003159650950692594,0.0,0.23151159286499023
310,guidance_0_capability_0_safety_0,1,-0.001572265158756636,122,0.339375,0.0,0.25,0,709,0,0,-0.0017670735251158476,0.8390434980392456,1.6114916801452637,0.0001990097516681999,0.0,0.2341996282339096
311,guidance_0_capability_0_safety_0,1,-0.02523437481795554,122,0.358125,0.0,0.25,0,965,0,0,-0.0018134526908397675,0.3008296489715576,1.5969942808151245,0.002347758738324046,0.0,0.2501867413520813
312,guidance_0_capability_0_safety_0,1,0.12578124907668098,123,0.2225,0.0,0.125,0,221,0,0,-0.0023373521398752928,3.86761474609375,1.5770509243011475,-9.671769657870755e-05,0.0,0.2454066276550293
313,guidance_0_capability_0_safety_0,1,0.059091795919812284,123,0.35375,0.0,0.25,0,477,0,0,0.00012005183089058846,2.6373608112335205,1.5686073303222656,-0.0009831171482801437,0.0,0.24733933806419373
314,guidance_0_capability_0_safety_0,1,0.025537109046126716,123,0.454375,0.0,0.25,0,733,0,0,-0.0006925470079295337,1.2330632209777832,1.5783542394638062,-0.00045289084664545953,0.0,0.24407628178596497
315,guidance_0_capability_0_safety_0,1,0.015517577896389412,123,0.51875,0.0,0.375,0,989,0,0,-0.0002530139754526317,1.1892445087432861,1.5735700130462646,0.00041990666068159044,0.0,0.24658998847007751
316,guidance_0_capability_0_safety_0,1,0.2066992166255659,124,0.36375,0.0,0.25,0,245,0,0,0.0003911021049134433,5.979106903076172,1.5600025653839111,-0.0003302955883555114,0.0,0.2531745433807373
317,guidance_0_capability_0_safety_0,1,0.10077148411073722,124,0.580625,0.0,0.375,0,501,0,0,-0.0006301018293015659,1.709606409072876,1.5336699485778809,9.989047975977883e-05,0.0,0.26039600372314453
318,guidance_0_capability_0_safety_0,1,0.08156250002866727,124,0.766875,0.0,0.375,0,757,0,0,-0.0007139247609302402,1.8046214580535889,1.5156368017196655,0.000144385892781429,0.0,0.2709512412548065
319,guidance_0_capability_0_safety_0,1,-0.011230468877329258,125,0.028125,0.0,0.0,0,13,0,0,-0.00040010488010011613,1.2106863260269165,1.5088202953338623,-0.0004549497680272907,0.0,0.2859882414340973
320,guidance_0_capability_0_safety_0,1,0.13671874964711606,129,0.33,0.0,0.375,0,166,0,0,-0.0009777236264199018,36.2610969543457,1.4918630123138428,0.00010798576840898022,0.0,0.27683207392692566
321,guidance_0_capability_0_safety_0,1,0.07969726412557065,129,0.5075,0.0,0.5,0,422,0,0,-0.0007536175544373691,2.2664973735809326,1.490209937095642,0.0008091062190942466,0.0,0.27960819005966187
322,guidance_0_capability_0_safety_0,1,0.05543945243698545,129,0.63375,0.0,0.625,0,678,0,0,-0.0022949788253754377,1.3873580694198608,1.5006616115570068,-0.0004408594686537981,0.0,0.2797999680042267
323,guidance_0_capability_0_safety_0,1,0.005205077861319296,129,0.698125,0.0,0.625,0,934,0,0,-0.0025691967457532883,1.0127606391906738,1.5000858306884766,0.0006953375414013863,0.0,0.27933430671691895
324,guidance_0_capability_0_safety_0,1,0.12918945247656666,130,0.2625,0.0,0.375,0,190,0,0,0.001444859430193901,5.617579460144043,1.501727819442749,0.0005093090003356338,0.0,0.2836098074913025
325,guidance_0_capability_0_safety_0,1,0.05959961030748673,130,0.408125,0.0,0.5,0,446,0,0,-0.0006237681955099106,3.187467575073242,1.5008639097213745,0.0001550484448671341,0.0,0.2901344299316406
326,guidance_0_capability_0_safety_0,1,-0.031875000306172296,130,0.42625,0.0,0.5,0,702,0,0,-0.0004310905933380127,1.3673889636993408,1.5025207996368408,0.0009518465958535671,0.0,0.29384854435920715
327,guidance_0_capability_0_safety_0,1,-0.044296875785221346,130,0.4525,0.0,0.5,0,958,0,0,-0.0004291906952857971,0.6975799202919006,1.5052926540374756,0.0007092754822224379,0.0,0.28425732254981995
328,guidance_0_capability_0_safety_0,1,0.2389257813556469,132,0.31375,0.0,0.25,0,178,0,0,-1.3851871699444018e-05,15.426345825195312,1.4981775283813477,0.0004073406453244388,0.0,0.28723716735839844
329,guidance_0_capability_0_safety_0,1,0.0383300780558784,132,0.429375,0.0,0.25,0,434,0,0,-0.000585281930398196,1.5420680046081543,1.4877891540527344,1.8248179912916385e-05,0.0,0.2879045307636261
330,guidance_0_capability_0_safety_0,1,0.0652734374962165,132,0.57875,0.0,0.375,0,690,0,0,-0.0012867141049355268,3.970432996749878,1.5050944089889526,0.00010254047811031342,0.0,0.28802818059921265
331,guidance_0_capability_0_safety_0,1,0.05154296732871444,132,0.724375,0.0,0.625,0,946,0,0,0.00021093634131830186,3.8403968811035156,1.5092084407806396,0.00010693337389966473,0.0,0.2829939126968384
332,guidance_0_capability_0_safety_0,1,0.11281249962121365,133,0.169375,0.0,0.25,0,202,0,0,-0.0008313417201861739,3.5994138717651367,1.523088812828064,0.0003708247095346451,0.0,0.2719491720199585
333,guidance_0_capability_0_safety_0,1,0.22937499727777322,133,0.5475,0.0,0.75,0,458,0,0,-0.00023155722010415047,6.223930358886719,1.524959921836853,-0.0008341227658092976,0.0,0.2668325901031494
334,guidance_0_capability_0_safety_0,1,0.051083983282296686,133,0.675625,0.0,0.875,0,714,0,0,-0.002207317156717181,2.1287262439727783,1.529717206954956,0.0016503909137099981,0.0,0.2779782712459564
335,guidance_0_capability_0_safety_0,1,-0.0021484379067260306,133,0.7375,0.0,0.875,0,970,0,0,-0.006136411800980568,0.43783754110336304,1.5504878759384155,0.0021070539951324463,0.0,0.26086291670799255
336,guidance_0_capability_0_safety_0,1,0.13890625107160304,135,0.3325,0.0,0.25,0,190,0,0,-0.0012543335324153304,19.52520179748535,1.573782205581665,0.005683444440364838,0.0,0.24848291277885437
337,guidance_0_capability_0_safety_0,1,0.12456054439826403,135,0.5625,0.0,0.5,0,446,0,0,0.0007213695789687335,3.8555045127868652,1.6047248840332031,3.653392195701599e-05,0.0,0.22811928391456604
338,guidance_0_capability_0_safety_0,1,-0.021660156693542376,135,0.594375,0.0,0.5,0,702,0,0,0.0015692960005253553,1.879655122756958,1.6035947799682617,-0.0015460560098290443,0.0,0.23040978610515594
339,guidance_0_capability_0_safety_0,1,-0.026054688001750037,135,0.619375,0.0,0.5,0,958,0,0,-0.0019879199098795652,0.5946747064590454,1.6002568006515503,0.0014404731336981058,0.0,0.2370884120464325
340,guidance_0_capability_0_safety_0,1,0.1542871094934526,136,0.27875,0.0,0.25,0,214,0,0,-0.0007149322773329914,3.5183773040771484,1.6152169704437256,0.0010453213471919298,0.0,0.22531889379024506
341,guidance_0_capability_0_safety_0,1,0.05105468638066668,136,0.408125,0.0,0.375,0,470,0,0,-0.0013938475167378783,2.7154693603515625,1.6196751594543457,-6.955427807042724e-07,0.0,0.22521096467971802
342,guidance_0_capability_0_safety_0,1,-0.017890625444124453,136,0.445625,0.0,0.375,0,726,0,0,-0.00032209669006988406,0.7922146320343018,1.606355905532837,0.000213990148040466,0.0,0.22943928837776184
343,guidance_0_capability_0_safety_0,1,-0.040527344128349796,136,0.4475,0.0,0.375,0,982,0,0,-0.0005873985355719924,0.07420019805431366,1.5992827415466309,-0.00012181529018562287,0.0,0.23683708906173706
344,guidance_0_capability_0_safety_0,1,0.1452148431490059,138,0.33125,0.0,0.25,0,229,0,0,0.00040215690387412906,11.590242385864258,1.5990012884140015,0.0008476496441289783,0.0,0.22654955089092255
345,guidance_0_capability_0_safety_0,1,0.00807617099781055,138,0.410625,0.0,0.25,0,485,0,0,-0.0002482185955159366,0.8219267725944519,1.6007459163665771,0.0005003594560548663,0.0,0.2333616465330124
346,guidance_0_capability_0_safety_0,1,0.08394531090016244,138,0.550625,0.0,0.625,0,741,0,0,-0.00039973389357328415,8.223857879638672,1.59220290184021,0.00017040844250004739,0.0,0.23060032725334167
347,guidance_0_capability_0_safety_0,1,0.042031249631691026,138,0.67625,0.0,0.625,0,997,0,0,-0.0005923615535721183,1.5796699523925781,1.589539885520935,0.00016470285481773317,0.0,0.2392205446958542
348,guidance_0_capability_0_safety_0,1,0.19898437319352524,140,0.36875,0.0,0.5,0,248,0,0,-0.0005803617532365024,12.383636474609375,1.6030163764953613,-0.00021147154620848596,0.0,0.23023287951946259
349,guidance_0_capability_0_safety_0,1,0.045058592717396095,140,0.48875,0.0,0.625,0,504,0,0,-0.0028200026135891676,1.642931342124939,1.614691138267517,0.0009025074541568756,0.0,0.2328583002090454
350,guidance_0_capability_0_safety_0,1,0.15583007609529886,140,0.746875,0.0,1.0,0,760,0,0,0.0005431866156868637,8.847770690917969,1.6087312698364258,-0.0016299429116770625,0.0,0.22215500473976135
351,guidance_0_capability_0_safety_0,1,0.01664062394775101,141,0.02875,0.0,0.0,0,16,0,0,-0.0004457154718693346,1.4889931678771973,1.6097989082336426,5.293094363878481e-05,0.0,0.2227938175201416
352,guidance_0_capability_0_safety_0,1,0.16291015574824996,141,0.29875,0.0,0.375,0,272,0,0,0.00017542764544487,4.147886753082275,1.6149967908859253,0.00021021782595198601,0.0,0.22555649280548096
353,guidance_0_capability_0_safety_0,1,0.19317382747976808,141,0.615625,0.0,0.75,0,528,0,0,-0.00024008750915527344,3.064814805984497,1.6151412725448608,0.00018085711053572595,0.0,0.2212364673614502
354,guidance_0_capability_0_safety_0,1,0.02456054695721832,141,0.691875,0.0,0.875,0,784,0,0,-0.0007570788147859275,2.548671245574951,1.6064651012420654,0.00022147176787257195,0.0,0.23331496119499207
355,guidance_0_capability_0_safety_0,1,0.033076170773711056,142,0.09125,0.0,0.0,0,40,0,0,-0.0006390220369212329,1.311553716659546,1.6042312383651733,3.8422491343226284e-05,0.0,0.2274526208639145
356,guidance_0_capability_0_safety_0,1,0.2120507789804833,142,0.421875,0.0,0.5,0,296,0,0,-0.0005339899798855186,3.4108099937438965,1.623340129852295,0.0006441604346036911,0.0,0.2233990877866745
357,guidance_0_capability_0_safety_0,1,0.044824217900895746,142,0.53875,0.0,0.625,0,552,0,0,-0.0003048091602977365,2.3474485874176025,1.6257847547531128,0.0007523157401010394,0.0,0.22544899582862854
358,guidance_0_capability_0_safety_0,1,0.03708984226977918,142,0.633125,0.0,0.75,0,808,0,0,-0.001734994351863861,0.9388223886489868,1.6109492778778076,0.000718401453923434,0.0,0.22897982597351074
359,guidance_0_capability_0_safety_0,1,0.05962890556838829,143,0.1125,0.0,0.25,0,64,0,0,-0.0002863106201402843,4.2340922355651855,1.6053684949874878,0.0005003616097383201,0.0,0.22588181495666504
360,guidance_0_capability_0_safety_0,1,0.0707128904905403,143,0.29125,0.0,0.25,0,320,0,0,0.0003666384145617485,1.7874993085861206,1.6151546239852905,-0.0004095500335097313,0.0,0.2265193909406662
361,guidance_0_capability_0_safety_0,1,0.11485351518786047,143,0.50375,0.0,0.5,0,576,0,0,-0.00012198308104416355,5.23164176940918,1.6176316738128662,-5.1242299377918243e-05,0.0,0.2285003513097763
362,guidance_0_capability_0_safety_0,1,0.06630859360666364,143,0.654375,0.0,0.5,0,832,0,0,-0.0009489615331403911,1.365393042564392,1.5959528684616089,0.0008920640684664249,0.0,0.2328486293554306
363,guidance_0_capability_0_safety_0,1,0.14684570224926574,144,0.170625,0.0,0.75,0,88,0,0,0.000568156479857862,9.342394828796387,1.6080230474472046,0.000439789320807904,0.0,0.23033079504966736
364,guidance_0_capability_0_safety_0,1,0.14578124853142072,144,0.483125,0.0,0.75,0,344,0,0,-0.00022353263921104372,2.2648746967315674,1.6101268529891968,-0.0005992042715661228,0.0,0.22479566931724548
365,guidance_0_capability_0_safety_0,1,0.10193359135882929,144,0.694375,0.0,0.875,0,600,0,0,-0.0015427119797095656,1.997851848602295,1.620262622833252,-0.000373701099306345,0.0,0.22398583590984344
366,guidance_0_capability_0_safety_0,1,0.021611327723803697,144,0.793125,0.0,0.875,0,856,0,0,-9.6932053565979e-06,1.6284480094909668,1.6317628622055054,0.0009074806002900004,0.0,0.22430360317230225
367,guidance_0_capability_0_safety_0,1,0.19976562332885806,145,0.218125,0.0,0.375,0,112,0,0,0.00014878902584314346,8.199737548828125,1.63002347946167,0.0003464545006863773,0.0,0.22293321788311005
368,guidance_0_capability_0_safety_0,1,0.116386719600996,145,0.476875,0.0,0.625,0,368,0,0,-0.0037937816232442856,2.1883838176727295,1.650539755821228,0.0004192848573438823,0.0,0.21689943969249725
369,guidance_0_capability_0_safety_0,1,-0.015136719739530236,145,0.5325,0.0,0.625,0,624,0,0,-0.0017930108588188887,2.7807674407958984,1.6442534923553467,0.002142704790458083,0.0,0.21359333395957947
370,guidance_0_capability_0_safety_0,1,0.05010742189188022,145,0.6725,0.0,0.625,0,880,0,0,-0.0021938139107078314,1.576432704925537,1.623025894165039,-0.0005623479373753071,0.0,0.2188299000263214
371,guidance_0_capability_0_safety_0,1,0.041650389295682544,147,0.109375,0.0,0.125,0,123,0,0,-0.0006696581840515137,9.398942947387695,1.599895715713501,-0.0013707255711778998,0.0,0.2314649075269699
372,guidance_0_capability_0_safety_0,1,0.1620605452117161,147,0.414375,0.0,0.25,0,379,0,0,-0.0009254111791960895,2.55717134475708,1.6169631481170654,-0.0006732748588547111,0.0,0.22499895095825195
373,guidance_0_capability_0_safety_0,1,0.04106445262004854,147,0.493125,0.0,0.5,0,635,0,0,0.00039701786590740085,2.54551362991333,1.5961036682128906,1.558723624839331e-06,0.0,0.22988352179527283
374,guidance_0_capability_0_safety_0,1,0.004677733599237399,147,0.540625,0.0,0.625,0,891,0,0,-0.0003333998320158571,1.2161509990692139,1.5962772369384766,-0.000154140405356884,0.0,0.2298048436641693
375,guidance_0_capability_0_safety_0,1,0.14086913880964858,148,0.254375,0.0,0.375,0,147,0,0,-5.991322541376576e-05,5.992551326751709,1.5877692699432373,-0.0007980611990205944,0.0,0.23625466227531433
376,guidance_0_capability_0_safety_0,1,0.11829101535840891,148,0.483125,0.0,0.5,0,403,0,0,-0.00509053748100996,2.42402720451355,1.573757529258728,-0.0013428297825157642,0.0,0.2396516054868698
377,guidance_0_capability_0_safety_0,1,0.07932617179176304,148,0.64125,0.0,0.75,0,659,0,0,0.00041370809776708484,3.305177688598633,1.5431231260299683,0.002018887549638748,0.0,0.2505890727043152
378,guidance_0_capability_0_safety_0,1,0.0018261713994434103,148,0.698125,0.0,0.75,0,915,0,0,-0.0009442984010092914,0.5550094842910767,1.5226620435714722,-0.0013595933560281992,0.0,0.26245468854904175
379,guidance_0_capability_0_safety_0,1,0.09035156171012204,149,0.168125,0.0,0.25,0,171,0,0,-0.00045191094977781177,4.389793395996094,1.5017061233520508,-0.0008365007815882564,0.0,0.26861831545829773
380,guidance_0_capability_0_safety_0,1,0.05948242159138317,149,0.3075,0.0,0.25,0,427,0,0,0.00034958202741108835,3.740471839904785,1.494950294494629,-6.667788693448529e-05,0.0,0.26376527547836304
381,guidance_0_capability_0_safety_0,1,0.028662107619311428,149,0.383125,0.0,0.375,0,683,0,0,-0.0001684169692452997,2.1650187969207764,1.496138572692871,0.0005804887041449547,0.0,0.2761180102825165
382,guidance_0_capability_0_safety_0,1,-0.009941407235601218,149,0.40625,0.0,0.5,0,939,0,0,-0.0004188126767985523,0.6105058193206787,1.4890689849853516,7.989172445377335e-05,0.0,0.26979172229766846
383,guidance_0_capability_0_safety_0,1,0.12503906566780643,151,0.240625,0.0,0.5,0,174,0,0,-0.001080789021216333,19.241466522216797,1.4927072525024414,0.0002428156731184572,0.0,0.2709343433380127
384,guidance_0_capability_0_safety_0,1,0.06128906171215931,151,0.399375,0.0,0.5,0,430,0,0,-0.0012975519057363272,2.7829689979553223,1.5118176937103271,-0.001143643748946488,0.0,0.26100218296051025
385,guidance_0_capability_0_safety_0,1,0.00879882672597887,151,0.490625,0.0,0.5,0,686,0,0,-0.0016176471253857017,1.8039599657058716,1.508506178855896,0.0007687752950005233,0.0,0.2651706337928772
386,guidance_0_capability_0_safety_0,1,0.006582030382560333,151,0.54,0.0,0.625,0,942,0,0,-0.004590108525007963,0.6314942240715027,1.4969171285629272,8.080496627371758e-05,0.0,0.2623213529586792
387,guidance_0_capability_0_safety_0,1,0.147246092405112,152,0.255625,0.0,0.25,0,198,0,0,0.0007167955627664924,4.331057548522949,1.4937918186187744,0.0033503444865345955,0.0,0.2620287835597992
388,guidance_0_capability_0_safety_0,1,0.06477539125626208,152,0.3875,0.0,0.375,0,454,0,0,2.8867274522781372e-05,3.35007643699646,1.4767122268676758,0.0030548505019396544,0.0,0.26871970295906067
389,guidance_0_capability_0_safety_0,1,0.13081054676513304,152,0.599375,0.0,0.75,0,710,0,0,-0.0014506429433822632,6.682019233703613,1.4808712005615234,0.000364821869879961,0.0,0.26716887950897217
390,guidance_0_capability_0_safety_0,1,-0.028085937858122634,152,0.603125,0.0,0.75,0,966,0,0,-0.0014721447369083762,0.3000088930130005,1.4682443141937256,0.00010089576244354248,0.0,0.28288352489471436
391,guidance_0_capability_0_safety_0,1,0.20195312527721399,153,0.3625,0.0,0.25,0,222,0,0,-0.0006791182677261531,5.36623477935791,1.4658946990966797,0.000359200406819582,0.0,0.2812880277633667
392,guidance_0_capability_0_safety_0,1,0.05143554602909717,153,0.501875,0.0,0.25,0,478,0,0,-0.0003857227857224643,1.124281883239746,1.4559650421142578,0.00038692698581144214,0.0,0.28506287932395935
393,guidance_0_capability_0_safety_0,1,-0.004775390643771971,153,0.54875,0.0,0.25,0,734,0,0,-0.00102927815169096,0.6826733350753784,1.449623942375183,-0.00023629594943486154,0.0,0.2913587987422943
394,guidance_0_capability_0_safety_0,1,0.0431445328395057,153,0.619375,0.0,0.625,0,990,0,0,-0.0004512698797043413,2.442666530609131,1.438110113143921,-0.00041548520675860345,0.0,0.29887059330940247
395,guidance_0_capability_0_safety_0,1,0.09838867051075795,154,0.211875,0.0,0.125,0,246,0,0,-0.004772359039634466,2.5171351432800293,1.4473193883895874,-0.0001396451552864164,0.0,0.2955401539802551
396,guidance_0_capability_0_safety_0,1,0.02817382806824753,154,0.298125,0.0,0.125,0,502,0,0,-0.003999069333076477,1.1784343719482422,1.4749391078948975,0.0040244292467832565,0.0,0.29331105947494507
397,guidance_0_capability_0_safety_0,1,0.01872070257741143,154,0.376875,0.0,0.125,0,758,0,0,-0.00045930594205856323,1.2356146574020386,1.493791937828064,0.0004569985903799534,0.0,0.27408742904663086
398,guidance_0_capability_0_safety_0,1,0.04979492180063971,155,0.024375,0.0,0.0,0,14,0,0,-0.001685963710770011,4.339503765106201,1.5034511089324951,0.00029065017588436604,0.0,0.2675049304962158
399,guidance_0_capability_0_safety_0,1,0.19858398284122813,155,0.380625,0.0,0.375,0,270,0,0,-0.0018377549713477492,7.394320964813232,1.5214862823486328,0.000884241599123925,0.0,0.2725684642791748
400,guidance_0_capability_0_safety_0,1,0.08459960771142505,155,0.54375,0.0,0.625,0,526,0,0,-0.0004886504029855132,1.5446721315383911,1.5422027111053467,-0.00126449519302696,0.0,0.2504677176475525
401,guidance_0_capability_0_safety_0,1,-0.00647461021435447,155,0.58,0.0,0.75,0,782,0,0,-0.0008723083883523941,0.6867696642875671,1.5297712087631226,-6.647035479545593e-05,0.0,0.2631688416004181
402,guidance_0_capability_0_safety_0,1,0.016259765303402673,156,0.069375,0.0,0.125,0,38,0,0,-0.003156033344566822,1.360675573348999,1.527674674987793,-0.0016272708307951689,0.0,0.2579442858695984
403,guidance_0_capability_0_safety_0,1,0.1429003896919312,156,0.325,0.0,0.375,0,294,0,0,-0.002587446477264166,4.306434631347656,1.5661853551864624,0.0008958629332482815,0.0,0.24189738929271698
404,guidance_0_capability_0_safety_0,1,0.024082029514829628,156,0.41125,0.0,0.5,0,550,0,0,-0.001172055839560926,1.5576298236846924,1.5560377836227417,-0.0002969385532196611,0.0,0.2526174485683441
405,guidance_0_capability_0_safety_0,1,0.07577148386917543,156,0.598125,0.0,0.5,0,806,0,0,-0.0007783708861097693,3.0385804176330566,1.583033800125122,-0.0002926398883573711,0.0,0.23320364952087402
406,guidance_0_capability_0_safety_0,1,0.013720702401769813,157,0.07625,0.0,0.0,0,62,0,0,-0.0061489976942539215,0.6237449645996094,1.5910158157348633,0.003275020979344845,0.0,0.23872296512126923
407,guidance_0_capability_0_safety_0,1,0.10141601412033197,157,0.2875,0.0,0.125,0,318,0,0,0.0027634722646325827,2.8241734504699707,1.5486606359481812,0.0009349592728540301,0.0,0.24946150183677673
408,guidance_0_capability_0_safety_0,1,0.05579101531475317,157,0.425625,0.0,0.25,0,574,0,0,-0.0011562209110707045,2.8349099159240723,1.5620759725570679,0.0013093850575387478,0.0,0.25410568714141846
409,guidance_0_capability_0_safety_0,1,-0.04078125031082891,157,0.428125,0.0,0.25,0,830,0,0,0.0007581481477245688,0.2623388171195984,1.579620122909546,0.00026054069167003036,0.0,0.2421942949295044
410,guidance_0_capability_0_safety_0,1,0.05556640466238605,158,0.13875,0.0,0.25,0,104,0,0,-0.003194282529875636,2.0456326007843018,1.5860556364059448,0.0011652776738628745,0.0,0.25201085209846497
411,guidance_0_capability_0_safety_0,1,0.15458984198630787,158,0.45375,0.0,0.375,0,360,0,0,-0.0007494812598451972,2.632575511932373,1.630897879600525,0.0001769185473676771,0.0,0.2208854854106903
412,guidance_0_capability_0_safety_0,1,0.06300781227764674,158,0.600625,0.0,0.625,0,616,0,0,-0.003239318495616317,1.4595226049423218,1.6194334030151367,0.0023943285923451185,0.0,0.23535579442977905
413,guidance_0_capability_0_safety_0,1,-0.0382812504976755,158,0.619375,0.0,0.625,0,872,0,0,-0.004133295267820358,0.19869926571846008,1.6354596614837646,-0.002220752416178584,0.00911458395421505,0.216633141040802
414,guidance_0_capability_0_safety_0,1,0.12394531202153303,159,0.1775,0.0,0.125,0,128,0,0,-0.0007921218639239669,4.229799747467041,1.6545461416244507,-0.0007643271237611771,0.0,0.20958635210990906
415,guidance_0_capability_0_safety_0,1,0.2076757794857258,159,0.52375,0.0,0.5,0,384,0,0,-0.0010442817583680153,3.557455539703369,1.6585601568222046,1.0846028089872561e-05,0.0,0.20957955718040466
416,guidance_0_capability_0_safety_0,1,0.08849609432945726,159,0.66875,0.0,0.875,0,640,0,0,-0.0008483349229209125,3.2418415546417236,1.658268928527832,-0.0007081999210640788,0.0,0.21460995078086853
417,guidance_0_capability_0_safety_0,1,0.017832030716817826,159,0.78625,0.0,0.875,0,896,0,0,-0.0015782326227054,0.7650775909423828,1.658677339553833,0.0008375929901376367,0.0,0.20842069387435913
418,guidance_0_capability_0_safety_0,1,0.16152343542853487,161,0.074375,0.0,0.0,0,53,0,0,-0.0030027616303414106,18.114469528198242,1.6395926475524902,-0.00042166205821558833,0.0,0.22023126482963562
419,guidance_0_capability_0_safety_0,1,0.23732421717431862,161,0.424375,0.0,0.625,0,309,0,0,-0.0020160467829555273,6.468452453613281,1.628414511680603,-0.0011035678908228874,0.0,0.22109267115592957
420,guidance_0_capability_0_safety_0,1,0.05280273470998509,161,0.549375,0.0,0.75,0,565,0,0,0.000829495198559016,2.8751070499420166,1.6276509761810303,8.757335308473557e-05,0.0,0.21942006051540375
421,guidance_0_capability_0_safety_0,1,0.03871093712950824,161,0.6725,0.0,0.75,0,821,0,0,-0.0009732935577630997,1.228482961654663,1.6249836683273315,-2.1626552552334033e-05,0.0,0.2272520661354065
422,guidance_0_capability_0_safety_0,1,0.09181640659880941,163,0.098125,0.0,0.125,0,67,0,0,-0.0004826001822948456,14.005345344543457,1.6269922256469727,0.0012698203790932894,0.0,0.22588710486888885
423,guidance_0_capability_0_safety_0,1,0.20601562274168828,163,0.43125,0.0,0.5,0,323,0,0,-0.0001518353819847107,4.11735725402832,1.6335699558258057,0.0005694101564586163,0.0,0.21980124711990356
424,guidance_0_capability_0_safety_0,1,0.06257812544936314,163,0.60375,0.0,0.5,0,579,0,0,-0.0001355418935418129,3.381730556488037,1.6282376050949097,0.0003486429341137409,0.0,0.22276023030281067
425,guidance_0_capability_0_safety_0,1,0.0658984360343311,163,0.726875,0.0,0.875,0,835,0,0,-0.0019401200115680695,2.7539985179901123,1.640698790550232,-0.00019666335720103234,0.0,0.2183459848165512
426,guidance_0_capability_0_safety_0,1,0.10027343751426088,164,0.140625,0.0,0.25,0,91,0,0,-0.001095890998840332,3.7700181007385254,1.6349091529846191,-0.0001342720352113247,0.0,0.2220192402601242
427,guidance_0_capability_0_safety_0,1,0.17604492120881332,164,0.426875,0.0,0.625,0,347,0,0,-2.227257937192917e-05,4.318047523498535,1.6277612447738647,0.0003757830709218979,0.0,0.21764516830444336
428,guidance_0_capability_0_safety_0,1,0.08778320312922006,164,0.636875,0.0,0.625,0,603,0,0,-0.0008785979589447379,2.3141934871673584,1.6528794765472412,0.001021164353005588,0.0,0.20819315314292908
429,guidance_0_capability_0_safety_0,1,0.012011718070425559,164,0.724375,0.0,0.625,0,859,0,0,0.00045428425073623657,1.4496628046035767,1.6485917568206787,0.00020843806851189584,0.0,0.21125993132591248
430,guidance_0_capability_0_safety_0,1,0.014853514669084689,167,0.196875,0.0,0.0,0,95,0,0,-0.0008352206787094474,26.387527465820312,1.6190675497055054,4.3122410716023296e-05,0.0,0.2235063761472702
431,guidance_0_capability_0_safety_0,1,0.015195312211290002,167,0.28875,0.0,0.0,0,351,0,0,-0.00013912531721871346,4.373653411865234,1.606771469116211,-0.00017899290833156556,0.0,0.23239728808403015
432,guidance_0_capability_0_safety_0,1,0.11307617044076324,167,0.5175,0.0,0.125,0,607,0,0,-0.0025347056798636913,3.0545623302459717,1.6208995580673218,0.0010665387380868196,0.0,0.2273266613483429
433,guidance_0_capability_0_safety_0,1,-0.011953125736908987,167,0.544375,0.0,0.25,0,863,0,0,-0.00035674250102601945,1.5139646530151367,1.6575398445129395,0.0019593017641454935,0.0,0.218164324760437
434,guidance_0_capability_0_safety_0,1,0.15698242262442363,168,0.088125,0.0,0.25,0,119,0,0,-0.0006745140999555588,7.254690170288086,1.6605968475341797,0.0013010547263547778,0.0,0.2120814323425293
435,guidance_0_capability_0_safety_0,1,0.19436523262993433,168,0.410625,0.0,0.625,0,375,0,0,-0.0015190511476248503,4.799110412597656,1.664618968963623,8.239131420850754e-05,0.0,0.21468345820903778
436,guidance_0_capability_0_safety_0,1,0.16779296795357368,168,0.68375,0.0,1.0,0,631,0,0,-0.00044531095772981644,3.961256265640259,1.668574333190918,-0.0010171898175030947,0.0,0.20573946833610535
437,guidance_0_capability_0_safety_0,1,0.023837890217691893,168,0.78,0.0,1.0,0,887,0,0,-0.001454315846785903,1.1910678148269653,1.665503978729248,6.464030593633652e-05,0.0,0.2079400271177292
438,guidance_0_capability_0_safety_0,1,0.06837890452152351,169,0.14625,0.0,0.125,0,151,0,0,-0.0057899681851267815,1.9138033390045166,1.6841400861740112,0.0007655797526240349,0.0,0.19918552041053772
439,guidance_0_capability_0_safety_0,1,0.06119140649752808,169,0.254375,0.0,0.375,0,407,0,0,0.0008618530700914562,5.999963760375977,1.6788944005966187,0.0015445747412741184,0.0,0.203464537858963
440,guidance_0_capability_0_safety_0,1,0.03806640483890078,169,0.35875,0.0,0.5,0,663,0,0,-0.0004649038310162723,0.7743606567382812,1.687187910079956,-0.0014238243456929922,0.0,0.20287536084651947
441,guidance_0_capability_0_safety_0,1,0.05920898403564934,169,0.501875,0.0,0.625,0,919,0,0,-0.002039305865764618,3.538147211074829,1.6852073669433594,0.0003715457278303802,0.0,0.19876933097839355
442,guidance_0_capability_0_safety_0,1,0.12017578137601959,170,0.249375,0.0,0.125,0,175,0,0,-0.0011854541953653097,1.7844085693359375,1.6813619136810303,-6.26775436103344e-05,0.0,0.19846248626708984
443,guidance_0_capability_0_safety_0,1,0.10791992168742581,170,0.4625,0.0,0.25,0,431,0,0,-0.00044397078454494476,2.3255460262298584,1.6883271932601929,0.00043249473674222827,0.0,0.20174464583396912
444,guidance_0_capability_0_safety_0,1,0.03310546843204065,170,0.580625,0.0,0.25,0,687,0,0,-0.0002683959901332855,1.6300513744354248,1.6940793991088867,-5.7019758969545364e-05,0.0,0.19868001341819763
445,guidance_0_capability_0_safety_0,1,-0.0040332032076548785,170,0.59875,0.0,0.375,0,943,0,0,-0.0016921175410971045,0.22921304404735565,1.6838935613632202,0.0010729492641985416,0.0,0.19899553060531616
446,guidance_0_capability_0_safety_0,1,0.17639648440672318,171,0.27125,0.0,0.125,0,199,0,0,0.0014862306416034698,4.0328168869018555,1.6962382793426514,-0.0004420455952640623,0.0,0.19314365088939667
447,guidance_0_capability_0_safety_0,1,0.0012500001539592631,171,0.3675,0.0,0.125,0,455,0,0,0.00011185060429852456,3.270526170730591,1.7034553289413452,-0.0009296630742028356,0.0,0.19081950187683105
448,guidance_0_capability_0_safety_0,1,-0.025869140539725777,171,0.39,0.0,0.125,0,711,0,0,0.00044614262878894806,1.143937587738037,1.7066377401351929,-0.0007722923764958978,0.0,0.19202177226543427
449,guidance_0_capability_0_safety_0,1,0.11320312579482561,172,0.24125,0.0,0.25,0,126,0,0,-0.00022922146308701485,4.520514011383057,1.6960614919662476,-0.0004245760792400688,0.0,0.20089077949523926
450,guidance_0_capability_0_safety_0,1,0.11378906307800207,174,0.128125,0.0,0.0,0,57,0,0,-9.971950203180313e-05,21.554889678955078,1.7039051055908203,0.00011056545190513134,0.0,0.1892673224210739
451,guidance_0_capability_0_safety_0,1,0.13807617004931672,174,0.334375,0.0,0.5,0,313,0,0,-0.002695441944524646,1.979224681854248,1.694851279258728,-0.0007123594987206161,0.0,0.19915054738521576
452,guidance_0_capability_0_safety_0,1,0.09917968559238943,175,0.12,0.0,0.375,0,62,0,0,-0.0014322884380817413,6.235111236572266,1.6878083944320679,3.0517578125e-05,0.0,0.19739627838134766
453,guidance_0_capability_0_safety_0,1,0.061845702010032255,175,0.298125,0.0,0.375,0,318,0,0,-0.0018946597119793296,1.565706491470337,1.6877686977386475,0.0018199564656242728,0.0,0.1984906643629074
454,guidance_0_capability_0_safety_0,1,0.08255859296696144,176,0.170625,0.0,0.125,0,98,0,0,-0.0024705114774405956,4.350832939147949,1.6875722408294678,6.862062582513317e-05,0.0,0.19962863624095917
455,guidance_0_capability_0_safety_0,1,0.09329101406910922,176,0.39125,0.0,0.25,0,354,0,0,-0.0010114092146977782,3.038731813430786,1.6790307760238647,0.0005916011286899447,0.0,0.19802352786064148
456,guidance_0_capability_0_safety_0,1,0.014013671476277523,176,0.48125,0.0,0.25,0,610,0,0,-0.002197782974690199,0.4643300175666809,1.668224811553955,-0.0013772001257166266,0.0,0.20722733438014984
457,guidance_0_capability_0_safety_0,1,0.10180663982464466,176,0.680625,0.0,0.375,0,866,0,0,-0.002672492992132902,6.914470672607422,1.661996841430664,0.0002878964878618717,0.0,0.20751941204071045
458,guidance_0_capability_0_safety_0,1,0.1351757800221094,177,0.2025,0.0,0.125,0,122,0,0,0.0001803127524908632,8.508837699890137,1.6706573963165283,0.0008506972226314247,0.0,0.20029476284980774
459,guidance_0_capability_0_safety_0,1,0.11825195081473794,177,0.40375,0.0,0.5,0,378,0,0,0.00020213317475281656,2.0559847354888916,1.645548701286316,0.00012313341721892357,0.0,0.21690480411052704
460,guidance_0_capability_0_safety_0,1,0.05753906007157639,177,0.549375,0.0,0.625,0,634,0,0,-0.001322855707257986,3.331559658050537,1.6681126356124878,0.0003452991950325668,0.0,0.21504667401313782
461,guidance_0_capability_0_safety_0,1,0.06960937372059561,177,0.705625,0.0,0.75,0,890,0,0,-0.001090577570721507,2.1189682483673096,1.6699895858764648,-0.00026613258523866534,0.0,0.20303897559642792
462,guidance_0_capability_0_safety_0,1,0.07686523385928012,178,0.18875,0.0,0.0,0,146,0,0,-0.002115278970450163,2.46771502494812,1.6676156520843506,8.480003089061938e-06,0.0,0.20975904166698456
463,guidance_0_capability_0_safety_0,1,0.1345214815082727,178,0.415625,0.0,0.375,0,402,0,0,-0.004187670536339283,2.9817090034484863,1.668959617614746,0.00032384259975515306,0.0,0.20771634578704834
464,guidance_0_capability_0_safety_0,1,0.10660156127414666,178,0.598125,0.0,0.75,0,658,0,0,0.0008390614530071616,5.24529504776001,1.6860026121139526,-0.0024749739095568657,0.0,0.19930784404277802
465,guidance_0_capability_0_safety_0,1,0.013417968526482582,178,0.6875,0.0,0.75,0,914,0,0,-0.006291880272328854,0.8843737840652466,1.6890605688095093,6.588564428966492e-05,0.00390625,0.19711005687713623
466,guidance_0_capability_0_safety_0,1,0.19127929500245955,180,0.03625,0.0,0.0,0,20,0,0,0.00045862732804380357,12.347419738769531,1.6860194206237793,0.0006580823101103306,0.0,0.19850918650627136
467,guidance_0_capability_0_safety_0,1,0.2297558597274474,180,0.415,0.0,0.375,0,276,0,0,0.000361202604835853,3.7919363975524902,1.687994360923767,-0.001743969740346074,0.0,0.20091752707958221
468,guidance_0_capability_0_safety_0,1,0.1024316396251379,180,0.620625,0.0,0.5,0,532,0,0,-0.002823970979079604,1.3142457008361816,1.6905171871185303,0.0015068629290908575,0.0,0.19694939255714417
469,guidance_0_capability_0_safety_0,1,-0.0034082045167451724,180,0.661875,0.0,0.625,0,788,0,0,-7.069297134876251e-05,1.8078033924102783,1.6900060176849365,0.0011907131411135197,0.0,0.19590918719768524
470,guidance_0_capability_0_safety_0,1,0.04639648360898718,181,0.049375,0.0,0.0,0,44,0,0,-0.0004939725622534752,1.3529022932052612,1.6812191009521484,-9.52344125835225e-05,0.0,0.20008717477321625
471,guidance_0_capability_0_safety_0,1,0.2265136713613174,181,0.4175,0.0,0.375,0,300,0,0,-0.0007829949026927352,3.55867338180542,1.6798652410507202,-0.00039582327008247375,0.0,0.19842973351478577
472,guidance_0_capability_0_safety_0,1,0.03666992162106908,181,0.529375,0.0,0.375,0,556,0,0,0.00020148295152466744,1.9746437072753906,1.6800960302352905,0.00016816162678878754,0.0,0.19824962317943573
473,guidance_0_capability_0_safety_0,1,-0.03624023501470219,181,0.53875,0.0,0.375,0,812,0,0,-0.00015578791499137878,1.8264192342758179,1.6866768598556519,-1.188150326925097e-05,0.0,0.19738362729549408
474,guidance_0_capability_0_safety_0,1,0.05175781225261744,182,0.09875,0.0,0.0,0,68,0,0,-0.0010228629689663649,1.4097232818603516,1.677346110343933,0.00044881273061037064,0.0,0.20276693999767303
475,guidance_0_capability_0_safety_0,1,0.22616210877095,182,0.423125,0.0,0.625,0,324,0,0,-0.0002861488610506058,6.042603492736816,1.6816133260726929,-0.0007480594213120639,0.0,0.19611242413520813
476,guidance_0_capability_0_safety_0,1,0.11275390454102308,182,0.645625,0.0,0.75,0,580,0,0,-0.0005453964695334435,3.1101794242858887,1.6862934827804565,-0.0004578650405164808,0.0,0.20252889394760132
477,guidance_0_capability_0_safety_0,1,0.0019140619806421455,182,0.7025,0.0,0.75,0,836,0,0,-0.001289057545363903,0.9031710624694824,1.6836040019989014,0.00030010007321834564,0.0,0.2005651444196701
478,guidance_0_capability_0_safety_0,1,0.09249023390657385,183,0.184375,0.0,0.0,0,92,0,0,-0.0007495476747862995,1.6206398010253906,1.6723889112472534,0.0014326914679259062,0.0,0.2033066600561142
479,guidance_0_capability_0_safety_0,1,0.10273437420255505,183,0.394375,0.0,0.25,0,348,0,0,-0.0014604392927139997,4.11812686920166,1.664014220237732,0.00025934044970199466,0.0,0.2035362720489502
480,guidance_0_capability_0_safety_0,1,0.05998046624881681,183,0.536875,0.0,0.375,0,604,0,0,-0.00194845802616328,2.0209436416625977,1.6629236936569214,-0.00032517407089471817,0.0,0.2086159884929657
481,guidance_0_capability_0_safety_0,1,-0.005810547536384547,183,0.593125,0.0,0.375,0,860,0,0,7.950577128212899e-05,1.1605398654937744,1.6683709621429443,0.0009408843470737338,0.0,0.19933554530143738
482,guidance_0_capability_0_safety_0,1,0.09468749968073098,184,0.223125,0.0,0.0,0,116,0,0,0.00029607894248329103,1.759887456893921,1.6559275388717651,0.0003208499401807785,0.0,0.21165284514427185
483,guidance_0_capability_0_safety_0,1,0.1503320300107589,184,0.488125,0.0,0.25,0,372,0,0,-0.0005802487721666694,5.035350799560547,1.6637952327728271,0.00025886468938551843,0.0,0.2032712996006012
484,guidance_0_capability_0_safety_0,1,0.11949218596419087,184,0.660625,0.0,0.75,0,628,0,0,9.866773325484246e-05,3.155785083770752,1.6604188680648804,-0.0002437968214508146,0.0,0.2120325267314911
485,guidance_0_capability_0_safety_0,1,-0.005869140863069333,184,0.709375,0.0,0.75,0,884,0,0,-0.0006465185433626175,0.520491361618042,1.6630291938781738,-3.24430875480175e-05,0.0,0.21472501754760742
486,guidance_0_capability_0_safety_0,1,0.11093749856081558,185,0.261875,0.0,0.375,0,140,0,0,-0.0006805578013882041,3.421020269393921,1.6593635082244873,2.997710180352442e-05,0.0,0.20234183967113495
487,guidance_0_capability_0_safety_0,1,0.07935546908629476,185,0.43125,0.0,0.5,0,396,0,0,-0.00042173266410827637,1.6914823055267334,1.663398027420044,0.0004647712630685419,0.0,0.21538394689559937
488,guidance_0_capability_0_safety_0,1,0.07247070232551778,185,0.589375,0.0,0.625,0,652,0,0,-0.003734898753464222,1.099143624305725,1.6628358364105225,0.0003453674726188183,0.0,0.2090817391872406
489,guidance_0_capability_0_safety_0,1,-0.024179687785363058,185,0.61625,0.0,0.625,0,908,0,0,-0.0011167265474796295,0.4294411540031433,1.656975507736206,0.0031694509088993073,0.0,0.21188807487487793
490,guidance_0_capability_0_safety_0,1,0.04721679699650849,186,0.179375,0.0,0.0,0,164,0,0,-0.0024045067839324474,4.079165458679199,1.6546554565429688,-0.0008595955441705883,0.0,0.20779483020305634
491,guidance_0_capability_0_safety_0,1,0.01180664062849246,186,0.2425,0.0,0.0,0,420,0,0,0.0004996361094526947,3.4859843254089355,1.667523741722107,0.0008656413992866874,0.0,0.20161855220794678
492,guidance_0_capability_0_safety_0,1,0.1404882809802075,186,0.43125,0.0,0.625,0,676,0,0,0.0004216798988636583,5.143723964691162,1.6516518592834473,-0.0007572065806016326,0.0,0.2160145491361618
493,guidance_0_capability_0_safety_0,1,0.02666992192462203,186,0.513125,0.0,0.75,0,932,0,0,-0.0009794950019568205,1.461817979812622,1.6445363759994507,-0.00017941246915142983,0.0,0.2193816602230072
494,guidance_0_capability_0_safety_0,1,0.12684570269993856,187,0.206875,0.0,0.375,0,188,0,0,-0.0020464174449443817,1.9431381225585938,1.6504199504852295,-0.00019135186448693275,0.0,0.21176493167877197
495,guidance_0_capability_0_safety_0,1,0.13723632627807092,187,0.469375,0.0,0.5,0,444,0,0,-0.0025787176564335823,2.450543165206909,1.635725736618042,-0.00023384734231512994,0.0,0.21435150504112244
496,guidance_0_capability_0_safety_0,1,0.06448242142505478,187,0.595625,0.0,0.75,0,700,0,0,-0.0006890244549140334,2.135174512863159,1.629549264907837,0.0013004200300201774,0.0,0.2173910140991211
497,guidance_0_capability_0_safety_0,1,-0.036884766137518454,187,0.60125,0.0,0.75,0,956,0,0,-0.0005040473188273609,0.4484468102455139,1.625963568687439,0.0004416974261403084,0.0,0.22388237714767456
498,guidance_0_capability_0_safety_0,1,0.2561035105609335,188,0.3925,0.0,0.5,0,212,0,0,-0.00047509808791801333,6.854788780212402,1.612005591392517,0.00018825475126504898,0.0,0.22124508023262024
499,guidance_0_capability_0_safety_0,1,0.11524414041923592,188,0.598125,0.0,0.75,0,468,0,0,-0.004634423181414604,2.1039822101593018,1.606951117515564,-0.0012722061946988106,0.0,0.23102501034736633
500,guidance_0_capability_0_safety_0,1,0.054716796381399035,188,0.705,0.0,1.0,0,724,0,0,-0.002917607082054019,1.8182319402694702,1.6030781269073486,-0.00031276093795895576,0.0,0.22448116540908813
501,guidance_0_capability_0_safety_0,1,0.003642577717982931,188,0.77125,0.0,1.0,0,980,0,0,-0.0015932850074023008,0.42693403363227844,1.5759775638580322,0.001511279260739684,0.0,0.2454119324684143
502,guidance_0_capability_0_safety_0,1,0.14669921763197635,191,0.27,0.0,0.375,0,206,0,0,-0.0001347418874502182,24.556354522705078,1.5706876516342163,-0.0003982053021900356,0.0,0.23892709612846375
503,guidance_0_capability_0_safety_0,1,0.11104492073354777,191,0.494375,0.0,0.5,0,462,0,0,-0.00017449352890253067,1.895351767539978,1.570043921470642,-0.0006945538334548473,0.0,0.24113373458385468
504,guidance_0_capability_0_safety_0,1,0.07285156266152626,191,0.6125,0.0,0.875,0,718,0,0,-0.0008663134649395943,2.9298694133758545,1.583057165145874,-5.2735209465026855e-05,0.0,0.23403987288475037
505,guidance_0_capability_0_safety_0,1,-0.025429687659197953,191,0.62375,0.0,0.875,0,974,0,0,-0.0005115593667142093,0.3177962303161621,1.5879915952682495,-9.854681411525235e-05,0.0,0.23262163996696472
506,guidance_0_capability_0_safety_0,1,0.2371777340740664,192,0.38625,0.0,0.375,0,230,0,0,-0.0006115497089922428,5.391465187072754,1.5979759693145752,4.648960748454556e-05,0.0,0.23274700343608856
507,guidance_0_capability_0_safety_0,1,0.07834960808759206,192,0.5775,0.0,0.5,0,486,0,0,-5.017283183406107e-05,3.3737120628356934,1.5882213115692139,0.0001234704104717821,0.0,0.23310181498527527
508,guidance_0_capability_0_safety_0,1,0.021484374003193807,192,0.678125,0.0,0.5,0,742,0,0,-0.0012168081011623144,0.567511260509491,1.587039828300476,6.988970562815666e-05,0.0,0.23611411452293396
509,guidance_0_capability_0_safety_0,1,-0.02315429704322014,192,0.704375,0.0,0.5,0,998,0,0,-0.002233223058283329,0.2643527388572693,1.5865992307662964,3.276967254350893e-05,0.0,0.2364032119512558
510,guidance_0_capability_0_safety_0,1,0.19063476340670604,193,0.326875,0.0,0.375,0,254,0,0,-0.0021724828984588385,3.360013246536255,1.594609022140503,-0.0004287799820303917,0.0,0.22971734404563904
511,guidance_0_capability_0_safety_0,1,0.12122070207260549,193,0.568125,0.0,0.5,0,510,0,0,-0.0022479500621557236,2.98661470413208,1.604627013206482,-0.001348880585283041,0.0,0.2281237542629242
512,guidance_0_capability_0_safety_0,1,0.09001953027473064,193,0.731875,0.0,0.75,0,766,0,0,0.00021211369312368333,2.4370460510253906,1.5982389450073242,-0.0006823254516348243,0.0,0.2305489182472229
513,guidance_0_capability_0_safety_0,1,0.030234374720748747,194,0.048125,0.0,0.0,0,22,0,0,-2.6365121811977588e-05,1.4310352802276611,1.5989326238632202,0.0017060874961316586,0.0,0.22890231013298035
514,guidance_0_capability_0_safety_0,1,0.25759765597467776,194,0.451875,0.0,0.5,0,278,0,0,-0.0003456131962593645,3.324896812438965,1.6117767095565796,2.5947889298549853e-05,0.0,0.22420525550842285
515,guidance_0_capability_0_safety_0,1,0.023535155327408575,194,0.540625,0.0,0.625,0,534,0,0,0.00018258983618579805,3.5155882835388184,1.6107635498046875,-0.0004466618411242962,0.0,0.22764834761619568
516,guidance_0_capability_0_safety_0,1,0.01026367120721261,194,0.62375,0.0,0.625,0,790,0,0,-0.0003079002199228853,1.2997338771820068,1.6112617254257202,-0.0001323333417531103,0.0,0.22601282596588135
517,guidance_0_capability_0_safety_0,1,0.0546191392277251,195,0.143125,0.0,0.375,0,68,0,0,-0.00040577849722467363,4.144684791564941,1.6147592067718506,0.0001636099477764219,0.0,0.22259163856506348
518,guidance_0_capability_0_safety_0,1,0.22203124723455403,196,0.04125,0.0,0.125,0,17,0,0,-0.001039291499182582,7.071902751922607,1.6125762462615967,0.0005148043856024742,0.0,0.2250194251537323
519,guidance_0_capability_0_safety_0,1,0.19000000114101567,196,0.364375,0.0,0.5,0,273,0,0,-0.0004138023068662733,5.697587966918945,1.6157729625701904,0.0001867638638941571,0.0,0.22662876546382904
520,guidance_0_capability_0_safety_0,1,0.052285155368736014,196,0.52,0.0,0.5,0,529,0,0,-8.846478158375248e-05,2.1617469787597656,1.6090750694274902,-2.2623533368459903e-05,0.0,0.22405299544334412
521,guidance_0_capability_0_safety_0,1,-0.014570313425792847,196,0.566875,0.0,0.5,0,785,0,0,-0.0008599460124969482,1.3686795234680176,1.609157919883728,-2.8786871553165838e-05,0.0,0.23302440345287323
522,guidance_0_capability_0_safety_0,1,0.023457031336874934,197,0.071875,0.0,0.0,0,41,0,0,-0.000852827331982553,1.4731420278549194,1.6164271831512451,0.0005004567792639136,0.0,0.22648805379867554
523,guidance_0_capability_0_safety_0,1,0.1450097647102666,197,0.3675,0.0,0.0,0,297,0,0,-0.0003077549336012453,2.7900819778442383,1.600529432296753,-5.067644451628439e-05,0.0,0.22371622920036316
524,guidance_0_capability_0_safety_0,1,0.15820312269715942,197,0.62375,0.0,0.375,0,553,0,0,-0.00012023933231830597,3.595885753631592,1.6282761096954346,-0.00016575664631091058,0.0,0.21278530359268188
525,guidance_0_capability_0_safety_0,1,-0.014208985212462721,197,0.67,0.0,0.375,0,809,0,0,-0.0009679502691142261,0.946757972240448,1.6159127950668335,0.0005331989377737045,0.0,0.2304733246564865
526,guidance_0_capability_0_safety_0,1,0.01776367151251179,198,0.05875,0.0,0.0,0,65,0,0,-0.0003875612164847553,1.7792384624481201,1.6173319816589355,0.00012433048686943948,0.0,0.21882116794586182
527,guidance_0_capability_0_safety_0,1,0.23833984094380867,198,0.394375,0.0,0.75,0,321,0,0,-0.0002095128147630021,5.574687480926514,1.614821195602417,0.00042561101145111024,0.0,0.2266109436750412
528,guidance_0_capability_0_safety_0,1,0.07533203180355486,198,0.579375,0.0,0.75,0,577,0,0,-0.0008054926875047386,3.0287370681762695,1.6237046718597412,-0.000630258466117084,0.0,0.22387759387493134
529,guidance_0_capability_0_safety_0,1,0.06897460798427346,198,0.7125,0.0,1.0,0,833,0,0,-0.0014418857172131538,1.6713190078735352,1.6211966276168823,0.0009522977052256465,0.0,0.21769651770591736
530,guidance_0_capability_0_safety_0,1,0.06776367049678811,199,0.153125,0.0,0.0,0,89,0,0,-0.0007826953078620136,1.3128015995025635,1.6229848861694336,-0.0009943593759089708,0.0,0.21870355308055878
531,guidance_0_capability_0_safety_0,1,0.11217773414682597,199,0.3625,0.0,0.25,0,345,0,0,-0.00046035274863243103,5.441810607910156,1.6070046424865723,-0.0004140857490710914,0.0,0.22538191080093384
532,guidance_0_capability_0_safety_0,1,0.10867187321127858,199,0.564375,0.0,0.5,0,601,0,0,-0.0006947022629901767,4.6052703857421875,1.6170343160629272,-0.00025755385286174715,0.0,0.22784703969955444
533,guidance_0_capability_0_safety_0,1,0.0089355458621867,199,0.62375,0.0,0.625,0,857,0,0,-0.0007896721363067627,1.136548638343811,1.6209602355957031,0.00023185726604424417,0.0,0.2214379757642746
534,guidance_0_capability_0_safety_0,1,0.12663085847816546,200,0.175,0.0,0.25,0,113,0,0,-0.0007323594763875008,3.395197629928589,1.5951595306396484,0.00033351313322782516,0.0,0.2220710963010788
535,guidance_0_capability_0_safety_0,1,0.18474609180702828,200,0.46625,0.0,0.75,0,369,0,0,-0.00042777261114679277,4.239736080169678,1.614591360092163,0.0003084004856646061,0.0,0.21791771054267883
536,guidance_0_capability_0_safety_0,1,0.0392480463742686,200,0.5875,0.0,0.75,0,625,0,0,-0.0007730728830210865,1.6294572353363037,1.6153740882873535,0.00032547442242503166,0.0,0.2214096039533615
537,guidance_0_capability_0_safety_0,1,-0.007880859935539775,200,0.63375,0.0,0.75,0,881,0,0,-0.0006418309058062732,0.44964802265167236,1.6125893592834473,4.5814864279236645e-05,0.0,0.22115623950958252
538,guidance_0_capability_0_safety_0,1,0.14246093484689482,202,0.238125,0.0,0.375,0,125,0,0,-0.0015934271505102515,14.316873550415039,1.5944069623947144,5.422346293926239e-05,0.0,0.2270439863204956
539,guidance_0_capability_0_safety_0,1,0.12406250016647391,202,0.446875,0.0,0.75,0,381,0,0,0.00030345129198394716,3.8185315132141113,1.6051580905914307,0.0007993672043085098,0.0,0.22102126479148865
540,guidance_0_capability_0_safety_0,1,0.035332030845893314,202,0.568125,0.0,0.75,0,637,0,0,-0.0007988441502675414,1.1058299541473389,1.5945590734481812,-0.00022527948021888733,0.0,0.22565293312072754
541,guidance_0_capability_0_safety_0,1,0.037880858737480594,202,0.65,0.0,1.0,0,893,0,0,-0.0005845756968483329,2.2501487731933594,1.6106704473495483,-0.000420401047449559,0.0,0.22003722190856934
542,guidance_0_capability_0_safety_0,1,0.13054687287149136,203,0.2325,0.0,0.25,0,149,0,0,-0.00041105784475803375,2.9273972511291504,1.5950937271118164,-5.8568548411130905e-05,0.0,0.2220136970281601
543,guidance_0_capability_0_safety_0,1,0.07502929600013886,203,0.435,0.0,0.25,0,405,0,0,-0.0011980568524450064,2.8193359375,1.6168389320373535,0.0005600843578577042,0.0,0.22081953287124634
544,guidance_0_capability_0_safety_0,1,0.020712890502181835,203,0.520625,0.0,0.375,0,661,0,0,-0.0006481427699327469,1.5107371807098389,1.631190299987793,0.0002741085772868246,0.0,0.21488593518733978
545,guidance_0_capability_0_safety_0,1,0.027207029113924364,203,0.5725,0.0,0.75,0,917,0,0,-0.002889614086598158,1.4844080209732056,1.6239147186279297,0.0006867367192171514,0.0,0.21794629096984863
546,guidance_0_capability_0_safety_0,1,0.19499023059324827,204,0.2475,0.0,0.375,0,173,0,0,0.000332769937813282,8.70892333984375,1.6074985265731812,0.0004262870061211288,0.0,0.21617168188095093
547,guidance_0_capability_0_safety_0,1,0.1307031249816646,204,0.45375,0.0,0.75,0,429,0,0,-0.0011101008858531713,5.06728458404541,1.6352533102035522,0.0006452848901972175,0.0,0.20994894206523895
548,guidance_0_capability_0_safety_0,1,0.02903320177210844,204,0.54125,0.0,0.875,0,685,0,0,-0.0023427922278642654,0.7101571559906006,1.6244237422943115,0.0008070663316175342,0.0,0.2187717854976654
549,guidance_0_capability_0_safety_0,1,0.05519531287791324,204,0.665625,0.0,1.0,0,941,0,0,0.0007621386903338134,3.6000866889953613,1.6359119415283203,0.0006168868858367205,0.0,0.21869364380836487
550,guidance_0_capability_0_safety_0,1,0.1337695299553161,205,0.275625,0.0,0.0,0,197,0,0,-0.0024172854609787464,1.642099380493164,1.6254982948303223,4.9512214900460094e-05,0.0,0.21627555787563324
551,guidance_0_capability_0_safety_0,1,0.11112304619746283,205,0.47625,0.0,0.25,0,453,0,0,0.0019208485027775168,2.80006742477417,1.64341139793396,0.002772213891148567,0.0,0.21097332239151
552,guidance_0_capability_0_safety_0,1,0.01637695252429694,205,0.54625,0.0,0.375,0,709,0,0,-0.0001637426612433046,1.570427417755127,1.64896559715271,0.00043642608216032386,0.0,0.20724384486675262
553,guidance_0_capability_0_safety_0,1,-0.013505859482393134,205,0.569375,0.0,0.375,0,965,0,0,-0.000537332147359848,0.32436931133270264,1.6546955108642578,3.0777107895119116e-05,0.0,0.20754694938659668
554,guidance_0_capability_0_safety_0,1,0.1629101549842744,206,0.339375,0.0,0.0,0,221,0,0,-0.00246234517544508,1.9150267839431763,1.6365560293197632,0.0005726797389797866,0.0,0.20956777036190033
555,guidance_0_capability_0_safety_0,1,0.12869140894326847,206,0.5325,0.0,0.5,0,477,0,0,-0.004374695010483265,2.4574272632598877,1.6157865524291992,0.0014438796788454056,0.0,0.21972477436065674
556,guidance_0_capability_0_safety_0,1,0.11311523379845312,207,0.22625,0.0,0.25,0,240,0,0,-0.0016769568901509047,8.721290588378906,1.6200826168060303,-0.0015875657554715872,0.0,0.2192879021167755
557,guidance_0_capability_0_safety_0,1,0.12004882801193162,207,0.438125,0.0,0.5,0,496,0,0,-0.0007536063785664737,2.0387396812438965,1.6276931762695312,0.00048233120469376445,0.0,0.2151784598827362
558,guidance_0_capability_0_safety_0,1,-0.006308594147412805,207,0.483125,0.0,0.5,0,752,0,0,-0.0024979407899081707,0.44439172744750977,1.6273980140686035,-0.0009565974469296634,0.0,0.21995334327220917
559,guidance_0_capability_0_safety_0,1,0.005195311990974005,208,0.02,0.0,0.0,0,8,0,0,-0.0009632231667637825,0.4033460021018982,1.6114938259124756,-6.558218592545018e-05,0.0,0.2296510636806488
560,guidance_0_capability_0_safety_0,1,0.17323242173006292,208,0.360625,0.0,0.125,0,264,0,0,-0.0006543925846926868,2.1427712440490723,1.5589665174484253,0.0013671170454472303,0.0,0.2473354935646057
561,guidance_0_capability_0_safety_0,1,0.06631836013184511,208,0.504375,0.0,0.25,0,520,0,0,-0.0014147274196147919,0.8434648513793945,1.599919080734253,0.000579670537263155,0.0,0.23289984464645386
562,guidance_0_capability_0_safety_0,1,0.02896484335360583,208,0.614375,0.0,0.25,0,776,0,0,-0.004956159275025129,1.154799222946167,1.598287582397461,0.0020569292828440666,0.0,0.2238207906484604
563,guidance_0_capability_0_safety_0,1,0.013124999477440724,209,0.04125,0.0,0.0,0,32,0,0,-0.0003507932124193758,1.165041208267212,1.610619068145752,0.003344623139128089,0.0,0.21441935002803802
564,guidance_0_capability_0_safety_0,1,0.13894531150071998,209,0.3075,0.0,0.125,0,288,0,0,-0.004324041306972504,3.1704647541046143,1.556753158569336,-0.00064815953373909,0.0,0.24108950793743134
565,guidance_0_capability_0_safety_0,1,0.11792968475492671,209,0.506875,0.0,0.5,0,544,0,0,0.001420029322616756,6.232333183288574,1.5583505630493164,0.002743795979768038,0.0,0.24097931385040283
566,guidance_0_capability_0_safety_0,1,0.10513671740773134,209,0.701875,0.0,0.75,0,800,0,0,0.0009668743005022407,2.97855806350708,1.5574593544006348,0.0008201295277103782,0.0,0.23611903190612793
567,guidance_0_capability_0_safety_0,1,0.051923826889833435,210,0.12125,0.0,0.125,0,56,0,0,-0.00026365340454503894,1.3569679260253906,1.5446584224700928,0.00012476013216655701,0.0,0.24491563439369202
568,guidance_0_capability_0_safety_0,1,0.05392578069586307,210,0.275,0.0,0.125,0,312,0,0,0.000217262509977445,6.127716064453125,1.5431718826293945,-0.0001579417585162446,0.0,0.24713516235351562
569,guidance_0_capability_0_safety_0,1,0.22195312268740963,210,0.60375,0.0,0.75,0,568,0,0,-4.760890078614466e-05,7.943188667297363,1.5308890342712402,0.00016216313815675676,0.0,0.24969784915447235
570,guidance_0_capability_0_safety_0,1,0.04705078020924702,210,0.72625,0.0,0.875,0,824,0,0,-0.0016634877538308501,2.3419530391693115,1.5528028011322021,0.00028157871565781534,0.0,0.23913925886154175
571,guidance_0_capability_0_safety_0,1,0.11157226555224042,211,0.17125,0.0,0.25,0,80,0,0,-0.00098189408890903,2.2058753967285156,1.5539954900741577,0.0027734253089874983,0.0,0.24284911155700684
572,guidance_0_capability_0_safety_0,1,0.0951464842655696,211,0.371875,0.0,0.375,0,336,0,0,0.0004000954213552177,3.614095687866211,1.5438792705535889,-0.0005599423311650753,0.0,0.2394637167453766
573,guidance_0_capability_0_safety_0,1,0.04607421842229087,211,0.49375,0.0,0.5,0,592,0,0,-0.00029952917248010635,2.3682141304016113,1.5618724822998047,0.00016373544349335134,0.0,0.2389625757932663
574,guidance_0_capability_0_safety_0,1,0.05628906155470759,211,0.614375,0.0,0.75,0,848,0,0,-0.0009004833991639316,2.286189317703247,1.5867559909820557,0.0006746177095919847,0.0,0.22752320766448975
575,guidance_0_capability_0_safety_0,1,0.10870116976002464,213,0.1625,0.0,0.25,0,94,0,0,-0.0012477654963731766,16.205408096313477,1.5915584564208984,0.001821574755012989,0.0,0.22906270623207092
576,guidance_0_capability_0_safety_0,1,0.2031445286993403,213,0.495625,0.0,0.625,0,350,0,0,0.00023693405091762543,5.070522308349609,1.573025107383728,-0.0017571737989783287,0.0,0.2322704792022705
577,guidance_0_capability_0_safety_0,1,0.017509765544673428,213,0.570625,0.0,0.75,0,606,0,0,-0.0004127503780182451,1.5377917289733887,1.5865771770477295,-0.00020189149654470384,0.0,0.23091933131217957
578,guidance_0_capability_0_safety_0,1,0.060976561580901034,213,0.6975,0.0,1.0,0,862,0,0,-0.0010024532675743103,1.2364709377288818,1.577451467514038,-7.427817763527855e-05,0.0,0.2291557788848877
579,guidance_0_capability_0_safety_0,1,0.1651171882986091,214,0.215,0.0,0.125,0,118,0,0,-0.0014388117706403136,2.1727352142333984,1.5926989316940308,0.0005726851522922516,0.0,0.22721335291862488
580,guidance_0_capability_0_safety_0,1,0.21074218802095857,214,0.56125,0.0,0.5,0,374,0,0,-0.0005550276255235076,4.463327407836914,1.5735580921173096,-3.0314240575535223e-05,0.0,0.23679646849632263
581,guidance_0_capability_0_safety_0,1,0.07273437285039108,214,0.706875,0.0,0.75,0,630,0,0,-0.0010195570066571236,2.199115037918091,1.584049940109253,0.0004448092950042337,0.0,0.2245180606842041
582,guidance_0_capability_0_safety_0,1,-0.04032226615527179,214,0.708125,0.0,0.75,0,886,0,0,-0.0004774639382958412,1.6869468688964844,1.5829509496688843,-0.0005185332847759128,0.0,0.23074278235435486
583,guidance_0_capability_0_safety_0,1,0.12188476395385806,215,0.21375,0.0,0.25,0,142,0,0,-0.001802643178962171,2.0740389823913574,1.575181245803833,0.00013217532250564545,0.0,0.23451250791549683
584,guidance_0_capability_0_safety_0,1,0.10306640638737008,215,0.445,0.0,0.25,0,398,0,0,-0.0002644689229782671,1.5766887664794922,1.566185712814331,0.0007066127727739513,0.0,0.2311372011899948
585,guidance_0_capability_0_safety_0,1,0.009199217762215994,215,0.488125,0.0,0.5,0,654,0,0,-0.0006931989337317646,2.503462314605713,1.5523123741149902,6.8366839514055755e-06,0.0,0.24279098212718964
586,guidance_0_capability_0_safety_0,1,0.11343750006562914,215,0.684375,0.0,0.75,0,910,0,0,-0.001198967918753624,6.7957282066345215,1.5965042114257812,0.0003231105802115053,0.0,0.22592346370220184
587,guidance_0_capability_0_safety_0,1,0.22856445337674813,216,0.3275,0.0,0.375,0,166,0,0,-0.0004583531990647316,4.973474025726318,1.5742801427841187,-0.0002859765663743019,0.0,0.23699282109737396
588,guidance_0_capability_0_safety_0,1,0.10383788989565801,216,0.540625,0.0,0.5,0,422,0,0,-0.001345733879134059,1.8865782022476196,1.570793628692627,0.0002028161397902295,0.0,0.23574130237102509
589,guidance_0_capability_0_safety_0,1,0.018193359097494977,216,0.62,0.0,0.5,0,678,0,0,-0.00022192734468262643,1.1861851215362549,1.582396388053894,0.00010902450594585389,0.0,0.2289498895406723
590,guidance_0_capability_0_safety_0,1,0.008056640523136593,216,0.698125,0.0,0.5,0,934,0,0,-0.0015531642129644752,0.40174227952957153,1.5505117177963257,-0.00010960580402752385,0.0013020833721384406,0.24751684069633484
591,guidance_0_capability_0_safety_0,1,0.2397558570082765,217,0.298125,0.0,0.5,0,190,0,0,-0.0016696307575330138,6.872158050537109,1.549393892288208,0.00011942551645915955,0.00390625,0.23936352133750916
592,guidance_0_capability_0_safety_0,1,0.06953124919164111,217,0.465,0.0,0.5,0,446,0,0,0.0001779124140739441,2.9220738410949707,1.5497946739196777,0.0007518252241425216,0.0,0.2471078485250473
593,guidance_0_capability_0_safety_0,1,0.12711914004466962,217,0.695,0.0,0.75,0,702,0,0,-0.0019963353406637907,3.737039804458618,1.5475324392318726,0.0009442620794288814,0.0,0.24729472398757935
594,guidance_0_capability_0_safety_0,1,0.05581054570211563,217,0.814375,0.0,0.875,0,958,0,0,-0.0006010932847857475,2.2195286750793457,1.5626740455627441,0.0007158522494137287,0.0,0.24185097217559814
595,guidance_0_capability_0_safety_0,1,0.2030078118914389,218,0.315625,0.0,0.25,0,214,0,0,-0.0006187614053487778,2.884599447250366,1.5425562858581543,0.0019209299935027957,0.0,0.24661970138549805
596,guidance_0_capability_0_safety_0,1,0.04258789030063781,218,0.445,0.0,0.25,0,470,0,0,-0.0006876084953546524,4.450459003448486,1.5636667013168335,0.00012347986921668053,0.0,0.23619352281093597
597,guidance_0_capability_0_safety_0,1,0.08846679713678895,218,0.601875,0.0,0.5,0,726,0,0,-0.0003123781643807888,4.862185478210449,1.5675859451293945,0.0006262342212721705,0.0,0.2348768413066864
598,guidance_0_capability_0_safety_0,1,-0.023779297211149242,218,0.60875,0.0,0.5,0,982,0,0,-0.00029796859598718584,1.1627196073532104,1.5730221271514893,0.00012060301378369331,0.0,0.23459532856941223
599,guidance_0_capability_0_safety_0,1,0.18122070189929218,219,0.281875,0.0,0.375,0,238,0,0,-0.0021997084841132164,1.8435324430465698,1.5640335083007812,-0.0011898766970261931,0.0,0.24247276782989502
600,guidance_0_capability_0_safety_0,1,0.01042968723049853,219,0.345625,0.0,0.375,0,494,0,0,0.0004516802728176117,1.9403342008590698,1.574023723602295,-0.0005448164301924407,0.0,0.2304816097021103
601,guidance_0_capability_0_safety_0,1,0.0094042965247354,219,0.42125,0.0,0.375,0,750,0,0,-0.0003547358210198581,0.9197428226470947,1.559499740600586,0.00024905693135224283,0.0,0.2380245327949524
602,guidance_0_capability_0_safety_0,1,-0.036542969526635716,221,0.005625,0.0,0.0,0,0,0,0,-0.0008087990572676063,10.24477767944336,1.5638892650604248,0.0003977706655859947,0.0,0.24043020606040955
603,guidance_0_capability_0_safety_0,1,0.24868163676728727,221,0.3875,0.0,0.5,0,256,0,0,-0.0005703227361664176,4.426210403442383,1.5488739013671875,-0.00015944181359373033,0.0,0.23899047076702118
604,guidance_0_capability_0_safety_0,1,0.0772265611703915,221,0.546875,0.0,0.625,0,512,0,0,-0.0010842898627743125,2.099853754043579,1.5619571208953857,7.70576298236847e-06,0.0,0.23288357257843018
605,guidance_0_capability_0_safety_0,1,0.0015234367128869053,221,0.589375,0.0,0.75,0,768,0,0,-0.0009233184973709285,1.2068889141082764,1.5584354400634766,0.0008326868410222232,0.0,0.23997613787651062
606,guidance_0_capability_0_safety_0,1,0.008417968067078618,222,0.054375,0.0,0.0,0,24,0,0,-0.0054012141190469265,0.3166115880012512,1.5560954809188843,-0.0009853289229795337,0.0,0.24360954761505127
607,guidance_0_capability_0_safety_0,1,0.1918749996657425,222,0.33875,0.0,0.5,0,280,0,0,-0.0020342031493782997,3.013859748840332,1.512925148010254,0.006117057055234909,0.0,0.25295960903167725
608,guidance_0_capability_0_safety_0,1,0.1359375000320142,222,0.595625,0.0,0.625,0,536,0,0,-0.00036025079316459596,2.596897602081299,1.4814531803131104,0.005369854625314474,0.0,0.2663504481315613
609,guidance_0_capability_0_safety_0,1,0.05610351618452114,222,0.71875,0.0,0.75,0,792,0,0,-0.0002576600236352533,3.1022427082061768,1.4530160427093506,-0.0013573281466960907,0.0,0.2908652722835541
610,guidance_0_capability_0_safety_0,1,0.11419921858032467,223,0.110625,0.0,0.125,0,48,0,0,-0.002724132500588894,2.7395286560058594,1.4080156087875366,-0.00018691520381253213,0.0,0.30976295471191406
611,guidance_0_capability_0_safety_0,1,0.12805663924154942,223,0.3475,0.0,0.25,0,304,0,0,-0.0004705724713858217,2.6877732276916504,1.411021113395691,0.0001766430214047432,0.0,0.3072715699672699
612,guidance_0_capability_0_safety_0,1,0.08374999942680006,223,0.523125,0.0,0.375,0,560,0,0,-0.0033025096636265516,2.900604724884033,1.374363899230957,0.0002492422645445913,0.0,0.32879000902175903
613,guidance_0_capability_0_safety_0,1,-0.0007714838357060216,223,0.558125,0.0,0.5,0,816,0,0,-0.0010128288995474577,0.7268943786621094,1.351219892501831,0.0013777215499430895,0.0,0.3445821702480316
614,guidance_0_capability_0_safety_0,1,0.09483398395605036,224,0.158125,0.0,0.25,0,72,0,0,0.0008665667846798897,2.594559669494629,1.3098721504211426,0.00044042523950338364,0.0,0.36696410179138184
615,guidance_0_capability_0_safety_0,1,0.14937499997904524,224,0.44,0.0,0.375,0,328,0,0,-0.0011363504454493523,2.3848824501037598,1.302870512008667,-0.00017825250688474625,0.0,0.36594128608703613
616,guidance_0_capability_0_safety_0,1,0.08956054660666268,224,0.589375,0.0,0.75,0,584,0,0,-0.0012283039977774024,2.0089211463928223,1.3055025339126587,0.0002599808794911951,0.0,0.3592787981033325
617,guidance_0_capability_0_safety_0,1,-0.008134766023431439,224,0.63625,0.0,0.75,0,840,0,0,-0.0005153079400770366,0.793630838394165,1.2896822690963745,-0.0001816058938857168,0.0,0.39769595861434937
618,guidance_0_capability_0_safety_0,1,0.20221679705718998,225,0.196875,0.0,0.0,0,96,0,0,-0.0002875073696486652,7.490353107452393,1.309741735458374,0.0003816716780420393,0.0,0.36470526456832886
619,guidance_0_capability_0_safety_0,1,0.14768554572219728,225,0.4325,0.0,0.375,0,352,0,0,-0.0002592364326119423,1.4781150817871094,1.3026108741760254,4.819284185941797e-06,0.0,0.3733336925506592
620,guidance_0_capability_0_safety_0,1,0.042744140795548446,225,0.549375,0.0,0.375,0,608,0,0,-0.0005853825132362545,2.1483826637268066,1.3359516859054565,-0.0003297501243650913,0.0,0.3555881381034851
621,guidance_0_capability_0_safety_0,1,0.024111326922138687,225,0.629375,0.0,0.5,0,864,0,0,-0.004608233459293842,0.3888976573944092,1.305420160293579,0.0011237247381359339,0.0,0.3741348385810852
622,guidance_0_capability_0_safety_0,1,0.08090820163488388,226,0.151875,0.0,0.0,0,120,0,0,-0.0027640629559755325,1.6960772275924683,1.2257959842681885,-0.0031236056238412857,0.00390625,0.41178402304649353
623,guidance_0_capability_0_safety_0,1,-0.0064843754371395335,226,0.201875,0.0,0.0,0,376,0,0,8.893075573723763e-05,5.490954399108887,1.0918192863464355,0.003775633405894041,0.0,0.46161088347435
624,guidance_0_capability_0_safety_0,1,-0.03723632848414127,226,0.201875,0.0,0.0,0,632,0,0,-0.0007725842297077179,1.579310417175293,1.0746358633041382,-0.0006714286282658577,0.0,0.49224862456321716
625,guidance_0_capability_0_safety_0,1,0.1352929690037854,226,0.403125,0.0,0.5,0,888,0,0,0.0006993655115365982,11.097774505615234,1.1015386581420898,-0.00047706643817946315,0.0,0.4783557057380676
626,guidance_0_capability_0_safety_0,1,0.2676269518851768,227,0.239375,0.0,0.625,0,144,0,0,-2.3035954654915258e-05,8.260613441467285,1.1108894348144531,0.00023706925276201218,0.0,0.47136324644088745
627,guidance_0_capability_0_safety_0,1,0.12450195410929155,227,0.48,0.0,0.75,0,400,0,0,-0.0006608783733099699,3.9146525859832764,1.0989124774932861,9.410471830051392e-05,0.0,0.4941270351409912
628,guidance_0_capability_0_safety_0,1,0.045351562279392965,227,0.6125,0.0,0.75,0,656,0,0,-0.002244996838271618,1.564853549003601,1.1255054473876953,0.00047000794438645244,0.0,0.4711531400680542
629,guidance_0_capability_0_safety_0,1,0.02737304627589765,227,0.695,0.0,0.875,0,912,0,0,-0.008585942909121513,1.746385097503662,1.2454030513763428,0.014538561925292015,0.0,0.4459395110607147
630,guidance_0_capability_0_safety_0,1,0.0794042963971151,228,0.2,0.0,0.125,0,168,0,0,0.0009926864877343178,1.3820295333862305,1.350517749786377,0.003586091101169586,0.0,0.35543307662010193
631,guidance_0_capability_0_safety_0,1,0.166669921571156,228,0.47,0.0,0.5,0,424,0,0,-0.0021285638213157654,3.4734995365142822,1.3517615795135498,-0.0017458730144426227,0.0,0.3565719723701477
632,guidance_0_capability_0_safety_0,1,0.14340820410870947,228,0.70625,0.0,0.875,0,680,0,0,-0.0019263162976130843,4.901643753051758,1.4103177785873413,0.0046533639542758465,0.0,0.3311534523963928
633,guidance_0_capability_0_safety_0,1,0.0671191392102628,228,0.854375,0.0,1.0,0,936,0,0,-0.001748374430462718,1.5647796392440796,1.4419564008712769,0.0013825739733874798,0.0,0.3055422902107239
634,guidance_0_capability_0_safety_0,1,0.10126953215149115,229,0.221875,0.0,0.25,0,192,0,0,0.00010384029883425683,4.42918062210083,1.3904021978378296,0.0023296421859413385,0.0,0.33052289485931396
635,guidance_0_capability_0_safety_0,1,0.16792968650406692,229,0.535,0.0,0.375,0,448,0,0,-0.00043354276567697525,2.6375627517700195,1.410949468612671,0.0006277024513110518,0.0,0.3260990381240845
636,guidance_0_capability_0_safety_0,1,0.04983398265540018,229,0.645,0.0,0.5,0,704,0,0,-0.0012517146533355117,1.1216742992401123,1.4639147520065308,0.0007777917198836803,0.0,0.28635579347610474
637,guidance_0_capability_0_safety_0,1,0.03918945305849775,229,0.72625,0.0,0.75,0,960,0,0,-0.00285925786010921,2.0910415649414062,1.4691002368927002,0.00010470906272530556,0.0,0.293860524892807
638,guidance_0_capability_0_safety_0,1,0.16350585883992608,231,0.29875,0.0,0.125,0,205,0,0,-0.0008826187695376575,17.674457550048828,1.3793805837631226,0.0006936736172065139,0.0,0.3312329649925232
639,guidance_0_capability_0_safety_0,1,0.16491211035463493,231,0.564375,0.0,0.5,0,461,0,0,-0.0002621353487484157,2.2950148582458496,1.4201655387878418,0.0010216988157480955,0.0,0.30779409408569336
640,guidance_0_capability_0_safety_0,1,0.0015624993066012394,231,0.63125,0.0,0.5,0,717,0,0,-0.001824518432840705,1.3708043098449707,1.3316729068756104,-0.0002439295349176973,0.0,0.35315442085266113
641,guidance_0_capability_0_safety_0,1,0.00955077982507646,231,0.693125,0.0,0.625,0,973,0,0,-0.0010600214591249824,1.0156135559082031,1.4014310836791992,-0.00023428304120898247,0.0,0.3309977054595947
642,guidance_0_capability_0_safety_0,1,0.2843164034857182,232,0.388125,0.0,0.625,0,229,0,0,0.0011995149543508887,5.881655693054199,1.3821141719818115,0.0002508134057279676,0.0,0.329773485660553
643,guidance_0_capability_0_safety_0,1,0.08109375038475264,232,0.56375,0.0,0.75,0,485,0,0,-0.00426851911470294,1.8135172128677368,1.3427695035934448,0.0002154341636924073,0.0,0.3639644980430603
644,guidance_0_capability_0_safety_0,1,0.07569335904554464,232,0.725625,0.0,0.875,0,741,0,0,-0.003300708718597889,2.9164044857025146,1.432816505432129,0.00212441966868937,0.0,0.3151872754096985
645,guidance_0_capability_0_safety_0,1,0.021582030505669536,232,0.821875,0.0,0.875,0,997,0,0,-0.004739885218441486,0.7132495641708374,1.3215408325195312,-0.002909052651375532,0.1614583432674408,0.37366700172424316
646,guidance_0_capability_0_safety_0,1,0.23083984191907803,233,0.39625,0.0,0.25,0,253,0,0,-0.0009754325146786869,3.616586208343506,1.3296421766281128,0.0024811194743961096,0.0,0.3478282690048218
647,guidance_0_capability_0_safety_0,1,0.07431640528375283,233,0.561875,0.0,0.375,0,509,0,0,-0.0011537137906998396,2.5740318298339844,1.282884955406189,-0.00015979306772351265,0.0,0.3840460181236267
648,guidance_0_capability_0_safety_0,1,0.07914062608324457,233,0.71625,0.0,0.625,0,765,0,0,-0.002555286046117544,2.0130085945129395,1.3490947484970093,0.002675769617781043,0.0,0.3548651337623596
649,guidance_0_capability_0_safety_0,1,0.012802733384887688,234,0.048125,0.0,0.0,0,21,0,0,-0.0009243876556865871,0.4851146936416626,1.3606572151184082,-0.0006903057801537216,0.0,0.358656108379364
650,guidance_0_capability_0_safety_0,1,0.16530273492389824,234,0.319375,0.0,0.375,0,277,0,0,-0.0002977270632982254,7.973001956939697,1.275477409362793,0.0009372310596518219,0.0,0.3928831219673157
651,guidance_0_capability_0_safety_0,1,0.06844726525014266,234,0.475625,0.0,0.5,0,533,0,0,-0.0014215422561392188,2.243246078491211,1.2976548671722412,-0.00021228007972240448,0.0,0.3770710825920105
652,guidance_0_capability_0_safety_0,1,0.006796872883569449,234,0.53375,0.0,0.625,0,789,0,0,-0.0009200563654303551,0.7138960361480713,1.2919127941131592,-0.0003342779236845672,0.0,0.382575124502182
653,guidance_0_capability_0_safety_0,1,0.1529882797622122,235,0.101875,0.0,0.125,0,45,0,0,0.0003190667775925249,7.666689872741699,1.3956403732299805,0.001095092622563243,0.0,0.32845339179039
654,guidance_0_capability_0_safety_0,1,0.25731444942357484,235,0.5025,0.0,0.625,0,301,0,0,-0.0015216609463095665,5.2922844886779785,1.3559736013412476,-0.0003429713542573154,0.0,0.3525641858577728
655,guidance_0_capability_0_safety_0,1,0.09132812557800207,235,0.676875,0.0,0.875,0,557,0,0,-0.0004476520116440952,2.633206844329834,1.3428399562835693,0.0003554173745214939,0.0,0.36257657408714294
656,guidance_0_capability_0_safety_0,1,0.01597656153899152,235,0.7625,0.0,0.875,0,813,0,0,-0.0013556269695982337,0.5885154008865356,1.4084997177124023,-0.00022744636225979775,0.0,0.3319132924079895
657,guidance_0_capability_0_safety_0,1,0.04619140530121513,236,0.121875,0.0,0.0,0,69,0,0,-0.0019538651686161757,0.3610323369503021,1.3721240758895874,0.0009560886537656188,0.0013020833721384406,0.35871800780296326
658,guidance_0_capability_0_safety_0,1,0.21749023455777206,236,0.435625,0.0,0.625,0,325,0,0,-0.0001456743775634095,7.806395530700684,1.3911527395248413,0.0001909753045765683,0.0013020833721384406,0.3319498896598816
659,guidance_0_capability_0_safety_0,1,0.12842773319061962,236,0.661875,0.0,0.875,0,581,0,0,-0.0003902614116668701,3.2240097522735596,1.436645269393921,-0.00010211688640993088,0.0,0.32334616780281067
660,guidance_0_capability_0_safety_0,1,0.0016699215193511918,236,0.72,0.0,0.875,0,837,0,0,-0.0004270970821380615,0.8977609276771545,1.4856441020965576,0.0009726700372993946,0.0,0.30087441205978394
661,guidance_0_capability_0_safety_0,1,0.10918945123557933,237,0.099375,0.0,0.25,0,93,0,0,-0.00015340156096499413,4.917062759399414,1.4513218402862549,-9.96096059679985e-05,0.0,0.2996308207511902
662,guidance_0_capability_0_safety_0,1,0.19131835737789515,237,0.40125,0.0,0.625,0,349,0,0,-0.0008321299101226032,4.376813888549805,1.4585351943969727,0.00024346914142370224,0.0,0.3040045201778412
663,guidance_0_capability_0_safety_0,1,0.056953124370920705,237,0.5325,0.0,0.75,0,605,0,0,-0.0005395698244683444,2.56723690032959,1.4778517484664917,-0.00023202986631076783,0.0,0.296936571598053
664,guidance_0_capability_0_safety_0,1,0.00571289035724476,237,0.575625,0.0,0.875,0,861,0,0,-0.0002198498696088791,0.6736888885498047,1.4906189441680908,9.423743176739663e-05,0.0,0.28389889001846313
665,guidance_0_capability_0_safety_0,1,0.14633789072104264,238,0.208125,0.0,0.25,0,117,0,0,-0.0011711991392076015,2.302480459213257,1.374578833580017,0.0004678211989812553,0.0,0.34070396423339844
666,guidance_0_capability_0_safety_0,1,0.0824609365190554,238,0.373125,0.0,0.375,0,373,0,0,-0.0001649099140195176,2.707566738128662,1.4345406293869019,0.00031389715149998665,0.0,0.30629754066467285
667,guidance_0_capability_0_safety_0,1,0.10644531103025656,238,0.548125,0.0,0.75,0,629,0,0,-0.0006823688745498657,4.162430286407471,1.4440401792526245,0.0005581318400800228,0.0,0.30511873960494995
668,guidance_0_capability_0_safety_0,1,0.0974414051961503,238,0.74125,0.0,0.875,0,885,0,0,-0.00021133976406417787,2.925077199935913,1.4184287786483765,-0.00017548275354783982,0.0,0.3206295073032379
669,guidance_0_capability_0_safety_0,1,0.1308691413141787,239,0.221875,0.0,0.25,0,141,0,0,-0.0003334414213895798,2.4433953762054443,1.4451966285705566,0.00018438789993524551,0.0,0.317605197429657
670,guidance_0_capability_0_safety_0,1,0.17101562202515197,239,0.47375,0.0,0.75,0,397,0,0,-0.0007850620895624161,3.2749903202056885,1.4355047941207886,0.00017920369282364845,0.0,0.3319390118122101
671,guidance_0_capability_0_safety_0,1,0.049062499310821295,239,0.6175,0.0,0.75,0,653,0,0,-0.003242835868149996,2.020826578140259,1.3730887174606323,0.0015083029866218567,0.0,0.34934723377227783
672,guidance_0_capability_0_safety_0,1,-0.01020507862631348,239,0.655,0.0,0.75,0,909,0,0,0.001090196892619133,0.29002928733825684,1.4905036687850952,0.0016399305313825607,0.0,0.28149038553237915
673,guidance_0_capability_0_safety_0,1,0.20311523271811893,240,0.331875,0.0,0.375,0,165,0,0,0.0014500829856842756,3.7908730506896973,1.4187211990356445,0.0003927270881831646,0.0,0.31940239667892456
674,guidance_0_capability_0_safety_0,1,0.14692382748398813,240,0.61,0.0,0.5,0,421,0,0,-0.0021665780805051327,3.6858439445495605,1.364999532699585,-0.0005368466372601688,0.0,0.348848819732666
675,guidance_0_capability_0_safety_0,1,0.01706054674650659,240,0.694375,0.0,0.5,0,677,0,0,0.0010142544051632285,0.9610031843185425,1.398101806640625,0.0012002316070720553,0.0,0.3193184435367584
676,guidance_0_capability_0_safety_0,1,0.05295898329495685,240,0.796875,0.0,0.75,0,933,0,0,-0.0014261684846132994,1.2619081735610962,1.4338067770004272,4.7819845349295065e-05,0.0,0.31648555397987366
677,guidance_0_capability_0_safety_0,1,0.17016601474460913,241,0.30875,0.0,0.125,0,189,0,0,-0.0008516504312865436,1.5677275657653809,1.3582770824432373,0.0009738818625919521,0.0,0.3356615900993347
678,guidance_0_capability_0_safety_0,1,0.14432616969861556,241,0.555625,0.0,0.5,0,445,0,0,0.0002797003835439682,2.293166160583496,1.3720391988754272,0.0008961422136053443,0.0,0.3513537049293518
679,guidance_0_capability_0_safety_0,1,0.0991503901204851,241,0.755625,0.0,0.625,0,701,0,0,-0.001510615460574627,3.998610496520996,1.3789737224578857,-0.0003449393843766302,0.0,0.3366418778896332
680,guidance_0_capability_0_safety_0,1,-0.025078125294385245,241,0.775,0.0,0.625,0,957,0,0,-5.951089406153187e-05,0.551656186580658,1.4285048246383667,0.0005243099294602871,0.0,0.3192131519317627
681,guidance_0_capability_0_safety_0,1,0.2272753908255254,242,0.3525,0.0,0.5,0,213,0,0,-0.0009606145322322845,3.4705705642700195,1.3295059204101562,0.00011973626533290371,0.0,0.36073121428489685
682,guidance_0_capability_0_safety_0,1,0.07326171819659066,242,0.5075,0.0,0.625,0,469,0,0,-1.015762518363772e-05,1.7139685153961182,1.3451809883117676,-0.0004875403828918934,0.0,0.35976463556289673
683,guidance_0_capability_0_safety_0,1,-0.010400391038274392,242,0.55625,0.0,0.625,0,725,0,0,-0.0009354694630019367,0.7512705326080322,1.2445456981658936,0.0004364391788840294,0.0,0.41358447074890137
684,guidance_0_capability_0_safety_0,1,0.10889648397642304,242,0.75125,0.0,0.875,0,981,0,0,-0.0012094806879758835,8.278035163879395,1.4523710012435913,-0.00028893648413941264,0.0,0.30529361963272095
685,guidance_0_capability_0_safety_0,1,0.25159179713591584,243,0.376875,0.0,0.5,0,237,0,0,-0.00048335548490285873,3.1686387062072754,1.341936469078064,-0.0002584680914878845,0.0,0.3530855178833008
686,guidance_0_capability_0_safety_0,1,0.029707030909776222,243,0.48375,0.0,0.5,0,493,0,0,0.00036723617813549936,3.510892868041992,1.3835138082504272,-0.0001761190069373697,0.0,0.33568450808525085
687,guidance_0_capability_0_safety_0,1,0.007783202385326149,243,0.558125,0.0,0.5,0,749,0,0,-0.00022381357848644257,1.2228178977966309,1.3973228931427002,-0.00014978709805291146,0.0,0.3275874853134155
688,guidance_0_capability_0_safety_0,1,0.09050781260521035,244,0.01125,0.0,0.0,0,5,0,0,-0.0001088810822693631,7.158106327056885,1.4448721408843994,-0.00029881391674280167,0.0,0.3101837933063507
689,guidance_0_capability_0_safety_0,1,0.315156249627762,244,0.47875,0.0,0.75,0,261,0,0,-8.763435289438348e-06,7.051702976226807,1.3621777296066284,-0.0001926235854625702,0.0,0.3503471612930298
690,guidance_0_capability_0_safety_0,1,0.04913085833322839,244,0.613125,0.0,0.75,0,517,0,0,-0.0017322385683655739,1.1281046867370605,1.4593943357467651,0.0006641166983172297,0.0,0.28969067335128784
691,guidance_0_capability_0_safety_0,1,0.07279296740307473,244,0.774375,0.0,0.875,0,773,0,0,-0.0018875369569286704,4.1424174308776855,1.3890762329101562,-0.00035133337951265275,0.0,0.33257293701171875
692,guidance_0_capability_0_safety_0,1,0.038457030888821464,245,0.05875,0.0,0.125,0,29,0,0,-0.002143176971003413,1.0678199529647827,1.417351484298706,0.001088167424313724,0.0,0.3019963502883911
693,guidance_0_capability_0_safety_0,1,0.1498046883752977,245,0.34,0.0,0.25,0,285,0,0,0.0004308472271077335,3.092921018600464,1.3814597129821777,0.0016218794044107199,0.0,0.3295240104198456
694,guidance_0_capability_0_safety_0,1,0.11291015366077772,245,0.508125,0.0,0.75,0,541,0,0,-9.302981197834015e-06,2.7361087799072266,1.3978064060211182,-0.0001254143862752244,0.0,0.32951265573501587
695,guidance_0_capability_0_safety_0,1,0.04737304471200332,245,0.63,0.0,0.875,0,797,0,0,-0.004620620049536228,1.0829027891159058,1.4255441427230835,0.0033106186892837286,0.0,0.3207157552242279
696,guidance_0_capability_0_safety_0,1,0.14530273270065663,246,0.11875,0.0,0.25,0,53,0,0,0.001632528379559517,3.858792781829834,1.3806285858154297,0.0005173858953639865,0.0,0.33936381340026855
697,guidance_0_capability_0_safety_0,1,0.15388671750406502,246,0.386875,0.0,0.5,0,309,0,0,0.0008149547502398491,2.3485910892486572,1.399576187133789,0.001655423897318542,0.0,0.32535916566848755
698,guidance_0_capability_0_safety_0,1,0.05600585886713816,246,0.539375,0.0,0.5,0,565,0,0,-0.0006867945194244385,1.7609777450561523,1.386962890625,0.0020413650199770927,0.0,0.32802650332450867
699,guidance_0_capability_0_safety_0,1,0.02249999946798198,246,0.639375,0.0,0.5,0,821,0,0,-0.006016540806740522,0.7521772980690002,1.3725799322128296,0.0009771964978426695,0.0,0.3429449498653412
700,guidance_0_capability_0_safety_0,1,0.069101562796277,247,0.1225,0.0,0.25,0,77,0,0,-0.0006678166682831943,1.8655335903167725,1.4563803672790527,0.00013592901814263314,0.0026041667442768812,0.2890797257423401
701,guidance_0_capability_0_safety_0,1,0.2112011722238094,247,0.44625,0.0,0.75,0,333,0,0,-0.0003195870667695999,4.427828788757324,1.440025806427002,0.0033112824894487858,0.0,0.2946874499320984
702,guidance_0_capability_0_safety_0,1,0.059277343381836545,247,0.59,0.0,0.75,0,589,0,0,0.0003579904732760042,1.8227519989013672,1.4367040395736694,0.0003924050251953304,0.0,0.29719337821006775
703,guidance_0_capability_0_safety_0,1,0.07018554735986982,247,0.743125,0.0,0.875,0,845,0,0,-0.00041337189031764865,1.5435994863510132,1.4253346920013428,0.0003773880598600954,0.0,0.29953962564468384
704,guidance_0_capability_0_safety_0,1,0.11947265497292392,248,0.178125,0.0,0.25,0,101,0,0,-0.0013329025823622942,1.010399580001831,1.3819411993026733,8.223408076446503e-05,0.0,0.33815306425094604
705,guidance_0_capability_0_safety_0,1,0.15366210816500825,248,0.444375,0.0,0.5,0,357,0,0,-0.0012942608445882797,3.0373032093048096,1.4495424032211304,-9.216244507115334e-05,0.0,0.2882653474807739
706,guidance_0_capability_0_safety_0,1,0.020449218631256372,248,0.5225,0.0,0.5,0,613,0,0,-0.00044276349944993854,1.541916847229004,1.4432824850082397,-1.333871296083089e-05,0.0,0.30237406492233276
707,guidance_0_capability_0_safety_0,1,0.01932617030252004,248,0.593125,0.0,0.625,0,869,0,0,-0.00848182663321495,0.9570403695106506,1.429025650024414,0.0024188943207263947,0.0,0.30062970519065857
708,guidance_0_capability_0_safety_0,1,0.12766601567273028,249,0.233125,0.0,0.125,0,125,0,0,-0.0017088353633880615,1.3231680393218994,1.368465781211853,0.004270641598850489,0.02083333395421505,0.33134591579437256
709,guidance_0_capability_0_safety_0,1,0.18216796792694367,249,0.51125,0.0,0.625,0,381,0,0,-0.004745463840663433,1.9909334182739258,1.3624203205108643,0.001971545396372676,0.0052083334885537624,0.34282922744750977
710,guidance_0_capability_0_safety_0,1,0.15156249993378879,249,0.778125,0.0,0.875,0,637,0,0,-0.0016465678345412016,3.077064037322998,1.3716659545898438,0.002246228978037834,0.0,0.33747395873069763
711,guidance_0_capability_0_safety_0,1,0.013837888982379809,249,0.845,0.0,1.0,0,893,0,0,-0.0018062511226162314,0.7095915675163269,1.3452849388122559,0.0012980648316442966,0.0,0.35458916425704956
712,guidance_0_capability_0_safety_0,1,0.06813476476963842,250,0.1775,0.0,0.0,0,149,0,0,0.0007944634999148548,2.8839807510375977,1.3172833919525146,0.0015311905881389976,0.0,0.3657478094100952
713,guidance_0_capability_0_safety_0,1,0.08969726602663286,250,0.365625,0.0,0.125,0,405,0,0,3.8572121411561966e-05,4.657928943634033,1.2407852411270142,0.0009034586837515235,0.0,0.41760414838790894
714,guidance_0_capability_0_safety_0,1,0.0877246082345664,250,0.5475,0.0,0.25,0,661,0,0,-0.0021952230017632246,1.8675850629806519,1.4087704420089722,-0.00038648847839795053,0.0,0.32576102018356323
715,guidance_0_capability_0_safety_0,1,0.07473632718756562,250,0.725625,0.0,0.25,0,917,0,0,-0.001006461912766099,4.138172149658203,1.3491265773773193,-6.364876026054844e-05,0.0,0.36336827278137207
716,guidance_0_capability_0_safety_0,1,0.09022460828418843,253,0.17125,0.0,0.125,0,151,0,0,-0.0008255100692622364,35.26809310913086,1.3962454795837402,-0.00030775321647524834,0.0,0.3245530128479004
717,guidance_0_capability_0_safety_0,1,0.12436523516225861,253,0.41375,0.0,0.25,0,407,0,0,-0.000284126668702811,3.8826849460601807,1.3913297653198242,-9.954767301678658e-05,0.0,0.3349308967590332
718,guidance_0_capability_0_safety_0,1,0.11103515650393092,253,0.616875,0.0,0.5,0,663,0,0,6.80744051351212e-05,5.369138717651367,1.3841333389282227,-0.0005044429562985897,0.0,0.3306773900985718
719,guidance_0_capability_0_safety_0,1,0.11182617156009655,253,0.801875,0.0,0.875,0,919,0,0,-0.0002038742823060602,5.252357482910156,1.325681447982788,-0.0003487762878648937,0.0,0.3684755563735962
720,guidance_0_capability_0_safety_0,1,0.22292968623514753,254,0.32125,0.0,0.5,0,175,0,0,-2.880766987800598e-05,5.177475929260254,1.3465726375579834,6.207622209331021e-05,0.0,0.37554049491882324
721,guidance_0_capability_0_safety_0,1,0.1463183581472549,254,0.576875,0.0,0.75,0,431,0,0,-0.0004710322245955467,4.056344032287598,1.3942941427230835,0.0001849052496254444,0.0,0.3359735906124115
722,guidance_0_capability_0_safety_0,1,-0.01289062577416189,254,0.620625,0.0,0.75,0,687,0,0,-0.0010744426399469376,2.245610237121582,1.3273627758026123,0.0009514396078884602,0.0,0.3766968250274658
723,guidance_0_capability_0_safety_0,1,0.05561523512733402,254,0.754375,0.0,0.875,0,943,0,0,-0.0005921324482187629,2.6695382595062256,1.3706163167953491,-0.0002785199321806431,0.0,0.350627601146698
724,guidance_0_capability_0_safety_0,1,0.15753906091413228,255,0.28,0.0,0.375,0,199,0,0,-1.522029469924746e-05,3.457681179046631,1.3821548223495483,-1.3384347766987048e-05,0.0,0.3447593152523041
725,guidance_0_capability_0_safety_0,1,0.12779296698136022,255,0.50875,0.0,0.625,0,455,0,0,-0.000780299655161798,2.7913565635681152,1.3667418956756592,0.00012510595843195915,0.0,0.34992659091949463
726,guidance_0_capability_0_safety_0,1,0.04572265752358362,255,0.6275,0.0,0.75,0,711,0,0,-0.00153162085916847,0.618777334690094,1.4004955291748047,0.00044326874194666743,0.0,0.34215766191482544
727,guidance_0_capability_0_safety_0,1,-0.013242187989817467,255,0.66625,0.0,0.75,0,967,0,0,-4.593624544213526e-05,0.3876749277114868,1.4486407041549683,0.0012074052356183529,0.0,0.3075117766857147
728,guidance_0_capability_0_safety_0,1,0.23027343783178367,256,0.35625,0.0,0.375,0,223,0,0,0.000736861489713192,3.314241409301758,1.3337314128875732,0.00016161924577318132,0.0,0.3670063018798828
729,guidance_0_capability_0_safety_0,1,0.11054687383875716,256,0.575,0.0,0.5,0,479,0,0,-0.0024756609927862883,1.9114997386932373,1.4628756046295166,4.1345756471855566e-05,0.0,0.30283379554748535
730,guidance_0_capability_0_safety_0,1,0.0839843750691216,256,0.73375,0.0,0.75,0,735,0,0,0.0006352588534355164,2.503204345703125,1.3605931997299194,-0.0006620632484555244,0.0,0.35797351598739624
731,guidance_0_capability_0_safety_0,1,0.016728515296563273,256,0.819375,0.0,0.75,0,991,0,0,-0.007446765433996916,0.7560228109359741,1.4386214017868042,0.0028146207332611084,0.0013020833721384406,0.31370124220848083
732,guidance_0_capability_0_safety_0,1,0.2390039043239085,257,0.3575,0.0,0.625,0,247,0,0,-0.002366074826568365,2.5670671463012695,1.3736299276351929,0.002994740381836891,0.00390625,0.34307003021240234
733,guidance_0_capability_0_safety_0,1,0.11248046813125256,257,0.6025,0.0,0.625,0,503,0,0,-0.003184650093317032,1.4438754320144653,1.3690040111541748,-0.00012104508641641587,0.0,0.35207924246788025
734,guidance_0_capability_0_safety_0,1,0.009433593091671355,257,0.68875,0.0,0.625,0,759,0,0,-0.00045860218233428895,1.4553194046020508,1.328620195388794,0.0036243859212845564,0.0,0.3687208592891693
735,guidance_0_capability_0_safety_0,1,-0.020546876494336175,259,0.005625,0.0,0.0,0,0,0,0,-0.0002239594905404374,21.750926971435547,1.4494085311889648,-0.000826297968160361,0.0,0.30834412574768066
736,guidance_0_capability_0_safety_0,1,0.14923827901657205,263,0.031875,0.0,0.0,0,17,0,0,0.0013477799948304892,57.73283386230469,1.3144519329071045,-0.0012322230031713843,0.0,0.38263094425201416
737,guidance_0_capability_0_safety_0,1,0.17907226536408416,263,0.316875,0.0,0.625,0,273,0,0,-0.0009792230557650328,2.1694512367248535,1.3607702255249023,0.0006198190967552364,0.0,0.35243234038352966
738,guidance_0_capability_0_safety_0,1,0.1035449187256745,263,0.539375,0.0,0.875,0,529,0,0,-0.0014614909887313843,2.914954423904419,1.3647513389587402,-4.118774086236954e-06,0.0,0.3441101014614105
739,guidance_0_capability_0_safety_0,1,-0.04116210992287961,263,0.560625,0.0,0.875,0,785,0,0,-0.0008570558275096118,1.3283741474151611,1.3758682012557983,-8.23287628008984e-05,0.0,0.34248340129852295
740,guidance_0_capability_0_safety_0,1,0.042148438547883416,264,0.076875,0.0,0.125,0,41,0,0,-0.0033011138439178467,0.6571309566497803,1.3565706014633179,-0.0003045550547540188,0.0,0.356846421957016
741,guidance_0_capability_0_safety_0,1,0.12669921792985406,266,0.011875,0.0,0.0,0,5,0,0,-0.00041044814861379564,25.907459259033203,1.3406028747558594,-3.050547093153e-05,0.0,0.36105555295944214
742,guidance_0_capability_0_safety_0,1,0.20615234283104655,266,0.315625,0.0,0.625,0,261,0,0,-0.0010057715699076653,3.8124918937683105,1.3605480194091797,0.0010506664402782917,0.0,0.3595421314239502
743,guidance_0_capability_0_safety_0,1,0.16376953131111804,266,0.611875,0.0,0.875,0,517,0,0,-1.8003396689891815e-05,4.440935134887695,1.3420913219451904,0.00017765755183063447,0.0,0.36571547389030457
744,guidance_0_capability_0_safety_0,1,0.07910156105572241,267,0.201875,0.0,0.125,0,180,0,0,-0.00032247789204120636,5.172591209411621,1.2830055952072144,6.571288395207375e-05,0.0,0.4004454016685486
745,guidance_0_capability_0_safety_0,1,0.188232420845452,267,0.506875,0.0,0.5,0,436,0,0,-0.00025163963437080383,4.186469078063965,1.3099644184112549,0.00025106300017796457,0.0,0.3793603777885437
746,guidance_0_capability_0_safety_0,1,0.03632812375508365,267,0.64,0.0,0.625,0,692,0,0,-0.0015516148414462805,3.1719164848327637,1.3796405792236328,0.001446752343326807,0.0,0.3593083322048187
747,guidance_0_capability_0_safety_0,1,0.014726561363204382,267,0.703125,0.0,0.75,0,948,0,0,-0.0037390338256955147,0.5812612771987915,1.3730796575546265,0.0025763276498764753,0.0,0.35290729999542236
748,guidance_0_capability_0_safety_0,1,0.19969726324779913,268,0.328125,0.0,0.375,0,204,0,0,-0.00024585830396972597,3.6441898345947266,1.3596186637878418,-0.0008714902214705944,0.0026041667442768812,0.3551367223262787
749,guidance_0_capability_0_safety_0,1,0.16099609364391654,268,0.590625,0.0,0.75,0,460,0,0,3.3085547329392284e-05,2.9544296264648438,1.4076327085494995,0.0027371279429644346,0.0,0.33723825216293335
750,guidance_0_capability_0_safety_0,1,0.045166014271671884,268,0.71,0.0,0.875,0,716,0,0,-0.00211002747528255,0.9863588809967041,1.3501756191253662,0.000491103797685355,0.0,0.36607417464256287
751,guidance_0_capability_0_safety_0,1,0.002744140467257239,268,0.7725,0.0,0.875,0,972,0,0,-0.003746401984244585,0.7501779794692993,1.3384689092636108,-0.0018914432730525732,0.0052083334885537624,0.35630887746810913
752,guidance_0_capability_0_safety_0,1,0.14180663767183432,270,0.2875,0.0,0.25,0,221,0,0,-0.00215721083804965,19.002765655517578,1.428812861442566,-0.0015648344997316599,0.01692708395421505,0.3161899447441101
753,guidance_0_capability_0_safety_0,1,0.07132812445706804,270,0.46375,0.0,0.25,0,477,0,0,0.00023475600755773485,1.1981384754180908,1.3165863752365112,-7.839765021344647e-05,0.0,0.35800155997276306
754,guidance_0_capability_0_safety_0,1,0.061777342918503564,270,0.615625,0.0,0.375,0,733,0,0,-0.0003942541661672294,2.2363533973693848,1.3554086685180664,0.0006180831114761531,0.0,0.35494205355644226
755,guidance_0_capability_0_safety_0,1,0.04551757713488769,270,0.693125,0.0,0.75,0,989,0,0,-0.001595374196767807,3.792121648788452,1.3901984691619873,0.000261048786342144,0.0,0.32433027029037476
756,guidance_0_capability_0_safety_0,1,0.24214843637309968,272,0.39,0.0,0.625,0,231,0,0,-0.0023368492256850004,28.33726692199707,1.3541722297668457,0.0002582833985798061,0.0,0.33683985471725464
757,guidance_0_capability_0_safety_0,1,0.10290038909806754,272,0.575,0.0,0.875,0,487,0,0,-0.00046825874596834183,2.3180837631225586,1.36183762550354,-0.00012363726273179054,0.0,0.33671316504478455
758,guidance_0_capability_0_safety_0,1,0.05040039013692876,272,0.69875,0.0,1.0,0,743,0,0,-0.005326028913259506,2.162846803665161,1.4085142612457275,0.0006307639996521175,0.0,0.31434643268585205
759,guidance_0_capability_0_safety_0,1,0.012851561685238266,272,0.783125,0.0,1.0,0,999,0,0,-0.0048352982848882675,0.7803231477737427,1.3585810661315918,0.0006581051275134087,0.02864583395421505,0.3367081880569458
760,guidance_0_capability_0_safety_0,1,0.14952148203155957,274,0.293125,0.0,0.0,0,230,0,0,0.0015832344070076942,23.276466369628906,1.3407821655273438,0.001569455023854971,0.0,0.3387773931026459
761,guidance_0_capability_0_safety_0,1,0.10493164022045676,274,0.5075,0.0,0.125,0,486,0,0,-0.0028199381195008755,2.9008963108062744,1.2890174388885498,0.0005971542559564114,0.0,0.3691466748714447
762,guidance_0_capability_0_safety_0,1,0.12680663980427198,274,0.71875,0.0,0.5,0,742,0,0,-0.00043933637789450586,6.4352216720581055,1.3668124675750732,0.0003418886917643249,0.0,0.3301135301589966
763,guidance_0_capability_0_safety_0,1,0.014521483066346264,274,0.7725,0.0,0.625,0,998,0,0,-0.0028380113653838634,0.4657631814479828,1.2858346700668335,0.0018833198118954897,0.0,0.3669542670249939
764,guidance_0_capability_0_safety_0,1,0.28151366984820925,275,0.4425,0.0,0.5,0,254,0,0,0.0009980791946873069,3.648995876312256,1.2686467170715332,0.0003976693260483444,0.0,0.3810844123363495
765,guidance_0_capability_0_safety_0,1,0.056142576271668077,275,0.54125,0.0,0.875,0,510,0,0,-0.0007894834270700812,3.5126953125,1.2889034748077393,0.0005250030080787838,0.0,0.38202449679374695
766,guidance_0_capability_0_safety_0,1,0.09017577905615326,275,0.75,0.0,0.875,0,766,0,0,-0.001687031239271164,2.336473226547241,1.2367384433746338,-0.0008205495541915298,0.0,0.40486940741539
767,guidance_0_capability_0_safety_0,1,0.06272460860782303,276,0.05,0.0,0.0,0,22,0,0,-0.0016280015697702765,0.746483325958252,1.2141163349151611,0.0008299042237922549,0.0,0.3997882306575775
768,guidance_0_capability_0_safety_0,1,0.23175780745441443,277,0.32625,0.0,0.875,0,245,0,0,0.0005059730028733611,21.683284759521484,1.1538364887237549,0.0006156840245239437,0.0,0.433419406414032
769,guidance_0_capability_0_safety_0,1,0.11708984212600626,277,0.57875,0.0,0.875,0,501,0,0,-0.0009200830827467144,2.386577844619751,1.1818811893463135,0.00025726918829604983,0.0,0.43569111824035645
770,guidance_0_capability_0_safety_0,1,0.09022460807318566,277,0.764375,0.0,1.0,0,757,0,0,-0.0014470753958448768,1.558722734451294,1.2100821733474731,-0.0008070584153756499,0.0,0.41215914487838745
771,guidance_0_capability_0_safety_0,1,-0.022255859978031367,278,0.019375,0.0,0.0,0,13,0,0,-0.00041197490645572543,1.1620290279388428,1.2563492059707642,0.0010578896617516875,0.0,0.40347516536712646
772,guidance_0_capability_0_safety_0,1,0.19177734099139343,278,0.33,0.0,0.5,0,269,0,0,-3.0049122869968414e-06,5.6089348793029785,1.1143405437469482,0.0006491374224424362,0.0,0.46068233251571655
773,guidance_0_capability_0_safety_0,1,0.015449218553840183,278,0.41875,0.0,0.5,0,525,0,0,-0.00045833116746507585,2.6479415893554688,1.1195886135101318,-0.00036937714321538806,0.0,0.4645191431045532
774,guidance_0_capability_0_safety_0,1,0.10698242040234618,278,0.613125,0.0,0.75,0,781,0,0,-0.0001506507396697998,3.306992530822754,1.2029380798339844,0.00022665706637781113,0.0,0.4102119207382202
775,guidance_0_capability_0_safety_0,1,0.09136718609079253,279,0.081875,0.0,0.125,0,37,0,0,-0.0008482713019475341,2.459357500076294,1.1914963722229004,-0.0005164876347407699,0.0,0.42057713866233826
776,guidance_0_capability_0_safety_0,1,0.12450195367273409,279,0.30625,0.0,0.375,0,293,0,0,-0.00017682525503914803,3.4801297187805176,1.1138064861297607,-0.00017591302457731217,0.0,0.4493454694747925
777,guidance_0_capability_0_safety_0,1,0.03355468678637408,279,0.405625,0.0,0.5,0,549,0,0,-0.0004052839649375528,4.030206203460693,1.1614344120025635,0.0005978021654300392,0.0,0.43797001242637634
778,guidance_0_capability_0_safety_0,1,0.13452148384749307,279,0.644375,0.0,0.75,0,805,0,0,-3.289307278464548e-05,4.559816837310791,1.2049757242202759,0.00018812080088537186,0.0,0.41205209493637085
779,guidance_0_capability_0_safety_0,1,0.07464843798879883,281,0.07875,0.0,0.0,0,35,0,0,-0.00033461180282756686,27.32201385498047,1.2119033336639404,4.4414930016500875e-05,0.0,0.3958563804626465
780,guidance_0_capability_0_safety_0,1,0.23421874982886948,281,0.443125,0.0,0.5,0,291,0,0,-0.000708581879734993,2.2310447692871094,1.2052873373031616,-0.00024980882881209254,0.0,0.39955389499664307
781,guidance_0_capability_0_safety_0,1,0.0965820290002739,281,0.624375,0.0,0.75,0,547,0,0,-0.0007300923462025821,4.58643913269043,1.234750747680664,0.0006800093688070774,0.0,0.3954305052757263
782,guidance_0_capability_0_safety_0,1,0.0514257812537835,281,0.751875,0.0,0.875,0,803,0,0,-0.0015558747109025717,1.825667142868042,1.2701153755187988,-0.0005460478132590652,0.0,0.3702623248100281
783,guidance_0_capability_0_safety_0,1,0.09455078083556145,282,0.12875,0.0,0.125,0,59,0,0,0.0005290905828587711,1.4963972568511963,1.2346444129943848,-1.3827501788910013e-05,0.0,0.39906343817710876
784,guidance_0_capability_0_safety_0,1,0.1895214869728079,282,0.4,0.0,0.75,0,315,0,0,-0.0018592135747894645,3.921935558319092,1.288055419921875,0.0002826730196829885,0.0,0.3743675947189331
785,guidance_0_capability_0_safety_0,1,0.05307617100334028,282,0.541875,0.0,0.75,0,571,0,0,-6.793377451685956e-06,1.300113558769226,1.254343867301941,0.0019052120624110103,0.0,0.40460216999053955
786,guidance_0_capability_0_safety_0,1,-0.018876953570725163,282,0.578125,0.0,0.75,0,827,0,0,-0.001006857492029667,0.9913468360900879,1.264943242073059,-0.0006818942492827773,0.0,0.38727205991744995
787,guidance_0_capability_0_safety_0,1,0.13540039099461865,284,0.1475,0.0,0.0,0,66,0,0,-0.0005175223341211677,29.613086700439453,1.3518362045288086,0.0006668828427791595,0.0,0.3444972634315491
788,guidance_0_capability_0_safety_0,1,0.24155273258293164,284,0.501875,0.0,0.625,0,322,0,0,-0.0006560826441273093,3.707273006439209,1.354477882385254,-1.3029358342464548e-05,0.0,0.338061660528183
789,guidance_0_capability_0_safety_0,1,0.016396484090364538,284,0.585625,0.0,0.625,0,578,0,0,6.49765133857727e-05,2.7931952476501465,1.3427648544311523,-1.4412372365768533e-05,0.0,0.3465207517147064
790,guidance_0_capability_0_safety_0,1,0.11568359229204361,284,0.795625,0.0,0.875,0,834,0,0,-0.0002159389405278489,3.3286514282226562,1.3163808584213257,0.0002681350742932409,0.0,0.36564815044403076
791,guidance_0_capability_0_safety_0,1,0.03600585875392426,285,0.1725,0.0,0.0,0,90,0,0,-0.0002159817813662812,1.4850132465362549,1.3401330709457397,-5.211526149651036e-05,0.0,0.3583446741104126
792,guidance_0_capability_0_safety_0,1,0.07238281176250894,285,0.334375,0.0,0.125,0,346,0,0,-0.000575503334403038,3.736489772796631,1.37522292137146,-6.591358396690339e-05,0.0,0.34411367774009705
793,guidance_0_capability_0_safety_0,1,0.11095703143655555,285,0.516875,0.0,0.5,0,602,0,0,-0.0001981062814593315,7.039289474487305,1.3781538009643555,8.247373625636101e-05,0.0,0.33620303869247437
794,guidance_0_capability_0_safety_0,1,-0.0030957041853980627,285,0.5775,0.0,0.5,0,858,0,0,7.995124906301498e-05,1.169276475906372,1.3428750038146973,5.819741636514664e-05,0.0,0.3431086242198944
795,guidance_0_capability_0_safety_0,1,0.1779589847137686,286,0.139375,0.0,0.375,0,114,0,0,-0.0004488394479267299,6.8753509521484375,1.3759182691574097,-0.00014795875176787376,0.0,0.3298048973083496
796,guidance_0_capability_0_safety_0,1,0.20245117241574917,286,0.488125,0.0,0.625,0,370,0,0,-0.00026195001555606723,3.991713523864746,1.3344777822494507,-5.909350511501543e-05,0.0,0.33916139602661133
797,guidance_0_capability_0_safety_0,1,0.10324218591267709,286,0.68125,0.0,0.875,0,626,0,0,-0.00036210971302352846,2.8105928897857666,1.35295569896698,0.0002870153111871332,0.0,0.34188610315322876
798,guidance_0_capability_0_safety_0,1,-0.002626953908475116,286,0.741875,0.0,0.875,0,882,0,0,-0.0003261963720433414,0.6641725301742554,1.3434045314788818,-0.00015680104843340814,0.0,0.3443489968776703
799,guidance_0_capability_0_safety_0,1,0.1345117184391711,287,0.26875,0.0,0.0,0,138,0,0,-0.000544549897313118,0.8420572280883789,1.314149260520935,-0.0005195830017328262,0.0,0.38104110956192017
800,guidance_0_capability_0_safety_0,1,0.13529296720662387,287,0.509375,0.0,0.25,0,394,0,0,-0.00044670485658571124,2.6483771800994873,1.3433027267456055,6.209903949638829e-05,0.0,0.3422613739967346
801,guidance_0_capability_0_safety_0,1,0.020009763353300514,287,0.583125,0.0,0.375,0,650,0,0,-0.00017604015010874718,1.4603551626205444,1.2896058559417725,-0.0003216378390789032,0.0,0.38554173707962036
802,guidance_0_capability_0_safety_0,1,0.05349609300174052,287,0.690625,0.0,0.625,0,906,0,0,-0.0011518208775669336,2.776520252227783,1.3698880672454834,0.0005929125472903252,0.0,0.3291415870189667
803,guidance_0_capability_0_safety_0,1,0.09998046811597305,288,0.19875,0.0,0.125,0,162,0,0,-0.00011525179434102029,1.9639085531234741,1.3166612386703491,-7.70761034800671e-05,0.0,0.35867005586624146
804,guidance_0_capability_0_safety_0,1,0.18388672133733053,288,0.52,0.0,0.375,0,418,0,0,-0.00024884147569537163,3.200362205505371,1.308875322341919,-0.0005994279636070132,0.0,0.3691701292991638
805,guidance_0_capability_0_safety_0,1,0.09770507605571765,288,0.700625,0.0,0.625,0,674,0,0,-0.0013607947621494532,2.9256300926208496,1.3520302772521973,0.0014139211270958185,0.0,0.3517484664916992
806,guidance_0_capability_0_safety_0,1,0.07359374892621418,288,0.8575,0.0,0.75,0,930,0,0,-0.00012706127017736435,2.909073829650879,1.335010290145874,0.0005433053593151271,0.0,0.3497351109981537
807,guidance_0_capability_0_safety_0,1,0.12071289046434686,289,0.288125,0.0,0.0,0,186,0,0,-0.003048339858651161,2.956058979034424,1.340085506439209,-0.0016542528755962849,0.0,0.34123045206069946
808,guidance_0_capability_0_safety_0,1,0.11173828117898665,289,0.494375,0.0,0.25,0,442,0,0,-9.494088590145111e-05,1.9205527305603027,1.4130867719650269,0.002903472166508436,0.0,0.3277342915534973
809,guidance_0_capability_0_safety_0,1,0.025576171625289135,289,0.599375,0.0,0.25,0,698,0,0,-0.0019069438567385077,1.1522958278656006,1.4163798093795776,0.001652946462854743,0.0,0.31585097312927246
810,guidance_0_capability_0_safety_0,1,0.11461913948369329,289,0.805,0.0,0.5,0,954,0,0,-0.0005274467985145748,4.666340351104736,1.4030447006225586,0.00040011730743572116,0.0,0.3131665587425232
811,guidance_0_capability_0_safety_0,1,0.14223632821449428,291,0.285625,0.0,0.375,0,189,0,0,0.00018865615129470825,22.30202865600586,1.3889697790145874,-0.00022131080913823098,0.0,0.32740089297294617
812,guidance_0_capability_0_safety_0,1,0.12760742062528152,291,0.535625,0.0,0.5,0,445,0,0,-0.002597219543531537,2.562711715698242,1.4274778366088867,-8.42963345348835e-05,0.0,0.30266162753105164
813,guidance_0_capability_0_safety_0,1,0.07784179373993538,291,0.639375,0.0,1.0,0,701,0,0,-0.00017421506345272064,2.5870566368103027,1.4037492275238037,-0.0005169473588466644,0.0,0.3146359324455261
814,guidance_0_capability_0_safety_0,1,-0.030751953661820153,291,0.644375,0.0,1.0,0,957,0,0,-0.0007550995796918869,1.0161566734313965,1.3905303478240967,0.0013346048071980476,0.0,0.3158069849014282
815,guidance_0_capability_0_safety_0,1,0.1659570304400404,292,0.279375,0.0,0.25,0,213,0,0,-0.0008565885946154594,2.282923698425293,1.3790874481201172,0.0007701452705077827,0.0,0.31352511048316956
816,guidance_0_capability_0_safety_0,1,0.05346679642025265,292,0.405,0.0,0.375,0,469,0,0,-0.00083889439702034,2.7392666339874268,1.368632197380066,0.00048691671690903604,0.0,0.32347702980041504
817,guidance_0_capability_0_safety_0,1,0.051230468325229594,292,0.52375,0.0,0.5,0,725,0,0,-0.0009739091619849205,2.8684191703796387,1.3667892217636108,-0.0007370912353508174,0.0,0.3185311257839203
818,guidance_0_capability_0_safety_0,1,0.054384764913265826,292,0.6525,0.0,0.625,0,981,0,0,-0.005333402194082737,1.1816774606704712,1.3504185676574707,-0.0013064420782029629,0.0,0.3507038354873657
819,guidance_0_capability_0_safety_0,1,0.28105468855937943,293,0.45875,0.0,0.375,0,237,0,0,0.002431760309264064,4.827653408050537,1.3583606481552124,0.0023289003875106573,0.0,0.3239581286907196
820,guidance_0_capability_0_safety_0,1,0.146660155558493,293,0.66375,0.0,1.0,0,493,0,0,0.0019706743769347668,2.8569421768188477,1.367649793624878,-0.00041854227310977876,0.0,0.3231511116027832
821,guidance_0_capability_0_safety_0,1,0.01237304611277068,293,0.7475,0.0,1.0,0,749,0,0,-0.0009231753647327423,0.8759134411811829,1.3070666790008545,-6.841465074103326e-05,0.0,0.36272597312927246
822,guidance_0_capability_0_safety_0,1,0.014199218530848157,294,0.01375,0.0,0.0,0,5,0,0,-0.004709962289780378,0.49771952629089355,1.3468332290649414,0.003316883696243167,0.0,0.3283945620059967
823,guidance_0_capability_0_safety_0,1,0.2000195283217181,297,0.2675,0.0,0.125,0,146,0,0,0.000942625745665282,58.13877868652344,1.2632403373718262,0.0002054449578281492,0.0,0.38504141569137573
824,guidance_0_capability_0_safety_0,1,0.13662109233700903,297,0.46,0.0,0.75,0,402,0,0,-0.0009547366644255817,2.2244296073913574,1.2884613275527954,0.0005285674706101418,0.0,0.3650808036327362
825,guidance_0_capability_0_safety_0,1,0.04280273382391897,297,0.591875,0.0,0.75,0,658,0,0,-0.007580173667520285,1.99862802028656,1.2816773653030396,0.003201776649802923,0.0494791679084301,0.38228464126586914
826,guidance_0_capability_0_safety_0,1,0.050771483656717464,297,0.71375,0.0,0.875,0,914,0,0,0.0026468054857105017,1.162631869316101,1.2167092561721802,-0.0011769004631787539,0.01692708395421505,0.4202105402946472
827,guidance_0_capability_0_safety_0,1,0.11477539040424745,299,0.180625,0.0,0.125,0,154,0,0,0.0004576832870952785,17.18960189819336,1.3000110387802124,-4.8162881284952164e-05,0.0,0.3754913806915283
828,guidance_0_capability_0_safety_0,1,0.09988281140977051,299,0.358125,0.0,0.375,0,410,0,0,8.029583841562271e-05,2.343579053878784,1.2999927997589111,-0.0009529958479106426,0.0,0.36120089888572693
829,guidance_0_capability_0_safety_0,1,0.01315429601163487,299,0.439375,0.0,0.375,0,666,0,0,-0.0005509328912012279,1.9332435131072998,1.274268627166748,0.0012150451075285673,0.0,0.37540656328201294
830,guidance_0_capability_0_safety_0,1,0.02998046681386768,299,0.526875,0.0,0.5,0,922,0,0,-0.0031163222156465054,0.8806980848312378,1.2709834575653076,-0.001505336258560419,0.0,0.3732151687145233
831,guidance_0_capability_0_safety_0,1,0.1364355438927305,300,0.22,0.0,0.0,0,178,0,0,0.0014744601212441921,4.179428577423096,1.3144609928131104,0.004351446405053139,0.0,0.36416739225387573
832,guidance_0_capability_0_safety_0,1,0.10199218712659786,300,0.403125,0.0,0.25,0,434,0,0,-0.005518047139048576,3.104398727416992,1.3274141550064087,0.003703203983604908,0.0,0.3475841283798218
833,guidance_0_capability_0_safety_0,1,0.10048827871651156,300,0.580625,0.0,0.625,0,690,0,0,-0.0032398102339357138,5.371645927429199,1.3514525890350342,0.0029534026980400085,0.0,0.33724015951156616
834,guidance_0_capability_0_safety_0,1,0.047148436486168066,300,0.671875,0.0,0.875,0,946,0,0,-0.0033188853412866592,2.011455774307251,1.328397274017334,0.0013670881744474173,0.0,0.34829312562942505
835,guidance_0_capability_0_safety_0,1,0.17143554777067038,301,0.345,0.0,0.375,0,202,0,0,-0.001264152117073536,2.613177537918091,1.3624824285507202,0.004406385123729706,0.0,0.32552284002304077
836,guidance_0_capability_0_safety_0,1,0.07328124771811417,301,0.498125,0.0,0.625,0,458,0,0,-0.0028106719255447388,2.8484811782836914,1.3471505641937256,0.003593775210902095,0.0,0.31989744305610657
837,guidance_0_capability_0_safety_0,1,0.04450195236495347,301,0.62625,0.0,0.625,0,714,0,0,-0.0013495817547664046,0.49157431721687317,1.2560601234436035,0.0013099074130877852,0.0,0.3794332444667816
838,guidance_0_capability_0_safety_0,1,-0.011113283759186743,301,0.6675,0.0,0.75,0,970,0,0,-0.0023214719258248806,1.5697340965270996,1.2814998626708984,0.0005132618243806064,0.0,0.36183565855026245
839,guidance_0_capability_0_safety_0,1,0.21223632771216216,302,0.309375,0.0,0.5,0,226,0,0,-0.0005514234071597457,4.410317897796631,1.328352451324463,-0.002054522978141904,0.0,0.34966811537742615
840,guidance_0_capability_0_safety_0,1,0.05908203130820766,302,0.46875,0.0,0.5,0,482,0,0,-0.0014459607191383839,1.66604745388031,1.2786836624145508,0.0008888323791325092,0.0,0.36028358340263367
841,guidance_0_capability_0_safety_0,1,0.06250976536466624,302,0.585625,0.0,0.75,0,738,0,0,-0.0016979215433821082,1.9758100509643555,1.3023003339767456,0.0004748199135065079,0.0,0.341619610786438
842,guidance_0_capability_0_safety_0,1,0.035576170397689566,302,0.685625,0.0,0.875,0,994,0,0,-0.0033539640717208385,2.494354248046875,1.221482753753662,0.004893234930932522,0.0,0.3899306654930115
843,guidance_0_capability_0_safety_0,1,0.21785156406986061,303,0.355625,0.0,0.375,0,250,0,0,-0.00056315993424505,5.886859893798828,1.1798491477966309,0.0008496519876644015,0.0,0.4245471954345703
844,guidance_0_capability_0_safety_0,1,0.029023437105934136,303,0.46875,0.0,0.375,0,506,0,0,-0.0013411741238087416,2.1036911010742188,1.1628527641296387,0.0006826426833868027,0.0,0.44071948528289795
845,guidance_0_capability_0_safety_0,1,-0.0015820313710719347,303,0.5275,0.0,0.375,0,762,0,0,0.00036351289600133896,0.9404988884925842,1.1781749725341797,-0.00017644527542870492,0.0,0.42569905519485474
846,guidance_0_capability_0_safety_0,1,0.039296873212151695,304,0.035625,0.0,0.25,0,18,0,0,-0.002371386392042041,1.118077039718628,1.1470818519592285,0.0018314355984330177,0.0,0.4293728768825531
847,guidance_0_capability_0_safety_0,1,0.2025976547447499,304,0.40625,0.0,0.75,0,274,0,0,0.0010947014670819044,5.944767951965332,1.1085882186889648,-0.0012266526464372873,0.0,0.4648265838623047
848,guidance_0_capability_0_safety_0,1,0.025234374857973307,304,0.48625,0.0,0.875,0,530,0,0,-0.0005878452211618423,2.2138333320617676,0.9910035133361816,-0.0005594706162810326,0.0,0.5347601771354675
849,guidance_0_capability_0_safety_0,1,0.060898438314325176,304,0.625,0.0,1.0,0,786,0,0,-0.0011753120925277472,2.193315029144287,1.0694241523742676,-0.0007853767601773143,0.0,0.4898284375667572
850,guidance_0_capability_0_safety_0,1,0.11531249871768523,305,0.09625,0.0,0.125,0,42,0,0,0.0006571328267455101,3.6162939071655273,1.0061969757080078,0.00021271796140354127,0.0,0.5211025476455688
851,guidance_0_capability_0_safety_0,1,0.11378906387835741,305,0.388125,0.0,0.375,0,298,0,0,-0.0006026891060173512,7.1222686767578125,1.0315558910369873,0.0004261457361280918,0.0,0.5046629309654236
852,guidance_0_capability_0_safety_0,1,0.04428710869979113,305,0.5025,0.0,0.625,0,554,0,0,-0.0014683970948681235,4.155394554138184,1.038095474243164,-0.0004607238806784153,0.0,0.5062805414199829
853,guidance_0_capability_0_safety_0,1,0.05075195488461759,305,0.605,0.0,0.875,0,810,0,0,-0.0011273741256445646,2.0348048210144043,1.0175726413726807,0.00027166324434801936,0.0,0.5079983472824097
854,guidance_0_capability_0_safety_0,1,0.07849609380355105,306,0.13875,0.0,0.0,0,66,0,0,-0.000896668410860002,1.5741453170776367,0.9930002689361572,0.000204102456336841,0.0,0.5427479147911072
855,guidance_0_capability_0_safety_0,1,0.15521484579949174,306,0.40875,0.0,0.25,0,322,0,0,-0.0029942598193883896,2.705019950866699,1.0665740966796875,0.0005561801372095942,0.0,0.4898623824119568
856,guidance_0_capability_0_safety_0,1,0.03817382833221927,306,0.510625,0.0,0.375,0,578,0,0,5.605848127743229e-05,1.0888644456863403,1.087615966796875,0.0021911528892815113,0.0,0.4893288016319275
857,guidance_0_capability_0_safety_0,1,0.05338867302634753,306,0.6375,0.0,0.5,0,834,0,0,-0.0008264449425041676,1.9671506881713867,1.1355112791061401,0.00023559869441669434,0.0,0.4636158347129822
858,guidance_0_capability_0_safety_0,1,0.07947265252005309,308,0.115,0.0,0.0,0,49,0,0,-0.0010965305846184492,14.116090774536133,1.1115057468414307,0.0005752197466790676,0.0,0.4641668200492859
859,guidance_0_capability_0_safety_0,1,0.21309570010998868,308,0.42375,0.0,0.75,0,305,0,0,-0.0010841743787750602,7.226456165313721,1.1601338386535645,-9.917297575157136e-05,0.0,0.4321386218070984
860,guidance_0_capability_0_safety_0,1,0.1386035133182304,308,0.66875,0.0,1.0,0,561,0,0,-0.0005660679889842868,5.231488227844238,1.1459355354309082,0.0010561337694525719,0.0,0.4585728049278259
861,guidance_0_capability_0_safety_0,1,0.000292968557914719,308,0.73,0.0,1.0,0,817,0,0,-0.001677709398791194,1.0016604661941528,1.1450393199920654,0.0009308024309575558,0.0,0.45431050658226013
862,guidance_0_capability_0_safety_0,1,0.1111132813457516,309,0.161875,0.0,0.25,0,73,0,0,-0.0005577089032158256,1.5302385091781616,1.1748145818710327,-0.00027950466028414667,0.0,0.43357229232788086
863,guidance_0_capability_0_safety_0,1,0.11080078022496309,309,0.415625,0.0,0.25,0,329,0,0,-0.001379473484121263,1.7533230781555176,1.1739622354507446,0.0011849072761833668,0.0,0.4403212070465088
864,guidance_0_capability_0_safety_0,1,0.0037597653281409293,309,0.4625,0.0,0.375,0,585,0,0,-1.5956661059135513e-07,1.1100335121154785,1.2066726684570312,0.001290134503506124,0.0,0.4265102744102478
865,guidance_0_capability_0_safety_0,1,0.02289062498311978,309,0.521875,0.0,0.625,0,841,0,0,-0.0010687678586691618,2.9331581592559814,1.2207552194595337,0.0015424946323037148,0.0,0.4212685525417328
866,guidance_0_capability_0_safety_0,1,0.18340820228331722,311,0.178125,0.0,0.375,0,80,0,0,-0.0008291316917166114,21.764202117919922,1.2468345165252686,0.00029044848633930087,0.0,0.40295276045799255
867,guidance_0_capability_0_safety_0,1,0.10053710918873549,311,0.381875,0.0,0.5,0,336,0,0,0.0007601247052662075,1.8054723739624023,1.2564375400543213,-0.0007746306946501136,0.0,0.3960200548171997
868,guidance_0_capability_0_safety_0,1,0.07788085997162852,311,0.55,0.0,0.625,0,592,0,0,-0.001573426416143775,1.877410650253296,1.311396598815918,-0.0006441456498578191,0.0,0.35928452014923096
869,guidance_0_capability_0_safety_0,1,0.026015624491265044,311,0.634375,0.0,0.75,0,848,0,0,-0.0015058958670124412,1.611325740814209,1.2690157890319824,0.0005677971057593822,0.0,0.3888673186302185
870,guidance_0_capability_0_safety_0,1,0.1056347650664975,312,0.188125,0.0,0.0,0,104,0,0,-0.00039114494575187564,0.914888858795166,1.2650911808013916,3.740750253200531e-05,0.0,0.3865838050842285
871,guidance_0_capability_0_safety_0,1,0.09726562484866008,312,0.38625,0.0,0.125,0,360,0,0,-0.002031087875366211,1.7261817455291748,1.3075757026672363,3.1622905225958675e-05,0.0,0.38101667165756226
872,guidance_0_capability_0_safety_0,1,0.05196289165178314,312,0.474375,0.0,0.5,0,616,0,0,-0.0018516909331083298,3.6387839317321777,1.2819135189056396,0.002249712822958827,0.0,0.39508509635925293
873,guidance_0_capability_0_safety_0,1,0.024335937152500264,312,0.575625,0.0,0.5,0,872,0,0,-0.0020969966426491737,1.4925363063812256,1.276779055595398,-0.001063055358827114,0.0,0.37733349204063416
874,guidance_0_capability_0_safety_0,1,0.08067382418812485,314,0.075625,0.0,0.125,0,33,0,0,-0.0022370058577507734,7.207786560058594,1.3529642820358276,-0.0005203787004575133,0.0,0.33608198165893555
875,guidance_0_capability_0_safety_0,1,0.20457031226032996,314,0.380625,0.0,0.75,0,289,0,0,-0.0005077185924164951,7.08953857421875,1.3837358951568604,0.002036477904766798,0.0,0.3384316861629486
876,guidance_0_capability_0_safety_0,1,0.053642577440768946,314,0.53875,0.0,0.75,0,545,0,0,-0.003110669320449233,1.7061134576797485,1.4142345190048218,-0.0009195843595080078,0.0,0.3121412992477417
877,guidance_0_capability_0_safety_0,1,-0.038632813757430995,314,0.566875,0.0,0.75,0,801,0,0,-0.002395800780504942,0.990781843662262,1.4300121068954468,-4.946067929267883e-05,0.0,0.30683717131614685
878,guidance_0_capability_0_safety_0,1,0.021025390215072548,316,0.09625,0.0,0.0,0,43,0,0,-0.00020286875951569527,15.731342315673828,1.441634178161621,-0.0014115440426394343,0.0,0.28549429774284363
879,guidance_0_capability_0_safety_0,1,0.19425781334211933,316,0.47,0.0,0.0,0,299,0,0,-0.00033859413815662265,3.1714611053466797,1.4777638912200928,0.0009323006961494684,0.0,0.28692492842674255
880,guidance_0_capability_0_safety_0,1,0.025654296528955456,316,0.57625,0.0,0.0,0,555,0,0,-0.00035406899405643344,0.7966026067733765,1.4808242321014404,9.18710939004086e-05,0.0,0.28169506788253784
881,guidance_0_capability_0_safety_0,1,-0.0010937504521280061,316,0.630625,0.0,0.0,0,811,0,0,-0.002344028791412711,0.7747141122817993,1.4893176555633545,0.0006635424215346575,0.0,0.2755911350250244
882,guidance_0_capability_0_safety_0,1,0.06559570254466962,318,0.10875,0.0,0.125,0,52,0,0,-0.0018554187845438719,12.542969703674316,1.4603333473205566,-0.001845244667492807,0.0,0.28821083903312683
883,guidance_0_capability_0_safety_0,1,0.20507812610594556,318,0.444375,0.0,0.5,0,308,0,0,-0.0010436931625008583,6.72668981552124,1.4790462255477905,0.0002087610773742199,0.0,0.2876351475715637
884,guidance_0_capability_0_safety_0,1,0.054228514829446794,318,0.5725,0.0,0.625,0,564,0,0,-0.004981159698218107,1.3850325345993042,1.5028035640716553,-0.0013047484681010246,0.0,0.27255499362945557
885,guidance_0_capability_0_safety_0,1,0.06380859222554136,318,0.70125,0.0,0.875,0,820,0,0,-0.0034437193535268307,2.7741613388061523,1.4721107482910156,0.0005914747598581016,0.010416666977107525,0.29052507877349854
886,guidance_0_capability_0_safety_0,1,0.11326171815380803,319,0.154375,0.0,0.25,0,76,0,0,0.0007155593484640121,2.3525679111480713,1.493041753768921,-0.0005315220914781094,0.0,0.26966190338134766
887,guidance_0_capability_0_safety_0,1,0.19335937649884727,319,0.47125,0.0,0.625,0,332,0,0,-0.000682178302668035,2.8074896335601807,1.5193065404891968,0.0004618801176548004,0.0,0.2545151710510254
888,guidance_0_capability_0_safety_0,1,0.052207031010766514,319,0.59875,0.0,0.75,0,588,0,0,-0.003906607162207365,1.331153154373169,1.4863805770874023,-0.0003553280548658222,0.0,0.2707924246788025
889,guidance_0_capability_0_safety_0,1,0.08047851412266027,319,0.78625,0.0,0.875,0,844,0,0,0.001308719627559185,2.759455442428589,1.5003421306610107,0.00014363540685735643,0.0,0.2645968794822693
890,guidance_0_capability_0_safety_0,1,0.12252929627720732,320,0.1925,0.0,0.25,0,100,0,0,-0.001199508784338832,2.133033275604248,1.4633487462997437,0.00022258904937189072,0.0,0.2776451110839844
891,guidance_0_capability_0_safety_0,1,0.20597656261816155,320,0.5275,0.0,0.625,0,356,0,0,-0.0012626145035028458,7.981513977050781,1.459474802017212,0.0011536218225955963,0.0,0.28107529878616333
892,guidance_0_capability_0_safety_0,1,0.09083007655135589,320,0.715,0.0,0.75,0,612,0,0,-0.00041911256266757846,2.0155253410339355,1.4231284856796265,-0.001250480767339468,0.0,0.31493818759918213
893,guidance_0_capability_0_safety_0,1,0.07616210951528046,320,0.8875,0.0,0.875,0,868,0,0,-0.001030936255119741,1.9955140352249146,1.442664384841919,-0.0004265831666998565,0.0,0.28826889395713806
894,guidance_0_capability_0_safety_0,1,0.11942382810229901,321,0.21375,0.0,0.25,0,124,0,0,-0.000984949991106987,2.6864466667175293,1.4099407196044922,-9.382128337165341e-05,0.0,0.3053849935531616
895,guidance_0_capability_0_safety_0,1,0.06968749976658728,321,0.3725,0.0,0.375,0,380,0,0,0.0006010259385220706,3.897209882736206,1.4408750534057617,5.06678297824692e-05,0.0,0.2902052402496338
896,guidance_0_capability_0_safety_0,1,0.18531250003070454,321,0.670625,0.0,0.75,0,636,0,0,9.010856956592761e-06,5.730327129364014,1.4044437408447266,-0.00043123215436935425,0.0,0.3140825927257538
897,guidance_0_capability_0_safety_0,1,0.025419920872082002,321,0.776875,0.0,0.75,0,892,0,0,-0.0006086553330533206,0.8408198356628418,1.409377932548523,0.00012332217011135072,0.0,0.3068159520626068
898,guidance_0_capability_0_safety_0,1,0.09349609553464688,322,0.225,0.0,0.25,0,148,0,0,-0.001007940387353301,3.456566333770752,1.3631572723388672,0.0008123248699121177,0.0,0.32222115993499756
899,guidance_0_capability_0_safety_0,1,0.09676757843408268,322,0.445625,0.0,0.375,0,404,0,0,-0.0012053819373250008,3.074209451675415,1.3827426433563232,0.0005124621093273163,0.0,0.3136973977088928
900,guidance_0_capability_0_safety_0,1,0.12775390782917384,322,0.66625,0.0,0.625,0,660,0,0,0.0007798675214871764,1.8036963939666748,1.390190839767456,-0.00036632674164138734,0.0,0.3230305016040802
901,guidance_0_capability_0_safety_0,1,0.07261718680092599,322,0.80625,0.0,0.875,0,916,0,0,-0.002158493734896183,2.5710349082946777,1.3922550678253174,0.00028603276587091386,0.0,0.32880979776382446
902,guidance_0_capability_0_safety_0,1,0.13438476637020358,323,0.229375,0.0,0.25,0,172,0,0,-0.00023633241653442383,3.0351197719573975,1.4062795639038086,-4.344061017036438e-05,0.0,0.3050803542137146
903,guidance_0_capability_0_safety_0,1,0.08319335876512923,323,0.406875,0.0,0.375,0,428,0,0,0.0002332671283511445,1.6209505796432495,1.4415504932403564,-0.0002470572362653911,0.0,0.28898757696151733
904,guidance_0_capability_0_safety_0,1,0.1554101576548419,323,0.660625,0.0,0.75,0,684,0,0,-0.0004057371988892555,3.7513556480407715,1.4126267433166504,0.00014893167826812714,0.0,0.30143898725509644
905,guidance_0_capability_0_safety_0,1,0.0020605460777005646,323,0.72375,0.0,0.75,0,940,0,0,-0.00031535327434539795,0.839167594909668,1.4177031517028809,-0.00020458720973692834,0.0,0.2957332730293274
906,guidance_0_capability_0_safety_0,1,0.19499999878462404,324,0.2775,0.0,0.375,0,196,0,0,-0.00016601136303506792,3.704521894454956,1.4107186794281006,6.324471905827522e-05,0.0,0.2999573349952698
907,guidance_0_capability_0_safety_0,1,0.1033007820660714,324,0.4875,0.0,0.5,0,452,0,0,-0.0011856285855174065,2.5989480018615723,1.4174822568893433,0.00045028096064925194,0.0,0.3028247654438019
908,guidance_0_capability_0_safety_0,1,0.10364257798210019,324,0.7,0.0,0.625,0,708,0,0,-0.0009087873622775078,2.38643741607666,1.439599871635437,0.0007613920606672764,0.0,0.2902383506298065
909,guidance_0_capability_0_safety_0,1,0.03846679466732894,324,0.7825,0.0,0.875,0,964,0,0,-0.0011857798090204597,0.9848876595497131,1.420708417892456,0.0005857045762240887,0.0,0.30535364151000977
910,guidance_0_capability_0_safety_0,1,0.2206542978892685,325,0.313125,0.0,0.75,0,220,0,0,-0.0006065201014280319,3.100120782852173,1.4116220474243164,-0.0004898081533610821,0.0,0.3008531332015991
911,guidance_0_capability_0_safety_0,1,0.07976562337717041,325,0.47875,0.0,0.875,0,476,0,0,-0.0001721965818433091,1.3285388946533203,1.4580438137054443,0.00023854849860072136,0.0,0.285425066947937
912,guidance_0_capability_0_safety_0,1,0.028554687625728548,325,0.55875,0.0,1.0,0,732,0,0,-0.00017209770157933235,1.901736855506897,1.4315299987792969,0.00025224810815416276,0.0,0.2934052646160126
913,guidance_0_capability_0_safety_0,1,0.00420898357333499,325,0.62125,0.0,1.0,0,988,0,0,-0.0015029069036245346,0.4147464632987976,1.4550657272338867,-0.00037044272175990045,0.0,0.2863861918449402
914,guidance_0_capability_0_safety_0,1,0.12726562381430995,326,0.3125,0.0,0.0,0,244,0,0,-0.0010119875660166144,3.7831053733825684,1.4404001235961914,0.0004795867425855249,0.0,0.28556591272354126
915,guidance_0_capability_0_safety_0,1,0.1943164080439601,326,0.573125,0.0,0.75,0,500,0,0,-0.0010684611042961478,5.193124294281006,1.4485968351364136,0.0006018195999786258,0.0,0.2968321740627289
916,guidance_0_capability_0_safety_0,1,0.03998046850756509,326,0.688125,0.0,0.75,0,756,0,0,-0.0019004109781235456,1.0341453552246094,1.3769302368164062,-0.0003642112424131483,0.0,0.3178144097328186
917,guidance_0_capability_0_safety_0,1,0.013818358907883521,327,0.023125,0.0,0.0,0,12,0,0,-0.002752281492576003,0.46622127294540405,1.4454848766326904,0.0007471630233339965,0.0,0.2816399335861206
918,guidance_0_capability_0_safety_0,1,0.06453124932158971,328,0.25375,0.0,0.0,0,242,0,0,-5.034605783293955e-05,23.081863403320312,1.3973052501678467,0.0014306808589026332,0.0,0.2986160218715668
919,guidance_0_capability_0_safety_0,1,0.20733398494121502,328,0.55375,0.0,0.625,0,498,0,0,-0.0007967253914102912,4.952953815460205,1.417017936706543,0.0018738101935014129,0.0,0.29106390476226807
920,guidance_0_capability_0_safety_0,1,0.07873046701570274,328,0.690625,0.0,0.875,0,754,0,0,-0.0006598476320505142,2.343444347381592,1.3800544738769531,0.0009264221298508346,0.0,0.3011912703514099
921,guidance_0_capability_0_safety_0,1,0.04880859300101292,329,0.02375,0.0,0.0,0,10,0,0,-0.0011590499198064208,0.6460051536560059,1.3969106674194336,-0.00015277804050128907,0.0,0.30358967185020447
922,guidance_0_capability_0_safety_0,1,0.177451171897701,331,0.34875,0.0,0.625,0,242,0,0,-0.000657958909869194,27.798551559448242,1.3806476593017578,4.293862730264664e-06,0.0,0.30009281635284424
923,guidance_0_capability_0_safety_0,1,0.09717773422016762,331,0.54875,0.0,0.75,0,498,0,0,-0.0018130557145923376,3.555790901184082,1.3743865489959717,0.0008143821614794433,0.0,0.30903205275535583
924,guidance_0_capability_0_safety_0,1,0.08013671640946995,332,0.1775,0.0,0.125,0,85,0,0,-0.0009889136999845505,3.6427669525146484,1.354198932647705,-0.000976652605459094,0.0,0.32202768325805664
925,guidance_0_capability_0_safety_0,1,0.1515527340961853,332,0.445,0.0,0.375,0,341,0,0,-0.0018461616709828377,2.1210546493530273,1.370044469833374,-0.00034745768061839044,0.0,0.3093022406101227
926,guidance_0_capability_0_safety_0,1,-0.01684570385259576,332,0.48,0.0,0.375,0,597,0,0,0.00014761215425096452,3.1182565689086914,1.375523328781128,0.0022342053707689047,0.0,0.31573647260665894
927,guidance_0_capability_0_safety_0,1,0.028798827901482582,332,0.570625,0.0,0.5,0,853,0,0,-0.0015276323538273573,2.788339138031006,1.366766333580017,-0.0009314017370343208,0.0,0.31036585569381714
928,guidance_0_capability_0_safety_0,1,0.12588866996884462,333,0.201875,0.0,0.0,0,109,0,0,-0.003169384552165866,1.3490149974822998,1.3916276693344116,0.0011187655618414283,0.0,0.3094823360443115
929,guidance_0_capability_0_safety_0,1,0.20932617319340352,333,0.50625,0.0,0.625,0,365,0,0,0.0015299529768526554,5.81684684753418,1.3817132711410522,-0.0005559606361202896,0.0,0.304775595664978
930,guidance_0_capability_0_safety_0,1,0.0816503911773907,333,0.6625,0.0,0.875,0,621,0,0,-0.0012369116302579641,2.1919384002685547,1.420649528503418,0.002391392830759287,0.0,0.29584604501724243
931,guidance_0_capability_0_safety_0,1,-0.0013964851677883416,333,0.724375,0.0,0.875,0,877,0,0,-0.0002625510096549988,0.8410801291465759,1.4404642581939697,-0.0004392421687953174,0.0,0.2798885703086853
932,guidance_0_capability_0_safety_0,1,0.06783203086160938,334,0.144375,0.0,0.0,0,133,0,0,5.163097375771031e-05,2.033541679382324,1.433458685874939,-6.47649503662251e-05,0.0,0.2843504846096039
933,guidance_0_capability_0_safety_0,1,0.19278320181911113,334,0.48375,0.0,0.375,0,389,0,0,-0.0016183052211999893,2.7358765602111816,1.4266166687011719,2.868659794330597e-05,0.0,0.28434622287750244
934,guidance_0_capability_0_safety_0,1,0.08541015461014467,334,0.633125,0.0,0.625,0,645,0,0,-0.003795353230088949,1.845712423324585,1.4364293813705444,0.0028093080036342144,0.0,0.2686500549316406
935,guidance_0_capability_0_safety_0,1,0.0676074225193588,334,0.7675,0.0,0.875,0,901,0,0,-0.0010473586153239012,2.0961356163024902,1.417212724685669,-0.00028845854103565216,0.0,0.2904965579509735
936,guidance_0_capability_0_safety_0,1,0.16202148186857812,335,0.285,0.0,0.375,0,157,0,0,-0.001897216192446649,2.5483739376068115,1.4194974899291992,-0.0006006748299114406,0.0,0.2884739637374878
937,guidance_0_capability_0_safety_0,1,0.11330078176979441,335,0.51625,0.0,0.5,0,413,0,0,-0.002375209704041481,2.6983466148376465,1.4004409313201904,0.0002253442071378231,0.0,0.3079073131084442
938,guidance_0_capability_0_safety_0,1,0.03465820288693067,335,0.635,0.0,0.5,0,669,0,0,0.0011943470453843474,2.0197858810424805,1.389108657836914,0.0015941578894853592,0.0,0.30956873297691345
939,guidance_0_capability_0_safety_0,1,0.08728515448092367,335,0.781875,0.0,0.875,0,925,0,0,-0.0004576050559990108,5.289627552032471,1.3829619884490967,-0.0001759994775056839,0.0,0.3212530314922333
940,guidance_0_capability_0_safety_0,1,0.15605468663852662,336,0.259375,0.0,0.375,0,181,0,0,-0.002698364434763789,3.587538003921509,1.3587726354599,0.0012088227085769176,0.0,0.3197314739227295
941,guidance_0_capability_0_safety_0,1,0.1537304690464225,336,0.545625,0.0,0.5,0,437,0,0,0.0005227692308835685,3.1137757301330566,1.3727672100067139,-0.00032325959182344377,0.0,0.33393609523773193
942,guidance_0_capability_0_safety_0,1,0.021025389301939867,336,0.62875,0.0,0.625,0,693,0,0,-1.4085943803365808e-05,1.2360999584197998,1.3743247985839844,0.00026441924273967743,0.0,0.31963831186294556
943,guidance_0_capability_0_safety_0,1,0.025957030844438123,336,0.715,0.0,0.625,0,949,0,0,-0.003059189300984144,0.6295754909515381,1.3493804931640625,-5.0157465011579916e-05,0.0,0.32215866446495056
944,guidance_0_capability_0_safety_0,1,0.1816113271197537,337,0.309375,0.0,0.25,0,205,0,0,-0.005212693940848112,2.6173605918884277,1.3263074159622192,0.0005817312630824745,0.0,0.3283631503582001
945,guidance_0_capability_0_safety_0,1,0.11510742235986982,337,0.536875,0.0,0.5,0,461,0,0,-0.00186724157538265,1.5122233629226685,1.39718759059906,-0.001281446311622858,0.0,0.3218727707862854
946,guidance_0_capability_0_safety_0,1,0.087812499012216,337,0.716875,0.0,0.625,0,717,0,0,0.00019073890871368349,2.617471694946289,1.3819634914398193,0.0011061009718105197,0.0,0.3236849308013916
947,guidance_0_capability_0_safety_0,1,-0.013808594580041245,337,0.75375,0.0,0.75,0,973,0,0,-7.694835949223489e-05,1.51434326171875,1.3729569911956787,0.0009638557094149292,0.0,0.33236879110336304
948,guidance_0_capability_0_safety_0,1,0.17750000143132638,338,0.31375,0.0,0.25,0,229,0,0,-0.0026781801134347916,1.9448695182800293,1.3742969036102295,0.0009665413526818156,0.0,0.3283956050872803
949,guidance_0_capability_0_safety_0,1,0.12339843745576218,338,0.53,0.0,0.75,0,485,0,0,0.00011847680434584618,2.383720636367798,1.4148715734481812,0.0025933559518307447,0.0,0.3117426037788391
950,guidance_0_capability_0_safety_0,1,0.042187499995634425,338,0.658125,0.0,0.75,0,741,0,0,-0.002877692459151149,1.5011142492294312,1.419468879699707,0.0011598528362810612,0.0,0.30457383394241333
951,guidance_0_capability_0_safety_0,1,0.003955076841521077,338,0.7425,0.0,0.75,0,997,0,0,-0.004588419571518898,0.6706439852714539,1.3412222862243652,0.004654687829315662,0.0,0.33159339427948
952,guidance_0_capability_0_safety_0,1,0.2268945331015857,339,0.37,0.0,0.375,0,253,0,0,-0.001701065106317401,5.099348068237305,1.3497982025146484,0.0010607357835397124,0.014322916977107525,0.326695054769516
953,guidance_0_capability_0_safety_0,1,0.09401367230384494,339,0.53375,0.0,0.625,0,509,0,0,-0.0015243738889694214,1.7400624752044678,1.3159947395324707,0.0009430277859792113,0.0,0.35193729400634766
954,guidance_0_capability_0_safety_0,1,-0.009746094085130608,339,0.57625,0.0,0.625,0,765,0,0,0.0003641707298811525,0.342130184173584,1.268192172050476,0.0007658774848096073,0.0,0.3683891296386719
955,guidance_0_capability_0_safety_0,1,0.020029297258588485,341,0.01125,0.0,0.0,0,5,0,0,-0.0011138053378090262,20.345808029174805,1.2561166286468506,0.0009519577724859118,0.0,0.37761151790618896
956,guidance_0_capability_0_safety_0,1,0.15668945366633125,341,0.335,0.0,0.125,0,261,0,0,0.0007566185668110847,3.600635528564453,1.2592365741729736,-6.277300417423248e-05,0.0,0.3743317723274231
957,guidance_0_capability_0_safety_0,1,0.054775389544374775,341,0.454375,0.0,0.25,0,517,0,0,-0.000132744200527668,1.0562800168991089,1.222960352897644,0.0002042480482487008,0.0,0.386764258146286
958,guidance_0_capability_0_safety_0,1,0.13397460745181888,341,0.69625,0.0,0.625,0,773,0,0,-6.710737943649292e-05,6.232563495635986,1.222380518913269,0.00017095186922233552,0.0,0.3903375566005707
959,guidance_0_capability_0_safety_0,1,0.03605468688692781,342,0.064375,0.0,0.0,0,29,0,0,-0.0014726389199495316,0.8546149730682373,1.2402697801589966,0.0007670437917113304,0.0,0.3844143748283386
960,guidance_0_capability_0_safety_0,1,0.1974316409068706,342,0.4125,0.0,0.25,0,285,0,0,-0.0008407058194279671,1.5382018089294434,1.2009614706039429,-0.001201264327391982,0.0,0.4239501357078552
961,guidance_0_capability_0_safety_0,1,0.07723632940542302,342,0.553125,0.0,0.5,0,541,0,0,-0.005129895638674498,1.7185431718826294,1.176255226135254,0.00023837899789214134,0.0,0.440936416387558
962,guidance_0_capability_0_safety_0,1,0.04176757757522864,342,0.694375,0.0,0.5,0,797,0,0,-0.0027869229670614004,1.0923515558242798,1.1746799945831299,0.0036932765506207943,0.0013020833721384406,0.4215257167816162
963,guidance_0_capability_0_safety_0,1,0.03688476633396931,344,0.030625,0.0,0.0,0,25,0,0,-8.009995508473366e-05,10.312049865722656,1.204256296157837,0.00020951591432094574,0.0,0.4162279963493347
964,guidance_0_capability_0_safety_0,1,0.2262988272086659,344,0.396875,0.0,0.5,0,281,0,0,0.0004253961960785091,5.5492143630981445,1.2190618515014648,0.0021051685325801373,0.0,0.38647112250328064
965,guidance_0_capability_0_safety_0,1,0.10945312548210495,344,0.6075,0.0,0.625,0,537,0,0,0.0003824792802333832,2.145296335220337,1.2142003774642944,0.00015111034736037254,0.0,0.42207950353622437
966,guidance_0_capability_0_safety_0,1,0.07379882882378297,344,0.759375,0.0,0.75,0,793,0,0,-0.0002236107102362439,2.4846644401550293,1.1654598712921143,-0.00047380663454532623,0.0,0.4501534402370453
967,guidance_0_capability_0_safety_0,1,-0.041787110018049134,347,0.005625,0.0,0.0,0,0,0,0,-7.155165076255798e-05,46.40350341796875,1.2423380613327026,0.00035110380849801004,0.0,0.3958088755607605
968,guidance_0_capability_0_safety_0,1,0.20113281275553163,348,0.188125,0.0,0.125,0,95,0,0,-0.0002250615507364273,24.29515838623047,1.1607168912887573,1.5772724509588443e-05,0.0,0.43545231223106384
969,guidance_0_capability_0_safety_0,1,0.1311816406341677,348,0.47625,0.0,0.625,0,351,0,0,-0.0011198775609955192,4.983687400817871,1.191920280456543,-0.000152015287312679,0.0,0.43530067801475525
970,guidance_0_capability_0_safety_0,1,0.04143554673646577,348,0.63,0.0,0.625,0,607,0,0,-0.0019600428640842438,1.0525630712509155,1.1230758428573608,0.00034728492028079927,0.0,0.4653780162334442
971,guidance_0_capability_0_safety_0,1,0.04614257772118435,348,0.76,0.0,0.75,0,863,0,0,-0.0017245940398424864,2.5625522136688232,1.1269890069961548,0.0011207977076992393,0.0,0.4543035924434662
972,guidance_0_capability_0_safety_0,1,0.12931640853275894,349,0.215,0.0,0.125,0,119,0,0,-0.0042584920302033424,1.5322595834732056,1.1030287742614746,0.000156900699948892,0.0026041667442768812,0.49203166365623474
973,guidance_0_capability_0_safety_0,1,0.2157812484074384,349,0.58,0.0,0.375,0,375,0,0,-0.00039236992597579956,2.5406811237335205,1.090214490890503,0.000604714616201818,0.0,0.4874943196773529
974,guidance_0_capability_0_safety_0,1,-0.01803710982494522,349,0.628125,0.0,0.375,0,631,0,0,-0.00031825900077819824,3.369201183319092,1.11260986328125,0.0010654435027390718,0.0,0.4694943428039551
975,guidance_0_capability_0_safety_0,1,0.02218749876919901,349,0.681875,0.0,0.625,0,887,0,0,-0.0006056450074538589,1.4793953895568848,1.0643799304962158,0.0006682713283225894,0.0,0.5004051923751831
976,guidance_0_capability_0_safety_0,1,0.11948242418293376,351,0.2425,0.0,0.125,0,121,0,0,-0.0005825398257002234,23.7786808013916,1.091452717781067,-0.0006773335626348853,0.0,0.46583759784698486
977,guidance_0_capability_0_safety_0,1,0.18466797177461558,351,0.520625,0.0,0.625,0,377,0,0,0.0006185317179188132,3.6702098846435547,1.108147144317627,0.0005301378550939262,0.0,0.46156758069992065
978,guidance_0_capability_0_safety_0,1,0.06857421833410626,351,0.6625,0.0,0.75,0,633,0,0,-0.0020543537102639675,1.9244053363800049,1.1344598531723022,0.0004378169251140207,0.0,0.43884119391441345
979,guidance_0_capability_0_safety_0,1,0.0005664061100105755,351,0.718125,0.0,0.75,0,889,0,0,-0.0003408470074646175,0.569640040397644,1.0832091569900513,-0.00034530306584201753,0.0,0.4839780330657959
980,guidance_0_capability_0_safety_0,1,0.09262695379220531,352,0.166875,0.0,0.0,0,145,0,0,-0.0003457271377556026,3.0969061851501465,1.0559852123260498,0.0008048359304666519,0.0,0.4814683794975281
981,guidance_0_capability_0_safety_0,1,0.292988280809368,352,0.56375,0.0,0.875,0,401,0,0,0.0008373614400625229,9.723387718200684,1.087256908416748,-0.000788551289588213,0.0,0.4842817485332489
982,guidance_0_capability_0_safety_0,1,0.044316406405414455,352,0.694375,0.0,0.875,0,657,0,0,-0.002925741020590067,1.6600703001022339,1.0895025730133057,0.0019574472680687904,0.0026041667442768812,0.4709499478340149
983,guidance_0_capability_0_safety_0,1,0.01732421868655365,352,0.780625,0.0,0.875,0,913,0,0,-0.006038505584001541,0.47117817401885986,1.0341687202453613,0.001077211694791913,0.00911458395421505,0.5105151534080505
984,guidance_0_capability_0_safety_0,1,0.20220703173981747,353,0.283125,0.0,0.375,0,169,0,0,-0.0004237790999468416,3.7864885330200195,1.0390185117721558,0.0024928650818765163,0.00911458395421505,0.5035423636436462
985,guidance_0_capability_0_safety_0,1,0.17604492181635578,353,0.56125,0.0,0.75,0,425,0,0,-0.0026288344524800777,2.247375249862671,1.0081322193145752,0.0036282017827033997,0.0026041667442768812,0.5069332122802734
986,guidance_0_capability_0_safety_0,1,0.030488280885037966,353,0.665,0.0,0.75,0,681,0,0,-1.1680647730827332e-05,0.8676022291183472,0.9734163284301758,-0.0012926997151225805,0.0,0.5270981192588806
987,guidance_0_capability_0_safety_0,1,-0.0020312496380938683,353,0.718125,0.0,0.75,0,937,0,0,0.00014098423707764596,0.4883280098438263,0.918126106262207,-0.00019525722018443048,0.0,0.5594698786735535
988,guidance_0_capability_0_safety_0,1,0.13662109463984962,354,0.2125,0.0,0.125,0,193,0,0,0.0004702059959527105,3.7419443130493164,0.9323095083236694,-0.00037795709795318544,0.0,0.5555505752563477
989,guidance_0_capability_0_safety_0,1,0.23696289161307504,354,0.60625,0.0,0.375,0,449,0,0,-0.0004487491096369922,5.923965930938721,0.9533398151397705,-8.049560710787773e-05,0.0,0.5431445837020874
990,guidance_0_capability_0_safety_0,1,0.07399414229075774,354,0.755,0.0,0.5,0,705,0,0,-0.002083767671138048,1.887474536895752,0.9549428224563599,3.419428685447201e-05,0.0,0.5395047068595886
991,guidance_0_capability_0_safety_0,1,-0.02281250001396984,354,0.775625,0.0,0.5,0,961,0,0,-0.0012698713690042496,0.8919822573661804,0.9733135104179382,0.0002572516386862844,0.0,0.5396644473075867
992,guidance_0_capability_0_safety_0,1,0.13058593896130333,358,0.338125,0.0,0.5,0,174,0,0,0.0003627908299677074,48.10966110229492,0.9592784643173218,0.00038615771336480975,0.0,0.5441292524337769
993,guidance_0_capability_0_safety_0,1,0.16048828289058292,358,0.63,0.0,0.625,0,430,0,0,-0.001585526391863823,2.1470327377319336,0.9354375600814819,5.763908848166466e-05,0.0,0.5470324754714966
994,guidance_0_capability_0_safety_0,1,0.027412108807766344,358,0.728125,0.0,0.625,0,686,0,0,-0.0005054767243564129,2.6038894653320312,0.9874323606491089,0.0004741704906336963,0.0,0.5246242880821228
995,guidance_0_capability_0_safety_0,1,0.053222657967126,358,0.831875,0.0,0.875,0,942,0,0,-0.0008879692177288234,2.2600531578063965,0.9591888189315796,0.00039395428029820323,0.0,0.543242335319519
996,guidance_0_capability_0_safety_0,1,0.19158203094775672,359,0.3275,0.0,0.375,0,198,0,0,-0.0002905174042098224,3.093809127807617,0.9703754782676697,-0.00036866700975224376,0.0,0.5176900625228882
997,guidance_0_capability_0_safety_0,1,0.09357421903769136,359,0.5125,0.0,0.5,0,454,0,0,-0.0009697064524516463,2.8283777236938477,0.9807189702987671,9.410192433279008e-05,0.0,0.5148035883903503
998,guidance_0_capability_0_safety_0,1,0.07158203180733835,359,0.66625,0.0,0.625,0,710,0,0,-0.001241985708475113,4.177240371704102,1.0129728317260742,-0.00055942393373698,0.0,0.5085159540176392
999,guidance_0_capability_0_safety_0,1,0.016679687447322067,359,0.745625,0.0,0.625,0,966,0,0,-0.0024989391677081585,0.7785475254058838,1.062026023864746,0.0008903084089979529,0.0,0.4795750081539154
1000,guidance_0_capability_0_safety_0,1,0.22051757547524176,362,0.328125,0.0,0.625,0,183,0,0,-0.002150707645341754,40.958641052246094,1.081595778465271,0.0008499383693560958,0.0,0.45509785413742065
