update,ablation,scenario,rollout_reward_mean,episode_count,coverage_ratio,inspection_success_rate,target_detection_rate,mission_success,mission_time,collision_count,invalid_action_count,policy_loss,value_loss,entropy,approx_kl,clip_fraction,mean_action_probability
1,without_guidance,1,0.2868981811056983,1,0.0325,0.0,0.0,0,197,0,0,-0.005866256542503834,220.1088409423828,1.7280237674713135,0.003570062108337879,0.0,0.18417513370513916
2,without_guidance,1,0.2700128817496079,4,0.018125,0.0,0.0,0,18,0,0,-0.004825512878596783,237.70623779296875,1.7216079235076904,0.0018387835007160902,0.0,0.18490982055664062
3,without_guidance,1,0.08477752657267956,6,0.021875,0.0,0.0,0,74,0,0,-0.0031786011531949043,320.1534118652344,1.7439402341842651,0.002415167633444071,0.0,0.1767319291830063
4,without_guidance,1,-0.23507281572165084,7,0.044375,0.0,0.0,0,228,0,0,-0.002101833699271083,259.66656494140625,1.6999685764312744,0.0017284469213336706,0.0,0.19132660329341888
5,without_guidance,1,-0.9437905003433116,8,0.02125,0.0,0.0,0,114,0,0,0.0010731134098023176,237.69805908203125,1.6637792587280273,0.0003277539217378944,0.0,0.19734585285186768
6,without_guidance,1,-0.6540625532397826,10,0.024375,0.0,0.0,0,117,0,0,-0.0012882457813248038,215.96011352539062,1.6931480169296265,-0.001116583007387817,0.0,0.19496509432792664
7,without_guidance,1,-0.5877728378982283,11,0.039375,0.0,0.0,0,151,0,0,-0.0007286233594641089,173.13394165039062,1.6539678573608398,-0.0003279377706348896,0.0,0.1983330249786377
8,without_guidance,1,0.6739351833596174,11,0.0475,0.0,0.0,0,407,0,0,0.00018303158867638558,322.6415100097656,1.7168245315551758,0.00029943682602606714,0.0,0.18548890948295593
9,without_guidance,1,0.22271475345769431,12,0.043125,0.0,0.0,0,212,0,0,-0.0013803790789097548,235.04702758789062,1.6816718578338623,0.00042127465712837875,0.0,0.19786792993545532
10,without_guidance,1,0.5123193900660681,14,0.018125,0.0,0.0,0,29,0,0,-0.000705053738784045,362.1604919433594,1.6910226345062256,0.0005970805650576949,0.0,0.195235013961792
11,without_guidance,1,-0.35545421591632476,16,0.055625,0.0,0.0,0,32,0,0,-0.0006724944105371833,226.88966369628906,1.6964080333709717,-0.0011102668941020966,0.0,0.19753775000572205
12,without_guidance,1,0.3431018914025117,16,0.090625,0.0,0.0,0,288,0,0,-0.000444851815700531,136.06887817382812,1.6347426176071167,-7.718607957940549e-05,0.0,0.2158140391111374
13,without_guidance,1,1.063448514687252,16,0.090625,0.0,0.0,0,544,0,0,-0.0007602606783621013,387.7414855957031,1.677424430847168,0.0004060611827298999,0.0,0.19976924359798431
14,without_guidance,1,0.6762377741661112,18,0.035,0.0,0.0,0,141,0,0,-0.001392186968587339,390.79254150390625,1.706634283065796,-0.000699903815984726,0.0,0.19552724063396454
15,without_guidance,1,0.591662093756895,18,0.045,0.0,0.0,0,397,0,0,-0.002256055362522602,108.67166900634766,1.6386003494262695,1.189896556752501e-05,0.0,0.21338026225566864
16,without_guidance,1,0.1688870160994611,20,0.029375,0.0,0.0,0,74,0,0,-0.003836828051134944,195.04873657226562,1.6791270971298218,0.000762629322707653,0.0,0.19970479607582092
17,without_guidance,1,-0.5127169206825783,23,0.015625,0.0,0.0,0,49,0,0,0.00010438139725010842,230.31216430664062,1.6837705373764038,0.002723539713770151,0.0,0.19724351167678833
18,without_guidance,1,-0.049131601370390854,24,0.020625,0.0,0.0,0,16,0,0,-0.00579941226169467,242.8332061767578,1.6981838941574097,0.002373551484197378,0.0,0.1910770833492279
19,without_guidance,1,-0.6685762234410504,26,0.01375,0.0,0.0,0,28,0,0,-0.0006153161521069705,224.95828247070312,1.6231310367584229,0.004520203918218613,0.0,0.21828001737594604
20,without_guidance,1,-0.3070006951529649,28,0.008125,0.0,0.0,0,11,0,0,-0.003313375636935234,202.6735382080078,1.6653398275375366,0.0031122020445764065,0.0,0.20115822553634644
21,without_guidance,1,-0.5643119921951438,30,0.026875,0.0,0.0,0,49,0,0,-0.0020197387784719467,231.8582305908203,1.6658821105957031,0.0024067123886197805,0.0,0.20166978240013123
22,without_guidance,1,0.11093385918502463,32,0.0275,0.0,0.0,0,80,0,0,-0.0008590041543357074,373.33648681640625,1.6680231094360352,0.001133327605202794,0.0,0.2067076414823532
23,without_guidance,1,-0.028521746142359916,35,0.056875,0.125,0.25,0,171,0,0,-0.0020888932049274445,239.135009765625,1.6581408977508545,0.0010296760592609644,0.0,0.20653435587882996
24,without_guidance,1,0.3191555832333961,36,0.09375,0.0,0.0,0,163,0,0,-0.0002380746154813096,373.21124267578125,1.6818156242370605,-1.1370362699381076e-05,0.0,0.199855774641037
25,without_guidance,1,0.29076658875783323,38,0.01,0.0,0.0,0,12,0,0,-0.004656580742448568,190.00167846679688,1.644792914390564,0.0009567650267854333,0.0,0.21038854122161865
26,without_guidance,1,0.2065730513811559,39,0.015625,0.0,0.0,0,6,0,0,-0.0001218287943629548,253.25692749023438,1.6776351928710938,0.0029267477802932262,0.0,0.2121821492910385
27,without_guidance,1,0.9708738341209937,39,0.074375,0.0,0.0,0,262,0,0,-0.002089591696858406,438.40899658203125,1.6707862615585327,-0.0006291214376688004,0.0,0.2092900574207306
28,without_guidance,1,0.567601883226871,40,0.064375,0.0,0.125,0,122,0,0,-0.002094804774969816,234.03909301757812,1.6444177627563477,0.0013898698380216956,0.0,0.21191993355751038
29,without_guidance,1,-0.14979177807617816,41,0.02,0.0,0.0,0,12,0,0,-0.0042360685765743256,170.29898071289062,1.6560146808624268,0.0004753675311803818,0.0,0.20807135105133057
30,without_guidance,1,-0.11905932688205212,41,0.050625,0.0,0.0,0,268,0,0,-0.0037687334697693586,97.4534912109375,1.6435664892196655,-2.0888790459139273e-05,0.0,0.21700750291347504
31,without_guidance,1,0.3554417234918219,43,0.085625,0.0,0.0,0,164,0,0,-0.0045669106766581535,252.46148681640625,1.6572990417480469,-0.003012007102370262,0.0,0.2211364507675171
32,without_guidance,1,0.11149340839955357,43,0.23625,0.0,0.25,0,420,0,0,-0.007917311042547226,58.173805236816406,1.640602469444275,0.0026656310074031353,0.0,0.21630039811134338
33,without_guidance,1,-0.005870816952665336,43,0.246875,0.0,0.25,0,676,0,0,-0.013430769555270672,4.758377552032471,1.622389793395996,0.008023607544600964,0.0,0.22056573629379272
34,without_guidance,1,0.11790126269170287,43,0.265,0.125,0.25,0,932,0,0,-0.0052286721765995026,17.048519134521484,1.6027803421020508,0.01220158115029335,0.0403645858168602,0.2273232638835907
35,without_guidance,1,0.1770473028982451,44,0.183125,0.0,0.125,0,188,0,0,-0.0030338445212692022,109.38388061523438,1.4297740459442139,0.008411603979766369,0.0,0.29286324977874756
36,without_guidance,1,0.38945171258910705,44,0.32375,0.0,0.25,0,444,0,0,-0.0017892203759402037,53.12982940673828,1.5103254318237305,-0.0005770535208284855,0.0,0.2681811451911926
37,without_guidance,1,0.13760719963329393,44,0.398125,0.125,0.25,0,700,0,0,-0.002057103905826807,32.61851501464844,1.4753339290618896,-0.0014576924731954932,0.0,0.2842305898666382
38,without_guidance,1,-0.06865539851605718,44,0.42375,0.125,0.25,0,956,0,0,-0.006136445328593254,4.2252631187438965,1.4903644323349,0.0003617021138779819,0.0,0.2812224328517914
39,without_guidance,1,0.3323881896542389,45,0.135,0.0,0.0,0,212,0,0,-0.0018948912620544434,107.9434814453125,1.4491174221038818,0.0005638725124299526,0.0,0.29919204115867615
40,without_guidance,1,0.20846784308696442,45,0.28125,0.0,0.0,0,468,0,0,-0.00043834777898155153,37.71862030029297,1.479169249534607,0.0027818053495138884,0.0,0.28321322798728943
41,without_guidance,1,0.012833098577175406,45,0.28375,0.0,0.0,0,724,0,0,-0.014352735131978989,3.1977081298828125,1.498093605041504,0.007506990805268288,0.0859375,0.2837238907814026
42,without_guidance,1,0.13450719944967204,45,0.3525,0.0,0.0,0,980,0,0,-0.013351339846849442,7.843588829040527,1.5366408824920654,0.010924674570560455,0.0,0.24832847714424133
43,without_guidance,1,0.2101420849621718,48,0.10875,0.0,0.125,0,98,0,0,-0.0030836844816803932,251.30917358398438,1.4779052734375,0.0005083936266601086,0.0,0.27961528301239014
44,without_guidance,1,0.37140458971771295,48,0.281875,0.0,0.25,0,354,0,0,-0.0024125222116708755,104.09632110595703,1.5063750743865967,0.0019128199201077223,0.0,0.25903159379959106
45,without_guidance,1,0.03697130364525947,50,0.055625,0.0,0.125,0,50,0,0,-0.0014046462019905448,204.63638305664062,1.494332194328308,0.0016411298420280218,0.0,0.253436416387558
46,without_guidance,1,0.21878797160479735,50,0.235,0.0,0.125,0,306,0,0,7.439560431521386e-05,19.27596092224121,1.4670732021331787,-0.0008101537823677063,0.0,0.2678162753582001
47,without_guidance,1,0.033876276408591366,51,0.166875,0.0,0.0,0,150,0,0,-0.002650367096066475,52.73562240600586,1.4701746702194214,7.8550074249506e-05,0.0,0.26635968685150146
48,without_guidance,1,0.5348537651152583,51,0.28,0.0,0.125,0,406,0,0,-0.0017631178488954902,95.36399841308594,1.5003479719161987,-0.0008369520655833185,0.0,0.25504931807518005
49,without_guidance,1,0.42774543259247366,51,0.39875,0.0,0.375,0,662,0,0,-0.0005306483944877982,88.22447967529297,1.522364616394043,0.0006123990751802921,0.0,0.23862873017787933
50,without_guidance,1,0.25165346593712457,51,0.399375,0.0,0.375,0,918,0,0,-0.0022326111793518066,15.475683212280273,1.5395829677581787,0.0006744891870766878,0.0,0.24151328206062317
51,without_guidance,1,0.4186343275505351,53,0.17,0.0,0.0,0,155,0,0,-0.0013007180532440543,302.1861572265625,1.4557294845581055,-0.000713242799974978,0.0,0.27226606011390686
52,without_guidance,1,0.38901847840679693,53,0.319375,0.0,0.125,0,411,0,0,-0.0006106415530666709,64.96685791015625,1.5108296871185303,-0.000329987466102466,0.0,0.24864421784877777
53,without_guidance,1,0.16055177390990139,53,0.375625,0.0,0.125,0,667,0,0,-0.003581040306016803,4.040030002593994,1.5060944557189941,-0.0002283841313328594,0.0,0.2476840615272522
54,without_guidance,1,0.1327262566628633,53,0.385,0.0,0.125,0,923,0,0,-0.004777286201715469,3.0021796226501465,1.5122268199920654,0.002275587525218725,0.0,0.2464945912361145
55,without_guidance,1,0.25362896115666445,55,0.175,0.0,0.125,0,155,0,0,-0.00201418693177402,140.95596313476562,1.4568475484848022,0.0024276580661535263,0.0,0.264846533536911
56,without_guidance,1,0.2039654712216361,55,0.334375,0.0,0.125,0,411,0,0,-0.0014309203252196312,17.629844665527344,1.47355055809021,0.0021919410210102797,0.0,0.26395589113235474
57,without_guidance,1,0.13663780374554335,55,0.433125,0.0,0.125,0,667,0,0,-0.0029350072145462036,2.8055572509765625,1.5049947500228882,0.0007954547181725502,0.0,0.24780277907848358
58,without_guidance,1,0.09502801030794217,55,0.469375,0.0,0.125,0,923,0,0,-0.013009311631321907,1.2630894184112549,1.519038200378418,0.0041068559512495995,0.0,0.24014434218406677
59,without_guidance,1,0.48354092225054046,56,0.2625,0.0,0.25,0,179,0,0,-0.0016415033023804426,112.64779663085938,1.4165475368499756,0.004000998102128506,0.1458333432674408,0.2841021716594696
60,without_guidance,1,0.29148124709445256,56,0.41375,0.0,0.375,0,435,0,0,0.0057231346145272255,42.043121337890625,1.463261365890503,0.0008436720818281174,0.0,0.2638155221939087
61,without_guidance,1,0.10147994957696937,56,0.520625,0.0,0.375,0,691,0,0,0.0010252166539430618,5.381783485412598,1.420536756515503,0.0021323084365576506,0.0,0.26978838443756104
62,without_guidance,1,-0.06503030232852325,56,0.531875,0.0,0.5,0,947,0,0,-0.001405735849402845,16.990428924560547,1.3460731506347656,0.0008105546003207564,0.0,0.30924302339553833
63,without_guidance,1,0.15166029145802895,58,0.149375,0.0,0.0,0,138,0,0,-0.0011792629957199097,119.54508209228516,1.403456687927246,0.00018325347627978772,0.0,0.28204047679901123
64,without_guidance,1,0.1840870164669468,58,0.2725,0.0,0.125,0,394,0,0,-0.0012033793609589338,22.916973114013672,1.4565294981002808,-4.174855348537676e-05,0.0,0.2620668113231659
65,without_guidance,1,0.014142155094305053,58,0.296875,0.0,0.125,0,650,0,0,-0.0021531067322939634,1.8699326515197754,1.4467930793762207,4.520562288234942e-05,0.0,0.26887038350105286
66,without_guidance,1,-0.12827523052692413,58,0.36875,0.0,0.25,0,906,0,0,-0.0010410191025584936,23.568889617919922,1.374516248703003,0.0005099432892166078,0.0,0.29439306259155273
67,without_guidance,1,0.3823739141407714,59,0.214375,0.0,0.25,0,162,0,0,-0.0007847374072298408,124.85346984863281,1.421609878540039,0.0004880267661064863,0.0,0.26838603615760803
68,without_guidance,1,0.2316838629431004,59,0.340625,0.0,0.25,0,418,0,0,-0.0013416307047009468,10.795110702514648,1.4819097518920898,0.0006843209266662598,0.0,0.24912598729133606
69,without_guidance,1,0.005323405275703408,59,0.364375,0.0,0.25,0,674,0,0,-0.003316836431622505,3.430403709411621,1.4451274871826172,0.0014150338247418404,0.0,0.27515342831611633
70,without_guidance,1,0.0028275317863517557,59,0.381875,0.0,0.25,0,930,0,0,-0.00509039219468832,3.3537802696228027,1.4573057889938354,0.001359968795441091,0.0,0.2658931016921997
71,without_guidance,1,0.5520511999420705,60,0.27375,0.0,0.375,0,186,0,0,-0.0007726829499006271,144.61073303222656,1.4468244314193726,0.0025019985623657703,0.0,0.2623929977416992
72,without_guidance,1,0.5407636210929923,60,0.465,0.0,0.75,0,442,0,0,-0.001094980863854289,58.64278793334961,1.5088891983032227,-0.00103563885204494,0.0,0.238785982131958
73,without_guidance,1,0.36123235494324035,60,0.565,0.0,0.875,0,698,0,0,-0.0007005209918133914,26.142215728759766,1.4817842245101929,0.000268611591309309,0.0,0.25562164187431335
74,without_guidance,1,0.2822894251294201,60,0.59125,0.0,0.875,0,954,0,0,-0.003974563907831907,14.786678314208984,1.4814057350158691,0.0006115110008977354,0.0,0.24586233496665955
75,without_guidance,1,0.329555539519788,61,0.151875,0.0,0.0,0,210,0,0,-0.0014969136100262403,41.98645782470703,1.4831724166870117,0.0006216333131305873,0.0,0.2446427047252655
76,without_guidance,1,0.3597517766544698,61,0.159375,0.0,0.0,0,466,0,0,-0.003057631431147456,21.23843002319336,1.5031757354736328,-0.00023275133571587503,0.0,0.24096666276454926
77,without_guidance,1,0.4217944644351519,61,0.2,0.0,0.0,0,722,0,0,-0.002388994675129652,27.036359786987305,1.4951647520065308,0.0006522396579384804,0.0,0.24826106429100037
78,without_guidance,1,0.4736143403218165,61,0.246875,0.0,0.0,0,978,0,0,-0.003114746417850256,37.43412399291992,1.5101168155670166,-0.00039321774966083467,0.0,0.24429747462272644
79,without_guidance,1,0.3154186417123128,62,0.150625,0.0,0.125,0,234,0,0,0.00019062808132730424,64.64038848876953,1.461491346359253,-2.99940202239668e-05,0.0,0.2576002776622772
80,without_guidance,1,0.4107939829818861,62,0.230625,0.0,0.25,0,490,0,0,-0.0008945664158090949,66.14703369140625,1.4927558898925781,-0.0003765893052332103,0.0,0.2481740415096283
81,without_guidance,1,0.42323663816659973,62,0.255625,0.0,0.25,0,746,0,0,-0.0012575574219226837,28.644939422607422,1.481429934501648,0.00012469850480556488,0.0,0.24980193376541138
82,without_guidance,1,0.3945554453925979,63,0.008125,0.0,0.0,0,2,0,0,-0.0010066715767607093,32.378684997558594,1.4759800434112549,0.0006514255655929446,0.0,0.2543996274471283
83,without_guidance,1,0.6917653134223656,63,0.310625,0.0,0.375,0,258,0,0,-0.0008120068232528865,328.8138122558594,1.4547361135482788,-0.00035103707341477275,0.0,0.26639503240585327
84,without_guidance,1,0.26671158648332494,63,0.398125,0.0,0.375,0,514,0,0,-0.00047134049236774445,12.768255233764648,1.4775910377502441,-9.605397644918412e-05,0.0,0.25517404079437256
85,without_guidance,1,0.32602185483119683,63,0.398125,0.0,0.375,0,770,0,0,-0.0011559067061170936,14.567789077758789,1.4806103706359863,6.63239843561314e-05,0.0,0.25544124841690063
86,without_guidance,1,0.23366578240529634,64,0.0625,0.0,0.0,0,26,0,0,-0.0018599446630105376,10.443199157714844,1.4712260961532593,0.0007881961646489799,0.0,0.2563204765319824
87,without_guidance,1,0.6539990212550038,64,0.331875,0.125,0.375,0,282,0,0,0.0004047478432767093,159.65176391601562,1.4555442333221436,-0.0006385202286764979,0.0,0.260260671377182
88,without_guidance,1,0.6537255712634646,64,0.44,0.125,0.625,0,538,0,0,0.0005552427610382438,91.8321533203125,1.4768588542938232,-0.00039680241025052965,0.0,0.24346494674682617
89,without_guidance,1,0.36424736274511815,64,0.441875,0.125,0.625,0,794,0,0,-0.0005549564957618713,19.08218002319336,1.4906575679779053,0.00012653926387429237,0.0,0.24951188266277313
90,without_guidance,1,0.9923313531978124,65,0.1025,0.0,0.375,0,50,0,0,5.494182460097363e-06,320.2695617675781,1.474543809890747,-0.00021292371093295515,0.0,0.25254493951797485
91,without_guidance,1,0.4999805278312124,65,0.25625,0.0,0.375,0,306,0,0,-0.0002824692055583,49.56856155395508,1.4759557247161865,-0.00018961061141453683,0.0,0.2527904510498047
92,without_guidance,1,0.18843947396635485,65,0.29375,0.0,0.375,0,562,0,0,-0.003275560215115547,3.244978904724121,1.495113730430603,0.00045409644371829927,0.0,0.24557599425315857
93,without_guidance,1,0.33233300466963556,65,0.31875,0.0,0.375,0,818,0,0,-0.005251538008451462,13.754060745239258,1.495370626449585,0.0005612721433863044,0.0,0.24742721021175385
94,without_guidance,1,0.2492613740687375,66,0.115,0.0,0.0,0,74,0,0,-0.0025300420820713043,5.747640132904053,1.4888091087341309,0.0005987430922687054,0.0,0.24538064002990723
95,without_guidance,1,0.5035316778157721,66,0.243125,0.0,0.0,0,330,0,0,0.0017000592779368162,50.031761169433594,1.4837560653686523,-0.001850210945121944,0.0,0.24942979216575623
96,without_guidance,1,0.44369310131060047,66,0.251875,0.0,0.0,0,586,0,0,0.0018080802401527762,27.704591751098633,1.4831056594848633,0.0002947617322206497,0.0,0.25191348791122437
97,without_guidance,1,0.28787710281631007,66,0.25625,0.0,0.0,0,842,0,0,-0.0015337150543928146,10.3644437789917,1.4900577068328857,0.00044979792437516153,0.0,0.24810156226158142
98,without_guidance,1,0.7776938121944568,67,0.144375,0.0,0.375,0,98,0,0,-0.0007709925994277,205.25430297851562,1.4673185348510742,-0.00022561041987501085,0.0,0.25684911012649536
99,without_guidance,1,0.31926611945891636,67,0.275625,0.0,0.375,0,354,0,0,-0.0001721602602628991,30.10250473022461,1.4536597728729248,0.0004891537828370929,0.0,0.26304930448532104
100,without_guidance,1,0.3722064230205433,67,0.331875,0.0,0.375,0,610,0,0,-0.0015327765140682459,30.840682983398438,1.4743907451629639,0.00016763247549533844,0.0,0.25326451659202576
101,without_guidance,1,0.3742589355342716,67,0.335,0.0,0.375,0,866,0,0,-0.002730345819145441,26.845762252807617,1.4696366786956787,0.00019687663007061929,0.0,0.2549400329589844
102,without_guidance,1,0.514957129218601,68,0.140625,0.0,0.125,0,122,0,0,4.8813722969498485e-05,99.72293090820312,1.4611055850982666,-3.866975748678669e-05,0.0,0.25900956988334656
103,without_guidance,1,0.3277943449106715,68,0.315625,0.0,0.125,0,378,0,0,-0.0006166758830659091,12.236228942871094,1.4644778966903687,-0.0009020037832669914,0.0,0.2634989023208618
104,without_guidance,1,0.13853781471698312,68,0.321875,0.0,0.125,0,634,0,0,-0.025380579754710197,1.2309250831604004,1.4464573860168457,0.011426142416894436,0.21875,0.25848710536956787
105,without_guidance,1,0.16500064231149736,68,0.345,0.0,0.125,0,890,0,0,-0.015312572941184044,7.540410995483398,1.3930572271347046,0.01565486565232277,0.2786458432674408,0.27856940031051636
106,without_guidance,1,0.2786365561041748,69,0.233125,0.0,0.125,0,146,0,0,-0.0013850394170731306,39.400794982910156,1.294582486152649,0.0040286872535943985,0.0,0.330147385597229
107,without_guidance,1,0.2980859433027945,69,0.38375,0.0,0.375,0,402,0,0,0.00037364661693573,35.4645881652832,1.1606159210205078,0.0024740444496273994,0.0,0.3894014060497284
108,without_guidance,1,0.11457141978189611,69,0.449375,0.0,0.75,0,658,0,0,-0.002810473321005702,8.16183853149414,1.1230329275131226,-0.00015304300177376717,0.0,0.41796594858169556
109,without_guidance,1,0.04782484420138644,69,0.46875,0.0,0.75,0,914,0,0,-0.0018597043817862868,6.788984298706055,1.0532883405685425,-0.0004320720618125051,0.0,0.45109063386917114
110,without_guidance,1,0.29911303966764535,70,0.230625,0.0,0.25,0,170,0,0,-0.0008800927316769958,63.249542236328125,1.050339937210083,-0.000643668812699616,0.0,0.4645300507545471
111,without_guidance,1,0.013439228827337502,70,0.36375,0.0,0.25,0,426,0,0,4.3200641812290996e-05,10.669662475585938,1.081969976425171,-2.0625380784622394e-05,0.0,0.44668588042259216
112,without_guidance,1,0.06240172957768664,70,0.41375,0.0,0.25,0,682,0,0,-0.001510698115453124,4.960888385772705,1.1423804759979248,-0.0004019372572656721,0.0,0.4290739893913269
113,without_guidance,1,0.2375588103022892,71,0.0825,0.0,0.0,0,68,0,0,-0.00017684574413578957,83.4614486694336,1.1414721012115479,0.00018764939159154892,0.0,0.416311115026474
114,without_guidance,1,0.2530675682510264,71,0.248125,0.0,0.25,0,324,0,0,-0.0011745294323191047,8.441356658935547,1.158616065979004,0.0005143826710991561,0.0,0.394535630941391
115,without_guidance,1,0.08521026970629464,71,0.358125,0.0,0.25,0,580,0,0,-0.003322092816233635,9.234115600585938,1.1087782382965088,0.0005284959333948791,0.0,0.4094487428665161
116,without_guidance,1,0.1223612233352469,71,0.408125,0.0,0.25,0,836,0,0,-0.008768273517489433,3.5639500617980957,1.1539558172225952,0.00256960466504097,0.0,0.4058467745780945
117,without_guidance,1,0.18754647303785532,72,0.069375,0.0,0.0,0,92,0,0,-0.004894760902971029,7.650812149047852,1.032875895500183,0.004129033535718918,0.006510416977107525,0.47301897406578064
118,without_guidance,1,0.6520485072842348,72,0.351875,0.0,0.25,0,348,0,0,-0.004457730334252119,115.78133392333984,1.2791063785552979,0.0014347115065902472,0.00390625,0.3379441499710083
119,without_guidance,1,0.2979100144766562,72,0.359375,0.0,0.25,0,604,0,0,-0.00704346364364028,9.072304725646973,1.2935147285461426,0.0019188658334314823,0.0,0.3215665817260742
120,without_guidance,1,0.33738123214538973,72,0.416875,0.0,0.25,0,860,0,0,-0.005658815614879131,12.574960708618164,1.3028225898742676,-0.00017479248344898224,0.0,0.31884095072746277
121,without_guidance,1,0.819092557154363,73,0.210625,0.0,0.5,0,116,0,0,-0.0014943400165066123,390.47393798828125,1.1624212265014648,0.0005811335286125541,0.0,0.381908655166626
122,without_guidance,1,0.35361246047978057,73,0.414375,0.0,0.75,0,372,0,0,-0.002856428734958172,27.64028549194336,1.3192216157913208,0.0009510868112556636,0.0,0.3139456510543823
123,without_guidance,1,0.3657674488698035,73,0.48875,0.0,0.75,0,628,0,0,-0.0027647900860756636,14.9244966506958,1.3203078508377075,-0.0005127823678776622,0.0,0.3098493218421936
124,without_guidance,1,0.21714556462757173,73,0.534375,0.0,0.75,0,884,0,0,-0.005042330827564001,3.531111240386963,1.3238487243652344,-0.0008515208028256893,0.0,0.3048163056373596
125,without_guidance,1,0.28269510995960445,74,0.168125,0.0,0.0,0,140,0,0,-0.003208744805306196,14.131834030151367,1.170649528503418,-0.0002919069374911487,0.0,0.3818817138671875
126,without_guidance,1,0.8513110577259795,74,0.45125,0.0,0.25,0,396,0,0,-3.312217813800089e-05,171.03298950195312,1.3287986516952515,0.004816106520593166,0.0,0.3045739531517029
127,without_guidance,1,0.7085685878373624,74,0.6075,0.0,0.375,0,652,0,0,-0.0017921378603205085,70.3162841796875,1.3330087661743164,-0.0012709824368357658,0.0,0.29949522018432617
128,without_guidance,1,0.4925452699079642,74,0.68625,0.0,0.5,0,908,0,0,-0.0007951706647872925,33.5794677734375,1.3459317684173584,0.0008512979256920516,0.0,0.3114509880542755
129,without_guidance,1,0.7674641027374491,75,0.306875,0.0,0.25,0,164,0,0,-0.0002732789143919945,134.81790161132812,1.2236783504486084,0.0003490365925244987,0.0,0.3511098027229309
130,without_guidance,1,0.706840195980476,75,0.551875,0.0,0.625,0,420,0,0,-0.0004301754233893007,108.698974609375,1.3312047719955444,-0.0003332610649522394,0.0,0.3032524585723877
131,without_guidance,1,0.5618648344516259,75,0.619375,0.0,0.625,0,676,0,0,3.732927143573761e-05,46.83301544189453,1.3378782272338867,-0.00043053258559666574,0.0,0.3010057806968689
132,without_guidance,1,0.23275948618112352,75,0.619375,0.0,0.625,0,932,0,0,-0.00047831115080043674,1.9434783458709717,1.3659477233886719,-0.0002732635475695133,0.0,0.28029006719589233
133,without_guidance,1,0.9532904291791056,76,0.27625,0.0,0.625,0,188,0,0,4.660307240555994e-05,333.0408935546875,1.2930328845977783,0.00024114534608088434,0.0,0.32765257358551025
134,without_guidance,1,0.4305320491996554,76,0.495,0.0,0.75,0,444,0,0,-0.001014346955344081,23.757766723632812,1.336036205291748,-0.0005616876296699047,0.0,0.29524049162864685
135,without_guidance,1,0.33249118890489626,76,0.561875,0.0,0.75,0,700,0,0,-0.00044484128011390567,11.971076965332031,1.3702313899993896,-0.00023349234834313393,0.0,0.28465962409973145
136,without_guidance,1,0.2828739552569459,76,0.568125,0.0,0.75,0,956,0,0,-0.001014568260870874,5.706195831298828,1.3800442218780518,0.0004491276922635734,0.0,0.28235089778900146
137,without_guidance,1,0.5942117828235496,77,0.29375,0.0,0.125,0,212,0,0,-0.0010308045893907547,100.86717224121094,1.3128548860549927,-0.00010291855869581923,0.0,0.3141462802886963
138,without_guidance,1,1.1533467209847004,77,0.564375,0.25,0.625,0,468,0,0,-0.0011062932899221778,337.5608215332031,1.360047698020935,-5.3174950153334066e-05,0.0,0.2943875789642334
139,without_guidance,1,0.301617773651742,77,0.663125,0.25,0.75,0,724,0,0,-0.0012741927057504654,30.457944869995117,1.355554461479187,1.7286743968725204e-05,0.0,0.27890458703041077
140,without_guidance,1,0.5772739947096852,77,0.7375,0.25,0.75,0,980,0,0,-0.0003263155813328922,84.78977966308594,1.3870022296905518,0.0006383294239640236,0.0,0.2828369438648224
141,without_guidance,1,0.8078705011012062,78,0.283125,0.0,0.375,0,236,0,0,7.320878648897633e-05,199.15223693847656,1.321056842803955,-0.00037381378933787346,0.0,0.30503273010253906
142,without_guidance,1,0.3470282313210191,78,0.435625,0.0,0.375,0,492,0,0,-0.0008566323667764664,10.266885757446289,1.3766424655914307,0.00019307885668240488,0.0,0.2883502244949341
143,without_guidance,1,0.4221094461249777,78,0.61625,0.0,0.875,0,748,0,0,6.21844083070755e-05,91.44232177734375,1.3629405498504639,0.0005482837441377342,0.0,0.28097617626190186
144,without_guidance,1,0.22338541212047858,79,0.013125,0.0,0.0,0,4,0,0,-0.0014522250276058912,17.520843505859375,1.3640265464782715,0.0006747576408088207,0.0,0.28604036569595337
145,without_guidance,1,0.7510144732623303,79,0.34125,0.0,0.25,0,260,0,0,-0.000987031846307218,155.67486572265625,1.3604927062988281,0.000866442802362144,0.0,0.29744186997413635
146,without_guidance,1,0.3332642652276263,79,0.4825,0.0,0.375,0,516,0,0,-0.0010752957314252853,14.873056411743164,1.3930696249008179,0.000498410954605788,0.0,0.2746243178844452
147,without_guidance,1,0.46263186916257837,79,0.59,0.0,0.5,0,772,0,0,-0.00021338462829589844,44.18370056152344,1.3924062252044678,0.00016647003940306604,0.0,0.2735438346862793
148,without_guidance,1,0.24067010446788117,80,0.04625,0.0,0.0,0,28,0,0,-0.0006806490710005164,14.286211967468262,1.409769892692566,0.0006672642193734646,0.0,0.26687726378440857
149,without_guidance,1,0.474063031812193,80,0.256875,0.0,0.125,0,284,0,0,-0.0007495253230445087,63.22560501098633,1.378588080406189,0.0009107281221076846,0.0,0.2857867181301117
150,without_guidance,1,0.12184441961289849,80,0.31,0.0,0.125,0,540,0,0,-0.002710336819291115,1.9523848295211792,1.3999933004379272,0.0011377546470612288,0.0,0.2729675769805908
151,without_guidance,1,0.28017733429412317,80,0.40625,0.0,0.25,0,796,0,0,-0.002083968836814165,46.652164459228516,1.3943767547607422,7.632763299625367e-05,0.0,0.2740952670574188
152,without_guidance,1,0.3412583107691063,81,0.1175,0.0,0.0,0,52,0,0,-0.010994992218911648,17.516868591308594,1.4088685512542725,0.009196782484650612,0.1354166716337204,0.26722252368927
153,without_guidance,1,0.46500892127983207,81,0.33875,0.0,0.125,0,308,0,0,0.005149246193468571,48.47161865234375,1.3949240446090698,0.0033957436680793762,0.0,0.26772841811180115
154,without_guidance,1,0.22226891612808686,81,0.35625,0.0,0.125,0,564,0,0,-0.004302129149436951,1.6464133262634277,1.3949592113494873,0.0031953039579093456,0.0,0.26186665892601013
155,without_guidance,1,0.11362129018016276,81,0.438125,0.0,0.125,0,820,0,0,0.0011416785418987274,3.4458701610565186,1.3752775192260742,0.006411239504814148,0.0,0.2693583369255066
156,without_guidance,1,0.5849303687114116,82,0.184375,0.0,0.25,0,76,0,0,-0.0028934020083397627,224.2514190673828,1.340185523033142,-0.00028239068342372775,0.0,0.29215702414512634
157,without_guidance,1,0.33590324401120597,82,0.316875,0.0,0.25,0,332,0,0,0.0010807504877448082,16.33539581298828,1.310162901878357,0.0019486371893435717,0.0,0.30066534876823425
158,without_guidance,1,0.2858762201699392,82,0.44375,0.0,0.375,0,588,0,0,-0.000427472114097327,7.611589431762695,1.301722764968872,0.00035651185316964984,0.0,0.3108947277069092
159,without_guidance,1,0.24068898752500445,82,0.46,0.0,0.375,0,844,0,0,-0.008036335930228233,3.6188876628875732,1.335784912109375,-0.0008403192041441798,0.0,0.30028480291366577
160,without_guidance,1,0.4175577314072143,83,0.12625,0.0,0.0,0,100,0,0,-0.004365543834865093,54.68479919433594,1.3468340635299683,0.0011988754849880934,0.0,0.2946091294288635
161,without_guidance,1,0.5065118408710987,83,0.226875,0.0,0.0,0,356,0,0,-0.006341681815683842,26.202239990234375,1.359664797782898,-0.0004995918716304004,0.0,0.28260043263435364
162,without_guidance,1,0.4061502907989052,83,0.299375,0.0,0.0,0,612,0,0,-0.008684301748871803,12.615196228027344,1.3708868026733398,0.0003571955894585699,0.0,0.28133317828178406
163,without_guidance,1,0.32671445306277747,83,0.331875,0.0,0.0,0,868,0,0,-0.0060486700385808945,7.446048736572266,1.3824189901351929,0.001866279635578394,0.0,0.2728128433227539
164,without_guidance,1,0.7023713301678072,84,0.2,0.0,0.25,0,124,0,0,0.0002651481772772968,199.11264038085938,1.353062629699707,0.0029795244336128235,0.0,0.2826402187347412
165,without_guidance,1,0.4765517117460263,84,0.268125,0.0,0.25,0,380,0,0,0.0014938026433810592,28.24897003173828,1.3677324056625366,-0.00034255877835676074,0.0,0.2814817726612091
166,without_guidance,1,0.20984851836328744,84,0.325625,0.0,0.25,0,636,0,0,-0.01324729435145855,3.0722036361694336,1.4045875072479248,0.005955706350505352,0.0,0.26483848690986633
167,without_guidance,1,0.20743323820897785,85,0.24125,0.0,0.125,0,176,0,0,-0.0033383711706846952,104.90557861328125,1.3868255615234375,0.0023913304321467876,0.0950520858168602,0.2677769362926483
168,without_guidance,1,0.21335392676701304,85,0.290625,0.0,0.125,0,432,0,0,-0.016856838017702103,2.2045998573303223,1.4083380699157715,0.0207330621778965,0.4296875,0.2617208659648895
169,without_guidance,1,0.21510563819424533,85,0.351875,0.0,0.125,0,688,0,0,-0.0284477099776268,4.259553909301758,1.391568899154663,0.02045418694615364,0.4765625,0.2667425870895386
170,without_guidance,1,0.21381547814962687,85,0.42625,0.0,0.125,0,944,0,0,-0.01170451007783413,1.0393171310424805,1.382568359375,0.020248664543032646,0.4114583432674408,0.26752805709838867
171,without_guidance,1,0.08295329622342251,86,0.08125,0.0,0.0,0,200,0,0,-0.004145765211433172,20.07532501220703,1.2359058856964111,-0.0028695508372038603,0.0026041667442768812,0.3475438952445984
172,without_guidance,1,0.8251570072106915,87,0.076875,0.0,0.0,0,56,0,0,-0.0035312920808792114,557.4012451171875,1.212679386138916,0.0003711138851940632,0.0,0.3611156940460205
173,without_guidance,1,0.1324463992859819,87,0.11,0.0,0.125,0,312,0,0,-0.0007243358413688838,15.579923629760742,1.201217532157898,0.0002733134606387466,0.0,0.3713434636592865
174,without_guidance,1,0.0898853907128796,88,0.078125,0.0,0.0,0,93,0,0,-0.0004213893262203783,182.653564453125,1.1463631391525269,-0.0007427920936606824,0.0,0.4020001292228699
175,without_guidance,1,0.18895906968191412,88,0.131875,0.0,0.0,0,349,0,0,-0.00428961543366313,57.20368576049805,1.131061315536499,-0.0003225098771508783,0.014322916977107525,0.40574735403060913
176,without_guidance,1,-0.01296359701404981,89,0.085,0.0,0.125,0,86,0,0,-9.821759158512577e-05,208.10958862304688,1.0376265048980713,0.0027626424562186003,0.0026041667442768812,0.44501012563705444
177,without_guidance,1,0.384797536287806,90,0.19875,0.0,0.375,0,135,0,0,0.0008408520370721817,228.0334014892578,1.1337283849716187,-3.775232471525669e-06,0.0,0.40208420157432556
178,without_guidance,1,0.25940659061507176,90,0.368125,0.0,0.625,0,391,0,0,-0.0013076772447675467,73.60734558105469,1.1872776746749878,0.0007331068045459688,0.0,0.3862875699996948
179,without_guidance,1,-0.019378732045879588,90,0.37,0.0,0.625,0,647,0,0,0.0005834711482748389,14.456674575805664,1.1091136932373047,-0.0002456657530274242,0.0,0.41211217641830444
180,without_guidance,1,-0.30482526661944576,90,0.37,0.0,0.625,0,903,0,0,-0.0016825469210743904,78.65692138671875,1.1291999816894531,-0.0003061961615458131,0.0,0.39653128385543823
181,without_guidance,1,0.25347916648252067,91,0.200625,0.0,0.0,0,159,0,0,-0.0015515064587816596,119.14695739746094,1.1014995574951172,-0.00027122243773192167,0.0,0.42654523253440857
182,without_guidance,1,0.20577882606198727,91,0.360625,0.0,0.25,0,415,0,0,-0.0006996828014962375,77.0595474243164,1.1415536403656006,0.0019363824976608157,0.0,0.3973839282989502
183,without_guidance,1,-0.14459451985021587,91,0.36625,0.0,0.25,0,671,0,0,-0.0012827094178646803,36.22715759277344,1.0896317958831787,4.467632243176922e-05,0.0,0.4248078763484955
184,without_guidance,1,0.5184587098046904,92,0.16,0.0,0.375,0,237,0,0,-0.000447989150416106,208.4082489013672,1.1101943254470825,-0.0002091492060571909,0.0,0.4261337220668793
185,without_guidance,1,0.5079922191871447,94,0.186875,0.0,0.25,0,166,0,0,0.00014826531696598977,367.29522705078125,1.0634615421295166,0.00038685774779878557,0.0,0.44177088141441345
186,without_guidance,1,0.028910889661347028,94,0.190625,0.0,0.25,0,422,0,0,2.950305861304514e-05,18.924135208129883,1.086411476135254,-1.072778832167387e-05,0.0,0.42512282729148865
187,without_guidance,1,-0.06807417468371568,94,0.190625,0.0,0.25,0,678,0,0,-0.00031654848135076463,21.3077392578125,1.0545810461044312,0.00010200287215411663,0.0,0.4440499544143677
188,without_guidance,1,-0.0411953532602638,94,0.1975,0.0,0.25,0,934,0,0,-0.000359460711479187,19.117321014404297,1.0947625637054443,8.370642171939835e-05,0.0,0.4109717011451721
189,without_guidance,1,0.30972451579145854,95,0.18,0.0,0.0,0,190,0,0,-0.000639401376247406,26.413864135742188,1.069664716720581,0.0003126797964796424,0.0,0.4394874572753906
190,without_guidance,1,0.18055640729835432,95,0.215625,0.0,0.0,0,446,0,0,-0.002065520267933607,47.395362854003906,1.0791033506393433,-0.0007426065858453512,0.0,0.4311111867427826
191,without_guidance,1,-0.10057752880675253,95,0.215625,0.0,0.0,0,702,0,0,-0.00011833509051939473,34.25025939941406,1.0497902631759644,0.001001428347080946,0.0,0.4425271451473236
192,without_guidance,1,-0.013985510822749347,95,0.223125,0.0,0.0,0,958,0,0,-2.844880145858042e-05,13.512069702148438,1.0986316204071045,3.701506648212671e-05,0.0,0.4231508672237396
193,without_guidance,1,0.6501030172003084,96,0.1725,0.0,0.25,0,214,0,0,-0.0005597019335255027,148.97698974609375,1.1111077070236206,-0.0002861619577743113,0.0,0.40544360876083374
194,without_guidance,1,-0.024478306688251905,96,0.185625,0.0,0.25,0,470,0,0,-0.0005266275256872177,30.792362213134766,1.142077922821045,3.479461884126067e-05,0.0,0.407520055770874
195,without_guidance,1,-0.2580984171363525,96,0.185625,0.0,0.25,0,726,0,0,0.00014664916670881212,57.24005126953125,1.0815069675445557,0.00019735543173737824,0.0,0.4221264719963074
196,without_guidance,1,-0.14460270424024202,96,0.18625,0.0,0.25,0,982,0,0,-8.948457980295643e-05,38.57069396972656,1.0885531902313232,0.00023693560797255486,0.0,0.42205747961997986
197,without_guidance,1,0.17042869715942288,97,0.129375,0.0,0.125,0,238,0,0,-2.9941400498501025e-05,43.564178466796875,1.1297352313995361,9.361111551697832e-06,0.0,0.40769994258880615
198,without_guidance,1,0.30155154901513015,98,0.163125,0.0,0.25,0,107,0,0,-0.00012621842324733734,360.8621826171875,1.109500527381897,-6.789500912418589e-05,0.0,0.41086459159851074
199,without_guidance,1,-0.04427534030401148,99,0.159375,0.0,0.125,0,71,0,0,-0.0005043633282184601,181.53958129882812,1.152093529701233,-0.00044283116585575044,0.0,0.3799969553947449
200,without_guidance,1,0.17132571653291961,99,0.215,0.0,0.125,0,327,0,0,-0.0009064252371899784,5.737005233764648,1.1846294403076172,0.0005875287461094558,0.0,0.37395787239074707
201,without_guidance,1,-0.18894372101021872,101,0.211875,0.0,0.0,0,125,0,0,-0.0008054195786826313,231.71731567382812,1.0584442615509033,-0.00011393179738661274,0.0,0.453258216381073
202,without_guidance,1,0.0745071791529881,101,0.403125,0.0,0.125,0,381,0,0,0.0004994742339476943,7.910571098327637,1.1413301229476929,-2.486611947460915e-06,0.0,0.38813596963882446
203,without_guidance,1,-0.07580728035827633,101,0.405625,0.0,0.125,0,637,0,0,5.869567394256592e-05,17.352943420410156,1.0973398685455322,0.0005748477997258306,0.0,0.4223704934120178
204,without_guidance,1,-0.0712373565256712,101,0.43,0.0,0.125,0,893,0,0,-0.0001059087662724778,18.01885223388672,1.125414252281189,-0.0001196889643324539,0.0,0.3958514630794525
205,without_guidance,1,0.30031613249593647,103,0.17375,0.0,0.25,0,76,0,0,-3.456572812865488e-05,300.64190673828125,1.0910708904266357,6.998889148235321e-05,0.0,0.4244239330291748
206,without_guidance,1,0.21320538294185098,103,0.218125,0.0,0.25,0,332,0,0,-0.0015754885971546173,10.784394264221191,1.2086760997772217,0.0008103265427052975,0.0,0.369869589805603
207,without_guidance,1,-0.1612192582233547,103,0.23625,0.0,0.25,0,588,0,0,-0.000252959638601169,37.254119873046875,1.1049988269805908,0.001142112072557211,0.0,0.40961527824401855
208,without_guidance,1,-0.15560668914076814,103,0.238125,0.0,0.25,0,844,0,0,0.0001608617603778839,37.338050842285156,1.151588797569275,-0.0001641865528654307,0.0,0.39235052466392517
209,without_guidance,1,0.30158223923535843,104,0.175625,0.0,0.125,0,100,0,0,-0.009898016229271889,105.90481567382812,1.1926400661468506,0.0041222115978598595,0.0651041716337204,0.3840286135673523
210,without_guidance,1,-0.032518413885554764,104,0.27125,0.0,0.125,0,356,0,0,-0.009162358939647675,12.979966163635254,1.26993727684021,-7.22085451343446e-06,0.03125,0.33966073393821716
211,without_guidance,1,-0.12720380855898838,104,0.293125,0.0,0.125,0,612,0,0,0.0014130938798189163,25.150554656982422,1.2205615043640137,0.003936448134481907,0.0,0.35853689908981323
212,without_guidance,1,-0.06468061809846404,105,0.10625,0.0,0.125,0,45,0,0,-0.0010940482607111335,209.61737060546875,1.2106231451034546,0.002977552358061075,0.0,0.36627551913261414
213,without_guidance,1,0.40466863053825364,105,0.32,0.0,0.25,0,301,0,0,0.00017139315605163574,40.85630416870117,1.29193913936615,-0.0007255268283188343,0.0,0.3230169415473938
214,without_guidance,1,0.031215399787470233,105,0.349375,0.0,0.375,0,557,0,0,-0.00014998018741607666,9.897686004638672,1.3165405988693237,0.0013937990879639983,0.0,0.33304405212402344
215,without_guidance,1,0.5961522590550885,106,0.19375,0.0,0.75,0,232,0,0,0.0006868559867143631,299.9735412597656,1.3042681217193604,-0.00023774252622388303,0.0,0.32288658618927
216,without_guidance,1,0.05819423481443664,106,0.210625,0.0,0.75,0,488,0,0,-0.0003811173955909908,9.4302978515625,1.3249006271362305,0.0002886038855649531,0.0,0.32020509243011475
217,without_guidance,1,0.10133362247142941,106,0.22125,0.0,0.75,0,744,0,0,-0.0007168216397985816,3.0954623222351074,1.3734830617904663,5.1000779421883635e-06,0.0,0.3084584176540375
218,without_guidance,1,0.21553819100154215,107,0.19625,0.0,0.125,0,142,0,0,-0.0010481744538992643,180.71554565429688,1.3184044361114502,-0.000881713000126183,0.0,0.31960830092430115
219,without_guidance,1,0.07337658433425531,107,0.291875,0.0,0.125,0,398,0,0,-0.0021662123035639524,6.923103332519531,1.3269729614257812,-0.00013312962255440652,0.0,0.319216787815094
220,without_guidance,1,-0.03706520816740522,107,0.294375,0.0,0.125,0,654,0,0,-0.0014639000874012709,11.8070068359375,1.398529291152954,-0.0010184827260673046,0.0,0.2894268035888672
221,without_guidance,1,-0.06551692036555323,107,0.3075,0.0,0.125,0,910,0,0,0.0005447430303320289,19.36587905883789,1.4324802160263062,-4.77616376883816e-05,0.0,0.2795855402946472
222,without_guidance,1,0.42459919986868044,108,0.31625,0.0,0.375,0,166,0,0,7.310634100576863e-05,82.2564926147461,1.3164527416229248,0.0001575233618495986,0.0,0.32507583498954773
223,without_guidance,1,0.29313086208458117,108,0.4325,0.0,0.5,0,422,0,0,-0.0009354045614600182,10.853883743286133,1.3537275791168213,9.621959179639816e-05,0.0,0.3096317648887634
224,without_guidance,1,0.2448963204078609,109,0.193125,0.0,0.0,0,96,0,0,-0.005550786852836609,140.18829345703125,1.315467119216919,0.0004585476126521826,0.0,0.3236909806728363
225,without_guidance,1,0.10904393516102573,109,0.2525,0.0,0.125,0,352,0,0,0.0057736290618777275,1.942782998085022,1.283852219581604,0.0006620394997298717,0.0,0.33905768394470215
226,without_guidance,1,0.10224016178108286,109,0.295,0.0,0.125,0,608,0,0,0.0009241336956620216,2.0208609104156494,1.3066253662109375,0.00037414225516840816,0.0,0.3346487879753113
227,without_guidance,1,0.32070339099482226,109,0.351875,0.0,0.375,0,864,0,0,-0.005289897322654724,14.768943786621094,1.3576587438583374,-0.0012025225441902876,0.0,0.3111349940299988
228,without_guidance,1,0.3640634918192518,110,0.225625,0.0,0.25,0,120,0,0,0.00034007494105026126,88.6589126586914,1.3209584951400757,-0.0016721419524401426,0.0,0.3208390474319458
229,without_guidance,1,0.18630504567408934,110,0.3325,0.0,0.375,0,376,0,0,-0.025989338755607605,2.9896702766418457,1.3889535665512085,0.013381510972976685,0.1276041716337204,0.2953931987285614
230,without_guidance,1,0.26270216176908434,110,0.44,0.0,0.375,0,632,0,0,-0.005228289868682623,6.722041130065918,1.4304832220077515,0.009101362898945808,0.2356770932674408,0.26815399527549744
231,without_guidance,1,-0.07080050642616698,112,0.15125,0.0,0.125,0,104,0,0,0.004154210444539785,222.75067138671875,1.3364694118499756,0.00837615691125393,0.0,0.31177589297294617
232,without_guidance,1,0.6631521217059344,112,0.241875,0.125,0.25,0,360,0,0,-0.004008011426776648,179.5867462158203,1.3870643377304077,-0.0006707028369419277,0.0,0.29565495252609253
233,without_guidance,1,0.10230243492151203,112,0.24375,0.125,0.25,0,616,0,0,-0.001674455008469522,3.250697374343872,1.4338560104370117,0.0018424381269142032,0.0,0.26221880316734314
234,without_guidance,1,0.4285469000997182,113,0.165,0.0,0.0,0,143,0,0,-0.0010509839048609138,211.65484619140625,1.3645153045654297,0.0009105342323891819,0.0,0.303164005279541
235,without_guidance,1,0.4450086299684699,113,0.21125,0.0,0.0,0,399,0,0,0.0008929576724767685,31.861656188964844,1.4086599349975586,8.165014151018113e-05,0.0,0.2819995880126953
236,without_guidance,1,0.27259269807655073,114,0.14875,0.0,0.125,0,180,0,0,-0.0023518684320151806,168.94515991210938,1.3588842153549194,0.00033972164965234697,0.0,0.30919814109802246
237,without_guidance,1,0.36177854706932067,114,0.22125,0.0,0.25,0,436,0,0,-0.0010922420769929886,62.524322509765625,1.4197580814361572,0.0020238440483808517,0.0,0.2865314483642578
238,without_guidance,1,0.17870103706081863,114,0.244375,0.0,0.375,0,692,0,0,-1.9563984096748754e-05,34.95730972290039,1.4434258937835693,-0.00033459137193858624,0.0,0.27014631032943726
239,without_guidance,1,0.1376595692272531,114,0.2475,0.0,0.375,0,948,0,0,-0.0018947900971397758,3.9052321910858154,1.4583896398544312,0.000593694974668324,0.0,0.2608097195625305
240,without_guidance,1,0.6624508141709384,116,0.13875,0.0,0.0,0,184,0,0,0.0005330542917363346,206.3077850341797,1.3697457313537598,-0.0008339461637660861,0.0,0.3182339668273926
241,without_guidance,1,0.5426520106283306,117,0.348125,0.0,0.25,0,213,0,0,-0.0003852955996990204,260.5965881347656,1.309399962425232,-0.0003059473820030689,0.0,0.33595582842826843
242,without_guidance,1,0.19685896626106114,118,0.109375,0.0,0.0,0,68,0,0,-0.00016850917018018663,101.69945526123047,1.3912250995635986,-6.245806434890255e-05,0.0,0.30359166860580444
243,without_guidance,1,0.5600856251999176,118,0.495,0.0,0.375,0,324,0,0,1.989832890103571e-05,102.44586181640625,1.3500680923461914,-0.00013800384476780891,0.0,0.3065757155418396
244,without_guidance,1,0.3854213623008036,118,0.59875,0.0,0.625,0,580,0,0,-0.0001359693706035614,26.077333450317383,1.4450232982635498,-0.00013079377822577953,0.0,0.26448094844818115
245,without_guidance,1,0.10676963539117423,118,0.610625,0.0,0.625,0,836,0,0,-0.0006061634048819542,5.637856483459473,1.4657701253890991,0.00019900377083104104,0.0,0.26325723528862
246,without_guidance,1,0.25665912684200975,119,0.038125,0.0,0.0,0,92,0,0,-0.0002640473539941013,49.20642852783203,1.4215812683105469,0.00025838305009528995,0.0,0.28342553973197937
247,without_guidance,1,-0.011086738486483227,120,0.126875,0.0,0.0,0,250,0,0,-0.0001186951994895935,80.05575561523438,1.3345868587493896,-2.1009862393839285e-05,0.0,0.3231450021266937
248,without_guidance,1,0.2466691319932579,120,0.19875,0.0,0.125,0,506,0,0,-0.00014729487884324044,69.69571685791016,1.4653538465499878,6.179139018058777e-05,0.0,0.262071818113327
249,without_guidance,1,0.21892644520085014,120,0.23875,0.0,0.25,0,762,0,0,-8.538272231817245e-05,23.534175872802734,1.4917566776275635,0.0002034609206020832,0.0,0.2526822090148926
250,without_guidance,1,0.21305877239774418,121,0.015,0.0,0.0,0,18,0,0,-0.0023648133501410484,16.911266326904297,1.4702357053756714,8.331930439453572e-05,0.0,0.26012739539146423
251,without_guidance,1,0.5656095652848308,122,0.203125,0.0,0.125,0,122,0,0,-0.00025778263807296753,246.03123474121094,1.308049201965332,0.00010321282024960965,0.0,0.3334532678127289
252,without_guidance,1,0.8100075265392661,122,0.509375,0.0,0.625,0,378,0,0,-0.00013657349336426705,161.60874938964844,1.4344499111175537,0.00044414805597625673,0.0,0.27403849363327026
253,without_guidance,1,0.30732760197861353,122,0.5125,0.0,0.625,0,634,0,0,-0.001146264374256134,9.08613395690918,1.478499412536621,-0.00044455938041210175,0.0,0.2539794445037842
254,without_guidance,1,0.33506748275067366,122,0.5725,0.0,0.875,0,890,0,0,-0.0014270104002207518,12.046368598937988,1.49079167842865,1.755240373313427e-05,0.0,0.24791103601455688
255,without_guidance,1,0.9190782264622612,123,0.21125,0.0,0.5,0,146,0,0,0.000587979971896857,267.4661865234375,1.423309087753296,-0.00021358858793973923,0.0,0.2858734130859375
256,without_guidance,1,0.5842735487458413,123,0.24375,0.125,0.5,0,402,0,0,4.0879473090171814e-05,66.09569549560547,1.4605430364608765,1.5587391317239963e-05,0.0,0.26159557700157166
257,without_guidance,1,0.331139667876414,123,0.285,0.125,0.5,0,658,0,0,-0.00028277066303417087,8.01054573059082,1.499076247215271,0.00018604425713419914,0.0,0.2474607676267624
258,without_guidance,1,0.1811240144807016,123,0.303125,0.125,0.5,0,914,0,0,-0.01138963084667921,4.177881717681885,1.5002267360687256,0.008427927270531654,0.0,0.24674391746520996
259,without_guidance,1,0.8136233075529162,125,0.060625,0.0,0.25,0,49,0,0,-0.001307570724748075,299.6667785644531,1.4609569311141968,0.012484777718782425,0.15234375,0.27184492349624634
260,without_guidance,1,0.6392224256023837,125,0.20875,0.125,0.375,0,305,0,0,0.0028817947022616863,81.8449935913086,1.5043354034423828,-0.00177745521068573,0.0,0.25143688917160034
261,without_guidance,1,0.37718421632411037,125,0.23125,0.25,0.375,0,561,0,0,0.0022435015998780727,17.6085205078125,1.528456449508667,0.001225621672347188,0.0,0.23859700560569763
262,without_guidance,1,0.12022193570737727,125,0.285,0.25,0.375,0,817,0,0,-0.0006384378066286445,3.2051095962524414,1.5414988994598389,0.00046053872210904956,0.0,0.23374149203300476
263,without_guidance,1,0.30867845238390146,126,0.19625,0.0,0.25,0,141,0,0,-0.0013770442456007004,207.7495880126953,1.4844169616699219,-0.001329345046542585,0.0,0.2533852756023407
264,without_guidance,1,0.5514336534106405,126,0.30625,0.125,0.375,0,397,0,0,0.001345789059996605,78.73794555664062,1.5279369354248047,0.00038027437403798103,0.0,0.241014763712883
265,without_guidance,1,0.2724725189640367,126,0.308125,0.125,0.375,0,653,0,0,0.0007303316961042583,9.523870468139648,1.5410993099212646,-0.00021425620070658624,0.0,0.23568308353424072
266,without_guidance,1,0.2851472780421318,126,0.33375,0.125,0.5,0,909,0,0,-0.0008171418448910117,7.856767654418945,1.5361254215240479,0.0001742242311593145,0.0,0.2394757866859436
267,without_guidance,1,0.01540125307155904,129,0.115,0.0,0.0,0,81,0,0,-0.0002461498079355806,231.56472778320312,1.4650323390960693,-0.0001248805783689022,0.0,0.26493769884109497
268,without_guidance,1,-0.07554044973221608,130,0.035,0.0,0.0,0,16,0,0,-0.0002998318523168564,113.64912414550781,1.4495022296905518,-2.8025981009704992e-05,0.0,0.2700701355934143
269,without_guidance,1,0.6344723305392108,130,0.185625,0.0,0.25,0,272,0,0,-0.00019211570906918496,112.63142395019531,1.5056114196777344,-8.674571290612221e-05,0.0,0.24779608845710754
270,without_guidance,1,0.36468740052623616,130,0.230625,0.0,0.375,0,528,0,0,-0.0012479046126827598,12.157846450805664,1.5330545902252197,-0.00021181644115131348,0.0,0.23786398768424988
271,without_guidance,1,0.24126601608531928,130,0.231875,0.0,0.375,0,784,0,0,-0.0019310880452394485,4.756195068359375,1.53668212890625,0.00029515972710214555,0.0,0.23566719889640808
272,without_guidance,1,0.25550201260557515,131,0.0275,0.0,0.0,0,40,0,0,-0.009747780859470367,13.128511428833008,1.5285691022872925,0.0007277422118932009,0.0,0.24270856380462646
273,without_guidance,1,0.6677450476636295,131,0.37375,0.0,0.0,0,296,0,0,-0.00032031163573265076,122.19062805175781,1.490509271621704,-0.001741018146276474,0.0013020833721384406,0.26478153467178345
274,without_guidance,1,0.5570669715816621,131,0.489375,0.0,0.25,0,552,0,0,0.0029531619511544704,123.70195770263672,1.5527820587158203,0.0005811991868540645,0.0,0.23354099690914154
275,without_guidance,1,0.5011315037509121,131,0.538125,0.125,0.375,0,808,0,0,-0.0019787661731243134,111.30911254882812,1.575427770614624,0.0021747255232185125,0.0,0.22655020654201508
276,without_guidance,1,0.35154103535751346,132,0.041875,0.0,0.0,0,64,0,0,-0.0008614175021648407,54.50032043457031,1.552164912223816,0.0004646425077226013,0.0,0.24647757411003113
277,without_guidance,1,0.031239425130479503,132,0.13125,0.0,0.0,0,320,0,0,0.0005266586085781455,8.295870780944824,1.5242571830749512,-0.0008338236948475242,0.0,0.25152313709259033
278,without_guidance,1,0.1585911720940203,132,0.156875,0.0,0.0,0,576,0,0,-0.0005935902590863407,26.741111755371094,1.5378673076629639,0.00022833321418147534,0.0,0.23357056081295013
279,without_guidance,1,0.1608218606356786,132,0.170625,0.0,0.0,0,832,0,0,-0.001156588434241712,6.756970405578613,1.564396858215332,0.0003346226876601577,0.0,0.2350761890411377
280,without_guidance,1,0.5632877649815669,133,0.225,0.0,0.0,0,206,0,0,-0.00014412496238946915,244.1766815185547,1.4750274419784546,0.0002463171258568764,0.0,0.27543964982032776
281,without_guidance,1,0.18279000801248912,133,0.230625,0.0,0.0,0,462,0,0,-0.004062171559780836,5.901367664337158,1.5584602355957031,0.00047297924174927175,0.0,0.2358756959438324
282,without_guidance,1,0.3789068897440302,133,0.2375,0.0,0.0,0,718,0,0,0.0011692456901073456,22.278060913085938,1.5800788402557373,0.0010505523532629013,0.0,0.22863523662090302
283,without_guidance,1,0.2839162548734748,133,0.243125,0.0,0.0,0,974,0,0,-0.0014955289661884308,6.823947906494141,1.5955346822738647,0.0018206012900918722,0.0,0.2238233983516693
284,without_guidance,1,0.549763087973588,134,0.184375,0.0,0.125,0,230,0,0,0.0002509902114979923,199.42922973632812,1.467829704284668,-0.0001670419005677104,0.0,0.27390000224113464
285,without_guidance,1,0.2588800048761186,135,0.0325,0.0,0.0,0,39,0,0,-0.0006739950622431934,155.5235595703125,1.5157372951507568,-0.00011035365605494007,0.0,0.2541499733924866
286,without_guidance,1,0.4128934198024581,136,0.02875,0.0,0.125,0,25,0,0,-0.0008933531935326755,212.88449096679688,1.4747204780578613,0.00046875281259417534,0.0,0.2720652222633362
287,without_guidance,1,0.4410042466415689,136,0.18875,0.0,0.25,0,281,0,0,-0.0012709153816103935,91.78654479980469,1.473879337310791,0.0009164726361632347,0.0,0.27489444613456726
288,without_guidance,1,0.27629314533533034,136,0.238125,0.0,0.25,0,537,0,0,-0.000265367329120636,7.652365684509277,1.5585187673568726,0.0001141187603934668,0.0,0.2331010103225708
289,without_guidance,1,0.3040579068201623,136,0.25625,0.0,0.25,0,793,0,0,-0.0021487500052899122,6.567069053649902,1.5670217275619507,-0.00030114472610875964,0.0,0.23202571272850037
290,without_guidance,1,0.5328114205856309,137,0.034375,0.0,0.0,0,49,0,0,-5.671444159816019e-05,249.031005859375,1.547267198562622,7.688471669098362e-05,0.0,0.23859630525112152
291,without_guidance,1,0.10866657479402875,137,0.1575,0.0,0.0,0,305,0,0,-0.0007511371513828635,9.661547660827637,1.482511281967163,-0.0001482754887547344,0.0,0.2687777280807495
292,without_guidance,1,0.21656600714777596,137,0.23125,0.0,0.125,0,561,0,0,-0.0013420277973636985,5.348008155822754,1.5407813787460327,-0.0012831439962610602,0.0,0.24051927030086517
293,without_guidance,1,0.023265917610842735,137,0.235,0.0,0.125,0,817,0,0,0.0003365983138792217,12.403550148010254,1.5745322704315186,0.000588369439356029,0.0,0.2268596887588501
294,without_guidance,1,0.3034082338126609,138,0.115,0.0,0.0,0,73,0,0,-0.00012010957289021462,66.05471801757812,1.5272057056427002,0.0003985212533734739,0.0,0.2527448832988739
295,without_guidance,1,0.7129004082353276,138,0.24,0.0,0.25,0,329,0,0,-0.00036991824163123965,121.07005310058594,1.510929822921753,7.950569124659523e-05,0.0,0.25213155150413513
296,without_guidance,1,0.6110666292534006,139,0.16625,0.0,0.0,0,181,0,0,-0.00020014308393001556,191.57968139648438,1.482265830039978,-8.909653115551919e-05,0.0,0.2717365622520447
297,without_guidance,1,0.16832121491097496,139,0.2125,0.0,0.125,0,437,0,0,-0.001428521005436778,7.811899185180664,1.5380510091781616,7.745096081634983e-05,0.0,0.24042123556137085
298,without_guidance,1,0.5311183520389022,139,0.3225,0.0,0.375,0,693,0,0,-0.0006640702486038208,61.123626708984375,1.5422862768173218,0.00012568928650580347,0.0,0.2363594025373459
299,without_guidance,1,0.3596092948437217,139,0.3975,0.0,0.625,0,949,0,0,-0.001060358015820384,26.169300079345703,1.5459315776824951,-0.000592387979850173,0.0,0.24071650207042694
300,without_guidance,1,0.5029800885369582,140,0.124375,0.0,0.0,0,205,0,0,-0.0005755908787250519,122.4148178100586,1.4566839933395386,0.0004030573181807995,0.0,0.27314096689224243
301,without_guidance,1,0.30065720869606594,140,0.260625,0.125,0.125,0,461,0,0,-0.00011833136522909626,35.983219146728516,1.4979991912841797,0.00019255722872912884,0.0,0.2528364062309265
302,without_guidance,1,0.5030101095585451,140,0.351875,0.125,0.375,0,717,0,0,-1.3373792171478271e-05,124.4184799194336,1.5409401655197144,0.00011029606685042381,0.0,0.23379027843475342
303,without_guidance,1,0.24299016252552974,140,0.35625,0.25,0.375,0,973,0,0,-0.00018240511417388916,14.638128280639648,1.5591976642608643,0.00012111826799809933,0.0,0.23101136088371277
304,without_guidance,1,0.33187948516547294,142,0.053125,0.0,0.125,0,73,0,0,-0.00019222467381041497,270.10137939453125,1.3923320770263672,4.318837818573229e-05,0.0,0.3050806224346161
305,without_guidance,1,0.5854201544143507,142,0.35,0.0,0.375,0,329,0,0,-4.106449705432169e-05,118.72975158691406,1.4743192195892334,1.4697201550006866e-05,0.0,0.2587605118751526
306,without_guidance,1,0.3142290540072281,142,0.3625,0.0,0.375,0,585,0,0,-0.0003349483013153076,6.190178871154785,1.5280746221542358,4.171921682427637e-05,0.0,0.23811569809913635
307,without_guidance,1,0.3078041282133199,142,0.365625,0.0,0.375,0,841,0,0,-0.0008279482717625797,5.414379119873047,1.5461219549179077,0.00016973190940916538,0.0,0.23480001091957092
308,without_guidance,1,0.6005966024340523,143,0.079375,0.0,0.25,0,97,0,0,-5.495982986758463e-05,152.63143920898438,1.4859040975570679,0.0003920017625205219,0.0,0.2530101239681244
309,without_guidance,1,0.4906166689670499,143,0.329375,0.125,0.25,0,353,0,0,-0.00015553987759631127,53.365013122558594,1.4839633703231812,0.00014474445197265595,0.0,0.260207861661911
310,without_guidance,1,0.06488324461315642,143,0.3425,0.125,0.25,0,609,0,0,-0.00021470649517141283,8.489004135131836,1.5248851776123047,7.230757910292596e-05,0.0,0.24374604225158691
311,without_guidance,1,0.33609010657528415,143,0.465,0.125,0.375,0,865,0,0,-0.00023553147912025452,41.2669792175293,1.532663345336914,9.356113150715828e-05,0.0,0.2380235195159912
312,without_guidance,1,0.29960373960784636,144,0.1,0.0,0.0,0,121,0,0,-0.0011749844998121262,41.70127868652344,1.4390652179718018,0.0005388661520555615,0.0,0.28566521406173706
313,without_guidance,1,0.7151725085095677,144,0.2475,0.0,0.625,0,377,0,0,0.00021282024681568146,161.16659545898438,1.5006974935531616,0.0005650341045111418,0.0,0.2527243494987488
314,without_guidance,1,0.27089116414936143,145,0.10125,0.0,0.0,0,139,0,0,-0.0007800403982400894,146.57528686523438,1.453394889831543,0.00041719371802173555,0.0,0.274607390165329
315,without_guidance,1,0.684384810573647,145,0.234375,0.0,0.25,0,395,0,0,-9.673958265921101e-05,123.73860931396484,1.4810235500335693,0.0004779693845193833,0.0,0.2596718668937683
316,without_guidance,1,0.6856581143438234,147,0.033125,0.125,0.125,0,52,0,0,-0.000444355740910396,329.4736328125,1.4382089376449585,-3.454423131188378e-05,0.0,0.28313544392585754
317,without_guidance,1,0.3948964565661299,147,0.22875,0.125,0.25,0,308,0,0,-0.00021182745695114136,92.86688232421875,1.446126937866211,-0.0002670524991117418,0.0,0.2681270241737366
318,without_guidance,1,0.4652760506587583,147,0.34125,0.125,0.375,0,564,0,0,0.00015276111662387848,89.7355728149414,1.5182894468307495,7.965066470205784e-05,0.0,0.2401401847600937
319,without_guidance,1,0.27866703489621614,147,0.4425,0.125,0.375,0,820,0,0,-0.0007672999054193497,3.5970497131347656,1.5281014442443848,-0.00012480134319048375,0.0,0.24465805292129517
320,without_guidance,1,0.25779220051606444,148,0.11375,0.0,0.0,0,76,0,0,-0.0007151855970732868,14.218852996826172,1.4945240020751953,0.0006294510094448924,0.0,0.258229523897171
321,without_guidance,1,0.6767951284564333,148,0.1875,0.0,0.25,0,332,0,0,-9.143166244029999e-05,107.34733581542969,1.4792665243148804,0.00016691435303073376,0.0,0.2622387409210205
322,without_guidance,1,0.4496021187393353,148,0.29,0.0,0.25,0,588,0,0,0.0005271652480587363,22.654441833496094,1.5214710235595703,-8.810234430711716e-05,0.0,0.2391739785671234
323,without_guidance,1,0.3658732863164005,148,0.35,0.0,0.25,0,844,0,0,-0.0002406134008197114,8.633432388305664,1.5438745021820068,6.353979551931843e-05,0.0,0.23277032375335693
324,without_guidance,1,0.4221877283946469,149,0.1,0.0,0.0,0,100,0,0,-0.0008004046976566315,55.48471450805664,1.5057657957077026,0.00010085975372930989,0.0,0.25645866990089417
325,without_guidance,1,0.20041974334890256,149,0.174375,0.0,0.125,0,356,0,0,-0.002282592235133052,5.216988563537598,1.5010284185409546,0.00023057979706209153,0.0,0.25043419003486633
326,without_guidance,1,0.1811282711860258,149,0.205625,0.0,0.125,0,612,0,0,-0.0061497874557971954,2.2781081199645996,1.523411512374878,0.0033997311256825924,0.0,0.2392309606075287
327,without_guidance,1,0.3378274172391684,149,0.289375,0.125,0.25,0,868,0,0,0.00018779374659061432,41.06879806518555,1.5340608358383179,0.00158497947268188,0.0,0.2344563901424408
328,without_guidance,1,0.8028812006850785,150,0.241875,0.0,0.25,0,124,0,0,6.195840978762135e-05,198.70147705078125,1.4453999996185303,-0.00022334791719913483,0.0,0.2774597108364105
329,without_guidance,1,0.5997598944400124,150,0.451875,0.0,0.25,0,380,0,0,0.0007149713928811252,49.640892028808594,1.4656485319137573,0.000717995862942189,0.0,0.2629690170288086
330,without_guidance,1,0.3164998870688578,150,0.460625,0.0,0.25,0,636,0,0,-0.0005159868742339313,6.573339462280273,1.5048224925994873,-0.00019057460303884,0.0,0.25101524591445923
331,without_guidance,1,0.43566071949862817,150,0.488125,0.125,0.375,0,892,0,0,0.00015736775822006166,54.7811279296875,1.5381989479064941,8.604598406236619e-05,0.0,0.23540715873241425
332,without_guidance,1,0.059896797089095344,152,0.033125,0.0,0.0,0,15,0,0,-0.00010547786951065063,138.10101318359375,1.4079864025115967,-0.00042618950828909874,0.0,0.29899996519088745
333,without_guidance,1,0.38673974631819874,152,0.145,0.0,0.0,0,271,0,0,-7.347421342274174e-05,133.68470764160156,1.3738908767700195,-9.330789180239663e-05,0.0,0.313543438911438
334,without_guidance,1,0.1020094828868423,152,0.220625,0.0,0.125,0,527,0,0,-0.00020362623035907745,11.031839370727539,1.5022318363189697,-5.297580355545506e-05,0.0,0.2517644464969635
335,without_guidance,1,0.17438411148032174,152,0.22125,0.0,0.125,0,783,0,0,-0.001028211205266416,2.823181629180908,1.5337097644805908,0.0002529515768401325,0.0,0.23400866985321045
336,without_guidance,1,0.14942770123889204,153,0.086875,0.0,0.0,0,39,0,0,-0.0006881071021780372,23.50619125366211,1.4864777326583862,2.6552783310762607e-05,0.0,0.2603151798248291
337,without_guidance,1,0.5068503255570249,153,0.370625,0.0,0.25,0,295,0,0,-0.00021773390471935272,187.85848999023438,1.373936653137207,-0.0002472079358994961,0.0,0.31050145626068115
338,without_guidance,1,0.28050097842060495,153,0.375625,0.125,0.25,0,551,0,0,-0.0009374174987897277,11.233236312866211,1.5126922130584717,-5.937973037362099e-05,0.0,0.24121317267417908
339,without_guidance,1,0.024228903035691474,153,0.39125,0.125,0.25,0,807,0,0,-0.0004455121234059334,13.996129989624023,1.4928252696990967,0.00011920735414605588,0.0,0.24913346767425537
340,without_guidance,1,0.14287019464245532,154,0.104375,0.0,0.0,0,63,0,0,-0.0004458557814359665,96.78034210205078,1.442365050315857,0.00046639953507110476,0.0,0.279326856136322
341,without_guidance,1,0.6897195837068466,154,0.28375,0.0,0.25,0,319,0,0,-0.0002990837092511356,128.87049865722656,1.44455885887146,-0.00010374840348958969,0.0,0.2735463082790375
342,without_guidance,1,0.28675154908523837,154,0.288125,0.0,0.25,0,575,0,0,-0.0014105855952948332,5.48408842086792,1.5298454761505127,1.2220504686411005e-05,0.0,0.23693224787712097
343,without_guidance,1,0.38365327232713753,154,0.3525,0.0,0.375,0,831,0,0,-0.0009120895410887897,22.768522262573242,1.5167863368988037,0.0001660942507442087,0.0,0.23611359298229218
344,without_guidance,1,0.6783428817489039,155,0.16375,0.0,0.0,0,168,0,0,0.0003944374620914459,352.56231689453125,1.4081571102142334,-0.0002284764777868986,0.0,0.29706650972366333
345,without_guidance,1,0.3150189284192493,155,0.230625,0.0,0.0,0,424,0,0,-0.0009927445789799094,7.996867656707764,1.4922174215316772,0.00022756005637347698,0.0,0.25400054454803467
346,without_guidance,1,0.28221810573737827,155,0.248125,0.0,0.0,0,680,0,0,-0.0038341842591762543,2.9765641689300537,1.5143959522247314,0.0004361484607215971,0.0,0.23920699954032898
347,without_guidance,1,0.4367254446242441,156,0.075625,0.0,0.125,0,52,0,0,-0.0007149925222620368,145.41848754882812,1.4740556478500366,0.0009210298303514719,0.0,0.2594783902168274
348,without_guidance,1,0.23629848298514844,156,0.25125,0.0,0.25,0,308,0,0,-0.0017196300905197859,34.37672805786133,1.4115304946899414,0.0006573987193405628,0.0,0.2950021028518677
349,without_guidance,1,0.39472867970607695,157,0.13625,0.0,0.125,0,168,0,0,-0.0008990826900117099,234.02101135253906,1.4044520854949951,0.0005617354763671756,0.0,0.29268571734428406
350,without_guidance,1,0.007494865381886484,157,0.16625,0.0,0.125,0,424,0,0,-0.00035211071372032166,14.021306991577148,1.4852209091186523,-0.0007523290696553886,0.0,0.25217869877815247
351,without_guidance,1,0.10870454988798883,157,0.218125,0.0,0.125,0,680,0,0,-0.0009058006107807159,5.6499104499816895,1.511466383934021,-0.0007663709111511707,0.0,0.2397192418575287
352,without_guidance,1,0.6769516588974511,158,0.23625,0.125,0.375,0,222,0,0,0.0003875761176459491,514.8973388671875,1.387282133102417,-0.00015537549916189164,0.0,0.29097211360931396
353,without_guidance,1,0.2970100457009721,158,0.29375,0.125,0.375,0,478,0,0,-0.0014606028562411666,3.1596951484680176,1.5013678073883057,-3.4353386126895202e-06,0.0,0.2437945455312729
354,without_guidance,1,0.27268332203766477,158,0.331875,0.125,0.375,0,734,0,0,-0.005692997947335243,3.6664252281188965,1.512234091758728,0.0025637997314333916,0.0,0.241571307182312
355,without_guidance,1,0.3192410653009574,158,0.341875,0.125,0.375,0,990,0,0,-0.0044895196333527565,6.858643531799316,1.5174140930175781,0.0005825275438837707,0.0,0.24393287301063538
356,without_guidance,1,0.31223870720350533,159,0.159375,0.0,0.125,0,246,0,0,-0.0009504420449957252,83.10598754882812,1.4374585151672363,0.0006412346847355366,0.0,0.276475191116333
357,without_guidance,1,0.5771322340824554,161,0.173125,0.0,0.375,0,157,0,0,0.0006110485410317779,455.7399597167969,1.3899152278900146,-0.0011913503985852003,0.0,0.292624831199646
358,without_guidance,1,0.6634466526229517,161,0.371875,0.125,0.625,0,413,0,0,0.0009004244348034263,88.79116821289062,1.4865678548812866,-8.830979641061276e-05,0.0,0.253772497177124
359,without_guidance,1,0.3451415471326982,161,0.394375,0.125,0.625,0,669,0,0,-0.0010607981821522117,4.749575138092041,1.5250091552734375,0.00019213976338505745,0.0,0.23672382533550262
360,without_guidance,1,0.35369257302954793,161,0.44375,0.125,0.625,0,925,0,0,-0.0006711682071909308,7.153956413269043,1.5261714458465576,-0.00016134993347804993,0.0,0.23723475635051727
361,without_guidance,1,0.4736531872295018,162,0.193125,0.0,0.125,0,181,0,0,5.233039701124653e-05,92.38529968261719,1.447436809539795,-0.00021780747920274734,0.0,0.2783641219139099
362,without_guidance,1,0.07237081374478294,162,0.253125,0.0,0.125,0,437,0,0,-0.0005418385262601078,10.083555221557617,1.4905637502670288,5.040023097535595e-05,0.0,0.2506204843521118
363,without_guidance,1,0.17443348183132912,162,0.314375,0.0,0.125,0,693,0,0,-0.0014386556576937437,3.6115188598632812,1.520464301109314,-0.00013942171062808484,0.0,0.24096667766571045
364,without_guidance,1,0.14707188988904818,162,0.318125,0.0,0.125,0,949,0,0,-0.001704412279650569,4.160176753997803,1.5370897054672241,0.00070110650267452,0.0,0.23363226652145386
365,without_guidance,1,0.5060634260516963,164,0.310625,0.0,0.125,0,151,0,0,-0.0005846656858921051,212.59078979492188,1.402941107749939,0.0001372407132294029,0.0,0.28384333848953247
366,without_guidance,1,0.7834792712974377,164,0.49375,0.0,0.375,0,407,0,0,-0.00022601522505283356,188.2320098876953,1.504347562789917,-0.0003177474136464298,0.0,0.24454015493392944
367,without_guidance,1,0.27377017974367845,164,0.565625,0.0,0.375,0,663,0,0,-0.002254599705338478,6.475846290588379,1.5132697820663452,0.00022254683426581323,0.0,0.2377384901046753
368,without_guidance,1,0.27199262158455895,164,0.573125,0.0,0.375,0,919,0,0,-0.006562071852385998,2.4429354667663574,1.5183770656585693,0.002240378176793456,0.0,0.23276552557945251
369,without_guidance,1,0.7082801167871366,165,0.21125,0.0,0.0,0,175,0,0,-0.0006652012234553695,182.70025634765625,1.4414682388305664,0.0021084947511553764,0.0,0.2711465060710907
370,without_guidance,1,0.23676038131634414,165,0.355625,0.0,0.125,0,431,0,0,-0.006029419135302305,4.640097141265869,1.487363338470459,0.001122861634939909,0.0,0.24821895360946655
371,without_guidance,1,0.1057909680675948,165,0.366875,0.0,0.125,0,687,0,0,0.0007928535342216492,5.604954719543457,1.4938018321990967,-0.0015267332782968879,0.0,0.24159124493598938
372,without_guidance,1,0.06725077671580948,165,0.375625,0.0,0.125,0,943,0,0,0.0002657498116604984,11.072346687316895,1.4911794662475586,0.0004519270150922239,0.0,0.24634182453155518
373,without_guidance,1,0.7790519344034692,166,0.206875,0.0,0.5,0,199,0,0,-0.0009756715735420585,119.10811614990234,1.4131405353546143,1.5392357454402372e-05,0.0,0.27081915736198425
374,without_guidance,1,0.5345902501917408,166,0.24,0.125,0.5,0,455,0,0,3.399948400328867e-05,47.48093032836914,1.4639761447906494,8.1365775258746e-05,0.0,0.25325143337249756
375,without_guidance,1,0.3225428448367893,166,0.265625,0.125,0.5,0,711,0,0,-0.0018027015030384064,3.276092529296875,1.4751999378204346,-0.00012990848335903138,0.0,0.25189587473869324
376,without_guidance,1,0.2817762810509521,166,0.2725,0.125,0.5,0,967,0,0,-0.005520055070519447,3.030933380126953,1.4765949249267578,0.001826094463467598,0.0,0.24481217563152313
377,without_guidance,1,0.7236935735745647,167,0.295,0.0,0.25,0,223,0,0,-0.00043494440615177155,120.11705780029297,1.3732163906097412,0.0005206234636716545,0.0,0.29081666469573975
378,without_guidance,1,0.41340823652990366,167,0.339375,0.0,0.25,0,479,0,0,-0.0022099390625953674,11.204848289489746,1.4133739471435547,0.001024866127409041,0.0,0.2708873152732849
379,without_guidance,1,0.5201423027551755,167,0.415625,0.0,0.5,0,735,0,0,0.00015558800077997148,80.16110229492188,1.4562305212020874,0.000314831588184461,0.0,0.25032731890678406
380,without_guidance,1,0.3008300832716486,167,0.416875,0.0,0.5,0,991,0,0,-0.00013470774865709245,2.8004887104034424,1.461357831954956,-9.544597560307011e-05,0.0,0.2526540756225586
381,without_guidance,1,0.7575057711653699,168,0.1775,0.0,0.25,0,247,0,0,-0.00015422205615323037,363.487548828125,1.403212547302246,0.00015943404287099838,0.0,0.28497010469436646
382,without_guidance,1,0.260410891515221,168,0.215,0.0,0.25,0,503,0,0,-0.017197219654917717,3.61523699760437,1.452280044555664,0.002529359422624111,0.0,0.2614792585372925
383,without_guidance,1,0.4034608128217769,168,0.233125,0.0,0.25,0,759,0,0,-0.018201135098934174,8.382591247558594,1.4157308340072632,0.015049251727759838,0.3580729365348816,0.2663765847682953
384,without_guidance,1,0.3677349569115904,169,0.03125,0.0,0.0,0,15,0,0,-0.005443043075501919,30.222293853759766,1.4240200519561768,-0.00056467205286026,0.0416666679084301,0.27341145277023315
385,without_guidance,1,0.4924736516210686,169,0.291875,0.0,0.25,0,271,0,0,-0.0013129034778103232,80.78170013427734,1.3792681694030762,0.005607202649116516,0.00390625,0.28610092401504517
386,without_guidance,1,0.2362640411578809,169,0.314375,0.0,0.25,0,527,0,0,0.0014297831803560257,2.0718419551849365,1.4453223943710327,0.0026556614320725203,0.0,0.2673206031322479
387,without_guidance,1,0.23006221149080375,169,0.3375,0.0,0.25,0,783,0,0,-0.007748590316623449,2.8840231895446777,1.4703359603881836,0.0021871367935091257,0.0,0.25824934244155884
388,without_guidance,1,0.5858879491925109,170,0.0875,0.0,0.125,0,39,0,0,-0.002330876886844635,76.63554382324219,1.4762296676635742,-0.0003205253160558641,0.0,0.25832846760749817
389,without_guidance,1,0.5155404568313315,170,0.205,0.0,0.25,0,295,0,0,4.4847529352409765e-05,17.203401565551758,1.4409947395324707,-0.000901204242836684,0.0,0.2623833417892456
390,without_guidance,1,0.306294804955769,170,0.23125,0.0,0.25,0,551,0,0,-0.0010772906243801117,3.3551278114318848,1.4651706218719482,0.0006043979665264487,0.0,0.25188204646110535
391,without_guidance,1,0.3969173077020969,170,0.275625,0.0,0.25,0,807,0,0,-0.0007102321833372116,9.652791023254395,1.4798812866210938,-0.0006861853180453181,0.0,0.25563347339630127
392,without_guidance,1,0.45645086259173695,171,0.143125,0.0,0.125,0,63,0,0,-0.0006816803361289203,60.18103790283203,1.4628527164459229,0.000758785696234554,0.0,0.25924140214920044
393,without_guidance,1,0.499893844134931,171,0.33875,0.0,0.25,0,319,0,0,-0.0010791495442390442,23.57459259033203,1.4199985265731812,4.5515211240854114e-05,0.0,0.2746753692626953
394,without_guidance,1,0.22667879059372353,171,0.39375,0.0,0.25,0,575,0,0,-0.0011995922541245818,7.272043704986572,1.4481213092803955,-0.0007685793098062277,0.0,0.2672790288925171
395,without_guidance,1,0.4886841407233078,172,0.206875,0.0,0.5,0,95,0,0,0.0004945161635987461,258.93682861328125,1.3992975950241089,-0.0001163420602097176,0.0,0.2841951251029968
396,without_guidance,1,0.31981826161791105,172,0.345,0.0,0.5,0,351,0,0,-0.003921054303646088,11.295957565307617,1.4287956953048706,-0.00030992779647931457,0.0,0.27438774704933167
397,without_guidance,1,0.31272011576220393,172,0.391875,0.0,0.5,0,607,0,0,-0.002657182514667511,7.3137311935424805,1.4516286849975586,-0.00036418711533769965,0.0,0.26129862666130066
398,without_guidance,1,0.184670328168977,172,0.39625,0.0,0.5,0,863,0,0,-0.0032952800393104553,6.399974822998047,1.446428656578064,2.0033912733197212e-05,0.0,0.26825395226478577
399,without_guidance,1,0.5224444610648789,173,0.203125,0.0,0.125,0,119,0,0,-0.0013841800391674042,103.78814697265625,1.4244623184204102,0.0015892188530415297,0.0,0.27867424488067627
400,without_guidance,1,0.35947661149930354,173,0.310625,0.0,0.25,0,375,0,0,-0.0008595992694608867,46.813899993896484,1.4332088232040405,0.0017940336838364601,0.0,0.26862046122550964
401,without_guidance,1,0.3949956344476959,173,0.34625,0.0,0.25,0,631,0,0,-0.0018868068000301719,12.290037155151367,1.4681906700134277,-0.0008651474490761757,0.0,0.2577018141746521
402,without_guidance,1,0.3874999335700977,173,0.4025,0.0,0.25,0,887,0,0,-0.0017731466796249151,8.776403427124023,1.4885876178741455,-0.00023417742340825498,0.0,0.24961087107658386
403,without_guidance,1,0.2828389615606284,174,0.21125,0.0,0.125,0,143,0,0,-0.0005835785414092243,23.172252655029297,1.399295687675476,0.0003032537642866373,0.0,0.2898121774196625
404,without_guidance,1,0.4645685928171588,174,0.3475,0.0,0.25,0,399,0,0,-0.0005159347201697528,29.2059383392334,1.425890326499939,-2.342252992093563e-05,0.0,0.2802923619747162
405,without_guidance,1,0.4520517699584161,175,0.0925,0.0,0.125,0,82,0,0,-0.0005600076983682811,163.33148193359375,1.4365838766098022,-6.74067996442318e-06,0.0,0.2657092213630676
406,without_guidance,1,0.3598981260693108,175,0.268125,0.0,0.25,0,338,0,0,-0.00042254975414834917,49.840389251708984,1.4333293437957764,-0.00010537139314692467,0.0,0.26050639152526855
407,without_guidance,1,0.3683952835308446,175,0.325,0.0,0.25,0,594,0,0,-0.00037360627902671695,6.0782928466796875,1.4758132696151733,-1.3320629477675539e-05,0.0,0.2512999176979065
408,without_guidance,1,0.5006249651924009,175,0.325,0.0,0.25,0,850,0,0,-9.15825366973877e-05,28.65753936767578,1.4938900470733643,0.00020017909992020577,0.0,0.24762651324272156
409,without_guidance,1,0.1745444356711232,176,0.210625,0.0,0.25,0,194,0,0,7.912206456239801e-06,106.18003845214844,1.3798388242721558,2.581486478447914e-05,0.0,0.29280465841293335
410,without_guidance,1,0.7353430346488494,176,0.354375,0.0,0.75,0,450,0,0,-0.0001686879841145128,178.67282104492188,1.4454988241195679,1.9529757992131636e-05,0.0,0.26048099994659424
411,without_guidance,1,0.4656832984810535,176,0.528125,0.0,0.75,0,706,0,0,-0.00013863234198652208,19.963661193847656,1.4493579864501953,-5.850040906807408e-05,0.0,0.2633562982082367
412,without_guidance,1,0.330453018595108,177,0.3825,0.0,0.125,0,180,0,0,-0.0005202125757932663,171.8028106689453,1.3763253688812256,-6.958252924960107e-05,0.0,0.2980642020702362
413,without_guidance,1,0.6208670707483179,177,0.56125,0.0,0.25,0,436,0,0,0.00017221490270458162,80.25790405273438,1.4527699947357178,-0.00016902000061236322,0.0,0.2652619779109955
414,without_guidance,1,0.3748738031836183,178,0.265,0.0,0.125,0,130,0,0,-0.00035755865974351764,182.8700408935547,1.3978450298309326,5.462152694235556e-05,0.0,0.2857013940811157
415,without_guidance,1,0.7032825953715474,178,0.40375,0.0,0.25,0,386,0,0,-0.00048427502042613924,86.46429443359375,1.4674034118652344,-0.00014658676809631288,0.0,0.2557680010795593
416,without_guidance,1,0.3913884821863576,178,0.433125,0.0,0.25,0,642,0,0,-0.0009048612555488944,7.37216854095459,1.4721167087554932,0.0001443745568394661,0.0,0.2508392930030823
417,without_guidance,1,0.4134174084579172,178,0.441875,0.0,0.25,0,898,0,0,-0.0003966850636061281,23.56402015686035,1.4743096828460693,0.0002575105463620275,0.0,0.2501068711280823
418,without_guidance,1,0.5854112507950049,179,0.175,0.0,0.125,0,154,0,0,-0.0006652791053056717,59.27790069580078,1.409712791442871,-5.657276415149681e-05,0.0,0.289665549993515
419,without_guidance,1,0.4306199997436124,179,0.260625,0.0,0.375,0,410,0,0,-4.597877705236897e-05,58.440677642822266,1.449160099029541,1.4467243090621196e-05,0.0,0.2642938196659088
420,without_guidance,1,0.3495503769257482,179,0.27125,0.0,0.375,0,666,0,0,-0.00015057376003824174,8.182767868041992,1.4690337181091309,-7.608416490256786e-05,0.0,0.25596117973327637
421,without_guidance,1,0.36693217589709093,179,0.31625,0.0,0.5,0,922,0,0,-0.000267629511654377,16.83434295654297,1.4762672185897827,1.212581992149353e-05,0.0,0.2500649392604828
422,without_guidance,1,0.745410504143365,180,0.2225,0.0,0.375,0,178,0,0,-0.0001797111181076616,161.93215942382812,1.398053526878357,-0.0001085404510376975,0.0,0.2876046299934387
423,without_guidance,1,0.5040411421283579,180,0.280625,0.0,0.375,0,434,0,0,-0.0003991959092672914,15.601106643676758,1.4511570930480957,1.8899951101047918e-05,0.0,0.26275011897087097
424,without_guidance,1,0.3699332508673763,180,0.311875,0.0,0.375,0,690,0,0,-0.0017746004741638899,3.01138973236084,1.466672658920288,0.00027014571242034435,0.0,0.25706541538238525
425,without_guidance,1,0.34869597879151115,180,0.33375,0.0,0.375,0,946,0,0,-0.005787009373307228,4.157332420349121,1.471293330192566,0.001261166064068675,0.0,0.24979911744594574
426,without_guidance,1,0.6059028509389464,181,0.296875,0.0,0.375,0,202,0,0,-0.0022802362218499184,120.5523910522461,1.3411476612091064,0.0027695323806256056,0.0,0.3047257363796234
427,without_guidance,1,0.3244229771444225,181,0.36875,0.0,0.375,0,458,0,0,-0.00300245126709342,2.5306153297424316,1.4077863693237305,0.0028069736436009407,0.0,0.2731322944164276
428,without_guidance,1,0.35983262887577894,181,0.375625,0.0,0.375,0,714,0,0,-0.005247506313025951,6.497757434844971,1.4317126274108887,0.0008702832274138927,0.0,0.2583565413951874
429,without_guidance,1,0.45208486111550883,181,0.386875,0.0,0.375,0,970,0,0,-0.0066792345605790615,8.81545352935791,1.45344877243042,-0.0023238917347043753,0.0,0.26159903407096863
430,without_guidance,1,0.8136560291786736,182,0.354375,0.0,0.375,0,226,0,0,0.0003423895686864853,162.99893188476562,1.321966528892517,-0.0005774608580395579,0.0,0.31588244438171387
431,without_guidance,1,0.43379725548976467,182,0.418125,0.0,0.375,0,482,0,0,9.977973240893334e-05,7.11925745010376,1.385482668876648,0.0004604487621691078,0.0,0.28713279962539673
432,without_guidance,1,0.3986473377224229,182,0.465,0.0,0.375,0,738,0,0,-0.0004861084744334221,8.581541061401367,1.4081125259399414,-8.229477316490375e-06,0.0,0.27842581272125244
433,without_guidance,1,0.35142270701362577,182,0.49875,0.0,0.375,0,994,0,0,-0.001132982550188899,4.518293380737305,1.441558837890625,0.0006691194139420986,0.0,0.27356231212615967
434,without_guidance,1,0.8343540237001434,183,0.413125,0.0,0.5,0,250,0,0,-0.0005182232707738876,186.82296752929688,1.299504041671753,0.000345062930136919,0.0,0.3397553563117981
435,without_guidance,1,0.5905624466868176,183,0.523125,0.0,0.75,0,506,0,0,-0.00047397398157045245,55.8693962097168,1.4299448728561401,1.765213346516248e-05,0.0,0.2636171579360962
436,without_guidance,1,0.44668155188992387,184,0.23875,0.0,0.125,0,178,0,0,-0.002660593716427684,209.46826171875,1.3457162380218506,-0.0009361369302496314,0.0,0.3088776767253876
437,without_guidance,1,0.28741613872989547,184,0.30375,0.0,0.125,0,434,0,0,-0.0037248635198920965,2.237031936645508,1.4249742031097412,0.0016207972075790167,0.0,0.2758493721485138
438,without_guidance,1,0.10581065093356301,184,0.32375,0.0,0.125,0,690,0,0,0.0003427372721489519,11.948919296264648,1.449048399925232,-0.0005713376449421048,0.0,0.25431227684020996
439,without_guidance,1,0.14193029317539185,184,0.35,0.0,0.125,0,946,0,0,-0.001637453562580049,7.766389846801758,1.4531898498535156,0.0010376652935519814,0.0,0.25805389881134033
440,without_guidance,1,0.8223585500327317,185,0.343125,0.0,0.625,0,202,0,0,0.0003838147968053818,227.52183532714844,1.3274948596954346,-0.0005511890049092472,0.0,0.3249288499355316
441,without_guidance,1,0.34575158777352044,185,0.428125,0.0,0.875,0,458,0,0,-0.0013484824448823929,46.1647834777832,1.4305119514465332,-0.0001175993456854485,0.0,0.267683744430542
442,without_guidance,1,0.44090413478261326,185,0.505625,0.125,0.875,0,714,0,0,-0.000487402081489563,58.343807220458984,1.447816252708435,-0.0007231407216750085,0.0,0.26298826932907104
443,without_guidance,1,0.4647260664009991,185,0.509375,0.25,0.875,0,970,0,0,-0.0002181648014811799,21.343318939208984,1.4756290912628174,0.0001559800875838846,0.0,0.2526700794696808
444,without_guidance,1,0.7047861468042811,186,0.41,0.0,0.25,0,226,0,0,-0.0002831351011991501,164.61351013183594,1.3171412944793701,-0.0005391141166910529,0.0,0.3396669328212738
445,without_guidance,1,0.3694372542668134,186,0.4375,0.0,0.25,0,482,0,0,-0.001561010256409645,3.536433696746826,1.4346678256988525,-0.00020998576655983925,0.0,0.2649129629135132
446,without_guidance,1,0.41127735525515163,186,0.5125,0.0,0.25,0,738,0,0,-0.0036765597760677338,7.05161190032959,1.4713525772094727,-0.00013664737343788147,0.0,0.2519380450248718
447,without_guidance,1,0.48951174319154234,186,0.56875,0.0,0.5,0,994,0,0,-0.0010782580357044935,14.022953033447266,1.463111162185669,0.00012441337457858026,0.0,0.2569320797920227
448,without_guidance,1,1.0556460247316863,187,0.446875,0.125,0.5,0,250,0,0,-0.00048690041876398027,282.7831726074219,1.308903694152832,-0.0005915716756135225,0.0,0.3279167115688324
449,without_guidance,1,0.33386148970748764,187,0.514375,0.125,0.5,0,506,0,0,-0.0018181040650233626,3.9846041202545166,1.4406298398971558,3.3392028853995726e-05,0.0,0.26907968521118164
450,without_guidance,1,0.3103880166623867,187,0.515625,0.125,0.5,0,762,0,0,-0.01789233088493347,2.231552839279175,1.4439983367919922,0.013902008533477783,0.1809895932674408,0.25712794065475464
451,without_guidance,1,0.5798227647281635,188,0.04,0.0,0.0,0,18,0,0,-0.0035858906339854,64.29240417480469,1.4086002111434937,0.004801311530172825,0.05078125,0.27131661772727966
452,without_guidance,1,0.8712904596468434,188,0.335625,0.0,0.5,0,274,0,0,-0.0027514202520251274,159.4949493408203,1.3634259700775146,0.008784639649093151,0.0,0.2913806438446045
453,without_guidance,1,0.3230469994232408,188,0.475,0.0,0.5,0,530,0,0,-0.003180982545018196,3.075651168823242,1.3800601959228516,0.002763880882412195,0.0,0.28398430347442627
454,without_guidance,1,0.3311533704327303,188,0.514375,0.0,0.5,0,786,0,0,-0.015650872141122818,3.1312875747680664,1.3962841033935547,0.008017513900995255,0.0,0.2747363746166229
455,without_guidance,1,0.8749977075167408,189,0.06125,0.0,0.25,0,42,0,0,0.003161514177918434,206.3053436279297,1.350829839706421,0.005865240003913641,0.0,0.29995620250701904
456,without_guidance,1,0.5293064777615655,189,0.34375,0.0,0.5,0,298,0,0,-0.0048889582976698875,19.297624588012695,1.3518502712249756,0.0018274749163538218,0.0,0.306342750787735
457,without_guidance,1,0.39066715690205456,189,0.42125,0.0,0.5,0,554,0,0,-0.005454878322780132,4.605105400085449,1.3588981628417969,-0.0002796153421513736,0.0,0.2911543846130371
458,without_guidance,1,0.3558369166230477,189,0.464375,0.0,0.625,0,810,0,0,-0.001777471974492073,10.363384246826172,1.3679211139678955,0.0018721683882176876,0.0,0.2898094356060028
459,without_guidance,1,0.47703357755653997,190,0.149375,0.0,0.0,0,66,0,0,-0.0023610913194715977,50.76911163330078,1.3344202041625977,0.0009920404991135001,0.0,0.3071528375148773
460,without_guidance,1,0.0902439590281574,190,0.333125,0.0,0.0,0,322,0,0,-0.0005853994516655803,23.069042205810547,1.2535178661346436,-0.0023230225779116154,0.0,0.35050106048583984
461,without_guidance,1,0.1686915918298837,190,0.390625,0.0,0.125,0,578,0,0,-0.000531819649040699,27.4459228515625,1.265894889831543,0.0015280970837920904,0.0,0.33813607692718506
462,without_guidance,1,0.21259602289501345,190,0.485625,0.0,0.125,0,834,0,0,0.0003954212588723749,7.494052886962891,1.3149492740631104,-5.0798989832401276e-05,0.0,0.3254704177379608
463,without_guidance,1,0.28526999947007425,191,0.1775,0.0,0.125,0,90,0,0,0.0001080092042684555,82.18746185302734,1.295409083366394,-0.00013363754260353744,0.0,0.32512521743774414
464,without_guidance,1,0.19836322607500279,191,0.334375,0.0,0.125,0,346,0,0,-0.00027589936507865787,5.507742881774902,1.330692172050476,0.00020200511789880693,0.0,0.30753669142723083
465,without_guidance,1,0.053004957182565704,191,0.3475,0.0,0.125,0,602,0,0,8.89593138708733e-05,18.325584411621094,1.3367996215820312,0.00019645481370389462,0.0,0.30562371015548706
466,without_guidance,1,0.10742986014247435,191,0.366875,0.0,0.125,0,858,0,0,-0.0003125760704278946,11.699731826782227,1.358669638633728,0.00016951111319940537,0.0,0.30271071195602417
467,without_guidance,1,0.5858237266420474,192,0.201875,0.0,0.25,0,114,0,0,-0.0003111641854047775,149.48922729492188,1.2987127304077148,8.636464917799458e-05,0.0,0.32308316230773926
468,without_guidance,1,0.44587603290074185,192,0.348125,0.0,0.375,0,370,0,0,-0.0004801011527888477,23.483463287353516,1.3336223363876343,0.0003749700263142586,0.0,0.3162744641304016
469,without_guidance,1,0.4699300797728938,192,0.454375,0.0,0.75,0,626,0,0,-0.00012312829494476318,14.222270965576172,1.3684391975402832,-3.462160748313181e-05,0.0,0.2836204469203949
470,without_guidance,1,0.3740709699150102,192,0.49875,0.0,0.75,0,882,0,0,-0.001816618605516851,7.331034183502197,1.3333325386047363,-0.0004698193515650928,0.0,0.3070485293865204
471,without_guidance,1,0.5049083779722423,193,0.305625,0.0,0.375,0,203,0,0,4.355236887931824e-05,292.9624938964844,1.3000929355621338,0.0006880121072754264,0.0,0.33084213733673096
472,without_guidance,1,0.4531757682252646,193,0.501875,0.0,0.625,0,459,0,0,-0.0015875762328505516,27.817476272583008,1.3226841688156128,-5.254661664366722e-05,0.0,0.3073378801345825
473,without_guidance,1,0.5479829505642329,193,0.56,0.0,0.75,0,715,0,0,5.6082382798194885e-05,36.28160858154297,1.3519114255905151,0.0001222176942974329,0.0,0.3030555546283722
474,without_guidance,1,0.5238494743243791,193,0.6025,0.0,0.875,0,971,0,0,-0.00027422141283750534,17.346818923950195,1.359925627708435,-0.0002658829907886684,0.0,0.29752427339553833
475,without_guidance,1,0.5061985287120478,194,0.33625,0.0,0.25,0,227,0,0,-0.0007684572483412921,61.67634582519531,1.3003201484680176,-0.00012827711179852486,0.0,0.3174927234649658
476,without_guidance,1,0.7878597421349696,194,0.5675,0.0,0.5,0,483,0,0,6.255352491280064e-05,95.9289779663086,1.3272058963775635,-0.0004238936526235193,0.0,0.31749582290649414
477,without_guidance,1,0.34487706866434564,194,0.57875,0.0,0.5,0,739,0,0,-0.004037452396005392,2.0527572631835938,1.3532702922821045,-0.00018718824139796197,0.0,0.29882246255874634
478,without_guidance,1,0.2898106164287384,194,0.5925,0.0,0.5,0,995,0,0,-0.009339339099824429,4.690735340118408,1.3569468259811401,0.0018656773027032614,0.0,0.2922869920730591
479,without_guidance,1,0.7962583085718506,195,0.3225,0.0,0.25,0,251,0,0,0.0011804539244621992,126.18844604492188,1.299095869064331,0.0013777145650237799,0.0,0.3248297870159149
480,without_guidance,1,0.4949518261655612,195,0.38625,0.0,0.375,0,507,0,0,-0.0008031222969293594,13.673044204711914,1.3241546154022217,0.0012948373332619667,0.0,0.3192182779312134
481,without_guidance,1,0.5226262533378758,195,0.425,0.0,0.5,0,763,0,0,-0.001104266382753849,26.720767974853516,1.3469877243041992,-0.000418118986999616,0.0,0.29833751916885376
482,without_guidance,1,0.21571728929848177,197,0.02875,0.0,0.0,0,12,0,0,0.00021982876933179796,113.06727600097656,1.3102167844772339,0.0004917246988043189,0.0,0.33016714453697205
483,without_guidance,1,0.8060748586326554,197,0.33375,0.0,0.25,0,268,0,0,-0.00029845908284187317,104.09854125976562,1.2763092517852783,-0.0002095669915433973,0.0,0.3329112231731415
484,without_guidance,1,0.4842423043058943,197,0.410625,0.0,0.5,0,524,0,0,-0.00012182196223875508,31.81026268005371,1.33186674118042,-0.00018533645197749138,0.0,0.3025965392589569
485,without_guidance,1,0.37519409497576817,197,0.44125,0.0,0.625,0,780,0,0,-0.00021644774824380875,40.25709533691406,1.353548288345337,-7.13832414476201e-05,0.0,0.3026927709579468
486,without_guidance,1,0.6254624538141798,198,0.0825,0.0,0.125,0,36,0,0,-0.00021048015332780778,151.145751953125,1.323352575302124,0.00027352914912626147,0.0,0.3192262053489685
487,without_guidance,1,0.8272866956431244,198,0.355625,0.0,0.375,0,292,0,0,5.554035305976868e-05,146.686279296875,1.3037574291229248,-2.6528723537921906e-05,0.0,0.33020493388175964
488,without_guidance,1,0.1982347282310002,198,0.413125,0.0,0.375,0,548,0,0,-0.0007486989488825202,7.7609100341796875,1.3342655897140503,-0.00012571473780553788,0.0,0.30840811133384705
489,without_guidance,1,0.32106972113797383,198,0.46375,0.0,0.375,0,804,0,0,-0.004841598682105541,8.176087379455566,1.331186056137085,-0.000864091794937849,0.0,0.3136451244354248
490,without_guidance,1,0.5685178903513588,199,0.146875,0.0,0.125,0,60,0,0,0.0010408256202936172,99.02395629882812,1.32334303855896,0.0006960597820580006,0.0,0.31371116638183594
491,without_guidance,1,0.5683363385982148,199,0.409375,0.0,0.375,0,316,0,0,0.0019950359128415585,17.734088897705078,1.300752878189087,0.002614293247461319,0.0,0.33353424072265625
492,without_guidance,1,0.25038052440163483,199,0.443125,0.0,0.375,0,572,0,0,-0.0015316929202526808,3.552309036254883,1.3301420211791992,0.0002644658088684082,0.0,0.31318244338035583
493,without_guidance,1,0.5059962989083431,199,0.5125,0.0,0.5,0,828,0,0,-0.0012394929071888328,54.059024810791016,1.3571455478668213,6.54514878988266e-05,0.0,0.3051852583885193
494,without_guidance,1,0.7561465167013921,200,0.186875,0.0,0.375,0,84,0,0,-0.0003373759682290256,214.2179718017578,1.3259594440460205,-0.001535520190373063,0.0,0.3114691376686096
495,without_guidance,1,0.2941900890969009,200,0.366875,0.0,0.375,0,340,0,0,-0.0024868014734238386,3.894973039627075,1.3076833486557007,-5.9551093727350235e-05,0.0,0.32485929131507874
496,without_guidance,1,0.2811351189357083,200,0.479375,0.0,0.375,0,596,0,0,-0.0025491765700280666,9.927497863769531,1.3088908195495605,0.001518860226497054,0.0,0.3279573619365692
497,without_guidance,1,0.6456245876715911,200,0.56375,0.125,0.375,0,852,0,0,0.000116257622721605,59.73106384277344,1.359349012374878,-0.0003888956271111965,0.0,0.2927377223968506
498,without_guidance,1,0.4271670862690371,201,0.18875,0.0,0.0,0,108,0,0,-0.0006847655167803168,81.84171295166016,1.3278483152389526,-0.00014651878154836595,0.0,0.31327903270721436
499,without_guidance,1,0.3582398926228052,201,0.338125,0.0,0.125,0,364,0,0,-0.002792585641145706,6.277219772338867,1.3699617385864258,-0.00013305775064509362,0.0,0.29733142256736755
500,without_guidance,1,0.3304962522124697,201,0.378125,0.0,0.25,0,620,0,0,-0.00032522095716558397,55.809234619140625,1.4094998836517334,0.0005411046440713108,0.0,0.2750926613807678
501,without_guidance,1,0.34125274858308785,201,0.48625,0.0,0.25,0,876,0,0,-0.005195905454456806,5.341179370880127,1.3889354467391968,0.00282495329156518,0.0,0.29690074920654297
502,without_guidance,1,0.6480677272556932,202,0.185,0.0,0.0,0,132,0,0,-0.002108424436300993,149.95965576171875,1.3554422855377197,0.0022346118930727243,0.0,0.29887187480926514
503,without_guidance,1,0.3793722399896069,202,0.27375,0.0,0.0,0,388,0,0,0.0005739089101552963,12.097088813781738,1.3836913108825684,0.0007815129938535392,0.0,0.295011043548584
504,without_guidance,1,0.44130533820498385,202,0.35875,0.0,0.0,0,644,0,0,-0.0010750377550721169,19.12473487854004,1.3994624614715576,0.00030398136004805565,0.0,0.2694743573665619
505,without_guidance,1,0.30092561238780036,202,0.3775,0.0,0.0,0,900,0,0,-0.0027279271744191647,3.4811906814575195,1.4071540832519531,-6.896443665027618e-06,0.0,0.2727717161178589
506,without_guidance,1,0.7859444803725637,203,0.33375,0.0,0.25,0,156,0,0,-0.00040570771670900285,162.14511108398438,1.3368606567382812,1.9245781004428864e-05,0.0,0.32009151577949524
507,without_guidance,1,0.4995208146328878,203,0.50375,0.0,0.25,0,412,0,0,0.001047920435667038,13.567251205444336,1.365195631980896,-0.00026159826666116714,0.0,0.2995627820491791
508,without_guidance,1,0.32349559512113046,203,0.534375,0.0,0.25,0,668,0,0,-0.011923613958060741,2.9442873001098633,1.3775291442871094,0.004039708059281111,0.0,0.30635619163513184
509,without_guidance,1,0.3207984019882133,203,0.5425,0.0,0.25,0,924,0,0,-0.0013978916686028242,2.3963065147399902,1.4075922966003418,0.0008940501138567924,0.0325520858168602,0.27759575843811035
510,without_guidance,1,0.9523708355263807,204,0.283125,0.0,0.25,0,180,0,0,-0.0005664682830683887,249.11944580078125,1.3748066425323486,-0.0005626987549476326,0.0,0.28859296441078186
511,without_guidance,1,0.41993084733258,204,0.36375,0.0,0.25,0,436,0,0,-0.005509457550942898,9.47888469696045,1.4480140209197998,0.0016972883604466915,0.0,0.2567315697669983
512,without_guidance,1,0.36437792894867016,204,0.39375,0.0,0.25,0,692,0,0,-0.009959429502487183,2.2553486824035645,1.4272258281707764,0.0014276327565312386,0.0,0.25971025228500366
513,without_guidance,1,0.2865271539740206,204,0.415,0.0,0.25,0,948,0,0,-0.012030094861984253,5.723385334014893,1.450283408164978,0.003989286720752716,0.0,0.25640106201171875
514,without_guidance,1,0.2898277789718122,205,0.310625,0.0,0.0,0,204,0,0,-0.0028525579255074263,39.78942108154297,1.3757421970367432,-0.0006244819378480315,0.0,0.2850416898727417
515,without_guidance,1,0.6905644498317542,205,0.545,0.0,0.5,0,460,0,0,-5.383944881032221e-05,137.104736328125,1.4320878982543945,0.00330006773583591,0.0,0.258186012506485
516,without_guidance,1,0.2771057518845055,205,0.594375,0.0,0.5,0,716,0,0,0.001721340580843389,3.7670044898986816,1.4196336269378662,9.797466918826103e-05,0.0,0.26436111330986023
517,without_guidance,1,0.5428986217857528,205,0.715,0.0,0.75,0,972,0,0,-0.000516194268129766,81.89080047607422,1.4532787799835205,0.0004932401934638619,0.0,0.255497008562088
518,without_guidance,1,0.1998527868418023,206,0.286875,0.0,0.0,0,228,0,0,0.00022478650498669595,29.516773223876953,1.3713815212249756,-0.0002136770635843277,0.0,0.28282248973846436
519,without_guidance,1,0.1358309535958142,206,0.413125,0.0,0.125,0,484,0,0,-0.0007136917556636035,28.514751434326172,1.3895667791366577,-8.642270404379815e-05,0.0,0.2870935797691345
520,without_guidance,1,0.5181307519487746,206,0.55125,0.0,0.75,0,740,0,0,0.00018139898020308465,83.87361145019531,1.4437305927276611,4.650171467801556e-05,0.0,0.2598383128643036
521,without_guidance,1,0.11602370651235105,206,0.5725,0.0,0.75,0,996,0,0,-0.00027462374418973923,14.917608261108398,1.4159845113754272,-1.2915659681311809e-05,0.0,0.2745596170425415
522,without_guidance,1,0.5133607403040514,208,0.33125,0.0,0.125,0,194,0,0,-5.4292380809783936e-05,298.5457763671875,1.4055659770965576,-3.8234516978263855e-05,0.0,0.2732164263725281
523,without_guidance,1,0.15687596554607808,208,0.381875,0.0,0.125,0,450,0,0,-0.0004456012393347919,8.642112731933594,1.4730241298675537,9.54878851189278e-05,0.0,0.24661873281002045
524,without_guidance,1,0.10255194577621296,208,0.39375,0.0,0.125,0,706,0,0,-0.00046979202306829393,8.446158409118652,1.4480409622192383,3.872206434607506e-05,0.0,0.2565010190010071
525,without_guidance,1,0.00505753222387284,208,0.39875,0.0,0.125,0,962,0,0,0.00010449004912516102,8.842650413513184,1.4370391368865967,1.3099595889798366e-05,0.0,0.2630881667137146
526,without_guidance,1,0.5788778437836299,209,0.384375,0.0,0.375,0,218,0,0,-0.0001427323295501992,70.84298706054688,1.4200785160064697,-0.00010423634375911206,0.0,0.2616207003593445
527,without_guidance,1,0.4377161466545658,209,0.5425,0.0,0.375,0,474,0,0,-0.000538977503310889,10.102323532104492,1.460135817527771,2.670707181096077e-05,0.0,0.2517234683036804
528,without_guidance,1,0.32898605476657394,209,0.630625,0.0,0.375,0,730,0,0,-0.0019123461097478867,7.2894086837768555,1.4557349681854248,0.0004647119785659015,0.0,0.2556042969226837
529,without_guidance,1,0.35642921339240274,209,0.69625,0.0,0.5,0,986,0,0,-3.2242387533187866e-06,25.35580825805664,1.4558061361312866,0.0005025692516937852,0.0,0.25762128829956055
530,without_guidance,1,0.472320816795218,210,0.370625,0.0,0.375,0,242,0,0,-7.742829620838165e-05,44.301918029785156,1.3866475820541382,0.00036004692083224654,0.0,0.2843683362007141
531,without_guidance,1,0.4553949015044054,210,0.59125,0.0,0.5,0,498,0,0,-0.0001577554940013215,32.926239013671875,1.4302014112472534,-6.063484397600405e-05,0.0,0.2702517807483673
532,without_guidance,1,0.24483470734170965,210,0.63875,0.0,0.5,0,754,0,0,-0.0013473059516400099,6.597773551940918,1.43894362449646,0.00017671645036898553,0.0,0.26284152269363403
533,without_guidance,1,0.32808984166274513,211,0.024375,0.0,0.0,0,10,0,0,-0.0018670354038476944,13.3925199508667,1.447934865951538,-0.0002510857302695513,0.0,0.2585829496383667
534,without_guidance,1,0.6988454350503162,211,0.44625,0.0,0.375,0,266,0,0,-0.0007383879274129868,75.4914321899414,1.416214942932129,0.00011405814439058304,0.0,0.2713882625102997
535,without_guidance,1,0.33951980948586424,211,0.5625,0.0,0.375,0,522,0,0,-0.00234007416293025,4.797188758850098,1.4369924068450928,0.0003961799666285515,0.0,0.265458881855011
536,without_guidance,1,0.319773877249645,211,0.60125,0.0,0.375,0,778,0,0,-0.007944534532725811,2.7108724117279053,1.4489667415618896,0.00194515788462013,0.0,0.25456738471984863
537,without_guidance,1,0.555143825999437,212,0.079375,0.0,0.0,0,34,0,0,-0.0010176636278629303,70.14521789550781,1.44464111328125,0.000740834220778197,0.0,0.25895828008651733
538,without_guidance,1,0.4197788709861925,212,0.305,0.0,0.125,0,290,0,0,-0.0011558372061699629,12.178165435791016,1.4337257146835327,-0.0012207746040076017,0.0,0.2660295069217682
539,without_guidance,1,0.14296513811859768,212,0.351875,0.0,0.125,0,546,0,0,-0.001993232872337103,10.45217514038086,1.449042558670044,0.0009082445758394897,0.0,0.2576886713504791
540,without_guidance,1,0.5083194651706435,212,0.44625,0.0,0.375,0,802,0,0,-0.0001281940785702318,75.47911071777344,1.4533030986785889,0.0007949682767502964,0.0,0.25262901186943054
541,without_guidance,1,0.23048972383958244,213,0.063125,0.0,0.0,0,58,0,0,-0.00013444200158119202,27.297943115234375,1.4103835821151733,-0.00017623495659790933,0.0,0.2732824981212616
542,without_guidance,1,0.7210193651978329,213,0.29875,0.0,0.25,0,314,0,0,0.00020273527479730546,115.64860534667969,1.3723926544189453,0.0003784705768339336,0.0,0.28017568588256836
543,without_guidance,1,0.4284208014541946,213,0.396875,0.0,0.375,0,570,0,0,-0.00010906781244557351,6.058963775634766,1.446051001548767,-0.0002229069359600544,0.0,0.25973081588745117
544,without_guidance,1,0.33052574585963157,213,0.4525,0.0,0.375,0,826,0,0,-0.0035765967331826687,2.315814971923828,1.4371557235717773,-3.733098128577694e-05,0.0,0.2617419958114624
545,without_guidance,1,0.6438206782186171,214,0.195,0.0,0.25,0,82,0,0,-0.00020731303084176034,113.80380249023438,1.4185866117477417,-0.00038576405495405197,0.0,0.2773742079734802
546,without_guidance,1,0.7250537317013368,214,0.498125,0.0,0.625,0,338,0,0,0.0008156889816746116,49.75495147705078,1.424433946609497,0.0001733158715069294,0.0,0.2652246654033661
547,without_guidance,1,0.329831654040845,214,0.56375,0.0,0.75,0,594,0,0,-0.0011587230255827308,4.757659912109375,1.4252281188964844,2.9201386496424675e-05,0.0,0.2674252986907959
548,without_guidance,1,0.2498959966123948,214,0.57875,0.0,0.75,0,850,0,0,-0.0022348985075950623,3.1527204513549805,1.4357637166976929,0.0006796480156481266,0.0,0.2675005793571472
549,without_guidance,1,0.27392043793952325,215,0.1475,0.0,0.0,0,106,0,0,-0.0015817534876987338,9.294214248657227,1.383803129196167,0.0006230833241716027,0.0,0.2857767641544342
550,without_guidance,1,0.6578684171836358,215,0.413125,0.0,0.5,0,362,0,0,0.00037712976336479187,76.6094970703125,1.4244914054870605,-1.534361763333436e-05,0.0,0.26509493589401245
551,without_guidance,1,0.6516459996719277,215,0.56875,0.125,0.625,0,618,0,0,-0.00044286687625572085,63.96464920043945,1.4551618099212646,2.5154324248433113e-05,0.0,0.2503089904785156
552,without_guidance,1,0.39104653237700404,215,0.60875,0.125,0.875,0,874,0,0,7.93741419329308e-05,6.967728614807129,1.4343328475952148,-0.0002532766084186733,0.0,0.2605447769165039
553,without_guidance,1,0.4666579371231201,216,0.16,0.0,0.125,0,130,0,0,-5.6618206144776195e-05,88.00020599365234,1.380805492401123,0.00019948650151491165,0.0,0.28942862153053284
554,without_guidance,1,0.21254842797952733,216,0.36,0.0,0.125,0,386,0,0,-2.722318095038645e-05,11.818666458129883,1.418436884880066,0.00011103468568762764,0.0,0.2653051018714905
555,without_guidance,1,0.4844674229962038,216,0.445625,0.0,0.25,0,642,0,0,-0.00017869907605927438,45.84600067138672,1.4502214193344116,-0.00011076064402004704,0.0,0.2532738149166107
556,without_guidance,1,0.4195442495908992,216,0.509375,0.0,0.5,0,898,0,0,-0.00012814253568649292,15.987523078918457,1.4612245559692383,0.00024583106278441846,0.0,0.25270000100135803
557,without_guidance,1,0.4779817800881574,217,0.3125,0.0,0.25,0,154,0,0,-0.00025427527725696564,37.197349548339844,1.3686368465423584,-3.093543273280375e-05,0.0,0.3022920489311218
558,without_guidance,1,0.7216043666448968,217,0.541875,0.0,0.875,0,410,0,0,-0.0002716121671255678,66.20368194580078,1.433187484741211,-0.0001490063441451639,0.0,0.2608919143676758
559,without_guidance,1,0.38665327896239887,217,0.578125,0.0,0.875,0,666,0,0,-0.002965515246614814,3.7953715324401855,1.448788046836853,0.0002661789767444134,0.0,0.2538849115371704
560,without_guidance,1,0.42984492204982416,217,0.629375,0.0,1.0,0,922,0,0,-0.001872967928647995,22.913555145263672,1.4324195384979248,0.001226686523295939,0.0,0.2610318660736084
561,without_guidance,1,0.8444656589799706,218,0.280625,0.0,0.375,0,178,0,0,-0.00031642182148061693,145.0499267578125,1.3712619543075562,-0.0005373256281018257,0.0,0.2931968867778778
562,without_guidance,1,0.5776124590620384,218,0.463125,0.0,0.375,0,434,0,0,-0.0007293535163626075,39.260292053222656,1.438383936882019,-0.0005242706974968314,0.0,0.25836843252182007
563,without_guidance,1,0.5329851563196826,218,0.630625,0.0,0.625,0,690,0,0,-0.0008758461917750537,15.456918716430664,1.435896635055542,-0.0003434413520153612,0.0,0.25652527809143066
564,without_guidance,1,0.4454971871261364,218,0.660625,0.0,0.875,0,946,0,0,-0.0008311945712193847,16.376502990722656,1.4542462825775146,-4.057958722114563e-05,0.0,0.2561438977718353
565,without_guidance,1,0.8521085592146846,219,0.30125,0.0,0.375,0,202,0,0,-0.0002372811286477372,343.48272705078125,1.382979154586792,0.0006780146504752338,0.0,0.28648844361305237
566,without_guidance,1,0.5632936776873976,219,0.476875,0.0,0.5,0,458,0,0,-0.001039775088429451,25.08268928527832,1.4421333074569702,0.00014266636571846902,0.0,0.2581328749656677
567,without_guidance,1,0.3601072774090426,219,0.48625,0.0,0.5,0,714,0,0,-0.012438779696822166,3.1694679260253906,1.4534724950790405,0.0023205378092825413,0.0,0.259691447019577
568,without_guidance,1,0.30687002205615954,219,0.491875,0.0,0.5,0,970,0,0,-0.0013636171352118254,2.680494785308838,1.4535727500915527,0.0034050247631967068,0.0,0.25163885951042175
569,without_guidance,1,0.9764410657226108,220,0.253125,0.0,0.375,0,226,0,0,-0.0035710223019123077,215.16970825195312,1.3195598125457764,0.0009752113255672157,0.0,0.3195757269859314
570,without_guidance,1,0.4257095535631379,220,0.328125,0.0,0.375,0,482,0,0,-0.0019180824747309089,9.398782730102539,1.4074954986572266,0.0023969414178282022,0.0,0.267892062664032
571,without_guidance,1,0.2625844828253321,220,0.380625,0.0,0.375,0,738,0,0,-0.0003043726901523769,7.370866775512695,1.4334914684295654,-0.0006192238070070744,0.0,0.26194363832473755
572,without_guidance,1,0.3653625516290049,220,0.423125,0.0,0.5,0,994,0,0,0.001428600400686264,3.561854839324951,1.455430030822754,0.0004596346989274025,0.0,0.2532886862754822
573,without_guidance,1,0.7914278640206476,221,0.47625,0.0,0.25,0,250,0,0,0.0002581101725809276,172.3955841064453,1.2758500576019287,-0.0003473777323961258,0.0,0.3493681848049164
574,without_guidance,1,0.37190978452417767,221,0.6175,0.0,0.25,0,506,0,0,-0.009802320972084999,4.285383224487305,1.464503288269043,0.0008337415638379753,0.0,0.2539784610271454
575,without_guidance,1,0.3132093134254319,221,0.660625,0.0,0.25,0,762,0,0,-0.01792013645172119,1.6116340160369873,1.4571542739868164,0.01007388811558485,0.0,0.2511759400367737
576,without_guidance,1,0.4457946962272672,222,0.0425,0.0,0.0,0,18,0,0,-0.0025760845746845007,18.9674072265625,1.4393186569213867,0.0003995619190391153,0.0,0.26352396607398987
577,without_guidance,1,0.7587482548638036,222,0.3375,0.0,0.375,0,274,0,0,-0.0008228557999245822,303.37457275390625,1.2957663536071777,0.001188599388115108,0.0,0.32382088899612427
578,without_guidance,1,0.2470515561690263,222,0.374375,0.0,0.375,0,530,0,0,0.0011861815582960844,4.6977152824401855,1.4424469470977783,0.0005007180152460933,0.0,0.2542193531990051
579,without_guidance,1,0.40328029287138634,222,0.48375,0.0,0.375,0,786,0,0,0.0011860014637932181,4.297876358032227,1.4520890712738037,5.031648834119551e-05,0.0,0.25165414810180664
580,without_guidance,1,0.3884916774368321,223,0.066875,0.0,0.0,0,42,0,0,-0.0005562556907534599,11.316498756408691,1.3756579160690308,0.000551684875972569,0.0,0.2897787094116211
581,without_guidance,1,0.8842826002810398,223,0.345,0.0,0.25,0,298,0,0,0.00019000782049261034,188.95590209960938,1.3438886404037476,-5.3180381655693054e-05,0.0,0.3079267144203186
582,without_guidance,1,0.3756000142748235,223,0.37375,0.0,0.25,0,554,0,0,-0.004212960600852966,4.977392196655273,1.442008376121521,0.0008311775745823979,0.0,0.25898683071136475
583,without_guidance,1,0.4670399073977478,223,0.471875,0.0,0.25,0,810,0,0,-0.00671807024627924,7.321939468383789,1.434018850326538,0.004205684643238783,0.0,0.25333619117736816
584,without_guidance,1,0.742447000258835,224,0.155,0.0,0.125,0,66,0,0,-0.001696685329079628,119.27215576171875,1.3684991598129272,-0.00046886084601283073,0.0,0.2906808853149414
585,without_guidance,1,0.5388559585209123,224,0.375,0.0,0.25,0,322,0,0,0.00020521196711342782,34.55714797973633,1.3914203643798828,0.0007994089974090457,0.0,0.2854347229003906
586,without_guidance,1,0.3422230937458153,224,0.398125,0.0,0.25,0,578,0,0,-0.0008427010616287589,4.674613952636719,1.4353293180465698,0.0007410780526697636,0.0,0.2546128034591675
587,without_guidance,1,0.39235014113153,224,0.4175,0.0,0.25,0,834,0,0,-0.0035826968960464,1.8578885793685913,1.4506481885910034,0.0018068746430799365,0.0,0.25873035192489624
588,without_guidance,1,0.5380696816105228,225,0.189375,0.0,0.125,0,90,0,0,-0.001881637959741056,93.08586120605469,1.3865083456039429,0.0002529360353946686,0.0,0.2911170721054077
589,without_guidance,1,0.6299972757601608,225,0.42125,0.0,0.25,0,346,0,0,-0.00035882898373529315,47.03668975830078,1.3817789554595947,0.0005752211436629295,0.0,0.2831944227218628
590,without_guidance,1,0.32437559995332776,225,0.486875,0.0,0.25,0,602,0,0,-0.0018638422479853034,4.994598388671875,1.435471534729004,-0.00020443726680241525,0.0,0.2640858292579651
591,without_guidance,1,0.7059802016810863,225,0.509375,0.0,0.25,0,858,0,0,-0.000599972321651876,83.59898376464844,1.4530290365219116,0.0004701504367403686,0.0,0.25182420015335083
592,without_guidance,1,0.281485432278032,227,0.155,0.0,0.0,0,76,0,0,-0.0005191838135942817,232.06692504882812,1.318392276763916,-0.00024235637101810426,0.0,0.32611775398254395
593,without_guidance,1,0.3931722246998106,227,0.411875,0.0,0.125,0,332,0,0,-0.0018531482201069593,19.091163635253906,1.414443850517273,0.0009625499951653183,0.0,0.2734110355377197
594,without_guidance,1,0.20640726070087112,227,0.49875,0.0,0.125,0,588,0,0,-0.0016545262187719345,9.532960891723633,1.4557440280914307,0.0007049345294944942,0.0,0.25406914949417114
595,without_guidance,1,0.18341696618153946,227,0.530625,0.0,0.125,0,844,0,0,-0.000915616168640554,9.649076461791992,1.4678699970245361,0.00044628512114286423,0.0,0.2490919828414917
596,without_guidance,1,0.4601609312085202,228,0.165,0.0,0.125,0,100,0,0,0.00046304118586704135,79.54608154296875,1.3610599040985107,0.00016924584633670747,0.0,0.30571746826171875
597,without_guidance,1,0.3047845764936028,228,0.385625,0.0,0.125,0,356,0,0,-0.0001474066375521943,4.529199600219727,1.4254525899887085,-7.001667836448178e-05,0.0,0.2633470892906189
598,without_guidance,1,0.6700496549565287,228,0.47,0.0,0.5,0,612,0,0,1.7408281564712524e-05,145.67698669433594,1.4244487285614014,-0.00022971459839027375,0.0,0.26143521070480347
599,without_guidance,1,0.2839267022976628,228,0.4725,0.0,0.5,0,868,0,0,-0.0004432741552591324,3.691396713256836,1.4247474670410156,-1.1857288882310968e-05,0.0,0.27236855030059814
600,without_guidance,1,0.5167582008143654,229,0.22,0.0,0.125,0,124,0,0,0.00014982248831074685,68.54353332519531,1.362284541130066,-0.00016039315960370004,0.0,0.29752111434936523
601,without_guidance,1,0.4376404225913575,229,0.324375,0.0,0.25,0,380,0,0,-0.00040874569094739854,22.40430450439453,1.444634199142456,3.117462620139122e-05,0.0,0.26155704259872437
602,without_guidance,1,0.5872395923793192,229,0.488125,0.0,0.25,0,636,0,0,-9.674610191723332e-05,32.587711334228516,1.4507715702056885,1.96270029846346e-05,0.0,0.25220102071762085
603,without_guidance,1,0.36492403567353904,229,0.550625,0.0,0.375,0,892,0,0,-0.0014849373837932944,2.9305500984191895,1.4629864692687988,0.0009338613599538803,0.0,0.2541566789150238
604,without_guidance,1,0.8769560017501021,230,0.28125,0.0,0.25,0,148,0,0,0.00023520831018686295,289.6831359863281,1.3806116580963135,-0.0001469237031415105,0.0,0.28700071573257446
605,without_guidance,1,0.7457710366616084,230,0.4875,0.0,0.375,0,404,0,0,0.00011419877409934998,66.59053039550781,1.4531784057617188,0.00024387193843722343,0.0,0.2563785910606384
606,without_guidance,1,0.5508252234039901,230,0.655,0.0,0.5,0,660,0,0,-3.8883961678948253e-05,35.75822448730469,1.4178731441497803,5.348663307813695e-06,0.0,0.2629987299442291
607,without_guidance,1,0.416008023030372,231,0.284375,0.0,0.125,0,133,0,0,-0.00014944965369068086,201.1439208984375,1.3649629354476929,3.980332985520363e-05,0.0,0.29401957988739014
608,without_guidance,1,0.4559831303486135,231,0.466875,0.0,0.25,0,389,0,0,-0.0008747503161430359,62.72002410888672,1.4499568939208984,-0.00022627243015449494,0.0,0.2595463991165161
609,without_guidance,1,0.3718079304526327,231,0.5225,0.0,0.25,0,645,0,0,-0.0022544176317751408,4.32851505279541,1.4595983028411865,6.064027547836304e-05,0.0,0.24953562021255493
610,without_guidance,1,0.21870497843065095,231,0.525625,0.0,0.25,0,901,0,0,0.00012430734932422638,6.162296295166016,1.4567947387695312,0.0009968484519049525,0.0,0.2588804066181183
611,without_guidance,1,0.5378771894511374,233,0.26375,0.0,0.5,0,151,0,0,-0.0003243399260099977,199.15350341796875,1.3475697040557861,0.00020852647139690816,0.0,0.3086870610713959
612,without_guidance,1,0.580050053760715,233,0.54625,0.0,0.75,0,407,0,0,-0.0012134024873375893,17.7407169342041,1.4563560485839844,-6.539514288306236e-05,0.0,0.25242167711257935
613,without_guidance,1,0.5617793031015026,233,0.664375,0.0,0.75,0,663,0,0,-0.00013746818876825273,30.701902389526367,1.4531148672103882,-0.00015380731201730669,0.0,0.254637211561203
614,without_guidance,1,0.7131960176229768,234,0.315625,0.0,0.375,0,186,0,0,-0.0005975639214739203,259.3022766113281,1.342146635055542,-5.795992910861969e-05,0.0,0.3052882254123688
615,without_guidance,1,0.4636921520238957,234,0.44125,0.0,0.625,0,442,0,0,-0.0005710603436455131,9.136861801147461,1.4426336288452148,-3.8935260818107054e-05,0.0,0.2558164894580841
616,without_guidance,1,0.35713710630898277,234,0.4875,0.0,0.625,0,698,0,0,-0.00306638958863914,2.1064281463623047,1.4660762548446655,-0.0006458149291574955,0.0,0.24813473224639893
617,without_guidance,1,0.326722557389985,234,0.524375,0.0,0.625,0,954,0,0,-0.00043766823364421725,4.05381965637207,1.4607925415039062,-0.0006676583434455097,0.0,0.2553439140319824
618,without_guidance,1,0.29404788025522066,235,0.276875,0.0,0.0,0,210,0,0,-0.00030487653566524386,5.0216522216796875,1.3468574285507202,0.0005664639174938202,0.0,0.2995108962059021
619,without_guidance,1,0.5026139773331124,235,0.409375,0.0,0.0,0,466,0,0,0.0002777173067443073,27.796855926513672,1.4489257335662842,0.00038428575498983264,0.0,0.25219476222991943
620,without_guidance,1,0.7473732129383279,235,0.588125,0.0,0.375,0,722,0,0,0.0004968149587512016,150.26846313476562,1.4289922714233398,0.00024858134565874934,0.0,0.25763627886772156
621,without_guidance,1,0.40947896329726063,235,0.69,0.0,0.375,0,978,0,0,-0.0003271140158176422,6.137485504150391,1.451819658279419,-2.0739003048220184e-06,0.0,0.25435706973075867
622,without_guidance,1,0.8148489739432989,236,0.388125,0.0,0.375,0,234,0,0,-0.00028454637504182756,137.14398193359375,1.3511989116668701,-8.701362821739167e-05,0.0,0.303555428981781
623,without_guidance,1,0.5070015539786255,236,0.585,0.0,0.5,0,490,0,0,-0.001359251094982028,10.373676300048828,1.4478702545166016,0.0002704481012187898,0.0,0.25327426195144653
624,without_guidance,1,0.31604289161623456,236,0.5975,0.0,0.5,0,746,0,0,-0.0014669215306639671,4.517423629760742,1.4486513137817383,0.000506822660099715,0.0,0.2558766007423401
625,without_guidance,1,0.655713392456164,237,0.008125,0.0,0.0,0,2,0,0,-0.0008179486612789333,62.73491287231445,1.439410924911499,-0.0002925147709902376,0.0,0.2581939697265625
626,without_guidance,1,0.7786859727766569,237,0.409375,0.0,0.25,0,258,0,0,-0.0005182335153222084,285.47509765625,1.3490986824035645,0.00031208450673148036,0.0,0.30535486340522766
627,without_guidance,1,0.27985112031001336,237,0.51625,0.0,0.25,0,514,0,0,-0.0009373985230922699,10.35159683227539,1.4369630813598633,0.00012060713197570294,0.0,0.26076292991638184
628,without_guidance,1,0.3646589413295658,237,0.605625,0.0,0.25,0,770,0,0,-0.002708784770220518,5.801934719085693,1.433872938156128,0.00018948099750559777,0.0,0.2606014609336853
629,without_guidance,1,0.36897369443840944,238,0.048125,0.0,0.0,0,26,0,0,-0.0028183418326079845,16.621633529663086,1.4117956161499023,2.0487001165747643e-05,0.0,0.2716120183467865
630,without_guidance,1,0.7971025192832712,238,0.401875,0.0,0.5,0,282,0,0,-0.00022442142653744668,118.61128997802734,1.38815438747406,0.0005142804002389312,0.0,0.28931504487991333
631,without_guidance,1,0.4198916819441365,238,0.466875,0.0,0.5,0,538,0,0,-0.003847264451906085,2.7884745597839355,1.4500268697738647,-0.0006259140791371465,0.0,0.25458869338035583
632,without_guidance,1,0.5811038859033033,238,0.615,0.0,0.75,0,794,0,0,-0.0023794001899659634,21.687578201293945,1.439020037651062,0.0002546391333453357,0.0,0.2572551667690277
633,without_guidance,1,0.7237995421583037,239,0.103125,0.0,0.25,0,50,0,0,-0.00039333448512479663,147.0006866455078,1.4288462400436401,-0.0004544005205389112,0.0,0.26785656809806824
634,without_guidance,1,0.5651362523212811,239,0.51625,0.0,0.25,0,306,0,0,0.0005554339732043445,10.288619995117188,1.382144808769226,3.669302532216534e-05,0.0,0.28063663840293884
635,without_guidance,1,0.44741116066870745,239,0.595,0.0,0.5,0,562,0,0,-0.00028489716351032257,22.606414794921875,1.4357088804244995,0.0006958732847124338,0.0,0.2558690309524536
636,without_guidance,1,0.5302549735450839,239,0.72125,0.0,0.875,0,818,0,0,-0.0001813312992453575,7.974096775054932,1.4634383916854858,0.0001709500065771863,0.0,0.24705901741981506
637,without_guidance,1,0.4069160597982773,241,0.0125,0.0,0.0,0,4,0,0,-0.00045650702668353915,162.0747528076172,1.364990234375,-2.966184911201708e-05,0.0,0.2889123558998108
638,without_guidance,1,0.8718186848982441,241,0.441875,0.0,0.375,0,260,0,0,-0.00010218875104328617,115.75877380371094,1.3419278860092163,-0.00034907236113213,0.0,0.3109876811504364
639,without_guidance,1,0.48836524725993513,241,0.5725,0.0,0.625,0,516,0,0,-0.0007134465267881751,16.65771484375,1.4437240362167358,0.0005306440289132297,0.0,0.25213682651519775
640,without_guidance,1,0.4434901377062488,241,0.688125,0.0,0.625,0,772,0,0,-0.0010425684740766883,9.225728988647461,1.4447944164276123,9.468865755479783e-05,0.0,0.25302964448928833
641,without_guidance,1,0.38393126797745936,242,0.035,0.0,0.0,0,28,0,0,-0.0010044500231742859,21.289813995361328,1.3976483345031738,0.0007029232801869512,0.0,0.2764471769332886
642,without_guidance,1,0.8583800753822288,242,0.436875,0.0,0.5,0,284,0,0,-8.211657404899597e-05,219.38221740722656,1.3133999109268188,0.000374362978618592,0.0,0.3119118809700012
643,without_guidance,1,0.4643660062470758,242,0.61625,0.0,0.625,0,540,0,0,-0.0009048879146575928,9.493260383605957,1.4208295345306396,0.00044593107304535806,0.0,0.2622327208518982
644,without_guidance,1,0.37171484665918797,242,0.646875,0.0,0.625,0,796,0,0,-0.0017976512899622321,2.3746237754821777,1.4319126605987549,1.0482113793841563e-05,0.0,0.25904983282089233
645,without_guidance,1,0.24224158869583334,243,0.06625,0.0,0.0,0,52,0,0,-0.0004813683626707643,33.37662887573242,1.3765543699264526,3.35738695866894e-05,0.0,0.28579068183898926
646,without_guidance,1,0.863745975513666,243,0.403125,0.0,0.375,0,308,0,0,0.0002192234096582979,94.53648376464844,1.3325568437576294,-7.363859185716137e-05,0.0,0.3006739020347595
647,without_guidance,1,0.46623372611202285,243,0.520625,0.0,0.625,0,564,0,0,-0.0035331579856574535,9.789583206176758,1.4318488836288452,2.5381646082678344e-06,0.0,0.2597041428089142
648,without_guidance,1,0.4612272376857618,243,0.653125,0.0,0.625,0,820,0,0,-0.0028932192362844944,8.029009819030762,1.4443073272705078,0.003268276806920767,0.0,0.2482997477054596
649,without_guidance,1,0.3808470963558648,244,0.091875,0.0,0.0,0,76,0,0,-0.001234380528330803,18.556495666503906,1.3367445468902588,0.0004584374837577343,0.0,0.29629063606262207
650,without_guidance,1,1.027586261923716,244,0.4825,0.0,0.5,0,332,0,0,0.00042301788926124573,199.92013549804688,1.3390072584152222,6.254025356611237e-05,0.0,0.2953386604785919
651,without_guidance,1,0.31370130922550743,244,0.614375,0.0,0.5,0,588,0,0,-0.00031066438532434404,10.892845153808594,1.390276312828064,0.000152033448102884,0.0,0.2740732431411743
652,without_guidance,1,0.31093768120047116,244,0.62,0.0,0.5,0,844,0,0,-0.0022696442902088165,2.1606204509735107,1.4260313510894775,0.00020340303308330476,0.0,0.2571842670440674
653,without_guidance,1,0.7564528326920481,246,0.1325,0.0,0.0,0,62,0,0,-0.00027115829288959503,432.8330078125,1.3248364925384521,-8.802697993814945e-05,0.0,0.3099869191646576
654,without_guidance,1,0.5355949216136651,246,0.488125,0.0,0.375,0,318,0,0,2.1665047825081274e-05,52.358558654785156,1.3193507194519043,4.641028863261454e-05,0.0,0.30913102626800537
655,without_guidance,1,0.4811949162703968,246,0.619375,0.0,0.5,0,574,0,0,-0.002091732807457447,11.183966636657715,1.4277105331420898,-0.0008882464608177543,0.0,0.26163655519485474
656,without_guidance,1,0.3053511328530476,246,0.635625,0.0,0.5,0,830,0,0,-0.00229824660345912,4.966785907745361,1.4252976179122925,0.0002499230613466352,0.0,0.2584837079048157
657,without_guidance,1,0.7353622528698907,247,0.204375,0.0,0.25,0,86,0,0,-0.0006521331961266696,119.99083709716797,1.3504880666732788,4.569363591144793e-05,0.0,0.2921315133571625
658,without_guidance,1,0.5265900992635579,247,0.400625,0.0,0.25,0,342,0,0,-0.00020461033273022622,9.64294147491455,1.379119634628296,-0.0002338695339858532,0.0,0.28157585859298706
659,without_guidance,1,0.5926920599586083,247,0.48125,0.0,0.5,0,598,0,0,-2.401198071311228e-05,47.6334114074707,1.431947112083435,0.00037355878157541156,0.0,0.25999581813812256
660,without_guidance,1,0.420651805918169,247,0.551875,0.0,0.625,0,854,0,0,-0.00020713421690743417,8.679258346557617,1.4381139278411865,0.00023244632757268846,0.0,0.25628530979156494
661,without_guidance,1,0.9672288044748711,248,0.226875,0.0,0.25,0,110,0,0,-2.3958895326359197e-05,193.56573486328125,1.3512418270111084,-0.0002136222756234929,0.0,0.29500216245651245
662,without_guidance,1,0.6258030871407527,248,0.43125,0.0,0.5,0,366,0,0,-5.20460307598114e-05,20.494409561157227,1.373656153678894,6.521477916976437e-05,0.0,0.27827000617980957
663,without_guidance,1,0.4430792944422137,248,0.465625,0.0,0.5,0,622,0,0,-0.002549001481384039,5.865180015563965,1.4314874410629272,-0.0013897267635911703,0.0,0.25944745540618896
664,without_guidance,1,0.36441294497990384,248,0.49,0.0,0.5,0,878,0,0,-0.006401801481842995,2.506748676300049,1.4369380474090576,0.0010665733134374022,0.0,0.25582048296928406
665,without_guidance,1,0.8373740452825587,249,0.28375,0.0,0.375,0,134,0,0,0.0011812355369329453,162.6319580078125,1.3047049045562744,-0.0003311941400170326,0.0,0.3169100284576416
666,without_guidance,1,0.7299971967986494,250,0.2575,0.0,0.25,0,107,0,0,-0.00029836222529411316,336.31744384765625,1.2807457447052002,0.0010012337006628513,0.0,0.3190416395664215
667,without_guidance,1,0.4233225003112011,250,0.513125,0.0,0.25,0,363,0,0,-0.0008128217305056751,9.458623886108398,1.3886630535125732,-0.0009142928756773472,0.0,0.28304311633110046
668,without_guidance,1,0.23810298002445052,250,0.536875,0.0,0.25,0,619,0,0,-3.851205110549927e-05,9.912679672241211,1.405973196029663,0.00021860632114112377,0.0,0.2674393355846405
669,without_guidance,1,0.35518062924211335,250,0.62875,0.0,0.25,0,875,0,0,-0.0030056647956371307,4.017256259918213,1.4323757886886597,0.0005882158875465393,0.0,0.2548423707485199
670,without_guidance,1,0.6806423499256198,251,0.260625,0.0,0.125,0,131,0,0,-2.5617580831749365e-05,83.95503234863281,1.306471586227417,-0.00037063262425363064,0.0,0.31122997403144836
671,without_guidance,1,0.5472550509584835,251,0.405625,0.0,0.375,0,387,0,0,-0.0007116030901670456,26.06406593322754,1.3913911581039429,-0.0006917919963598251,0.0,0.2763768434524536
672,without_guidance,1,0.48237992103531724,251,0.5225,0.0,0.5,0,643,0,0,-0.0022221978288143873,6.493865489959717,1.3971827030181885,0.0009854270610958338,0.0,0.269187331199646
673,without_guidance,1,0.4584427525310275,251,0.6625,0.0,0.625,0,899,0,0,2.7058025807491504e-05,10.662612915039062,1.3940509557724,0.0008789217099547386,0.0,0.2729657292366028
674,without_guidance,1,0.5480724192921116,252,0.254375,0.0,0.125,0,155,0,0,-0.00028243911219760776,87.39529418945312,1.298340082168579,0.00010759205179056153,0.0,0.3256392478942871
675,without_guidance,1,0.7410331789797056,252,0.44125,0.0,0.375,0,411,0,0,-0.00028819715953432024,43.16734313964844,1.3829702138900757,6.238518835743889e-05,0.0,0.2836800813674927
676,without_guidance,1,0.33193355666548996,252,0.49875,0.0,0.5,0,667,0,0,-0.0004220477712806314,5.308042526245117,1.396070957183838,9.55654977587983e-05,0.0,0.2795979082584381
677,without_guidance,1,0.32074321392005345,252,0.500625,0.0,0.5,0,923,0,0,-0.00012430021888576448,20.909404754638672,1.399436354637146,0.00010603953705867752,0.0,0.27058663964271545
678,without_guidance,1,0.7544163437096358,253,0.31375,0.0,0.125,0,179,0,0,-0.00012472769594751298,199.12179565429688,1.3100481033325195,0.00018332418403588235,0.0,0.3279128074645996
679,without_guidance,1,0.7215318449980259,253,0.435625,0.0,0.375,0,435,0,0,-6.90488814143464e-05,74.84716796875,1.4026086330413818,6.234444299479946e-05,0.0,0.27356061339378357
680,without_guidance,1,0.38349645460675674,253,0.4525,0.0,0.375,0,691,0,0,-0.00261814147233963,3.2299611568450928,1.4114298820495605,0.00019279634580016136,0.0,0.266918808221817
681,without_guidance,1,0.41490541536222736,253,0.5025,0.0,0.5,0,947,0,0,-0.002137779723852873,11.978164672851562,1.418236255645752,-0.0018277991330251098,0.0,0.2655871510505676
682,without_guidance,1,0.621600523176312,254,0.325,0.0,0.0,0,203,0,0,-0.00013238689280115068,71.00886535644531,1.2963109016418457,0.0008150140638463199,0.0,0.3206803798675537
683,without_guidance,1,0.36566205952021846,254,0.540625,0.0,0.125,0,459,0,0,-0.0003645569086074829,4.589412689208984,1.4039170742034912,0.0003975935687776655,0.0,0.27119290828704834
684,without_guidance,1,0.1617808757655439,254,0.580625,0.0,0.125,0,715,0,0,-0.000634151219855994,16.014495849609375,1.399409532546997,-9.632243018131703e-05,0.0,0.26987743377685547
685,without_guidance,1,0.45759405575154233,254,0.6925,0.0,0.625,0,971,0,0,-0.0002259264438180253,66.6043701171875,1.4163384437561035,-3.011307489941828e-05,0.0,0.26454925537109375
686,without_guidance,1,0.6229693824825517,255,0.32625,0.0,0.0,0,227,0,0,-0.00026319673634134233,104.78605651855469,1.2725460529327393,4.6328332246048376e-05,0.0,0.3311156630516052
687,without_guidance,1,0.6677848073683208,255,0.489375,0.0,0.25,0,483,0,0,-1.9646560758701526e-05,87.18515014648438,1.4086475372314453,0.00022166075359564275,0.0,0.2684323191642761
688,without_guidance,1,0.3573307419264893,255,0.5325,0.0,0.25,0,739,0,0,-0.001601504161953926,2.204406261444092,1.4295356273651123,0.0001513121387688443,0.0,0.26130953431129456
689,without_guidance,1,0.11980074036000588,257,0.14125,0.0,0.0,0,90,0,0,-0.00048339026398025453,223.08636474609375,1.3169262409210205,0.0006475150003097951,0.0,0.31625646352767944
690,without_guidance,1,0.867340584582962,257,0.53375,0.0,0.75,0,346,0,0,-0.0008331906865350902,100.86235809326172,1.3835506439208984,0.0017605803441256285,0.0,0.27757173776626587
691,without_guidance,1,0.49417604496102285,257,0.675625,0.0,0.75,0,602,0,0,-0.0013258717954158783,7.350693702697754,1.4372789859771729,0.0003076524881180376,0.0,0.2599971294403076
692,without_guidance,1,0.3902614424441708,257,0.718125,0.0,0.75,0,858,0,0,-0.00017327474779449403,4.351616859436035,1.436829924583435,-0.0002200276794610545,0.0,0.25619739294052124
693,without_guidance,1,0.7690464699985569,258,0.24125,0.0,0.125,0,114,0,0,-0.0003020775911863893,85.052734375,1.334172248840332,0.00030151521787047386,0.0,0.29836082458496094
694,without_guidance,1,0.9050146597364801,258,0.51625,0.0,0.5,0,370,0,0,1.772803625499364e-05,84.0399169921875,1.3616232872009277,-0.00011930428445339203,0.0,0.29131078720092773
695,without_guidance,1,0.2731176430534106,258,0.5325,0.0,0.5,0,626,0,0,-0.0004991510650143027,13.665205001831055,1.4186370372772217,-2.699935248529073e-05,0.0,0.26520130038261414
696,without_guidance,1,0.28469168048832216,258,0.5325,0.0,0.5,0,882,0,0,-0.0011377471964806318,7.962795257568359,1.4145910739898682,0.00014195693074725568,0.0,0.2681586742401123
697,without_guidance,1,0.8732860439304204,259,0.3975,0.0,0.375,0,204,0,0,-0.0003977883607149124,306.34979248046875,1.3102929592132568,0.00030035944655537605,0.0,0.3234974145889282
698,without_guidance,1,0.7764043155673335,260,0.38875,0.0,0.375,0,202,0,0,1.4128163456916809e-05,345.2878723144531,1.3026914596557617,0.0001830623223213479,0.0,0.3175254464149475
699,without_guidance,1,0.5310022715711966,260,0.514375,0.0,0.5,0,458,0,0,-0.0007265942986123264,8.759228706359863,1.4071993827819824,-0.00036095594987273216,0.0,0.26923680305480957
700,without_guidance,1,0.5291446733972975,260,0.713125,0.0,0.75,0,714,0,0,-0.00041069695726037025,12.415397644042969,1.431148886680603,0.0003495787677820772,0.0,0.2561289668083191
701,without_guidance,1,0.4244806236941372,260,0.783125,0.0,1.0,0,970,0,0,-0.0003324256686028093,6.895560264587402,1.4502301216125488,0.00028610805748030543,0.0,0.25343745946884155
702,without_guidance,1,0.9061912079291687,261,0.4675,0.0,0.5,0,226,0,0,-3.653019666671753e-05,122.28617858886719,1.302217721939087,-3.492001997074112e-05,0.0,0.31990182399749756
703,without_guidance,1,0.5761577723092159,261,0.660625,0.0,0.75,0,482,0,0,-0.00012778243399225175,28.063594818115234,1.424188494682312,-1.9179657101631165e-05,0.0,0.25970160961151123
704,without_guidance,1,0.36652644787136524,261,0.740625,0.0,0.75,0,738,0,0,-0.0007615732029080391,13.437870025634766,1.4394292831420898,0.00010436889715492725,0.0,0.25692325830459595
705,without_guidance,1,0.4122722903525755,261,0.796875,0.0,0.875,0,994,0,0,0.00010697792458813637,3.1387641429901123,1.4411334991455078,0.00014329454279504716,0.0,0.2513677775859833
706,without_guidance,1,1.0253702095033077,262,0.44125,0.0,0.375,0,250,0,0,-0.00018997739243786782,170.8558349609375,1.3109021186828613,0.000198086112504825,0.0,0.3117830753326416
707,without_guidance,1,0.5471838756411671,262,0.58875,0.0,0.5,0,506,0,0,-0.0015269636642187834,5.347536087036133,1.4327914714813232,-0.00019583804532885551,0.0,0.25731968879699707
708,without_guidance,1,0.579631268281446,262,0.751875,0.0,0.625,0,762,0,0,-0.002613480668514967,15.152385711669922,1.4492790699005127,-0.0001705054601188749,0.0,0.2470756471157074
709,without_guidance,1,0.5218362684026943,263,0.043125,0.0,0.0,0,18,0,0,0.00023657208657823503,28.179244995117188,1.420377254486084,8.77742058946751e-05,0.0,0.2663426995277405
710,without_guidance,1,0.765379020031105,263,0.44625,0.0,0.25,0,274,0,0,-0.00021579924214165658,92.21839904785156,1.3132233619689941,0.00011596269905567169,0.0,0.3121044933795929
711,without_guidance,1,0.3691693805503746,263,0.525625,0.0,0.25,0,530,0,0,-0.001179036102257669,7.19317102432251,1.4343335628509521,-0.0001511671580374241,0.0,0.2558761239051819
712,without_guidance,1,0.4706453622202389,263,0.574375,0.0,0.375,0,786,0,0,-0.00254499982111156,17.30047607421875,1.4265798330307007,-0.0010182498954236507,0.0,0.2555930018424988
713,without_guidance,1,0.6725123321921274,264,0.095,0.0,0.125,0,42,0,0,2.6851272195926867e-05,115.53072357177734,1.3940632343292236,0.0004983369144611061,0.0,0.27464741468429565
714,without_guidance,1,0.8562004591210552,264,0.441875,0.0,0.625,0,298,0,0,0.0003642365336418152,73.84207916259766,1.341506838798523,0.0006851006182841957,0.0,0.3058726489543915
715,without_guidance,1,0.5242570489135687,264,0.550625,0.0,0.875,0,554,0,0,-0.0004893817822448909,14.7384672164917,1.4276609420776367,0.0002415527997072786,0.0,0.2630370557308197
716,without_guidance,1,0.42033852051395115,264,0.584375,0.0,0.875,0,810,0,0,-0.00017393380403518677,10.435403823852539,1.444993019104004,-0.0004054345190525055,0.0,0.25084418058395386
717,without_guidance,1,0.2886668693190586,265,0.07625,0.0,0.0,0,66,0,0,0.00019027851521968842,31.40636444091797,1.3776960372924805,0.00011514018842717633,0.0,0.2919991910457611
718,without_guidance,1,0.668734918119867,265,0.454375,0.0,0.25,0,322,0,0,-0.00018844629812519997,154.2115936279297,1.332467794418335,6.694113835692406e-06,0.0,0.3038264214992523
719,without_guidance,1,0.8223028695156245,266,0.31375,0.0,0.375,0,223,0,0,-0.00024671293795108795,535.8699951171875,1.3042457103729248,0.00011217136488994583,0.0,0.3153702914714813
720,without_guidance,1,0.28396296825758327,266,0.41,0.0,0.375,0,479,0,0,-0.00029090791940689087,12.538145065307617,1.4079980850219727,-6.997671152930707e-05,0.0,0.2690354585647583
721,without_guidance,1,0.6720656418116278,267,0.318125,0.0,0.375,0,170,0,0,-0.00026584541774354875,327.395263671875,1.3261626958847046,0.00018181451014243066,0.0,0.3073699176311493
722,without_guidance,1,0.6984256525292949,267,0.58875,0.0,0.625,0,426,0,0,-0.0001238211989402771,20.731220245361328,1.4080445766448975,-2.5864381314022467e-05,0.0,0.274013876914978
723,without_guidance,1,0.37620428794070904,267,0.729375,0.0,0.875,0,682,0,0,-0.0007567716529592872,25.851499557495117,1.4304112195968628,0.0001264770980924368,0.0,0.2624003291130066
724,without_guidance,1,0.3158327313336713,267,0.753125,0.0,0.875,0,938,0,0,-0.0012065675109624863,6.555264472961426,1.434501051902771,0.00017383058730047196,0.0,0.26093369722366333
725,without_guidance,1,0.6650900078966515,268,0.22375,0.0,0.375,0,194,0,0,0.00019232991326134652,139.72738647460938,1.3054144382476807,9.459203283768147e-05,0.0,0.31867608428001404
726,without_guidance,1,0.43969265590476425,268,0.425,0.0,0.5,0,450,0,0,-0.0019861466716974974,26.859664916992188,1.4141874313354492,0.0007456279709003866,0.0,0.26481860876083374
727,without_guidance,1,0.35708602012073243,268,0.494375,0.0,0.5,0,706,0,0,-0.00431189127266407,5.629541397094727,1.4300365447998047,0.001077395980246365,0.0,0.2581285238265991
728,without_guidance,1,0.41800233312415,268,0.51,0.0,0.5,0,962,0,0,-0.0017748854588717222,5.42855167388916,1.4393692016601562,0.0009028823114931583,0.0,0.25560563802719116
729,without_guidance,1,0.6570500818970686,269,0.373125,0.0,0.125,0,218,0,0,0.0003941295144613832,64.51871490478516,1.3232948780059814,-0.0001913240848807618,0.0,0.3111271262168884
730,without_guidance,1,0.6097441448332575,269,0.468125,0.0,0.25,0,474,0,0,-0.0009342568810097873,25.27199363708496,1.4405531883239746,0.00038709089858457446,0.0,0.259737491607666
731,without_guidance,1,0.4460587956709787,269,0.561875,0.0,0.375,0,730,0,0,-0.002267761854454875,10.853169441223145,1.4468202590942383,0.001563343103043735,0.0,0.25490742921829224
732,without_guidance,1,0.4574457728008383,269,0.64375,0.0,0.375,0,986,0,0,-0.004063522443175316,5.493801116943359,1.440906286239624,0.002038179896771908,0.0,0.25229912996292114
733,without_guidance,1,0.9388521201981348,271,0.371875,0.0,0.375,0,217,0,0,0.0004921630024909973,361.7875671386719,1.3275800943374634,0.0008910397300496697,0.0,0.3084568679332733
734,without_guidance,1,0.17002352251074626,272,0.1025,0.0,0.0,0,133,0,0,0.0011075753718614578,224.51031494140625,1.366913080215454,-0.0005746930837631226,0.0,0.2851581573486328
735,without_guidance,1,0.46422814509605814,272,0.328125,0.0,0.0,0,389,0,0,-0.0017753734719008207,68.6514892578125,1.4044917821884155,-0.00018855356029234827,0.0,0.2716160714626312
736,without_guidance,1,0.5788801835533377,272,0.401875,0.0,0.25,0,645,0,0,-0.00045986598706804216,57.04302215576172,1.444305181503296,-0.0004630698822438717,0.0,0.25501129031181335
737,without_guidance,1,0.5190164362284122,272,0.523125,0.0,0.75,0,901,0,0,-0.00012172044807812199,24.754226684570312,1.4451020956039429,-0.00034757284447550774,0.0,0.25381171703338623
738,without_guidance,1,0.7051380001757934,273,0.1575,0.0,0.0,0,157,0,0,0.0004671116766985506,100.14482879638672,1.3543355464935303,0.0003232399467378855,0.0,0.2928522229194641
739,without_guidance,1,0.595354233298167,273,0.435,0.0,0.25,0,413,0,0,0.00013243965804576874,91.13468933105469,1.4305660724639893,0.00019354854885023087,0.0,0.2607229948043823
740,without_guidance,1,0.4197418186158757,273,0.458125,0.0,0.25,0,669,0,0,-0.004361278377473354,5.179660320281982,1.444034457206726,0.0005884282290935516,0.0,0.2527698874473572
741,without_guidance,1,0.40006545565302076,273,0.530625,0.0,0.25,0,925,0,0,-0.003805777756497264,2.2828636169433594,1.4484691619873047,0.0008037001825869083,0.0,0.24496790766716003
742,without_guidance,1,0.5813463639967722,274,0.30375,0.0,0.125,0,181,0,0,-0.001009523868560791,82.90048217773438,1.3427276611328125,0.0011406631674617529,0.0,0.296769380569458
743,without_guidance,1,0.4553483751260501,274,0.4925,0.0,0.25,0,437,0,0,-0.000799158588051796,56.72801208496094,1.4211095571517944,0.00035232663503848016,0.0,0.26239466667175293
744,without_guidance,1,0.43677553886345777,274,0.5775,0.0,0.375,0,693,0,0,-0.005684408824890852,6.154270172119141,1.4595391750335693,3.437853229115717e-05,0.0,0.24745267629623413
745,without_guidance,1,0.5559979306472087,274,0.64125,0.0,0.5,0,949,0,0,0.0022832429967820644,39.66045379638672,1.4392924308776855,0.002287626266479492,0.0,0.25505155324935913
746,without_guidance,1,0.92724180543307,275,0.28,0.0,0.375,0,205,0,0,-0.0005353949964046478,151.5565643310547,1.3360050916671753,-0.0009803266730159521,0.0,0.30152565240859985
747,without_guidance,1,0.41942453425690474,275,0.488125,0.0,0.5,0,461,0,0,-0.0012319529196247458,10.005699157714844,1.4386610984802246,0.0014060966204851866,0.0,0.25574803352355957
748,without_guidance,1,0.4168075954330561,275,0.575625,0.0,0.75,0,717,0,0,-0.001997969578951597,12.666448593139648,1.4383108615875244,-0.000606248970143497,0.0,0.2565928101539612
749,without_guidance,1,0.5379909559997031,275,0.729375,0.0,0.75,0,973,0,0,0.00022506434470415115,17.615371704101562,1.4569405317306519,-0.00011160581925651059,0.0,0.25594934821128845
750,without_guidance,1,0.6560082539108407,276,0.360625,0.0,0.75,0,229,0,0,-0.0004278204287402332,85.38995361328125,1.3411023616790771,-0.0005483929417096078,0.0,0.29981526732444763
751,without_guidance,1,0.5658117201255664,276,0.536875,0.0,0.75,0,485,0,0,-0.000131889246404171,13.265619277954102,1.4340016841888428,0.0005133213708177209,0.0,0.2616270184516907
752,without_guidance,1,0.5138663487123267,276,0.78125,0.0,0.875,0,741,0,0,-0.0007292603841051459,15.192200660705566,1.4464547634124756,0.0003123836067970842,0.0,0.2539547085762024
753,without_guidance,1,0.325383273717307,276,0.798125,0.0,0.875,0,997,0,0,-0.00020530199981294572,9.604724884033203,1.4354002475738525,0.00047513245954178274,0.0,0.25237905979156494
754,without_guidance,1,1.0845944990105636,277,0.426875,0.0,0.5,0,253,0,0,-0.0002264802751597017,269.01690673828125,1.3611571788787842,0.0002756626345217228,0.0,0.29810255765914917
755,without_guidance,1,0.4208812182503152,277,0.54875,0.0,1.0,0,509,0,0,-0.0005443543195724487,47.42529296875,1.4416685104370117,0.0003991868288721889,0.0,0.25941920280456543
756,without_guidance,1,0.34069925598942064,277,0.640625,0.0,1.0,0,765,0,0,-0.0005046682199463248,5.499363422393799,1.4518318176269531,9.224347013514489e-05,0.0,0.2514116168022156
757,without_guidance,1,0.24979125266656865,278,0.046875,0.0,0.0,0,21,0,0,-0.0008068777387961745,14.344709396362305,1.4192445278167725,7.62993840908166e-06,0.0,0.26465198397636414
758,without_guidance,1,0.3302026942255907,278,0.328125,0.0,0.125,0,277,0,0,-3.108692908426747e-05,79.06146240234375,1.3417611122131348,3.085788193857297e-05,0.0,0.2987210154533386
759,without_guidance,1,0.9183644918011851,278,0.6775,0.0,0.625,0,533,0,0,0.00012850265193264931,50.18330764770508,1.4465408325195312,0.00014912539336364716,0.0,0.2535260319709778
760,without_guidance,1,0.4456789344171739,278,0.811875,0.0,0.875,0,789,0,0,-0.0007321778684854507,4.544825077056885,1.4479031562805176,3.344627839396708e-05,0.0,0.25533080101013184
761,without_guidance,1,0.2762279000598937,279,0.0375,0.0,0.0,0,45,0,0,-0.00034217507345601916,17.11170768737793,1.3962442874908447,0.0009431103244423866,0.0,0.2751477360725403
762,without_guidance,1,0.5441418031919056,280,0.330625,0.0,0.125,0,244,0,0,-0.00017996132373809814,405.00506591796875,1.3694252967834473,0.00026045306003652513,0.0,0.30017611384391785
763,without_guidance,1,0.7685654809065454,280,0.609375,0.0,0.625,0,500,0,0,-4.97717410326004e-05,85.67019653320312,1.4400501251220703,-3.879563882946968e-05,0.0,0.25170835852622986
764,without_guidance,1,0.3984802119662163,280,0.695,0.0,0.75,0,756,0,0,-0.0006629576673731208,9.062873840332031,1.4418940544128418,2.531598693167325e-05,0.0,0.2601546347141266
765,without_guidance,1,0.42581958805521936,281,0.03,0.0,0.0,0,12,0,0,0.00046559114707633853,13.850889205932617,1.4346965551376343,0.00013219972606748343,0.0,0.26183781027793884
766,without_guidance,1,0.9804305805591866,281,0.431875,0.0,0.5,0,268,0,0,-5.297921597957611e-05,141.4181671142578,1.3713001012802124,0.00020568740728776902,0.0,0.2870945334434509
767,without_guidance,1,0.6106813709448033,281,0.641875,0.0,0.5,0,524,0,0,-0.0004086395201738924,15.968120574951172,1.4415397644042969,-0.00010328212374588475,0.0,0.2554042339324951
768,without_guidance,1,0.4180191059235767,281,0.75125,0.0,0.75,0,780,0,0,-0.0005236513679847121,12.701876640319824,1.4429442882537842,0.0001427064125891775,0.0,0.25957900285720825
769,without_guidance,1,0.5572149845938839,282,0.085625,0.0,0.0,0,36,0,0,-0.0006095146527513862,57.49726104736328,1.4310269355773926,-0.00022923437063582242,0.0,0.26676809787750244
770,without_guidance,1,0.867196236523796,282,0.403125,0.0,0.5,0,292,0,0,-0.0004109460860490799,85.25318908691406,1.401601791381836,-8.77920538187027e-05,0.0,0.2734993100166321
771,without_guidance,1,0.5169682317309707,282,0.6225,0.0,0.625,0,548,0,0,-0.0010690664639696479,4.5426130294799805,1.4560978412628174,0.0002743870427366346,0.0,0.25046175718307495
772,without_guidance,1,0.6840209492074791,282,0.775,0.0,0.875,0,804,0,0,-0.0004942677915096283,22.444271087646484,1.4614531993865967,-0.00032014743192121387,0.0,0.24677275121212006
773,without_guidance,1,0.567465458132574,283,0.12375,0.0,0.125,0,60,0,0,-0.00045118978596292436,50.1400032043457,1.403011679649353,0.00020050047896802425,0.0,0.2775590419769287
774,without_guidance,1,0.8147286788298516,283,0.438125,0.0,0.75,0,316,0,0,-0.00013066022074781358,100.52056121826172,1.40895414352417,-0.00035929688601754606,0.0,0.26624852418899536
775,without_guidance,1,0.24766502776321886,283,0.50125,0.0,0.75,0,572,0,0,-0.0004259577835910022,17.424026489257812,1.446516990661621,0.0003135231672786176,0.0,0.25254201889038086
776,without_guidance,1,0.3658039961337636,283,0.528125,0.0,0.875,0,828,0,0,-0.0008823337848298252,3.6463119983673096,1.438414454460144,0.0005589939537458122,0.0,0.25678080320358276
777,without_guidance,1,0.5686441394682333,284,0.124375,0.0,0.0,0,84,0,0,-0.00031123062944971025,63.85749816894531,1.3864107131958008,-0.00018480667495168746,0.0,0.2799749970436096
778,without_guidance,1,0.43241921777371317,285,0.31125,0.0,0.125,0,197,0,0,-0.00015107232320588082,320.4126281738281,1.3661994934082031,-0.00016322794544976205,0.0,0.2843548059463501
779,without_guidance,1,0.49154694046811187,285,0.485,0.0,0.25,0,453,0,0,-0.002150376792997122,21.160898208618164,1.4704217910766602,-0.00045308953849598765,0.0,0.24512335658073425
780,without_guidance,1,0.6148668815076235,285,0.70875,0.0,0.625,0,709,0,0,-1.1305324733257294e-05,57.20119857788086,1.4349393844604492,4.0046870708465576e-08,0.0,0.2529999315738678
781,without_guidance,1,0.3929634038795484,285,0.725,0.0,0.625,0,965,0,0,-0.0025780487339943647,2.729238748550415,1.4252160787582397,0.00014755208394490182,0.0,0.25835973024368286
782,without_guidance,1,0.7676140629773727,286,0.403125,0.0,0.25,0,221,0,0,-8.267723023891449e-05,130.03501892089844,1.3552950620651245,-0.0005042196717113256,0.0,0.2970728278160095
783,without_guidance,1,0.44232826713596296,286,0.52375,0.0,0.5,0,477,0,0,-0.0012128785019740462,8.872589111328125,1.4274628162384033,0.0014863424003124237,0.0,0.26243260502815247
784,without_guidance,1,0.44942426126226565,287,0.255625,0.0,0.0,0,155,0,0,-0.00036080245627090335,206.66761779785156,1.3771710395812988,-0.00047550926683470607,0.0,0.28960132598876953
785,without_guidance,1,0.21836797267314978,287,0.356875,0.0,0.125,0,411,0,0,-0.0004504397511482239,17.003856658935547,1.443060278892517,0.0003049151855520904,0.0,0.25798025727272034
786,without_guidance,1,0.752278934555477,287,0.62375,0.0,0.625,0,667,0,0,-0.001013847766444087,107.8526840209961,1.4339854717254639,-0.0001570582389831543,0.0,0.2531066834926605
787,without_guidance,1,0.2957678223356197,287,0.6625,0.0,0.625,0,923,0,0,-0.0008475470240227878,2.6877238750457764,1.431563377380371,1.766796594893094e-05,0.0,0.2612006664276123
788,without_guidance,1,0.6262439427700883,289,0.14,0.0,0.25,0,63,0,0,-0.0003530184621922672,504.8141784667969,1.3152878284454346,4.857217936660163e-05,0.0,0.3096214234828949
789,without_guidance,1,0.4268035144878013,289,0.3625,0.0,0.5,0,319,0,0,-0.0008383424719795585,5.418416976928711,1.394831657409668,-8.220326708396897e-05,0.0,0.26691165566444397
790,without_guidance,1,0.4148712280639302,289,0.595,0.0,0.625,0,575,0,0,-0.001134537160396576,18.55079460144043,1.425845980644226,-0.00020173627126496285,0.0,0.2592543363571167
791,without_guidance,1,0.4645675621632108,289,0.73375,0.0,0.75,0,831,0,0,-0.0013557331403717399,6.3790178298950195,1.430818796157837,-0.00048540037823840976,0.0,0.260829359292984
792,without_guidance,1,0.739085571163173,290,0.1975,0.0,0.25,0,87,0,0,-0.00048177814460359514,146.8624267578125,1.3857501745224,0.0005821366794407368,0.0,0.2772271931171417
793,without_guidance,1,0.4349799670671928,290,0.42875,0.0,0.5,0,343,0,0,-0.00038722282624803483,20.748897552490234,1.3776353597640991,-0.0002584601752460003,0.0,0.28138548135757446
794,without_guidance,1,0.389885550960571,290,0.56,0.0,0.5,0,599,0,0,-0.0004946099361404777,8.467700958251953,1.4365050792694092,0.00045260059414431453,0.0,0.25306323170661926
795,without_guidance,1,0.4678389141190564,290,0.664375,0.0,0.625,0,855,0,0,-0.0004832223057746887,10.811174392700195,1.4372096061706543,-0.0003726595896296203,0.0,0.2547397017478943
796,without_guidance,1,0.8429327786498106,291,0.239375,0.0,0.375,0,111,0,0,-2.981908619403839e-05,190.372802734375,1.35464608669281,0.00017737908638082445,0.0,0.2891843914985657
797,without_guidance,1,0.37059299060990725,291,0.3725,0.0,0.375,0,367,0,0,-0.00010087031114380807,9.055644989013672,1.4097671508789062,-0.00015025222091935575,0.0,0.27383172512054443
798,without_guidance,1,0.43657413811297374,291,0.5025,0.0,0.5,0,623,0,0,-0.0014342315262183547,5.527235984802246,1.4345486164093018,-0.00033157248981297016,0.0,0.2582415044307709
799,without_guidance,1,0.3998383754956194,291,0.53375,0.0,0.5,0,879,0,0,-0.003689168021082878,4.520655632019043,1.443712592124939,-0.0018591410480439663,0.0,0.2575177848339081
800,without_guidance,1,0.9555528070277433,292,0.250625,0.0,0.375,0,135,0,0,-0.0006142165511846542,268.4083557128906,1.370971918106079,-0.0002900362014770508,0.0,0.2828778624534607
801,without_guidance,1,0.43952993817583774,292,0.443125,0.0,0.75,0,391,0,0,-0.0026276307180523872,7.452091217041016,1.4270176887512207,0.0008325923117808998,0.0,0.2626257538795471
802,without_guidance,1,0.45567119390489097,292,0.54,0.0,0.75,0,647,0,0,-0.002738866489380598,3.203662157058716,1.4364013671875,0.0010782546596601605,0.0,0.25924167037010193
803,without_guidance,1,0.43206453510902065,292,0.623125,0.0,0.75,0,903,0,0,-0.0022635292261838913,5.71657657623291,1.4526780843734741,1.469021663069725e-05,0.0,0.24982333183288574
804,without_guidance,1,0.9221396856773936,293,0.285,0.0,0.625,0,159,0,0,-0.0002503252471797168,212.38143920898438,1.378501296043396,0.0003236554912291467,0.0,0.28849953413009644
805,without_guidance,1,0.4493427021207026,293,0.43125,0.0,0.875,0,415,0,0,-0.0007822811603546143,10.11652660369873,1.4320138692855835,-0.0003653937019407749,0.0,0.25983312726020813
806,without_guidance,1,0.4088608674155694,293,0.5575,0.0,0.875,0,671,0,0,-0.0006751673063263297,6.962011337280273,1.4426625967025757,0.0002733212895691395,0.0,0.25163155794143677
807,without_guidance,1,0.37970480454259814,293,0.640625,0.0,0.875,0,927,0,0,-0.0017259083688259125,4.593018531799316,1.4329842329025269,-0.0006152056157588959,0.0,0.25290200114250183
808,without_guidance,1,0.4262165041232038,294,0.3225,0.0,0.125,0,183,0,0,-0.0016242738347500563,27.1834774017334,1.3423280715942383,0.00022161551169119775,0.0,0.2994825839996338
809,without_guidance,1,0.5565296456729811,294,0.55875,0.0,0.25,0,439,0,0,-0.0002823056129273027,23.612342834472656,1.4114482402801514,0.0004423187056090683,0.0,0.26627328991889954
810,without_guidance,1,0.5280383830831852,294,0.674375,0.0,0.5,0,695,0,0,-0.001240308745764196,27.995052337646484,1.4352355003356934,1.028040423989296e-05,0.0,0.25631019473075867
811,without_guidance,1,0.41631639968954914,294,0.7225,0.0,0.625,0,951,0,0,-0.001228445558808744,6.378789901733398,1.4425835609436035,0.00038921990199014544,0.0,0.2532695233821869
812,without_guidance,1,0.9272672983285304,295,0.315,0.0,0.25,0,207,0,0,-0.0005181928863748908,199.67926025390625,1.3586201667785645,0.0005367122357711196,0.0,0.2920222282409668
813,without_guidance,1,0.3547433226249268,295,0.444375,0.0,0.25,0,463,0,0,-0.0015492464881390333,7.506093978881836,1.4206738471984863,0.00033126299967989326,0.0,0.25987789034843445
814,without_guidance,1,0.42577045062955676,295,0.47125,0.0,0.25,0,719,0,0,-0.01385575719177723,1.4080853462219238,1.441756010055542,-0.0013422246556729078,0.0,0.25472456216812134
815,without_guidance,1,0.44326839950008434,295,0.5025,0.0,0.375,0,975,0,0,-0.008322950452566147,6.545660972595215,1.4228099584579468,0.004526526667177677,0.0,0.2596905827522278
816,without_guidance,1,1.0042246909406458,296,0.440625,0.0,0.375,0,231,0,0,-0.0021926199551671743,153.33602905273438,1.3750865459442139,0.004059960134327412,0.0,0.2873462438583374
817,without_guidance,1,0.5922142175822955,296,0.648125,0.0,0.5,0,487,0,0,0.001825225306674838,26.150554656982422,1.4202957153320312,-0.0014359122142195702,0.0,0.26597368717193604
818,without_guidance,1,0.5828896374052874,296,0.781875,0.0,1.0,0,743,0,0,-0.00048488317406736314,23.927366256713867,1.4199821949005127,-0.0008013888145796955,0.0,0.27133065462112427
819,without_guidance,1,0.35134798786748433,296,0.805625,0.0,1.0,0,999,0,0,0.0007487988914363086,3.613936185836792,1.4259971380233765,0.0009379588300362229,0.0,0.2608051300048828
820,without_guidance,1,1.1224559123850213,297,0.471875,0.125,0.25,0,255,0,0,-0.0002816903288476169,341.456787109375,1.3851885795593262,-0.00029461862868629396,0.0,0.2784498333930969
821,without_guidance,1,0.45305608011631193,297,0.620625,0.125,0.375,0,511,0,0,-0.010487976484000683,6.212143421173096,1.3970348834991455,0.003933747764676809,0.0,0.27262550592422485
822,without_guidance,1,0.40348438586579505,297,0.635625,0.125,0.5,0,767,0,0,-0.004799423273652792,10.198071479797363,1.3791793584823608,0.009955771267414093,0.0,0.2757387161254883
823,without_guidance,1,0.37514217969692254,298,0.04,0.0,0.0,0,23,0,0,-0.0008621725137345493,12.197870254516602,1.3701881170272827,0.0037625092081725597,0.0,0.28009742498397827
824,without_guidance,1,0.542494004504988,298,0.3875,0.0,0.375,0,279,0,0,-0.00016214264906011522,98.04972839355469,1.3383152484893799,0.0004363946500234306,0.0,0.29797065258026123
825,without_guidance,1,0.6398341710141722,298,0.69875,0.0,0.875,0,535,0,0,-0.0008199128205887973,13.107039451599121,1.362122893333435,-0.0014366855612024665,0.0,0.29395538568496704
826,without_guidance,1,0.37042130757617997,298,0.7575,0.0,0.875,0,791,0,0,0.0015822736313566566,2.2669506072998047,1.3689512014389038,2.0018313080072403e-05,0.0,0.2914937138557434
827,without_guidance,1,0.564768944959269,299,0.110625,0.0,0.125,0,47,0,0,2.1163374185562134e-05,111.96987915039062,1.3412460088729858,9.93687062873505e-05,0.0,0.3113076090812683
828,without_guidance,1,0.711917813790933,299,0.41875,0.0,0.25,0,303,0,0,-0.00034676678478717804,49.17506408691406,1.3455281257629395,0.00021248823031783104,0.0,0.299047589302063
829,without_guidance,1,0.325505634223191,299,0.50875,0.0,0.25,0,559,0,0,-0.0002512596547603607,14.988801956176758,1.3408327102661133,0.0004847172531299293,0.0,0.2888187766075134
830,without_guidance,1,0.17298367016519478,299,0.535,0.0,0.25,0,815,0,0,0.00018530525267124176,11.798047065734863,1.2891325950622559,-0.00023316079750657082,0.0,0.32182061672210693
831,without_guidance,1,0.8293230831586698,300,0.145,0.0,0.0,0,71,0,0,-6.512304389616475e-05,100.96666717529297,1.3221724033355713,6.864033639431e-05,0.0,0.31573837995529175
832,without_guidance,1,0.17114081018371508,300,0.291875,0.0,0.125,0,327,0,0,-0.0001494580355938524,31.479896545410156,1.3620123863220215,1.4787152395001613e-05,0.0,0.2891385555267334
833,without_guidance,1,0.5078697965363972,300,0.488125,0.0,0.375,0,583,0,0,-0.0003849056956823915,82.04296875,1.3812655210494995,-5.277075615595095e-05,0.0,0.2808211147785187
834,without_guidance,1,0.41307921280349547,300,0.60875,0.0,0.5,0,839,0,0,-0.0005819055950269103,9.356884956359863,1.3789854049682617,3.904771801899187e-05,0.0,0.27763479948043823
835,without_guidance,1,0.7696825317375442,301,0.22,0.0,0.25,0,95,0,0,-1.1440987691457849e-05,127.11482238769531,1.3520498275756836,0.0004220699775032699,0.0,0.301581472158432
836,without_guidance,1,0.5896888010538532,301,0.529375,0.0,0.5,0,351,0,0,-0.000984865939244628,13.302728652954102,1.3742544651031494,0.0003475446137599647,0.0,0.2858881950378418
837,without_guidance,1,0.3678811613374364,301,0.605,0.0,0.5,0,607,0,0,-0.0006626087124459445,6.594855308532715,1.3642566204071045,0.0005024601705372334,0.0,0.2822354733943939
838,without_guidance,1,0.5069862825190512,301,0.741875,0.0,0.625,0,863,0,0,-0.0008214445551857352,15.069085121154785,1.3395500183105469,2.0325029254308902e-05,0.0,0.3018331527709961
839,without_guidance,1,0.7809326597243853,302,0.256875,0.0,0.25,0,119,0,0,-1.7112120985984802e-05,141.52511596679688,1.3181369304656982,0.000505005125887692,0.0,0.30708447098731995
840,without_guidance,1,0.4883660836585477,302,0.47125,0.0,0.25,0,375,0,0,-0.014066148549318314,10.336315155029297,1.3552601337432861,0.004171835258603096,0.0,0.2920859456062317
841,without_guidance,1,0.4509687552899777,302,0.570625,0.0,0.625,0,631,0,0,0.0011488677700981498,12.540359497070312,1.3672380447387695,0.006538908928632736,0.1731770932674408,0.2844243049621582
842,without_guidance,1,0.5075248195080349,302,0.633125,0.0,0.75,0,887,0,0,-0.000986297964118421,17.32876968383789,1.3750274181365967,0.0014856632333248854,0.0,0.29419636726379395
843,without_guidance,1,1.0580738842290884,303,0.2725,0.0,0.625,0,143,0,0,-0.0011172059457749128,268.8375244140625,1.2874138355255127,0.0024677428882569075,0.0,0.32469162344932556
844,without_guidance,1,0.46917910171305266,303,0.459375,0.0,0.75,0,399,0,0,0.0012286001583561301,9.258781433105469,1.372969388961792,-0.00024050792853813618,0.0,0.289002001285553
845,without_guidance,1,0.42362527546674755,303,0.648125,0.0,0.875,0,655,0,0,-0.0006450191140174866,10.519979476928711,1.3656117916107178,-0.00024514365941286087,0.0,0.28994297981262207
846,without_guidance,1,0.418790108417852,303,0.708125,0.0,0.875,0,911,0,0,-0.0008895304054021835,4.178678512573242,1.412503957748413,0.0007457166793756187,0.0,0.2717157304286957
847,without_guidance,1,0.9469743245554127,304,0.293125,0.0,0.75,0,167,0,0,-9.411977225681767e-05,226.33978271484375,1.3488363027572632,0.00015911724767647684,0.0,0.31231802701950073
848,without_guidance,1,0.4054662356602421,304,0.504375,0.0,0.75,0,423,0,0,-0.0003247180429752916,10.234420776367188,1.3471273183822632,-0.00035612130886875093,0.0,0.30876588821411133
849,without_guidance,1,0.4656522374425549,304,0.69875,0.0,0.875,0,679,0,0,-0.002371510025113821,11.380775451660156,1.393587589263916,-0.0009290142334066331,0.0,0.2817426919937134
850,without_guidance,1,0.5404890454665292,304,0.84125,0.0,1.0,0,935,0,0,-0.0011405923869460821,20.398265838623047,1.3964250087738037,-0.0006986381486058235,0.0,0.28724417090415955
851,without_guidance,1,0.6667998236589483,305,0.31625,0.0,0.375,0,191,0,0,-0.000569447292946279,101.11612701416016,1.3310024738311768,0.00026537495432421565,0.0,0.31772491335868835
852,without_guidance,1,0.6866930986070656,305,0.671875,0.0,0.5,0,447,0,0,0.00020480497914832085,34.363861083984375,1.3749603033065796,0.00013498798944056034,0.0,0.2870189845561981
853,without_guidance,1,0.5044514855744637,305,0.774375,0.0,0.625,0,703,0,0,-0.0003237382916267961,27.02806854248047,1.4071121215820312,-0.0001567518338561058,0.0,0.2723172903060913
854,without_guidance,1,0.3571348052864778,305,0.821875,0.0,0.875,0,959,0,0,-0.0001729542127577588,7.999561309814453,1.3859984874725342,9.141218470176682e-05,0.0,0.29574570059776306
855,without_guidance,1,0.8992783973626501,306,0.355,0.0,0.375,0,215,0,0,-0.00018434226512908936,194.64979553222656,1.3223581314086914,-1.4655059203505516e-05,0.0,0.30930057168006897
856,without_guidance,1,0.48072528093825895,306,0.55125,0.0,0.375,0,471,0,0,-0.009847382083535194,4.814805030822754,1.3863160610198975,0.0025710768532007933,0.0,0.2797424793243408
857,without_guidance,1,0.5820398198138719,306,0.77375,0.0,0.75,0,727,0,0,-0.0027925516478717327,13.946453094482422,1.3602731227874756,0.004984361119568348,0.00390625,0.2940238118171692
858,without_guidance,1,0.31273613543862666,306,0.811875,0.0,0.75,0,983,0,0,-0.0036390158347785473,5.394524574279785,1.3541247844696045,0.0050419047474861145,0.0,0.2914218306541443
859,without_guidance,1,0.9509023617283674,307,0.341875,0.0,0.75,0,239,0,0,-0.0002373407332925126,254.18740844726562,1.2233309745788574,0.0016007761005312204,0.0,0.3638986051082611
860,without_guidance,1,0.42880192171833187,307,0.488125,0.0,0.75,0,495,0,0,-0.0015828231116756797,4.50251579284668,1.3045940399169922,-0.0002299992775078863,0.0,0.3289283514022827
861,without_guidance,1,0.36243362305435767,307,0.503125,0.0,0.75,0,751,0,0,-0.006243379320949316,2.4934585094451904,1.317838430404663,0.0024094441905617714,0.0,0.3090827167034149
862,without_guidance,1,0.40382855314965127,308,0.01375,0.0,0.0,0,7,0,0,-0.004017291124910116,10.583961486816406,1.2825002670288086,0.0021955606061965227,0.0,0.33767589926719666
863,without_guidance,1,0.8879200660703646,308,0.44875,0.0,0.875,0,263,0,0,0.00022484890359919518,133.84060668945312,1.2243216037750244,0.001075253589078784,0.0,0.3719162940979004
864,without_guidance,1,0.41796080844392236,308,0.5925,0.0,0.875,0,519,0,0,-0.0008326921379193664,5.427183151245117,1.305314064025879,0.0005647485377267003,0.0,0.31960463523864746
865,without_guidance,1,0.3391939741341048,308,0.65875,0.0,1.0,0,775,0,0,-0.0012337075313553214,4.5089521408081055,1.2796411514282227,0.0006508206715807319,0.0,0.3297181725502014
866,without_guidance,1,0.4114015562518034,309,0.070625,0.0,0.0,0,31,0,0,0.00024554849369451404,8.87295913696289,1.288676381111145,0.0001248735934495926,0.0,0.33172088861465454
867,without_guidance,1,0.5932878148996679,309,0.42,0.0,0.375,0,287,0,0,-0.0005339604686014354,113.83663940429688,1.2344319820404053,0.00029357694438658655,0.0,0.357734739780426
868,without_guidance,1,0.48412644757809176,309,0.6875,0.0,0.625,0,543,0,0,-0.005383336916565895,6.565990924835205,1.3062719106674194,-0.0008071606862358749,0.0,0.3147323727607727
869,without_guidance,1,0.31635498971809284,309,0.81125,0.0,0.625,0,799,0,0,-0.005614752881228924,3.6321210861206055,1.2706272602081299,0.0008320867782458663,0.0,0.3412705361843109
870,without_guidance,1,0.31139909592707227,310,0.1275,0.0,0.0,0,55,0,0,-0.0014690130483359098,12.134575843811035,1.2807438373565674,3.600182753871195e-05,0.0,0.33339744806289673
871,without_guidance,1,0.7862143550955807,310,0.488125,0.0,0.5,0,311,0,0,-0.0018034093081951141,128.32382202148438,1.287414312362671,-0.0007670535705983639,0.0,0.3251550495624542
872,without_guidance,1,0.4779210509877885,310,0.623125,0.0,0.625,0,567,0,0,-0.010045675560832024,2.497171401977539,1.2835084199905396,0.0017541348934173584,0.0,0.332567423582077
873,without_guidance,1,0.4531059054443176,310,0.783125,0.0,0.75,0,823,0,0,-0.00096754205878824,7.156370162963867,1.2886898517608643,0.0007781228050589561,0.0,0.3324309289455414
874,without_guidance,1,0.4125552080513444,311,0.131875,0.0,0.0,0,79,0,0,-0.002951094415038824,6.7974042892456055,1.2699263095855713,0.0010549997678026557,0.0,0.3398800492286682
875,without_guidance,1,0.4853577186659095,311,0.54375,0.0,0.125,0,335,0,0,-0.0024729545693844557,10.132018089294434,1.2538409233093262,0.0028922087512910366,0.0,0.35159921646118164
876,without_guidance,1,0.3999223420905764,311,0.684375,0.0,0.25,0,591,0,0,-0.0011623650789260864,61.87824630737305,1.3047120571136475,-0.00036341784289106727,0.0,0.3221525549888611
877,without_guidance,1,0.40394915209378723,311,0.833125,0.0,0.375,0,847,0,0,-0.0007213503122329712,5.568175315856934,1.2790029048919678,0.0015956292627379298,0.0,0.3334554135799408
878,without_guidance,1,0.597766950723468,312,0.240625,0.0,0.125,0,103,0,0,-0.0002490030601620674,62.87680435180664,1.2109780311584473,0.0006228330312296748,0.0,0.36948275566101074
879,without_guidance,1,0.8418110927723319,312,0.52375,0.0,0.5,0,359,0,0,-0.0003998329339083284,158.9925079345703,1.244619369506836,0.0008836416527628899,0.0,0.35399335622787476
880,without_guidance,1,0.3505831871561895,312,0.69,0.0,0.625,0,615,0,0,-0.0005673912237398326,7.180322647094727,1.304075002670288,0.0004511092265602201,0.0,0.3157922625541687
881,without_guidance,1,0.4675380463822876,312,0.790625,0.0,0.75,0,871,0,0,0.00033998116850852966,7.089478492736816,1.3453619480133057,0.00023298556334339082,0.0,0.2969666123390198
882,without_guidance,1,0.7706708977614767,313,0.26875,0.0,0.375,0,127,0,0,7.843909406801686e-05,118.61434936523438,1.2191098928451538,-7.741712033748627e-05,0.0,0.36514028906822205
883,without_guidance,1,0.7419570810718596,313,0.544375,0.0,0.625,0,383,0,0,-0.0001063117160811089,77.0546875,1.2281526327133179,-8.934317156672478e-05,0.0,0.37818998098373413
884,without_guidance,1,0.5717719475742342,313,0.72,0.0,1.0,0,639,0,0,-0.000307506590615958,8.056413650512695,1.2925719022750854,0.00020341032359283417,0.0,0.3289336860179901
885,without_guidance,1,0.42098389266811864,313,0.868125,0.0,1.0,0,895,0,0,-0.00015047751367092133,11.837907791137695,1.304893136024475,-0.0001991152239497751,0.0,0.3241386115550995
886,without_guidance,1,0.9126359583679005,314,0.31125,0.0,0.375,0,151,0,0,-5.861992758582346e-05,147.025634765625,1.1869515180587769,5.633818727801554e-05,0.0,0.3766035735607147
887,without_guidance,1,0.506751588438874,315,0.265,0.0,0.125,0,140,0,0,-9.677124762674794e-05,230.1761474609375,1.18806791305542,8.466809049423318e-06,0.0,0.374735563993454
888,without_guidance,1,0.6998894929492963,315,0.545,0.0,0.375,0,396,0,0,-0.0004548033175524324,54.87500762939453,1.2431530952453613,6.73225149512291e-05,0.0,0.3529018759727478
889,without_guidance,1,0.5699236274667783,315,0.72625,0.0,0.75,0,652,0,0,-0.000934956013225019,16.566043853759766,1.3059628009796143,-0.00010603410191833973,0.0,0.3109323978424072
890,without_guidance,1,0.3528533979970234,315,0.774375,0.0,0.75,0,908,0,0,-0.0028108968399465084,7.466572284698486,1.266074299812317,7.656248044440872e-07,0.0,0.3421066999435425
891,without_guidance,1,0.6335439349331864,316,0.235,0.0,0.375,0,164,0,0,0.0006960798054933548,76.7546157836914,1.195371389389038,0.0002747822436504066,0.0,0.37803059816360474
892,without_guidance,1,0.4599705817608992,316,0.3625,0.0,0.625,0,420,0,0,-0.001113195321522653,6.778233528137207,1.2137268781661987,-0.0009229108691215515,0.0,0.36498698592185974
893,without_guidance,1,0.5826867232792665,316,0.653125,0.0,0.875,0,676,0,0,3.342454874655232e-05,16.632213592529297,1.3193776607513428,0.0007336506387218833,0.0,0.3219606578350067
894,without_guidance,1,0.4113314639114378,316,0.808125,0.0,0.875,0,932,0,0,-0.0017034554621204734,2.7138853073120117,1.305153489112854,0.0005515008233487606,0.0,0.3122120797634125
895,without_guidance,1,0.6782184759626944,317,0.220625,0.0,0.375,0,188,0,0,0.0002818228676915169,181.9053955078125,1.2540301084518433,-0.0002148621715605259,0.0,0.3455072343349457
896,without_guidance,1,0.8232674109294749,317,0.589375,0.0,1.0,0,444,0,0,-0.00040363831794820726,40.1466064453125,1.2868854999542236,-0.0006125667132437229,0.0,0.3277033567428589
897,without_guidance,1,0.34334144294007274,317,0.676875,0.0,1.0,0,700,0,0,-0.0009072497487068176,4.613624095916748,1.300433874130249,0.000616932287812233,0.0,0.32805711030960083
898,without_guidance,1,0.49819074918832484,317,0.72,0.0,1.0,0,956,0,0,8.858120054355823e-06,34.56000518798828,1.2965832948684692,0.00044304708717390895,0.0,0.3165377676486969
899,without_guidance,1,0.5560811565131303,318,0.34375,0.0,0.125,0,212,0,0,-8.868674922268838e-05,30.04700469970703,1.2466925382614136,6.754370406270027e-05,0.0,0.36179015040397644
900,without_guidance,1,0.6039091837446904,319,0.30875,0.0,0.25,0,229,0,0,-0.0005753552541136742,352.4804382324219,1.251943588256836,1.990314012800809e-05,0.0,0.3487465977668762
901,without_guidance,1,0.4444457198078453,319,0.548125,0.0,0.25,0,485,0,0,-0.00488360645249486,9.128162384033203,1.2832945585250854,0.0013887174427509308,0.0,0.3488239645957947
902,without_guidance,1,0.8332614108694543,320,0.309375,0.0,0.25,0,174,0,0,-0.0016050401609390974,327.14739990234375,1.20947265625,-0.0013233459321781993,0.0,0.3699054718017578
903,without_guidance,1,0.4355308245503693,320,0.50375,0.0,0.625,0,430,0,0,-0.000834245583973825,12.382152557373047,1.24090576171875,0.0002986975887324661,0.0,0.3584579825401306
904,without_guidance,1,0.2749823125087687,320,0.539375,0.0,0.625,0,686,0,0,0.0006072900141589344,3.35952091217041,1.281322956085205,0.0020448616705834866,0.0,0.32931968569755554
905,without_guidance,1,0.30365828158301156,320,0.550625,0.0,0.625,0,942,0,0,-0.0002590747026260942,7.426836967468262,1.3283675909042358,0.0005542906001210213,0.0,0.3053496479988098
906,without_guidance,1,0.926319564453479,321,0.368125,0.0,0.375,0,198,0,0,-0.00020449919975362718,107.86824035644531,1.142045259475708,0.00024378052330575883,0.0,0.40264761447906494
907,without_guidance,1,0.5159153750319092,321,0.518125,0.0,0.375,0,454,0,0,-0.003080558031797409,8.61848258972168,1.285959243774414,0.001270510721951723,0.0,0.34212857484817505
908,without_guidance,1,0.545233694131241,321,0.68125,0.0,0.625,0,710,0,0,-0.004637491889297962,17.549671173095703,1.2807562351226807,0.0021943177562206984,0.0,0.33150941133499146
909,without_guidance,1,0.4491146667355679,321,0.763125,0.0,0.75,0,966,0,0,1.6974907339317724e-05,16.21805763244629,1.3268609046936035,0.0005107004544697702,0.0,0.3031342029571533
910,without_guidance,1,0.993289482716591,322,0.41375,0.0,0.625,0,222,0,0,-0.00023613932717125863,165.69186401367188,1.1700439453125,0.00021273549646139145,0.0,0.391059011220932
911,without_guidance,1,0.43045892046848167,322,0.515625,0.0,0.75,0,478,0,0,-0.001115084975026548,5.649508953094482,1.341883897781372,-0.00013777722779195756,0.0,0.3002316951751709
912,without_guidance,1,0.4233938977904472,322,0.595625,0.0,0.75,0,734,0,0,-0.000370481371646747,4.028344631195068,1.2685930728912354,0.00046663079410791397,0.0,0.34227943420410156
913,without_guidance,1,0.32770135828718594,322,0.660625,0.0,1.0,0,990,0,0,-0.0006028879433870316,9.148338317871094,1.3511035442352295,9.567756205797195e-05,0.0,0.3002195954322815
914,without_guidance,1,0.9887674480723945,324,0.078125,0.0,0.0,0,32,0,0,-0.00012583906936924905,639.6410522460938,1.1296470165252686,-0.00013926268729846925,0.0,0.41725072264671326
915,without_guidance,1,0.953695328035792,324,0.434375,0.0,0.75,0,288,0,0,-0.0005429530283436179,138.89971923828125,1.2376190423965454,-0.00015429718769155443,0.0,0.3612447679042816
916,without_guidance,1,0.36750781814737365,324,0.5575,0.0,0.75,0,544,0,0,-0.0003527328372001648,3.8405613899230957,1.3068513870239258,-3.970476609538309e-05,0.0,0.31332889199256897
917,without_guidance,1,0.3894934019363063,324,0.74875,0.0,0.75,0,800,0,0,0.00011191936209797859,8.466415405273438,1.3919671773910522,8.163562597474083e-05,0.0,0.27836284041404724
918,without_guidance,1,0.5894002025772807,325,0.143125,0.0,0.125,0,56,0,0,-0.000329854607116431,75.33538818359375,1.2518314123153687,2.8213176847202703e-05,0.0,0.3586214780807495
919,without_guidance,1,0.5237053563778318,325,0.36625,0.0,0.25,0,312,0,0,-0.0005807200213894248,59.30927276611328,1.278731346130371,-0.00014187349006533623,0.0,0.3324592709541321
920,without_guidance,1,0.6247391381875786,325,0.52,0.0,0.625,0,568,0,0,-0.0005082475836388767,77.17974853515625,1.3882551193237305,-0.00025769713101908565,0.0,0.28339308500289917
921,without_guidance,1,0.3555566730683495,325,0.5625,0.0,0.875,0,824,0,0,-0.0008610518416389823,5.332544326782227,1.3335613012313843,-5.026014332543127e-05,0.0,0.31278350949287415
922,without_guidance,1,0.5092237899198153,326,0.133125,0.0,0.0,0,80,0,0,-0.0012782961130142212,31.54514503479004,1.3038181066513062,0.00016686243179719895,0.0,0.3307839334011078
923,without_guidance,1,0.39560915387482964,326,0.393125,0.0,0.0,0,336,0,0,-0.0009156307205557823,59.95227813720703,1.2076191902160645,0.00044625968439504504,0.0,0.3783259093761444
924,without_guidance,1,0.4038213359308429,328,0.363125,0.0,0.0,0,222,0,0,-9.9494747701101e-05,375.3105163574219,1.2110750675201416,0.00017770267731975764,0.0,0.37171489000320435
925,without_guidance,1,0.7891578162116275,328,0.558125,0.0,0.5,0,478,0,0,0.00021362057304941118,93.1412353515625,1.2770676612854004,0.00015314249321818352,0.0,0.3362151086330414
926,without_guidance,1,0.49815660901276715,328,0.69,0.0,0.75,0,734,0,0,-0.0006166603416204453,7.125099182128906,1.3959331512451172,-0.00016088690608739853,0.0,0.27067995071411133
927,without_guidance,1,0.8548145681543247,329,0.156875,0.0,0.25,0,66,0,0,0.0003655720502138138,408.3620910644531,1.2635257244110107,-0.0006409116904251277,0.0,0.3494334816932678
928,without_guidance,1,0.44443016135056723,329,0.491875,0.0,0.375,0,322,0,0,-0.0014323791256174445,6.149511337280273,1.3095381259918213,0.0002830876037478447,0.0,0.32362988591194153
929,without_guidance,1,0.6018101191875758,329,0.631875,0.0,0.75,0,578,0,0,-0.00024479039711877704,31.763261795043945,1.3445098400115967,-0.00031310072517953813,0.0,0.3115035593509674
930,without_guidance,1,0.45663880107395016,329,0.795625,0.0,1.0,0,834,0,0,-0.0008674993878230453,12.88960075378418,1.366461157798767,0.0009690285660326481,0.0,0.2844911515712738
931,without_guidance,1,0.840262199105382,330,0.19,0.0,0.375,0,90,0,0,-0.0004903196240775287,116.57047271728516,1.265305757522583,0.00018490231013856828,0.0,0.3567906618118286
932,without_guidance,1,0.5096547435441607,330,0.50875,0.0,0.625,0,346,0,0,-0.0007798913866281509,21.753055572509766,1.2983394861221313,9.50514804571867e-05,0.0,0.32623082399368286
933,without_guidance,1,0.43183405845047673,330,0.6675,0.0,0.875,0,602,0,0,-0.0012544356286525726,8.162076950073242,1.3542512655258179,-0.00018501437443774194,0.0,0.2960893213748932
934,without_guidance,1,0.3648978315468412,330,0.6825,0.0,0.875,0,858,0,0,-0.0020179979037493467,3.8365883827209473,1.3910659551620483,0.0009364550351165235,0.0,0.28147590160369873
935,without_guidance,1,0.8682833461626274,331,0.26375,0.0,0.5,0,114,0,0,-8.320063352584839e-05,135.427734375,1.2755229473114014,-0.0005589782958850265,0.0,0.3342714011669159
936,without_guidance,1,0.6158803753180564,331,0.525,0.0,0.875,0,370,0,0,-0.0005042894626967609,17.710052490234375,1.3503444194793701,0.0005631264066323638,0.0,0.3017894923686981
937,without_guidance,1,0.8144275204674614,332,0.3725,0.0,0.25,0,229,0,0,0.0001306319609284401,359.26275634765625,1.2723138332366943,0.00017950723122339696,0.0,0.34833478927612305
938,without_guidance,1,0.48873730370610247,332,0.513125,0.0,0.375,0,485,0,0,-0.0007978131761774421,3.2778124809265137,1.3901780843734741,0.00030263111693784595,0.0,0.2747930586338043
939,without_guidance,1,0.3753612632626755,332,0.58,0.0,0.5,0,741,0,0,0.00014995038509368896,13.41352367401123,1.4109110832214355,8.9049652160611e-05,0.0,0.2700614929199219
940,without_guidance,1,0.48675148872234786,333,0.27125,0.0,0.125,0,163,0,0,-0.0004749639774672687,171.32899475097656,1.2278395891189575,-0.0004577208310365677,0.0,0.35832569003105164
941,without_guidance,1,0.931964727411696,333,0.515625,0.0,0.75,0,419,0,0,-0.00010760346049210057,90.95899963378906,1.38199782371521,2.952773866127245e-05,0.0,0.2848437428474426
942,without_guidance,1,0.45551219900517026,333,0.69375,0.0,0.875,0,675,0,0,-0.0051054274663329124,4.113766670227051,1.3703577518463135,0.00043907156214118004,0.0,0.2857915759086609
943,without_guidance,1,0.44408335166554025,333,0.794375,0.0,0.875,0,931,0,0,-0.00619333703070879,5.776276588439941,1.389643669128418,0.002469552680850029,0.0,0.28548383712768555
944,without_guidance,1,0.8635763501224574,334,0.27,0.0,0.25,0,187,0,0,0.0006495897541753948,217.55770874023438,1.2685797214508057,-0.0009198434418067336,0.0,0.3400488793849945
945,without_guidance,1,0.41159363505221336,334,0.52625,0.0,0.5,0,443,0,0,0.00010651815682649612,17.079715728759766,1.3511056900024414,-0.0010070977732539177,0.0,0.30575796961784363
946,without_guidance,1,0.4572220793543238,334,0.659375,0.0,0.625,0,699,0,0,-0.0011743537615984678,7.244849681854248,1.3963273763656616,0.00024477671831846237,0.0,0.27716368436813354
947,without_guidance,1,0.40481879949311406,334,0.7425,0.0,0.75,0,955,0,0,-0.0005347495898604393,15.37496280670166,1.395776629447937,0.0006476090056821704,0.0,0.2859314978122711
948,without_guidance,1,0.8518810683867741,335,0.433125,0.0,0.5,0,223,0,0,-0.0008268710225820541,290.5483703613281,1.2519205808639526,0.00040693115442991257,0.0,0.3410559296607971
949,without_guidance,1,0.5141397627266997,336,0.214375,0.125,0.125,0,125,0,0,6.683885294478387e-05,334.77117919921875,1.2291407585144043,-0.00011521422857185826,0.0,0.37021559476852417
950,without_guidance,1,0.8027065520227552,336,0.546875,0.125,0.375,0,381,0,0,-1.5593133866786957e-05,102.07714080810547,1.3609007596969604,4.985928535461426e-05,0.0,0.29556307196617126
951,without_guidance,1,0.3462664591934299,336,0.594375,0.125,0.375,0,637,0,0,-0.0005551378126256168,14.681462287902832,1.3823788166046143,0.00011836512567242607,0.0,0.29118067026138306
952,without_guidance,1,0.5732639001028019,336,0.76875,0.125,0.625,0,893,0,0,6.527702498715371e-05,31.531892776489258,1.3797305822372437,0.00015488461940549314,0.0,0.2893444895744324
953,without_guidance,1,0.6017461853498389,338,0.24375,0.0,0.0,0,142,0,0,-0.00038753761327825487,259.24517822265625,1.3028680086135864,0.000164253797265701,0.0,0.32733243703842163
954,without_guidance,1,0.7414528034314571,338,0.499375,0.0,0.25,0,398,0,0,-0.00024407605815213174,88.54792022705078,1.3037126064300537,-0.0002603804168757051,0.0,0.3168853521347046
955,without_guidance,1,0.1242543308835593,340,0.131875,0.0,0.0,0,83,0,0,-0.0002536991087254137,293.314697265625,1.3155969381332397,6.706066051265225e-05,0.0,0.31833064556121826
956,without_guidance,1,0.8766079379201983,340,0.46,0.0,0.375,0,339,0,0,-0.00015405318117700517,213.98854064941406,1.3159784078598022,-1.5925616025924683e-07,0.0,0.3199924826622009
957,without_guidance,1,0.20586105304391822,340,0.555,0.0,0.375,0,595,0,0,-1.4191804439178668e-05,46.065147399902344,1.4161018133163452,5.854658593307249e-05,0.0,0.269636332988739
958,without_guidance,1,0.4987720207527673,341,0.103125,0.0,0.125,0,55,0,0,-7.753695535939187e-05,168.517822265625,1.3235011100769043,5.279621109366417e-05,0.0,0.31648463010787964
959,without_guidance,1,0.6939450180094582,341,0.364375,0.0,0.375,0,311,0,0,-0.0005430498858913779,51.61154556274414,1.3304593563079834,-5.1325809181435034e-05,0.0,0.30547019839286804
960,without_guidance,1,0.9339797986599478,342,0.370625,0.0,0.5,0,233,0,0,-0.0001148494629887864,385.310302734375,1.2857308387756348,0.0003597964532673359,0.0,0.32787954807281494
961,without_guidance,1,0.6016606994887752,342,0.604375,0.0,0.875,0,489,0,0,5.4220668971538544e-05,18.91126251220703,1.3969143629074097,9.12995747057721e-05,0.0,0.2763471007347107
962,without_guidance,1,0.4034086804749677,342,0.7075,0.0,0.875,0,745,0,0,-0.000313789292704314,3.0901803970336914,1.3646420240402222,5.387732380768284e-05,0.0,0.3049055337905884
963,without_guidance,1,0.3554922700664065,343,0.0075,0.0,0.0,0,1,0,0,-0.0009062252938747406,6.830271244049072,1.4394137859344482,0.0012399868573993444,0.0,0.2554750144481659
964,without_guidance,1,0.8929654974344885,343,0.464375,0.0,0.25,0,257,0,0,-0.00046539586037397385,125.87379455566406,1.2461732625961304,0.00013129319995641708,0.0,0.3525983691215515
965,without_guidance,1,0.5138616538388305,343,0.671875,0.0,0.375,0,513,0,0,-0.004860313143581152,5.88750696182251,1.4030046463012695,-7.464240297849756e-06,0.0,0.27092716097831726
966,without_guidance,1,0.4019615943925601,343,0.743125,0.0,0.5,0,769,0,0,-0.007559666410088539,3.8203742504119873,1.396619200706482,0.0015418268740177155,0.0,0.2846524119377136
967,without_guidance,1,0.3619982463374072,344,0.058125,0.0,0.0,0,25,0,0,-0.0035711766686290503,46.18380355834961,1.3264384269714355,0.0002428075240459293,0.0,0.3217979669570923
968,without_guidance,1,1.0471293894091787,344,0.5,0.0,0.5,0,281,0,0,0.0008997926488518715,163.6923065185547,1.2794675827026367,0.001783479005098343,0.0,0.3325207829475403
969,without_guidance,1,0.3604539293193483,344,0.6075,0.0,0.625,0,537,0,0,0.0006287470459938049,9.2743558883667,1.3900184631347656,-0.00104239908978343,0.0,0.2800869345664978
970,without_guidance,1,0.36604053569453754,344,0.65125,0.0,0.625,0,793,0,0,0.00023350927222054452,7.345829486846924,1.3936848640441895,9.468446648952522e-08,0.0,0.28347963094711304
971,without_guidance,1,0.1708260579753187,345,0.038125,0.0,0.0,0,49,0,0,-0.00029136677039787173,22.074146270751953,1.3704843521118164,0.000994782312773168,0.0,0.2808404862880707
972,without_guidance,1,0.8981021132967726,345,0.389375,0.0,0.375,0,305,0,0,-0.00017633414245210588,95.76577758789062,1.3199965953826904,0.0003141805937048048,0.0,0.31058835983276367
973,without_guidance,1,0.46493404415014083,345,0.521875,0.0,0.375,0,561,0,0,-0.002550836419686675,8.95036792755127,1.3773225545883179,-0.000602303072810173,0.0,0.3000868558883667
974,without_guidance,1,0.25726733105329913,345,0.540625,0.0,0.375,0,817,0,0,-0.0010954495519399643,8.334592819213867,1.3938363790512085,0.00034205010160803795,0.0,0.2782578468322754
975,without_guidance,1,0.8240851898954134,346,0.1775,0.0,0.25,0,73,0,0,-0.001148279756307602,145.45306396484375,1.3446197509765625,-0.0006236453773453832,0.0,0.3110557198524475
976,without_guidance,1,0.5886562830323783,346,0.379375,0.0,0.5,0,329,0,0,3.643023592303507e-05,21.714691162109375,1.326453447341919,7.609448948642239e-05,0.0,0.3069677948951721
977,without_guidance,1,0.3906249700931994,346,0.466875,0.0,0.5,0,585,0,0,-0.0011634168913587928,2.677661418914795,1.36188542842865,-0.0007152030011638999,0.0,0.3001435399055481
978,without_guidance,1,0.5422639742500905,348,0.226875,0.0,0.25,0,109,0,0,-0.0001569191663293168,309.89447021484375,1.3288824558258057,-0.0001701176370261237,0.0,0.30535632371902466
979,without_guidance,1,0.7427579139730369,348,0.495,0.0,0.5,0,365,0,0,0.00010304556781193241,31.38814926147461,1.3323124647140503,0.000352670147549361,0.0,0.3238685131072998
980,without_guidance,1,0.5922117833206357,348,0.61375,0.125,0.625,0,621,0,0,-7.517093035858124e-05,39.39932632446289,1.3555352687835693,0.00015363455167971551,0.0,0.30581367015838623
981,without_guidance,1,0.21027944935121923,348,0.65375,0.125,0.625,0,877,0,0,-0.0007712654769420624,12.730140686035156,1.3459991216659546,-1.3816170394420624e-06,0.0,0.3043389320373535
982,without_guidance,1,0.824829173877788,349,0.176875,0.0,0.0,0,133,0,0,0.0002725136873777956,173.296875,1.3439973592758179,-8.668610826134682e-05,0.0,0.30555933713912964
983,without_guidance,1,0.6407829315021445,349,0.39,0.0,0.375,0,389,0,0,0.0001756617275532335,74.09115600585938,1.3836398124694824,2.0645404219976626e-05,0.0,0.27874571084976196
984,without_guidance,1,0.6718720426520122,349,0.563125,0.125,0.5,0,645,0,0,5.8516860008239746e-05,41.35495376586914,1.3840291500091553,-0.00012256763875484467,0.0,0.2903621196746826
985,without_guidance,1,0.43857140435034125,349,0.61,0.125,0.5,0,901,0,0,-0.0001551561726955697,18.872577667236328,1.3930165767669678,6.940774619579315e-05,0.0,0.28735262155532837
986,without_guidance,1,0.8395191470426653,350,0.25375,0.0,0.375,0,157,0,0,-0.00013356439012568444,156.99803161621094,1.2769904136657715,-1.2330710887908936e-06,0.0,0.3415984511375427
987,without_guidance,1,0.5543231099116497,350,0.503125,0.0,0.625,0,413,0,0,-0.00026865428662858903,22.182571411132812,1.3588387966156006,0.00010900665074586868,0.0,0.2989049553871155
988,without_guidance,1,0.35560689040721627,350,0.573125,0.0,0.625,0,669,0,0,-0.0003504411724861711,11.893150329589844,1.3688496351242065,0.000102343583421316,0.0,0.2908785343170166
989,without_guidance,1,0.31937347207713174,350,0.611875,0.0,0.625,0,925,0,0,-0.0002472202177159488,6.148735046386719,1.3864896297454834,0.00017286604270339012,0.0,0.27749794721603394
990,without_guidance,1,0.8469461221193342,351,0.339375,0.0,0.375,0,181,0,0,-0.00019106920808553696,105.33595275878906,1.301236629486084,-6.28756097285077e-05,0.0,0.3371204733848572
991,without_guidance,1,0.3856454743759059,351,0.489375,0.0,0.625,0,437,0,0,-0.00021786119032185525,22.803970336914062,1.3744386434555054,0.0001879679039120674,0.0,0.2913272976875305
992,without_guidance,1,0.42473497367791424,351,0.6,0.0,0.75,0,693,0,0,-0.0017967994790524244,9.42042350769043,1.3714537620544434,0.00048406136920675635,0.0,0.29943355917930603
993,without_guidance,1,0.36475458315408105,351,0.6375,0.0,0.75,0,949,0,0,-0.0002865518326871097,4.327075958251953,1.418045997619629,-0.0004770183004438877,0.0,0.27108609676361084
994,without_guidance,1,0.6192908000448369,352,0.33625,0.0,0.125,0,205,0,0,-0.0017128873150795698,67.86248779296875,1.268079161643982,0.0004678041150327772,0.0,0.3502955138683319
995,without_guidance,1,0.8803352349796114,352,0.641875,0.0,0.625,0,461,0,0,-1.5243887901306152e-05,102.26289367675781,1.3704211711883545,-0.00027764224796555936,0.0,0.29303842782974243
996,without_guidance,1,0.4191536621929117,352,0.735,0.0,0.75,0,717,0,0,-0.00015468958008568734,3.8490235805511475,1.3854308128356934,0.00038928352296352386,0.0,0.2858148515224457
997,without_guidance,1,0.41095398700963415,352,0.8,0.0,0.75,0,973,0,0,-0.00014317284512799233,10.858513832092285,1.4119720458984375,-0.00013289833441376686,0.0,0.2737194299697876
998,without_guidance,1,0.9359768645311988,353,0.365625,0.0,0.5,0,229,0,0,-0.00029494924820028245,166.43966674804688,1.3076932430267334,0.00028564658714458346,0.0,0.32687339186668396
999,without_guidance,1,0.415317327538105,353,0.391875,0.0,0.5,0,485,0,0,-0.001393049955368042,5.649655342102051,1.4171974658966064,0.00035562552511692047,0.0,0.2602923810482025
1000,without_guidance,1,0.4571657653987131,354,0.36875,0.0,0.0,0,229,0,0,-0.0010791979730129242,285.5382080078125,1.2717487812042236,7.357215508818626e-05,0.0,0.35065126419067383
