update,scenario,rollout_reward_mean,episode_count,coverage_ratio,inspection_success_rate,target_detection_rate,mission_success,mission_time,collision_count,invalid_action_count,policy_loss,value_loss,entropy,approx_kl,clip_fraction,mean_action_probability
1,0,0.2258984367690573,1,0.12,0.5,1.0,0,151,0,0,-0.008950863033533096,40.6977653503418,1.781195878982544,0.0032478910870850086,0.0,0.1690950244665146
2,0,0.09350586263462901,2,0.245,0.5,1.0,0,210,0,0,-0.00728586595505476,30.07834243774414,1.780427098274231,-0.003319474868476391,0.0,0.1695367991924286
3,0,0.19861328467959538,4,0.1975,0.5,1.0,0,117,0,0,-0.002181637566536665,35.21747970581055,1.778104305267334,0.0005972732324153185,0.0,0.16984567046165466
4,0,-0.011874999981955625,4,0.2775,0.5,1.0,0,373,0,0,-0.005204856861382723,0.2709164619445801,1.776502251625061,9.043002501130104e-05,0.0,0.171582892537117
5,0,0.17990234685203177,6,0.1225,0.5,1.0,0,65,0,0,-0.004535228945314884,36.7913818359375,1.7746590375900269,-0.00030468706972897053,0.0,0.170751690864563
6,0,0.19901367574857431,8,0.145,0.5,1.0,0,101,0,0,-1.7707236111164093e-05,39.39041519165039,1.7698345184326172,0.0019263406284153461,0.0,0.17422501742839813
7,0,0.09770507978828391,9,0.13,0.5,1.0,0,229,0,0,-0.0015075593255460262,21.190967559814453,1.765356421470642,-0.0010856224689632654,0.0,0.174948588013649
8,0,0.22400390886105015,10,0.0325,0.5,0.5,0,8,0,0,-0.0008832651656121016,29.98651885986328,1.7627397775650024,4.1446415707468987e-05,0.0,0.17611077427864075
9,0,0.34294921641776455,12,0.1575,0.5,1.0,0,129,0,0,-0.000717854592949152,56.621665954589844,1.7545225620269775,0.00025639310479164124,0.0,0.17715850472450256
10,0,0.12495117459911853,14,0.1775,0.0,1.0,0,33,0,0,-0.0031711598858237267,18.673585891723633,1.7492496967315674,0.0015993986744433641,0.0,0.17869114875793457
11,0,0.5900683539548481,16,0.24,0.5,1.0,0,137,0,0,-0.001620523864403367,102.88829803466797,1.7360291481018066,0.0016244465950876474,0.0,0.18373224139213562
12,0,0.34368163959879894,19,0.04,0.0,1.0,0,4,0,0,-0.00016721151769161224,70.21401977539062,1.7277047634124756,0.0017315924633294344,0.0,0.1867600381374359
13,0,0.7950097673856362,23,0.03,0.0,0.5,0,2,0,0,-0.001575330039486289,124.82730102539062,1.721571922302246,6.398255936801434e-05,0.0,0.18986356258392334
14,0,0.7619042993173935,27,0.08,0.5,1.0,0,60,0,0,-0.002929955255240202,130.518798828125,1.7150967121124268,0.0010534522589296103,0.0,0.18673038482666016
15,0,0.9148144506034441,32,0.29,0.5,1.0,0,60,0,0,-0.001493486575782299,130.9545440673828,1.7055914402008057,0.0002960897982120514,0.0,0.19750487804412842
16,0,0.7929394543680246,36,0.065,0.5,1.0,0,7,0,0,-0.0019386324565857649,141.60960388183594,1.6995198726654053,0.0003242294769734144,0.0,0.19974613189697266
17,0,0.912695314767916,41,0.03,0.0,0.5,0,36,0,0,-0.0013835001736879349,159.28878784179688,1.692552924156189,0.0008565476164221764,0.0,0.19793836772441864
18,0,0.7880664077747497,45,0.195,0.5,1.0,0,59,0,0,-0.0014028577134013176,122.06808471679688,1.6867984533309937,0.0009593938011676073,0.0,0.19800403714179993
19,0,0.6539648550460697,49,0.0475,0.0,1.0,0,4,0,0,-0.0007359660230576992,87.844482421875,1.680883765220642,0.0013234158977866173,0.0,0.19509311020374298
20,0,0.5731152344087604,51,0.3175,0.5,1.0,0,166,0,0,-0.0007778373546898365,101.7043228149414,1.6752359867095947,0.00021656113676726818,0.0,0.20832742750644684
21,0,-0.008554687858122634,51,0.415,0.5,1.0,0,422,0,0,-0.003008009400218725,1.4316483736038208,1.6821740865707397,0.0018444620072841644,0.0,0.20319421589374542
22,0,-0.03318359462355147,51,0.4425,0.5,1.0,0,678,0,0,-0.003273170441389084,1.8353217840194702,1.6945557594299316,0.0021447581239044666,0.0,0.19958734512329102
23,0,1.7554492192539328,60,0.0475,0.0,1.0,0,20,0,0,-0.0005468074232339859,274.92132568359375,1.6383922100067139,-0.0009435738902539015,0.0,0.2333899587392807
24,0,2.0842968754550384,69,0.025,0.0,0.5,0,6,0,0,-0.001511814072728157,338.4474792480469,1.6242228746414185,-0.0002665305510163307,0.0,0.23768527805805206
25,0,1.8630761631684436,78,0.035,0.0,1.0,0,4,0,0,2.3162923753261566e-05,280.1520080566406,1.6183269023895264,0.0005792796146124601,0.0,0.22976739704608917
26,0,1.5520703071597381,87,0.0375,0.0,0.5,0,7,0,0,-7.119076326489449e-05,228.1470489501953,1.616468071937561,0.00020371144637465477,0.0,0.23769429326057434
27,0,1.6490624840807868,95,0.035,0.0,1.0,0,5,0,0,-0.0006268684519454837,277.8603210449219,1.6080677509307861,-8.270610123872757e-06,0.0,0.23914502561092377
28,0,2.03545897449294,104,0.0625,0.5,1.0,0,20,0,0,-0.00020612683147192,324.8118591308594,1.6078983545303345,-5.505979061126709e-06,0.0,0.24148482084274292
29,0,1.940927740179177,113,0.07,0.5,1.0,0,41,0,0,-0.0002638949081301689,268.0732421875,1.602268934249878,-0.00014859787188470364,0.0,0.25258517265319824
30,0,0.03988281221973011,113,0.5,0.5,1.0,0,297,0,0,-0.003206962952390313,2.8792636394500732,1.5873758792877197,-0.0021305903792381287,0.0,0.2665252089500427
31,0,-0.029707031913858373,113,0.5,0.5,1.0,0,553,0,0,-0.005176503211259842,2.5073132514953613,1.5677218437194824,0.0029594579245895147,0.0,0.24552159011363983
32,0,0.14647460522974143,114,0.4025,0.5,1.0,0,109,0,0,-0.0037416545674204826,23.97029685974121,1.5208377838134766,0.004051229916512966,0.0,0.27616846561431885
33,0,0.0026953118031087797,114,0.5825,0.5,1.0,0,365,0,0,-0.0020699312444776297,1.4803348779678345,1.4485970735549927,7.15767964720726e-06,0.0,0.31591707468032837
34,0,-0.02648437583775376,114,0.625,0.5,1.0,0,621,0,0,-0.0007795460987836123,1.7823222875595093,1.4535759687423706,-0.002086484804749489,0.0,0.328758180141449
35,0,1.5997656310028106,122,0.0425,0.0,1.0,0,14,0,0,0.002121464814990759,275.10833740234375,1.4392366409301758,0.0014991587959229946,0.0,0.3154861032962799
36,0,1.25924804342867,127,0.415,0.5,1.0,0,151,0,0,0.0005621127784252167,184.1265869140625,1.4213743209838867,-0.00026646885089576244,0.0,0.32331812381744385
37,0,-0.02123046951237484,127,0.4775,0.5,1.0,0,407,0,0,-0.001315888948738575,2.098874568939209,1.4343626499176025,0.00034914305433630943,0.0,0.33981338143348694
38,0,0.038066405526478775,127,0.875,0.5,1.0,0,663,0,0,-0.0038728462532162666,2.1923041343688965,1.4104621410369873,-0.0001491159200668335,0.0,0.33135902881622314
39,0,0.9781835960129683,132,0.36,0.0,1.0,0,147,0,0,-0.002054134849458933,138.602294921875,1.404477596282959,-0.00055348826572299,0.0,0.34848886728286743
40,0,-0.004082031518919393,132,0.4925,0.0,1.0,0,403,0,0,-0.002035703044384718,1.158166527748108,1.3782464265823364,0.0002532429061830044,0.0,0.3531612753868103
41,0,-0.014042969381989678,132,0.6175,0.0,1.0,0,659,0,0,-0.0042426325380802155,1.1793988943099976,1.3777704238891602,0.0007758475840091705,0.0,0.3578283190727234
42,0,0.06351562461713911,133,0.43,0.0,1.0,0,215,0,0,-0.007192537188529968,1.573585033416748,1.3032516241073608,0.003419112181290984,0.0,0.37617555260658264
43,0,0.007031249228020897,133,0.645,0.0,1.0,0,471,0,0,-0.003625062294304371,1.1944713592529297,1.2003843784332275,0.0037934130523353815,0.041015625,0.427035927772522
44,0,0.33885742290658527,135,0.0475,0.5,1.0,0,8,0,0,0.0007403544150292873,48.94456100463867,1.1643447875976562,5.393777973949909e-05,0.0,0.46566176414489746
45,0,0.5181249944726005,138,0.08,0.0,0.5,0,22,0,0,0.0004405984655022621,77.52651977539062,1.1382272243499756,-0.0007075315807014704,0.0,0.4717816114425659
46,0,0.11502929705602583,139,0.455,0.0,1.0,0,124,0,0,-0.0034198802895843983,7.902440071105957,1.0928078889846802,0.001337849535048008,0.0,0.48966407775878906
47,0,0.17603515584414708,140,0.6225,0.5,1.0,0,239,0,0,-0.004056725185364485,22.777671813964844,1.0432729721069336,0.001763413194566965,0.0078125,0.5175829529762268
48,0,0.0243749997971463,141,0.35,0.0,1.0,0,222,0,0,0.0007352549582719803,6.03978157043457,0.9941005706787109,0.0017209802754223347,0.0,0.5356679558753967
49,0,0.30171875162341166,144,0.2375,0.0,1.0,0,36,0,0,0.0006128475069999695,45.9975700378418,0.9923456907272339,-0.0005898501258343458,0.0,0.5408281087875366
50,0,0.08083984236145625,145,0.4525,0.0,1.0,0,106,0,0,-0.0030939048156142235,6.181176662445068,0.9869429469108582,-0.0008809878490865231,0.0,0.5446836948394775
51,0,0.0017578122606209945,145,0.5925,0.0,1.0,0,362,0,0,-0.0068207476288080215,0.20888914167881012,0.9779359698295593,0.004210606217384338,0.0,0.558301568031311
52,0,-0.013222655263234628,146,0.195,0.0,1.0,0,36,0,0,-0.01315988041460514,3.7014505863189697,1.0389097929000854,0.00863356702029705,0.060546875,0.534202516078949
53,0,0.07427734318480361,146,0.8475,0.0,1.0,0,292,0,0,-0.0010958958882838488,2.018892288208008,1.0376923084259033,-0.004324002657085657,0.0,0.519380509853363
54,0,-0.017285156678553903,146,0.8675,0.0,1.0,0,548,0,0,-0.002962952945381403,0.15757961571216583,1.0336487293243408,-0.0007870313711464405,0.0,0.522436261177063
55,0,0.1998144558929198,147,0.6625,0.5,1.0,0,104,0,0,-0.0012200204655528069,31.52228546142578,0.9955705404281616,-0.0013546214904636145,0.009765625,0.5417128205299377
56,0,0.010351562250434654,147,0.9125,0.5,1.0,0,360,0,0,-0.005670775659382343,1.0008697509765625,0.9403981566429138,-0.000424947589635849,0.0,0.5728092193603516
57,0,-0.029492188223230187,147,0.92,0.5,1.0,0,616,0,0,-0.007510397583246231,0.18130846321582794,0.9419043064117432,-0.0021143192425370216,0.0,0.5584696531295776
58,0,0.10917968632566044,148,0.785,0.0,1.0,0,172,0,0,-0.002129976637661457,4.6847147941589355,0.9000041484832764,0.0032928530126810074,0.0,0.5776021480560303
59,0,-0.014960938002332114,148,0.8475,0.0,1.0,0,428,0,0,-0.0009951386600732803,0.21576674282550812,0.9048299789428711,0.0005113028455525637,0.0,0.574519157409668
60,0,-0.03433593838781235,148,0.8525,0.0,1.0,0,684,0,0,-0.007140719331800938,0.16010962426662445,0.9726266860961914,-0.0012393705546855927,0.0,0.544330358505249
61,0,0.09898437456286047,150,0.6,0.0,1.0,0,232,0,0,0.004084582440555096,3.250410318374634,1.0386788845062256,0.006138334050774574,0.037109375,0.542468249797821
62,0,0.047304687192081474,151,0.24,0.0,1.0,0,46,0,0,-0.005876472219824791,1.9867089986801147,1.0671095848083496,0.0027561690658330917,0.0,0.5148205757141113
63,0,0.048066405157442205,151,0.72,0.0,1.0,0,302,0,0,-0.00669696694239974,1.6935391426086426,1.1103997230529785,0.005516404751688242,0.0,0.48304980993270874
64,0,0.20717773083379143,152,0.8325,0.5,1.0,0,200,0,0,0.0019081742502748966,26.396827697753906,1.134909987449646,-0.0010161751415580511,0.0,0.4706573486328125
65,0,0.1722167967527639,153,0.5625,0.5,1.0,0,125,0,0,-0.00038644252344965935,22.07962417602539,1.1695430278778076,-0.0002799083013087511,0.0,0.45997485518455505
66,0,0.1964941395963251,154,0.4675,0.5,1.0,0,51,0,0,-0.0012767440639436245,23.1170711517334,1.1643877029418945,0.0004392045084387064,0.0,0.45053866505622864
67,0,0.030937499959691195,154,0.86,0.5,1.0,0,307,0,0,-0.003980416804552078,0.823611855506897,1.1864920854568481,0.0019865059293806553,0.0,0.45154982805252075
68,0,-0.01791015658818651,154,0.895,0.5,1.0,0,563,0,0,-0.002586378250271082,0.17340020835399628,1.2186866998672485,0.0019317457918077707,0.0,0.4247848391532898
69,0,0.19836913901235675,156,0.2825,0.0,1.0,0,71,0,0,0.0025031499098986387,29.481327056884766,1.2274212837219238,0.0016933940351009369,0.0,0.41518357396125793
70,0,0.15372070372177404,157,0.2175,0.5,1.0,0,43,0,0,-0.003697214648127556,18.14107894897461,1.2303850650787354,0.001436121528968215,0.0,0.41017186641693115
71,0,0.023593750356667442,157,0.55,0.5,1.0,0,299,0,0,-0.009589121676981449,0.5288737416267395,1.2818019390106201,0.007516271434724331,0.03125,0.40315479040145874
72,0,-0.019433594177826308,157,0.5625,0.5,1.0,0,555,0,0,-0.0013759138528257608,0.10697150230407715,1.3367658853530884,0.0032360178884118795,0.013671875,0.3597679138183594
73,0,0.14591797104367288,158,0.2825,0.5,1.0,0,134,0,0,0.0010565740521997213,20.323551177978516,1.380440592765808,0.0018966300413012505,0.0,0.3373088240623474
74,0,0.05173828023180249,158,0.7825,0.5,1.0,0,390,0,0,0.00029983813874423504,1.6078190803527832,1.371208906173706,0.0014334460720419884,0.0,0.327001690864563
75,0,-0.004296875609725248,158,0.9425,0.5,1.0,0,646,0,0,-0.008852394297719002,0.4209643006324768,1.4082977771759033,0.006506109144538641,0.02734375,0.3327815532684326
76,0,0.678681644381868,161,0.6225,0.5,1.0,0,148,0,0,0.00018354423809796572,110.7048568725586,1.4324274063110352,0.0006143716163933277,0.0,0.3168354630470276
77,0,-0.00205078162252903,161,0.7725,0.5,1.0,0,404,0,0,-0.0011812737211585045,0.4391481876373291,1.4383639097213745,0.0034958524629473686,0.0,0.3109343945980072
78,0,-0.004238281511788955,161,0.8775,0.5,1.0,0,660,0,0,-0.00684856902807951,0.23815317451953888,1.4307668209075928,-0.0005920461844652891,0.0,0.29488709568977356
79,0,1.8207226551930944,169,0.2275,0.5,1.0,0,25,0,0,-0.0008813866879791021,329.292724609375,1.4294073581695557,-0.002328532049432397,0.0,0.3058510422706604
80,0,2.1944140551968303,178,0.32,0.5,1.0,0,45,0,0,-0.00253569008782506,345.7084655761719,1.3949464559555054,0.00011067534796893597,0.0,0.30731001496315
81,0,0.05339843661204213,178,0.8525,0.5,1.0,0,301,0,0,-0.002674813847988844,1.0930423736572266,1.3965957164764404,0.0003610728308558464,0.0,0.31374937295913696
82,0,-0.0365039066382451,178,0.8725,0.5,1.0,0,557,0,0,-0.00040769786573946476,0.8287408947944641,1.4068686962127686,0.0015386110171675682,0.0,0.3273138999938965
83,0,0.0990624984697206,179,0.6275,0.0,1.0,0,113,0,0,-0.0023245709016919136,2.237661123275757,1.3953220844268799,-1.2671342119574547e-05,0.0,0.34170469641685486
84,0,0.6493554704502458,182,0.5225,0.5,1.0,0,97,0,0,0.0004696403630077839,78.85710144042969,1.3709492683410645,-0.0013197804801166058,0.0,0.3422281742095947
85,0,0.03798828092840267,182,0.93,0.5,1.0,0,353,0,0,-0.0028115699533373117,0.7855814099311829,1.3749958276748657,0.0007224467117339373,0.0,0.34106022119522095
86,0,-0.015234375288855517,182,0.99,0.5,1.0,0,609,0,0,-0.004047720693051815,0.38448262214660645,1.3967407941818237,0.0004573881160467863,0.0,0.3176119327545166
87,0,1.1255761775028077,187,0.5475,0.5,1.0,0,84,0,0,-0.0018111150711774826,156.60218811035156,1.3485466241836548,0.00015154224820435047,0.0,0.35151350498199463
88,0,0.031289062313589966,187,0.9125,0.5,1.0,0,340,0,0,-0.005871348083019257,0.5321652889251709,1.3411046266555786,0.001968793338164687,0.0,0.35907864570617676
89,0,-0.014863281558064045,187,0.955,0.5,1.0,0,596,0,0,-0.002691395580768585,0.19459545612335205,1.3700705766677856,0.00045918417163193226,0.0,0.3387336730957031
90,0,0.22069336087588454,188,0.8025,0.5,1.0,0,152,0,0,0.002240994479507208,28.58916664123535,1.3768930435180664,0.0028282632119953632,0.0,0.33526283502578735
91,0,-0.010507812941796146,188,0.9175,0.5,1.0,0,408,0,0,-0.001886199228465557,0.4534972608089447,1.3892788887023926,0.0030429172329604626,0.0,0.32319769263267517
92,0,-0.016816406649013516,188,0.9675,0.5,1.0,0,664,0,0,-0.004922748077660799,0.18589718639850616,1.4263299703598022,0.0006548566743731499,0.0,0.3087465465068817
93,0,0.6729882763465866,191,0.56,0.5,1.0,0,159,0,0,-0.0018626293167471886,100.80940246582031,1.3981966972351074,-0.0031211175955832005,0.0,0.32660436630249023
94,0,0.009296874628489604,191,0.805,0.5,1.0,0,415,0,0,-0.003473232965916395,0.3308815360069275,1.3917063474655151,-0.0030239326879382133,0.0,0.3293239176273346
95,0,-0.0060351567626639735,191,0.945,0.5,1.0,0,671,0,0,-0.0053381542675197124,0.5545626878738403,1.357974886894226,4.676543176174164e-05,0.0,0.3341104984283447
96,0,1.7747949184122263,199,0.28,0.5,0.5,0,46,0,0,0.0010668740142136812,248.03526306152344,1.2764159440994263,-0.00014184392057359219,0.0,0.37297093868255615
97,0,0.05025390550144948,199,0.8825,0.5,0.5,0,302,0,0,-0.001670083962380886,1.2209848165512085,1.2869807481765747,0.0018180019687861204,0.0,0.3901342749595642
98,0,7.812487092451192e-05,199,1.0,0.5,1.0,0,558,0,0,-0.007164847571402788,0.7740331292152405,1.3289483785629272,0.004748905077576637,0.0,0.36252492666244507
99,0,0.8404003934592765,204,0.1875,0.5,1.0,0,45,0,0,-0.003179916413500905,121.12004089355469,1.3576658964157104,0.0032928348518908024,0.0,0.34913158416748047
100,0,0.07166015551774763,204,0.7675,0.5,1.0,0,301,0,0,-0.0024458125699311495,0.7525899410247803,1.3740949630737305,0.0004347320646047592,0.0,0.32508164644241333
101,0,-0.01798828158644028,204,0.78,0.5,1.0,0,557,0,0,-0.0011676838621497154,0.1701022833585739,1.3604938983917236,0.004015288315713406,0.0,0.31766387820243835
102,0,0.8573730364551011,208,0.125,0.5,1.0,0,19,0,0,0.0018903864547610283,116.1666259765625,1.319165587425232,-0.0004156611394137144,0.0,0.36167943477630615
103,0,1.0250390694673115,212,0.7225,0.5,1.0,0,183,0,0,-0.00022652035113424063,148.19967651367188,1.295872449874878,-0.0001410564873367548,0.0,0.3736421465873718
104,0,0.003574218335415935,212,0.9325,0.5,1.0,0,439,0,0,-0.0027771499007940292,0.7709356546401978,1.3201920986175537,0.0016572442837059498,0.0,0.35497212409973145
105,0,-0.012871093840658432,212,1.0,0.5,1.0,0,695,0,0,-0.0054468391463160515,0.2065127044916153,1.3313721418380737,-0.00010334234684705734,0.0,0.34042325615882874
106,0,0.46950194891905994,214,0.75,0.5,1.0,0,222,0,0,-0.00021143769845366478,57.580406188964844,1.3115043640136719,0.0032445068936794996,0.001953125,0.37117478251457214
107,0,-0.023457031213183654,214,0.8,0.5,1.0,0,478,0,0,0.00025648390874266624,0.6434816122055054,1.343321681022644,-0.00032938667573034763,0.0,0.33745095133781433
108,0,0.3536816418163653,216,0.1525,0.5,1.0,0,16,0,0,-0.0006164126098155975,43.779579162597656,1.3526438474655151,-0.00035163015127182007,0.0,0.3306396007537842
109,0,2.2722168017244257,226,0.16,0.5,1.0,0,50,0,0,-0.000498160719871521,269.126708984375,1.3214538097381592,-0.0009656602051109076,0.0,0.34109947085380554
110,0,0.07652343666995876,226,0.825,0.5,1.0,0,306,0,0,-0.0050553432665765285,0.7447255253791809,1.362485647201538,-0.0007534015458077192,0.0,0.3286030888557434
111,0,-0.011523437897267286,226,0.88,0.5,1.0,0,562,0,0,-0.0012810342013835907,0.2267201840877533,1.4010634422302246,0.0024235674645751715,0.0,0.3250660002231598
112,0,0.8620800870485255,230,0.1375,0.5,1.0,0,30,0,0,0.0004539601504802704,133.29901123046875,1.385841727256775,0.0023999891709536314,0.0,0.32353675365448
113,0,0.06664062447453034,230,0.685,0.5,1.0,0,286,0,0,-0.007966749370098114,1.0077682733535767,1.3833153247833252,0.002785683376714587,0.0,0.31301766633987427
114,0,-0.0067968753864988685,230,0.7825,0.5,1.0,0,542,0,0,-0.009355943650007248,0.16077765822410583,1.3660269975662231,0.005920456722378731,0.01171875,0.3203674554824829
115,0,0.8483789062884171,234,0.0925,0.5,1.0,0,10,0,0,-0.001191676128655672,112.93109893798828,1.3203753232955933,0.00048255431465804577,0.0078125,0.3447299897670746
116,0,2.6754101590049686,245,0.2725,0.5,1.0,0,30,0,0,0.0011413260363042355,373.03558349609375,1.2275211811065674,-0.001057374756783247,0.0,0.3785054087638855
117,0,2.860546844345663,257,0.075,0.5,1.0,0,8,0,0,-0.0009322231635451317,363.8492431640625,1.219366192817688,-0.0016663847491145134,0.0,0.3811344504356384
118,0,2.648574212777021,268,0.04,0.5,1.0,0,3,0,0,-0.0005846847780048847,329.68560791015625,1.204547643661499,8.848123252391815e-05,0.0,0.3833809196949005
119,0,2.0045214846941235,276,0.1175,0.5,1.0,0,18,0,0,0.00013869348913431168,232.58273315429688,1.195127248764038,8.327094838023186e-05,0.0,0.3746893107891083
120,0,2.6295703151117777,287,0.1375,0.5,1.0,0,17,0,0,-0.00022187922149896622,295.338134765625,1.1864341497421265,0.00023770402185618877,0.0,0.3866529166698456
121,0,2.62146484675759,298,0.095,0.5,1.0,0,15,0,0,-0.00022708158940076828,293.0029296875,1.1886950731277466,-0.00022560707293450832,0.0,0.3975534439086914
122,0,3.0902343765847036,311,0.0875,0.5,1.0,0,9,0,0,0.00010024383664131165,358.2256774902344,1.163560390472412,0.00019804714247584343,0.0,0.3870151937007904
123,0,1.024355463039683,315,0.6975,0.5,1.0,0,181,0,0,-0.00037983362562954426,110.56886291503906,1.2278870344161987,-0.00012860889546573162,0.0,0.3859387934207916
124,0,-0.024472656557918526,315,0.735,0.5,1.0,0,437,0,0,-0.0002528121694922447,2.1002302169799805,1.263405680656433,6.064423359930515e-05,0.0,0.3537011742591858
125,0,-0.018691406563448254,315,0.79,0.5,1.0,0,693,0,0,-0.002414360409602523,0.7207897901535034,1.2741862535476685,0.0011123735457658768,0.0,0.3481120467185974
126,0,3.0610058629135892,329,0.02,0.0,0.0,0,0,0,0,0.0006060367450118065,348.09442138671875,1.1606446504592896,0.00016983994282782078,0.0,0.39546793699264526
127,0,2.631669938109553,340,0.02,0.0,0.0,0,0,0,0,-7.287785410881042e-05,278.05975341796875,1.1481213569641113,-0.0004140252713114023,0.0,0.40106385946273804
128,0,2.2859960821879213,349,0.335,0.5,1.0,0,39,0,0,-0.0007823696359992027,264.12353515625,1.1419357061386108,0.0005653584375977516,0.0,0.3941274881362915
129,0,3.0590331996645546,362,0.1375,0.5,1.0,0,15,0,0,-5.7855620980262756e-05,355.6900329589844,1.1423735618591309,0.00029366789385676384,0.0,0.4028656780719757
130,0,2.5428906242523226,373,0.0225,0.0,0.5,0,1,0,0,-2.1023675799369812e-05,246.31045532226562,1.142406702041626,3.5880133509635925e-05,0.0,0.3995932340621948
131,0,2.7402148447727086,384,0.12,0.5,1.0,0,23,0,0,7.479684427380562e-05,311.4842224121094,1.1374388933181763,0.00023123412393033504,0.0,0.4004335105419159
132,0,2.422236343365512,394,0.0775,0.5,0.5,0,9,0,0,-0.00012943614274263382,226.66738891601562,1.1393028497695923,3.756233491003513e-05,0.0,0.3910300135612488
133,0,2.985605472000316,407,0.05,0.0,0.5,0,5,0,0,5.920650437474251e-05,293.0926513671875,1.1289188861846924,-2.266140654683113e-05,0.0,0.42212390899658203
134,0,2.4072363411651168,417,0.185,0.0,1.0,0,20,0,0,-0.0001562163233757019,218.16738891601562,1.1390646696090698,6.018788553774357e-05,0.0,0.41169020533561707
135,0,2.948876944836229,429,0.14,0.5,1.0,0,14,0,0,6.415415555238724e-06,297.2799987792969,1.1262624263763428,-1.1485535651445389e-05,0.0,0.4068434238433838
136,0,2.677089833563514,440,0.1075,0.5,0.5,0,15,0,0,-8.658226579427719e-05,250.00091552734375,1.1192219257354736,7.688882760703564e-05,0.0,0.39571574330329895
137,0,2.9296972649426607,453,0.1,0.0,1.0,0,10,0,0,-5.770428106188774e-05,255.52125549316406,1.1337831020355225,4.387367516756058e-05,0.0,0.39344164729118347
138,0,2.381103506020736,463,0.15,0.5,1.0,0,23,0,0,1.6184523701667786e-05,231.3220672607422,1.1380044221878052,8.210772648453712e-06,0.0,0.39652198553085327
139,0,2.8544726466643624,475,0.0775,0.5,1.0,0,8,0,0,-1.847837120294571e-05,237.36988830566406,1.1305899620056152,8.980510756373405e-06,0.0,0.4128464162349701
140,0,2.2872363317037525,485,0.065,0.0,1.0,0,6,0,0,-0.00010513234883546829,173.3099365234375,1.1390035152435303,0.00010051974095404148,0.0,0.3929848074913025
141,0,2.7398242275812663,496,0.075,0.5,1.0,0,11,0,0,-7.111532613635063e-05,240.1599578857422,1.1258970499038696,-3.476417623460293e-05,0.0,0.3973822593688965
142,0,3.0811914007244923,509,0.125,0.5,1.0,0,13,0,0,-0.00021866150200366974,241.24537658691406,1.124894142150879,-3.092852421104908e-05,0.0,0.39947399497032166
143,0,3.102353503320046,522,0.0775,0.5,1.0,0,8,0,0,-0.00021984055638313293,258.6627197265625,1.1228138208389282,-0.00014619715511798859,0.0,0.41070806980133057
144,0,3.0734668065451842,535,0.0925,0.5,1.0,0,10,0,0,-0.00010719709098339081,230.53668212890625,1.117983341217041,-0.00012270035222172737,0.0,0.42013105750083923
145,0,1.7036523383649183,542,0.7225,0.5,1.0,0,141,0,0,-0.00013692351058125496,123.72992706298828,1.1515594720840454,-3.746664151549339e-05,0.0,0.41886478662490845
146,0,-0.02009765655384399,542,0.8525,0.5,1.0,0,397,0,0,-9.6186064183712e-05,7.0667548179626465,1.2358648777008057,8.326955139636993e-05,0.0,0.36678260564804077
147,0,-0.00794921889246325,542,0.965,0.5,1.0,0,653,0,0,-0.00013511395081877708,2.6679179668426514,1.2117700576782227,-7.35619105398655e-05,0.0,0.38019025325775146
148,0,2.192080071927194,552,0.05,0.0,1.0,0,4,0,0,-3.389781340956688e-05,179.02487182617188,1.13629949092865,-8.071144111454487e-05,0.0,0.3969145715236664
149,0,3.1668163850845303,565,0.07,0.5,1.0,0,7,0,0,1.7737969756126404e-05,250.75914001464844,1.1194709539413452,-0.000157821923494339,0.0,0.4094485938549042
150,0,3.086796881609189,578,0.045,0.5,0.5,0,4,0,0,-0.00016902480274438858,232.46688842773438,1.1188809871673584,-6.662262603640556e-05,0.0,0.4114999771118164
151,0,2.629941396375216,589,0.185,0.5,1.0,0,20,0,0,-4.6947505325078964e-05,178.8273162841797,1.1220260858535767,2.5666318833827972e-05,0.0,0.40414944291114807
152,0,2.8065625126837404,601,0.1325,0.5,1.0,0,14,0,0,-9.872950613498688e-05,182.84732055664062,1.1341019868850708,-9.483587928116322e-05,0.0,0.4089616537094116
153,0,2.9962207118696824,614,0.05,0.0,1.0,0,4,0,0,-0.00014853733591735363,227.27996826171875,1.1146270036697388,-1.196819357573986e-05,0.0,0.40496495366096497
154,0,2.8657812527417263,626,0.045,0.0,0.5,0,4,0,0,-0.00014114473015069962,194.80007934570312,1.1230348348617554,-2.6702415198087692e-05,0.0,0.40843427181243896
155,0,2.955878895765636,638,0.1975,0.5,1.0,0,21,0,0,-6.222492083907127e-05,228.4989013671875,1.1189703941345215,-0.00010762549936771393,0.0,0.4138202369213104
156,0,3.112988288150518,652,0.0275,0.0,0.5,0,2,0,0,-0.00019902526400983334,258.55499267578125,1.1061077117919922,-0.000326887471601367,0.0,0.40829071402549744
157,0,2.986787113455648,664,0.1375,0.5,1.0,0,15,0,0,-0.0001465983223170042,232.78810119628906,1.1198406219482422,3.986712545156479e-05,0.0,0.4126213788986206
158,0,2.4583007711735263,674,0.065,0.5,1.0,0,7,0,0,-0.00012322666589170694,181.15350341796875,1.1217474937438965,-4.6089524403214455e-05,0.0,0.3981618881225586
159,0,3.0039160246160463,687,0.0675,0.0,1.0,0,8,0,0,-0.0003123907372355461,220.01576232910156,1.117898941040039,-0.00012001092545688152,0.0,0.41084766387939453
160,0,2.5583398402523017,698,0.0375,0.0,1.0,0,3,0,0,-8.718203753232956e-05,179.4115447998047,1.1421575546264648,0.00024135061539709568,0.0,0.4066256880760193
161,0,1.101542972810421,702,0.6825,0.5,1.0,0,192,0,0,-4.6886270865797997e-05,84.89566802978516,1.1746891736984253,6.578490138053894e-05,0.0,0.4031409025192261
162,0,-0.035937500397267286,702,0.7125,0.5,1.0,0,448,0,0,-0.0002813185565173626,5.564021110534668,1.2346134185791016,-7.938127964735031e-05,0.0,0.3840831220149994
163,0,0.07893554666952696,703,0.0475,0.5,0.5,0,4,0,0,-0.0008111447095870972,12.652109146118164,1.2414326667785645,0.00029669771902263165,0.0,0.36975592374801636
164,0,2.8369824218352733,715,0.215,0.5,1.0,0,24,0,0,9.132549166679382e-05,194.22683715820312,1.118281364440918,-6.747222505509853e-05,0.0,0.4162191152572632
165,0,2.8554491966606292,727,0.24,0.5,1.0,0,28,0,0,-0.00014319131150841713,200.2379913330078,1.1118934154510498,-7.993075996637344e-05,0.0,0.4168761074542999
166,0,3.051425780453428,740,0.0975,0.5,1.0,0,9,0,0,-0.0001155192730948329,203.08424377441406,1.1141518354415894,-1.1909287422895432e-06,0.0,0.4108668565750122
167,0,0.2987304711859906,741,0.755,0.5,1.0,0,245,0,0,-0.00043986644595861435,21.119068145751953,1.19517183303833,-0.00011220923624932766,0.0,0.3933897614479065
168,0,-0.0008984377600427251,741,0.9275,0.5,1.0,0,501,0,0,-0.0004152378533035517,4.108293056488037,1.1850776672363281,-0.00016694702208042145,0.0,0.39188921451568604
169,0,0.6991601596710098,745,0.0725,0.0,1.0,0,7,0,0,-0.00042981887236237526,53.195533752441406,1.2044436931610107,4.512723535299301e-06,0.0,0.38922128081321716
170,0,2.4745996086712694,755,0.2275,0.5,1.0,0,31,0,0,0.000177774578332901,185.21568298339844,1.122130036354065,-4.473607987165451e-06,0.0,0.40367192029953003
171,0,3.168818356734846,769,0.06,0.0,1.0,0,5,0,0,8.766073733568192e-06,225.09848022460938,1.1166324615478516,2.3633474484086037e-05,0.0,0.4153432548046112
172,0,2.9546288991150504,781,0.08,0.5,1.0,0,9,0,0,-2.172868698835373e-05,185.6313018798828,1.117189884185791,-0.00021080649457871914,0.0,0.41418570280075073
173,0,2.9604785162628104,794,0.02,0.0,0.0,0,0,0,0,2.2301916033029556e-05,198.93594360351562,1.1213655471801758,-5.5698212236166e-05,0.0,0.41261419653892517
174,0,2.6211132644129975,805,0.0625,0.0,0.5,0,7,0,0,-3.738934174180031e-05,180.99069213867188,1.1182633638381958,-9.21124592423439e-06,0.0,0.3979059159755707
175,0,3.2040331946554943,818,0.095,0.5,1.0,0,10,0,0,-8.601788431406021e-05,212.59747314453125,1.1074579954147339,-1.6937032341957092e-05,0.0,0.4161951243877411
176,0,2.644423816440394,829,0.185,0.5,1.0,0,20,0,0,-4.7275563701987267e-05,163.3280029296875,1.1054110527038574,-4.924391396343708e-05,0.0,0.40332159399986267
177,0,2.6512695298952167,840,0.08,0.5,1.0,0,16,0,0,-0.00011911848559975624,179.9988250732422,1.1116492748260498,0.00012628384865820408,0.0,0.4012145698070526
178,0,2.6115527204347018,851,0.09,0.5,1.0,0,9,0,0,-9.809434413909912e-05,153.04672241210938,1.1173059940338135,-4.475959576666355e-05,0.0,0.4022223949432373
179,0,2.8667968519512215,863,0.105,0.5,1.0,0,13,0,0,-0.00035457778722047806,145.82669067382812,1.1170636415481567,-5.289190448820591e-05,0.0,0.40033474564552307
180,0,3.0605078004591633,876,0.06,0.5,1.0,0,6,0,0,-0.00010689487680792809,189.49050903320312,1.1070036888122559,-0.0002957354299724102,0.0,0.40606796741485596
181,0,2.608193361433223,887,0.0875,0.5,1.0,0,9,0,0,-8.995365351438522e-05,146.0529327392578,1.1256154775619507,8.338270708918571e-05,0.0,0.3938101828098297
182,0,3.02974610489764,900,0.095,0.5,1.0,0,19,0,0,4.3190084397792816e-05,186.10047912597656,1.1183842420578003,6.509572267532349e-05,0.0,0.4068848490715027
183,0,3.0758105497225188,913,0.0475,0.5,1.0,0,4,0,0,-0.00014350749552249908,165.56124877929688,1.1168591976165771,0.0001473084557801485,0.0,0.40881985425949097
184,0,2.7568945388993598,925,0.0475,0.0,1.0,0,4,0,0,-0.00014195055700838566,149.39785766601562,1.1142382621765137,-0.00013427948579192162,0.0,0.4155581593513489
185,0,2.938300770085334,937,0.075,0.5,1.0,0,7,0,0,-9.92058776319027e-05,172.8008575439453,1.1131932735443115,-6.879027932882309e-05,0.0,0.4143334627151489
186,0,3.3105078404369124,951,0.0725,0.5,1.0,0,8,0,0,-0.00013187970034778118,191.59756469726562,1.101199984550476,-4.708371125161648e-05,0.0,0.4116731286048889
187,0,2.5914648532016145,962,0.19,0.5,1.0,0,21,0,0,-0.00014731474220752716,147.9984130859375,1.1140309572219849,6.827665492892265e-05,0.0,0.40031084418296814
188,0,3.0373242175955966,975,0.1475,0.5,1.0,0,16,0,0,-0.0002559171989560127,164.7037353515625,1.1117151975631714,1.3701850548386574e-05,0.0,0.4253425598144531
189,0,3.376738284001476,990,0.02,0.0,0.0,0,0,0,0,7.366202771663666e-05,175.9895477294922,1.1054236888885498,0.00021105026826262474,0.0,0.4246242046356201
190,0,2.9553027309484605,1002,0.08,0.5,0.5,0,8,0,0,-6.0206279158592224e-05,154.1789093017578,1.1084614992141724,-3.333529457449913e-05,0.0,0.41629743576049805
191,0,3.0805566332128365,1015,0.085,0.5,1.0,0,11,0,0,-2.720579504966736e-05,168.79588317871094,1.1133131980895996,3.309221938252449e-06,0.0,0.4235624074935913
192,0,3.038105470059236,1028,0.1125,0.5,1.0,0,19,0,0,-0.00010288180783390999,160.16452026367188,1.1268153190612793,9.288312867283821e-06,0.0,0.4117242395877838
193,0,2.944873055534117,1041,0.0375,0.0,1.0,0,3,0,0,-0.00011817784979939461,177.05519104003906,1.1215702295303345,0.00017789052799344063,0.0,0.40671661496162415
194,0,2.96304687317388,1053,0.125,0.5,1.0,0,16,0,0,-0.00045565515756607056,162.75164794921875,1.1183046102523804,0.00010538636706769466,0.0,0.4034525454044342
195,0,2.88124998431158,1065,0.08,0.5,1.0,0,11,0,0,-0.0006805341690778732,156.7664794921875,1.107405424118042,0.00042643421329557896,0.0,0.4119102954864502
196,0,2.8126464899505663,1077,0.06,0.5,1.0,0,6,0,0,-0.0009390199556946754,130.9347381591797,1.1189894676208496,0.0009663158562034369,0.0,0.41757094860076904
197,0,2.7757031362489215,1089,0.0575,0.0,0.5,0,6,0,0,-0.0008249473758041859,138.31875610351562,1.1191602945327759,-0.0002592832315713167,0.0,0.3991253674030304
198,0,2.7996386717313726,1100,0.1425,0.5,1.0,0,15,0,0,0.00022613001056015491,160.78797912597656,1.1079940795898438,-0.00035929703153669834,0.0,0.3921531140804291
199,0,2.856494138974085,1112,0.0675,0.5,1.0,0,8,0,0,-0.00026771146804094315,144.5018310546875,1.1254864931106567,7.491768337786198e-05,0.0,0.4033879339694977
200,0,2.9180273487108934,1125,0.0375,0.0,1.0,0,3,0,0,-0.000457697082310915,145.60191345214844,1.1257309913635254,0.00032732333056628704,0.0,0.40776461362838745
201,0,2.6613183487206697,1136,0.065,0.0,1.0,0,6,0,0,4.502944648265839e-06,135.7803497314453,1.1149226427078247,-0.0003829754423350096,0.0,0.3981556296348572
202,0,2.9631933592099813,1148,0.0625,0.5,0.5,0,11,0,0,-0.00020735524594783783,162.40087890625,1.1189602613449097,0.00016262405551970005,0.0,0.4041047990322113
203,0,3.0208593712959555,1161,0.0275,0.0,0.5,0,2,0,0,-0.00010491255670785904,153.87855529785156,1.1160773038864136,-8.85233748704195e-05,0.0,0.3991653025150299
204,0,2.5377148260740796,1171,0.2375,0.5,1.0,0,29,0,0,-0.00023258524015545845,133.31900024414062,1.130856990814209,9.562680497765541e-05,0.0,0.39489778876304626
205,0,2.7505664135205734,1183,0.025,0.0,0.5,0,1,0,0,-0.0001933514140546322,132.6074676513672,1.1260923147201538,0.00011377711780369282,0.0,0.39906400442123413
206,0,2.964531258588977,1195,0.1075,0.5,1.0,0,11,0,0,-0.00019877334125339985,139.0044708251953,1.1243647336959839,3.918539732694626e-07,0.0,0.408134788274765
207,0,2.5059667873065337,1206,0.0625,0.0,1.0,0,6,0,0,-0.00017441995441913605,117.3349838256836,1.1473172903060913,0.0004563706461340189,0.0,0.3883700668811798
208,0,2.7598339899413986,1217,0.1125,0.5,1.0,0,13,0,0,8.811242878437042e-06,144.79122924804688,1.1262060403823853,0.00023341551423072815,0.0,0.40973079204559326
209,0,3.2603613230094197,1231,0.1075,0.5,1.0,0,15,0,0,-0.00015059113502502441,135.15863037109375,1.1252707242965698,-0.00011296919547021389,0.0,0.4081028699874878
210,0,3.2131250011807424,1245,0.0375,0.0,1.0,0,3,0,0,-7.270975038409233e-05,145.022216796875,1.1250734329223633,-0.00012942100875079632,0.0,0.4086840748786926
211,0,2.510136710228835,1255,0.1825,0.5,1.0,0,19,0,0,-5.0078146159648895e-05,126.45791625976562,1.127526044845581,4.724855534732342e-05,0.0,0.39753487706184387
212,0,2.8878906308200385,1267,0.1275,0.5,1.0,0,13,0,0,-0.0002640457823872566,139.3876953125,1.1202905178070068,-0.00016938243061304092,0.0,0.39959099888801575
213,0,3.085615219326428,1280,0.0925,0.5,0.5,0,11,0,0,-0.00017989752814173698,137.41860961914062,1.1116845607757568,8.863513357937336e-05,0.0,0.4021317958831787
214,0,2.7884570152709784,1292,0.0475,0.0,1.0,0,4,0,0,2.1470710635185242e-05,127.80535888671875,1.1254332065582275,0.00012075738050043583,0.0,0.39844998717308044
215,0,2.4342578232426604,1302,0.2275,0.5,1.0,0,24,0,0,-0.0003702975809574127,148.1939697265625,1.1124485731124878,-4.179426468908787e-05,0.0,0.3918220102787018
216,0,3.0188378949496837,1315,0.025,0.0,0.5,0,1,0,0,-0.00033988896757364273,152.10935974121094,1.1144636869430542,-0.00037363404408097267,0.0,0.39512741565704346
217,0,2.9505859476375917,1327,0.1275,0.5,1.0,0,14,0,0,-0.00015594251453876495,150.40283203125,1.125990390777588,0.0001514239702373743,0.0,0.39959606528282166
218,0,2.6553222699512844,1338,0.26,0.5,1.0,0,29,0,0,-0.0002652865368872881,121.67815399169922,1.1263172626495361,0.00019753770902752876,0.0,0.39018651843070984
219,0,2.858300774500094,1350,0.13,0.5,0.5,0,15,0,0,-0.0005383184179663658,135.35205078125,1.132869839668274,0.00040878052823245525,0.0,0.40145742893218994
220,0,2.740283195336815,1362,0.125,0.5,1.0,0,14,0,0,-0.0005220500752329826,142.75741577148438,1.1254525184631348,0.0003523936029523611,0.0,0.3962140679359436
221,0,2.6469140783701732,1373,0.235,0.5,1.0,0,25,0,0,0.0003667957498691976,133.78518676757812,1.1129639148712158,-0.0001458947081118822,0.0,0.3929763436317444
222,0,0.05457031175319571,1373,0.785,0.5,1.0,0,281,0,0,-0.0002551167272031307,15.924781799316406,1.2049020528793335,-1.6069505363702774e-05,0.0,0.3752814531326294
223,0,-0.02839843777474016,1373,0.835,0.5,1.0,0,537,0,0,2.7347588911652565e-05,14.940974235534668,1.2360552549362183,-0.00018954905681312084,0.0,0.3635120391845703
224,0,1.0736718729640415,1378,0.1975,0.5,1.0,0,21,0,0,-3.5884790122509e-05,68.89248657226562,1.176082968711853,-6.54635950922966e-05,0.0,0.3909103274345398
225,0,2.8846191403972625,1390,0.0825,0.5,1.0,0,10,0,0,-0.00032872636802494526,134.07485961914062,1.1205708980560303,-0.00019490555860102177,0.0,0.3980223834514618
226,0,3.1019140610696923,1404,0.025,0.0,0.5,0,1,0,0,-8.41217115521431e-06,155.07913208007812,1.1224706172943115,8.033495396375656e-05,0.0,0.39840975403785706
227,0,3.0775097687255766,1417,0.0525,0.0,1.0,0,5,0,0,-0.00017268769443035126,135.28155517578125,1.1216384172439575,0.0004132839385420084,0.0,0.39114704728126526
228,0,2.7701953172399953,1428,0.07,0.5,1.0,0,8,0,0,-0.00041270582005381584,131.596923828125,1.1271145343780518,5.248002707958221e-07,0.0,0.38985419273376465
229,0,2.459697272079211,1438,0.2075,0.5,1.0,0,22,0,0,-0.0006035231053829193,124.1057357788086,1.1250121593475342,-4.8515619710087776e-05,0.0,0.3966774344444275
230,0,3.00047849627299,1451,0.0225,0.0,0.5,0,1,0,0,8.908857125788927e-05,138.20701599121094,1.1255803108215332,5.31291589140892e-05,0.0,0.39607030153274536
231,0,2.8329687603873026,1463,0.02,0.0,0.0,0,0,0,0,-0.0006414945237338543,127.88555908203125,1.123246192932129,-0.00023505347780883312,0.0,0.39615556597709656
232,0,2.595859384869982,1473,0.2125,0.5,1.0,0,24,0,0,-0.0008912701159715652,122.02740478515625,1.1146001815795898,0.0005706429947167635,0.0,0.39520174264907837
233,0,2.6704687249439303,1484,0.21,0.5,1.0,0,27,0,0,-0.0007028481923043728,137.1787872314453,1.112067699432373,-0.00037220329977571964,0.0,0.3907104432582855
234,0,2.438183596019371,1494,0.1,0.5,1.0,0,10,0,0,-0.00012501608580350876,134.47621154785156,1.1325428485870361,-0.00035882461816072464,0.0,0.39056578278541565
235,0,2.8674218715459574,1506,0.1025,0.5,0.5,0,16,0,0,-0.0005643405020236969,144.55398559570312,1.1174737215042114,0.0005680157337337732,0.0,0.3960266709327698
236,0,2.6360644512387807,1517,0.1025,0.5,1.0,0,13,0,0,-4.550442099571228e-05,129.4929656982422,1.1314427852630615,0.00046421727165579796,0.0,0.3863363564014435
237,0,2.4579003975995874,1527,0.27,0.5,1.0,0,30,0,0,-0.0001227622851729393,123.50701141357422,1.1154911518096924,-6.368174217641354e-05,0.0,0.40435555577278137
238,0,2.6280371221146197,1538,0.05,0.5,1.0,0,14,0,0,-0.0001706453040242195,128.4510040283203,1.1234619617462158,0.0002499811816960573,0.0,0.3859589099884033
239,0,2.7639941394299967,1550,0.1025,0.0,1.0,0,11,0,0,-0.0002056690864264965,115.92822265625,1.1267691850662231,0.00015278835780918598,0.0,0.3993709981441498
240,0,2.3254980552410416,1559,0.1075,0.5,1.0,0,21,0,0,-0.0004910780116915703,127.41117858886719,1.1198716163635254,-0.00019505596719682217,0.0,0.3865398168563843
241,0,2.8762890479847556,1571,0.11,0.5,1.0,0,11,0,0,0.0001404993236064911,145.11026000976562,1.1159695386886597,-0.00014404905959963799,0.0,0.39669471979141235
242,0,2.694834011599596,1582,0.1175,0.5,0.5,0,13,0,0,-0.00027517229318618774,134.99732971191406,1.107618808746338,-4.866276867687702e-05,0.0,0.40752434730529785
243,0,2.546542966963898,1594,0.06,0.0,1.0,0,5,0,0,-0.0008565881289541721,150.53781127929688,1.1173336505889893,-9.605544619262218e-05,0.0,0.40971291065216064
244,0,2.5842773303738795,1604,0.1275,0.5,1.0,0,14,0,0,-0.0005612215027213097,127.46211242675781,1.097983956336975,0.00029795384034514427,0.0,0.4039044976234436
245,0,2.24543945957339,1614,0.215,0.5,1.0,0,24,0,0,-0.00030277855694293976,132.72816467285156,1.104960560798645,0.00020379084162414074,0.0,0.39759427309036255
246,0,0.07398437409210601,1614,0.8725,0.5,1.0,0,280,0,0,-0.0005031100008636713,13.345638275146484,1.203479290008545,0.0013782540336251259,0.0,0.36810562014579773
247,0,0.09624023533251602,1615,0.11,0.5,1.0,0,12,0,0,-0.00012330617755651474,22.704219818115234,1.2100334167480469,-0.0001416555605828762,0.0,0.3666388988494873
248,0,2.4878906239100615,1625,0.0875,0.5,1.0,0,9,0,0,2.6967376470565796e-05,118.34561157226562,1.0954915285110474,-6.568105891346931e-05,0.0,0.4187171459197998
249,0,2.339375015726546,1635,0.0525,0.0,0.5,0,5,0,0,-0.00036329147405922413,105.57522583007812,1.0992616415023804,6.1008380725979805e-05,0.0,0.40793347358703613
250,0,1.9077538937926874,1642,0.0725,0.5,1.0,0,12,0,0,-0.00022827880457043648,98.18397521972656,1.109199047088623,-0.00029320758767426014,0.0,0.38016438484191895
251,0,2.264716792968102,1651,0.08,0.5,1.0,0,8,0,0,7.872702553868294e-06,100.99972534179688,1.1099309921264648,-0.00019992748275399208,0.0,0.40891900658607483
252,0,2.038134768456075,1659,0.16,0.5,1.0,0,22,0,0,-0.0005660918541252613,87.09013366699219,1.1064621210098267,9.023468010127544e-05,0.0,0.398264080286026
253,0,2.239765635378717,1668,0.09,0.5,1.0,0,9,0,0,-0.0008849427103996277,83.94746398925781,1.1119091510772705,0.00034907017834484577,0.0,0.4034731388092041
254,0,1.7834082089102594,1675,0.1775,0.5,0.5,0,29,0,0,0.00024390197359025478,75.47176361083984,1.1237951517105103,0.001089407131075859,0.0,0.3932192325592041
255,0,2.023710933899565,1683,0.16,0.5,1.0,0,18,0,0,-0.0005987361073493958,74.4494857788086,1.1045955419540405,0.0002237856388092041,0.0,0.3908389210700989
256,0,2.888808586016239,1695,0.1225,0.5,1.0,0,16,0,0,-0.00022378657013177872,104.92950439453125,1.1148338317871094,-0.0005247907247394323,0.0,0.39636486768722534
257,0,2.4940527275357454,1705,0.2025,0.5,1.0,0,22,0,0,5.514780059456825e-05,90.55842590332031,1.1073246002197266,-4.166876897215843e-05,0.0,0.40629127621650696
258,0,2.3565039025925216,1715,0.02,0.0,0.0,0,0,0,0,-0.00060682138428092,70.12545013427734,1.109426736831665,-3.829691559076309e-05,0.0,0.39508056640625
259,0,2.3874804591068823,1724,0.2275,0.5,1.0,0,27,0,0,-0.00027466006577014923,85.2984848022461,1.1069920063018799,0.0002625873312354088,0.0,0.4003657102584839
260,0,2.4071191394941707,1734,0.075,0.5,1.0,0,18,0,0,-2.16607004404068e-05,86.5911636352539,1.1207623481750488,-4.7555891796946526e-05,0.0,0.3905605673789978
261,0,2.223359378553141,1743,0.3875,0.5,1.0,0,48,0,0,-0.0014779791235923767,78.38732147216797,1.1082048416137695,0.0006277679931372404,0.0,0.39220288395881653
262,0,3.1240332029556157,1756,0.0325,0.5,1.0,0,3,0,0,0.00019011320546269417,101.1070327758789,1.1012548208236694,8.219690062105656e-05,0.0,0.41525816917419434
263,0,2.701718752083252,1767,0.1125,0.5,1.0,0,12,0,0,-0.00026372610591351986,90.02464294433594,1.0994693040847778,5.1744747906923294e-05,0.0,0.3933621644973755
264,0,2.8932617341561127,1779,0.1425,0.5,1.0,0,15,0,0,-0.00032689934596419334,89.73856353759766,1.0959112644195557,-0.0004889355041086674,0.0,0.41080933809280396
265,0,2.6580859412424616,1790,0.105,0.5,0.5,0,17,0,0,-0.00040518445894122124,75.47888946533203,1.0994735956192017,0.00029176450334489346,0.0,0.41172492504119873
266,0,2.991552741983469,1803,0.155,0.5,1.0,0,17,0,0,-0.00046899449080228806,116.2084732055664,1.094606876373291,3.9159320294857025e-05,0.0,0.4179568886756897
267,0,2.5729980515607167,1814,0.0275,0.0,0.5,0,2,0,0,-0.0004486488178372383,69.57552337646484,1.0921045541763306,0.0002947170287370682,0.0,0.4030355215072632
268,0,2.664638678666961,1825,0.02,0.0,0.0,0,0,0,0,-0.0007891310378909111,72.62057495117188,1.0939353704452515,1.382012851536274e-05,0.0,0.4091997444629669
269,0,3.020068354366231,1837,0.055,0.5,1.0,0,5,0,0,-0.0009262301027774811,93.80612182617188,1.0829181671142578,0.0012627921532839537,0.0,0.39960986375808716
270,0,2.2573437595565338,1846,0.365,0.5,1.0,0,43,0,0,-0.0014198729768395424,63.79338073730469,1.0909277200698853,-0.0003523810300976038,0.0,0.4127105176448822
271,0,2.242744138191483,1855,0.1075,0.5,1.0,0,11,0,0,-0.0004800967872142792,68.4010009765625,1.0915861129760742,0.00045348796993494034,0.0,0.39632683992385864
272,0,2.3515039033263747,1865,0.1425,0.5,1.0,0,15,0,0,-0.0014644111506640911,105.89897155761719,1.0799185037612915,0.0014537579845637083,0.0,0.39228102564811707
273,0,2.2603027422410378,1874,0.15,0.5,1.0,0,17,0,0,-0.0015374798094853759,59.54034423828125,1.0719295740127563,0.0010912169236689806,0.0,0.40979689359664917
274,0,2.179814458340843,1883,0.13,0.0,1.0,0,14,0,0,-0.0009356867522001266,53.26512145996094,1.0722516775131226,0.0026202532462775707,0.0,0.40956029295921326
275,0,2.365117175573687,1892,0.3225,0.5,1.0,0,35,0,0,-0.00022712117061018944,66.98079681396484,1.060880422592163,-0.00011112657375633717,0.0,0.4193325936794281
276,0,3.1444335864034656,1905,0.1175,0.5,1.0,0,12,0,0,-6.49578869342804e-05,85.43447875976562,1.0564714670181274,-0.0008721458725631237,0.0,0.4244910180568695
277,0,2.7149902133169235,1916,0.2425,0.5,1.0,0,26,0,0,-0.001089189201593399,71.9502182006836,1.0530434846878052,-0.000585655914619565,0.0,0.41966328024864197
278,0,2.4789257869997527,1926,0.21,0.5,1.0,0,23,0,0,-0.00019332952797412872,59.38301086425781,1.0517767667770386,0.0006029719952493906,0.0,0.40843868255615234
279,0,2.809355480821978,1938,0.0275,0.0,0.5,0,2,0,0,-0.0008872067555785179,61.671165466308594,1.051490306854248,3.4682219848036766e-05,0.0,0.4251192808151245
280,0,2.7915527376353566,1949,0.2125,0.5,1.0,0,29,0,0,-0.00041470699943602085,62.284847259521484,1.0454578399658203,0.0004119167570024729,0.0,0.4252643585205078
281,0,2.914560541812534,1961,0.135,0.5,1.0,0,14,0,0,0.0001343896146863699,63.862945556640625,1.040879726409912,-0.0001440253108739853,0.0,0.42049679160118103
282,0,2.799707029123965,1973,0.02,0.0,0.0,0,0,0,0,-4.1184015572071075e-05,58.83913803100586,1.0402289628982544,7.558776997029781e-05,0.0,0.422864705324173
283,0,2.3734375002131856,1982,0.225,0.5,1.0,0,29,0,0,-0.0004372023977339268,52.73405838012695,1.0412813425064087,-2.4837907403707504e-05,0.0,0.4291573762893677
284,0,2.6879296938568586,1994,0.0275,0.0,0.5,0,2,0,0,-0.0004081130027770996,64.82154083251953,1.035628080368042,0.00016566552221775055,0.0,0.4272995591163635
285,0,2.147548840366653,2002,0.3075,0.5,1.0,0,40,0,0,-0.0001161256805062294,41.41844940185547,1.0403919219970703,6.804941222071648e-06,0.0,0.42569127678871155
286,0,2.792392565144837,2014,0.0275,0.0,0.5,0,2,0,0,-0.0002945512533187866,49.97537612915039,1.0385102033615112,0.00034546758979558945,0.0,0.43149301409721375
287,0,2.601806624152232,2024,0.11,0.5,1.0,0,12,0,0,-0.0008648354560136795,47.923614501953125,1.0370529890060425,0.00017769471742212772,0.0,0.4250890910625458
288,0,2.693105445596302,2035,0.035,0.5,1.0,0,4,0,0,-0.0002467979211360216,53.108699798583984,1.0400656461715698,-2.6228372007608414e-06,0.0,0.4192587435245514
289,0,2.4538867178089276,2045,0.05,0.5,1.0,0,4,0,0,-0.000603819265961647,50.81917190551758,1.046524167060852,0.0011156685650348663,0.0,0.4241548776626587
290,0,2.7939746101401397,2057,0.0225,0.0,0.5,0,1,0,0,-0.0004426236264407635,46.729515075683594,1.044240951538086,-0.0011655613780021667,0.0,0.4263642430305481
291,0,2.575546877716988,2067,0.1575,0.5,1.0,0,25,0,0,-0.0008433959446847439,45.773075103759766,1.0452452898025513,0.0006995075382292271,0.0,0.42086511850357056
292,0,3.14596679375245,2080,0.055,0.5,1.0,0,6,0,0,-0.0013995212502777576,49.487281799316406,1.0422947406768799,0.0001321793533861637,0.0,0.43162593245506287
293,0,2.799287127701973,2092,0.0275,0.0,0.5,0,2,0,0,-0.001637553796172142,42.935279846191406,1.043473482131958,0.0018569568637758493,0.0,0.41956520080566406
294,0,2.6760156060336158,2103,0.0475,0.0,1.0,0,4,0,0,-0.0014658109284937382,38.862945556640625,1.0452795028686523,0.0021089736837893724,0.0,0.42039620876312256
295,0,2.9118554699452943,2115,0.0475,0.0,1.0,0,4,0,0,0.0007922416552901268,42.62511444091797,1.0334798097610474,0.0015424939338117838,0.0,0.4301654100418091
296,0,3.4299902492566616,2129,0.08,0.5,1.0,0,8,0,0,0.00011794548481702805,54.39387130737305,1.0321080684661865,3.7353718653321266e-05,0.0,0.4332517385482788
297,0,3.159130864944018,2142,0.1075,0.5,1.0,0,11,0,0,-0.0006989343091845512,44.249786376953125,1.0311498641967773,0.0009412514045834541,0.0,0.4440191686153412
298,0,3.343798819274525,2156,0.1275,0.5,1.0,0,14,0,0,0.00022496539168059826,44.95502471923828,1.0290502309799194,0.00014233519323170185,0.0,0.4350775480270386
299,0,3.345537095632608,2170,0.1,0.5,1.0,0,10,0,0,-0.0004779072478413582,44.366519927978516,1.0279158353805542,-9.810528717935085e-05,0.0,0.43722981214523315
300,0,3.142880853076349,2183,0.0875,0.5,1.0,0,10,0,0,-0.001246824860572815,40.16259002685547,1.0226125717163086,0.00017963070422410965,0.0,0.4317718744277954
301,0,3.129755837362609,2196,0.06,0.5,1.0,0,5,0,0,0.0004712548106908798,39.8465690612793,1.0164214372634888,0.0004347881767898798,0.0,0.4356424808502197
302,0,3.1123339772420877,2209,0.0425,0.5,1.0,0,3,0,0,-0.00019143987447023392,39.812400817871094,1.0155131816864014,0.00048822048120200634,0.0,0.4349346458911896
303,0,3.02129882198642,2222,0.02,0.0,0.0,0,0,0,0,-0.0007545743137598038,33.813392639160156,1.0149725675582886,-0.00011712918058037758,0.0,0.44304242730140686
304,0,3.2714159832394216,2235,0.1125,0.5,1.0,0,12,0,0,-0.0005541332066059113,39.546539306640625,1.0169917345046997,0.00023228395730257034,0.0,0.4380902051925659
305,0,3.0211132857402845,2248,0.0675,0.0,0.5,0,7,0,0,0.00016483990475535393,34.79963684082031,1.0228803157806396,-0.00029143854044377804,0.0,0.42431291937828064
306,0,2.9070703109246097,2260,0.02,0.0,0.0,0,0,0,0,-0.0005680681206285954,32.212554931640625,1.0242258310317993,7.244455628097057e-05,0.0,0.43053802847862244
307,0,3.1253808673754975,2273,0.1125,0.5,1.0,0,12,0,0,-0.0002949591726064682,69.51383972167969,1.0221184492111206,0.00014865770936012268,0.0,0.4262612462043762
308,0,1.481396478440729,2279,0.4,0.5,1.0,0,145,0,0,-0.0003923657350242138,18.62260627746582,1.0598922967910767,-0.00014357082545757294,0.0,0.4159112870693207
309,0,-0.007128906447178451,2279,0.5825,0.5,1.0,0,401,0,0,-0.0002514799125492573,7.312821388244629,1.1632622480392456,7.020309567451477e-06,0.0,0.3961019515991211
310,0,0.8277734386756492,2283,0.12,0.5,1.0,0,13,0,0,-0.0003140447661280632,16.176918029785156,1.1055575609207153,-5.043298006057739e-05,0.0,0.39503800868988037
311,0,2.814003894862253,2295,0.0225,0.0,0.5,0,1,0,0,-0.00026394566521048546,26.12420082092285,1.0220122337341309,0.00022786459885537624,0.0,0.4236505329608917
312,0,3.0173437442099384,2307,0.055,0.5,1.0,0,5,0,0,-0.0003482680767774582,32.592872619628906,1.0202476978302002,-1.7334939911961555e-05,0.0,0.43443524837493896
313,0,2.890878909154708,2319,0.1625,0.5,1.0,0,19,0,0,-0.00025434885174036026,31.281574249267578,1.026005744934082,-0.00041567394509911537,0.0,0.433339923620224
314,0,3.348134778854728,2333,0.1275,0.5,1.0,0,13,0,0,-0.00039644772186875343,32.02265548706055,1.0215970277786255,0.0002850568853318691,0.0,0.44759148359298706
315,0,3.0260937428538455,2346,0.055,0.0,1.0,0,6,0,0,-0.0006187288090586662,28.551982879638672,1.028354525566101,-5.358457565307617e-05,0.0,0.4358327388763428
316,0,3.4536816314357566,2360,0.13,0.5,1.0,0,14,0,0,-0.0008435584604740143,28.18751335144043,1.029878854751587,0.0004844232462346554,0.0,0.44526436924934387
317,0,2.908535164420755,2372,0.12,0.5,1.0,0,14,0,0,-0.00016144150868058205,23.671428680419922,1.03846275806427,-0.00010326970368623734,0.0,0.41951173543930054
318,0,3.4618164000967226,2387,0.045,0.0,1.0,0,6,0,0,-0.00048732664436101913,27.62689971923828,1.0373437404632568,0.0006284147966653109,0.0,0.4297170341014862
319,0,2.9115820351180446,2399,0.025,0.0,0.5,0,1,0,0,-0.0012385169975459576,22.642841339111328,1.0443170070648193,-0.0003701245877891779,0.0,0.425193190574646
320,0,3.2515527345458395,2412,0.2,0.5,1.0,0,23,0,0,-7.112743332982063e-05,27.05968475341797,1.0437315702438354,0.00010923505760729313,0.0,0.4146725833415985
321,0,3.3564745798175863,2426,0.1625,0.5,1.0,0,17,0,0,-0.0005360771901905537,26.157176971435547,1.0472100973129272,0.0002645030617713928,0.0,0.411999374628067
322,0,2.9001562498233397,2438,0.1425,0.5,1.0,0,15,0,0,-0.00013756658881902695,20.709243774414062,1.053802728652954,-6.674090400338173e-06,0.0,0.41089051961898804
323,0,3.3009667986334534,2452,0.03,0.5,0.5,0,3,0,0,-0.0002534422092139721,23.431461334228516,1.0471073389053345,-6.389105692505836e-05,0.0,0.4143334627151489
324,0,2.730224619986984,2463,0.1175,0.5,1.0,0,12,0,0,-0.00010092556476593018,18.17452621459961,1.0433094501495361,-0.00016053998842835426,0.0,0.4202505648136139
325,0,3.0440820250041725,2476,0.035,0.0,1.0,0,4,0,0,-0.00010713026858866215,19.220827102661133,1.041642427444458,-0.0002045158762484789,0.0,0.4278729259967804
326,0,3.242705069416843,2489,0.06,0.5,1.0,0,7,0,0,-0.00038684625178575516,21.400676727294922,1.0367388725280762,0.000236262334510684,0.0,0.42075541615486145
327,0,3.0431738300758298,2502,0.0475,0.0,1.0,0,5,0,0,-0.0017918527591973543,19.60777473449707,1.0356777906417847,-0.0005862459074705839,0.0,0.4194149374961853
328,0,2.6703222471260233,2513,0.02,0.0,0.0,0,0,0,0,0.00035700853914022446,15.579266548156738,1.0364960432052612,-0.0008539436385035515,0.0,0.4130888283252716
329,0,3.0176757777699095,2525,0.0375,0.5,0.5,0,3,0,0,-0.00029388396069407463,19.562786102294922,1.0331130027770996,-2.774805761873722e-05,0.0,0.42535340785980225
330,0,2.808437493382371,2537,0.0325,0.0,1.0,0,3,0,0,-0.0010585114359855652,14.609025955200195,1.0276074409484863,8.516083471477032e-05,0.0,0.4241512417793274
331,0,3.01282227406773,2549,0.1425,0.5,1.0,0,15,0,0,-0.0012909043580293655,14.96321964263916,1.021064043045044,0.000705809099599719,0.0,0.42448481917381287
332,0,3.1114843699979247,2562,0.145,0.5,1.0,0,15,0,0,-0.00010111741721630096,15.430006980895996,1.015801191329956,0.0013399200979620218,0.0,0.423957496881485
333,0,0.7660937504115282,2565,0.4625,0.5,1.0,0,201,0,0,-0.000461062416434288,9.928125381469727,1.0653412342071533,0.0003672041930258274,0.0,0.4150320887565613
334,0,-0.004140625303989509,2565,0.5825,0.5,1.0,0,457,0,0,-0.00032251235097646713,2.3983328342437744,1.1303644180297852,-0.0002165318001061678,0.0,0.38496607542037964
335,0,0.11963867190206656,2566,0.13,0.5,1.0,0,13,0,0,-0.00023358198814094067,7.239303112030029,1.1281815767288208,0.00023117358796298504,0.0,0.3827757239341736
336,0,3.36039062276177,2580,0.0825,0.5,1.0,0,8,0,0,-0.00021107029169797897,15.608011245727539,1.0063847303390503,-0.00020011723972856998,0.0,0.4394044280052185
337,0,3.3627343685511732,2594,0.125,0.5,1.0,0,14,0,0,-0.00101410411298275,15.020166397094727,1.0037851333618164,0.0002388672437518835,0.0,0.43824678659439087
338,0,2.8016406292808824,2606,0.0275,0.0,0.5,0,2,0,0,-0.0001616976223886013,12.829598426818848,1.006900429725647,-0.0005863658152520657,0.0,0.42979228496551514
339,0,3.2194238291995134,2619,0.135,0.5,1.0,0,15,0,0,-0.0007688174955546856,15.793927192687988,1.004201889038086,0.0002891784533858299,0.0,0.4312779903411865
340,0,3.0162402220230433,2632,0.025,0.0,0.5,0,1,0,0,-0.00022307923063635826,12.894375801086426,1.0071508884429932,-0.0002992670051753521,0.0,0.43405163288116455
341,0,3.5947265581344254,2647,0.0375,0.0,1.0,0,3,0,0,-0.0004930440336465836,14.383294105529785,1.002458930015564,0.00023788237012922764,0.0,0.4408758282661438
342,0,2.748330072940007,2658,0.1575,0.5,1.0,0,18,0,0,-0.0004684692248702049,10.778037071228027,1.005307674407959,8.555874228477478e-05,0.0,0.42676830291748047
343,0,2.461152340300032,2668,0.1225,0.5,1.0,0,13,0,0,-0.0018554003909230232,9.192995071411133,1.001798391342163,0.0037592758890241385,0.0,0.41640356183052063
344,0,3.3418456865802,2682,0.0625,0.5,1.0,0,6,0,0,0.0005210055969655514,11.581751823425293,0.9840453267097473,-0.0010284725576639175,0.0,0.440805047750473
345,0,3.6964160075731343,2698,0.07,0.0,1.0,0,6,0,0,-0.0006390651687979698,13.009844779968262,0.9715411067008972,-0.001180530060082674,0.0,0.45222023129463196
346,0,1.3720214939494326,2703,0.6,0.5,1.0,0,165,0,0,-0.00043344637379050255,7.100377082824707,1.0283151865005493,0.0007462634239345789,0.0,0.4231674075126648
347,0,-0.015800781460711733,2703,0.6075,0.5,1.0,0,421,0,0,-0.0002944811712950468,1.2353706359863281,1.0696390867233276,0.0005680401809513569,0.0,0.40214887261390686
348,0,-0.014687500253785402,2703,0.63,0.5,1.0,0,677,0,0,-0.003900559153407812,0.24225707352161407,1.0970338582992554,0.00026673730462789536,0.0,0.3979259729385376
349,0,3.333906262367236,2718,0.0225,0.0,0.5,0,1,0,0,-0.0019489983096718788,12.173042297363281,0.978688657283783,0.0015987912192940712,0.0,0.45221972465515137
350,0,3.453505866771593,2732,0.1,0.5,1.0,0,11,0,0,-0.0025202352553606033,11.053318977355957,0.9682722687721252,0.004857169929891825,0.0,0.4447290897369385
351,0,3.7883007840136997,2748,0.14,0.5,1.0,0,15,0,0,-0.0022668149322271347,11.316454887390137,0.9662603139877319,0.0020997067913413048,0.0,0.4546728730201721
352,0,3.568876966048265,2763,0.0825,0.5,1.0,0,8,0,0,-0.0017885565757751465,10.429174423217773,0.9644538760185242,0.0035507925786077976,0.0,0.44115889072418213
353,0,3.5561816373374313,2778,0.0475,0.5,0.5,0,4,0,0,-0.00020291749387979507,11.408313751220703,0.9727367162704468,-0.0009691652376204729,0.0,0.4430665969848633
354,0,3.119550786093896,2791,0.145,0.5,1.0,0,15,0,0,-7.218122482299805e-05,7.312183856964111,0.9708659052848816,0.0002979694399982691,0.0,0.4418260455131531
355,0,3.2556445470036124,2805,0.06,0.0,1.0,0,5,0,0,-0.00024798884987831116,7.69277286529541,0.9645569920539856,0.000521303154528141,0.0,0.4266258776187897
356,0,3.589863296114345,2820,0.075,0.5,1.0,0,9,0,0,-0.0011189980432391167,7.8610382080078125,0.976192831993103,0.0004062042571604252,0.0,0.4318679869174957
357,0,3.3463574182023876,2834,0.15,0.5,1.0,0,16,0,0,-0.0001313243992626667,6.493578910827637,0.9668799042701721,0.0003950921818614006,0.0,0.44497379660606384
358,0,3.5253222590436053,2849,0.16,0.5,0.5,0,17,0,0,-0.0005208218935877085,8.436684608459473,0.9649674892425537,0.0006197146140038967,0.0,0.43938857316970825
359,0,3.3384765766495548,2863,0.1625,0.5,1.0,0,17,0,0,-0.0005494393408298492,8.127435684204102,0.9553908705711365,0.00033948756754398346,0.0,0.44366544485092163
360,0,3.5348339635856973,2878,0.1025,0.5,0.5,0,14,0,0,-0.0026914526242762804,6.105059623718262,0.9492830038070679,0.0007427108939737082,0.0,0.450786292552948
361,0,3.568759769281314,2893,0.0725,0.5,1.0,0,7,0,0,-0.0009840317070484161,5.981789588928223,0.9343699812889099,-0.001329187536612153,0.0,0.46264874935150146
362,0,3.2011816301892395,2907,0.0325,0.0,0.5,0,2,0,0,-0.0021234508603811264,5.232607841491699,0.9247796535491943,-0.0004771975800395012,0.0,0.45619451999664307
363,0,3.6848339552234393,2922,0.1,0.5,1.0,0,11,0,0,-0.0017612949013710022,5.0563435554504395,0.9099534749984741,0.0032453900203108788,0.0,0.46192002296447754
364,0,3.440595719272096,2937,0.04,0.0,1.0,0,3,0,0,-0.0009158323518931866,4.637557506561279,0.9079301357269287,-0.00036579323932528496,0.0,0.4529911279678345
365,0,3.014873043051921,2949,0.175,0.5,1.0,0,19,0,0,0.0002922811545431614,3.6466424465179443,0.9166784882545471,0.0014419658109545708,0.0,0.465098112821579
366,0,3.375136718415888,2963,0.125,0.5,1.0,0,13,0,0,-0.0009432509541511536,4.418131351470947,0.9204578399658203,-0.000762042123824358,0.0,0.46365952491760254
367,0,3.2628711113356985,2977,0.055,0.0,1.0,0,5,0,0,-0.002062931191176176,4.390105724334717,0.9252632856369019,-0.0020196582190692425,0.0,0.45873790979385376
368,0,3.6546777480034507,2992,0.04,0.5,1.0,0,4,0,0,-0.0026284009218215942,4.390833377838135,0.9291017651557922,0.0008079379331320524,0.0,0.4554353952407837
369,0,2.900966786470235,3004,0.1,0.5,1.0,0,11,0,0,0.0008158683776855469,3.0769591331481934,0.9307679533958435,0.0009551260154694319,0.0,0.4468657374382019
370,0,2.9247070182791504,3016,0.1075,0.5,1.0,0,11,0,0,-0.0018807081505656242,2.5510778427124023,0.9301227331161499,0.0017452000174671412,0.0,0.4515029788017273
371,0,2.8125292777440336,3028,0.0525,0.0,1.0,0,5,0,0,-0.010290643200278282,2.7369823455810547,0.9277495741844177,0.00518674124032259,0.0,0.45252737402915955
372,0,3.6641796758049168,3043,0.185,0.5,1.0,0,20,0,0,-0.005751515738666058,3.037297010421753,0.8894351124763489,0.011538557708263397,0.01171875,0.46932196617126465
373,0,3.3621581912666443,3057,0.1175,0.5,1.0,0,12,0,0,0.0008233673870563507,2.7004106044769287,0.8677849769592285,-0.00022520660422742367,0.0,0.48694220185279846
374,0,3.3295898328360636,3071,0.055,0.5,1.0,0,5,0,0,-0.0009199120104312897,3.8039815425872803,0.8479803204536438,0.0007686440367251635,0.0,0.4940160810947418
375,0,3.5606542734167306,3086,0.0625,0.5,1.0,0,8,0,0,-0.001689189113676548,2.012012481689453,0.8286877274513245,-0.00024365517310798168,0.0,0.5121189951896667
376,0,3.000263674319285,3099,0.02,0.0,0.0,0,0,0,0,0.0006001787260174751,2.355884075164795,0.8212324380874634,0.003255372168496251,0.0,0.5072568655014038
377,0,3.132734352242551,3112,0.02,0.0,0.0,0,0,0,0,-0.0006872769445180893,1.8007370233535767,0.8168585300445557,0.0011472566984593868,0.0,0.5170303583145142
378,0,2.938505849138892,3124,0.0625,0.0,1.0,0,6,0,0,-0.00045155826956033707,1.3816437721252441,0.8020601272583008,0.0010640439577400684,0.0,0.5067694783210754
379,0,2.7787792971357703,3135,0.0475,0.5,1.0,0,4,0,0,-0.000814246479421854,1.6265124082565308,0.8085957765579224,-0.00042274128645658493,0.0,0.5105127096176147
380,0,2.4560644285775197,3145,0.15,0.5,1.0,0,17,0,0,-0.0017945095896720886,0.9737163186073303,0.8052331805229187,0.0006980691105127335,0.0,0.5221014618873596
381,0,3.11107420317785,3158,0.1,0.5,1.0,0,12,0,0,-0.00493999756872654,1.1874651908874512,0.7875180840492249,0.0006707089487463236,0.0,0.5285093188285828
382,0,2.8962011855364835,3170,0.1525,0.5,1.0,0,19,0,0,-0.0013160081580281258,0.9154499173164368,0.799448549747467,0.01079774834215641,0.0,0.5120587348937988
383,0,3.571542957175552,3185,0.14,0.5,1.0,0,15,0,0,-0.002913628239184618,1.2025368213653564,0.7900058031082153,0.002113071968778968,0.0,0.5117108225822449
384,0,3.8961913892526354,3202,0.0375,0.0,1.0,0,3,0,0,-0.0047241682186722755,1.4916013479232788,0.7729479670524597,0.005659626796841621,0.0,0.5221246480941772
385,0,2.7929687514115358,3213,0.465,0.5,1.0,0,67,0,0,0.0004392550326883793,1.6378278732299805,0.7764354348182678,0.002604071516543627,0.0,0.5501322150230408
386,0,2.51024414911808,3224,0.4975,0.5,1.0,0,71,0,0,-0.0025449867825955153,13.762810707092285,0.7680768370628357,1.9770348444581032e-05,0.0,0.5432199239730835
387,0,-0.03708984417608008,3224,0.605,0.5,1.0,0,327,0,0,-0.00041342410258948803,0.8989731073379517,0.9399123787879944,-0.0006843821611255407,0.0,0.5013602375984192
388,0,-0.0060546880777110346,3224,0.7825,0.5,1.0,0,583,0,0,-0.0010613729245960712,2.641176223754883,0.8798487186431885,0.0015598407480865717,0.0,0.5076882243156433
389,0,1.9018554662143288,3233,0.0925,0.0,1.0,0,9,0,0,-0.0004197442904114723,4.467394828796387,0.8414702415466309,-0.0007675392553210258,0.0,0.5262352824211121
390,0,0.8553417996117787,3236,0.585,0.5,1.0,0,215,0,0,-0.00016633979976177216,4.906686782836914,0.8520422577857971,-0.0009740551467984915,0.0,0.5393141508102417
391,0,-0.029257812748255674,3236,0.6625,0.5,1.0,0,471,0,0,-0.0024113873951137066,0.39363595843315125,0.857038676738739,0.0025259954854846,0.0,0.5260335803031921
392,0,0.33290038891937,3238,0.0725,0.5,1.0,0,7,0,0,-0.0012165755033493042,1.8270103931427002,0.8630589246749878,0.0033270283602178097,0.0,0.5337497591972351
393,0,0.1840527325293806,3239,0.625,0.0,1.0,0,251,0,0,0.0034416939597576857,16.33197021484375,0.7785654067993164,-0.0006866052281111479,0.0,0.5843055844306946
394,0,-0.04248046921566129,3239,0.635,0.0,1.0,0,507,0,0,-3.8619618862867355e-05,0.26578718423843384,0.8094843626022339,0.0006494694389402866,0.0,0.5822041034698486
395,0,0.9540429741755361,3244,0.0375,0.0,1.0,0,3,0,0,-3.817537799477577e-05,4.1116228103637695,0.7994948625564575,-0.0017235660925507545,0.0,0.595801591873169
396,0,0.13665039158513537,3244,0.5275,0.5,1.0,0,259,0,0,-0.0009201876819133759,2.4417004585266113,0.791933000087738,0.001031125895678997,0.0,0.5936890840530396
397,0,-0.03414062553201802,3244,0.5675,0.5,1.0,0,515,0,0,-0.0048288158141076565,0.3631581664085388,0.8427552580833435,0.002535562962293625,0.0078125,0.5864407420158386
398,0,0.8257519451799453,3248,0.3425,0.5,1.0,0,33,0,0,-0.0032775532454252243,6.418534278869629,0.8186650276184082,0.00015025073662400246,0.0,0.5724585056304932
399,0,0.034199218287540134,3248,0.78,0.5,1.0,0,289,0,0,-0.0072334869764745235,0.7236195802688599,0.8558676838874817,-0.0014144296292215586,0.001953125,0.5673657059669495
400,0,-0.012695312914729584,3248,0.9125,0.5,1.0,0,545,0,0,-0.005310698412358761,0.3274872303009033,0.8621236085891724,0.00029478431679308414,0.0,0.5577266216278076
401,0,0.4059960944032355,3250,0.5375,0.5,1.0,0,90,0,0,-0.0022792411036789417,8.057486534118652,0.8646379709243774,0.005585671402513981,0.0078125,0.5470658540725708
402,0,-0.014531250486470526,3250,0.7025,0.5,1.0,0,346,0,0,0.00043767504394054413,0.2222117781639099,0.8854780793190002,0.0013173019979149103,0.0,0.5385494232177734
403,0,-0.04968750049738446,3250,0.7025,0.5,1.0,0,602,0,0,-0.004450267180800438,0.16184337437152863,0.9371809363365173,0.002044315915554762,0.0,0.5177355408668518
404,0,2.3106347609536897,3261,0.0375,0.0,1.0,0,3,0,0,-0.0020499303936958313,16.197668075561523,0.8570822477340698,0.0028673913329839706,0.0,0.5198162198066711
405,0,0.18506835854350356,3261,0.795,0.5,1.0,0,259,0,0,-0.0025855605490505695,2.966033935546875,0.8800169825553894,-0.004425267688930035,0.0,0.5161483883857727
406,0,-0.027910156666621333,3261,0.8825,0.5,1.0,0,515,0,0,-0.0047788722440600395,0.2340383678674698,0.908459484577179,0.003983592614531517,0.009765625,0.5002284049987793
407,0,1.0411621108578402,3266,0.0575,0.5,1.0,0,6,0,0,-0.00023681472521275282,6.893069744110107,0.8349458575248718,0.0038355605211108923,0.005859375,0.5459938049316406
408,0,0.9832617222127737,3270,0.5575,0.5,1.0,0,203,0,0,-0.0006360711995512247,9.143077850341797,0.8276941776275635,-0.0004851252306252718,0.0,0.5575804710388184
409,0,-0.0529492193745682,3270,0.5625,0.5,1.0,0,459,0,0,-0.0006932199466973543,0.07038167864084244,0.7987203598022461,-0.0011743190698325634,0.0,0.6043409109115601
410,0,0.22699218312482117,3272,0.0325,0.0,0.5,0,2,0,0,-4.949886351823807e-05,2.5879435539245605,0.7924651503562927,0.001146199181675911,0.0,0.5946331024169922
411,0,1.5030957025483076,3278,0.4575,0.5,1.0,0,154,0,0,-0.0021630506962537766,6.140219688415527,0.8235549926757812,-0.00046731182374060154,0.0,0.5511115789413452
412,0,0.028339842974673957,3278,0.905,0.5,1.0,0,410,0,0,-0.0002745091915130615,3.2566702365875244,0.800031304359436,-0.00014115520752966404,0.0,0.5921227335929871
413,0,-0.05359375051193638,3278,0.9325,0.5,1.0,0,666,0,0,-0.007280746009200811,0.033441219478845596,0.8250703811645508,0.0013617337681353092,0.0,0.5915647745132446
414,0,1.1308984375500586,3283,0.575,0.5,0.5,0,148,0,0,-0.009654724039137363,10.810397148132324,0.8986316919326782,0.0007387935183942318,0.1171875,0.5005736947059631
415,0,-0.057089844325673766,3283,0.575,0.5,0.5,0,404,0,0,-0.004431939218193293,0.22703352570533752,0.9474034309387207,0.012796880677342415,0.06640625,0.5099941492080688
416,0,-0.0528125004057074,3283,0.6025,0.5,0.5,0,660,0,0,-0.0017226687632501125,0.19790169596672058,0.9762884974479675,0.0009034264367073774,0.0,0.49130842089653015
417,0,2.334482436755934,3293,0.15,0.5,1.0,0,16,0,0,0.00045579811558127403,15.475871086120605,0.9329209327697754,-0.0011925110593438148,0.0,0.44346529245376587
418,0,3.130410163597844,3306,0.055,0.5,1.0,0,5,0,0,6.313621997833252e-05,7.982832908630371,0.9240469932556152,0.0011830686125904322,0.0,0.45090198516845703
419,0,2.4979980358839384,3316,0.125,0.5,1.0,0,15,0,0,-0.0005949498154222965,6.815853595733643,0.9336506128311157,0.00020593148656189442,0.0,0.44499656558036804
420,0,2.93698242697792,3328,0.1675,0.5,1.0,0,18,0,0,-0.0017720861360430717,2.6148972511291504,0.9334393739700317,0.0017137855757027864,0.0,0.4542156457901001
421,0,3.2520898354414385,3342,0.02,0.0,0.0,0,0,0,0,0.00039170822128653526,1.7081949710845947,0.928456723690033,0.0005343346856534481,0.0,0.44013047218322754
422,0,3.0317773401657178,3354,0.0475,0.5,1.0,0,5,0,0,-0.0006316695362329483,2.100372076034546,0.931601345539093,-0.0001416318118572235,0.0,0.44510993361473083
423,0,3.356816397747025,3368,0.0775,0.5,1.0,0,8,0,0,-0.0027305372059345245,1.5900063514709473,0.9148213863372803,0.0023271155077964067,0.0,0.455607146024704
424,0,2.8120410009614716,3380,0.0275,0.0,0.5,0,2,0,0,-0.0019476516172289848,1.2048797607421875,0.9014784693717957,0.004146359860897064,0.0,0.4552043378353119
425,0,2.480429693507176,3390,0.0475,0.0,0.5,0,5,0,0,0.0016064783558249474,2.3916916847229004,0.8941941857337952,0.0011279222089797258,0.0,0.4680928587913513
426,0,2.90369141746487,3402,0.02,0.0,0.0,0,0,0,0,-0.0008052338380366564,1.360769271850586,0.8891161680221558,0.0022517412435263395,0.0,0.4728084206581116
427,0,2.4068652400019346,3411,0.145,0.5,1.0,0,16,0,0,-0.005191938020288944,0.9127048850059509,0.8596778512001038,0.0007073208689689636,0.0,0.4966217279434204
428,0,1.6060741970977688,3417,0.33,0.5,1.0,0,37,0,0,-0.0016579339280724525,1.2014825344085693,0.8514202237129211,8.357479237020016e-05,0.0,0.5164265632629395
429,0,2.243496095921728,3426,0.09,0.5,1.0,0,9,0,0,-0.00037874653935432434,1.3027336597442627,0.8822660446166992,0.005204014480113983,0.140625,0.4893874526023865
430,0,2.4743945387672284,3436,0.3025,0.5,1.0,0,33,0,0,-0.0008057504892349243,0.8011350631713867,0.8931544423103333,0.002186671132221818,0.0,0.46195799112319946
431,0,2.5698339810187463,3447,0.0325,0.0,1.0,0,3,0,0,-0.022060465067625046,1.5317457914352417,0.9014042615890503,0.03219863772392273,0.529296875,0.4574923813343048
432,0,2.8147167996030475,3458,0.1925,0.5,1.0,0,21,0,0,-0.004785566590726376,0.8996118903160095,0.8750588893890381,0.02397244982421398,0.248046875,0.4622443616390228
433,0,3.5520214525604388,3473,0.1925,0.5,1.0,0,26,0,0,-0.0008665751665830612,1.7466185092926025,0.8755268454551697,0.00024096411652863026,0.0,0.5031839609146118
434,0,0.027714843257854227,3473,0.5625,0.5,1.0,0,282,0,0,-0.002601278480142355,6.249603271484375,0.8789888024330139,0.001999262487515807,0.0,0.5492493510246277
435,0,3.179033188458561,3487,0.125,0.5,1.0,0,13,0,0,0.0005392646417021751,2.4725961685180664,0.9092211723327637,0.001158582977950573,0.0,0.4979281425476074
436,0,3.7780859265149047,3503,0.1025,0.5,1.0,0,11,0,0,-0.0019283881410956383,0.95443195104599,0.916080117225647,-0.000300566665828228,0.0,0.4840102791786194
437,0,3.7811621114633454,3519,0.1175,0.5,1.0,0,12,0,0,-0.004071591421961784,1.2393430471420288,0.9366698861122131,0.004364090971648693,0.0,0.4749089181423187
438,0,3.3437109276674164,3533,0.2175,0.5,1.0,0,24,0,0,-0.0018806366715580225,0.8834670186042786,0.9469559192657471,0.0028504529036581516,0.0,0.4541519284248352
439,0,2.8829199015490303,3545,0.1325,0.5,1.0,0,15,0,0,-0.002619356382638216,1.0961178541183472,0.950839102268219,0.0012197941541671753,0.0,0.4454137980937958
440,0,2.899140633358911,3557,0.105,0.5,1.0,0,11,0,0,0.001170675503090024,0.9984023571014404,0.9598395228385925,0.0017048092558979988,0.0,0.443037211894989
441,0,2.4832031114892743,3567,0.1025,0.5,1.0,0,10,0,0,-0.004684058483690023,0.8046219348907471,0.9701418280601501,0.0002285952214151621,0.0,0.44204002618789673
442,0,2.611767582489847,3578,0.0575,0.0,1.0,0,5,0,0,-0.0008216858841478825,0.9259080290794373,0.9750654101371765,9.43988561630249e-06,0.0,0.4277539551258087
443,0,2.5876171855015855,3588,0.1,0.5,1.0,0,10,0,0,-0.004655149765312672,0.9632844924926758,0.9824861288070679,0.008504938334226608,0.0,0.4239599406719208
444,0,3.264062487607589,3602,0.0425,0.0,1.0,0,4,0,0,0.00014461344107985497,0.9084413051605225,0.9709104895591736,0.005260109435766935,0.0,0.4327552616596222
445,0,3.4616210667009,3616,0.075,0.5,1.0,0,11,0,0,0.0003852173686027527,0.9169254302978516,0.9705357551574707,-0.0015462071169167757,0.0,0.4349255859851837
446,0,3.767050774607924,3632,0.11,0.5,1.0,0,11,0,0,-0.007466067094355822,0.9369871020317078,0.9725387096405029,0.009782595559954643,0.0,0.4396633207798004
447,0,3.032109365638462,3645,0.025,0.0,0.5,0,1,0,0,-0.0073572685942053795,1.4650517702102661,0.977380096912384,0.004033507779240608,0.0078125,0.4198385775089264
448,0,2.8269335909208166,3656,0.1525,0.5,1.0,0,16,0,0,-0.010316465981304646,0.41743630170822144,0.9322271347045898,0.008587058633565903,0.0078125,0.4507845640182495
449,0,2.0396093760282383,3664,0.1775,0.5,1.0,0,18,0,0,-0.001736986916512251,0.5355857014656067,0.9275044202804565,-0.0012590608093887568,0.0,0.47614043951034546
450,0,2.605908210083726,3675,0.0375,0.0,1.0,0,3,0,0,-0.004451069049537182,0.6123594641685486,0.953112006187439,-0.0006808305624872446,0.201171875,0.44449710845947266
451,0,3.0154980403312948,3687,0.1575,0.5,1.0,0,17,0,0,-0.007702016271650791,0.32821857929229736,0.9329988956451416,0.014369798824191093,0.013671875,0.45145344734191895
452,0,2.7140429657665663,3698,0.085,0.5,1.0,0,9,0,0,0.0038274861872196198,0.6813759207725525,0.9265233874320984,0.00591695262119174,0.08203125,0.4586479961872101
453,0,2.0599414000207616,3706,0.0775,0.5,1.0,0,18,0,0,-0.0006169588305056095,0.5330101847648621,0.922074556350708,0.004222205840051174,0.0,0.4708327651023865
454,0,2.1352636627671018,3715,0.025,0.0,0.5,0,1,0,0,-0.003260786645114422,0.9796081781387329,0.9116919636726379,0.0010239139664918184,0.0,0.4775654673576355
455,0,2.0371386806073133,3723,0.0225,0.0,0.5,0,1,0,0,-0.015798786655068398,0.37205493450164795,0.8651604652404785,0.0025822932366281748,0.029296875,0.489705353975296
456,0,1.4909667870415433,3728,0.2825,0.5,1.0,0,31,0,0,0.01185905933380127,2.118147134780884,0.7517322897911072,-7.867184467613697e-05,0.15234375,0.5704724788665771
457,0,0.6796191340254154,3731,0.105,0.0,1.0,0,13,0,0,0.010300107300281525,8.867801666259766,0.7288757562637329,0.0006680861115455627,0.05859375,0.5952351689338684
458,0,0.6943261668493506,3733,0.385,0.5,1.0,0,43,0,0,0.0048573678359389305,5.041872024536133,0.6585637331008911,-0.00145101104862988,0.0,0.6503657102584839
459,0,0.5521875028753129,3735,0.385,0.5,1.0,0,80,0,0,0.0013314015232026577,6.469505786895752,0.6781336069107056,0.0006888243369758129,0.0,0.6368515491485596
460,0,0.5657617187644064,3737,0.4475,0.5,1.0,0,76,0,0,0.0005488229217007756,7.44754695892334,0.6448710560798645,-0.00029020896181464195,0.0,0.6718174815177917
461,0,0.5464355482472456,3739,0.425,0.5,1.0,0,61,0,0,-0.0008764886297285557,12.350013732910156,0.6720973253250122,-0.0002904606517404318,0.0,0.6404841542243958
462,0,0.3023437535557605,3740,0.5175,0.5,1.0,0,111,0,0,-0.0011437847279012203,4.385626792907715,0.6958825588226318,-0.0006315142381936312,0.0,0.627267062664032
463,0,0.5338281206350075,3742,0.35,0.5,1.0,0,113,0,0,-0.001528339460492134,6.460355758666992,0.669380784034729,0.00038407789543271065,0.0,0.6555134654045105
464,0,0.5592773429743829,3744,0.5425,0.5,1.0,0,90,0,0,-0.0002522035501897335,16.06279754638672,0.6722022294998169,0.0007612418849021196,0.0,0.6527383923530579
465,0,0.816171871523693,3747,0.2375,0.5,1.0,0,26,0,0,-0.0007485946989618242,15.313258171081543,0.6711266040802002,0.0002269118558615446,0.0,0.6522162556648254
466,0,0.8281250046711648,3750,0.195,0.5,1.0,0,21,0,0,-0.0007393918931484222,21.70815658569336,0.6663207411766052,-0.0003672391176223755,0.0,0.6412477493286133
467,0,0.5951855531893671,3752,0.4925,0.5,1.0,0,93,0,0,-0.0011081509292125702,9.757091522216797,0.7009968161582947,0.00014960719272494316,0.0,0.6469935178756714
468,0,0.647207020654605,3754,0.605,0.5,1.0,0,106,0,0,-0.00036747707054018974,17.99197006225586,0.703284740447998,0.00044479663483798504,0.0,0.6473116278648376
469,0,0.5716992219640815,3756,0.6125,0.5,1.0,0,136,0,0,-0.0011561955325305462,12.275768280029297,0.6801844239234924,0.0006430959329009056,0.0,0.640949547290802
470,0,0.5600390655308729,3758,0.4725,0.5,1.0,0,108,0,0,-0.002134307287633419,7.5017290115356445,0.7011521458625793,0.0008846556302160025,0.0,0.6524420976638794
471,0,0.9617675719418912,3762,0.1275,0.0,1.0,0,14,0,0,-0.0029060563538223505,16.28058624267578,0.6949459314346313,9.291432797908783e-05,0.0,0.6216812133789062
472,0,0.4274316419650859,3763,0.545,0.5,1.0,0,96,0,0,-0.0015479065477848053,6.8093438148498535,0.7312667965888977,0.0023607336916029453,0.0,0.6079276204109192
473,0,1.236455077487335,3768,0.1025,0.0,1.0,0,10,0,0,-0.0017160438001155853,15.958951950073242,0.7042187452316284,-0.0008480683900415897,0.0,0.61160808801651
474,0,1.3394531237827323,3773,0.0225,0.0,0.5,0,1,0,0,-0.0009495392441749573,10.914302825927734,0.739168643951416,-0.0005956070963293314,0.0,0.5752851963043213
475,0,0.9980957093212055,3776,0.3675,0.5,1.0,0,43,0,0,-0.0010363594628870487,3.429640769958496,0.7437231540679932,0.0003675585612654686,0.0,0.6117568612098694
476,0,1.287382816473837,3781,0.115,0.5,1.0,0,13,0,0,-0.003699884284287691,4.29982852935791,0.7645918726921082,0.000923544866964221,0.0,0.5849230885505676
477,0,1.1249414020530821,3785,0.425,0.5,1.0,0,83,0,0,-0.005968595389276743,4.521542072296143,0.7808910012245178,0.0028530259151011705,0.0,0.5749858021736145
478,0,1.6724218720664794,3792,0.02,0.0,0.0,0,0,0,0,-0.006647876463830471,1.8626384735107422,0.7970418930053711,0.00046050758101046085,0.0,0.5444244742393494
479,0,1.6130859484546818,3798,0.055,0.0,1.0,0,5,0,0,-0.012736395001411438,1.4864875078201294,0.8169434666633606,0.005603304132819176,0.0,0.5284699201583862
480,0,2.605322273870115,3808,0.2325,0.5,1.0,0,24,0,0,-0.011871247552335262,0.8232977390289307,0.811446487903595,0.00045507936738431454,0.0,0.5077464580535889
481,0,2.2734570296961465,3817,0.2975,0.5,1.0,0,33,0,0,-0.005160975269973278,0.922942042350769,0.8458617925643921,0.014029810205101967,0.0,0.48956045508384705
482,0,2.9143457017926266,3829,0.2125,0.5,1.0,0,23,0,0,0.002584893722087145,1.378536581993103,0.8221901059150696,0.010381212458014488,0.0,0.48411187529563904
483,0,3.3774902355798986,3843,0.09,0.5,1.0,0,9,0,0,-0.00010603852570056915,0.6883941888809204,0.818743109703064,0.0006813192740082741,0.0,0.5007078647613525
484,0,3.3644433870213106,3857,0.15,0.5,1.0,0,16,0,0,-0.0007836814038455486,0.6598522067070007,0.8129451274871826,0.0023229781072586775,0.0,0.49848249554634094
485,0,3.4696679685657728,3872,0.025,0.0,0.5,0,1,0,0,-0.006027245428413153,0.4419448971748352,0.8303883671760559,0.00796217005699873,0.0,0.4981881380081177
486,0,3.149804687429423,3885,0.0375,0.0,0.5,0,3,0,0,-0.014589069411158562,0.30258482694625854,0.8378807306289673,0.006123785395175219,0.01171875,0.4912129044532776
487,0,2.615781250933651,3895,0.1225,0.5,1.0,0,13,0,0,0.0060625202022492886,0.29598110914230347,0.8032932877540588,0.001179937506094575,0.0,0.5205156207084656
488,0,1.8317382706445642,3902,0.27,0.5,1.0,0,31,0,0,-0.006824997253715992,0.4211960434913635,0.8008012771606445,-0.0008108068723231554,0.0,0.5291619896888733
489,0,1.3479101602351875,3907,0.3475,0.5,1.0,0,45,0,0,-0.006022859364748001,0.7335050702095032,0.7856189608573914,0.0009911805391311646,0.0234375,0.5512824654579163
490,0,1.354843749824795,3912,0.3775,0.5,1.0,0,50,0,0,-0.0044485037215054035,1.0641924142837524,0.761036217212677,0.004492053762078285,0.021484375,0.5635576844215393
491,0,1.918066407994047,3920,0.02,0.0,0.0,0,0,0,0,-0.00015214644372463226,0.6284498572349548,0.7586026191711426,0.001973489997908473,0.0234375,0.5802491903305054
492,0,1.7312988218618557,3926,0.3225,0.5,1.0,0,36,0,0,-0.0025763660669326782,0.6062757968902588,0.7901593446731567,-0.0009693170432001352,0.0,0.557996928691864
493,0,1.4628906333127816,3932,0.0375,0.0,1.0,0,3,0,0,-0.002229083329439163,0.8441417813301086,0.8218594789505005,0.007677335292100906,0.013671875,0.5352368354797363
494,0,1.8377246154268505,3939,0.0625,0.0,1.0,0,6,0,0,-0.012498535215854645,0.5338196158409119,0.8824557065963745,0.016183974221348763,0.19140625,0.483641654253006
495,0,2.1511328096530633,3947,0.32,0.5,1.0,0,36,0,0,-0.00835790578275919,0.5860717296600342,0.8958686590194702,0.020662516355514526,0.16015625,0.46409332752227783
496,0,3.049775386483816,3960,0.0375,0.0,0.5,0,3,0,0,0.00019461801275610924,0.3999074101448059,0.875270664691925,0.007243093103170395,0.0,0.4779297113418579
497,0,3.4851562597905286,3974,0.125,0.5,1.0,0,13,0,0,-0.005120373331010342,0.30056411027908325,0.8513398170471191,0.0008817750494927168,0.0,0.4955776631832123
498,0,3.5905761675312533,3989,0.085,0.5,1.0,0,9,0,0,-0.011118680238723755,0.25692251324653625,0.8522682189941406,0.005453821737319231,0.23046875,0.4950275421142578
499,0,2.7119628947366436,4000,0.1225,0.5,1.0,0,13,0,0,-0.001888774917460978,0.2639797627925873,0.8396856784820557,0.008917666040360928,0.212890625,0.4931710362434387
500,0,2.069033210944326,4008,0.335,0.5,1.0,0,36,0,0,-0.006422046571969986,0.2052808254957199,0.8492385745048523,9.189057163894176e-05,0.0,0.5216206908226013
501,0,1.7309960976563161,4015,0.05,0.0,1.0,0,4,0,0,-0.0013857607264071703,0.6162208318710327,0.8288850784301758,0.002075859112665057,0.0,0.5346612930297852
502,0,1.9267871103293146,4022,0.0775,0.5,1.0,0,8,0,0,-0.00020026322454214096,0.670804500579834,0.8353080749511719,0.001999893458560109,0.0,0.5257848501205444
503,0,1.5681738218772807,4028,0.125,0.5,0.5,0,14,0,0,-0.0055363778956234455,1.1953035593032837,0.839584469795227,0.0012269746512174606,0.0,0.5395543575286865
504,0,1.6113281199795892,4034,0.35,0.5,1.0,0,39,0,0,-0.007980851456522942,0.5050299167633057,0.853132426738739,0.01749049685895443,0.177734375,0.5234812498092651
505,0,2.258378909507883,4043,0.2075,0.5,1.0,0,22,0,0,0.006074810400605202,0.9369965195655823,0.8495399355888367,0.002245199866592884,0.0,0.5152016878128052
506,0,2.4400488278733974,4053,0.1225,0.5,0.5,0,13,0,0,-0.0036536206025630236,0.7558887600898743,0.8526595234870911,-0.0006559286266565323,0.0,0.5129655599594116
507,0,2.507216779573355,4063,0.125,0.5,1.0,0,13,0,0,-0.004280583467334509,0.40766987204551697,0.8396406173706055,-0.0005710138939321041,0.0,0.5107409954071045
508,0,2.551367175539781,4074,0.02,0.0,0.0,0,0,0,0,-0.004867290612310171,1.2569118738174438,0.8257450461387634,0.005133035592734814,0.0,0.4988161623477936
509,0,2.841708985157311,4085,0.105,0.5,1.0,0,11,0,0,-0.007034453563392162,0.3166133165359497,0.7970941066741943,0.003206129651516676,0.037109375,0.5123016834259033
510,0,2.712724613273167,4096,0.1125,0.5,1.0,0,11,0,0,-0.0029150904156267643,0.3597940504550934,0.7913544774055481,0.01531924121081829,0.126953125,0.5220386385917664
511,0,2.2796874988562195,4105,0.3175,0.5,1.0,0,35,0,0,-0.0029626423493027687,0.5230464935302734,0.8126022219657898,0.007073411252349615,0.04296875,0.5172902941703796
512,0,3.1440625089126115,4118,0.05,0.5,1.0,0,5,0,0,-0.003310867352411151,0.38904425501823425,0.8044050335884094,-0.0015759558882564306,0.0,0.5230005383491516
513,0,2.9374609236547258,4130,0.1675,0.5,1.0,0,17,0,0,-0.003004046157002449,0.1656666398048401,0.7918592691421509,0.0010195092763751745,0.0078125,0.5322510004043579
514,0,3.055800773552619,4143,0.0575,0.0,1.0,0,5,0,0,-0.012214796617627144,0.34433263540267944,0.7936133742332458,0.0129476860165596,0.193359375,0.5269814729690552
515,0,2.1668652407242917,4151,0.365,0.5,1.0,0,40,0,0,-0.0027849655598402023,0.30008113384246826,0.7972629070281982,0.006335888989269733,0.142578125,0.5563262104988098
516,0,1.613613278423145,4157,0.3525,0.5,1.0,0,38,0,0,-0.005462281405925751,0.36264753341674805,0.7869812846183777,0.015028159134089947,0.16796875,0.5507212281227112
517,0,1.9434082130901515,4165,0.02,0.0,0.0,0,0,0,0,-0.00793940294533968,0.3814133405685425,0.7647719383239746,0.008187229745090008,0.029296875,0.5643920302391052
518,0,2.1935839869547635,4173,0.2075,0.5,1.0,0,21,0,0,-0.0003449302166700363,0.35367855429649353,0.7646159529685974,0.008388862945139408,0.00390625,0.5573500394821167
519,0,2.8170605498744408,4185,0.02,0.0,0.0,0,0,0,0,0.0015090787783265114,0.3449450731277466,0.7599548101425171,-0.0007371553219854832,0.0,0.5464088320732117
520,0,2.9539062390103936,4197,0.0225,0.0,0.5,0,1,0,0,-0.003161367494612932,0.29233238101005554,0.7238368391990662,0.005042402073740959,0.0,0.5526961088180542
521,0,2.724521491676569,4208,0.025,0.0,0.5,0,1,0,0,-0.012678021565079689,0.16163569688796997,0.6917849779129028,0.009875727817416191,0.052734375,0.5668925046920776
522,0,2.1727148347272305,4216,0.17,0.5,1.0,0,18,0,0,-0.0036775495391339064,0.3152249753475189,0.6808723211288452,0.006135887000709772,0.126953125,0.589211642742157
523,0,1.614394536758482,4222,0.16,0.5,1.0,0,17,0,0,-0.011921899393200874,0.40842074155807495,0.7593929171562195,0.009058580733835697,0.115234375,0.5916134119033813
524,0,2.0615527435547847,4230,0.18,0.5,1.0,0,20,0,0,0.00010176468640565872,0.19962942600250244,0.7814701795578003,0.0011518672108650208,0.013671875,0.5524207353591919
525,0,2.7215820384662948,4241,0.07,0.5,1.0,0,7,0,0,-0.00986962579190731,0.22313113510608673,0.7419517040252686,0.009488886222243309,0.0078125,0.565670371055603
526,0,1.384003901090182,4246,0.2375,0.5,1.0,0,26,0,0,0.005079083610326052,0.6146491765975952,0.7928887605667114,5.319691263139248e-05,0.015625,0.5727460980415344
527,0,1.6010449053355842,4252,0.05,0.5,1.0,0,4,0,0,-0.007627539802342653,0.391968309879303,0.8564879894256592,0.01248712558299303,0.140625,0.5571900606155396
528,0,2.160263667436084,4261,0.025,0.0,0.5,0,1,0,0,-0.003790651448071003,0.4799935221672058,0.8631473779678345,0.005135039798915386,0.134765625,0.5033911466598511
529,0,2.6076953228948696,4271,0.14,0.5,1.0,0,15,0,0,-0.011243121698498726,0.18042808771133423,0.8268058896064758,0.009741125628352165,0.1015625,0.5308449864387512
530,0,2.0564941322954837,4279,0.1775,0.5,1.0,0,19,0,0,-0.004544652532786131,0.40790653228759766,0.7942935228347778,0.0059533994644880295,0.16015625,0.5628185272216797
531,0,1.699472648302617,4286,0.02,0.0,0.0,0,0,0,0,-0.005983604583889246,0.5779216289520264,0.7775490880012512,-0.001183039741590619,0.021484375,0.5777859687805176
532,0,1.7255273461487377,4292,0.24,0.5,1.0,0,26,0,0,-0.012303068302571774,0.9077699184417725,0.796705424785614,0.012099857442080975,0.15625,0.565363883972168
533,0,2.287089849007316,4301,0.105,0.5,1.0,0,11,0,0,-0.0038098953664302826,0.42607301473617554,0.8181266188621521,0.002236942993476987,0.029296875,0.5264098048210144
534,0,2.7217480534964125,4312,0.065,0.5,1.0,0,6,0,0,0.0005379165522754192,0.3058832287788391,0.8375865817070007,-0.001163689186796546,0.0,0.5087636113166809
535,0,3.2608105485487613,4326,0.02,0.0,0.0,0,0,0,0,-0.0004334719851613045,0.22840040922164917,0.8332250118255615,0.0004057504702359438,0.0,0.532349705696106
536,0,3.0673828216968104,4338,0.1025,0.5,1.0,0,10,0,0,-0.019276972860097885,0.22266872227191925,0.8043848276138306,0.012308597564697266,0.2109375,0.5255239605903625
537,0,1.8362206918718584,4345,0.2125,0.5,1.0,0,23,0,0,-0.005213172174990177,0.27644839882850647,0.8294054269790649,0.01988869160413742,0.177734375,0.5472433567047119
538,0,1.840166013869748,4352,0.1725,0.5,1.0,0,18,0,0,-0.008211259730160236,0.5613257884979248,0.8878879547119141,0.00972418487071991,0.044921875,0.5235012769699097
539,0,2.2862500001829176,4361,0.2,0.5,1.0,0,21,0,0,0.0013684816658496857,0.18292304873466492,0.8660610914230347,0.006024626083672047,0.0,0.5180410742759705
540,0,2.7252343733962334,4372,0.07,0.5,1.0,0,7,0,0,-0.0007079718634486198,0.2179337590932846,0.8820794820785522,-0.001002299366518855,0.0,0.523235023021698
541,0,2.3986620892828796,4382,0.025,0.0,0.5,0,1,0,0,-0.005547491833567619,0.21090446412563324,0.8527348637580872,0.003252051305025816,0.001953125,0.5321139693260193
542,0,1.9572949100002006,4389,0.12,0.5,1.0,0,12,0,0,-0.0064375754445791245,0.28115129470825195,0.8121808767318726,-0.0031901856418699026,0.01953125,0.5617948770523071
543,0,2.2946191466508026,4398,0.1475,0.5,1.0,0,15,0,0,-0.004675912205129862,0.15041236579418182,0.7757212519645691,0.007810271345078945,0.021484375,0.5609434843063354
544,0,1.8388281161933264,4405,0.2475,0.5,1.0,0,27,0,0,-0.001306662568822503,0.4203205108642578,0.7204931974411011,0.0056504299864172935,0.0546875,0.5965678691864014
545,0,1.5980078163956932,4411,0.1775,0.5,1.0,0,19,0,0,0.0013368255458772182,0.44268596172332764,0.7240954637527466,-0.0008357632905244827,0.001953125,0.6066834926605225
546,0,1.084902340793633,4415,0.4575,0.5,1.0,0,86,0,0,-0.0017891991883516312,2.5135722160339355,0.7241696715354919,0.0005773436278104782,0.0,0.6077843308448792
547,0,1.5848632907727733,4421,0.1875,0.5,1.0,0,20,0,0,-0.010377009399235249,1.3820997476577759,0.762761116027832,0.0023577609099447727,0.0,0.5868293046951294
548,0,1.6133300794608658,4427,0.2375,0.5,1.0,0,26,0,0,-0.005409372039139271,1.0650218725204468,0.8057581186294556,0.005314211826771498,0.0,0.5515212416648865
549,0,2.070927733740973,4435,0.3775,0.5,1.0,0,42,0,0,-0.007265935651957989,0.7117405533790588,0.8184376955032349,0.005903742276132107,0.0,0.5424585342407227
550,0,2.7280078032054007,4446,0.08,0.5,1.0,0,8,0,0,0.0021778885275125504,0.2447989583015442,0.8187810182571411,-0.0006283516995608807,0.0,0.5267308950424194
551,0,2.943417966889683,4458,0.285,0.5,1.0,0,31,0,0,-0.0025733448565006256,0.3283192813396454,0.8159967660903931,0.0014938735403120518,0.0,0.5366488695144653
552,0,2.724072269105818,4469,0.065,0.5,1.0,0,6,0,0,-0.0082094119861722,0.28341203927993774,0.8250491619110107,0.0025848897639662027,0.076171875,0.5302678942680359
553,0,2.3937304578430485,4479,0.07,0.0,1.0,0,7,0,0,-0.006437786854803562,0.3529571294784546,0.8453260660171509,0.007973162457346916,0.126953125,0.5219857692718506
554,0,2.609892580396263,4489,0.21,0.5,1.0,0,22,0,0,-0.0011759265325963497,0.22833280265331268,0.8764592409133911,0.0018188909161835909,0.0,0.5125744342803955
555,0,2.614091787923826,4500,0.025,0.0,0.5,0,1,0,0,-0.004711654037237167,0.18669317662715912,0.8873112797737122,0.0021185290534049273,0.001953125,0.4913803040981293
556,0,2.724511695363617,4511,0.05,0.0,1.0,0,4,0,0,-0.0005927877500653267,0.24091589450836182,0.9075247645378113,0.0029523163102567196,0.0,0.5028552412986755
557,0,1.8985351520241238,4519,0.135,0.5,1.0,0,14,0,0,-0.007194013334810734,45.3521728515625,0.922061562538147,0.0028446398209780455,0.021484375,0.486022412776947
558,0,1.56960937124677,4525,0.3075,0.5,1.0,0,37,0,0,0.00028251856565475464,1.1876987218856812,0.9245438575744629,0.002141437027603388,0.0,0.4838532507419586
559,0,2.0243652253848268,4533,0.1225,0.5,1.0,0,12,0,0,-0.003527767024934292,0.999455988407135,0.9147244691848755,0.0004837550222873688,0.0,0.5043860077857971
560,0,1.577246082626516,4539,0.1825,0.5,1.0,0,20,0,0,-0.004804408643394709,1.1955546140670776,0.9287388324737549,0.001820688834413886,0.0,0.4991386830806732
561,0,2.290253899700474,4548,0.21,0.5,1.0,0,22,0,0,-0.0037482548505067825,0.4118614196777344,0.9459947943687439,0.009137017652392387,0.017578125,0.47891566157341003
562,0,2.1589453027445416,4557,0.07,0.0,1.0,0,7,0,0,-0.017265429720282555,0.8318395614624023,0.9091769456863403,0.018298422917723656,0.169921875,0.47202301025390625
563,0,3.2442871149651182,4570,0.1525,0.5,1.0,0,16,0,0,0.007100838236510754,0.42886263132095337,0.9084106087684631,0.003135181264951825,0.0,0.4821191430091858
564,0,3.4863964819051034,4585,0.0475,0.0,0.5,0,4,0,0,-0.01022232137620449,0.24216315150260925,0.923880934715271,-0.0006845046300441027,0.0,0.4887946844100952
565,0,2.8400097663106862,4596,0.195,0.5,1.0,0,21,0,0,-0.01302960142493248,0.23591536283493042,0.9341837167739868,0.0017810207791626453,0.0,0.4682476818561554
566,0,2.4962500071997056,4606,0.2525,0.5,1.0,0,27,0,0,-0.00294913025572896,0.27235740423202515,0.9035201668739319,0.0036529535427689552,0.0,0.4795783460140228
567,0,2.3795117223817215,4616,0.02,0.0,0.0,0,0,0,0,-0.005789699032902718,0.19450442492961884,0.8784257769584656,0.004288500174880028,0.0703125,0.504040002822876
568,0,2.1773632864096726,4624,0.27,0.5,1.0,0,32,0,0,-0.005598185583949089,0.2067248821258545,0.8654389381408691,0.006090027280151844,0.10546875,0.4990499019622803
569,0,2.5039843659615144,4634,0.1475,0.5,1.0,0,16,0,0,-0.0035095573402941227,0.23148061335086823,0.8803607821464539,0.0009103287011384964,0.0,0.48425593972206116
570,0,3.165126981224603,4647,0.1125,0.5,1.0,0,11,0,0,-0.012584760785102844,0.1496001034975052,0.8845812678337097,0.006413893308490515,0.03515625,0.48583847284317017
571,0,2.2899414125058684,4656,0.2175,0.5,1.0,0,23,0,0,0.00046727294102311134,0.1194484680891037,0.8480471968650818,0.014168275520205498,0.3515625,0.48932284116744995
572,0,1.7043554683041293,4663,0.0275,0.0,0.5,0,2,0,0,0.0019630189053714275,0.5361096858978271,0.8003049492835999,0.00039019202813506126,0.0,0.5577225089073181
573,0,1.9665722573154198,4670,0.1875,0.5,1.0,0,20,0,0,-0.003398674540221691,0.2316419780254364,0.8197712302207947,0.00027080276049673557,0.0,0.5325784087181091
574,0,1.8377343544561882,4677,0.1025,0.5,1.0,0,10,0,0,-0.011442162096500397,0.21474844217300415,0.8348226547241211,0.007514031603932381,0.06640625,0.5387636423110962
575,0,1.8306640628507012,4684,0.0475,0.5,0.5,0,4,0,0,-0.004880216903984547,0.19230179488658905,0.8534179329872131,0.007998905144631863,0.16015625,0.5124061107635498
576,0,2.521894524950767,4694,0.125,0.5,1.0,0,13,0,0,-0.013185087591409683,0.1463218778371811,0.8657500147819519,0.0033382887486368418,0.0546875,0.4994882345199585
577,0,2.0685644304030575,4702,0.055,0.5,1.0,0,5,0,0,-0.0029176874086260796,0.15159551799297333,0.7694964408874512,0.006556439213454723,0.1171875,0.5412953495979309
578,0,1.4866894685801526,4708,0.025,0.0,0.5,0,1,0,0,0.004777212627232075,0.7493363618850708,0.7189405560493469,0.002435636706650257,0.0,0.5943964123725891
579,0,1.0655566446548619,4712,0.02,0.0,0.0,0,0,0,0,0.00261620432138443,3.184208393096924,0.6225278377532959,0.000274251913651824,0.0,0.6533036231994629
580,0,0.9878417954860197,4715,0.3925,0.5,1.0,0,56,0,0,0.0005501378327608109,1.8280692100524902,0.6005406379699707,-0.0001414441503584385,0.0,0.681603729724884
581,0,1.2268261759272718,4720,0.215,0.0,1.0,0,23,0,0,7.635168731212616e-05,2.093717098236084,0.6235897541046143,0.0006265891715884209,0.0,0.639702558517456
582,0,1.1666894565387338,4724,0.165,0.5,1.0,0,17,0,0,-0.002811337821185589,3.5177552700042725,0.6175302267074585,0.000257652485743165,0.0,0.6668171882629395
583,0,0.8308593659894541,4727,0.3725,0.5,1.0,0,41,0,0,-0.004641180858016014,5.649002552032471,0.6190970540046692,0.0027202144265174866,0.0,0.6823675632476807
584,0,0.805136729242804,4730,0.4325,0.5,1.0,0,100,0,0,-0.0032599521800875664,5.841949939727783,0.6149584054946899,0.002938284771516919,0.0,0.6745696663856506
585,0,1.1582519529292767,4735,0.02,0.0,0.0,0,0,0,0,-0.0038042855449020863,7.654314994812012,0.6623162627220154,0.0022674414794892073,0.0,0.6354748606681824
586,0,1.710048827007995,4741,0.205,0.5,1.0,0,22,0,0,-0.0028537726029753685,6.504374980926514,0.7494895458221436,7.070065476000309e-05,0.0,0.5689420104026794
587,0,2.0585937558789738,4749,0.1625,0.5,1.0,0,17,0,0,-0.0021773409098386765,4.091280460357666,0.7809118032455444,-0.0010106975678354502,0.0,0.5548378229141235
588,0,1.3841406203791848,4754,0.375,0.5,1.0,0,42,0,0,-0.003215090837329626,2.253722667694092,0.763465404510498,0.00113489362411201,0.0,0.5613858699798584
589,0,1.717255866369669,4761,0.0475,0.0,1.0,0,4,0,0,-0.0029527517035603523,1.0007113218307495,0.7745139598846436,0.0017584983725100756,0.0,0.5639657378196716
590,0,1.938789054427616,4768,0.0975,0.5,1.0,0,10,0,0,-0.00848168320953846,0.5834693908691406,0.8136120438575745,0.001161349005997181,0.0,0.5389162302017212
591,0,1.8468261726557103,4775,0.2525,0.5,1.0,0,27,0,0,-0.007510752882808447,0.24012212455272675,0.8492333889007568,0.013514263555407524,0.125,0.4962887167930603
592,0,2.7284570304327644,4786,0.065,0.5,1.0,0,6,0,0,0.003856646129861474,0.2567959725856781,0.8704341053962708,0.003190941410139203,0.0,0.4745360016822815
593,0,2.8501855377217,4798,0.0925,0.0,1.0,0,9,0,0,0.0009791618213057518,0.35469627380371094,0.8797498941421509,-0.00039732176810503006,0.0,0.47462454438209534
594,0,2.945527334784856,4810,0.065,0.0,1.0,0,6,0,0,-0.0011073143687099218,0.29087722301483154,0.8640549778938293,-0.0005141485016793013,0.0,0.46949502825737
595,0,2.8241796798756695,4821,0.0725,0.5,1.0,0,7,0,0,-0.0007458690088242292,0.11409875005483627,0.8680607676506042,0.002916625700891018,0.0,0.47555527091026306
596,0,2.727402340155095,4832,0.1175,0.5,1.0,0,12,0,0,-0.015917126089334488,0.10228277742862701,0.8488736748695374,0.004562782123684883,0.0,0.4919734001159668
597,0,2.508779294345004,4842,0.0725,0.5,1.0,0,7,0,0,-0.01379429828375578,0.1538389027118683,0.7413126826286316,0.022148942574858665,0.3046875,0.5443279147148132
598,0,1.8564453098224476,4849,0.13,0.5,1.0,0,13,0,0,-0.0001669442281126976,0.1297820508480072,0.6674845218658447,0.011809789575636387,0.119140625,0.604867696762085
599,0,1.093623032909818,4853,0.3075,0.5,1.0,0,33,0,0,0.00034108152613043785,3.6643619537353516,0.5647650957107544,-0.0002785986289381981,0.0,0.6920083165168762
600,0,0.7903222699424077,4856,0.2575,0.5,1.0,0,27,0,0,0.0024490971118211746,8.337214469909668,0.5167675018310547,-0.0018410510383546352,0.0,0.7241401672363281
601,0,1.0518457121070242,4860,0.14,0.5,1.0,0,14,0,0,-0.00021617603488266468,4.11207914352417,0.5576688051223755,0.001448561204597354,0.0,0.6802332997322083
602,0,1.0735449217354471,4864,0.18,0.5,1.0,0,19,0,0,0.0006121458718553185,3.045079231262207,0.5245279669761658,0.0007074321620166302,0.0,0.7138410806655884
603,0,1.0835351538589748,4868,0.355,0.5,1.0,0,59,0,0,-0.0011847374262288213,1.9560166597366333,0.5226074457168579,-0.0004639595281332731,0.0,0.7058373689651489
604,0,1.190859376503795,4873,0.1275,0.0,1.0,0,13,0,0,-0.0014099106192588806,2.099045515060425,0.5284245610237122,-0.0014921929687261581,0.0,0.6945013999938965
605,0,0.9233105459497892,4876,0.225,0.5,1.0,0,32,0,0,-0.000876319594681263,3.514392852783203,0.5322874188423157,0.0010245535522699356,0.0,0.7119735479354858
606,0,1.2833007757508312,4881,0.14,0.5,1.0,0,15,0,0,-0.00574860256165266,3.99944806098938,0.5623635649681091,-0.0003369925543665886,0.0,0.6933416128158569
607,0,1.1912695252794947,4886,0.065,0.0,1.0,0,6,0,0,-0.003119006287306547,4.896742343902588,0.5940106511116028,0.003010093467310071,0.0,0.695061206817627
608,0,1.4316210798824613,4891,0.2325,0.5,1.0,0,25,0,0,-0.005986773408949375,4.721984386444092,0.6386142373085022,0.0016781981103122234,0.0,0.6306606531143188
609,0,1.5769628941452538,4897,0.29,0.5,1.0,0,31,0,0,-0.004758535418659449,2.280578136444092,0.6582913398742676,0.0022942638024687767,0.0,0.6293101906776428
610,0,1.835888669367705,4904,0.3475,0.5,1.0,0,38,0,0,-0.0028376723639667034,1.5268105268478394,0.6917288303375244,0.0032382155768573284,0.0,0.6119276285171509
611,0,2.2764355349136167,4913,0.1325,0.5,1.0,0,14,0,0,-0.003933485597372055,1.5796077251434326,0.701003909111023,0.0014917156659066677,0.0,0.605670690536499
612,0,2.513349583459785,4923,0.1075,0.5,1.0,0,11,0,0,-0.0008417479693889618,0.34732890129089355,0.7070958614349365,-0.002281609922647476,0.0,0.5817798376083374
613,0,2.50558593338792,4933,0.155,0.5,1.0,0,16,0,0,-0.0004601776599884033,0.3141024112701416,0.7288387417793274,-0.0015390613116323948,0.0,0.5582814812660217
614,0,2.239687503410096,4942,0.1325,0.5,1.0,0,14,0,0,-0.0003133700229227543,1.5180683135986328,0.7180540561676025,0.00013449648395180702,0.0,0.5948972105979919
615,0,2.5116992055263836,4952,0.115,0.5,1.0,0,12,0,0,-0.0007312744855880737,0.21243976056575775,0.7274660468101501,0.00015766359865665436,0.0,0.5809933543205261
616,0,2.291113276456599,4961,0.12,0.5,1.0,0,12,0,0,-0.0011255154386162758,0.19100606441497803,0.7250767350196838,0.00210156524553895,0.0,0.575886070728302
617,0,2.7320703172008507,4972,0.1575,0.5,1.0,0,17,0,0,-0.0028847146313637495,0.2311609834432602,0.7183328866958618,0.0004786555655300617,0.0,0.5753983855247498
618,0,2.1802441342370003,4981,0.0425,0.0,1.0,0,3,0,0,-0.005636327434331179,0.3039465546607971,0.6783249974250793,-0.00029463646933436394,0.0,0.6138181686401367
619,0,1.9092285106489726,4988,0.05,0.5,1.0,0,4,0,0,0.0016317034605890512,0.7957774996757507,0.6432735323905945,0.00332838436588645,0.0,0.6248598694801331
620,0,1.3638476466949214,4993,0.3225,0.5,1.0,0,50,0,0,-0.006320624612271786,0.7681148052215576,0.6355643272399902,0.005868829321116209,0.017578125,0.6569055318832397
621,0,2.280410141655011,5002,0.2025,0.5,1.0,0,21,0,0,-0.00035141129046678543,0.6009615659713745,0.6822522878646851,-0.000999916810542345,0.005859375,0.6221106052398682
622,0,2.196240237382881,5011,0.07,0.0,1.0,0,8,0,0,-0.0010655121877789497,0.5359487533569336,0.6789505481719971,0.002863096073269844,0.0,0.6287552714347839
623,0,2.5080370963114547,5021,0.05,0.0,1.0,0,4,0,0,-5.138479173183441e-05,0.14784112572669983,0.6967180967330933,0.002081620041280985,0.0,0.5889759659767151
624,0,2.6094238350560772,5031,0.0875,0.5,1.0,0,9,0,0,-0.005565669387578964,0.19661390781402588,0.713300883769989,0.007032627705484629,0.0,0.5876522660255432
625,0,3.058759751787875,5044,0.025,0.0,0.5,0,1,0,0,-0.00046025216579437256,0.15427328646183014,0.7360100746154785,0.0013126051053404808,0.0,0.582685112953186
626,0,3.488105459313374,5058,0.055,0.5,1.0,0,5,0,0,-0.000327039510011673,0.2271009385585785,0.7359427213668823,-0.0002485816366970539,0.0,0.5686041116714478
627,0,3.8087792825244833,5074,0.07,0.5,1.0,0,7,0,0,-0.014440027065575123,0.1994960457086563,0.7528924345970154,0.017459888011217117,0.0,0.5428897738456726
628,0,2.729912097849592,5085,0.08,0.5,1.0,0,8,0,0,-0.009403053671121597,0.15699000656604767,0.7245632410049438,0.007242985535413027,0.20703125,0.5796859264373779
629,0,2.291298811596789,5094,0.08,0.5,1.0,0,8,0,0,0.003035114612430334,0.1380605548620224,0.6765770316123962,0.002438122173771262,0.0,0.6199752688407898
630,0,2.0662792934745084,5102,0.205,0.5,1.0,0,21,0,0,-0.0029240124858915806,0.29298505187034607,0.676298201084137,0.0014859314542263746,0.0,0.6171004772186279
631,0,2.1903515454723674,5111,0.0475,0.0,1.0,0,4,0,0,-0.004787062294781208,0.15899427235126495,0.678422749042511,0.003901862073689699,0.134765625,0.6336725354194641
632,0,2.6066992081177887,5121,0.0375,0.5,1.0,0,3,0,0,-0.001208350993692875,0.15932896733283997,0.7083266377449036,0.0011685253120958805,0.0,0.588263750076294
633,0,2.5087109301202872,5131,0.0875,0.5,1.0,0,9,0,0,-0.0030446192249655724,0.18221621215343475,0.6793418526649475,0.0012511308304965496,0.001953125,0.6117119789123535
634,0,2.0690624944036244,5139,0.305,0.5,1.0,0,33,0,0,-0.00040885130874812603,0.21184684336185455,0.6720792651176453,0.003114879596978426,0.0,0.6158563494682312
635,0,2.19691405458434,5148,0.0625,0.0,1.0,0,6,0,0,-0.0003260131925344467,0.13778667151927948,0.6477890610694885,0.00226029334589839,0.0,0.6366382241249084
636,0,1.9401074029847223,5155,0.1625,0.5,1.0,0,19,0,0,-0.0037984605878591537,0.25398099422454834,0.6307719349861145,0.0030333881732076406,0.0,0.6308717727661133
637,0,2.0477929466469504,5163,0.2025,0.5,1.0,0,21,0,0,-0.00048776750918477774,0.747979998588562,0.5942031741142273,0.0025189814623445272,0.0,0.662994384765625
638,0,1.3559277361127897,5168,0.2875,0.5,1.0,0,31,0,0,0.00036515831016004086,1.217028021812439,0.590249240398407,-0.0014495973009616137,0.0,0.6957868337631226
639,0,1.4572656193158764,5174,0.0825,0.0,1.0,0,8,0,0,-0.0005137447733432055,1.475762128829956,0.57861328125,0.00016244594007730484,0.0,0.6765016317367554
640,0,1.8379492167186982,5181,0.0475,0.0,1.0,0,4,0,0,-0.0021732787135988474,0.7436037063598633,0.6043117046356201,-0.0004887403920292854,0.0,0.6850663423538208
641,0,1.718261717196583,5187,0.315,0.5,1.0,0,34,0,0,-0.0028228135779500008,0.5198871493339539,0.6176691055297852,-6.653578020632267e-05,0.0,0.6633244156837463
642,0,1.5819824223181058,5193,0.1075,0.5,1.0,0,11,0,0,-0.014906324446201324,0.4491840600967407,0.646929919719696,0.014208253473043442,0.091796875,0.6579997539520264
643,0,2.0469238111945742,5201,0.215,0.5,1.0,0,23,0,0,0.00013095326721668243,0.2595195770263672,0.6886677742004395,-0.0013024196960031986,0.15625,0.5905852317810059
644,0,2.7346777298371308,5212,0.115,0.5,1.0,0,11,0,0,0.0015909848734736443,0.17062698304653168,0.7331312298774719,0.00048491358757019043,0.0,0.5731372237205505
645,0,2.941562512773089,5224,0.055,0.5,1.0,0,5,0,0,-0.014286847785115242,0.17871621251106262,0.7085117697715759,0.011905848979949951,0.0,0.5813150405883789
646,0,2.5143261547018483,5234,0.2,0.5,1.0,0,21,0,0,-0.006541406735777855,0.10733938217163086,0.6893378496170044,0.011820001527667046,0.146484375,0.5823714137077332
647,0,2.0743750082328916,5242,0.3425,0.5,1.0,0,38,0,0,-0.0024534454569220543,0.20210130512714386,0.6697362661361694,0.005835153162479401,0.072265625,0.6147668361663818
648,0,2.0567968708746776,5250,0.2575,0.5,1.0,0,36,0,0,-0.0058497837744653225,0.3121442198753357,0.6375365853309631,0.003667107317596674,0.009765625,0.641179084777832
649,0,2.8516113250225317,5262,0.0375,0.0,1.0,0,3,0,0,-0.001309816725552082,0.14029130339622498,0.650578498840332,-0.0012626457028090954,0.0,0.6217520833015442
650,0,3.0492870960151777,5274,0.05,0.5,1.0,0,4,0,0,-0.008330868557095528,0.14508475363254547,0.5964319109916687,0.018367841839790344,0.185546875,0.6431318521499634
651,0,1.5994335937866708,5280,0.295,0.5,1.0,0,31,0,0,0.0034788595512509346,0.6506869196891785,0.5630565881729126,-0.005549577996134758,0.017578125,0.689118504524231
652,0,1.5579296884825453,5286,0.2275,0.5,1.0,0,25,0,0,0.0018972046673297882,0.9565126895904541,0.5037328004837036,-0.00023218640126287937,0.0,0.7266210317611694
653,0,1.6767285055284447,5293,0.02,0.0,0.0,0,0,0,0,-0.006608495954424143,0.8506243824958801,0.5557419061660767,0.00011255871504545212,0.0,0.6821590662002563
654,0,1.7025097628502408,5299,0.205,0.5,1.0,0,22,0,0,-0.009831532835960388,1.0306693315505981,0.6111628413200378,0.012031788006424904,0.119140625,0.6594961881637573
655,0,2.2854980430820433,5308,0.1575,0.5,1.0,0,16,0,0,-0.0006367589812725782,0.4720577895641327,0.6644856929779053,0.006450731307268143,0.107421875,0.6223980784416199
656,0,2.9448339832015336,5320,0.195,0.5,1.0,0,20,0,0,0.003547518979758024,0.12160974740982056,0.6462684869766235,-0.0007046139799058437,0.0,0.6275297999382019
657,0,2.7227245962421875,5331,0.2275,0.5,0.5,0,24,0,0,-0.0016475141746923327,0.2537114918231964,0.6823117136955261,0.00011953385546803474,0.0,0.6096023321151733
658,0,2.7104687530591036,5342,0.1825,0.5,1.0,0,19,0,0,-0.00030820490792393684,0.22866597771644592,0.6480106711387634,-0.00046699075028300285,0.0,0.6171814799308777
659,0,2.725507793627912,5353,0.135,0.5,1.0,0,14,0,0,-0.009707167744636536,0.13557599484920502,0.6421042680740356,0.0003823786973953247,0.0,0.6242955327033997
660,0,2.7350585949352535,5364,0.12,0.5,1.0,0,12,0,0,-0.006560259032994509,0.10695872455835342,0.5755775570869446,0.012368444353342056,0.203125,0.6541523337364197
661,0,2.051503893228073,5372,0.1625,0.5,1.0,0,17,0,0,0.00218183733522892,0.4702407121658325,0.5662043690681458,-0.00039771758019924164,0.0,0.6790703535079956
662,0,1.9425976519523829,5380,0.025,0.0,0.5,0,1,0,0,-0.00291538517922163,0.1884842813014984,0.5474293828010559,0.0032167015597224236,0.0078125,0.6830230951309204
663,0,2.082011705148034,5388,0.0375,0.0,1.0,0,3,0,0,0.00040537258610129356,0.24833448231220245,0.6051634550094604,0.00292119849473238,0.0,0.6695505380630493
664,0,1.9466308516421122,5395,0.355,0.5,1.0,0,42,0,0,-0.015422479249536991,0.23665714263916016,0.6169527769088745,0.011726976372301579,0.123046875,0.6593382954597473
665,0,2.5143554510723334,5405,0.225,0.5,1.0,0,23,0,0,0.0008753612637519836,0.1153966411948204,0.6390694379806519,0.00444732466712594,0.05078125,0.6276929378509521
666,0,2.726582015187887,5416,0.275,0.5,1.0,0,32,0,0,-0.0010356763377785683,0.15992127358913422,0.6368664503097534,0.0011417092755436897,0.0,0.6151845455169678
667,0,3.065205084025365,5429,0.055,0.0,1.0,0,5,0,0,-0.007954137399792671,0.10255593061447144,0.6053714752197266,0.00043747900053858757,0.037109375,0.649075984954834
668,0,2.6104980350864935,5439,0.0725,0.5,1.0,0,7,0,0,-0.012201350182294846,0.13675513863563538,0.5493053793907166,0.009012418799102306,0.212890625,0.6720811128616333
669,0,1.6114062620763434,5445,0.3225,0.5,1.0,0,35,0,0,0.013139532878994942,0.7346851825714111,0.5407613515853882,-0.0023383565712720156,0.0,0.6925184726715088
670,0,1.813066397808143,5452,0.13,0.5,1.0,0,13,0,0,0.0008365735411643982,0.6728309392929077,0.5177796483039856,-0.0010333315003663301,0.0,0.7402203679084778
671,0,1.5810839827972814,5458,0.225,0.5,1.0,0,24,0,0,-0.0037073136772960424,0.6277480721473694,0.5240088105201721,0.001707567134872079,0.0,0.7034502625465393
672,0,2.0613867006140936,5466,0.065,0.5,1.0,0,6,0,0,-0.0034323642030358315,0.6385765075683594,0.550820529460907,-0.0006650269497185946,0.0,0.6958228945732117
673,0,2.1990917889634147,5475,0.0475,0.0,1.0,0,4,0,0,-0.003325715661048889,0.5021534562110901,0.5915917754173279,0.0018596528097987175,0.0,0.6566582918167114
674,0,2.164990228404349,5483,0.155,0.5,1.0,0,16,0,0,0.0005193762481212616,0.2150421440601349,0.5914474725723267,0.00260520214214921,0.0,0.6499553322792053
675,0,2.6348632765584625,5494,0.0475,0.0,1.0,0,4,0,0,-0.004040157422423363,0.15998677909374237,0.5861874222755432,0.0018829656764864922,0.0,0.6670897006988525
676,0,2.397500004990434,5503,0.1375,0.5,1.0,0,14,0,0,0.00013160984963178635,0.16289755702018738,0.5714160203933716,0.00015040766447782516,0.0,0.6579972505569458
677,0,2.5146484368597157,5513,0.165,0.5,1.0,0,17,0,0,-0.004729948937892914,0.17876014113426208,0.5753815174102783,0.0027646468952298164,0.0,0.6655199527740479
678,0,2.2933691210164397,5522,0.28,0.5,1.0,0,30,0,0,-0.003054770641028881,0.12862083315849304,0.5309878587722778,0.013616218231618404,0.16796875,0.6815822124481201
679,0,1.822412109522702,5529,0.3375,0.5,1.0,0,40,0,0,-0.0013029708061367273,0.38685107231140137,0.548694372177124,0.0009146980009973049,0.044921875,0.709949791431427
680,0,1.8019726391903532,5536,0.31,0.5,1.0,0,34,0,0,-0.006378970108926296,1.1381582021713257,0.5797242522239685,0.008456531912088394,0.0,0.690000057220459
681,0,2.6323339765003766,5547,0.0475,0.0,1.0,0,4,0,0,-0.003897862508893013,0.23123645782470703,0.6119899153709412,5.900859832763672e-05,0.00390625,0.6552023887634277
682,0,2.581425765882159,5557,0.055,0.5,1.0,0,5,0,0,-0.004834374412894249,0.5054347515106201,0.6007643342018127,0.004328342154622078,0.0,0.6523435115814209
683,0,2.616396466299193,5568,0.02,0.0,0.0,0,0,0,0,0.0017256417777389288,0.25366225838661194,0.6067752838134766,0.00797522533684969,0.02734375,0.6414301991462708
684,0,3.5057421768142376,5582,0.0925,0.5,1.0,0,9,0,0,-0.018349088728427887,0.11313933879137039,0.5833907723426819,0.016606274992227554,0.18359375,0.6480590105056763
685,0,2.503046878002351,5592,0.21,0.5,1.0,0,22,0,0,0.0032752747647464275,0.318500280380249,0.5655543804168701,0.005692207254469395,0.15234375,0.6733189821243286
686,0,2.2875195198503206,5601,0.1025,0.5,1.0,0,10,0,0,4.610419273376465e-05,0.1343906670808792,0.6080068945884705,-0.0002870613243430853,0.0,0.655975878238678
687,0,2.0393847452141927,5609,0.15,0.5,1.0,0,15,0,0,0.0016063707880675793,0.6362460851669312,0.6037024855613708,0.0004115714691579342,0.0,0.6604930758476257
688,0,2.2928515612729825,5618,0.265,0.5,1.0,0,29,0,0,-0.0007320418953895569,0.18010585010051727,0.6211676001548767,-0.00035859597846865654,0.0,0.6550025939941406
689,0,2.2515136661859287,5627,0.095,0.5,1.0,0,9,0,0,0.00214741425588727,0.6374686360359192,0.5736390948295593,0.0024360446259379387,0.0,0.6597915291786194
690,0,2.062128904140991,5635,0.1825,0.5,1.0,0,19,0,0,-0.004973437637090683,0.39903101325035095,0.60113126039505,0.0030174884013831615,0.0,0.6645463705062866
691,0,2.1867089871229837,5644,0.025,0.0,0.5,0,1,0,0,-0.0007480345666408539,0.21200746297836304,0.6277403831481934,0.006402171216905117,0.0,0.6467341184616089
692,0,2.8386034843570087,5655,0.17,0.5,1.0,0,18,0,0,-0.0036686775274574757,0.23976702988147736,0.6457316875457764,-0.0023675900883972645,0.001953125,0.6370828747749329
693,0,3.4796386364323553,5670,0.02,0.0,0.0,0,0,0,0,-0.0018010791391134262,0.16773562133312225,0.6117737293243408,0.000940998550504446,0.0,0.6404180526733398
694,0,2.8475585852283984,5681,0.2,0.5,1.0,0,21,0,0,-0.009669264778494835,0.12131104618310928,0.6102315783500671,0.004096494056284428,0.169921875,0.6482064723968506
695,0,2.3999804444028996,5691,0.0275,0.0,0.5,0,2,0,0,-0.003849186934530735,0.14839784801006317,0.5991084575653076,0.0017872271127998829,0.1171875,0.6740896701812744
696,0,2.1870996045327047,5699,0.1875,0.5,1.0,0,20,0,0,-0.0028837285935878754,0.09184631705284119,0.5539340972900391,0.007972883991897106,0.013671875,0.6929545402526855
697,0,1.7192578018293716,5706,0.02,0.0,0.0,0,0,0,0,0.00020628469064831734,0.36681437492370605,0.5620211362838745,-0.0008516183588653803,0.0,0.6866800785064697
698,0,1.7188281255293987,5712,0.1325,0.5,1.0,0,14,0,0,-0.0053162043914198875,0.6989104747772217,0.546111524105072,0.0006362306885421276,0.005859375,0.6978499889373779
699,0,1.82951170951128,5719,0.265,0.5,1.0,0,28,0,0,-0.007990576326847076,0.8087168335914612,0.558698296546936,0.004766989033669233,0.0,0.6843739748001099
700,0,2.5129492071573623,5729,0.0475,0.5,1.0,0,4,0,0,0.0025358847342431545,0.34633108973503113,0.576275110244751,-0.003133166814222932,0.0,0.6713834404945374
701,0,2.0695410019761766,5737,0.0775,0.5,1.0,0,7,0,0,-0.002342410385608673,0.29939451813697815,0.613574743270874,0.0019471778068691492,0.0,0.6518365144729614
702,0,2.2926464915508404,5746,0.165,0.5,1.0,0,17,0,0,0.0011837915517389774,0.13039356470108032,0.6104736924171448,-0.0006274203769862652,0.0,0.6419175863265991
703,0,2.404990224269568,5756,0.0775,0.0,1.0,0,8,0,0,-0.003333659842610359,0.21715769171714783,0.5956423282623291,0.0019465447403490543,0.0,0.6486550569534302
704,0,2.394384766324947,5765,0.155,0.5,1.0,0,16,0,0,-0.0066292015835642815,0.10929582267999649,0.5350727438926697,0.01733100786805153,0.17578125,0.6834126710891724
705,0,1.850556633911765,5772,0.1925,0.5,1.0,0,21,0,0,-0.0007010530680418015,0.20221419632434845,0.48109811544418335,0.010768056847155094,0.130859375,0.7094470858573914
706,0,1.5969726403054665,5778,0.1725,0.5,1.0,0,18,0,0,0.0025799183640629053,0.5863128900527954,0.45543092489242554,0.0008273213170468807,0.0,0.7386916279792786
707,0,1.711083985017467,5785,0.02,0.0,0.0,0,0,0,0,-0.0030435631051659584,0.28903728723526,0.4865261912345886,-0.003904525190591812,0.0,0.7422211766242981
708,0,1.5025097782927332,5790,0.3725,0.5,1.0,0,41,0,0,-0.009714805521070957,0.5451921224594116,0.5316492319107056,0.003907195292413235,0.111328125,0.713529109954834
709,0,1.838613283012819,5797,0.26,0.5,1.0,0,28,0,0,-0.0024532582610845566,0.39728862047195435,0.536967396736145,0.0007693655788898468,0.0078125,0.7103649377822876
710,0,2.0650097619145527,5805,0.0475,0.5,1.0,0,4,0,0,-0.004749570041894913,0.39274829626083374,0.5782285928726196,0.003702041693031788,0.0,0.6669498682022095
711,0,2.296787091239821,5814,0.1375,0.5,1.0,0,14,0,0,-0.003935740329325199,0.12611792981624603,0.5444571375846863,0.0022191936150193214,0.0,0.6941301226615906
712,0,2.51642577389066,5824,0.07,0.5,1.0,0,7,0,0,0.0006667757406830788,0.09166420251131058,0.5363713502883911,0.004816554486751556,0.0546875,0.6966617107391357
713,0,2.2863671853774576,5833,0.1975,0.5,1.0,0,21,0,0,-0.005682422313839197,0.17047010362148285,0.5340558886528015,4.600919783115387e-05,0.03125,0.6886735558509827
714,0,2.512451170870918,5843,0.1125,0.5,1.0,0,12,0,0,-0.005371136125177145,0.07357563078403473,0.5178130269050598,0.01009258721023798,0.140625,0.7098536491394043
715,0,1.861328114347998,5850,0.325,0.5,1.0,0,36,0,0,0.00027005490846931934,0.1217367947101593,0.500713050365448,0.0016074615996330976,0.0,0.7209748029708862
716,0,2.0711132858232304,5858,0.1125,0.5,1.0,0,11,0,0,-0.0032700421288609505,0.08547865599393845,0.5063943266868591,0.007185104303061962,0.01171875,0.7236209511756897
717,0,1.6338085816132661,5864,0.355,0.5,1.0,0,39,0,0,-0.0035765604116022587,0.06654288619756699,0.550093412399292,0.0037582216318696737,0.05859375,0.70041823387146
718,0,1.58619140018709,5870,0.3075,0.5,1.0,0,34,0,0,-0.005453149788081646,1.4257773160934448,0.5705145001411438,0.0038028769195079803,0.09375,0.6984809041023254
719,0,2.0791699177025293,5878,0.1525,0.5,1.0,0,15,0,0,-0.011299137026071548,0.2805209755897522,0.6367406845092773,0.005042969714850187,0.111328125,0.6646396517753601
720,0,2.295595691219205,5887,0.21,0.5,1.0,0,22,0,0,0.0034723826684057713,0.13010260462760925,0.6435326933860779,0.0024600543547421694,0.0,0.6498689651489258
721,0,2.7311523153621238,5898,0.0475,0.5,1.0,0,4,0,0,-0.004407232627272606,0.09841383248567581,0.6160334944725037,0.0034461026079952717,0.0,0.6511179208755493
722,0,2.5126269451284315,5908,0.0725,0.5,1.0,0,7,0,0,-0.009347374550998211,0.11655041575431824,0.5571004748344421,0.01905985176563263,0.15625,0.6816292405128479
723,0,1.7422656338530942,5915,0.055,0.0,1.0,0,5,0,0,-0.0027920911088585854,0.1996055543422699,0.5809564590454102,-0.0004305655602365732,0.029296875,0.6941762566566467
724,0,1.7102246058129822,5921,0.1675,0.5,1.0,0,18,0,0,-0.0018892267253249884,0.3429981768131256,0.6277642846107483,0.0010251069907099009,0.037109375,0.6632155179977417
725,0,2.4078613205929287,5931,0.0275,0.0,0.5,0,2,0,0,-0.0019120369106531143,0.09518164396286011,0.617098331451416,0.0008790832944214344,0.0,0.6633360385894775
726,0,2.174882810591953,5939,0.0375,0.5,0.5,0,3,0,0,-0.0002034362405538559,0.1995561122894287,0.6089247465133667,0.003232331946492195,0.0,0.6632347106933594
727,0,1.8481835910060909,5946,0.095,0.5,1.0,0,9,0,0,-0.004310396034270525,0.594140887260437,0.5857932567596436,-0.00016397982835769653,0.0,0.6983873844146729
728,0,2.071894538032211,5954,0.065,0.5,1.0,0,6,0,0,-0.0019067991524934769,0.20082524418830872,0.603827178478241,-0.0007720720022916794,0.0,0.6661989092826843
729,0,2.298749994362879,5963,0.0525,0.5,1.0,0,5,0,0,-0.0010535866022109985,0.2138591706752777,0.6198925971984863,-0.00041404576040804386,0.0,0.6563495397567749
730,0,1.9468652334908256,5971,0.02,0.0,0.0,0,0,0,0,-0.0030985884368419647,0.21006275713443756,0.568276047706604,0.0017064691055566072,0.017578125,0.687855064868927
731,0,1.856201149217668,5978,0.0325,0.0,0.5,0,2,0,0,-0.0027245893143117428,0.1308397799730301,0.5704053640365601,0.0017844198737293482,0.0,0.6983683705329895
732,0,1.959892564053007,5985,0.27,0.5,1.0,0,29,0,0,-0.0033270474523305893,0.06835152953863144,0.5728201866149902,0.0007104177493602037,0.0078125,0.6956092715263367
733,0,1.9516308475613187,5993,0.025,0.0,0.5,0,1,0,0,-0.003320029005408287,0.15290606021881104,0.623073935508728,0.014676026068627834,0.123046875,0.6688342690467834
734,0,2.188291017722804,6001,0.2425,0.5,1.0,0,26,0,0,-0.0033960905857384205,0.08384621143341064,0.6241062879562378,0.005198864731937647,0.064453125,0.646471381187439
735,0,2.729433588392567,6012,0.1425,0.5,1.0,0,15,0,0,-0.0010668466566130519,0.11274177581071854,0.6147645115852356,0.0016034981235861778,0.0,0.6477809548377991
736,0,2.516455079894513,6022,0.0875,0.5,1.0,0,9,0,0,-0.005135729908943176,0.13194119930267334,0.5657532215118408,0.007472415454685688,0.15625,0.6645014882087708
737,0,2.077187492395751,6030,0.2625,0.5,1.0,0,29,0,0,-0.00013789581134915352,0.16901342570781708,0.5368279814720154,0.006207616068422794,0.103515625,0.6941196322441101
738,0,1.8120214533519174,6037,0.1925,0.5,1.0,0,20,0,0,0.0014644034672528505,0.4357024133205414,0.5290887355804443,-0.0005229166708886623,0.0,0.7119101881980896
739,0,1.8137011617473036,6044,0.055,0.5,1.0,0,5,0,0,-0.003562340047210455,0.520846962928772,0.5411553978919983,0.0015462138690054417,0.0,0.6921284198760986
740,0,1.7132031121764157,6051,0.02,0.0,0.0,0,0,0,0,-0.008498718962073326,0.30923888087272644,0.580747663974762,0.010879967361688614,0.095703125,0.678049623966217
741,0,2.4163281323271804,6060,0.13,0.5,1.0,0,13,0,0,0.0028898739255964756,0.09271088987588882,0.5483962297439575,0.00121411494910717,0.0,0.6773183345794678
742,0,2.291220702434657,6069,0.155,0.5,1.0,0,16,0,0,-0.0036790482699871063,0.1258249431848526,0.5534224510192871,0.002684321254491806,0.046875,0.6768842339515686
743,0,2.4032910054193053,6079,0.0375,0.0,0.5,0,3,0,0,-0.005504965782165527,0.09739523380994797,0.5337774157524109,0.011316176503896713,0.0859375,0.6781029105186462
744,0,1.970878890613676,6086,0.315,0.5,1.0,0,34,0,0,0.0019743572920560837,0.10673940926790237,0.5172000527381897,0.0018032912630587816,0.0,0.7100722789764404
745,0,2.0710156305649434,6094,0.1675,0.5,1.0,0,18,0,0,-0.002935307566076517,0.11178996413946152,0.5342377424240112,0.00042629148811101913,0.0,0.7014309167861938
746,0,2.0785742054395087,6102,0.19,0.5,1.0,0,20,0,0,-0.001287003979086876,0.09667334705591202,0.5349611639976501,-0.0011977332178503275,0.03125,0.7057013511657715
747,0,2.070410140677268,6110,0.0975,0.5,1.0,0,9,0,0,-0.001767462119460106,0.11326225847005844,0.5228361487388611,-0.001061734277755022,0.009765625,0.7040250897407532
748,0,1.8459374900412513,6117,0.1675,0.5,1.0,0,18,0,0,-0.0022940365597605705,0.1295071840286255,0.49858328700065613,0.0029195367824286222,0.091796875,0.715630829334259
749,0,1.8482226538544637,6124,0.195,0.5,1.0,0,21,0,0,-0.00019175349734723568,0.2592432200908661,0.49202901124954224,0.00210689939558506,0.0,0.7404700517654419
750,0,1.605419915427774,6130,0.105,0.5,1.0,0,11,0,0,-0.006364497821778059,0.3591206669807434,0.5489447116851807,0.0038028585258871317,0.0234375,0.7176641225814819
751,0,1.964580072566605,6138,0.025,0.0,0.5,0,1,0,0,-0.0007233507931232452,0.09754780679941177,0.5704687237739563,4.688580520451069e-05,0.123046875,0.674771249294281
752,0,2.183671855396824,6146,0.095,0.5,1.0,0,10,0,0,-0.006268865428864956,0.10189070552587509,0.5404866933822632,0.0006985594518482685,0.0,0.7079446911811829
753,0,1.8603417890699347,6153,0.285,0.5,1.0,0,30,0,0,-0.00680365739390254,0.06678372621536255,0.4629673659801483,0.014996926300227642,0.125,0.7338029146194458
754,0,1.361757811071584,6158,0.26,0.5,1.0,0,28,0,0,0.005822828505188227,0.7709301710128784,0.48645034432411194,-0.002640531398355961,0.103515625,0.7426217794418335
755,0,1.3763671855267603,6163,0.27,0.5,1.0,0,29,0,0,0.0017399517819285393,0.6801328063011169,0.46703845262527466,0.005255374126136303,0.013671875,0.7542852163314819
756,0,1.383027335818042,6168,0.4175,0.5,1.0,0,50,0,0,-0.0073494017124176025,0.45730894804000854,0.5021392703056335,-0.0018108370713889599,0.078125,0.7337638139724731
757,0,1.3341699125958257,6173,0.095,0.5,1.0,0,10,0,0,-0.010251660831272602,1.0242053270339966,0.5512707829475403,0.01653738133609295,0.064453125,0.7061443328857422
758,0,1.8572656170581467,6180,0.12,0.5,1.0,0,13,0,0,-0.0007438547909259796,0.7709678411483765,0.5484106540679932,0.0018974710255861282,0.048828125,0.710030198097229
759,0,1.8464843495457899,6187,0.08,0.5,1.0,0,8,0,0,-0.008350123651325703,0.4591709077358246,0.5334017872810364,0.006150159053504467,0.0,0.6866066455841064
760,0,2.3940039036206144,6197,0.02,0.0,0.0,0,0,0,0,0.0031413640826940536,0.10583693534135818,0.5584803819656372,-0.0037796134129166603,0.0,0.6919379234313965
761,0,2.4140624726642272,6206,0.0625,0.5,1.0,0,6,0,0,-0.004964004270732403,0.1351044625043869,0.5402199029922485,0.003202028339728713,0.0,0.706849217414856
762,0,1.8580761640732817,6213,0.2375,0.5,1.0,0,25,0,0,-0.002609502524137497,0.09541606903076172,0.5237957835197449,0.0039055452216416597,0.087890625,0.7140287160873413
763,0,1.856835934733681,6220,0.2575,0.5,1.0,0,28,0,0,-0.00819079764187336,0.08822112530469894,0.5298511385917664,0.005135582759976387,0.009765625,0.6951817870140076
764,0,1.8370117104859673,6227,0.2075,0.5,1.0,0,23,0,0,-0.00653423648327589,0.2517782747745514,0.5343160629272461,0.018068209290504456,0.12109375,0.7071662545204163
765,0,2.508749980483117,6237,0.105,0.5,1.0,0,11,0,0,-0.006818060297518969,0.23342715203762054,0.5198683738708496,0.0017276005819439888,0.140625,0.7089283466339111
766,0,2.7251757593476214,6248,0.0625,0.5,1.0,0,6,0,0,-0.009035659953951836,0.10632961243391037,0.4700215458869934,0.010061543434858322,0.08203125,0.7166624069213867
767,0,2.5080468695086893,6258,0.14,0.5,1.0,0,15,0,0,-0.006227164529263973,0.05867966637015343,0.4332536458969116,0.021539270877838135,0.14453125,0.7358142733573914
768,0,2.060810535112978,6266,0.0625,0.5,1.0,0,6,0,0,-0.0013816775754094124,0.16092386841773987,0.4427635073661804,0.0005314098671078682,0.0,0.7481144666671753
769,0,1.6238281236583134,6272,0.3275,0.5,1.0,0,36,0,0,-0.004914094693958759,0.09818413853645325,0.5191508531570435,0.004499508999288082,0.091796875,0.7008115649223328
770,0,2.061806634068489,6280,0.1775,0.5,1.0,0,18,0,0,-0.00019726064056158066,0.13690432906150818,0.5152199268341064,8.82588792592287e-05,0.0,0.7012548446655273
771,0,2.0689453020168003,6288,0.13,0.5,1.0,0,14,0,0,-0.005813826806843281,0.07544386386871338,0.4487241506576538,0.007325483951717615,0.125,0.7502942681312561
772,0,1.7503222552295483,6295,0.09,0.0,1.0,0,9,0,0,-0.0012373579666018486,0.1534598022699356,0.44612112641334534,0.0006111455149948597,0.01171875,0.7500354051589966
773,0,1.9448144461021002,6302,0.1825,0.5,1.0,0,20,0,0,0.0016780472360551357,0.12200666218996048,0.5004856586456299,0.0006691741291433573,0.0,0.7285425662994385
774,0,1.8472265573727782,6309,0.175,0.5,1.0,0,19,0,0,-0.0005657728761434555,0.173322394490242,0.46597468852996826,0.001013163011521101,0.0,0.7469017505645752
775,0,1.6040429718414089,6315,0.0725,0.5,1.0,0,7,0,0,0.0011437255889177322,0.2123790681362152,0.4854068458080292,-0.0006476272828876972,0.0,0.741578996181488
776,0,1.8539452911099943,6322,0.0775,0.5,1.0,0,8,0,0,-0.004163065925240517,0.2266407608985901,0.5008673667907715,-0.0034972303546965122,0.095703125,0.7361476421356201
777,0,1.858730460779043,6329,0.1675,0.5,1.0,0,18,0,0,-0.0012731589376926422,0.11290712654590607,0.5057610273361206,-0.00036609661765396595,0.08984375,0.7284720540046692
778,0,2.2907421737909317,6338,0.1175,0.5,1.0,0,12,0,0,-0.009692358784377575,0.114543616771698,0.468633770942688,0.003706198651343584,0.0,0.7471073269844055
779,0,1.734511710863444,6345,0.0275,0.0,0.5,0,2,0,0,-0.007576397154480219,0.125674307346344,0.5159187912940979,0.004045437090098858,0.01953125,0.7336474657058716
780,0,1.9624023173346359,6352,0.3,0.5,1.0,0,33,0,0,0.004957976285368204,0.08725520223379135,0.5642809867858887,0.0117156021296978,0.126953125,0.6873658895492554
781,0,2.498203113769705,6362,0.1925,0.5,1.0,0,21,0,0,-0.00893288291990757,0.15675723552703857,0.4960797429084778,0.0035995657090097666,0.04296875,0.7346226572990417
782,0,2.291982391529018,6371,0.1225,0.5,1.0,0,13,0,0,-0.0008163517341017723,0.05906444415450096,0.4619502127170563,0.0160837359726429,0.126953125,0.7336941361427307
783,0,1.858749989158241,6378,0.2425,0.5,1.0,0,26,0,0,-0.001959610264748335,0.06684758514165878,0.4457949995994568,0.006766923703253269,0.0,0.7458038330078125
784,0,1.8534179500420578,6385,0.14,0.5,1.0,0,15,0,0,0.000147894024848938,0.23538807034492493,0.4928031265735626,-0.0004886535461992025,0.0,0.7625259757041931
785,0,1.6342089693935122,6391,0.3425,0.5,1.0,0,37,0,0,-0.004388043656945229,0.037530913949012756,0.4411967396736145,0.007462755776941776,0.0859375,0.759076714515686
786,0,1.3597265664975566,6396,0.39,0.5,1.0,0,43,0,0,0.0035707522183656693,0.6022552847862244,0.4421640932559967,0.002324245870113373,0.0703125,0.7756412625312805
787,0,1.1020702999376226,6400,0.4175,0.5,1.0,0,53,0,0,0.0013737925328314304,1.1616562604904175,0.41923803091049194,0.000769755570217967,0.0,0.7888126373291016
788,0,1.2140136700181756,6405,0.0275,0.0,0.5,0,2,0,0,0.0011357376351952553,0.9886848330497742,0.4244881272315979,-0.00047488510608673096,0.0,0.7872861623764038
789,0,1.2411132918205112,6409,0.28,0.5,1.0,0,30,0,0,-0.004784936085343361,1.440382957458496,0.4633009731769562,0.0018328051082789898,0.0,0.7644858360290527
790,0,1.1030566425870347,6413,0.34,0.5,1.0,0,36,0,0,-0.0038936524651944637,1.6493409872055054,0.46765273809432983,0.006293511018157005,0.05859375,0.7788146138191223
791,0,1.1017773401836166,6417,0.3925,0.5,1.0,0,57,0,0,-0.0075281765311956406,1.559821605682373,0.49288222193717957,0.009110910817980766,0.078125,0.7552207112312317
792,0,1.3556054631771985,6422,0.39,0.5,1.0,0,43,0,0,-0.011751418933272362,1.5244674682617188,0.5309085845947266,0.009900426492094994,0.08203125,0.7243975400924683
793,0,1.6966699240729213,6429,0.02,0.0,0.0,0,0,0,0,-0.006293351761996746,1.2898987531661987,0.5571565628051758,0.007409668527543545,0.08203125,0.718921422958374
794,0,2.195556616898102,6437,0.12,0.5,1.0,0,13,0,0,-0.00705472007393837,0.5512754917144775,0.5676587820053101,0.0013837439473718405,0.017578125,0.6893976926803589
795,0,2.0735058387617755,6445,0.0875,0.5,1.0,0,9,0,0,-0.003424873575568199,0.19318565726280212,0.590447187423706,0.007371450774371624,0.0,0.6818336844444275
796,0,2.3994042901031207,6455,0.025,0.0,0.5,0,1,0,0,-0.0067514413967728615,0.17607256770133972,0.569448709487915,-0.0014944425784051418,0.0,0.6889864206314087
797,0,2.3984277017298155,6464,0.1525,0.5,1.0,0,16,0,0,-0.005747395567595959,0.16080667078495026,0.5172407031059265,0.010762935504317284,0.115234375,0.7070370316505432
798,0,1.856767562800087,6471,0.3625,0.5,1.0,0,40,0,0,-0.006601044908165932,0.10727457702159882,0.5447980165481567,0.0024110248778015375,0.01171875,0.7081789970397949
799,0,2.508769509731792,6481,0.0625,0.5,1.0,0,6,0,0,-0.0007668794132769108,0.09957270324230194,0.5517169237136841,-0.0020882885437458754,0.021484375,0.7007726430892944
800,0,2.073496068333043,6489,0.2375,0.5,1.0,0,26,0,0,-0.00266467547044158,0.07415454834699631,0.5268473625183105,0.013252340257167816,0.125,0.7030304074287415
801,0,1.7376367180222587,6496,0.105,0.0,1.0,0,11,0,0,-0.0077795833349227905,0.3494279384613037,0.5785994529724121,0.003688674420118332,0.0,0.6935142874717712
802,0,2.177001943840878,6504,0.23,0.5,1.0,0,25,0,0,0.0032349349930882454,0.09934346377849579,0.5623531341552734,1.8903985619544983e-05,0.0,0.710709810256958
803,0,2.0756835820320703,6512,0.2725,0.5,1.0,0,30,0,0,-0.007724020630121231,0.059922877699136734,0.5262293815612793,6.533344276249409e-05,0.005859375,0.7242412567138672
804,0,1.8384570392081514,6519,0.165,0.5,1.0,0,18,0,0,0.0005968855693936348,0.15090739727020264,0.5552094578742981,0.0023759212344884872,0.150390625,0.7023077011108398
805,0,1.613476562910364,6525,0.16,0.5,1.0,0,16,0,0,-0.008889558725059032,0.24317069351673126,0.6202327013015747,0.004359330050647259,0.052734375,0.6633979082107544
806,0,1.7412890481209615,6532,0.0325,0.0,0.5,0,2,0,0,0.000634010648354888,0.2778843343257904,0.6352248787879944,0.015434479340910912,0.126953125,0.6596935987472534
807,0,1.66898436552583,6538,0.1825,0.5,1.0,0,19,0,0,-0.0004417177988216281,3.3846848011016846,0.5755152702331543,0.0011003457475453615,0.091796875,0.6933534741401672
808,0,2.5109960953705013,6548,0.125,0.5,1.0,0,13,0,0,-0.005799265578389168,0.09825881570577621,0.6097391247749329,0.0011249857489019632,0.0,0.6802082657814026
809,0,2.074033197379322,6556,0.1075,0.5,1.0,0,11,0,0,-0.002243131399154663,0.07144356518983841,0.6194537281990051,0.0028519239276647568,0.1015625,0.6620998382568359
810,0,1.8598437457403634,6563,0.3325,0.5,1.0,0,37,0,0,-0.0038102930411696434,0.07210029661655426,0.6000702977180481,0.008308815769851208,0.115234375,0.6639443039894104
811,0,1.8380761662338045,6570,0.05,0.5,1.0,0,4,0,0,-0.0011297822929918766,0.13560450077056885,0.598105788230896,-0.001014085253700614,0.0,0.675251305103302
812,0,1.3786621126855607,6575,0.3275,0.5,1.0,0,36,0,0,-0.0016909330151975155,0.5035373568534851,0.5964253544807434,-0.0006244671531021595,0.0,0.6943264603614807
813,0,1.6210156247543637,6581,0.3575,0.5,1.0,0,40,0,0,-0.008669658564031124,0.3282851278781891,0.6495426893234253,0.0016667135059833527,0.060546875,0.6524132490158081
814,0,1.825175783389568,6588,0.065,0.5,1.0,0,20,0,0,-0.0039748456329107285,0.4698238670825958,0.6254163980484009,0.004553601145744324,0.0625,0.6546950340270996
815,0,1.8444335914828116,6595,0.23,0.5,1.0,0,25,0,0,0.000491817481815815,0.14222699403762817,0.6023180484771729,0.000899013364687562,0.0,0.6783838868141174
816,0,2.0799999814480543,6603,0.265,0.5,1.0,0,29,0,0,-0.0011569531634449959,0.0884673148393631,0.6379302144050598,0.0012893467210233212,0.0,0.6652730107307434
817,0,2.2978613257582765,6612,0.13,0.5,1.0,0,14,0,0,-0.0025076125748455524,0.12601721286773682,0.6357032060623169,0.0003687143325805664,0.0,0.6521776914596558
818,0,1.8613671811617678,6619,0.275,0.5,1.0,0,30,0,0,-0.004082989878952503,0.07197581231594086,0.6370410323143005,0.0054527767933905125,0.1171875,0.6350638270378113
819,0,1.8499609324135236,6626,0.1975,0.5,1.0,0,21,0,0,-0.007065515033900738,0.06227799504995346,0.5753291845321655,0.009602140635251999,0.1171875,0.6771646738052368
820,0,1.3644335715653142,6631,0.3825,0.5,1.0,0,59,0,0,-0.003590818727388978,0.7950310707092285,0.5563111305236816,0.008818605914711952,0.06640625,0.7151159048080444
821,0,1.5970312368153827,6637,0.17,0.5,1.0,0,18,0,0,-0.002071978058665991,0.8152698874473572,0.6278884410858154,0.002411826513707638,0.013671875,0.6567876935005188
822,0,1.621757801003696,6643,0.3375,0.5,1.0,0,43,0,0,-0.004019110929220915,0.40585851669311523,0.6174275279045105,0.003834971459582448,0.06640625,0.675086498260498
823,0,1.9622265476864413,6651,0.055,0.0,1.0,0,5,0,0,-0.001451161690056324,0.18749310076236725,0.6211954355239868,0.0021375694777816534,0.046875,0.6601343154907227
824,0,1.9528906089544762,6658,0.165,0.5,1.0,0,17,0,0,0.001022210344672203,0.13390259444713593,0.6484890580177307,0.002917015925049782,0.0,0.6413413882255554
825,0,2.077880847500637,6666,0.23,0.5,1.0,0,25,0,0,-0.004616985563188791,0.05096825584769249,0.592862606048584,0.0021684381645172834,0.0,0.6658856868743896
826,0,2.071591776159039,6674,0.2275,0.5,1.0,0,24,0,0,0.00185396708548069,0.09697961062192917,0.49615949392318726,0.009580780752003193,0.0859375,0.7192828059196472
827,0,1.624287091934093,6680,0.2425,0.5,1.0,0,26,0,0,-0.01482672430574894,0.08705110102891922,0.6734932065010071,0.018357912078499794,0.169921875,0.6496855020523071
828,0,2.076005839102436,6688,0.265,0.5,1.0,0,29,0,0,0.006069459021091461,0.04766617715358734,0.6275724172592163,0.0015568826347589493,0.10546875,0.6711556911468506
829,0,2.072529268087237,6696,0.2225,0.5,1.0,0,24,0,0,-0.006131205707788467,0.08540330082178116,0.6088744401931763,-0.0007667737081646919,0.064453125,0.6677671074867249
830,0,2.0727929600907373,6704,0.08,0.5,1.0,0,8,0,0,-0.006994107738137245,0.06404057145118713,0.6071252226829529,0.004675441421568394,0.109375,0.6643972396850586
831,0,1.6144921855448047,6710,0.055,0.5,1.0,0,5,0,0,0.002598120830953121,0.41960209608078003,0.5831635594367981,-0.0004167179577052593,0.0,0.6897577047348022
832,0,1.3891796830321255,6715,0.435,0.5,1.0,0,48,0,0,-0.002716358518227935,0.3514130413532257,0.5781496167182922,0.0010056982282549143,0.0,0.7089990973472595
833,0,1.841318339058489,6722,0.2275,0.5,1.0,0,24,0,0,-0.007762492634356022,0.330681174993515,0.5737292170524597,0.01051652617752552,0.091796875,0.6944998502731323
834,0,2.1871386636048555,6731,0.025,0.0,0.5,0,1,0,0,0.004292505793273449,0.08474195003509521,0.5921021103858948,0.004627162590622902,0.00390625,0.6688550114631653
835,0,2.292636699610739,6740,0.0275,0.0,0.5,0,2,0,0,-0.005452411249279976,0.10273914784193039,0.49220162630081177,0.015560274012386799,0.146484375,0.7004817724227905
836,0,1.9643847458064556,6747,0.16,0.5,1.0,0,17,0,0,-0.0017497418448328972,0.16251122951507568,0.5550888776779175,-0.0011366242542862892,0.00390625,0.691612184047699
837,0,1.8577148401527666,6754,0.205,0.5,1.0,0,22,0,0,0.0016384273767471313,0.07387376576662064,0.5498964786529541,0.001170856412500143,0.0,0.7047215104103088
838,0,2.0735253666462086,6762,0.055,0.5,1.0,0,5,0,0,-0.005510280840098858,0.09325074404478073,0.46976327896118164,0.011524044908583164,0.1171875,0.7258322238922119
839,0,1.399277333795908,6767,0.1925,0.5,1.0,0,21,0,0,-0.003196265082806349,0.25305187702178955,0.5260417461395264,-0.00021694833412766457,0.0078125,0.7095093727111816
840,0,1.6337304675944324,6773,0.11,0.5,1.0,0,11,0,0,0.0038665076717734337,0.08761823922395706,0.5422502756118774,0.0027839180547744036,0.033203125,0.6997289061546326
841,0,1.4098242136315093,6778,0.3625,0.5,1.0,0,39,0,0,-0.005267689935863018,0.10775317251682281,0.5683392882347107,0.01535895373672247,0.07421875,0.6891040802001953
842,0,2.066503893958725,6786,0.055,0.5,1.0,0,5,0,0,-0.010585554875433445,0.07921276241540909,0.4683833122253418,0.009806802496314049,0.1015625,0.729444682598114
843,0,1.627871084241633,6792,0.095,0.5,1.0,0,10,0,0,0.0013770214281976223,0.04893680661916733,0.4126526117324829,0.01547935325652361,0.12109375,0.7586610317230225
844,0,1.1675390631535265,6796,0.4525,0.5,1.0,0,50,0,0,0.000332157826051116,0.5879109501838684,0.475604772567749,8.797994814813137e-05,0.0,0.7584173083305359
845,0,1.6147265588951996,6802,0.105,0.5,1.0,0,11,0,0,-0.007383509539067745,0.11517617851495743,0.480085164308548,0.0024610725231468678,0.0859375,0.7467091083526611
846,0,1.3987988156732172,6807,0.325,0.5,1.0,0,36,0,0,-0.007983303628861904,0.16242846846580505,0.5736769437789917,0.022417576983571053,0.083984375,0.7087979316711426
847,0,2.0772851348738186,6815,0.0775,0.5,1.0,0,8,0,0,0.0040410365909338,0.09496164321899414,0.4945054054260254,-0.0005845695268362761,0.0546875,0.7492223978042603
848,0,1.8557226319499023,6822,0.185,0.5,1.0,0,20,0,0,-0.003636847250163555,0.0640500858426094,0.47230613231658936,-0.0024771648459136486,0.095703125,0.7660419940948486
849,0,1.8545995924032468,6829,0.2075,0.5,1.0,0,22,0,0,-0.0020133880898356438,0.12878456711769104,0.513882577419281,0.0011181216686964035,0.0,0.7428343892097473
850,0,2.0714843547903,6837,0.055,0.5,1.0,0,5,0,0,-0.008787753991782665,0.04473366215825081,0.4673243761062622,0.00742263812571764,0.048828125,0.7357984185218811
851,0,1.4126855311042164,6842,0.2075,0.5,1.0,0,23,0,0,0.0009493809193372726,0.06470800936222076,0.47011902928352356,0.009872658178210258,0.078125,0.7532753944396973
852,0,1.6204882558486133,6848,0.3225,0.5,1.0,0,35,0,0,-0.002061538863927126,0.3606381416320801,0.5079752802848816,0.0017877565696835518,0.00390625,0.7315521240234375
853,0,0.8470214696717449,6851,0.3725,0.5,1.0,0,40,0,0,0.001759797683916986,3.89456844329834,0.43464165925979614,-0.0017928252927958965,0.0,0.7946294546127319
854,0,1.1273828131925256,6855,0.26,0.5,1.0,0,28,0,0,-0.0013255756348371506,0.7283720970153809,0.44700443744659424,0.0011427158024162054,0.0,0.7639710903167725
855,0,1.2400878953594656,6860,0.0425,0.0,1.0,0,3,0,0,-0.0027115726843476295,1.218057632446289,0.46274638175964355,-0.0003049492370337248,0.0,0.7759289741516113
856,0,1.2600195118320698,6864,0.2775,0.5,1.0,0,30,0,0,-0.002855148632079363,0.4885336756706238,0.5107463598251343,0.0013841164764016867,0.0,0.7441418766975403
857,0,1.6132617029652465,6870,0.08,0.5,1.0,0,8,0,0,-0.006454152520745993,0.4728139638900757,0.5209311246871948,-0.001909554237499833,0.0,0.7362778782844543
858,0,1.4196679513697745,6875,0.5075,0.5,1.0,0,56,0,0,-0.0036693252623081207,0.3356412649154663,0.5715743899345398,0.0024180817417800426,0.0,0.6949269771575928
859,0,1.8335449091937335,6882,0.2275,0.5,1.0,0,25,0,0,-0.0008407705463469028,0.28235113620758057,0.5102396011352539,0.00020598247647285461,0.0,0.7380123138427734
860,0,1.8496972487773746,6889,0.18,0.5,1.0,0,19,0,0,-0.0015952736139297485,0.057874977588653564,0.5279439687728882,0.0004269492346793413,0.0,0.7247412204742432
861,0,1.6267089645225496,6895,0.38,0.5,1.0,0,42,0,0,-0.001620969269424677,0.1701251119375229,0.5451138019561768,0.0009709240403026342,0.0,0.7130257487297058
862,0,2.0691698967129923,6903,0.195,0.5,1.0,0,22,0,0,-0.006290753372013569,0.08252985775470734,0.4989429712295532,0.007331528700888157,0.009765625,0.7332439422607422
863,0,1.618359358944872,6909,0.2275,0.5,1.0,0,25,0,0,0.001410250086337328,0.2945484220981598,0.5404320955276489,-0.002651304006576538,0.013671875,0.7180783748626709
864,0,1.4044531255822221,6914,0.3675,0.5,1.0,0,42,0,0,-0.006952430587261915,0.15459299087524414,0.562522292137146,-0.0015159095637500286,0.037109375,0.7165144085884094
865,0,1.859218738063646,6921,0.0875,0.5,1.0,0,9,0,0,-0.0019265287555754185,0.11920356005430222,0.5341109037399292,0.00042927032336592674,0.029296875,0.7172572016716003
866,0,1.6393749784037936,6927,0.2775,0.5,1.0,0,31,0,0,-0.0007085883989930153,0.08438722789287567,0.518691897392273,-0.0010623142588883638,0.0,0.7337322235107422
867,0,1.6300585782155395,6933,0.2175,0.5,1.0,0,23,0,0,-0.0017566957976669073,0.05905398353934288,0.496603399515152,0.004573152866214514,0.001953125,0.7329521179199219
868,0,1.6378124832408503,6939,0.34,0.5,1.0,0,37,0,0,-0.00401473231613636,0.04830309376120567,0.4782034754753113,0.0003553598653525114,0.080078125,0.758281946182251
869,0,1.6067577998619527,6945,0.42,0.5,1.0,0,46,0,0,0.0017009673174470663,0.380085825920105,0.46941322088241577,0.0038374357391148806,0.021484375,0.7524267435073853
870,0,1.1242382823838852,6949,0.3925,0.5,1.0,0,45,0,0,0.0030747398268431425,1.4515354633331299,0.4546530842781067,-0.0008304310031235218,0.0,0.7640911936759949
871,0,1.3993554623157252,6954,0.435,0.5,1.0,0,50,0,0,-0.0012664729729294777,0.2657758891582489,0.486838161945343,8.508143946528435e-05,0.0,0.7580700516700745
872,0,1.37003906047903,6959,0.155,0.5,1.0,0,17,0,0,-0.012521020136773586,0.3762910068035126,0.5191420912742615,0.013162588700652122,0.111328125,0.7544891834259033
873,0,1.6310937340167584,6965,0.095,0.5,1.0,0,10,0,0,0.002941419370472431,0.21227161586284637,0.5522331595420837,0.004984230734407902,0.154296875,0.7105605602264404
874,0,1.6361425572977168,6971,0.3525,0.5,1.0,0,39,0,0,-0.0008600614964962006,0.06648959964513779,0.521994948387146,0.0005011130124330521,0.021484375,0.7361513376235962
875,0,1.857773417752469,6978,0.3325,0.5,1.0,0,36,0,0,-0.008024513721466064,0.07526058703660965,0.48136088252067566,0.00751459039747715,0.083984375,0.7427444458007812
876,0,1.634804685058043,6984,0.165,0.5,1.0,0,17,0,0,-0.0017978725954890251,0.07739818096160889,0.48121148347854614,0.004990061745047569,0.078125,0.7336216568946838
877,0,1.1557617120051873,6988,0.5575,0.5,1.0,0,70,0,0,0.0009373021312057972,0.8502054214477539,0.5086585879325867,-0.0031978432089090347,0.005859375,0.7346466183662415
878,0,1.353613281611615,6993,0.1975,0.5,1.0,0,22,0,0,-0.0008922312408685684,0.9766092896461487,0.5323371887207031,-0.0012623642105609179,0.0,0.7206259369850159
879,0,1.116328123902349,6997,0.13,0.5,1.0,0,14,0,0,0.00012227764818817377,1.3070216178894043,0.4932992160320282,0.0005453922785818577,0.0,0.7591952681541443
880,0,1.400283192146162,7002,0.3475,0.5,1.0,0,38,0,0,-0.001294510206207633,0.21604430675506592,0.4784812927246094,-0.0016898440662771463,0.0,0.7471418380737305
881,0,1.6274121008318616,7008,0.3075,0.5,1.0,0,33,0,0,-0.0019583827815949917,0.11043660342693329,0.5003746747970581,-0.0009077566210180521,0.0,0.7275943160057068
882,0,1.847919915784587,7015,0.13,0.5,1.0,0,14,0,0,-0.0004627365851774812,0.29355132579803467,0.5429542660713196,-0.00047431117855012417,0.0,0.7078701853752136
883,0,1.3730468701469363,7020,0.105,0.5,1.0,0,11,0,0,-0.0032813167199492455,0.8923327922821045,0.4967600703239441,0.001331883016973734,0.0,0.7395206093788147
884,0,1.3913476531815832,7025,0.365,0.5,1.0,0,41,0,0,-0.005658985581248999,0.2636464536190033,0.5357482433319092,0.0006917484570294619,0.001953125,0.7151908874511719
885,0,1.8548242052420392,7032,0.1025,0.5,1.0,0,11,0,0,0.0019098627381026745,0.1548759490251541,0.5746715068817139,0.0047422912903130054,0.07421875,0.7097774147987366
886,0,1.8581640522461385,7039,0.0825,0.5,1.0,0,8,0,0,-0.0019573599565774202,0.05991920083761215,0.5124848484992981,0.0005196502897888422,0.0,0.7153063416481018
887,0,1.6373925539082848,7045,0.305,0.5,1.0,0,33,0,0,-0.002934873104095459,0.043684426695108414,0.5425174832344055,2.7578091248869896e-05,0.02734375,0.7257996797561646
888,0,1.617519511950377,7051,0.425,0.5,1.0,0,58,0,0,-0.0010894553270190954,0.2544819414615631,0.5704365372657776,-0.0016981191001832485,0.04296875,0.6819236874580383
889,0,1.8326659953745548,7058,0.14,0.5,1.0,0,14,0,0,-0.003661968745291233,0.18907789885997772,0.5635790228843689,0.0072840480133891106,0.0859375,0.6981081962585449
890,0,1.9650390411552507,7066,0.0275,0.0,0.5,0,2,0,0,-0.0073418463580310345,0.05151640623807907,0.4929375946521759,0.01079094223678112,0.08203125,0.718230128288269
891,0,1.9672948901352356,7073,0.0475,0.5,1.0,0,4,0,0,-3.64743173122406e-05,0.06613332778215408,0.49948614835739136,0.0046053603291511536,0.07421875,0.7275694012641907
892,0,1.7612011669079948,7080,0.0475,0.0,1.0,0,4,0,0,-0.0023688282817602158,0.09122293442487717,0.5189955234527588,0.00014595501124858856,0.0078125,0.6985078454017639
893,0,1.7374120839922398,7086,0.25,0.5,1.0,0,26,0,0,-0.0022751018404960632,0.07784480601549149,0.5234877467155457,0.004448818042874336,0.041015625,0.7294971346855164
894,0,1.622031239050557,7092,0.2225,0.5,1.0,0,24,0,0,-0.005578899756073952,0.2066396027803421,0.5492064952850342,0.005599429365247488,0.064453125,0.7004489302635193
895,0,1.8501171752577648,7099,0.0725,0.5,1.0,0,7,0,0,-0.005800563842058182,0.06741918623447418,0.5410134196281433,0.0024433473590761423,0.017578125,0.698432207107544
896,0,1.3651855401549255,7104,0.065,0.5,1.0,0,6,0,0,0.011499643325805664,1.043933391571045,0.44934308528900146,0.00030144723132252693,0.107421875,0.7499123811721802
897,0,1.6275781045515032,7110,0.105,0.5,1.0,0,11,0,0,-0.00015769433230161667,0.07349434494972229,0.47424203157424927,-0.0003858008421957493,0.0,0.7590741515159607
898,0,1.4153027282154653,7115,0.4175,0.5,1.0,0,46,0,0,-0.0022766441106796265,0.043007224798202515,0.5417101383209229,-0.0011105246376246214,0.0,0.706305980682373
899,0,1.6274902242730604,7121,0.3525,0.5,1.0,0,38,0,0,-0.00494773592799902,0.06620854139328003,0.6045477390289307,0.014613984152674675,0.15625,0.6846622228622437
900,0,1.843164065372548,7128,0.09,0.5,1.0,0,9,0,0,-0.0034734606742858887,0.15084108710289001,0.6085784435272217,0.007959537208080292,0.017578125,0.6862081289291382
901,0,1.7491992040886544,7135,0.025,0.0,0.5,0,1,0,0,0.003406338393688202,0.05446552857756615,0.6499213576316833,0.006207553669810295,0.05078125,0.6476424336433411
902,0,1.9607421456094016,7142,0.13,0.5,1.0,0,14,0,0,-0.003353749169036746,0.04188995063304901,0.619010329246521,0.0008950561750680208,0.0,0.6678826808929443
903,0,1.8588281027332414,7149,0.2175,0.5,1.0,0,23,0,0,-0.001980940345674753,0.04692651703953743,0.6270740628242493,-0.0003082621842622757,0.0,0.6690472364425659
904,0,2.0748437354632188,7157,0.0475,0.5,1.0,0,4,0,0,-0.00583191541954875,0.22767221927642822,0.6770619750022888,0.009941987693309784,0.119140625,0.6441786885261536
905,0,2.0750976385897957,7165,0.065,0.5,1.0,0,6,0,0,-0.011947759427130222,0.1023646891117096,0.6627606153488159,0.004678993485867977,0.03125,0.630612850189209
906,0,1.6412304377117835,7171,0.31,0.5,1.0,0,33,0,0,0.0006288434378802776,0.04526078701019287,0.6664453148841858,0.004857207648456097,0.16015625,0.6363155841827393
907,0,1.6210449068748858,7177,0.23,0.5,1.0,0,25,0,0,-0.0019021956250071526,0.06890755146741867,0.7498225569725037,0.0037443796172738075,0.0,0.6113113760948181
908,0,1.8603417789672676,7184,0.2575,0.5,1.0,0,27,0,0,-0.008422409184277058,0.04439672827720642,0.6620243191719055,0.006350570358335972,0.087890625,0.6502147316932678
909,0,1.6310839868310723,7190,0.2625,0.5,1.0,0,28,0,0,-0.0055330656468868256,0.05971107631921768,0.6833358407020569,0.007910186424851418,0.14453125,0.6240875720977783
910,0,1.3508788990475296,7195,0.0875,0.5,1.0,0,9,0,0,0.0014266709331423044,0.8098750710487366,0.6152070760726929,-0.0008987132459878922,0.056640625,0.6732426285743713
911,0,1.5160839819873217,7201,0.025,0.0,0.5,0,1,0,0,-0.006712885573506355,0.150867760181427,0.7192718982696533,0.010322858579456806,0.15625,0.6228514909744263
912,0,1.4954296839496237,7206,0.2575,0.5,1.0,0,28,0,0,-0.01274656131863594,0.40925806760787964,0.7265718579292297,0.013591598719358444,0.083984375,0.6198519468307495
913,0,1.843574189406354,7213,0.1275,0.5,1.0,0,13,0,0,0.0019942214712500572,0.198293074965477,0.7796040773391724,0.02078660950064659,0.173828125,0.5801963210105896
914,0,2.07893552450696,7221,0.175,0.5,1.0,0,19,0,0,-0.0063138697296381,0.07042236626148224,0.7641181945800781,0.0010964490938931704,0.0,0.5798211693763733
915,0,2.0720898287800082,7229,0.0475,0.5,1.0,0,4,0,0,-0.009178673848509789,0.08830580115318298,0.7019219398498535,0.025530507788062096,0.15234375,0.596609890460968
916,0,1.6271484312383109,7235,0.205,0.5,1.0,0,22,0,0,0.0024631875567138195,0.23280277848243713,0.7442250847816467,0.005872276611626148,0.017578125,0.5880347490310669
917,0,1.8593457040260546,7242,0.205,0.5,1.0,0,22,0,0,-0.0004240265116095543,0.09945695847272873,0.8001234531402588,-0.0015752676408737898,0.103515625,0.5414304137229919
918,0,1.861650365852256,7249,0.25,0.5,1.0,0,27,0,0,-0.00016774190589785576,0.05801710486412048,0.7838423848152161,0.0012273064348846674,0.0,0.5709019899368286
919,0,1.7965331896593852,7256,0.095,0.5,1.0,0,9,0,0,-0.0007591027533635497,2.613361358642578,0.738866925239563,-0.0019488881807774305,0.0,0.577795684337616
920,0,2.0703905975387897,7264,0.0775,0.5,1.0,0,7,0,0,-0.0023626843467354774,0.19331605732440948,0.7689777612686157,0.0005379521753638983,0.0,0.5601643323898315
921,0,1.858818356977281,7271,0.2175,0.5,1.0,0,23,0,0,-0.004084508400410414,0.062413182109594345,0.7475203275680542,0.004392679780721664,0.0,0.5648803114891052
922,0,1.851445298147155,7278,0.2075,0.5,1.0,0,22,0,0,-0.005428988020867109,0.05582918971776962,0.7819263935089111,0.0043659997172653675,0.0703125,0.5758517980575562
923,0,2.079257816010795,7286,0.15,0.5,1.0,0,15,0,0,0.0007246313616633415,0.19324204325675964,0.8364748954772949,0.013786286115646362,0.1328125,0.5224059820175171
924,0,2.3026171656383667,7295,0.235,0.5,1.0,0,25,0,0,-0.009456719271838665,0.05915350466966629,0.7538025975227356,0.008561201393604279,0.0,0.5396018028259277
925,0,2.294326148199616,7304,0.0825,0.5,1.0,0,8,0,0,-0.004201875999569893,0.10151956230401993,0.7582778334617615,0.01329118013381958,0.00390625,0.5419161915779114
926,0,1.830537097157503,7311,0.1975,0.5,1.0,0,21,0,0,-0.001841005403548479,0.2686786353588104,0.7257012724876404,0.008777676150202751,0.009765625,0.578869104385376
927,0,1.9587109198473627,7319,0.025,0.0,0.5,0,1,0,0,-0.004704044200479984,0.07234293222427368,0.6847075819969177,0.003138326108455658,0.0546875,0.6034709811210632
928,0,1.7215429612442676,7325,0.21,0.5,1.0,0,22,0,0,-0.0010277419351041317,0.13239888846874237,0.6718468070030212,-0.0015007548499852419,0.0,0.6198742985725403
929,0,1.839843733694579,7332,0.0825,0.5,1.0,0,8,0,0,-0.006351714953780174,0.09059242904186249,0.7170121073722839,0.005621112417429686,0.119140625,0.5879722237586975
930,0,1.7134472703764914,7339,0.02,0.0,0.0,0,0,0,0,-0.0068227690644562244,0.08491353690624237,0.6866768002510071,-0.00028619449585676193,0.0625,0.6058688163757324
931,0,1.730771478600218,7345,0.2425,0.5,1.0,0,26,0,0,-0.004765188321471214,0.25935086607933044,0.6048726439476013,0.008659604005515575,0.029296875,0.6439332962036133
932,0,1.3541113305873296,7350,0.36,0.5,1.0,0,39,0,0,-0.014418436214327812,0.5985333919525146,0.5835182666778564,0.012808253988623619,0.080078125,0.6739850640296936
933,0,1.8293652101929183,7357,0.09,0.5,1.0,0,9,0,0,-0.0048947520554065704,0.2231205552816391,0.6075104475021362,0.011349564418196678,0.0859375,0.664932370185852
934,0,1.8500878853228642,7364,0.205,0.5,1.0,0,22,0,0,0.0019288025796413422,0.17939093708992004,0.6210946440696716,0.005312102846801281,0.0,0.6532940864562988
935,0,2.0712109328451334,7372,0.16,0.5,1.0,0,16,0,0,-0.0012686746194958687,0.09332679957151413,0.5913584232330322,0.002674189629033208,0.0,0.6504350900650024
936,0,1.850449210338411,7379,0.2775,0.5,1.0,0,30,0,0,-0.003291846252977848,0.11420464515686035,0.5509885549545288,0.0027972303796559572,0.01171875,0.6795109510421753
937,0,2.070019508464611,7387,0.0475,0.5,1.0,0,4,0,0,-0.005499783903360367,0.04452303797006607,0.5088866949081421,0.0007066982798278332,0.138671875,0.7142090201377869
938,0,1.629804679134395,7393,0.29,0.5,1.0,0,31,0,0,-0.0068740276619791985,0.11054202169179916,0.5306588411331177,0.0027686222456395626,0.078125,0.7025860548019409
939,0,2.06918944887002,7401,0.125,0.5,1.0,0,13,0,0,0.002650798764079809,0.04264038801193237,0.5347276329994202,-0.0002731052227318287,0.021484375,0.7107356190681458
940,0,2.0723241939849686,7409,0.1,0.5,1.0,0,10,0,0,-0.005472277291119099,0.059575486928224564,0.44983333349227905,0.01920434832572937,0.126953125,0.7395172715187073
941,0,1.6181640576251084,7415,0.24,0.5,1.0,0,27,0,0,-0.0006335778161883354,0.17024114727973938,0.5027531385421753,-0.00025610788725316525,0.0,0.7373149394989014
942,0,1.8369726362725487,7422,0.0625,0.5,1.0,0,6,0,0,-0.0046017784625291824,0.09422265738248825,0.5049503445625305,-0.0008740504272282124,0.087890625,0.7190103530883789
943,0,1.8560742043482605,7429,0.175,0.5,1.0,0,19,0,0,0.002093076705932617,0.05490175634622574,0.4959375858306885,-0.0019055434968322515,0.0,0.7312230467796326
944,0,1.8427636586275185,7436,0.0825,0.5,1.0,0,8,0,0,-0.0029343338683247566,0.11389996111392975,0.4928519129753113,0.0009523488115519285,0.0,0.7210924029350281
945,0,1.857695293132565,7443,0.215,0.5,1.0,0,24,0,0,-0.0008551888167858124,0.0284455344080925,0.511261522769928,-0.0006942604668438435,0.0,0.7333683967590332
946,0,2.072724596269836,7451,0.0625,0.5,1.0,0,6,0,0,-0.00040030432865023613,0.06539265066385269,0.5102008581161499,-0.0005503043066710234,0.0,0.7240844964981079
947,0,1.9765136674104724,7459,0.0475,0.0,1.0,0,4,0,0,-0.010480839759111404,0.06348299235105515,0.4582940340042114,0.014797858893871307,0.12890625,0.7350577116012573
948,0,1.957099608858698,7466,0.0725,0.5,1.0,0,7,0,0,-0.0013417326845228672,0.04589235782623291,0.41782650351524353,0.014846939593553543,0.099609375,0.7428147792816162
949,0,1.605966776929563,7472,0.0625,0.5,1.0,0,6,0,0,0.00204078434035182,0.6182989478111267,0.4631526470184326,-0.0012962850742042065,0.0,0.762183666229248
950,0,1.619707020043279,7478,0.1125,0.5,1.0,0,12,0,0,-0.0028154905885457993,0.13062527775764465,0.4401489794254303,-0.0015914333052933216,0.0,0.7627649903297424
951,0,1.6252538986882428,7484,0.245,0.5,1.0,0,27,0,0,0.0017643794417381287,0.13345851004123688,0.5355714559555054,0.019963383674621582,0.263671875,0.7094026803970337
952,0,2.0746679588628467,7492,0.0775,0.5,1.0,0,8,0,0,-0.0021936483681201935,0.04293215274810791,0.5211327075958252,-0.0005582594312727451,0.01171875,0.7081695795059204
953,0,1.8607519411125395,7499,0.22,0.5,1.0,0,24,0,0,-0.004567515105009079,0.0405559167265892,0.5242723226547241,0.007324368227273226,0.146484375,0.7104960083961487
954,0,1.8545019334706012,7506,0.1725,0.5,1.0,0,18,0,0,-0.001481909304857254,0.03339424356818199,0.4928511381149292,0.010132196359336376,0.068359375,0.7138115167617798
955,0,1.624941387839499,7512,0.34,0.5,1.0,0,38,0,0,-0.0009070718660950661,0.15080252289772034,0.5245175361633301,0.001563449390232563,0.0,0.7108740210533142
956,0,1.8352441449460457,7519,0.245,0.5,1.0,0,27,0,0,-0.006898999214172363,0.5402469635009766,0.5605183839797974,-0.0006117541342973709,0.080078125,0.7006283402442932
957,0,1.852597651835822,7526,0.2925,0.5,1.0,0,32,0,0,-0.0003602299839258194,0.1026540994644165,0.6113617420196533,0.0016893823631107807,0.0,0.675704836845398
958,0,1.8293066217302112,7533,0.1425,0.5,1.0,0,15,0,0,-0.004353486467152834,0.2974189519882202,0.6351728439331055,0.0037386147305369377,0.068359375,0.644835352897644
959,0,1.958886689550127,7541,0.025,0.0,0.5,0,1,0,0,-0.003910335246473551,0.14917346835136414,0.6152815222740173,0.0015399435069411993,0.0,0.6482860445976257
960,0,2.186328104318818,7549,0.0725,0.5,1.0,0,7,0,0,-0.0032915310002863407,0.06469463557004929,0.550288200378418,0.001589067280292511,0.0,0.6967533230781555
961,0,1.8588769278721884,7556,0.305,0.5,1.0,0,33,0,0,-0.0029003452509641647,0.038892291486263275,0.5105611085891724,0.006972385570406914,0.115234375,0.7130451202392578
962,0,1.9583203010406578,7564,0.0275,0.0,0.5,0,2,0,0,0.0010124538093805313,0.18774005770683289,0.5220744609832764,0.0018786767031997442,0.0,0.7011978626251221
963,0,1.8492480424174573,7571,0.02,0.0,0.0,0,0,0,0,-0.006258144974708557,0.2480006217956543,0.5543059706687927,0.004655920900404453,0.087890625,0.6813571453094482
964,0,1.869892560876906,7578,0.025,0.0,0.5,0,1,0,0,-0.00029169395565986633,0.08694171905517578,0.553577184677124,0.0071111321449279785,0.033203125,0.6984261870384216
965,0,1.964130828375346,7585,0.1825,0.5,1.0,0,20,0,0,-0.007814871147274971,0.11966447532176971,0.5645974278450012,0.0008811065927147865,0.07421875,0.6940872669219971
966,0,2.2917577805928886,7594,0.0725,0.5,1.0,0,7,0,0,0.002195223467424512,0.15034903585910797,0.5859388113021851,0.004098572768270969,0.001953125,0.6854432225227356
967,0,2.0756835689826403,7602,0.09,0.5,1.0,0,9,0,0,-0.004125097766518593,0.05536939203739166,0.611743152141571,-0.0014318651519715786,0.0,0.6523252129554749
968,0,2.0771288798132446,7610,0.1775,0.5,1.0,0,19,0,0,-0.002526696305721998,0.03472788259387016,0.5684229135513306,0.004813619423657656,0.099609375,0.6787137389183044
969,0,2.075019520125352,7618,0.1325,0.5,1.0,0,14,0,0,-0.00723804859444499,0.06986209005117416,0.5950623154640198,0.008088874630630016,0.099609375,0.6586553454399109
970,0,1.858007819391787,7625,0.315,0.5,1.0,0,34,0,0,-0.0029063718393445015,0.06710344552993774,0.5774474143981934,0.015340535901486874,0.1015625,0.661368191242218
971,0,1.8486328066355782,7632,0.0875,0.5,1.0,0,9,0,0,-0.003925453405827284,0.06141908839344978,0.5511284470558167,0.00343196839094162,0.078125,0.6926535367965698
972,0,1.3756054641125957,7637,0.2325,0.5,1.0,0,25,0,0,0.003940397873520851,0.6045417189598083,0.5193243026733398,-0.00030552875250577927,0.017578125,0.7077754735946655
973,0,1.1106445328114205,7641,0.24,0.5,1.0,0,26,0,0,-0.0022214169148355722,2.911567449569702,0.5085827112197876,0.002841751556843519,0.0,0.7293335199356079
974,0,1.6183593538480636,7647,0.13,0.5,1.0,0,13,0,0,-0.004572354257106781,0.30907928943634033,0.563870370388031,0.0017708269879221916,0.068359375,0.6735745072364807
975,0,1.622265618021629,7653,0.2825,0.5,1.0,0,31,0,0,-0.006555927451699972,0.455529123544693,0.5951759219169617,0.0017687324434518814,0.12890625,0.673268735408783
976,0,1.9628808420384303,7661,0.0275,0.0,0.5,0,2,0,0,-0.0010830583050847054,0.08335453271865845,0.6046068072319031,-0.00022508995607495308,0.05859375,0.6605057120323181
977,0,2.1841503802861553,7669,0.055,0.5,1.0,0,5,0,0,-0.0018573825946077704,0.1725073605775833,0.6042438745498657,0.0017034418415278196,0.0,0.6389114856719971
978,0,1.8606640407524537,7676,0.2325,0.5,1.0,0,25,0,0,-0.0009716148488223553,0.06015831604599953,0.6178284883499146,-0.0008437107317149639,0.0,0.648450493812561
979,0,2.077724596587359,7684,0.1875,0.5,1.0,0,20,0,0,-0.003067364916205406,0.04951678216457367,0.5948090553283691,0.0054279835894703865,0.001953125,0.6679692268371582
980,0,1.8586132496639038,7691,0.3025,0.5,1.0,0,32,0,0,-0.0015759281814098358,0.03514432534575462,0.5655742287635803,0.012337146326899529,0.11328125,0.664047360420227
981,0,1.8348632856504992,7698,0.0775,0.5,1.0,0,8,0,0,0.0031363617163151503,0.6907302737236023,0.5549126863479614,0.0006104158237576485,0.0,0.6889445185661316
982,0,1.6256640512146987,7704,0.1475,0.5,1.0,0,15,0,0,-0.010662727989256382,0.18170711398124695,0.5907156467437744,0.0050893560983240604,0.08203125,0.6702622175216675
983,0,1.8503808489112998,7711,0.0775,0.5,1.0,0,8,0,0,0.0010539144277572632,0.05345410108566284,0.6013696193695068,0.005644877441227436,0.099609375,0.6522498726844788
984,0,1.8585351448418805,7718,0.095,0.5,1.0,0,10,0,0,-0.0055895522236824036,0.06892912089824677,0.6044908761978149,0.008104382082819939,0.0078125,0.6501492261886597
985,0,2.071718734114256,7726,0.055,0.5,1.0,0,5,0,0,0.005361548624932766,0.10538234561681747,0.5874890089035034,0.004013590980321169,0.076171875,0.6468135714530945
986,0,2.0770214702861267,7734,0.0475,0.5,1.0,0,4,0,0,-0.005784236826002598,0.06150361895561218,0.5531572103500366,0.0012992764823138714,0.037109375,0.6756617426872253
987,0,1.8555566262039065,7741,0.175,0.5,1.0,0,19,0,0,-0.005799867212772369,0.04596336558461189,0.5347554087638855,0.009665650315582752,0.125,0.6833332180976868
988,0,1.8606835967802908,7748,0.27,0.5,1.0,0,30,0,0,-0.006048225332051516,0.05418335646390915,0.5435882210731506,0.007088885642588139,0.10546875,0.691439688205719
989,0,1.6264160069149511,7754,0.33,0.5,1.0,0,36,0,0,0.0016951803117990494,0.24941055476665497,0.544593870639801,-0.0005359482020139694,0.0234375,0.6994679570198059
990,0,1.8505273436348944,7761,0.1175,0.5,1.0,0,12,0,0,-0.00672443863004446,0.12184800952672958,0.5980741381645203,0.00902363657951355,0.119140625,0.6757169961929321
991,0,1.6307226460121456,7767,0.28,0.5,1.0,0,29,0,0,-0.008126859553158283,0.21770136058330536,0.6398615837097168,0.025635970756411552,0.224609375,0.6550226807594299
992,0,2.1829980388683907,7776,0.0275,0.0,0.5,0,2,0,0,-0.0014537163078784943,0.08814585208892822,0.6105015277862549,0.0009255181066691875,0.0,0.661949872970581
993,0,1.9709081824512396,7783,0.2775,0.5,1.0,0,30,0,0,-0.00279267318546772,0.11715193092823029,0.5975587964057922,0.004076555836945772,0.013671875,0.6699044704437256
994,0,1.8529101341300702,7790,0.2575,0.5,1.0,0,28,0,0,0.0011823596432805061,0.07069163769483566,0.6167891621589661,0.0003088668454438448,0.0,0.6633773446083069
995,0,1.832499992877274,7797,0.305,0.5,1.0,0,32,0,0,-0.0031180474907159805,0.223005473613739,0.6050729751586914,-0.00029965490102767944,0.01171875,0.6684000492095947
996,0,1.8559765335230622,7804,0.2925,0.5,1.0,0,32,0,0,-0.0015512574464082718,0.03766239434480667,0.6247143745422363,-0.000209917314350605,0.0,0.6614423394203186
997,0,2.0756933488301,7812,0.2125,0.5,1.0,0,23,0,0,-0.0052943420596420765,0.047628067433834076,0.5787481069564819,0.0034201089292764664,0.013671875,0.67850661277771
998,0,1.8409765396318107,7819,0.25,0.5,1.0,0,27,0,0,9.743403643369675e-05,0.13041901588439941,0.6053507328033447,-0.001191120594739914,0.0,0.6675507426261902
999,0,1.8564452927967068,7826,0.2625,0.5,1.0,0,29,0,0,-0.0038720087613910437,0.10433715581893921,0.6168340444564819,0.003641886170953512,0.02734375,0.6797933578491211
1000,0,1.6296972472337075,7832,0.3525,0.5,1.0,0,37,0,0,-0.000598403625190258,0.19523172080516815,0.6387789249420166,-0.000319136306643486,0.0,0.6554322242736816
