update,scenario,rollout_reward_mean,episode_count,coverage_ratio,inspection_success_rate,target_detection_rate,mission_success,mission_time,collision_count,invalid_action_count,policy_loss,value_loss,entropy,approx_kl,clip_fraction,mean_action_probability
1,0,0.09698242332160589,0,0.1325,0.5,1.0,0,256,0,0,-0.008053467608988285,19.802663803100586,1.7818481922149658,0.0051946379244327545,0.0,0.16974633932113647
2,0,0.0839550788004999,2,0.0875,0.5,1.0,0,171,0,0,-0.0032763469498604536,22.387357711791992,1.7771822214126587,-0.000885107321664691,0.0,0.17158040404319763
3,0,0.18259765686525498,5,0.02,0.0,0.0,0,0,0,0,-0.0041120657697319984,41.66727066040039,1.771144151687622,-0.0012161759659647942,0.0,0.17350715398788452
4,0,0.4452441424000426,8,0.165,0.5,1.0,0,41,0,0,-0.00048631196841597557,85.76890563964844,1.7637090682983398,-0.0010219640098512173,0.0,0.17568418383598328
5,0,0.07965820491153863,9,0.0875,0.5,1.0,0,72,0,0,-0.0009193078149110079,22.914199829101562,1.7579841613769531,0.0025658556260168552,0.0,0.17279180884361267
6,0,0.0738574202878226,10,0.1025,0.5,1.0,0,160,0,0,-0.006739256903529167,21.512462615966797,1.7541651725769043,-0.000578760402277112,0.0,0.17870570719242096
7,0,0.14090820016281214,13,0.07,0.0,1.0,0,9,0,0,-0.004633049014955759,24.141756057739258,1.745826244354248,0.0008038473315536976,0.0,0.17882508039474487
8,0,0.2870703110966133,15,0.1125,0.5,1.0,0,104,0,0,-0.0031297574751079082,49.150787353515625,1.7368180751800537,0.0026611266657710075,0.0,0.17797408998012543
9,0,0.76958985548481,20,0.17,0.5,1.0,0,57,0,0,-0.0020539634861052036,134.59075927734375,1.7272711992263794,0.00012902775779366493,0.0,0.184897318482399
10,0,-0.008085937686701072,20,0.2475,0.5,1.0,0,313,0,0,-0.0052938079461455345,0.4017268419265747,1.7198517322540283,-0.00069617317058146,0.0,0.19110873341560364
11,0,-0.003261718768044375,20,0.36,0.5,1.0,0,569,0,0,-0.005683109164237976,0.16577668488025665,1.7087289094924927,0.0005791438743472099,0.0,0.19365474581718445
12,0,0.22837890047230758,22,0.075,0.5,1.0,0,84,0,0,0.0017824643291532993,38.22084426879883,1.69115149974823,0.004258677363395691,0.0,0.19523444771766663
13,0,0.026113281179277692,22,0.3925,0.5,1.0,0,340,0,0,-0.011899745091795921,0.14578957855701447,1.6645512580871582,0.0021279659122228622,0.0,0.20963311195373535
14,0,-0.01203125085157808,22,0.5725,0.5,1.0,0,596,0,0,0.0005787694826722145,0.4367287755012512,1.6450951099395752,-0.006136595271527767,0.0,0.21932746469974518
15,0,0.1407519558124477,24,0.3325,0.0,1.0,0,136,0,0,-0.0007037641480565071,11.365514755249023,1.6088159084320068,0.002138776471838355,0.0,0.22518369555473328
16,0,-0.016621094418951543,24,0.46,0.0,1.0,0,392,0,0,-0.0050324685871601105,0.3025350272655487,1.5998696088790894,-0.001275146147236228,0.0,0.2363051325082779
17,0,-0.022734375816071406,24,0.5675,0.0,1.0,0,648,0,0,-0.005119453649967909,0.30125942826271057,1.612363576889038,0.0026776811573654413,0.0,0.2294217348098755
18,0,0.19163085920445155,25,0.6475,0.5,1.0,0,204,0,0,0.0001605059951543808,26.1905574798584,1.5936579704284668,-0.0013355163391679525,0.0,0.23713237047195435
19,0,-0.028632812929572538,25,0.7275,0.5,1.0,0,460,0,0,-0.001705459668301046,0.3225361704826355,1.6132023334503174,-0.0008001148235052824,0.0,0.223065584897995
20,0,0.09985351134309894,26,0.0625,0.5,1.0,0,16,0,0,-0.0010357205756008625,20.29119873046875,1.620099425315857,-0.0002791290171444416,0.0,0.22511667013168335
21,0,0.043730468412832124,26,0.4825,0.5,1.0,0,272,0,0,-0.003729121992364526,0.6944829821586609,1.6016788482666016,-0.001341261900961399,0.0,0.22151091694831848
22,0,-0.006425781852158252,26,0.7025,0.5,1.0,0,528,0,0,-0.0016588810831308365,0.3705114424228668,1.6225740909576416,0.0007019625045359135,0.0,0.21876731514930725
23,0,0.14393554455818958,27,0.295,0.5,1.0,0,84,0,0,0.0014507127925753593,27.296611785888672,1.6024632453918457,-0.0008415959309786558,0.0,0.22818948328495026
24,0,0.01019531244673999,27,0.545,0.5,1.0,0,340,0,0,-0.005310786888003349,0.24144808948040009,1.5880975723266602,0.0006134198047220707,0.0,0.229635089635849
25,0,-0.00013671871420228854,27,0.755,0.5,1.0,0,596,0,0,-0.004188477993011475,0.6909011006355286,1.5865219831466675,0.002951987087726593,0.0,0.2335347831249237
26,0,0.17967773525379016,28,0.55,0.5,1.0,0,152,0,0,-0.0015398410614579916,21.249631881713867,1.5409728288650513,0.0006328260060399771,0.0,0.248676598072052
27,0,0.03039062442985596,28,0.94,0.5,1.0,0,408,0,0,-0.00352282146923244,0.6208010911941528,1.5311267375946045,0.005297909490764141,0.0,0.24991440773010254
28,0,-0.034843750814616214,28,0.95,0.5,1.0,0,664,0,0,-0.00021837721578776836,0.45476678013801575,1.5194309949874878,0.0014391550794243813,0.0,0.25468114018440247
29,0,0.07845703068596777,29,0.5375,0.0,1.0,0,220,0,0,-0.005531894974410534,1.442294716835022,1.4829293489456177,0.00040520518086850643,0.0,0.2732618451118469
30,0,-0.00039062584619387053,29,0.7525,0.0,1.0,0,476,0,0,-0.003804268781095743,0.5427163243293762,1.4693264961242676,-0.0013701017014682293,0.0,0.26962777972221375
31,0,0.027128905479912646,30,0.2625,0.0,1.0,0,32,0,0,-0.003895761212334037,1.5928339958190918,1.4387845993041992,0.0019163023680448532,0.0,0.2766657769680023
32,0,0.0619726557379181,30,0.8225,0.0,1.0,0,288,0,0,-0.00014741788618266582,1.0289790630340576,1.360421061515808,0.003114239778369665,0.0,0.30176588892936707
33,0,-0.02179687557509169,30,0.9425,0.0,1.0,0,544,0,0,0.00014289841055870056,0.35119903087615967,1.3641340732574463,-0.00017993943765759468,0.0,0.31772497296333313
34,0,0.08537109333337867,31,0.6025,0.0,1.0,0,100,0,0,-0.0016760819125920534,3.694347381591797,1.3545304536819458,0.0006096507422626019,0.0,0.3144518733024597
35,0,0.004121093152207322,31,0.85,0.0,1.0,0,356,0,0,-0.005619702395051718,0.801715075969696,1.3749446868896484,0.002962659113109112,0.0,0.314883291721344
36,0,-0.03865234442127985,31,0.85,0.0,1.0,0,612,0,0,-0.00551615608856082,0.2610231637954712,1.4093749523162842,0.0013588014990091324,0.0,0.30318719148635864
37,0,0.25840820435769274,33,0.81,0.0,1.0,0,159,0,0,-0.0055080302990973,21.32073211669922,1.3855282068252563,0.0006131131667643785,0.0,0.29267391562461853
38,0,-0.011054687754949555,33,0.9225,0.0,1.0,0,415,0,0,-0.004330834839493036,0.16509224474430084,1.391507625579834,0.00016953540034592152,0.0,0.29040566086769104
39,0,-0.028496093855210347,33,0.97,0.0,1.0,0,671,0,0,-0.006831296253949404,0.4138014316558838,1.3704622983932495,0.005706443917006254,0.0,0.3005281388759613
40,0,0.20512695338766207,34,0.69,0.5,1.0,0,227,0,0,-0.001290330197662115,16.54266357421875,1.3770240545272827,0.005489771254360676,0.0,0.28584611415863037
41,0,-0.005214844029978849,34,0.8575,0.5,1.0,0,483,0,0,-0.008092181757092476,0.45780572295188904,1.3831287622451782,0.009745568037033081,0.0,0.29041588306427
42,0,0.12427734351149411,35,0.845,0.0,1.0,0,212,0,0,0.0034197024069726467,3.0843217372894287,1.3321248292922974,0.006267591845244169,0.0,0.30298227071762085
43,0,-0.017050781214493327,35,0.9425,0.0,1.0,0,468,0,0,-0.0015694359317421913,0.3432605266571045,1.2849650382995605,0.0024477376136928797,0.0,0.33684438467025757
44,0,0.08890625035928679,36,0.67,0.0,1.0,0,250,0,0,-0.0013356399722397327,2.1021533012390137,1.2664941549301147,-0.001084278803318739,0.0,0.3612425625324249
45,0,0.040937499648862286,37,0.48,0.0,1.0,0,114,0,0,0.00018487218767404556,3.238429069519043,1.2359627485275269,4.006316885352135e-05,0.0,0.3753388822078705
46,0,0.03931640637892997,37,0.87,0.0,1.0,0,370,0,0,-0.001248820684850216,1.0816245079040527,1.232650876045227,-0.0006883156020194292,0.0,0.38996291160583496
47,0,0.03830078191094799,38,0.375,0.0,1.0,0,89,0,0,-0.001756502315402031,1.534050464630127,1.2287089824676514,-0.0013971817679703236,0.0,0.36863765120506287
48,0,0.03845703117622179,38,0.8625,0.0,1.0,0,345,0,0,5.05535863339901e-05,2.9246826171875,1.2213332653045654,-0.00020433543249964714,0.0,0.3890729248523712
49,0,0.18545898702723207,39,0.6875,0.5,1.0,0,187,0,0,-0.000896313926205039,24.935672760009766,1.2214577198028564,0.0004237731918692589,0.0,0.39099329710006714
50,0,0.1830371072210255,40,0.455,0.5,1.0,0,114,0,0,-0.0012161005288362503,17.1516056060791,1.2159278392791748,0.00012864707969129086,0.0,0.3922972083091736
51,0,0.04564453103739652,40,0.9075,0.5,1.0,0,370,0,0,-0.0030753621831536293,1.4775893688201904,1.2864830493927002,-0.0007928984705358744,0.0,0.35241156816482544
52,0,-0.01636718756344635,40,0.9375,0.5,1.0,0,626,0,0,-0.001734480494633317,0.2265034317970276,1.2287201881408691,-0.0005766227841377258,0.0,0.3814772963523865
53,0,0.08546874962485163,41,0.565,0.0,1.0,0,182,0,0,-0.0011805191170424223,0.9407519102096558,1.2649317979812622,-0.0007528832647949457,0.0,0.3621109426021576
54,0,0.14155273094729637,42,0.2675,0.5,1.0,0,29,0,0,0.0015813049394637346,26.846708297729492,1.2700821161270142,0.00035237427800893784,0.0,0.35980021953582764
55,0,0.07957031221667421,42,0.95,0.5,1.0,0,285,0,0,-0.00041767675429582596,1.933924913406372,1.320157527923584,0.0011239023879170418,0.0,0.344216912984848
56,0,0.11212890550814336,43,0.8425,0.0,1.0,0,231,0,0,-0.0006992110284045339,4.290680408477783,1.3138148784637451,0.0011320528574287891,0.0,0.3395991325378418
57,0,-0.011425781369325705,43,0.8925,0.0,1.0,0,487,0,0,-0.001416896004229784,0.3222355544567108,1.2848775386810303,0.0005809355061501265,0.0,0.3547838032245636
58,0,0.14381836139727966,44,0.285,0.5,1.0,0,43,0,0,0.0005510351620614529,19.9793758392334,1.3138360977172852,0.00026565208099782467,0.0,0.34615468978881836
59,0,0.05425781234225724,44,0.7775,0.5,1.0,0,299,0,0,-0.0006891719531267881,1.1626185178756714,1.3180090188980103,0.0001763280015438795,0.0,0.33406150341033936
60,0,-0.014062499925785232,45,0.06,0.0,1.0,0,8,0,0,-1.3030599802732468e-05,0.7331164479255676,1.352762222290039,-2.1453015506267548e-05,0.0,0.3244931697845459
61,0,0.06404296883556526,45,0.5775,0.0,1.0,0,264,0,0,-0.0030794600024819374,0.36912375688552856,1.3201985359191895,0.0016051274724304676,0.0,0.32577136158943176
62,0,0.007128906505386112,45,0.8275,0.0,1.0,0,520,0,0,-0.0019076642347499728,1.5427639484405518,1.3178651332855225,0.0016305532772094011,0.0,0.32721084356307983
63,0,0.1823925795215473,46,0.7175,0.5,1.0,0,251,0,0,-0.0014338400214910507,27.275859832763672,1.3157469034194946,0.0007308244239538908,0.0,0.33222928643226624
64,0,-0.013593750238214852,46,0.82,0.5,1.0,0,507,0,0,-0.0013195506762713194,0.3346208333969116,1.3429981470108032,0.0004115405026823282,0.0,0.34601080417633057
65,0,0.1852441384435224,47,0.7375,0.5,1.0,0,228,0,0,0.0003713201731443405,16.000717163085938,1.3418033123016357,0.0009633679874241352,0.0,0.32731348276138306
66,0,-0.0033007811034622137,47,0.8375,0.5,1.0,0,484,0,0,-0.0075518907979130745,0.16302210092544556,1.3001569509506226,0.002049566013738513,0.0,0.35224297642707825
67,0,0.03517578023092938,48,0.2425,0.0,1.0,0,40,0,0,-0.0023748083040118217,1.4420658349990845,1.3288826942443848,0.007351859472692013,0.001953125,0.3630642592906952
68,0,0.07068359322511242,48,0.815,0.0,1.0,0,296,0,0,-0.003284213598817587,1.3163501024246216,1.348887324333191,0.0020455429330468178,0.0,0.3328495919704437
69,0,-0.005234374686551746,48,0.9425,0.0,1.0,0,552,0,0,-0.0035997205413877964,0.8311508893966675,1.3048796653747559,0.0033550250809639692,0.0,0.3665468692779541
70,0,0.17276367454905994,49,0.52,0.5,1.0,0,108,0,0,-0.0028795849066227674,26.770856857299805,1.3304914236068726,-0.00018019089475274086,0.0,0.3525097966194153
71,0,0.018652343587746145,49,0.7575,0.5,1.0,0,364,0,0,-0.0013973512686789036,0.9563928246498108,1.3606582880020142,-0.0003072412218898535,0.0,0.3463878631591797
72,0,0.012402343374560587,49,0.935,0.5,1.0,0,620,0,0,-0.003151452401652932,0.3622877597808838,1.2740501165390015,0.00046717957593500614,0.0,0.3970450162887573
73,0,0.1872363251495699,50,0.57,0.5,1.0,0,176,0,0,-0.0016064883675426245,14.299352645874023,1.313175082206726,0.0012518989387899637,0.0,0.37109363079071045
74,0,0.004707031250291038,50,0.7625,0.5,1.0,0,432,0,0,-0.0026198956184089184,0.7930110692977905,1.310798168182373,-0.00018360605463385582,0.0,0.3700554072856903
75,0,0.0013281249011924956,50,0.865,0.5,1.0,0,688,0,0,-0.0013243677094578743,0.4277542233467102,1.2659778594970703,-8.636596612632275e-05,0.0,0.4213535487651825
76,0,0.6749316390814784,53,0.46,0.5,1.0,0,91,0,0,0.00030969828367233276,94.20471954345703,1.3433393239974976,0.0005623034667223692,0.0,0.35593846440315247
77,0,0.02576171830514795,53,0.7375,0.5,1.0,0,347,0,0,-0.0028683915734291077,1.4088503122329712,1.3484879732131958,-4.782108590006828e-06,0.0,0.3819180428981781
78,0,-0.0051562502230808605,53,0.8,0.5,1.0,0,603,0,0,-2.9735034331679344e-05,0.24606889486312866,1.3420439958572388,0.00018285727128386497,0.0,0.36981064081192017
79,0,0.19112304818554549,54,0.5475,0.5,1.0,0,159,0,0,-6.03250227868557e-05,19.22662353515625,1.3513963222503662,0.00037624407559633255,0.0,0.3609286844730377
80,0,0.3313085952104302,55,0.775,0.5,1.0,0,209,0,0,-0.0009489557705819607,36.76255798339844,1.3664677143096924,-0.0006463334430009127,0.0,0.3523481488227844
81,0,-0.011875000116560841,55,0.8075,0.5,1.0,0,465,0,0,-0.000955686904489994,1.1317031383514404,1.3790392875671387,-0.00013299426063895226,0.0,0.3486790657043457
82,0,0.1387988307942578,56,0.1975,0.5,1.0,0,21,0,0,-0.00033942400477826595,21.160268783569336,1.3662573099136353,0.0007065995596349239,0.0,0.3619520962238312
83,0,0.4171972713993455,59,0.155,0.5,1.0,0,31,0,0,-0.00024842098355293274,60.56001281738281,1.3962277173995972,0.0002718851901590824,0.0,0.3458854854106903
84,0,0.07339843697627657,59,0.765,0.5,1.0,0,287,0,0,-0.0026068619918078184,2.7168424129486084,1.4136977195739746,-6.290385499596596e-06,0.0,0.33677151799201965
85,0,0.3807128864173137,62,0.055,0.5,1.0,0,13,0,0,-0.00034387875348329544,57.28615188598633,1.3994569778442383,0.0003769681788980961,0.0,0.3292215168476105
86,0,0.4406347657495644,64,0.17,0.0,1.0,0,26,0,0,0.0004018382169306278,51.372779846191406,1.4088563919067383,-0.00018862402066588402,0.0,0.3398502469062805
87,0,0.662968746120896,66,0.2275,0.5,1.0,0,25,0,0,-0.0006982912309467793,93.80565643310547,1.4181628227233887,-0.0005336287431418896,0.0,0.3272143602371216
88,0,0.1701464880243293,67,0.5725,0.5,1.0,0,211,0,0,-0.001216923352330923,33.111793518066406,1.4520268440246582,-7.868255488574505e-05,0.0,0.3003529906272888
89,0,0.5756054702433175,69,0.3575,0.5,1.0,0,43,0,0,-0.0002487422898411751,63.970699310302734,1.4088398218154907,-0.0007037583272904158,0.0,0.3397599160671234
90,0,0.2718164093021187,70,0.335,0.5,1.0,0,137,0,0,-0.00017755618318915367,31.8770694732666,1.4133127927780151,-0.0003473383840173483,0.0,0.3147487938404083
91,0,0.25732422117653186,71,0.235,0.5,1.0,0,114,0,0,-0.00048055266961455345,27.34703826904297,1.4412806034088135,3.855000250041485e-05,0.0,0.3193921446800232
92,0,0.27218750288011506,72,0.305,0.5,1.0,0,102,0,0,-0.0006752875633537769,29.167579650878906,1.4306551218032837,0.0002844452392309904,0.0,0.32918161153793335
93,0,0.492021482099517,74,0.3325,0.5,1.0,0,98,0,0,-0.0007158834487199783,44.351200103759766,1.4494836330413818,-0.00023327255621552467,0.0,0.3057343065738678
94,0,0.7659375006223854,77,0.0825,0.5,1.0,0,30,0,0,-0.00029201339930295944,72.50118255615234,1.4455333948135376,-0.00012072175741195679,0.0,0.30993393063545227
95,0,0.3159570302814245,78,0.3725,0.5,1.0,0,98,0,0,-0.0006954118143767118,31.43349838256836,1.4199422597885132,7.147085852921009e-05,0.0,0.3219057023525238
96,0,0.5298242207572912,80,0.1625,0.5,1.0,0,31,0,0,-0.0005225506611168385,52.17384338378906,1.471100091934204,0.00012104888446629047,0.0,0.3001406192779541
97,0,0.624541023720667,83,0.0225,0.0,0.5,0,1,0,0,-0.00030799140222370625,62.92946243286133,1.4588340520858765,0.00030093034729361534,0.0,0.31555435061454773
98,0,0.45313476196679403,84,0.395,0.5,1.0,0,135,0,0,-0.0003976719453930855,45.869873046875,1.4550561904907227,-8.696364238858223e-05,0.0,0.30290770530700684
99,0,0.5286328047259303,86,0.3325,0.5,1.0,0,68,0,0,-0.00019242428243160248,50.533287048339844,1.4688003063201904,4.170066677033901e-05,0.0,0.2978658080101013
100,0,0.9094628975435626,90,0.0275,0.0,0.5,0,2,0,0,-0.00022188224829733372,71.11942291259766,1.449939250946045,-9.93779394775629e-05,0.0,0.30996501445770264
101,0,0.9003027344988368,93,0.215,0.5,1.0,0,50,0,0,-0.00031453417614102364,94.48804473876953,1.4515395164489746,-7.907464168965816e-05,0.0,0.31327614188194275
102,0,0.8395507863860985,97,0.0875,0.0,1.0,0,15,0,0,-0.0006142496131360531,83.43803405761719,1.425123929977417,2.4772947654128075e-05,0.0,0.32691097259521484
103,0,1.0030468877012026,101,0.0575,0.0,1.0,0,9,0,0,-7.121660746634007e-05,88.07572174072266,1.465864896774292,-0.0001803082413971424,0.0,0.29474198818206787
104,0,0.431181638588896,102,0.2825,0.5,1.0,0,48,0,0,-0.0006760167889297009,38.196815490722656,1.4701740741729736,0.0007029660046100616,0.0,0.30517399311065674
105,0,0.46086913806720986,104,0.47,0.5,1.0,0,73,0,0,-0.0006356678786687553,73.602783203125,1.4742447137832642,0.0002626387868076563,0.0,0.29113027453422546
106,0,0.6235058696802298,107,0.11,0.5,1.0,0,20,0,0,-0.0012495729606598616,71.54509735107422,1.4874918460845947,-0.0001631632912904024,0.0,0.2891274094581604
107,0,0.7917871112003922,110,0.155,0.5,1.0,0,19,0,0,-0.001024498138576746,67.94158172607422,1.4832972288131714,0.00046238256618380547,0.0,0.29185378551483154
108,0,1.0156054561957717,114,0.17,0.5,1.0,0,33,0,0,-0.001479415805079043,77.76998138427734,1.477814793586731,-0.0005495401564985514,0.0,0.2815502882003784
109,0,1.0388281261075463,119,0.2175,0.5,1.0,0,31,0,0,-0.0003048689104616642,81.6476821899414,1.4784140586853027,0.00036111706867814064,0.0,0.29992997646331787
110,0,0.8810253870869929,124,0.23,0.5,1.0,0,88,0,0,-0.000764480559155345,81.55836486816406,1.493567943572998,-0.00013507739640772343,0.0,0.2711542844772339
111,0,0.7811718789744191,128,0.3,0.5,1.0,0,34,0,0,-0.00024867034517228603,107.2945785522461,1.4800209999084473,-5.5867480114102364e-05,0.0,0.27811548113822937
112,0,1.2571386617419193,133,0.2025,0.5,1.0,0,28,0,0,-0.0002114693634212017,102.28430938720703,1.4762625694274902,0.0001771280076354742,0.0,0.29409846663475037
113,0,1.0484570388107386,138,0.0275,0.0,0.5,0,2,0,0,-0.00028216978535056114,102.36946868896484,1.4694088697433472,-1.6046687960624695e-06,0.0,0.2936088442802429
114,0,1.159785164931236,142,0.15,0.5,1.0,0,45,0,0,-0.00019773119129240513,92.61260223388672,1.4797756671905518,-0.00022440822795033455,0.0,0.28286516666412354
115,0,0.9858886793736019,147,0.28,0.5,1.0,0,71,0,0,-0.0007622577250003815,103.49580383300781,1.4817091226577759,-0.000232368940487504,0.0,0.2680778503417969
116,0,0.29837890121052624,148,0.4825,0.5,1.0,0,223,0,0,-0.0013546468690037727,25.82142448425293,1.4977319240570068,0.0011195715051144361,0.0,0.2765994071960449
117,0,0.5181249980887515,150,0.205,0.5,1.0,0,47,0,0,-0.0011332060676068068,38.36085891723633,1.4994760751724243,0.001220885431393981,0.0,0.2804175913333893
118,0,1.0599804649318685,154,0.1775,0.5,1.0,0,29,0,0,-0.00017810426652431488,88.33135986328125,1.4668554067611694,0.0009010115172713995,0.0,0.28326693177223206
119,0,1.46988279559082,161,0.02,0.0,0.0,0,0,0,0,-0.0007238090038299561,132.11605834960938,1.46821129322052,-0.00034910719841718674,0.0,0.2815602421760559
120,0,1.8608886701367737,169,0.1025,0.5,1.0,0,14,0,0,-0.0007817419245839119,168.89749145507812,1.4441732168197632,-0.0005134542006999254,0.0,0.30179572105407715
121,0,1.7010351585595345,176,0.1,0.5,1.0,0,29,0,0,-0.0003633648157119751,117.44662475585938,1.4581865072250366,-0.000488383462652564,0.0,0.29075607657432556
122,0,1.0346972679144528,180,0.11,0.5,1.0,0,17,0,0,-0.0008455496281385422,63.3730583190918,1.4493753910064697,0.00011344347149133682,0.0,0.29557180404663086
123,0,1.0872753963485593,185,0.08,0.5,1.0,0,16,0,0,-0.00047299405559897423,120.58781433105469,1.4784435033798218,0.0003008185885846615,0.0,0.2738742530345917
124,0,1.5901464778144145,192,0.1375,0.5,1.0,0,19,0,0,-0.00029520411044359207,146.74026489257812,1.439925193786621,-1.8372666090726852e-05,0.0,0.31137949228286743
125,0,1.1518261679520947,197,0.03,0.0,0.5,0,3,0,0,-0.00024208705872297287,84.8540267944336,1.457082986831665,7.957429625093937e-05,0.0,0.2820650637149811
126,0,1.8112011591620103,204,0.0575,0.5,1.0,0,9,0,0,-0.0001868803519755602,137.65658569335938,1.446023941040039,-0.0003242967650294304,0.0,0.3072405457496643
127,0,1.2012304700583627,209,0.0575,0.5,0.5,0,13,0,0,-0.00014739809557795525,82.71170043945312,1.4675836563110352,0.00011963490396738052,0.0,0.28139787912368774
128,0,1.5166699221917952,215,0.2725,0.5,1.0,0,32,0,0,-0.00010567426215857267,118.59453582763672,1.429152011871338,-0.0001130297314375639,0.0,0.290322870016098
129,0,1.5000781175040174,221,0.1625,0.5,1.0,0,21,0,0,-8.64267349243164e-06,107.04884338378906,1.436486840248108,-1.5677418559789658e-05,0.0,0.2902950346469879
130,0,1.8376367109667626,229,0.1275,0.5,1.0,0,14,0,0,-0.00020559784024953842,157.5159149169922,1.4338359832763672,-0.00013076048344373703,0.0,0.3042413592338562
131,0,1.0439550841110758,233,0.245,0.5,1.0,0,27,0,0,-0.00025069667026400566,65.65117645263672,1.4604716300964355,8.320179767906666e-05,0.0,0.28790223598480225
132,0,1.532226555114903,239,0.1325,0.5,1.0,0,14,0,0,-8.319644257426262e-05,106.06459045410156,1.4274073839187622,6.855931133031845e-06,0.0,0.3041149079799652
133,0,1.5896875013968383,246,0.1225,0.5,1.0,0,19,0,0,-0.0003378158435225487,122.38011932373047,1.431928038597107,1.1871103197336197e-05,0.0,0.29601240158081055
134,0,1.6005175706814043,253,0.0775,0.0,1.0,0,11,0,0,-0.0006574337603524327,86.3846664428711,1.4487361907958984,8.302438072860241e-05,0.0,0.29088184237480164
135,0,1.588896501070849,259,0.3225,0.5,1.0,0,36,0,0,0.00010840396862477064,123.69468688964844,1.4483773708343506,-0.0001057889312505722,0.0,0.2852970063686371
136,0,1.4763964727862913,267,0.055,0.5,1.0,0,21,0,0,-0.0003028903156518936,114.79365539550781,1.449488639831543,3.887503407895565e-05,0.0,0.2959868907928467
137,0,1.3722363232409407,273,0.0425,0.0,1.0,0,5,0,0,-0.00019300077110528946,68.74341583251953,1.4608893394470215,-4.605390131473541e-07,0.0,0.27391964197158813
138,0,1.49025389756207,279,0.1175,0.0,1.0,0,14,0,0,-0.0003472883254289627,91.42085266113281,1.4437949657440186,4.825415089726448e-06,0.0,0.2797923684120178
139,0,1.4655859369668178,285,0.035,0.5,1.0,0,4,0,0,-0.0006162486970424652,120.19586181640625,1.4406559467315674,0.00026818434707820415,0.0,0.28719669580459595
140,0,1.9562304683313414,293,0.0875,0.5,1.0,0,26,0,0,-0.00016221054829657078,142.6859130859375,1.4242618083953857,-0.00029669981449842453,0.0,0.2963308095932007
141,0,1.7380468718874909,300,0.125,0.5,1.0,0,13,0,0,-0.0001038992777466774,112.46128845214844,1.427201271057129,-8.103600703179836e-05,0.0,0.2968461215496063
142,0,1.9697656263269891,308,0.0925,0.5,1.0,0,10,0,0,-6.997538730502129e-05,121.86363983154297,1.418399453163147,-0.00011265208013355732,0.0,0.3000533878803253
143,0,1.2934081908861117,313,0.375,0.5,1.0,0,85,0,0,-0.0002293745055794716,79.62895965576172,1.4272761344909668,0.00010382244363427162,0.0,0.2931743860244751
144,0,0.03441406249476131,313,0.73,0.5,1.0,0,341,0,0,-0.00016119005158543587,11.666327476501465,1.4377586841583252,0.00017117289826273918,0.0,0.30307063460350037
145,0,-0.017500000129075488,313,0.805,0.5,1.0,0,597,0,0,-0.00013840687461197376,10.205909729003906,1.4352657794952393,0.0001218058168888092,0.0,0.3043895959854126
146,0,0.6343066430308681,317,0.14,0.5,1.0,0,22,0,0,-8.216593414545059e-05,67.85252380371094,1.4355580806732178,3.8266414776444435e-05,0.0,0.29927968978881836
147,0,1.8317480460355,325,0.0625,0.5,1.0,0,12,0,0,-5.10350801050663e-05,141.77902221679688,1.4230268001556396,0.00014498364180326462,0.0,0.29104503989219666
148,0,1.4196581998294278,332,0.055,0.5,1.0,0,6,0,0,-0.0012009073980152607,133.082763671875,1.4560837745666504,0.0001958275679498911,0.0,0.27154597640037537
149,0,1.6919238294394745,339,0.095,0.5,1.0,0,21,0,0,-0.0013280515559017658,111.63011932373047,1.437218427658081,-7.088412530720234e-05,0.0,0.2911067008972168
150,0,1.8856542924440873,347,0.17,0.5,1.0,0,27,0,0,-0.000604656059294939,124.8700942993164,1.4481871128082275,-0.00046589109115302563,0.0,0.2864696979522705
151,0,1.6889062439004192,355,0.08,0.5,1.0,0,21,0,0,-0.0007083602249622345,122.85862731933594,1.453324556350708,0.0006159532349556684,0.0,0.27717775106430054
152,0,1.8490234452146979,363,0.1575,0.0,1.0,0,17,0,0,-0.0002605642657727003,105.7649917602539,1.4380292892456055,-9.366543963551521e-06,0.0,0.28905507922172546
153,0,2.248720698749821,372,0.13,0.5,1.0,0,18,0,0,-0.0004603341221809387,130.579345703125,1.4275519847869873,1.1746305972337723e-05,0.0,0.29162898659706116
154,0,1.7196484405867523,379,0.0975,0.5,1.0,0,25,0,0,-0.00046102656051516533,111.95689392089844,1.4376624822616577,0.00026523019187152386,0.0,0.28780001401901245
155,0,2.364687505949405,389,0.13,0.5,1.0,0,16,0,0,-6.610131822526455e-05,129.54901123046875,1.4308933019638062,-7.158657535910606e-05,0.0,0.295733243227005
156,0,1.7086328273544495,396,0.29,0.5,1.0,0,32,0,0,-0.0001287094783037901,110.6353530883789,1.4443379640579224,0.00019975542090833187,0.0,0.2854851484298706
157,0,2.4406835705740377,406,0.105,0.5,1.0,0,14,0,0,-0.00037300726398825645,146.01043701171875,1.4154047966003418,-0.00017663836479187012,0.0,0.30331769585609436
158,0,2.219628896578797,415,0.2625,0.5,1.0,0,28,0,0,-0.0002200668677687645,138.71615600585938,1.4189404249191284,-0.00014026882126927376,0.0,0.29780465364456177
159,0,1.8736718562431633,423,0.3075,0.5,1.0,0,33,0,0,-0.0003603938966989517,157.79232788085938,1.4275344610214233,0.0002129704225808382,0.0,0.29126131534576416
160,0,1.910449214738037,431,0.16,0.5,1.0,0,18,0,0,-9.140931069850922e-07,123.84772491455078,1.4470220804214478,6.639305502176285e-05,0.0,0.2802799344062805
161,0,1.9580664150271332,439,0.2325,0.5,1.0,0,30,0,0,-8.719973266124725e-05,118.7257308959961,1.435286045074463,0.00012180907651782036,0.0,0.28954508900642395
162,0,2.3990332018438494,449,0.1075,0.5,1.0,0,13,0,0,-0.00019611138850450516,124.92469787597656,1.433532953262329,-0.00013851630501449108,0.0,0.2875009775161743
163,0,2.161953119109967,459,0.0725,0.5,1.0,0,7,0,0,-0.00012716744095087051,150.52210998535156,1.4273464679718018,0.00010637775994837284,0.0,0.28638723492622375
164,0,1.8954687484401802,467,0.025,0.0,0.5,0,1,0,0,-6.056949496269226e-05,99.43744659423828,1.4169516563415527,9.83942300081253e-07,0.0,0.2975175976753235
165,0,1.947802732946002,475,0.0875,0.5,1.0,0,9,0,0,-4.648277536034584e-05,127.30857849121094,1.419061303138733,-4.1375868022441864e-05,0.0,0.2889920175075531
166,0,1.7467871007720532,482,0.1025,0.5,1.0,0,27,0,0,-0.00036269333213567734,102.8670425415039,1.4259097576141357,0.00010865461081266403,0.0,0.29062527418136597
167,0,2.1828027512492554,491,0.105,0.5,1.0,0,12,0,0,-0.00024226726964116096,121.76760864257812,1.421440839767456,-8.224812336266041e-05,0.0,0.2946552336215973
168,0,2.486953134986834,502,0.02,0.0,0.0,0,0,0,0,-6.458861753344536e-05,139.19189453125,1.4276645183563232,0.000321811530739069,0.0,0.28434351086616516
169,0,2.03823241275677,510,0.16,0.5,1.0,0,23,0,0,-0.00013830699026584625,132.5391845703125,1.4321775436401367,-7.716473191976547e-06,0.0,0.28926998376846313
170,0,2.4554101580979477,521,0.02,0.0,0.0,0,0,0,0,-4.76897694170475e-05,125.18689727783203,1.4305037260055542,0.00017857016064226627,0.0,0.2843325734138489
171,0,2.090634782689449,529,0.215,0.5,1.0,0,25,0,0,-0.00016548973508179188,112.15657043457031,1.4134896993637085,9.868154302239418e-05,0.0,0.3001399338245392
172,0,1.5814257800557243,536,0.26,0.5,1.0,0,47,0,0,-0.000493526691570878,137.97352600097656,1.4415374994277954,0.000567062059417367,0.0,0.28249573707580566
173,0,1.4665722644786001,542,0.11,0.5,1.0,0,18,0,0,-0.0001098797656595707,79.33015441894531,1.434903621673584,0.0005856500938534737,0.0,0.2794713079929352
174,0,2.218554678878718,552,0.285,0.5,1.0,0,33,0,0,-0.0005956091918051243,154.32772827148438,1.3924651145935059,0.0001504095271229744,0.0,0.31146636605262756
175,0,2.6340429469782976,563,0.1475,0.5,1.0,0,17,0,0,0.0001818593591451645,145.91893005371094,1.405932068824768,-0.00023212656378746033,0.0,0.30970633029937744
176,0,2.395361316655908,574,0.0275,0.0,0.5,0,2,0,0,-0.0003988994285464287,125.76460266113281,1.408027172088623,-1.4170072972774506e-06,0.0,0.3015297055244446
177,0,2.394335937078722,585,0.0425,0.0,1.0,0,4,0,0,-0.0015301797538995743,147.8458251953125,1.4052536487579346,6.90582673996687e-05,0.0,0.29739663004875183
178,0,2.276240226103255,594,0.07,0.5,1.0,0,11,0,0,-0.0003200606442987919,120.11447143554688,1.4031716585159302,0.0005998446140438318,0.0,0.3010845184326172
179,0,2.3939648573104932,604,0.055,0.5,1.0,0,7,0,0,0.0002131860237568617,117.47611236572266,1.4030948877334595,5.259248428046703e-05,0.0,0.30070963501930237
180,0,2.328935532590549,614,0.0375,0.0,1.0,0,4,0,0,-0.0001518530771136284,110.74514770507812,1.3949347734451294,-0.00015290663577616215,0.0,0.2991243600845337
181,0,2.5456445126983454,624,0.1675,0.5,1.0,0,18,0,0,-0.00033044442534446716,134.38050842285156,1.380363941192627,-0.0001950664445757866,0.0,0.3063011169433594
182,0,2.407167959565413,634,0.235,0.5,1.0,0,27,0,0,-0.00029485393315553665,127.94503021240234,1.3947012424468994,9.749154560267925e-05,0.0,0.2961377799510956
183,0,2.6373730387604155,646,0.08,0.0,1.0,0,9,0,0,-0.00020371004939079285,153.9134521484375,1.3902785778045654,0.00018928688950836658,0.0,0.30373281240463257
184,0,2.1523339784616837,655,0.0925,0.0,1.0,0,10,0,0,5.644652992486954e-05,107.77510070800781,1.404447078704834,-0.00012307125143706799,0.0,0.3032495379447937
185,0,2.319755839598656,664,0.2375,0.5,1.0,0,37,0,0,-0.0003048926591873169,133.0221405029297,1.3785232305526733,-2.1677231416106224e-05,0.0,0.3151277005672455
186,0,2.393828125019354,674,0.1325,0.5,1.0,0,16,0,0,-0.00018815090879797935,131.96151733398438,1.4017090797424316,-1.864624209702015e-05,0.0,0.2930893898010254
187,0,2.217675777083059,683,0.1325,0.5,1.0,0,21,0,0,-0.0006638029590249062,111.55773162841797,1.383947730064392,-0.0004191366024315357,0.0,0.3065125644207001
188,0,2.2731933643080993,693,0.0325,0.0,1.0,0,3,0,0,9.734975174069405e-05,105.7922134399414,1.3928853273391724,0.0001309958752244711,0.0,0.29761195182800293
189,0,2.7147656223569356,705,0.0525,0.5,0.5,0,14,0,0,-0.0003099045716226101,146.62088012695312,1.390362024307251,-0.00014727353118360043,0.0,0.31240323185920715
190,0,2.2257617245377332,714,0.1875,0.5,1.0,0,20,0,0,-0.000710971187800169,100.4676742553711,1.3739562034606934,5.8665405958890915e-05,0.0,0.3129819631576538
191,0,2.1533789045133744,724,0.035,0.0,1.0,0,4,0,0,6.067287176847458e-05,114.29449462890625,1.3945478200912476,0.0004369216039776802,0.0,0.30117067694664
192,0,2.2317871141603973,733,0.155,0.5,1.0,0,20,0,0,-0.00022517680190503597,113.06777954101562,1.39910089969635,0.00031558494083583355,0.0,0.2882888913154602
193,0,2.366181647277699,743,0.045,0.5,1.0,0,13,0,0,-5.90798445045948e-05,123.87223815917969,1.3927834033966064,5.1353126764297485e-06,0.0,0.30062952637672424
194,0,2.0856249959615525,752,0.0475,0.0,1.0,0,5,0,0,-0.00026585906744003296,104.39179992675781,1.3902395963668823,-6.189779378473759e-05,0.0,0.2963167428970337
195,0,2.035039051235799,760,0.1075,0.5,1.0,0,16,0,0,-0.0004002247005701065,107.64202880859375,1.3990787267684937,0.00032778759486973286,0.0,0.28158318996429443
196,0,2.4257714687228145,770,0.0325,0.5,0.5,0,6,0,0,-0.000535640399903059,116.75897216796875,1.3659063577651978,-7.214909419417381e-05,0.0,0.32115161418914795
197,0,2.7438867179989757,782,0.02,0.0,0.0,0,0,0,0,-7.905345410108566e-05,130.41168212890625,1.36178457736969,-0.0003550599794834852,0.0,0.32324957847595215
198,0,2.7297949211824744,793,0.125,0.5,1.0,0,14,0,0,1.3401731848716736e-05,126.51473999023438,1.3719086647033691,-0.0002715671434998512,0.0,0.31937646865844727
199,0,2.2822168047750893,803,0.02,0.0,0.0,0,0,0,0,-0.00019907159730792046,112.38452911376953,1.3659782409667969,0.0005510381888598204,0.0,0.2949286997318268
200,0,2.5202148287789896,813,0.0425,0.5,1.0,0,5,0,0,-0.0001800842583179474,122.71514892578125,1.3640598058700562,-9.166030213236809e-05,0.0,0.30814632773399353
201,0,2.4091503903655394,823,0.05,0.5,1.0,0,14,0,0,-0.00038950052112340927,121.19137573242188,1.3659956455230713,-0.00033013010397553444,0.0,0.3161945939064026
202,0,2.4824023445798957,834,0.02,0.0,0.0,0,0,0,0,-0.0001723896712064743,119.82177734375,1.3554155826568604,0.0002533805090934038,0.0,0.30678462982177734
203,0,2.602421873529238,845,0.0625,0.5,1.0,0,7,0,0,-0.0012034671381115913,166.7017059326172,1.3613712787628174,0.0002318567130714655,0.0,0.3152211308479309
204,0,2.302343748477142,855,0.115,0.5,1.0,0,16,0,0,-0.0006612688302993774,163.42979431152344,1.3430739641189575,0.0010035992600023746,0.0,0.31421470642089844
205,0,2.383632797165774,866,0.06,0.0,1.0,0,9,0,0,-0.0008165715262293816,145.44619750976562,1.3516751527786255,0.0008969265036284924,0.0,0.31849610805511475
206,0,2.7232910138191073,877,0.0675,0.5,1.0,0,8,0,0,0.0001302715390920639,128.16934204101562,1.3489315509796143,0.00038596056401729584,0.0,0.3204267919063568
207,0,2.6341698851138062,888,0.1125,0.5,1.0,0,14,0,0,-0.00037198513746261597,123.08625030517578,1.351250410079956,-0.00021816068328917027,0.0,0.3181728720664978
208,0,3.0827538790872495,901,0.0275,0.5,0.5,0,4,0,0,-0.0004039253108203411,130.56503295898438,1.3553087711334229,0.0008584933821111917,0.0,0.31690672039985657
209,0,2.5333105445097317,912,0.0225,0.0,0.5,0,1,0,0,-0.0002740314230322838,112.08320617675781,1.3556840419769287,9.81171615421772e-05,0.0,0.314950555562973
210,0,2.547080067841307,922,0.1025,0.5,1.0,0,13,0,0,-0.0003067930811084807,122.67154693603516,1.357025384902954,0.000672630500048399,0.0,0.3193661570549011
211,0,2.6325585702288663,933,0.075,0.5,1.0,0,10,0,0,-0.000618412159383297,117.80390167236328,1.3674890995025635,0.00011730426922440529,0.0,0.3036520481109619
212,0,2.1386523353503435,943,0.0325,0.0,0.5,0,3,0,0,-0.00044187530875205994,121.82099151611328,1.3855819702148438,0.00020712986588478088,0.0,0.29311996698379517
213,0,2.5125390341963794,953,0.0625,0.5,1.0,0,9,0,0,-0.0001301085576415062,115.65721130371094,1.3642067909240723,0.0002543844748288393,0.0,0.3048878610134125
214,0,2.0880663970201567,962,0.065,0.0,1.0,0,16,0,0,-0.0005558081902563572,87.57052612304688,1.3636937141418457,-0.0004905438981950283,0.0,0.30404385924339294
215,0,2.3070019617298385,971,0.205,0.5,1.0,0,26,0,0,-0.0005599574651569128,98.18757629394531,1.3620270490646362,-0.0004034722223877907,0.0,0.3149228096008301
216,0,2.8710839721243246,983,0.095,0.5,1.0,0,10,0,0,-0.0005451422184705734,114.48992919921875,1.3544776439666748,0.0008721041958779097,0.0,0.3072115480899811
217,0,2.4038866963019245,993,0.0825,0.5,1.0,0,11,0,0,-0.00022539938800036907,105.31568908691406,1.3577442169189453,0.00017952732741832733,0.0,0.3002144694328308
218,0,1.439833984208235,999,0.33,0.0,1.0,0,48,0,0,-0.0005051176995038986,73.8710708618164,1.3612725734710693,0.00037026451900601387,0.0,0.2970947027206421
219,0,0.030390624822757673,999,0.625,0.0,1.0,0,304,0,0,0.0002477881498634815,44.12757873535156,1.358156442642212,9.904126636683941e-05,0.0,0.3209781348705292
220,0,0.021621093357680365,999,0.9075,0.0,1.0,0,560,0,0,-7.709045894443989e-05,56.44239044189453,1.32584547996521,0.0001819294411689043,0.0,0.3409113883972168
221,0,0.8621191375095805,1003,0.1225,0.5,1.0,0,15,0,0,4.9442052841186523e-05,63.489830017089844,1.3719285726547241,-4.193349741399288e-05,0.0,0.32369840145111084
222,0,2.217919905167946,1012,0.155,0.5,1.0,0,19,0,0,-0.00021638395264744759,87.29077911376953,1.3350138664245605,-0.0001517157070338726,0.0,0.32532799243927
223,0,0.30546874890933395,1013,0.625,0.5,1.0,0,241,0,0,-2.5041168555617332e-05,28.65091323852539,1.3401232957839966,-3.3974647521972656e-05,0.0,0.3262530267238617
224,0,0.012187499971332727,1013,0.84,0.5,1.0,0,497,0,0,-5.41729386895895e-05,25.517751693725586,1.3363312482833862,3.621797077357769e-05,0.0,0.34026744961738586
225,0,0.6095996069379908,1016,0.0825,0.5,1.0,0,13,0,0,-0.00017234357073903084,62.91674041748047,1.3423794507980347,5.660578608512878e-06,0.0,0.34508365392684937
226,0,2.1978222694669967,1025,0.2,0.5,1.0,0,24,0,0,-0.00022365571931004524,83.20072174072266,1.3369948863983154,-3.660237416625023e-05,0.0,0.3151519298553467
227,0,2.431826169242413,1035,0.0975,0.5,1.0,0,13,0,0,-0.000463895034044981,83.92949676513672,1.3257113695144653,-3.734440542757511e-05,0.0,0.3203321695327759
228,0,2.221503898177616,1044,0.125,0.5,1.0,0,26,0,0,-7.83875584602356e-05,84.47207641601562,1.3255976438522339,-0.0001417964231222868,0.0,0.316098690032959
229,0,2.4533691468459438,1055,0.0275,0.0,0.5,0,2,0,0,-0.0004884274676442146,81.0885009765625,1.3392887115478516,0.0001207070890814066,0.0,0.31609079241752625
230,0,2.3592968650373223,1065,0.035,0.0,1.0,0,4,0,0,-0.00023995921947062016,81.50943756103516,1.3476710319519043,7.41186086088419e-05,0.0,0.3066604435443878
231,0,2.081787107163109,1073,0.27,0.5,1.0,0,41,0,0,-0.0005372804589569569,78.90463256835938,1.3277616500854492,0.00045574153773486614,0.0,0.3280239403247833
232,0,2.110693357553828,1082,0.11,0.0,1.0,0,12,0,0,-0.00045403046533465385,72.29283905029297,1.3223497867584229,0.0006343894638121128,0.0,0.31949910521507263
233,0,2.5173437318626384,1092,0.1875,0.5,1.0,0,21,0,0,-0.0005939383991062641,87.61721801757812,1.3172129392623901,0.0003085080534219742,0.0,0.3336920142173767
234,0,2.6214452998356137,1103,0.2125,0.5,1.0,0,25,0,0,-0.0005677472800016403,87.94902038574219,1.31911039352417,0.00025318958796560764,0.0,0.3425171375274658
235,0,2.2096972822728276,1112,0.1675,0.5,1.0,0,18,0,0,1.192337367683649e-05,74.82476806640625,1.311387300491333,0.0002908215392380953,0.0,0.32673200964927673
236,0,2.5525878666921926,1123,0.0975,0.0,1.0,0,17,0,0,-0.0005368748679757118,83.18965148925781,1.309997797012329,-0.00010520126670598984,0.0,0.31909266114234924
237,0,2.2421582059032517,1132,0.04,0.5,1.0,0,13,0,0,1.2936070561408997e-05,78.78305053710938,1.3301126956939697,-0.00010942178778350353,0.0,0.3100026547908783
238,0,2.652529289258382,1143,0.0825,0.5,1.0,0,9,0,0,-4.349276423454285e-05,88.45279693603516,1.3075840473175049,-0.00010611489415168762,0.0,0.32932618260383606
239,0,2.527119139162096,1154,0.0275,0.0,0.5,0,2,0,0,-0.0003220774233341217,71.0910873413086,1.3091422319412231,7.685879245400429e-05,0.0,0.3264623284339905
240,0,1.853730454458855,1161,0.3575,0.5,1.0,0,82,0,0,1.2017320841550827e-05,59.02238845825195,1.317817211151123,1.3768672943115234e-05,0.0,0.31968003511428833
241,0,0.047011718848807504,1161,0.7825,0.5,1.0,0,338,0,0,-0.0004606335423886776,11.13440227508545,1.3028786182403564,7.031555287539959e-05,0.0,0.34958741068840027
242,0,2.0492089726576523,1170,0.0475,0.5,1.0,0,15,0,0,-0.00028384989127516747,58.471012115478516,1.3045445680618286,0.0004293241072446108,0.0,0.32737642526626587
243,0,2.627910148305091,1181,0.25,0.5,1.0,0,29,0,0,-0.00018672319129109383,71.37804412841797,1.3050897121429443,0.0003874623216688633,0.0,0.32196345925331116
244,0,2.600429673824692,1192,0.0675,0.5,1.0,0,8,0,0,-0.00016843760386109352,74.74205780029297,1.3131392002105713,0.0001449610572308302,0.0,0.32407233119010925
245,0,2.967382808936236,1205,0.035,0.0,1.0,0,4,0,0,-0.0003373553045094013,75.88593292236328,1.3003497123718262,-9.480700828135014e-05,0.0,0.3341312110424042
246,0,2.847988276018441,1217,0.035,0.0,1.0,0,4,0,0,-0.0007108375430107117,70.83133697509766,1.296022891998291,0.00010996428318321705,0.0,0.3347232937812805
247,0,2.94462889933493,1229,0.2,0.5,1.0,0,22,0,0,0.0001890445128083229,75.4238052368164,1.2890657186508179,0.00012315879575908184,0.0,0.3421362638473511
248,0,2.8983007845454267,1241,0.1275,0.5,1.0,0,16,0,0,-0.00011704210191965103,70.85395812988281,1.278943657875061,-2.0363833755254745e-05,0.0,0.33612924814224243
249,0,2.648007797084574,1252,0.1175,0.5,1.0,0,12,0,0,-0.00034963665530085564,65.80342864990234,1.292336106300354,-3.1457049772143364e-05,0.0,0.32600754499435425
250,0,2.5382226537731185,1263,0.035,0.0,1.0,0,4,0,0,-0.00019609788432717323,61.759647369384766,1.296416997909546,0.0003976395819336176,0.0,0.3395494222640991
251,0,2.623876933623251,1274,0.0275,0.0,0.5,0,2,0,0,-0.0003232823219150305,62.56787872314453,1.2984440326690674,8.769519627094269e-05,0.0,0.3366924226284027
252,0,2.244843737458723,1283,0.0475,0.0,1.0,0,6,0,0,-6.176391616463661e-05,50.76947021484375,1.2846585512161255,3.551458939909935e-05,0.0,0.3332102298736572
253,0,2.514755854735995,1294,0.1275,0.5,1.0,0,17,0,0,-0.0005686478689312935,99.11925506591797,1.3053089380264282,-7.274281233549118e-05,0.0,0.3280618190765381
254,0,2.399980457401398,1304,0.055,0.5,1.0,0,32,0,0,7.606204599142075e-05,53.19441604614258,1.3073844909667969,0.0002623915206640959,0.0,0.33588454127311707
255,0,2.402832026276883,1314,0.055,0.5,1.0,0,5,0,0,-0.0017484761774539948,54.62528610229492,1.305226445198059,0.0010482780635356903,0.0,0.3328387141227722
256,0,2.580458966011065,1325,0.025,0.0,0.5,0,1,0,0,-0.003194047138094902,53.334293365478516,1.280308485031128,0.00038778060115873814,0.0,0.33737286925315857
257,0,2.295498041814426,1334,0.1275,0.5,1.0,0,18,0,0,-0.0006611882708966732,54.59870147705078,1.2935885190963745,0.0001203194260597229,0.0,0.3291778564453125
258,0,2.8911621011611714,1346,0.1125,0.5,1.0,0,11,0,0,0.0007328949868679047,63.59266662597656,1.2772676944732666,0.0006804761942476034,0.0,0.3342835009098053
259,0,2.7353222734018345,1358,0.035,0.0,1.0,0,4,0,0,-0.00010728323832154274,56.393795013427734,1.2924816608428955,-0.00011018780060112476,0.0,0.3409498929977417
260,0,3.2006249868354644,1371,0.0475,0.5,1.0,0,5,0,0,-0.0005693528801202774,66.27627563476562,1.2766858339309692,-1.172511838376522e-05,0.0,0.3435629904270172
261,0,0.10089843648165697,1371,0.8025,0.5,1.0,0,261,0,0,1.8701422959566116e-05,8.647370338439941,1.3361859321594238,3.331713378429413e-05,0.0,0.31636032462120056
262,0,1.6633203033525206,1379,0.04,0.5,1.0,0,12,0,0,-0.0004246947355568409,57.850547790527344,1.2975159883499146,-0.00011595850810408592,0.0,0.33353227376937866
263,0,2.7665038743762125,1391,0.0275,0.0,0.5,0,2,0,0,-0.0004828795790672302,47.891265869140625,1.2779837846755981,0.0002995480317622423,0.0,0.33999812602996826
264,0,2.9887499864053098,1403,0.0725,0.5,1.0,0,9,0,0,-7.410114631056786e-05,50.24077606201172,1.2770994901657104,0.00013219122774899006,0.0,0.3395921587944031
265,0,2.816162109684228,1415,0.22,0.5,1.0,0,25,0,0,-0.0005397042259573936,47.058372497558594,1.293580412864685,-2.123648300766945e-06,0.0,0.32769685983657837
266,0,3.260937494425889,1429,0.055,0.5,1.0,0,8,0,0,0.00012692157179117203,58.03550720214844,1.2788846492767334,-0.00010281451977789402,0.0,0.3478487432003021
267,0,3.211914034705842,1443,0.03,0.0,0.5,0,2,0,0,-0.00036483327858150005,55.85964584350586,1.2690892219543457,0.00048518343828618526,0.0,0.3438986539840698
268,0,3.0153808484901674,1455,0.1275,0.5,1.0,0,15,0,0,-0.0004621203988790512,52.59840774536133,1.2654730081558228,1.4455290511250496e-05,0.0,0.3414256274700165
269,0,2.440351559118426,1465,0.355,0.5,1.0,0,49,0,0,-0.0010506454855203629,41.47658920288086,1.272694706916809,0.001065391581505537,0.0,0.34544023871421814
270,0,1.2557226439930673,1471,0.0325,0.0,0.5,0,3,0,0,-0.00010703573934733868,26.30865478515625,1.302329421043396,-0.0005566447507590055,0.0,0.33727508783340454
271,0,2.6905273512820713,1482,0.135,0.5,1.0,0,14,0,0,-0.00012995582073926926,38.733245849609375,1.3004010915756226,-0.0004281171131879091,0.0,0.3190590739250183
272,0,2.6142675732226053,1493,0.115,0.5,1.0,0,13,0,0,-0.0003109467215836048,37.42924880981445,1.2914122343063354,-0.00016317679546773434,0.0,0.3253366947174072
273,0,3.3122070195167908,1507,0.0775,0.5,1.0,0,7,0,0,-0.0008278461173176765,46.451568603515625,1.2741786241531372,-4.306808114051819e-05,0.0,0.3482219874858856
274,0,3.0815331793673977,1520,0.0675,0.5,1.0,0,7,0,0,-0.00048464955762028694,44.38018035888672,1.2830060720443726,3.545312210917473e-06,0.0,0.3364515006542206
275,0,2.712656249757856,1533,0.0275,0.0,0.5,0,2,0,0,-0.0007409746758639812,78.4771957397461,1.2882766723632812,8.226651698350906e-05,0.0,0.3273983597755432
276,0,2.9834277343470603,1545,0.08,0.5,1.0,0,9,0,0,-0.0009011714719235897,42.473907470703125,1.2740747928619385,-0.00033641443587839603,0.0,0.34271085262298584
277,0,2.991435513806209,1558,0.0675,0.0,1.0,0,7,0,0,0.0003050975501537323,38.18254089355469,1.2743215560913086,-0.0004811869002878666,0.0,0.33469727635383606
278,0,2.643574214329419,1569,0.07,0.5,1.0,0,8,0,0,-0.00046535860747098923,49.238555908203125,1.2660080194473267,2.5639310479164124e-06,0.0,0.3375988006591797
279,0,2.8821484325999336,1582,0.105,0.5,1.0,0,12,0,0,-0.0002917356323450804,81.48267364501953,1.2630128860473633,0.0001892580185085535,0.0,0.3323836028575897
280,0,2.7810839691519504,1594,0.025,0.0,0.5,0,1,0,0,-0.0006130901165306568,32.28524398803711,1.2587943077087402,0.00032189139164984226,0.0,0.33618414402008057
281,0,3.07914062445343,1607,0.02,0.0,0.0,0,0,0,0,-0.0004425225779414177,39.34538269042969,1.256935954093933,0.0004908628761768341,0.0,0.3484611213207245
282,0,3.015546858412563,1619,0.095,0.5,1.0,0,12,0,0,-0.0001466851681470871,38.687782287597656,1.2435061931610107,0.0005717966705560684,0.0,0.3478410542011261
283,0,3.541796847959631,1634,0.0675,0.5,1.0,0,9,0,0,-0.0001960117369890213,43.01567077636719,1.2441738843917847,-0.0004951811861246824,0.0,0.3652750551700592
284,0,3.156152326355368,1648,0.02,0.0,0.0,0,0,0,0,-0.001261184923350811,32.864341735839844,1.2528629302978516,0.0001260207500308752,0.0,0.33846786618232727
285,0,3.111572243298724,1661,0.035,0.0,1.0,0,4,0,0,-0.00013830093666911125,32.056983947753906,1.240383267402649,9.132781997323036e-05,0.0,0.3491838872432709
286,0,2.9932421535631875,1673,0.23,0.5,1.0,0,30,0,0,9.980890899896622e-05,28.273109436035156,1.233694076538086,-0.0002515518572181463,0.0,0.3547367453575134
287,0,1.9222460802120622,1682,0.0425,0.0,1.0,0,5,0,0,-0.0004045309033244848,23.867727279663086,1.2620652914047241,-0.0001841099001467228,0.0,0.355616956949234
288,0,3.153037079562637,1695,0.1175,0.5,1.0,0,13,0,0,-0.0007406161166727543,26.968929290771484,1.2437127828598022,-0.00010728812776505947,0.0,0.3494619131088257
289,0,3.0167187428414763,1708,0.0425,0.0,1.0,0,4,0,0,-0.00026864558458328247,26.89036750793457,1.227035641670227,0.00036704004742205143,0.0,0.34231123328208923
290,0,3.426933577597083,1722,0.085,0.5,1.0,0,11,0,0,-6.0510821640491486e-05,28.528697967529297,1.2268340587615967,5.762767978012562e-05,0.0,0.35451266169548035
291,0,3.11164062761236,1735,0.1275,0.5,1.0,0,15,0,0,-0.0003182536456733942,27.22577476501465,1.2232192754745483,0.00013197981752455235,0.0,0.35352134704589844
292,0,3.0719531089198426,1748,0.0875,0.5,1.0,0,11,0,0,-0.00018153991550207138,27.61874771118164,1.2315025329589844,0.0002650835085660219,0.0,0.35189518332481384
293,0,3.0504101458136574,1761,0.0825,0.5,1.0,0,10,0,0,-0.00029969634488224983,24.986801147460938,1.2333331108093262,0.0003349368926137686,0.0,0.3487645983695984
294,0,3.181923812109744,1775,0.0475,0.0,1.0,0,5,0,0,-2.5768298655748367e-05,23.684450149536133,1.2349958419799805,4.61135059595108e-05,0.0,0.34845060110092163
295,0,3.20735351905023,1788,0.0975,0.5,1.0,0,17,0,0,-0.0005873506888747215,22.157329559326172,1.2224313020706177,-0.00015092617832124233,0.0,0.3571368455886841
296,0,2.8383398426121857,1800,0.09,0.5,0.5,0,19,0,0,-0.0006367950700223446,21.7457275390625,1.2309880256652832,-5.156942643225193e-05,0.0,0.34730449318885803
297,0,2.768144530000427,1812,0.03,0.0,0.5,0,3,0,0,-0.001199173741042614,20.24629783630371,1.2276586294174194,0.0005141259171068668,0.0,0.33855974674224854
298,0,3.296904300997994,1826,0.0875,0.5,1.0,0,12,0,0,0.00011632288806140423,41.19483184814453,1.218994140625,-0.000694874906912446,0.0,0.35873353481292725
299,0,3.06859375881686,1839,0.1075,0.5,1.0,0,13,0,0,-0.00037758704274892807,18.770971298217773,1.2163660526275635,-0.0005066669546067715,0.0,0.35417115688323975
300,0,3.087910131071112,1852,0.0875,0.5,1.0,0,11,0,0,-0.0009964504279196262,18.2419376373291,1.209417462348938,-0.0003704994451254606,0.0,0.35825568437576294
301,0,2.875976540355623,1864,0.3925,0.5,1.0,0,41,0,0,-0.001221629325300455,15.226239204406738,1.2027053833007812,0.0005018985830247402,0.0,0.35567817091941833
302,0,0.3714355413649173,1866,0.1375,0.5,1.0,0,17,0,0,-0.0008988576009869576,5.035362243652344,1.248570442199707,0.0002265500370413065,0.0,0.34839296340942383
303,0,3.059794908887852,1879,0.0275,0.5,0.5,0,4,0,0,-0.0011929881293326616,19.922250747680664,1.2093391418457031,0.0005063796415925026,0.0,0.34527766704559326
304,0,2.980712866075919,1892,0.02,0.0,0.0,0,0,0,0,-8.624279871582985e-05,16.48367691040039,1.1986467838287354,3.625033423304558e-05,0.0,0.35417062044143677
305,0,3.2003710708413564,1905,0.0325,0.5,1.0,0,3,0,0,-0.00033147726207971573,16.8277645111084,1.2017769813537598,-0.00016752653755247593,0.0,0.3504335880279541
306,0,3.302705085792695,1919,0.0725,0.5,1.0,0,8,0,0,-0.0009012493537738919,16.434871673583984,1.1962089538574219,-0.0002545483876019716,0.0,0.3558908700942993
307,0,3.3277734230432543,1933,0.1575,0.5,1.0,0,19,0,0,-0.00040818145498633385,15.884763717651367,1.188443899154663,-7.921108044683933e-05,0.0,0.3682185709476471
308,0,2.9640331839982537,1946,0.02,0.0,0.0,0,0,0,0,0.0001516443444415927,13.237192153930664,1.1921249628067017,0.00043004797771573067,0.0,0.3530557453632355
309,0,2.9821581719334063,1958,0.1275,0.5,1.0,0,15,0,0,-0.0008584354072809219,13.562300682067871,1.1937426328659058,0.0001113181933760643,0.0,0.3569023609161377
310,0,3.118447242570255,1971,0.1,0.5,1.0,0,11,0,0,-0.0002686725929379463,13.92470645904541,1.1833058595657349,-0.00030001020058989525,0.0,0.3642702102661133
311,0,3.1023632823271328,1984,0.0725,0.5,1.0,0,11,0,0,-0.0015363297425210476,12.599021911621094,1.1896512508392334,0.000393465394154191,0.0,0.3540343642234802
312,0,3.1803027190544526,1998,0.0225,0.0,0.5,0,1,0,0,-0.0007919357158243656,11.82059097290039,1.1934690475463867,-0.0007449502591043711,0.0,0.361322820186615
313,0,3.000156228798005,2010,0.08,0.5,1.0,0,8,0,0,-0.0009298603981733322,11.544628143310547,1.182897925376892,0.0015325157437473536,0.0,0.3539600670337677
314,0,3.6368457008538826,2026,0.095,0.5,1.0,0,13,0,0,0.0004893359146080911,24.061704635620117,1.1819075345993042,5.6906603276729584e-05,0.0,0.3759709596633911
315,0,3.429462875785248,2041,0.1,0.5,1.0,0,11,0,0,-0.0010327808558940887,32.71844482421875,1.1798557043075562,0.0008447293657809496,0.0,0.3761172294616699
316,0,3.0575683581664634,2054,0.0775,0.5,1.0,0,8,0,0,-0.0005128879565745592,8.91834831237793,1.1914175748825073,-0.0005408548749983311,0.0,0.35664090514183044
317,0,3.1036620996383135,2067,0.115,0.5,1.0,0,12,0,0,-0.00014912337064743042,9.357626914978027,1.1902079582214355,9.789597243070602e-05,0.0,0.35017719864845276
318,0,3.115478522177,2080,0.0825,0.5,1.0,0,9,0,0,-0.0012268656864762306,9.102496147155762,1.1866059303283691,-4.566088318824768e-05,0.0,0.3661095201969147
319,0,2.8707714674601448,2092,0.1175,0.5,1.0,0,15,0,0,-0.0007840292528271675,7.278528213500977,1.1919513940811157,0.0011493198107928038,0.0,0.3507217764854431
320,0,3.1177734111806785,2105,0.135,0.5,1.0,0,19,0,0,-0.00038132257759571075,8.059588432312012,1.18739914894104,0.00018058298155665398,0.0,0.36588549613952637
321,0,3.310527323068527,2119,0.1075,0.5,1.0,0,13,0,0,-6.55418261885643e-06,6.721600532531738,1.1968218088150024,0.00027535739354789257,0.0,0.3574310839176178
322,0,3.226894520499627,2133,0.0275,0.0,0.5,0,2,0,0,-0.0013741045258939266,7.054803371429443,1.196783423423767,-0.00018932484090328217,0.0,0.34983640909194946
323,0,2.9990429501849576,2145,0.13,0.5,1.0,0,14,0,0,-0.001622311770915985,6.7358503341674805,1.1966973543167114,0.0002941393759101629,0.0,0.3490805923938751
324,0,3.3429589630832197,2159,0.045,0.5,1.0,0,4,0,0,-0.0013513346202671528,6.567819595336914,1.1987704038619995,-0.0008707824163138866,0.0,0.3630620837211609
325,0,2.881064443878131,2171,0.1,0.5,1.0,0,11,0,0,-0.00040812697261571884,5.879746913909912,1.2030807733535767,0.0003397755790501833,0.0,0.3445402979850769
326,0,3.2053613244097505,2185,0.0225,0.0,0.5,0,1,0,0,-3.0002091079950333e-05,5.5761260986328125,1.1975359916687012,0.00018600374460220337,0.0,0.35432982444763184
327,0,3.2226562270516297,2198,0.1775,0.5,1.0,0,20,0,0,-0.0011152075603604317,4.891819000244141,1.200355052947998,-0.0006073901895433664,0.0,0.3524467945098877
328,0,3.121064454473526,2211,0.06,0.5,1.0,0,7,0,0,-0.0011296402662992477,4.656236171722412,1.2020785808563232,0.0010269649792462587,0.0,0.3510868549346924
329,0,3.0348242075851886,2224,0.0475,0.0,1.0,0,4,0,0,-0.0015706159174442291,3.912792444229126,1.2001135349273682,-0.0008337683975696564,0.0,0.3552008867263794
330,0,2.7910351526152226,2235,0.1625,0.5,1.0,0,18,0,0,-0.00043146684765815735,3.3895516395568848,1.1963777542114258,0.0024873337242752314,0.0,0.3489835560321808
331,0,2.9051464917829435,2247,0.1125,0.5,1.0,0,12,0,0,-0.002124759368598461,3.4859464168548584,1.1877899169921875,0.0013542657252401114,0.0,0.3532644510269165
332,0,2.780146467302984,2259,0.02,0.0,0.0,0,0,0,0,-0.002051936462521553,2.808032989501953,1.1795254945755005,0.0020558959804475307,0.0,0.36322271823883057
333,0,2.1518652455924894,2267,0.175,0.5,1.0,0,19,0,0,-0.0004916880279779434,3.068157434463501,1.1663033962249756,-6.143003702163696e-05,0.0,0.3709046244621277
334,0,2.487441407956794,2277,0.07,0.5,1.0,0,7,0,0,-0.002259311266243458,2.296421527862549,1.1591298580169678,0.0004143142141401768,0.0,0.36984753608703613
335,0,2.491259757865919,2287,0.3525,0.5,1.0,0,40,0,0,7.514399476349354e-05,2.433572292327881,1.1536118984222412,-0.002397520001977682,0.0,0.36731529235839844
336,0,2.4729199110552145,2297,0.1475,0.5,1.0,0,15,0,0,-0.0033897757530212402,2.5722904205322266,1.1622213125228882,0.0003183733206242323,0.0,0.36287200450897217
337,0,2.5750097594500403,2308,0.02,0.0,0.0,0,0,0,0,-0.0005512326024472713,1.9998263120651245,1.1606680154800415,-0.0013528545387089252,0.0,0.37430596351623535
338,0,2.378505845881591,2317,0.18,0.5,1.0,0,22,0,0,-0.0013853819109499454,1.8681471347808838,1.1424978971481323,0.0006763325072824955,0.0,0.37801626324653625
339,0,2.4650488225306617,2327,0.185,0.5,1.0,0,20,0,0,-0.002529841847717762,2.8840394020080566,1.1285157203674316,0.0018893498927354813,0.0,0.3894619941711426
340,0,2.8214355260133743,2339,0.035,0.0,1.0,0,4,0,0,0.001152310986071825,1.0976383686065674,1.11912202835083,0.0020074236672371626,0.0,0.3718531131744385
341,0,2.9101074184072786,2351,0.0325,0.0,1.0,0,3,0,0,-0.0019240789115428925,1.815584659576416,1.110978126525879,0.0020420337095856667,0.0,0.3786851167678833
342,0,2.7025097629084485,2362,0.05,0.0,1.0,0,5,0,0,-0.0009669852443039417,1.4652858972549438,1.108259916305542,0.0005849655717611313,0.0,0.39862489700317383
343,0,2.9644238301225414,2374,0.1475,0.5,1.0,0,16,0,0,-0.000621455954387784,1.8211365938186646,1.1372308731079102,0.001157756196334958,0.0,0.3782416880130768
344,0,2.9083495933045924,2386,0.1625,0.5,1.0,0,18,0,0,-0.002461868803948164,1.1662464141845703,1.1264041662216187,-4.187575541436672e-05,0.0,0.3790711760520935
345,0,2.6026366999722086,2397,0.0375,0.0,1.0,0,3,0,0,-0.0047518415376544,1.2233178615570068,1.1231977939605713,-0.0032319887541234493,0.0,0.38516199588775635
346,0,2.7846972600564186,2408,0.14,0.5,1.0,0,14,0,0,-0.0013212943449616432,1.7090821266174316,1.1274516582489014,0.0014043424744158983,0.0,0.37890392541885376
347,0,2.477617181946698,2418,0.16,0.5,1.0,0,17,0,0,0.0007402123883366585,0.955471932888031,1.1333929300308228,0.0006363764405250549,0.0,0.37023770809173584
348,0,2.357509767563897,2428,0.0225,0.0,0.5,0,1,0,0,-0.0010115159675478935,1.250328779220581,1.1414756774902344,-0.0012656932231038809,0.0,0.37216901779174805
349,0,2.3628906321464456,2437,0.09,0.5,1.0,0,9,0,0,-0.004741739481687546,1.4773287773132324,1.1542799472808838,-0.0006896459963172674,0.0,0.3714457154273987
350,0,2.2595996009767987,2446,0.1675,0.5,1.0,0,27,0,0,-0.0072037046775221825,1.349841594696045,1.1505331993103027,0.004789797589182854,0.0,0.3680820167064667
351,0,2.5725097681279294,2457,0.1775,0.5,1.0,0,20,0,0,0.0016854205168783665,31.38688087463379,1.1365656852722168,0.011854071170091629,0.0,0.3687386214733124
352,0,2.266357408308977,2466,0.0725,0.5,1.0,0,7,0,0,0.00015331245958805084,1.4808892011642456,1.1178995370864868,0.0008134057279676199,0.0,0.4128992557525635
353,0,1.7952441261404601,2473,0.07,0.5,1.0,0,9,0,0,-0.002358891535550356,1.3957533836364746,1.120965600013733,-0.0008996296674013138,0.0,0.38873958587646484
354,0,1.918115227465023,2481,0.0425,0.0,1.0,0,3,0,0,-0.0017797015607357025,2.193498373031616,1.1225802898406982,0.001422456232830882,0.0,0.40042656660079956
355,0,2.3546972566109616,2490,0.095,0.5,1.0,0,12,0,0,-0.0021750740706920624,1.56884765625,1.135593295097351,0.001405120361596346,0.0,0.3778333067893982
356,0,2.4620800765696913,2500,0.1825,0.5,1.0,0,22,0,0,-0.0008200353477150202,1.7513540983200073,1.120503544807434,0.0007652656640857458,0.0,0.37827202677726746
357,0,2.4879687433422077,2510,0.23,0.5,1.0,0,25,0,0,-0.0035021984949707985,1.206596851348877,1.1038720607757568,0.000250229611992836,0.0,0.38913536071777344
358,0,2.4945117144525284,2520,0.1525,0.5,1.0,0,16,0,0,-0.003050095634534955,1.0452980995178223,1.0774085521697998,-9.667524136602879e-05,0.0,0.4030616283416748
359,0,1.9477636694027751,2528,0.055,0.0,1.0,0,8,0,0,-9.936140850186348e-05,0.9635902047157288,1.054540991783142,0.0008188101928681135,0.0,0.418337881565094
360,0,1.680937488879863,2534,0.345,0.5,1.0,0,53,0,0,-0.003474275814369321,1.6363039016723633,1.0639371871948242,0.0008869171142578125,0.0,0.4308009743690491
361,0,2.3846972504252335,2544,0.04,0.0,1.0,0,3,0,0,0.002581835724413395,1.403214931488037,1.1025042533874512,0.0005947821773588657,0.0,0.3980259895324707
362,0,2.2824609246163163,2553,0.065,0.0,1.0,0,6,0,0,-0.000538916327059269,0.73674476146698,1.1073644161224365,0.0010010830592364073,0.0,0.39705270528793335
363,0,2.2467871190892765,2562,0.095,0.0,1.0,0,10,0,0,-0.0006670523434877396,2.14239764213562,1.1131459474563599,0.00032580411061644554,0.0,0.3906863033771515
364,0,2.255595690032351,2571,0.035,0.0,1.0,0,4,0,0,-0.0007075974717736244,1.3780871629714966,1.121272325515747,0.000743240350857377,0.0,0.3904179334640503
365,0,2.141455073531688,2579,0.24,0.5,1.0,0,26,0,0,-0.0054665119387209415,1.4577689170837402,1.1403626203536987,0.003126662690192461,0.0,0.39170315861701965
366,0,2.4699413951748284,2589,0.0875,0.5,1.0,0,8,0,0,-0.005257532000541687,1.492038607597351,1.157394528388977,0.004524802323430777,0.0625,0.37256473302841187
367,0,3.0408496121344797,2602,0.055,0.0,1.0,0,5,0,0,-0.002893260680139065,0.980688750743866,1.160975694656372,0.005153626203536987,0.0,0.36223915219306946
368,0,3.4605761606580927,2616,0.145,0.5,1.0,0,17,0,0,-0.0002973903901875019,0.7605041265487671,1.1566476821899414,0.004761207848787308,0.0,0.36017540097236633
369,0,3.1439648382438463,2629,0.0975,0.5,1.0,0,11,0,0,-0.015298479236662388,0.6056411862373352,1.1516824960708618,0.004270975012332201,0.0,0.3632638454437256
370,0,2.7213085934163246,2640,0.2025,0.5,1.0,0,22,0,0,-0.007027890533208847,0.5422734618186951,1.0757560729980469,0.026936601847410202,0.53125,0.38024306297302246
371,0,1.8020117170490266,2647,0.285,0.5,1.0,0,33,0,0,-0.003815332893282175,1.2176710367202759,1.0275938510894775,0.0009805802255868912,0.0,0.4371183216571808
372,0,1.66629881901099,2654,0.0225,0.0,0.5,0,1,0,0,-0.0011749491095542908,2.1117196083068848,0.949309766292572,0.002847387921065092,0.0,0.4900016188621521
373,0,1.4351074135229283,2659,0.14,0.5,1.0,0,15,0,0,-0.007574168033897877,2.4248671531677246,0.9054206609725952,0.008584968745708466,0.0,0.5043678879737854
374,0,1.214599605267722,2664,0.0725,0.0,1.0,0,7,0,0,-0.010661650449037552,2.7057533264160156,0.8887647390365601,0.008281498216092587,0.04296875,0.5381420254707336
375,0,2.1447167900550994,2672,0.1075,0.5,1.0,0,15,0,0,0.00016422569751739502,2.572542905807495,0.9137301445007324,0.0010359962470829487,0.0,0.5093042850494385
376,0,2.2524121027818182,2681,0.285,0.5,1.0,0,30,0,0,-0.0023177573457360268,1.9302864074707031,0.9185975193977356,0.001423659734427929,0.0,0.49762678146362305
377,0,2.9188183571677655,2693,0.1025,0.5,1.0,0,14,0,0,-2.958253026008606e-05,0.6437755227088928,0.9160250425338745,-0.0005952981300652027,0.0,0.5011473894119263
378,0,2.694697250248282,2704,0.14,0.5,1.0,0,16,0,0,-0.006924556568264961,0.5655010938644409,0.9286332726478577,0.00369830708950758,0.0,0.49255236983299255
379,0,2.709023413088289,2715,0.065,0.5,1.0,0,6,0,0,-0.004891987890005112,0.8005583882331848,0.9427067041397095,0.01144170667976141,0.0625,0.48744088411331177
380,0,1.8289355391352728,2722,0.3025,0.5,1.0,0,34,0,0,0.0007852502167224884,1.1641526222229004,0.9137262105941772,0.002571552526205778,0.0,0.5183214545249939
381,0,1.8191406153819116,2729,0.0975,0.5,1.0,0,10,0,0,-0.0008375365287065506,0.6637427806854248,0.9001836776733398,-0.0006830187048763037,0.0,0.5412797331809998
382,0,1.8074999953860242,2736,0.15,0.5,1.0,0,16,0,0,-0.006235125474631786,1.2883812189102173,0.8972148895263672,0.0004654687363654375,0.0,0.5244873762130737
383,0,2.029472646318027,2744,0.1675,0.5,1.0,0,18,0,0,-0.0022670235484838486,1.0393836498260498,0.921680212020874,0.0052655902691185474,0.140625,0.503456175327301
384,0,2.831249978233245,2756,0.0375,0.0,1.0,0,4,0,0,-0.005144891329109669,0.37686216831207275,0.897152841091156,-0.0038523024413734674,0.037109375,0.5051879286766052
385,0,2.3678808543190826,2765,0.1875,0.5,1.0,0,19,0,0,-0.0012188451364636421,0.6277762055397034,0.8082925081253052,0.006254419684410095,0.05078125,0.5441261529922485
386,0,2.7089550826567574,2776,0.07,0.5,1.0,0,7,0,0,-0.004057316109538078,0.41772910952568054,0.7775688171386719,0.007679820526391268,0.00390625,0.5381873250007629
387,0,2.7046386643196456,2787,0.17,0.5,1.0,0,17,0,0,-0.006888245232403278,0.3336605131626129,0.7510350942611694,0.008287905715405941,0.0,0.5819625854492188
388,0,2.1685742366353224,2796,0.0225,0.0,0.5,0,1,0,0,-0.00196835957467556,0.308817982673645,0.7246590852737427,0.005017663352191448,0.109375,0.6164537668228149
389,0,1.4673339763248805,2801,0.37,0.5,1.0,0,44,0,0,-0.006569259334355593,3.0990443229675293,0.8049545288085938,0.008900469169020653,0.1015625,0.5948162078857422
390,0,1.54443357762284,2807,0.2125,0.5,1.0,0,24,0,0,-0.003429002594202757,1.8713538646697998,0.8425804376602173,0.006397792603820562,0.01171875,0.5638017654418945
391,0,2.0694140527921263,2815,0.28,0.5,1.0,0,30,0,0,-0.004988905508071184,1.4714524745941162,0.8810434937477112,8.720112964510918e-05,0.0,0.5349874496459961
392,0,2.2932421827790677,2824,0.125,0.5,1.0,0,13,0,0,-0.0029243919998407364,0.6027031540870667,0.9309842586517334,0.001491441624239087,0.0,0.4924853444099426
393,0,2.511025387153495,2834,0.1625,0.5,1.0,0,17,0,0,-0.0022884393110871315,0.3617638349533081,0.9640578031539917,-0.0008408548310399055,0.0,0.45321789383888245
394,0,2.7044726505337167,2845,0.065,0.5,1.0,0,6,0,0,-0.002359747653827071,0.6469704508781433,0.9740075469017029,0.0025268439203500748,0.0,0.4639568626880646
395,0,2.9398339724320977,2857,0.16,0.5,1.0,0,17,0,0,-0.005803633481264114,0.416058748960495,0.9528951644897461,0.004170090425759554,0.00390625,0.45149117708206177
396,0,2.711210922105238,2868,0.1225,0.5,1.0,0,12,0,0,-0.0037040822207927704,0.6376628279685974,0.9240518808364868,0.0024763771798461676,0.0,0.4670293927192688
397,0,2.379492184096307,2878,0.02,0.0,0.0,0,0,0,0,-0.0010871170088648796,0.3719106912612915,0.8742882609367371,0.00039822072722017765,0.0,0.5133270025253296
398,0,1.939541016239673,2885,0.1,0.5,1.0,0,10,0,0,-0.0009334348142147064,0.5813530683517456,0.8336924910545349,-0.0005406779237091541,0.0,0.5533339381217957
399,0,1.5975488197582308,2891,0.2725,0.5,1.0,0,29,0,0,-0.00476496759802103,0.8033523559570312,0.8687880635261536,0.0007967513520270586,0.0,0.5293643474578857
400,0,2.728994127974147,2902,0.055,0.5,1.0,0,6,0,0,-0.0031099440529942513,0.41747206449508667,0.8976134657859802,-0.004623923450708389,0.0,0.49817854166030884
401,0,2.1659374841838144,2911,0.055,0.0,1.0,0,6,0,0,-0.0008319809567183256,0.5949795842170715,0.9077235460281372,0.0013836405705660582,0.0,0.4908115267753601
402,0,2.6013378837087657,2921,0.065,0.5,1.0,0,7,0,0,-0.004350853152573109,0.2906765341758728,0.9285008311271667,-0.0034682471305131912,0.0,0.48166024684906006
403,0,2.5077050765503373,2931,0.055,0.5,1.0,0,5,0,0,-0.005085804499685764,0.3130183219909668,0.9380578994750977,0.0032561272382736206,0.048828125,0.4832174777984619
404,0,2.069355453386379,2939,0.1675,0.5,1.0,0,17,0,0,-0.0054315561428666115,0.4612547755241394,0.9809711575508118,0.004059639759361744,0.099609375,0.45753994584083557
405,0,2.073496090451954,2947,0.29,0.5,1.0,0,33,0,0,-0.009139083325862885,0.3457779288291931,1.0137865543365479,0.006477224640548229,0.08203125,0.44858109951019287
406,0,3.1573437330516754,2960,0.1,0.5,1.0,0,10,0,0,-0.004560970701277256,0.3043760061264038,1.0590529441833496,-0.001136793289333582,0.029296875,0.4152814745903015
407,0,2.4714843765177648,2970,0.17,0.5,0.5,0,18,0,0,-0.002429589629173279,0.4430174231529236,1.043218970298767,-0.0014786054380238056,0.01171875,0.4259328246116638
408,0,2.8238964788324665,2982,0.04,0.0,1.0,0,3,0,0,-0.007227153982967138,0.5333371758460999,1.0392286777496338,0.009785021655261517,0.001953125,0.41929060220718384
409,0,2.4849316339968937,2992,0.0325,0.0,0.5,0,2,0,0,-0.0013469038531184196,0.5791789293289185,1.0380414724349976,0.009154340252280235,0.1015625,0.43139326572418213
410,0,2.3012499928008765,3001,0.075,0.0,1.0,0,7,0,0,-0.002748473547399044,0.3902641832828522,1.0402497053146362,0.0042556216940283775,0.03125,0.43126818537712097
411,0,2.043662098265486,3009,0.025,0.0,0.5,0,1,0,0,0.0003479898441582918,0.8809232115745544,1.0476672649383545,-0.0018294283654540777,0.0,0.45157140493392944
412,0,1.6218261680769501,3015,0.1875,0.0,1.0,0,20,0,0,0.0014003515243530273,1.128199577331543,1.043718934059143,-0.0021189749240875244,0.0,0.45467522740364075
413,0,1.887509753825725,3022,0.155,0.5,1.0,0,16,0,0,-0.0033951024524867535,1.1051942110061646,1.0382479429244995,-0.0004545345436781645,0.0,0.4569770097732544
414,0,2.1432226557662943,3031,0.02,0.0,0.0,0,0,0,0,-0.002349655609577894,1.0709242820739746,1.0225157737731934,0.002222181996330619,0.0,0.43684011697769165
415,0,1.9531445231514226,3038,0.1875,0.5,1.0,0,20,0,0,-0.004789510741829872,0.509210467338562,1.0068447589874268,0.002384461462497711,0.0,0.46226930618286133
416,0,2.5082812338951044,3048,0.1325,0.5,1.0,0,14,0,0,-0.005368925631046295,0.3060247004032135,1.0410668849945068,0.0015469025820493698,0.03515625,0.4353533089160919
417,0,2.729912107679411,3059,0.235,0.5,1.0,0,25,0,0,-0.009791668504476547,0.3070293664932251,1.0961579084396362,0.007850656285881996,0.078125,0.4053162634372711
418,0,2.6857617108871636,3070,0.0925,0.5,1.0,0,9,0,0,-0.006200240924954414,0.8294850587844849,1.0596280097961426,0.01366109773516655,0.162109375,0.4312261939048767
419,0,1.8047949254068953,3077,0.165,0.5,1.0,0,17,0,0,-0.000601254403591156,1.0144014358520508,1.037677526473999,0.00046275462955236435,0.0,0.44034749269485474
420,0,1.5694531147564703,3083,0.145,0.5,1.0,0,15,0,0,-0.012655606493353844,0.9125284552574158,1.0354613065719604,0.0056908586993813515,0.11328125,0.4424479901790619
421,0,1.608193343749008,3089,0.2775,0.5,1.0,0,31,0,0,-0.01585441082715988,0.7027455568313599,1.057470679283142,0.023579386994242668,0.126953125,0.42471843957901
422,0,2.9395410090801306,3101,0.1325,0.5,1.0,0,14,0,0,0.0016933884471654892,0.2943100333213806,1.011576771736145,0.0079405028373003,0.0,0.4307063817977905
423,0,2.9446386745839845,3113,0.1375,0.5,1.0,0,14,0,0,-0.00392204150557518,0.24010887742042542,0.9989950060844421,-0.0013402793556451797,0.0,0.4448172152042389
424,0,2.845361308012798,3125,0.0875,0.0,1.0,0,9,0,0,-0.008640834130346775,0.33579400181770325,0.9707562327384949,0.009487800300121307,0.205078125,0.4419015347957611
425,0,2.508330080068845,3135,0.055,0.0,1.0,0,5,0,0,-0.00770226027816534,0.21576839685440063,0.938822329044342,0.015793660655617714,0.10546875,0.47389310598373413
426,0,1.474755853003444,3140,0.29,0.5,1.0,0,31,0,0,0.0027289479039609432,0.7108684182167053,0.9111289978027344,0.004847610369324684,0.0,0.49996933341026306
427,0,1.0903027311287588,3144,0.3525,0.5,1.0,0,41,0,0,0.0017654390539973974,2.7867751121520996,0.9200307726860046,0.002592566655948758,0.0,0.5357733964920044
428,0,1.3183203074549965,3149,0.225,0.5,1.0,0,24,0,0,0.0008853916078805923,2.0507924556732178,0.9436405897140503,0.0009979119058698416,0.0,0.5098440647125244
429,0,1.3292968688474502,3154,0.13,0.5,1.0,0,13,0,0,-0.005287431180477142,3.4673993587493896,0.9530969858169556,0.0020799378398805857,0.0,0.5308001637458801
430,0,1.3513476702173648,3159,0.2925,0.5,1.0,0,32,0,0,-0.007151401601731777,1.3401095867156982,0.9697933793067932,0.005675764754414558,0.0,0.5037912130355835
431,0,1.5987499943003058,3165,0.26,0.5,1.0,0,28,0,0,-0.009491677395999432,1.757036805152893,1.0002342462539673,0.006680596619844437,0.0,0.47026368975639343
432,0,2.0580078093153134,3173,0.4,0.5,1.0,0,49,0,0,-0.0043432265520095825,0.7006582617759705,0.9939099550247192,0.005560040939599276,0.0,0.47019878029823303
433,0,2.5890625018655555,3184,0.0375,0.0,0.5,0,3,0,0,-0.0033694934099912643,0.5027667284011841,0.9954767823219299,0.0029060880187898874,0.0,0.46379369497299194
434,0,2.497333991828782,3194,0.0275,0.0,0.5,0,1,0,0,-0.012441262602806091,0.5963788628578186,0.9974379539489746,0.01311357133090496,0.146484375,0.45023444294929504
435,0,2.184501964773517,3202,0.2775,0.5,1.0,0,30,0,0,-0.009937168098986149,0.2321282923221588,0.975096583366394,0.00022049574181437492,0.126953125,0.4848572909832001
436,0,1.6944531346453005,3209,0.0475,0.0,0.5,0,4,0,0,0.0003118771128356457,1.360648274421692,0.973957359790802,-0.002045018132776022,0.0,0.474087119102478
437,0,1.702656252149609,3215,0.1025,0.5,1.0,0,10,0,0,-0.004170647356659174,0.3880038261413574,0.9553141593933105,0.008150131441652775,0.001953125,0.49766042828559875
438,0,1.1051464781921823,3219,0.3575,0.5,1.0,0,44,0,0,0.003769488073885441,1.6376910209655762,0.9718335270881653,0.013258516788482666,0.107421875,0.4813757538795471
439,0,1.5708984399643668,3225,0.3025,0.5,1.0,0,33,0,0,-0.007425165269523859,1.2180250883102417,0.9589269161224365,6.954371929168701e-05,0.0,0.48690491914749146
440,0,1.7095507773919962,3232,0.045,0.0,1.0,0,5,0,0,-0.002165345475077629,0.6747119426727295,0.965045690536499,0.0030883336439728737,0.0,0.4756912589073181
441,0,2.2823925744523876,3241,0.0775,0.0,1.0,0,8,0,0,0.0005021425895392895,0.3422509431838989,0.9644924402236938,-0.0005805604159832001,0.0,0.48264235258102417
442,0,2.359941414310015,3250,0.0375,0.5,1.0,0,3,0,0,-0.0026126066222786903,0.6749743223190308,0.9578859806060791,0.0029252180829644203,0.0,0.4757467806339264
443,0,2.1754882745080977,3259,0.025,0.0,0.5,0,1,0,0,-0.006349616218358278,0.2931336760520935,0.9482561349868774,0.002938005607575178,0.0,0.4733620882034302
444,0,2.1653906228821143,3267,0.275,0.5,1.0,0,30,0,0,0.0029147034510970116,0.6662529706954956,0.9323993921279907,0.0038265942130237818,0.1328125,0.5033878684043884
445,0,2.03461914890795,3275,0.3025,0.5,1.0,0,34,0,0,-0.002167311031371355,0.7880751490592957,0.9431604743003845,0.005522736348211765,0.0,0.5017290711402893
446,0,2.7105273453344125,3286,0.1175,0.5,1.0,0,13,0,0,-0.0008102227002382278,0.3750136196613312,0.9368599653244019,0.001619142247363925,0.0,0.4943893551826477
447,0,2.9300976545200683,3298,0.0475,0.5,1.0,0,4,0,0,-0.0039418479427695274,0.277679979801178,0.930473804473877,0.005441152025014162,0.0,0.47669532895088196
448,0,2.186074210170773,3307,0.0925,0.0,1.0,0,9,0,0,-0.0012301155366003513,0.46003806591033936,0.9339544773101807,0.004489881452172995,0.0,0.48446860909461975
449,0,2.3696289051731583,3316,0.1075,0.5,1.0,0,11,0,0,-0.006510005332529545,0.348460853099823,0.9820399880409241,0.0005971456412225962,0.056640625,0.46294593811035156
450,0,2.72253905206162,3327,0.1825,0.5,1.0,0,19,0,0,0.00018618046306073666,0.28093644976615906,0.9995783567428589,0.008908401243388653,0.0,0.4594600200653076
451,0,2.729355457558995,3338,0.055,0.5,1.0,0,6,0,0,-0.012173432856798172,0.2709932327270508,1.0140008926391602,-0.0011607343330979347,0.037109375,0.43898314237594604
452,0,2.158945291688724,3347,0.02,0.0,0.0,0,0,0,0,-0.0007187724113464355,0.401053786277771,0.9880029559135437,0.009933636523783207,0.169921875,0.4560019373893738
453,0,1.9650585917806893,3354,0.1075,0.5,1.0,0,11,0,0,-0.000752071850001812,0.2811790108680725,0.9897148013114929,-0.0026783838402479887,0.0,0.4625340700149536
454,0,1.4941894652911287,3360,0.055,0.0,1.0,0,5,0,0,0.003020900534465909,1.0744686126708984,1.010907530784607,0.0009038581047207117,0.0,0.4569947123527527
455,0,1.6931542914171587,3366,0.1125,0.5,1.0,0,11,0,0,-0.004135135095566511,1.068157434463501,1.0096546411514282,0.002503726165741682,0.0,0.44919273257255554
456,0,1.9480371009922237,3374,0.055,0.0,1.0,0,5,0,0,-0.009796524420380592,0.9515120983123779,1.0386466979980469,0.0031188935972750187,0.0,0.43936413526535034
457,0,2.386064453254221,3383,0.0925,0.5,1.0,0,9,0,0,-0.00019814539700746536,0.5527316927909851,1.0225021839141846,0.002261941321194172,0.0,0.4457639157772064
458,0,2.7163183511656825,3394,0.1225,0.5,1.0,0,13,0,0,0.0017077936790883541,0.3949959874153137,1.002612829208374,-0.0018151551485061646,0.0,0.4352433383464813
459,0,2.7265234467449773,3405,0.09,0.5,1.0,0,9,0,0,-0.012132640928030014,0.4056338667869568,1.0104533433914185,0.009315503761172295,0.02734375,0.45290717482566833
460,0,2.2815820297400933,3414,0.1825,0.5,1.0,0,19,0,0,-0.007216211408376694,0.222206249833107,1.0253257751464844,-0.001009768107905984,0.068359375,0.43822160363197327
461,0,1.7378027359663974,3421,0.0575,0.0,1.0,0,5,0,0,-0.006385321728885174,0.35113343596458435,1.014364242553711,0.00022172951139509678,0.099609375,0.43204501271247864
462,0,2.0602343747450504,3429,0.025,0.0,0.5,0,1,0,0,-0.0036577656865119934,0.21171388030052185,0.9544850587844849,0.0172219630330801,0.1171875,0.46556589007377625
463,0,1.9547363221354317,3436,0.215,0.5,1.0,0,23,0,0,0.00032520038075745106,1.8574193716049194,0.9502398371696472,-0.0017525115981698036,0.005859375,0.453386127948761
464,0,2.2892187336692587,3445,0.1525,0.5,1.0,0,16,0,0,0.0012032894883304834,0.31778520345687866,0.9190971851348877,0.0013097829651087523,0.0,0.47472134232521057
465,0,0.7925878929963801,3448,0.4625,0.5,1.0,0,179,0,0,0.0018648200202733278,10.596565246582031,0.9878767132759094,-0.002370015252381563,0.0,0.47648903727531433
466,0,-0.05722656293073669,3448,0.475,0.5,1.0,0,435,0,0,0.0003229924477636814,1.664719581604004,1.0294451713562012,-5.8886827901005745e-05,0.0,0.4444427192211151
467,0,-0.05929687547904905,3448,0.475,0.5,1.0,0,691,0,0,-0.0017226125346496701,5.682053089141846,1.06022047996521,-0.0015914675313979387,0.0,0.43446770310401917
468,0,2.1845800643932307,3457,0.09,0.5,1.0,0,9,0,0,-0.002016025595366955,6.959667205810547,0.9089212417602539,-0.0004414645954966545,0.0,0.48595067858695984
469,0,2.5134863412749837,3467,0.1175,0.5,1.0,0,12,0,0,-0.0005177217535674572,1.041595220565796,0.906144917011261,-0.0003162352368235588,0.0,0.508391797542572
470,0,2.0799511641380377,3475,0.145,0.5,1.0,0,15,0,0,-0.006778822746127844,0.5293574929237366,0.9006873369216919,-0.0004349702503532171,0.0,0.49285316467285156
471,0,1.8380859278113348,3482,0.2275,0.5,1.0,0,24,0,0,-0.008047765120863914,0.6268573999404907,0.8970826864242554,0.011582511477172375,0.033203125,0.4772303104400635
472,0,2.186044909773045,3491,0.0475,0.0,1.0,0,4,0,0,-0.0001430329866707325,0.351158082485199,0.8848773837089539,0.0020960241090506315,0.0,0.5005166530609131
473,0,2.388476556421665,3500,0.19,0.5,1.0,0,20,0,0,-0.0061699338257312775,0.2991422414779663,0.8592263460159302,0.006733969785273075,0.01171875,0.5070853233337402
474,0,2.2814453157479875,3509,0.315,0.5,1.0,0,35,0,0,-0.0020196055993437767,0.6146183013916016,0.8378137946128845,0.018024543300271034,0.0625,0.5062742829322815
475,0,2.5141015514091123,3519,0.1625,0.5,1.0,0,17,0,0,-0.0030567010398954153,0.31258419156074524,0.8065385222434998,0.006391583010554314,0.001953125,0.535529613494873
476,0,2.0715039047936443,3527,0.235,0.5,1.0,0,25,0,0,-0.002092404291033745,0.11351654678583145,0.7748650908470154,0.0013338527642190456,0.0,0.5493603944778442
477,0,2.0744433441068395,3535,0.1425,0.5,1.0,0,15,0,0,-0.003991919569671154,0.1956908255815506,0.7457659244537354,0.003664003685116768,0.091796875,0.5931370258331299
478,0,1.598486327300634,3541,0.1875,0.5,1.0,0,20,0,0,0.005904104560613632,1.7748546600341797,0.7284524440765381,0.004265138879418373,0.072265625,0.5845903754234314
479,0,1.3595214825254516,3546,0.37,0.5,1.0,0,48,0,0,0.0008285974618047476,0.7914465665817261,0.7173804640769958,-0.0020321200136095285,0.01171875,0.6145338416099548
480,0,1.5891210914414842,3552,0.34,0.5,1.0,0,45,0,0,-0.00786868017166853,0.6630927920341492,0.7099838256835938,0.0017833192832767963,0.0,0.606652557849884
481,0,1.8307812433631625,3559,0.205,0.5,1.0,0,22,0,0,-0.006783478893339634,0.8212690353393555,0.7407222986221313,0.010707354173064232,0.10546875,0.5763698220252991
482,0,2.290585923794424,3568,0.215,0.5,1.0,0,23,0,0,-0.005966119933873415,0.5184960961341858,0.7351492047309875,0.0016044739168137312,0.0,0.5787661075592041
483,0,2.5123437455913518,3578,0.1625,0.5,1.0,0,17,0,0,-0.0036343075335025787,0.3168395161628723,0.7360324263572693,0.008518649265170097,0.005859375,0.5597211718559265
484,0,3.1543847668144736,3591,0.1775,0.5,1.0,0,18,0,0,0.004990351386368275,0.44222956895828247,0.7233442664146423,0.0017757546156644821,0.0,0.571815550327301
485,0,3.4820214642604697,3606,0.02,0.0,0.0,0,0,0,0,-0.002196068409830332,0.34817999601364136,0.7312790751457214,0.0034147221595048904,0.0,0.5701115727424622
486,0,3.488261694961693,3620,0.06,0.5,1.0,0,5,0,0,-0.012462794780731201,0.42853620648384094,0.7313839197158813,0.003294914960861206,0.04296875,0.577283501625061
487,0,2.945390628381574,3632,0.1375,0.5,1.0,0,14,0,0,-0.005230682902038097,0.1596670299768448,0.6922153830528259,0.04109032452106476,0.6015625,0.5744323134422302
488,0,2.5102148284204304,3642,0.085,0.5,1.0,0,8,0,0,-0.005604435224086046,0.1698744297027588,0.6898322105407715,0.003199217142537236,0.0,0.5894492268562317
489,0,2.2921875095780706,3651,0.265,0.5,1.0,0,28,0,0,-0.013278352096676826,0.18210744857788086,0.6184132099151611,0.05047101154923439,0.29296875,0.5992298126220703
490,0,1.3461328142147977,3656,0.325,0.5,1.0,0,35,0,0,0.012746186926960945,2.303637742996216,0.6237285137176514,0.0013717578258365393,0.107421875,0.666100800037384
491,0,1.082050791457732,3660,0.34,0.5,1.0,0,37,0,0,0.005799360107630491,2.61708927154541,0.6094020009040833,0.0029152873903512955,0.0,0.6750053763389587
492,0,0.7808886761049507,3663,0.22,0.5,1.0,0,23,0,0,0.003524831961840391,4.927501201629639,0.6202147603034973,2.6080990210175514e-05,0.0,0.6792765855789185
493,0,0.7162207000073977,3666,0.3,0.0,1.0,0,32,0,0,0.00244000181555748,5.625050067901611,0.6012439131736755,0.00016875332221388817,0.0,0.6721764206886292
494,0,0.6331542969383008,3668,0.385,0.5,1.0,0,53,0,0,7.898127660155296e-05,9.056392669677734,0.6163529753684998,-0.0003235526382923126,0.0,0.6698986887931824
495,0,0.5211230497807264,3670,0.39,0.5,1.0,0,70,0,0,-0.0003639401402324438,8.193941116333008,0.6314848065376282,-0.00012175645679235458,0.0,0.6690186858177185
496,0,0.7695703195640817,3673,0.2,0.5,1.0,0,21,0,0,-0.001993658486753702,12.411927223205566,0.6315668225288391,-0.0010642115958034992,0.0,0.6565314531326294
497,0,0.553486330260057,3675,0.3875,0.5,1.0,0,107,0,0,-0.004549816250801086,12.027216911315918,0.640595555305481,0.00041049346327781677,0.0,0.6616854071617126
498,0,0.6345800806302577,3678,0.0325,0.0,0.5,0,2,0,0,-0.0019154575420543551,13.271530151367188,0.6545200347900391,0.0005872752517461777,0.0,0.6535813808441162
499,0,0.9270996129271225,3681,0.14,0.5,1.0,0,14,0,0,-0.0042327456176280975,9.570770263671875,0.6415494680404663,0.0010394386481493711,0.0,0.6535748839378357
500,0,0.8401562495273538,3684,0.3975,0.5,1.0,0,46,0,0,-0.004035055637359619,7.669367790222168,0.6571450233459473,-0.0018500641454011202,0.0,0.6501428484916687
501,0,0.7656640627101297,3687,0.2425,0.5,1.0,0,25,0,0,-0.0011297042947262526,11.887887001037598,0.683380126953125,0.005009080283343792,0.0,0.624838650226593
502,0,0.8280664071207866,3690,0.395,0.5,1.0,0,67,0,0,-0.004466257058084011,4.073084354400635,0.6928579211235046,0.003265955252572894,0.0,0.6439942121505737
503,0,1.3259765671537025,3695,0.285,0.5,1.0,0,30,0,0,-0.00802792701870203,5.682741165161133,0.7135955095291138,0.0023195866961032152,0.0078125,0.6154175996780396
504,0,1.3574804648815189,3700,0.38,0.5,1.0,0,44,0,0,-0.00522450590506196,3.336378574371338,0.7223278880119324,0.0018540651071816683,0.0,0.5980523228645325
505,0,1.5877734396417509,3706,0.2475,0.5,1.0,0,26,0,0,-0.004162444267421961,2.011392116546631,0.7220409512519836,-0.0003798212856054306,0.0,0.5885933637619019
506,0,1.7115039079544658,3713,0.0475,0.0,0.5,0,4,0,0,-0.0016602873802185059,1.4161419868469238,0.7317401170730591,-0.0012320203240960836,0.0,0.5809621810913086
507,0,1.9498925702937413,3720,0.0475,0.5,0.5,0,4,0,0,-0.0010304043535143137,0.3521280288696289,0.723237931728363,0.00035239593125879765,0.0,0.5857043266296387
508,0,2.0891015722590964,3728,0.2275,0.5,1.0,0,24,0,0,-0.0027803387492895126,0.7544283866882324,0.7331602573394775,-0.004349199123680592,0.0,0.571790874004364
509,0,1.603691400046955,3734,0.4,0.5,1.0,0,56,0,0,-0.000575571320950985,1.702497959136963,0.7539232969284058,0.003321644850075245,0.0,0.578742265701294
510,0,2.287939439615002,3743,0.0725,0.5,1.0,0,7,0,0,-0.0008241643663495779,0.9053409099578857,0.7474098801612854,-0.0005228177178651094,0.0,0.5718339085578918
511,0,2.068027351546334,3751,0.2825,0.5,1.0,0,30,0,0,-0.0008432911708950996,0.46923887729644775,0.7531831860542297,0.0003221370279788971,0.0,0.5678128600120544
512,0,2.291025371185242,3760,0.1675,0.5,1.0,0,18,0,0,-0.000273651909083128,0.21508724987506866,0.7414160370826721,0.0006555172149091959,0.0,0.5874651074409485
513,0,2.0722949269402307,3768,0.065,0.5,1.0,0,6,0,0,-0.005721813999116421,0.38610243797302246,0.7418510913848877,0.0028924699872732162,0.0,0.5632327795028687
514,0,2.1961230476154014,3777,0.05,0.0,1.0,0,4,0,0,-0.0009644757956266403,0.17431297898292542,0.7205249667167664,0.0004980566445738077,0.0,0.5815455913543701
515,0,2.1746679665520787,3785,0.2175,0.5,1.0,0,23,0,0,-0.004077930469065905,0.1545378416776657,0.6813177466392517,0.005473140627145767,0.115234375,0.5980667471885681
516,0,2.0644335822871653,3793,0.385,0.5,1.0,0,45,0,0,-0.0036515467800199986,0.2674412429332733,0.678462028503418,0.0006796722300350666,0.0,0.6130118370056152
517,0,1.5942968727758853,3799,0.22,0.5,1.0,0,23,0,0,0.0017070944886654615,0.6700854897499084,0.6804988980293274,0.002385894302278757,0.0,0.6167324781417847
518,0,1.3577832041883084,3804,0.3025,0.5,1.0,0,33,0,0,-0.00018664379604160786,1.3913511037826538,0.6949403285980225,0.0009818610269576311,0.0,0.6224827170372009
519,0,1.4889062573056435,3810,0.05,0.0,1.0,0,4,0,0,-0.006229359656572342,0.6231488585472107,0.7181544303894043,0.005467006005346775,0.0,0.6190733313560486
520,0,1.7066601430706214,3816,0.325,0.5,0.5,0,35,0,0,-0.007430035620927811,0.7005741596221924,0.7255243062973022,0.0020392700098454952,0.0,0.5920392870903015
521,0,2.05724608662058,3824,0.3225,0.5,1.0,0,35,0,0,-0.006987741217017174,0.22658179700374603,0.7176023125648499,0.0045239366590976715,0.01171875,0.5683739185333252
522,0,2.390263660639903,3834,0.0325,0.0,0.5,0,2,0,0,0.001192694529891014,0.3824891746044159,0.7117955684661865,0.008515645749866962,0.111328125,0.5814569592475891
523,0,2.728554690896999,3845,0.0325,0.0,0.5,0,2,0,0,-5.027558654546738e-05,0.2029401957988739,0.7101710438728333,-0.0003499670419842005,0.0,0.574759840965271
524,0,2.624326162651414,3855,0.1775,0.5,1.0,0,19,0,0,-0.009207249619066715,0.13860726356506348,0.7099723815917969,0.011545454151928425,0.11328125,0.5627840161323547
525,0,2.516074188744824,3865,0.1375,0.5,1.0,0,14,0,0,0.001464289496652782,0.2899606227874756,0.7228471636772156,-0.0004339988809078932,0.0,0.5966889262199402
526,0,2.2783398274186766,3874,0.055,0.5,1.0,0,5,0,0,-0.006015850696712732,0.24014964699745178,0.7255211472511292,0.0021567759104073048,0.0,0.5845968723297119
527,0,2.186806642799638,3883,0.025,0.0,0.5,0,1,0,0,-0.0016271560452878475,0.15582667291164398,0.749353289604187,0.00023653125390410423,0.0,0.5701150298118591
528,0,2.1875097632291727,3891,0.2225,0.5,1.0,0,24,0,0,-0.0016724653542041779,0.2972676157951355,0.7636198401451111,0.007806612644344568,0.0,0.5729763507843018
529,0,2.3963964793656487,3901,0.0375,0.0,0.5,0,3,0,0,-0.0004925909452140331,0.2522958815097809,0.745917022228241,0.0019194174092262983,0.0,0.5736613273620605
530,0,2.297958996176021,3910,0.0375,0.0,0.5,0,3,0,0,-0.006698898505419493,0.259145587682724,0.7375507950782776,7.122359238564968e-05,0.01171875,0.582965612411499
531,0,2.070947268992313,3918,0.0825,0.0,1.0,0,8,0,0,-0.004712432157248259,0.28083357214927673,0.7140823602676392,0.003518346231430769,0.04296875,0.5878137946128845
532,0,2.1556152166231186,3926,0.1225,0.5,1.0,0,12,0,0,-0.0016039214096963406,0.3243314325809479,0.682067334651947,0.0032272248063236475,0.0,0.6083939075469971
533,0,2.285224620703957,3935,0.105,0.5,1.0,0,10,0,0,-0.0044248346239328384,0.15440134704113007,0.6266381740570068,0.008807053789496422,0.005859375,0.627144455909729
534,0,1.600800771077047,3941,0.1825,0.5,1.0,0,19,0,0,0.0020032664760947227,0.29787710309028625,0.6299651265144348,0.005667437333613634,0.01953125,0.6318021416664124
535,0,1.355273435561685,3946,0.2075,0.5,1.0,0,22,0,0,-0.003654872067272663,1.015231966972351,0.6598871946334839,0.005208258517086506,0.0,0.6360737085342407
536,0,1.8338281323231058,3953,0.2075,0.5,1.0,0,22,0,0,-0.0068208398297429085,0.6353499293327332,0.6332703232765198,0.0036161839962005615,0.00390625,0.6451113224029541
537,0,2.0742382735188585,3961,0.1925,0.5,1.0,0,20,0,0,-0.007909570820629597,0.518000066280365,0.6380476951599121,-0.0004639152903109789,0.0078125,0.6308780312538147
538,0,2.2958788912801538,3970,0.1675,0.5,1.0,0,17,0,0,-0.0035553989000618458,0.23399583995342255,0.6519099473953247,-0.0018704046960920095,0.0,0.622758150100708
539,0,2.2933105446281843,3979,0.155,0.5,1.0,0,16,0,0,-0.005060654133558273,0.15814323723316193,0.6682754158973694,0.013027768582105637,0.15625,0.6127158999443054
540,0,3.159560551866889,3992,0.1425,0.5,1.0,0,15,0,0,0.010707378387451172,0.3301229178905487,0.6685997843742371,0.008131667971611023,0.0,0.6109670400619507
541,0,2.7308886661412544,4003,0.05,0.5,1.0,0,4,0,0,-0.0039047356694936752,0.17347167432308197,0.6676133871078491,0.0015583084896206856,0.0,0.6122608184814453
542,0,2.7296386480957153,4014,0.125,0.5,1.0,0,13,0,0,-0.003191291354596615,0.1479094922542572,0.6314859390258789,0.02408718690276146,0.43359375,0.6149091720581055
543,0,2.185292982023384,4023,0.025,0.0,0.5,0,1,0,0,-0.00392971932888031,0.32359862327575684,0.6499648690223694,0.0030777910724282265,0.015625,0.6042120456695557
544,0,2.403623040067032,4032,0.295,0.5,1.0,0,33,0,0,-0.0013268422335386276,0.12291178852319717,0.6510420441627502,0.0036768275313079357,0.0,0.6190122365951538
545,0,2.6238378808302514,4043,0.025,0.0,0.5,0,1,0,0,-0.008754318580031395,0.2064315229654312,0.6110084652900696,0.019612038508057594,0.23828125,0.6314569711685181
546,0,1.95964843321417,4050,0.215,0.5,1.0,0,23,0,0,0.001890596468001604,0.3064998388290405,0.6091183423995972,0.012519177049398422,0.130859375,0.6442036032676697
547,0,1.6050585907469213,4056,0.1825,0.5,1.0,0,19,0,0,0.0001354533014819026,0.4269096255302429,0.6468921899795532,-0.000599738210439682,0.0,0.6593121290206909
548,0,1.8442382702305622,4063,0.205,0.5,1.0,0,22,0,0,-0.004523628856986761,0.21852520108222961,0.6504701375961304,-0.00012516905553638935,0.001953125,0.6402492523193359
549,0,1.9644042917352635,4071,0.025,0.0,0.5,0,1,0,0,-0.005884590093046427,0.2823629379272461,0.6973808407783508,0.008524280041456223,0.126953125,0.6153583526611328
550,0,2.182744151854422,4079,0.1675,0.5,1.0,0,18,0,0,-0.0016292580403387547,0.1321960985660553,0.7253323197364807,0.007751095108687878,0.099609375,0.5890775918960571
551,0,2.294628883151745,4088,0.3075,0.5,1.0,0,33,0,0,-0.0018669180572032928,0.20575234293937683,0.729253351688385,0.0013695885427296162,0.0,0.5882112383842468
552,0,1.011269521972281,4092,0.4575,0.5,1.0,0,178,0,0,-0.0016679270192980766,8.82004451751709,0.7110565900802612,0.0033034710213541985,0.0,0.6155902147293091
553,0,-0.05998046917375177,4092,0.4575,0.5,1.0,0,434,0,0,-0.0009239576756954193,3.6519880294799805,0.7525702714920044,0.0024292864836752415,0.0,0.6418132781982422
554,0,-0.059746094164438546,4092,0.4575,0.5,1.0,0,690,0,0,0.0002604639157652855,8.169275283813477,0.815574049949646,0.0012332969345152378,0.0,0.5896375179290771
555,0,1.8354882756757434,4100,0.025,0.0,0.5,0,1,0,0,-0.0006273123435676098,2.356630802154541,0.7267554998397827,-0.00031096115708351135,0.0,0.585716187953949
556,0,1.725654299647431,4106,0.36,0.5,1.0,0,39,0,0,-0.0013764463365077972,0.5583696365356445,0.7352755665779114,0.001545571256428957,0.0,0.5798242092132568
557,0,2.2770117135805776,4115,0.055,0.5,1.0,0,5,0,0,-0.006656707730144262,0.5423403382301331,0.7215486764907837,-0.003068943740800023,0.0,0.5959104299545288
558,0,1.9585937485680915,4123,0.055,0.0,1.0,0,5,0,0,-0.0061036646366119385,0.33903542160987854,0.7152055501937866,0.011516253463923931,0.05078125,0.576480507850647
559,0,2.3944531084853224,4132,0.1125,0.5,1.0,0,12,0,0,-0.0033608190715312958,0.17231938242912292,0.6996349096298218,0.001414216123521328,0.07421875,0.5988795161247253
560,0,2.0791601536911912,4140,0.11,0.5,1.0,0,11,0,0,-0.0034332945942878723,0.20904125273227692,0.6750595569610596,0.004552029073238373,0.060546875,0.6113154292106628
561,0,2.2941406146674126,4149,0.205,0.5,1.0,0,22,0,0,-0.005013925489038229,0.289355993270874,0.6329665184020996,0.002595303812995553,0.05078125,0.6421888470649719
562,0,1.851953126344597,4156,0.2525,0.5,1.0,0,27,0,0,-0.009153123944997787,0.18146631121635437,0.6187326312065125,0.002505989046767354,0.0390625,0.6517804861068726
563,0,1.8454589753819164,4163,0.265,0.5,1.0,0,29,0,0,-0.0005191543605178595,0.19078150391578674,0.5718603730201721,0.0043792761862277985,0.06640625,0.6861796975135803
564,0,1.48794921591616,4169,0.05,0.0,1.0,0,4,0,0,0.000791807658970356,0.5399758219718933,0.6066483855247498,-0.0011192846577614546,0.05859375,0.6817697286605835
565,0,1.5689257794147125,4175,0.02,0.0,0.0,0,0,0,0,-0.005267062224447727,0.43563997745513916,0.6135380864143372,0.0002638101577758789,0.0,0.674828052520752
566,0,1.7492089847946772,4181,0.305,0.5,1.0,0,33,0,0,-0.005595657508820295,0.26776888966560364,0.6381404399871826,0.0006475115660578012,0.11328125,0.6429065465927124
567,0,2.073359389221878,4189,0.24,0.5,1.0,0,26,0,0,0.005871779751032591,0.1838507354259491,0.6484354734420776,0.0009767578449100256,0.0,0.6416947841644287
568,0,2.195625005173497,4198,0.09,0.0,1.0,0,9,0,0,-0.004258183296769857,0.3450837731361389,0.6469457149505615,0.0011753665748983622,0.0,0.6377395987510681
569,0,2.7193945307517424,4209,0.0325,0.0,0.5,0,2,0,0,-0.0026179905980825424,0.11972949653863907,0.6316038370132446,-0.000801020534709096,0.0,0.6365004181861877
570,0,2.40433594348724,4218,0.07,0.5,1.0,0,7,0,0,0.0048147086054086685,0.1803482174873352,0.6123045086860657,0.007410705089569092,0.068359375,0.6416734457015991
571,0,1.9727832073913305,4226,0.05,0.0,1.0,0,4,0,0,-0.006908921059221029,0.13518087565898895,0.600002110004425,0.004324261099100113,0.0,0.6662352085113525
572,0,1.7035937528125942,4232,0.2575,0.5,1.0,0,28,0,0,0.010569066740572453,0.5332525968551636,0.5645215511322021,0.008285397663712502,0.103515625,0.6710031628608704
573,0,1.0868847764359089,4236,0.3625,0.5,1.0,0,44,0,0,0.005190645810216665,1.8370976448059082,0.5888639688491821,-5.886959843337536e-05,0.0,0.7017196416854858
574,0,1.0693749981874134,4240,0.3775,0.5,1.0,0,53,0,0,0.0012015965767204762,1.8491522073745728,0.5792810916900635,-0.001107086194679141,0.0,0.6967062950134277
575,0,1.0370019510592101,4244,0.1625,0.5,1.0,0,17,0,0,-0.0006998518947511911,2.5259134769439697,0.5940078496932983,0.00029193609952926636,0.0,0.6833319067955017
576,0,1.0972460922566825,4248,0.33,0.5,1.0,0,38,0,0,-0.0028811085503548384,1.5535802841186523,0.5844936370849609,-0.0006175767630338669,0.0,0.6891049742698669
577,0,1.046874998108251,4252,0.2025,0.5,1.0,0,21,0,0,-0.0047448729164898396,3.3110790252685547,0.6479079723358154,0.0035989205352962017,0.0,0.6696314811706543
578,0,1.093759759576642,4256,0.3525,0.5,1.0,0,44,0,0,-0.007112935185432434,2.396529197692871,0.6709107160568237,0.008595415391027927,0.083984375,0.6466736197471619
579,0,2.048906254101894,4264,0.1975,0.5,1.0,0,21,0,0,-0.004201821982860565,2.8718948364257812,0.6374419927597046,-0.0069997068494558334,0.017578125,0.6298965811729431
580,0,1.8308984398900066,4271,0.26,0.5,1.0,0,28,0,0,-0.006416493095457554,2.284532308578491,0.6627863645553589,0.0033917385153472424,0.0,0.6312559247016907
581,0,1.951845703424624,4279,0.05,0.0,1.0,0,4,0,0,-0.003271084278821945,1.0948143005371094,0.6792706847190857,0.002158503048121929,0.0,0.6262558698654175
582,0,2.511357404262526,4289,0.0475,0.0,1.0,0,4,0,0,-0.0038170507177710533,0.39188432693481445,0.677551805973053,-0.0030517003033310175,0.0,0.6115691065788269
583,0,2.386835939832963,4298,0.22,0.5,1.0,0,24,0,0,0.00031330063939094543,0.3028002977371216,0.6831603050231934,0.0008076063822954893,0.0,0.6161699891090393
584,0,2.512968770810403,4308,0.12,0.5,1.0,0,12,0,0,-0.01157212071120739,0.17896682024002075,0.6611210107803345,0.0014194126706570387,0.009765625,0.6244910359382629
585,0,2.057773437409196,4316,0.1825,0.5,1.0,0,19,0,0,-0.0004733670502901077,0.3401593863964081,0.6407272815704346,-0.00016624643467366695,0.0,0.6369853019714355
586,0,2.2900195360234648,4325,0.1275,0.5,1.0,0,13,0,0,-0.001102309674024582,0.15811315178871155,0.655633807182312,0.005869674030691385,0.12890625,0.6191028952598572
587,0,2.7261132914136397,4336,0.1075,0.5,1.0,0,11,0,0,0.0012935018166899681,0.1474117934703827,0.6442747116088867,0.0012486970517784357,0.0,0.6317047476768494
588,0,2.7249218757497147,4347,0.215,0.5,1.0,0,23,0,0,-0.009461871348321438,0.0944715216755867,0.6060002446174622,0.012237215414643288,0.25390625,0.6337190270423889
589,0,2.5085156074201223,4357,0.07,0.5,1.0,0,7,0,0,-0.001086097676306963,0.10402525961399078,0.575393795967102,0.014045918360352516,0.134765625,0.6632225513458252
590,0,1.9363867373394896,4365,0.0275,0.0,0.5,0,2,0,0,-0.0006804345175623894,0.22819648683071136,0.6013270616531372,-0.00013075093738734722,0.0,0.6623716950416565
591,0,1.721103513329581,4371,0.3125,0.5,1.0,0,35,0,0,-0.0031861686147749424,0.3143439292907715,0.636665403842926,0.003102613380178809,0.0,0.6526037454605103
592,0,2.284169914360973,4380,0.2075,0.5,1.0,0,22,0,0,-0.007447272073477507,0.3004299998283386,0.6568115949630737,-0.0070738410577178,0.150390625,0.6325874328613281
593,0,2.5041699094617798,4390,0.13,0.5,1.0,0,13,0,0,-0.0059069921262562275,0.12431102991104126,0.66278475522995,0.007184634916484356,0.0,0.6109830737113953
594,0,2.4914550639841764,4400,0.085,0.5,1.0,0,8,0,0,0.006915442645549774,0.5318472385406494,0.6478979587554932,0.017131567001342773,0.119140625,0.624391496181488
595,0,2.7248437415837543,4411,0.0425,0.5,1.0,0,3,0,0,-0.011038253083825111,0.16582301259040833,0.6301185488700867,0.004929482936859131,0.15234375,0.6486295461654663
596,0,2.0467089799203677,4419,0.0475,0.5,1.0,0,4,0,0,0.005081547424197197,0.24190185964107513,0.6547703146934509,0.005677484907209873,0.072265625,0.6393215656280518
597,0,2.0526074122535647,4427,0.1525,0.5,1.0,0,16,0,0,-0.009104089811444283,0.2240462601184845,0.653717041015625,0.010203028097748756,0.078125,0.651390790939331
598,0,1.9461621029986418,4435,0.0275,0.0,0.5,0,2,0,0,-0.0057264044880867004,0.1987910121679306,0.666980504989624,0.014226715080440044,0.099609375,0.6122515201568604
599,0,2.3936816366294806,4444,0.07,0.5,1.0,0,7,0,0,-0.0004246113821864128,0.12488622963428497,0.6541667580604553,0.006065473426133394,0.001953125,0.6317611932754517
600,0,2.837177703906491,4456,0.025,0.0,0.5,0,1,0,0,-0.009018496610224247,0.11050285398960114,0.6083194017410278,0.008627695962786674,0.0,0.6298719644546509
601,0,2.3985839948873036,4465,0.105,0.5,1.0,0,10,0,0,0.0012235306203365326,0.10101345926523209,0.5794165134429932,0.004822056740522385,0.146484375,0.6578265428543091
602,0,2.070302731153788,4473,0.2175,0.5,1.0,0,23,0,0,-0.0027595683932304382,0.10012993216514587,0.5898836255073547,0.00216881325468421,0.041015625,0.6700836420059204
603,0,2.289355472250463,4482,0.1875,0.5,1.0,0,20,0,0,-0.002910834737122059,0.08776986598968506,0.5678246021270752,0.004392529837787151,0.046875,0.671212375164032
604,0,2.0776464852679055,4490,0.1875,0.5,1.0,0,20,0,0,0.002818658947944641,0.2449856996536255,0.5598652958869934,0.0008326834067702293,0.0,0.69418865442276
605,0,2.059941391220491,4498,0.1475,0.5,1.0,0,23,0,0,-0.00784730352461338,0.31521889567375183,0.5875899195671082,0.0004064117092639208,0.0,0.672674834728241
606,0,2.3001953038328793,4507,0.1,0.5,1.0,0,10,0,0,-0.0035804887302219868,0.15945756435394287,0.626885175704956,-0.001217863755300641,0.19140625,0.6442623138427734
607,0,2.5124316435540095,4517,0.255,0.5,1.0,0,27,0,0,0.0008621504530310631,0.24932275712490082,0.6369008421897888,0.0014348530676215887,0.0,0.6506221890449524
608,0,2.512089826806914,4527,0.11,0.5,1.0,0,11,0,0,-0.002895287936553359,0.16751526296138763,0.6260762810707092,-0.0010250527411699295,0.0,0.641269862651825
609,0,2.7318066426669247,4538,0.1025,0.5,1.0,0,10,0,0,-0.005143238231539726,0.2073730081319809,0.5818387269973755,0.013767272233963013,0.07421875,0.6464921236038208
610,0,2.29649414026062,4547,0.1575,0.5,1.0,0,16,0,0,-0.0031622834503650665,0.13138581812381744,0.5677470564842224,0.008425145410001278,0.091796875,0.6773495674133301
611,0,2.074707026971737,4555,0.1125,0.5,1.0,0,11,0,0,-0.00012181000784039497,0.1275174468755722,0.5890958905220032,0.002298736944794655,0.0,0.6627289652824402
612,0,1.854072257046937,4562,0.275,0.5,1.0,0,29,0,0,-0.0068940892815589905,0.14376652240753174,0.6237514019012451,0.0038161377888172865,0.009765625,0.6354415416717529
613,0,2.293291004054481,4571,0.1975,0.5,1.0,0,21,0,0,-0.0032934374175965786,0.14388500154018402,0.6223841905593872,0.007108427118510008,0.177734375,0.6427255868911743
614,0,2.6233886529225856,4582,0.0325,0.0,0.5,0,2,0,0,-0.010542909614741802,0.10481810569763184,0.5842108130455017,0.015605817548930645,0.244140625,0.6457036733627319
615,0,2.27970701616141,4591,0.02,0.0,0.0,0,0,0,0,-0.005184330977499485,0.20296762883663177,0.5920026898384094,0.006672533228993416,0.06640625,0.663108766078949
616,0,2.626162112403108,4601,0.115,0.5,1.0,0,13,0,0,-0.010366788133978844,0.16059669852256775,0.587316632270813,0.00326228654012084,0.0,0.663299024105072
617,0,1.8229980559990508,4608,0.22,0.5,1.0,0,24,0,0,0.009423410519957542,0.3362070322036743,0.5550274848937988,0.00907188467681408,0.103515625,0.6944193840026855
618,0,1.8074707050109282,4615,0.0975,0.5,1.0,0,10,0,0,-0.004918002523481846,0.4837866723537445,0.5962648987770081,0.00036852783523499966,0.0,0.6856106519699097
619,0,1.8269238281209255,4622,0.0975,0.5,1.0,0,10,0,0,-0.007532778196036816,0.31587880849838257,0.6511381268501282,0.007544282823801041,0.1015625,0.6569783091545105
620,0,2.2928222637128783,4631,0.18,0.5,1.0,0,19,0,0,0.005660850554704666,0.0964716449379921,0.6275655627250671,-0.001173416618257761,0.0,0.6688307523727417
621,0,2.180146469090687,4640,0.0475,0.0,1.0,0,4,0,0,-0.001814891817048192,0.17165221273899078,0.635732114315033,1.316610723733902e-05,0.0,0.6527103185653687
622,0,1.9339941373764304,4647,0.27,0.5,1.0,0,29,0,0,-0.004548043943941593,0.12478899210691452,0.6273090839385986,-0.0022236122749745846,0.0,0.660271942615509
623,0,1.9518554689675511,4655,0.055,0.0,1.0,0,5,0,0,-0.0009224698878824711,0.16594725847244263,0.6166744232177734,-0.0004731046501547098,0.0,0.6530168652534485
624,0,2.159628920198884,4663,0.18,0.5,1.0,0,19,0,0,-0.005531902424991131,0.1384633630514145,0.659871518611908,-0.006301471963524818,0.12890625,0.6289535164833069
625,0,2.50345701490005,4673,0.105,0.5,1.0,0,11,0,0,-0.006504107732325792,0.07518534362316132,0.596879780292511,0.02619638666510582,0.154296875,0.6434397101402283
626,0,1.835898436136631,4680,0.16,0.5,1.0,0,17,0,0,-0.011999410577118397,0.23881150782108307,0.6643370389938354,0.01464128214865923,0.173828125,0.6453962326049805
627,0,2.5102734197862446,4690,0.065,0.5,1.0,0,6,0,0,0.005901060998439789,0.08052971214056015,0.6861600875854492,0.001282943645492196,0.13671875,0.6195541620254517
628,0,2.50853516229472,4700,0.1025,0.5,1.0,0,10,0,0,-0.013027660548686981,0.10409963130950928,0.6250818967819214,0.011917783878743649,0.177734375,0.6241676211357117
629,0,1.8520605366284144,4707,0.335,0.5,1.0,0,37,0,0,-0.00032655801624059677,0.14590254426002502,0.6416827440261841,-0.0014596548862755299,0.04296875,0.66643226146698
630,0,2.0651660129296943,4715,0.255,0.5,1.0,0,27,0,0,-0.0023192530497908592,0.10850095003843307,0.6091766357421875,0.0026718066073954105,0.0,0.646157443523407
631,0,1.9653417909139534,4723,0.0325,0.0,0.5,0,2,0,0,-0.003759426064789295,0.1025216281414032,0.5828266739845276,0.010219981893897057,0.083984375,0.659820556640625
632,0,1.5947461019677576,4729,0.02,0.0,0.0,0,0,0,0,0.001366837415844202,0.37903985381126404,0.6106157898902893,0.0005486507434397936,0.0,0.67293381690979
633,0,1.5088574090332258,4734,0.355,0.5,1.0,0,39,0,0,-0.003751514945179224,0.2214564085006714,0.6029324531555176,0.002735150046646595,0.009765625,0.6821800470352173
634,0,1.615078117185476,4740,0.3175,0.5,1.0,0,34,0,0,-0.008295772597193718,0.3475493788719177,0.6495049595832825,0.011764053255319595,0.111328125,0.6687760353088379
635,0,1.7400781336036744,4747,0.0325,0.0,0.5,0,2,0,0,-0.004225167445838451,0.15438005328178406,0.6611059308052063,0.011647406034171581,0.111328125,0.648023247718811
636,0,1.9658495976691484,4754,0.2725,0.5,1.0,0,29,0,0,0.0002325829118490219,0.11570315808057785,0.6598466038703918,0.001647359924390912,0.0,0.6423507928848267
637,0,2.294619139538554,4763,0.2175,0.5,1.0,0,23,0,0,-0.00026220595464110374,0.20168285071849823,0.6528452634811401,0.0003530397079885006,0.0,0.6469036340713501
638,0,2.2955566323071253,4772,0.1,0.5,1.0,0,10,0,0,-0.0047865258529782295,0.12257824838161469,0.6254847049713135,0.004258893895894289,0.0,0.6546105146408081
639,0,2.0699413951515453,4780,0.165,0.5,1.0,0,17,0,0,-0.005584916099905968,0.15357506275177002,0.5871824026107788,0.0163163710385561,0.169921875,0.6679725050926208
640,0,1.622597652109107,4786,0.08,0.5,1.0,0,8,0,0,-0.0037553575821220875,0.19588059186935425,0.6655662059783936,0.012185280211269855,0.146484375,0.6497050523757935
641,0,1.969501939107431,4794,0.025,0.0,0.5,0,1,0,0,-0.002637282246723771,0.09516223520040512,0.6282784938812256,-4.008505493402481e-05,0.0,0.6597487926483154
642,0,1.970292969752336,4801,0.1925,0.5,1.0,0,20,0,0,-0.0019426285289227962,0.07162272185087204,0.5574279427528381,0.008457016199827194,0.111328125,0.6944913864135742
643,0,1.6300976665443159,4807,0.405,0.5,1.0,0,49,0,0,-0.012755300849676132,0.16943302750587463,0.6154958009719849,0.0031264969147741795,0.083984375,0.6453560590744019
644,0,1.9162402383008157,4815,0.02,0.0,0.0,0,0,0,0,0.004369211383163929,0.43394312262535095,0.6369754076004028,0.0024834563955664635,0.162109375,0.6362183690071106
645,0,2.1849023380345898,4823,0.09,0.5,1.0,0,10,0,0,-0.002728239167481661,0.08955178409814835,0.626133143901825,-0.0001567453145980835,0.0,0.6487400531768799
646,0,2.293574208211794,4832,0.29,0.5,1.0,0,31,0,0,-0.00044835545122623444,0.18952800333499908,0.6094034314155579,-0.0007257403340190649,0.0,0.6566628813743591
647,0,2.4104492093611043,4842,0.0925,0.0,1.0,0,9,0,0,-0.004062348045408726,0.18092790246009827,0.6103748083114624,0.000987668288871646,0.0,0.6517188549041748
648,0,2.175810540022212,4850,0.1975,0.5,1.0,0,20,0,0,0.0008703786879777908,0.13550709187984467,0.5613486766815186,0.008274096995592117,0.115234375,0.6803507208824158
649,0,1.8417089818103705,4857,0.0725,0.5,1.0,0,7,0,0,-0.000581822358071804,0.16380614042282104,0.5976822972297668,0.00025406479835510254,0.0,0.6730450391769409
650,0,1.7578710904781474,4864,0.0475,0.0,1.0,0,4,0,0,-0.007238749414682388,0.1692308932542801,0.6059913039207458,0.012597497552633286,0.140625,0.6762145757675171
651,0,1.9454394405329367,4871,0.095,0.5,1.0,0,9,0,0,-0.0028076954185962677,0.16756749153137207,0.6226471662521362,0.0016431929543614388,0.1328125,0.6519811153411865
652,0,2.0800195207921206,4879,0.2475,0.5,1.0,0,27,0,0,-0.007589699700474739,0.09605341404676437,0.5865461230278015,0.005793912336230278,0.091796875,0.6563442349433899
653,0,1.9744824192130181,4887,0.07,0.0,1.0,0,7,0,0,-0.0018246890977025032,0.10317282378673553,0.5742084980010986,0.0033938209526240826,0.009765625,0.6797792315483093
654,0,1.9524023396661505,4894,0.1275,0.5,1.0,0,13,0,0,-0.005039172247052193,0.1198219433426857,0.6234930753707886,0.00933678075671196,0.154296875,0.6681849360466003
655,0,1.9586621143535012,4902,0.025,0.0,0.5,0,1,0,0,-0.005412670783698559,0.13789471983909607,0.6037462949752808,-0.0024188191164284945,0.017578125,0.6717843413352966
656,0,1.8474121085746447,4909,0.025,0.0,0.5,0,1,0,0,-0.002848787698894739,0.1897013634443283,0.60431307554245,0.0026571296621114016,0.0,0.6647554636001587
657,0,2.403857415454695,4918,0.0775,0.5,1.0,0,7,0,0,0.003922050818800926,0.06924030929803848,0.5756308436393738,-0.0037649106234312057,0.001953125,0.6793941855430603
658,0,1.8443945271719713,4925,0.1875,0.5,1.0,0,20,0,0,-0.0006726211868226528,0.10580514371395111,0.578696072101593,0.001228239620104432,0.0,0.6636602878570557
659,0,2.0764745977066923,4933,0.2425,0.5,1.0,0,26,0,0,-0.0033420613035559654,0.08379390835762024,0.5491894483566284,-0.002112819580361247,0.0,0.6896485686302185
660,0,2.0726171898422763,4941,0.27,0.5,1.0,0,30,0,0,-0.001661030575633049,0.10546761751174927,0.5111249089241028,0.008662433363497257,0.126953125,0.6977197527885437
661,0,1.8346191287128022,4948,0.2025,0.5,1.0,0,21,0,0,-0.003986080177128315,0.1579689383506775,0.5575864315032959,0.0026831477880477905,0.1171875,0.6879979372024536
662,0,1.8469921843134216,4955,0.2075,0.5,1.0,0,21,0,0,-0.008389437571167946,0.15936656296253204,0.5858456492424011,0.019805699586868286,0.1328125,0.6691921949386597
663,0,2.291269526031101,4964,0.1025,0.5,1.0,0,10,0,0,-0.012670201249420643,0.07354561239480972,0.5221027731895447,0.0006433238741010427,0.0625,0.7001914381980896
664,0,2.296621093642898,4973,0.2375,0.5,1.0,0,25,0,0,-0.0021858029067516327,0.07300776988267899,0.427415668964386,0.02530364692211151,0.109375,0.7274647951126099
665,0,1.8500976551003987,4980,0.1375,0.5,1.0,0,14,0,0,-0.0031973039731383324,0.10888870060443878,0.4877985417842865,-0.000581379747018218,0.0,0.7118955254554749
666,0,1.612246112737921,4986,0.32,0.5,1.0,0,34,0,0,-0.003451190423220396,0.26865553855895996,0.5164961814880371,0.0025889358948916197,0.06640625,0.7196136713027954
667,0,2.0564355321694165,4994,0.075,0.5,1.0,0,7,0,0,-0.0018879333510994911,0.34471097588539124,0.5296171307563782,-0.00019014137797057629,0.02734375,0.690030038356781
668,0,2.199912100848451,5003,0.075,0.0,1.0,0,7,0,0,-0.0034004314802587032,0.1437413990497589,0.525833010673523,0.002555332612246275,0.095703125,0.7048085331916809
669,0,2.3894335724398843,5012,0.065,0.5,1.0,0,6,0,0,-0.007806122303009033,0.10552635788917542,0.5042446851730347,0.001319357892498374,0.0,0.7030867338180542
670,0,2.294453121983679,5021,0.1125,0.5,1.0,0,11,0,0,-0.002269695047289133,0.09939546883106232,0.44782841205596924,0.026482462882995605,0.150390625,0.7183594703674316
671,0,1.6232714663055958,5027,0.3175,0.5,1.0,0,34,0,0,-0.0028903528582304716,0.12845849990844727,0.5290310978889465,0.007215890102088451,0.083984375,0.6987148523330688
672,0,2.1964550746197347,5036,0.0825,0.0,1.0,0,8,0,0,-0.00012202747166156769,0.1252048760652542,0.4843027591705322,-0.0020143561996519566,0.0,0.7040896415710449
673,0,1.9569726466070279,5043,0.1325,0.5,1.0,0,13,0,0,-0.0004098042845726013,0.062762551009655,0.5099002718925476,-0.00014090701006352901,0.0,0.7083634734153748
674,0,2.1856152353502694,5052,0.0275,0.0,0.5,0,2,0,0,-0.0003073308616876602,0.10041653364896774,0.4863510727882385,-0.0011377052869647741,0.0,0.7220137119293213
675,0,2.1827929618011694,5060,0.155,0.5,1.0,0,16,0,0,-0.004816751927137375,0.08182880282402039,0.43794894218444824,0.0077423229813575745,0.09765625,0.7523506283760071
676,0,2.0680273391189985,5068,0.11,0.5,1.0,0,11,0,0,-0.0029103728011250496,0.08430313318967819,0.4029545187950134,0.017650866881012917,0.10546875,0.7536998391151428
677,0,1.353330079215084,5073,0.2025,0.5,1.0,0,21,0,0,0.0007134033367037773,1.1698906421661377,0.4657595157623291,-0.001210798043757677,0.005859375,0.745409369468689
678,0,1.5931835874143871,5079,0.155,0.5,1.0,0,16,0,0,-0.00913321878761053,0.4599386155605316,0.47596144676208496,-0.0013117839116603136,0.09375,0.7122921347618103
679,0,1.626582021235663,5085,0.1975,0.5,1.0,0,22,0,0,0.0010130496229976416,0.33421790599823,0.5115100145339966,0.01169717125594616,0.080078125,0.7185393571853638
680,0,2.076992175378109,5093,0.1275,0.5,1.0,0,13,0,0,-0.0009439848363399506,0.20229539275169373,0.4887886047363281,0.0015027821063995361,0.0,0.7225111126899719
681,0,2.2953222636133432,5102,0.155,0.5,1.0,0,16,0,0,-0.0030100068543106318,0.11635684967041016,0.4819151759147644,0.0013718011323362589,0.0,0.7099093794822693
682,0,2.0691015500196954,5110,0.05,0.5,1.0,0,4,0,0,-0.011413861066102982,0.09229105710983276,0.42389336228370667,0.006884402595460415,0.13671875,0.7417927384376526
683,0,1.3900781291413296,5115,0.3525,0.5,1.0,0,39,0,0,0.00819670595228672,0.39171648025512695,0.42283302545547485,0.001061419490724802,0.07421875,0.7562127113342285
684,0,1.5956445328265545,5121,0.2275,0.5,1.0,0,24,0,0,-0.008983686566352844,0.49149832129478455,0.44286584854125977,-0.00291841640137136,0.060546875,0.7498176097869873
685,0,1.8420117115820176,5128,0.0575,0.5,1.0,0,5,0,0,-0.0033301454968750477,0.21248167753219604,0.47564247250556946,0.0023086946457624435,0.087890625,0.738175630569458
686,0,1.6256640625142609,5134,0.2675,0.5,1.0,0,29,0,0,-0.0007971413433551788,0.14130958914756775,0.5035266280174255,0.00812155194580555,0.08984375,0.7112787365913391
687,0,2.074902336622472,5142,0.17,0.5,1.0,0,18,0,0,-0.006618961691856384,0.0850614532828331,0.46190083026885986,0.0028224261477589607,0.001953125,0.7335782647132874
688,0,1.8590331889572553,5149,0.1725,0.5,1.0,0,18,0,0,-0.0025128962006419897,0.05169165879487991,0.42843949794769287,0.0011411879677325487,0.1015625,0.7530592083930969
689,0,1.6052441268402617,5155,0.325,0.5,1.0,0,36,0,0,0.009896991774439812,0.6933454275131226,0.4250677525997162,-0.0018601964693516493,0.044921875,0.7518252730369568
690,0,1.741210932523245,5162,0.05,0.0,1.0,0,4,0,0,-0.005495232064276934,0.15622928738594055,0.4296380579471588,0.004948674701154232,0.0703125,0.7674253582954407
691,0,1.4684863183065318,5167,0.16,0.5,1.0,0,17,0,0,-0.00013065733946859837,0.7992541790008545,0.45675817131996155,0.004259811714291573,0.033203125,0.7488750219345093
692,0,1.8557128749671392,5174,0.13,0.5,1.0,0,13,0,0,-0.006580677814781666,0.16465060412883759,0.44935813546180725,-0.00267416681163013,0.091796875,0.7423796057701111
693,0,1.6261816381811514,5180,0.1825,0.5,1.0,0,19,0,0,-0.0016704872250556946,0.05536314472556114,0.48240184783935547,0.007615386508405209,0.0,0.7193548083305359
694,0,2.0753417919404455,5188,0.175,0.5,1.0,0,18,0,0,-0.006956083700060844,0.0600314699113369,0.4273330271244049,0.010686228051781654,0.05078125,0.7468410730361938
695,0,1.6276660076837288,5194,0.2725,0.5,1.0,0,29,0,0,-0.00348058994859457,0.1486394852399826,0.4736100137233734,0.007506696507334709,0.02734375,0.7245776057243347
696,0,2.0747851449414156,5202,0.085,0.5,1.0,0,8,0,0,0.0015722895041108131,0.1384938359260559,0.47173020243644714,0.0010948346462100744,0.0,0.7280656099319458
697,0,1.9589550861855969,5210,0.0375,0.0,0.5,0,3,0,0,-0.0017491253092885017,0.08843700587749481,0.4062469005584717,0.005234118551015854,0.083984375,0.7460497617721558
698,0,1.970576177292969,5217,0.14,0.5,1.0,0,14,0,0,-0.001897991169244051,0.08226139098405838,0.426285058259964,0.007415942847728729,0.046875,0.7514711618423462
699,0,1.7590527266147546,5224,0.05,0.0,1.0,0,4,0,0,-0.0016299409326165915,0.13248346745967865,0.4883021116256714,0.020440075546503067,0.099609375,0.7101127505302429
700,0,2.1761523337336257,5232,0.0825,0.5,1.0,0,8,0,0,0.0010996521450579166,0.11125338077545166,0.46292799711227417,0.002841636771336198,0.0,0.7315856218338013
701,0,2.2850683355063666,5241,0.0375,0.5,0.5,0,3,0,0,-0.007056226022541523,0.09036952257156372,0.4470544755458832,0.0034069756511598825,0.0,0.7383724451065063
702,0,1.8641406121496402,5248,0.27,0.5,1.0,0,29,0,0,0.0006541996262967587,0.07440029829740524,0.42738664150238037,-0.0007593845948576927,0.0859375,0.7511827945709229
703,0,1.8584765491832513,5255,0.2975,0.5,1.0,0,32,0,0,0.0001276545226573944,0.08499019593000412,0.4430736303329468,-0.0009334329515695572,0.0,0.7467080354690552
704,0,1.8468750008760253,5262,0.26,0.5,1.0,0,27,0,0,-0.011459080502390862,0.06792176514863968,0.42322269082069397,-0.00413256511092186,0.123046875,0.7510014772415161
705,0,1.8437011609057663,5269,0.0825,0.5,1.0,0,8,0,0,0.0015104669146239758,0.06941237300634384,0.3624599277973175,0.015922151505947113,0.087890625,0.781487762928009
706,0,1.3754394496645546,5274,0.1925,0.5,1.0,0,20,0,0,0.003397185355424881,0.3979843854904175,0.3704105317592621,0.007237319368869066,0.013671875,0.783402681350708
707,0,1.338173821910459,5279,0.065,0.5,1.0,0,6,0,0,0.004610308445990086,1.0931380987167358,0.396426260471344,0.0007110713049769402,0.0,0.7755557298660278
708,0,1.1238085816839885,5283,0.385,0.5,1.0,0,58,0,0,-0.0015597997698932886,1.0201314687728882,0.4071171283721924,-0.00041490187868475914,0.0,0.7797585129737854
709,0,1.344384768010059,5288,0.29,0.5,1.0,0,31,0,0,-0.006578224711120129,1.5423372983932495,0.43144720792770386,0.005740282125771046,0.0546875,0.7653453946113586
710,0,1.3699804639618378,5293,0.3925,0.5,1.0,0,43,0,0,-0.0010180482640862465,0.8226633071899414,0.45626014471054077,0.005401423200964928,0.07421875,0.7551930546760559
711,0,1.8382421733731462,5300,0.2175,0.5,1.0,0,23,0,0,-0.006511061452329159,0.7528531551361084,0.41527292132377625,-0.004411621950566769,0.060546875,0.7585448622703552
712,0,1.8493554582819343,5307,0.0925,0.5,1.0,0,9,0,0,-0.00578765943646431,0.4088985025882721,0.4605531096458435,0.0005576286930590868,0.001953125,0.7546036839485168
713,0,1.6320117065915838,5313,0.3725,0.5,1.0,0,47,0,0,-0.0031489788088947535,0.5374236106872559,0.4765911102294922,0.006929589901119471,0.072265625,0.7292640209197998
714,0,2.076601548193139,5321,0.1875,0.5,1.0,0,20,0,0,6.645452231168747e-05,0.08478156477212906,0.44977739453315735,-0.001234954223036766,0.0,0.7291777729988098
715,0,1.8540624821616802,5328,0.275,0.5,1.0,0,29,0,0,-0.005388672463595867,0.08240552246570587,0.40293464064598083,0.005161147564649582,0.103515625,0.7492525577545166
716,0,1.8550000016548438,5335,0.1575,0.5,1.0,0,16,0,0,-0.0052523138001561165,0.24812617897987366,0.453988254070282,0.002417865674942732,0.0,0.7554665803909302
717,0,1.9665331938158488,5343,0.025,0.0,0.5,0,1,0,0,-0.0025451229885220528,0.07651039212942123,0.46371328830718994,0.003975478000938892,0.0078125,0.7320228815078735
718,0,2.0767578000668436,5351,0.0275,0.0,0.5,0,2,0,0,-0.002343983855098486,0.08716578036546707,0.3695419430732727,0.022421417757868767,0.17578125,0.7629698514938354
719,0,1.4965722505294252,5356,0.34,0.5,1.0,0,37,0,0,0.003201283747330308,0.5079308748245239,0.3825126886367798,0.0035862759687006474,0.037109375,0.7802836894989014
720,0,1.6121288849317352,5362,0.2675,0.5,1.0,0,29,0,0,-0.006318468134850264,0.2027670443058014,0.4314018785953522,0.003865449456498027,0.068359375,0.7683202028274536
721,0,1.848671862266201,5369,0.1125,0.5,1.0,0,11,0,0,0.0028007393702864647,0.10636155307292938,0.4358842074871063,0.0015304489061236382,0.08984375,0.7622188329696655
722,0,1.6225585789361503,5375,0.215,0.5,1.0,0,23,0,0,-0.004124252591282129,0.13503038883209229,0.48231685161590576,0.012772549875080585,0.12109375,0.7180474996566772
723,0,2.078330071810342,5383,0.24,0.5,1.0,0,26,0,0,-0.0016732821241021156,0.11706185340881348,0.4546038508415222,0.00217344518750906,0.0,0.7244129180908203
724,0,2.1815722550818464,5392,0.0375,0.0,0.5,0,3,0,0,-0.004592465236783028,0.061665311455726624,0.42243093252182007,-0.0030723416712135077,0.126953125,0.7540818452835083
725,0,1.9683398482375196,5399,0.18,0.5,1.0,0,20,0,0,0.0016392692923545837,0.09269943833351135,0.4010411500930786,0.006791462190449238,0.091796875,0.7612636685371399
726,0,1.7395800620870432,5406,0.0325,0.0,0.5,0,2,0,0,-0.002349967136979103,0.0738922655582428,0.46276193857192993,0.004542982671409845,0.0546875,0.7372388243675232
727,0,1.968017560779117,5413,0.3525,0.5,1.0,0,38,0,0,-0.0037244653794914484,0.13798975944519043,0.4224383533000946,0.0018468198832124472,0.0,0.7453885674476624
728,0,1.8509765619965037,5420,0.2975,0.5,1.0,0,31,0,0,0.0020313309505581856,0.24385441839694977,0.3894554376602173,0.003921810537576675,0.087890625,0.7754743695259094
729,0,1.8442480418016203,5427,0.0575,0.5,1.0,0,5,0,0,-0.007896646857261658,0.16640782356262207,0.46396875381469727,0.010585392825305462,0.09765625,0.7405310869216919
730,0,1.6293456886924105,5433,0.4075,0.5,1.0,0,53,0,0,-0.004005424678325653,0.20665346086025238,0.4954482913017273,0.02369377389550209,0.13671875,0.7028321623802185
731,0,2.2890527153176663,5442,0.0575,0.5,1.0,0,5,0,0,-0.011889777146279812,0.07169842720031738,0.42181187868118286,0.003976748790591955,0.095703125,0.7441543340682983
732,0,1.727060544260894,5449,0.02,0.0,0.0,0,0,0,0,-0.00451287068426609,0.07687913626432419,0.46586525440216064,0.002657797886058688,0.0,0.7383168339729309
733,0,2.198691402678378,5457,0.05,0.5,1.0,0,4,0,0,-0.0032467273995280266,0.0852367952466011,0.43605855107307434,0.009949900209903717,0.0546875,0.75133216381073
734,0,1.8587206937299925,5464,0.24,0.5,1.0,0,26,0,0,0.0037438590079545975,0.0762123167514801,0.37254929542541504,0.012475207448005676,0.126953125,0.7650126218795776
735,0,1.8571191420705873,5471,0.1175,0.5,1.0,0,12,0,0,0.0006102346815168858,0.15976844727993011,0.43115246295928955,0.0008014719933271408,0.0,0.7510735988616943
736,0,1.8588281253178138,5478,0.0925,0.5,1.0,0,9,0,0,-0.002657518722116947,0.08436953276395798,0.44150999188423157,-0.0011729779653251171,0.0,0.7441390156745911
737,0,1.6187206983559008,5484,0.05,0.5,1.0,0,4,0,0,-0.00594685785472393,0.18062210083007812,0.49351730942726135,0.015036876313388348,0.08203125,0.7363021373748779
738,0,1.8552148377493722,5491,0.085,0.5,1.0,0,8,0,0,-0.000276453560218215,0.17994500696659088,0.5050732493400574,0.01005067303776741,0.111328125,0.7128400802612305
739,0,2.069707019651105,5499,0.265,0.5,1.0,0,28,0,0,-0.0010781357996165752,0.13618360459804535,0.4295264780521393,0.00037099793553352356,0.0,0.7447454333305359
740,0,2.2947656047690543,5508,0.0575,0.5,1.0,0,5,0,0,-0.004785270430147648,0.06444375216960907,0.3810842037200928,0.016931744292378426,0.111328125,0.7565287351608276
741,0,1.8575781224353705,5515,0.0575,0.5,1.0,0,5,0,0,-0.00677219033241272,0.04406830668449402,0.3955265283584595,0.011061841621994972,0.103515625,0.7532666921615601
742,0,1.6298730425478425,5521,0.1025,0.5,1.0,0,10,0,0,-0.0008192285895347595,0.05393894389271736,0.40213435888290405,0.0014572730287909508,0.0,0.7775721549987793
743,0,1.4990136679261923,5527,0.0325,0.0,0.5,0,2,0,0,-0.0007062852382659912,0.15385441482067108,0.41229480504989624,0.0010262462310492992,0.0,0.7639608979225159
744,0,1.5088085860115825,5532,0.2875,0.5,1.0,0,31,0,0,-0.0028502827044576406,0.21429131925106049,0.48764950037002563,0.025185266509652138,0.126953125,0.7384636402130127
745,0,2.075664061761927,5540,0.12,0.5,1.0,0,12,0,0,0.004718565382063389,0.0637873113155365,0.4465920329093933,-0.001902580726891756,0.095703125,0.7475256323814392
746,0,1.8606152462052705,5547,0.325,0.5,1.0,0,34,0,0,-0.01011170819401741,0.04629398137331009,0.39825668931007385,0.0038482816889882088,0.091796875,0.7597408294677734
747,0,1.8559179438234423,5554,0.2225,0.5,1.0,0,24,0,0,0.002693760208785534,0.0489547960460186,0.4049718677997589,0.0015951404348015785,0.08203125,0.7631275057792664
748,0,1.852812484044989,5561,0.05,0.5,1.0,0,4,0,0,-0.0016812179237604141,0.048129722476005554,0.46708983182907104,0.007539886981248856,0.09375,0.7477973699569702
749,0,1.6355468808033038,5567,0.225,0.5,1.0,0,24,0,0,-0.00500353192910552,0.11326989531517029,0.4757711589336395,0.007093249820172787,0.146484375,0.7321985960006714
750,0,2.075722646462964,5575,0.2375,0.5,1.0,0,25,0,0,-0.00404107291251421,0.0651894137263298,0.4316902160644531,0.0030404645949602127,0.017578125,0.7318730354309082
751,0,2.1861913945467677,5584,0.0275,0.0,0.5,0,2,0,0,-0.0019221864640712738,0.07885396480560303,0.37187817692756653,0.02213391289114952,0.130859375,0.7583101987838745
752,0,1.7337402285193093,5590,0.165,0.5,1.0,0,17,0,0,-0.0007924768142402172,0.11293650418519974,0.42457446455955505,-0.0019743328448385,0.0546875,0.7562707662582397
753,0,1.614042961242376,5596,0.21,0.5,1.0,0,22,0,0,-0.012731421738862991,0.4633527398109436,0.4701097011566162,0.0076253535225987434,0.09765625,0.7377530336380005
754,0,1.8525390408103704,5603,0.2075,0.5,1.0,0,22,0,0,-0.0022338274866342545,0.15218476951122284,0.4628547728061676,0.005860700272023678,0.09765625,0.7459151744842529
755,0,2.074804678628425,5611,0.12,0.5,1.0,0,12,0,0,0.001482818741351366,0.0639256164431572,0.44377532601356506,0.0007306840270757675,0.0,0.747890830039978
756,0,1.85889648347802,5618,0.1525,0.5,1.0,0,15,0,0,-0.0028754491358995438,0.08924088627099991,0.4216414988040924,-0.001906122313812375,0.07421875,0.7569139003753662
757,0,1.857890612896881,5625,0.1175,0.5,1.0,0,12,0,0,-0.0012308023869991302,0.10625680536031723,0.42286795377731323,-0.0016421237960457802,0.0,0.7545257806777954
758,0,1.856816389503365,5632,0.17,0.5,1.0,0,18,0,0,-0.00599908921867609,0.2223455011844635,0.45024222135543823,0.006545243784785271,0.046875,0.7481437921524048
759,0,2.0792480367963435,5640,0.105,0.5,1.0,0,10,0,0,-0.004854602739214897,0.10646233707666397,0.4067836403846741,0.0011590071953833103,0.0,0.7641788125038147
760,0,1.6346093494066736,5646,0.29,0.5,1.0,0,31,0,0,0.002537657506763935,0.07938037067651749,0.4169071614742279,-0.0021374307107180357,0.0,0.7680402398109436
761,0,1.8473828149726614,5653,0.065,0.5,1.0,0,6,0,0,-0.002206591423600912,0.09497284144163132,0.4427556097507477,0.009136681444942951,0.08984375,0.7463371753692627
762,0,1.8537109305034392,5660,0.075,0.5,1.0,0,7,0,0,-0.010688717477023602,0.06351561844348907,0.36470937728881836,0.007361347321420908,0.095703125,0.7748173475265503
763,0,1.3937109322869219,5665,0.39,0.5,1.0,0,44,0,0,0.009588557295501232,0.18643483519554138,0.3822039067745209,-2.423184923827648e-05,0.087890625,0.7861023545265198
764,0,1.602812489567441,5671,0.2325,0.5,1.0,0,25,0,0,-0.005075809545814991,0.2754400670528412,0.4117739200592041,0.0018104978371411562,0.0,0.7660803198814392
765,0,1.627617175145133,5677,0.305,0.5,1.0,0,33,0,0,-0.00289909727871418,0.2170221507549286,0.44287824630737305,0.014244097284972668,0.119140625,0.7431314587593079
766,0,2.0783300611074083,5685,0.1375,0.5,1.0,0,14,0,0,-0.0007774149999022484,0.10538926720619202,0.43658313155174255,0.002402157988399267,0.06640625,0.7481458187103271
767,0,2.06394529202953,5693,0.0375,0.5,0.5,0,3,0,0,-0.006246358621865511,0.061838410794734955,0.3883764147758484,0.006720011588186026,0.10546875,0.7687898278236389
768,0,1.6524414024315774,5699,0.3125,0.5,1.0,0,34,0,0,0.0003430335782468319,0.05056408420205116,0.39960727095603943,0.001956391613930464,0.00390625,0.7676672339439392
769,0,1.8595312299148645,5706,0.315,0.5,1.0,0,34,0,0,-0.003083517774939537,0.09576066583395004,0.4487508237361908,0.006521089002490044,0.107421875,0.74769526720047
770,0,1.8591601556981914,5713,0.3125,0.5,1.0,0,34,0,0,0.001602640375494957,0.0436873622238636,0.42251503467559814,-0.0015685108955949545,0.01953125,0.7574267983436584
771,0,1.8601855323286145,5720,0.33,0.5,1.0,0,35,0,0,-0.004215443506836891,0.0427808053791523,0.3712056279182434,0.00554803479462862,0.083984375,0.782535195350647
772,0,1.6279687394708162,5726,0.385,0.5,1.0,0,44,0,0,-0.009989785961806774,0.11702141910791397,0.4493887424468994,0.009742802940309048,0.099609375,0.7459093332290649
773,0,2.065478509561217,5734,0.0725,0.5,1.0,0,7,0,0,0.0014498177915811539,0.04740690067410469,0.4130152761936188,0.0030521219596266747,0.00390625,0.7675933837890625
774,0,1.8617870957241394,5741,0.2225,0.5,1.0,0,23,0,0,-0.006529857404530048,0.0416967011988163,0.3636179566383362,0.0006629209965467453,0.0859375,0.8030118346214294
775,0,1.8592382686474593,5748,0.255,0.5,1.0,0,27,0,0,0.0002861097455024719,0.046995311975479126,0.31551113724708557,0.017964359372854233,0.09375,0.7924643754959106
776,0,1.3762402457068674,5753,0.3875,0.5,1.0,0,47,0,0,0.005159410648047924,0.5540515184402466,0.38684529066085815,-0.0011581860017031431,0.029296875,0.7874739170074463
777,0,1.5997265649493784,5759,0.195,0.5,1.0,0,20,0,0,-0.003506164997816086,0.35071423649787903,0.3740723729133606,0.001013047294691205,0.0,0.7926023006439209
778,0,1.5040917996084318,5765,0.0575,0.0,1.0,0,5,0,0,-0.0054336003959178925,0.3418583571910858,0.45472460985183716,0.026591699570417404,0.1875,0.7319005131721497
779,0,1.714882804757508,5771,0.05,0.5,1.0,0,4,0,0,-0.005715974606573582,0.16143330931663513,0.4452509582042694,0.01599057763814926,0.1171875,0.7389342784881592
780,0,1.8574804496893194,5778,0.1225,0.5,1.0,0,12,0,0,0.0006707888096570969,0.06400440633296967,0.4034329056739807,-8.899671956896782e-05,0.0,0.7810761332511902
781,0,1.8587109171130578,5785,0.1425,0.5,1.0,0,14,0,0,-0.0002920539118349552,0.16535870730876923,0.4407980144023895,0.0005664473865181208,0.0,0.7501863837242126
782,0,1.8627148374034732,5792,0.215,0.5,1.0,0,22,0,0,-0.0035267770290374756,0.04465624690055847,0.39952218532562256,0.00027744099497795105,0.0,0.7709356546401978
783,0,1.859716787308571,5799,0.2825,0.5,1.0,0,31,0,0,0.002287333831191063,0.03464174643158913,0.33852213621139526,0.01041341107338667,0.087890625,0.7936415672302246
784,0,1.737333969125757,5806,0.025,0.0,0.5,0,1,0,0,-0.0015869438648223877,0.04556800797581673,0.4258785545825958,0.0029162010177969933,0.01171875,0.7665520906448364
785,0,1.7456738194523496,5812,0.245,0.5,1.0,0,27,0,0,-0.0029087411239743233,0.08188334107398987,0.441633015871048,0.002351916627958417,0.10546875,0.7473219633102417
786,0,2.0787988142692484,5820,0.155,0.5,1.0,0,16,0,0,-0.005736006423830986,0.04199286922812462,0.37207862734794617,0.00926661305129528,0.111328125,0.7769545316696167
787,0,1.6325292942783562,5826,0.265,0.5,1.0,0,29,0,0,-0.0011624712496995926,0.04698991775512695,0.40019840002059937,0.003349818056449294,0.02734375,0.7673124670982361
788,0,1.6230859293427784,5832,0.36,0.5,1.0,0,38,0,0,-0.0010779851581901312,0.14039047062397003,0.44398659467697144,0.004113323986530304,0.017578125,0.7513535618782043
789,0,1.853417944497778,5839,0.2725,0.5,1.0,0,30,0,0,-0.0029390566051006317,0.044152699410915375,0.3746420741081238,0.004100603982806206,0.0625,0.7790302038192749
790,0,1.859746073223505,5846,0.2525,0.5,1.0,0,26,0,0,-0.006441197358071804,0.1355176866054535,0.43278390169143677,-0.001308178761973977,0.04296875,0.758686900138855
791,0,1.8451269379802397,5853,0.1525,0.5,1.0,0,15,0,0,0.0007334423717111349,0.2264055609703064,0.4506191313266754,0.0049667926505208015,0.087890625,0.7390366792678833
792,0,1.9652441361831734,5861,0.025,0.0,0.5,0,1,0,0,-0.005004039034247398,0.0914677083492279,0.37804484367370605,0.0048498534597456455,0.04296875,0.7709674835205078
793,0,1.749599601054797,5867,0.3175,0.5,1.0,0,34,0,0,0.000618787482380867,0.060314424335956573,0.3892998695373535,0.0006650357972830534,0.00390625,0.7842360138893127
794,0,1.8428710661864898,5874,0.05,0.5,1.0,0,4,0,0,-0.008515280671417713,0.1409386843442917,0.4036739468574524,0.0036587391514331102,0.021484375,0.7756584882736206
795,0,1.6362206922785845,5880,0.38,0.5,1.0,0,42,0,0,-0.002281506545841694,0.036235399544239044,0.3546043038368225,0.01468951441347599,0.0859375,0.7878559827804565
796,0,1.596210934148985,5886,0.155,0.5,1.0,0,16,0,0,-0.0005337074398994446,0.3107483386993408,0.4161335825920105,-0.0009854489471763372,0.0,0.7768192291259766
797,0,1.6131249887257582,5892,0.05,0.5,1.0,0,4,0,0,-0.006937171332538128,0.3219773769378662,0.4781893789768219,0.014444956555962563,0.107421875,0.7400665879249573
798,0,1.6369726518751122,5898,0.17,0.5,1.0,0,18,0,0,0.002924850443378091,0.1912570297718048,0.44319501519203186,0.004901147447526455,0.0703125,0.7634631395339966
799,0,1.8527831851679366,5905,0.085,0.5,1.0,0,8,0,0,-0.0012031728401780128,0.10845622420310974,0.4549700915813446,0.003965120762586594,0.0,0.7434462308883667
800,0,1.8569335832144134,5912,0.17,0.5,1.0,0,18,0,0,-0.014711443334817886,0.05491214245557785,0.4044390618801117,0.005588476546108723,0.091796875,0.759107768535614
801,0,1.8536035212309798,5919,0.11,0.5,1.0,0,11,0,0,-0.00014021806418895721,0.026422688737511635,0.3304208815097809,0.018096253275871277,0.08984375,0.7846202254295349
802,0,1.5055957015865715,5925,0.0325,0.0,0.5,0,2,0,0,-0.007715544663369656,0.2990480661392212,0.45841172337532043,0.016053931787610054,0.091796875,0.7457832098007202
803,0,1.740253897907678,5931,0.1425,0.5,1.0,0,14,0,0,0.0014665485359728336,0.09401686489582062,0.40907737612724304,0.003971768543124199,0.072265625,0.766322135925293
804,0,1.6336132631113287,5937,0.34,0.5,1.0,0,36,0,0,1.1699274182319641e-05,0.08563792705535889,0.421764612197876,0.002470741979777813,0.0,0.7556145191192627
805,0,1.8552148499366012,5944,0.235,0.5,1.0,0,25,0,0,-0.005279064178466797,0.038674723356962204,0.3640400767326355,0.0017896280623972416,0.06640625,0.7802899479866028
806,0,1.8607812322152313,5951,0.32,0.5,1.0,0,34,0,0,-0.0018957280553877354,0.06958740204572678,0.3504892885684967,0.010901354253292084,0.091796875,0.7809929847717285
807,0,1.8506054401186702,5958,0.0725,0.5,1.0,0,7,0,0,-0.002990320324897766,0.04208676144480705,0.3642469346523285,0.0008853997569531202,0.001953125,0.7960547804832458
808,0,1.6261523154826136,5964,0.1375,0.5,1.0,0,14,0,0,-0.0025351285003125668,0.11634867638349533,0.42060157656669617,0.010057143867015839,0.095703125,0.768613338470459
809,0,1.859013654961018,5971,0.1425,0.5,1.0,0,14,0,0,-0.0003695804625749588,0.038229867815971375,0.3640344440937042,0.0020220272708684206,0.00390625,0.7897701263427734
810,0,1.6333007741595793,5977,0.2625,0.5,1.0,0,28,0,0,-0.0009583469945937395,0.17868520319461823,0.37961721420288086,0.0009118444286286831,0.0,0.7801384329795837
811,0,1.8480273172754096,5984,0.0575,0.5,1.0,0,5,0,0,-0.0033550800289958715,0.06067553535103798,0.4398324191570282,0.0129947355017066,0.076171875,0.7504705190658569
812,0,1.6278906148436363,5990,0.285,0.5,1.0,0,30,0,0,-0.0003734931815415621,0.11427450180053711,0.3868263363838196,0.003635191125795245,0.01171875,0.7668330073356628
813,0,1.8548046701034764,5997,0.2175,0.5,1.0,0,23,0,0,-0.004094029776751995,0.10562846064567566,0.3919505476951599,0.004557673819363117,0.03515625,0.7629773616790771
814,0,1.964736317662755,6005,0.025,0.0,0.5,0,1,0,0,-0.002633489668369293,0.12231984734535217,0.4111017882823944,0.008489060215651989,0.103515625,0.7621729373931885
815,0,1.9715917829707905,6012,0.1775,0.5,1.0,0,19,0,0,-0.0051165418699383736,0.05820171907544136,0.37714484333992004,0.0018346360884606838,0.08984375,0.7731269598007202
816,0,1.8458984309545485,6019,0.0775,0.5,1.0,0,7,0,0,-0.00034713558852672577,0.11966779828071594,0.3897112309932709,0.0014655990526080132,0.013671875,0.7684294581413269
817,0,1.8594140337299905,6026,0.14,0.5,1.0,0,14,0,0,0.00028042495250701904,0.030717303976416588,0.38896381855010986,0.0005820030346512794,0.0,0.7845317125320435
818,0,1.8495898201072123,6033,0.1125,0.5,1.0,0,11,0,0,0.0004559298977255821,0.12188935279846191,0.37579646706581116,0.0005769913550466299,0.0,0.7814125418663025
819,0,1.745136709207145,6040,0.025,0.0,0.5,0,1,0,0,-0.01108807697892189,0.0402132123708725,0.33698251843452454,0.006481355521827936,0.03515625,0.7995209693908691
820,0,1.7528320079036348,6046,0.335,0.5,1.0,0,36,0,0,0.0010421890765428543,0.056268882006406784,0.3203284442424774,0.005664064548909664,0.048828125,0.798785388469696
821,0,1.847011695819674,6053,0.125,0.5,1.0,0,12,0,0,-0.0007479646010324359,0.1564897894859314,0.36261674761772156,-5.786470137536526e-05,0.01171875,0.7917425036430359
822,0,1.6293359242990846,6059,0.3175,0.5,1.0,0,35,0,0,-0.0004658866673707962,0.10548313707113266,0.3968205451965332,0.002058259677141905,0.099609375,0.7595918774604797
823,0,1.84553709012107,6066,0.065,0.5,1.0,0,6,0,0,-0.0006835181266069412,0.12189548462629318,0.4231067895889282,0.008120715618133545,0.0625,0.7429883480072021
824,0,1.8615624774320167,6073,0.12,0.5,1.0,0,12,0,0,-0.0034761112183332443,0.07550745457410812,0.3832305669784546,0.0030021416023373604,0.0,0.777317225933075
825,0,1.8609277299183304,6080,0.33,0.5,1.0,0,36,0,0,-0.005463240202516317,0.04195883125066757,0.3497717082500458,0.0041134972125291824,0.05078125,0.7794344425201416
826,0,1.848144513409352,6087,0.19,0.5,1.0,0,20,0,0,-0.003336576744914055,0.05238775536417961,0.3449067771434784,0.0012474972754716873,0.052734375,0.7934597730636597
827,0,1.8569335806823801,6094,0.205,0.5,1.0,0,22,0,0,-0.007183494046330452,0.03467017039656639,0.30864661931991577,0.011427467688918114,0.05859375,0.8117438554763794
828,0,1.738427721807966,6101,0.025,0.0,0.5,0,1,0,0,-0.004421059042215347,0.05824834108352661,0.3339686691761017,-0.0009437743574380875,0.013671875,0.803254246711731
829,0,1.7466503863688558,6107,0.155,0.5,1.0,0,16,0,0,-0.005620041862130165,0.026922237128019333,0.31781867146492004,-0.00031793396919965744,0.0234375,0.8095691204071045
830,0,1.638076173243462,6113,0.3075,0.5,1.0,0,33,0,0,0.003219173289835453,0.15948636829853058,0.34880736470222473,-0.003002865705639124,0.01171875,0.7860609889030457
831,0,1.7506445171238738,6120,0.05,0.0,1.0,0,4,0,0,-0.002679421566426754,0.12016253918409348,0.36155855655670166,0.0029257647693157196,0.134765625,0.7939237356185913
832,0,1.734394522907678,6126,0.3125,0.5,1.0,0,34,0,0,-0.00036679767072200775,0.15360291302204132,0.3727750778198242,0.0005344043020159006,0.015625,0.7827131748199463
833,0,1.8608300528721884,6133,0.315,0.5,1.0,0,34,0,0,-0.0015593236312270164,0.07128185778856277,0.35885289311408997,-2.9748305678367615e-05,0.0,0.7930643558502197
834,0,1.857734352845,6140,0.27,0.5,1.0,0,29,0,0,-0.0006480496376752853,0.03671614080667496,0.34955400228500366,0.0016443144995719194,0.00390625,0.7951255440711975
835,0,1.8564062180521432,6147,0.1225,0.5,1.0,0,13,0,0,-0.004617578350007534,0.033697422593832016,0.36050570011138916,-1.4207325875759125e-05,0.0,0.775248646736145
836,0,1.8539062509516953,6154,0.12,0.5,1.0,0,12,0,0,-0.0038354997523128986,0.3292918801307678,0.3612872064113617,0.0009792209602892399,0.04296875,0.7865278124809265
837,0,1.732744123073644,6161,0.02,0.0,0.0,0,0,0,0,-0.0004854730796068907,0.036217547953128815,0.36386534571647644,0.00018391385674476624,0.005859375,0.7909210920333862
838,0,1.7609960859263083,6167,0.3325,0.5,1.0,0,36,0,0,-0.003071082755923271,0.06122518703341484,0.3749453127384186,0.0019562686793506145,0.087890625,0.7866082787513733
839,0,1.8511718751105946,6174,0.205,0.5,1.0,0,21,0,0,-0.006088170222938061,0.06336210668087006,0.3853529095649719,0.006415327079594135,0.078125,0.7736796140670776
840,0,2.078164040663978,6182,0.0775,0.5,1.0,0,7,0,0,-0.008174541406333447,0.036500267684459686,0.318188339471817,0.011577323079109192,0.115234375,0.7936217784881592
841,0,1.7145703181740828,6189,0.02,0.0,0.0,0,0,0,0,0.002782244235277176,0.1238403469324112,0.33378034830093384,0.002848456148058176,0.001953125,0.7999944686889648
842,0,1.7211132790253032,6195,0.05,0.5,1.0,0,4,0,0,-0.0038057260680943727,0.34580084681510925,0.399553120136261,0.002883392386138439,0.07421875,0.7820261716842651
843,0,1.6055468661215855,6201,0.205,0.5,1.0,0,21,0,0,-0.007429736200720072,0.6477692723274231,0.4390215277671814,0.018093204125761986,0.181640625,0.7518836855888367
844,0,2.070927734079305,6209,0.0825,0.5,1.0,0,8,0,0,0.00024389405734837055,0.24868708848953247,0.42019957304000854,0.0050901868380606174,0.0859375,0.7519197463989258
845,0,1.8551855370315025,6216,0.18,0.5,1.0,0,19,0,0,-0.0010482086800038815,0.20791137218475342,0.4172545075416565,0.002224747324362397,0.0,0.7592235207557678
846,0,2.2965625059550803,6225,0.0825,0.5,1.0,0,8,0,0,-0.0016443561762571335,0.10753612965345383,0.403659462928772,0.0018965427298098803,0.0,0.7554753422737122
847,0,2.074843731679721,6233,0.1775,0.5,1.0,0,19,0,0,-0.004039838910102844,0.06970266997814178,0.3733770251274109,0.005587238352745771,0.1015625,0.7607486248016357
848,0,2.080585943032929,6241,0.1925,0.5,1.0,0,20,0,0,-0.005007682368159294,0.05038412660360336,0.3203093409538269,0.014800304546952248,0.111328125,0.7978711724281311
849,0,1.9648925658257212,6249,0.0325,0.0,0.5,0,2,0,0,-0.008256901055574417,0.047463566064834595,0.31541866064071655,0.0067600891925394535,0.111328125,0.8022856712341309
850,0,1.7343456867311033,6255,0.185,0.5,1.0,0,19,0,0,0.0015346892178058624,0.06553316116333008,0.34510552883148193,0.00012996559962630272,0.0,0.7916275858879089
851,0,1.7349511569918832,6262,0.025,0.0,0.5,0,1,0,0,-0.00542776333168149,0.048429541289806366,0.39185962080955505,0.005036931950598955,0.119140625,0.7869787812232971
852,0,1.9673437345118145,6269,0.075,0.5,1.0,0,7,0,0,-0.001699327491223812,0.025394374504685402,0.386853963136673,0.005809485912322998,0.068359375,0.7735294699668884
853,0,1.6117187327618012,6275,0.35,0.5,1.0,0,44,0,0,-0.007806889247149229,0.3449963331222534,0.42492616176605225,0.005486784502863884,0.005859375,0.7575476169586182
854,0,1.8424316256860038,6282,0.35,0.5,1.0,0,40,0,0,-0.00560867739841342,0.11408130079507828,0.43540477752685547,0.013381009921431541,0.12890625,0.7461432218551636
855,0,2.1828613191028126,6291,0.025,0.0,0.5,0,1,0,0,-0.0060317679308354855,0.062138043344020844,0.37551799416542053,0.0018878788687288761,0.064453125,0.7718223333358765
856,0,1.9588281194810406,6298,0.1925,0.5,1.0,0,21,0,0,0.000258058775216341,0.06575655192136765,0.33630406856536865,0.0142677566036582,0.123046875,0.7923238277435303
857,0,2.067880841983424,6306,0.105,0.5,1.0,0,10,0,0,-0.00384617131203413,0.10326997935771942,0.32558009028434753,0.016451986506581306,0.095703125,0.8005850315093994
858,0,1.6194824073900236,6312,0.3175,0.5,1.0,0,35,0,0,-0.0026300193276256323,0.14646154642105103,0.39906853437423706,0.0020512479823082685,0.017578125,0.7671704292297363
859,0,1.843515603148262,6319,0.335,0.5,1.0,0,36,0,0,-0.0010126624256372452,0.10156524181365967,0.42429882287979126,0.015591802075505257,0.224609375,0.7497092485427856
860,0,2.070341801372706,6327,0.185,0.5,1.0,0,19,0,0,-0.00405471958220005,0.04634414613246918,0.37204402685165405,0.0006174002774059772,0.046875,0.7719709873199463
861,0,2.075781231353176,6335,0.135,0.5,1.0,0,14,0,0,0.00026654312387108803,0.03325789421796799,0.32533618807792664,0.012109054252505302,0.1796875,0.7972877621650696
862,0,1.8519335751261679,6342,0.075,0.5,1.0,0,7,0,0,-0.007312677800655365,0.09455137699842453,0.3926065266132355,0.008846982382237911,0.052734375,0.7758450508117676
863,0,1.8595898274506908,6349,0.19,0.5,1.0,0,20,0,0,-0.0004998985677957535,0.03587381914258003,0.37288033962249756,0.0002399403601884842,0.001953125,0.7812817096710205
864,0,1.855419909086777,6356,0.235,0.5,1.0,0,26,0,0,0.00014473381452262402,0.0182306170463562,0.33686116337776184,0.001773688942193985,0.064453125,0.7965680360794067
865,0,1.8523730309098028,6363,0.125,0.5,1.0,0,12,0,0,-0.008896674029529095,0.21891456842422485,0.4123079180717468,0.007560162805020809,0.123046875,0.7729034423828125
866,0,1.9569628835015465,6371,0.02,0.0,0.0,0,0,0,0,-2.21841037273407e-06,0.04299607127904892,0.37408432364463806,-0.0005891639739274979,0.0,0.7820605039596558
867,0,1.7517089638859034,6377,0.26,0.5,1.0,0,27,0,0,-0.006065228022634983,0.0504099577665329,0.35799503326416016,0.008268401958048344,0.04296875,0.7898381352424622
868,0,1.9682909982802812,6385,0.0375,0.0,0.5,0,3,0,0,-0.0016851169057190418,0.06336252391338348,0.3519843816757202,0.003385823220014572,0.0390625,0.7823778390884399
869,0,1.9704589714092435,6392,0.0975,0.5,1.0,0,9,0,0,-0.0010059196501970291,0.025598540902137756,0.32866936922073364,0.005084664560854435,0.087890625,0.8078211545944214
870,0,1.8605468612622644,6399,0.075,0.5,1.0,0,7,0,0,-0.005116532556712627,0.02936067432165146,0.31892555952072144,0.011530847288668156,0.119140625,0.7957480549812317
871,0,1.6194042849892867,6405,0.1425,0.5,1.0,0,14,0,0,0.0019080936908721924,0.1437481939792633,0.3641442358493805,0.0007183970883488655,0.0,0.801323413848877
872,0,1.597265610456816,6411,0.1325,0.5,1.0,0,14,0,0,-0.001492292620241642,0.21839380264282227,0.36608612537384033,0.00010601873509585857,0.0,0.7726017236709595
873,0,1.6264355330495164,6417,0.2575,0.5,1.0,0,27,0,0,-0.0015640521887689829,0.13206885755062103,0.3833988308906555,0.004236219450831413,0.001953125,0.782533586025238
874,0,1.6290429649379803,6423,0.35,0.5,1.0,0,39,0,0,-0.0009554876014590263,0.10199745744466782,0.35062867403030396,0.0006751413457095623,0.0,0.8067784309387207
875,0,1.8526562347105937,6430,0.1275,0.5,1.0,0,12,0,0,-0.006396877579391003,0.05808824673295021,0.38642019033432007,0.0021663629449903965,0.0078125,0.7864715456962585
876,0,1.6330273327912437,6436,0.2625,0.5,1.0,0,29,0,0,0.0030763745307922363,0.06632770597934723,0.41597843170166016,0.011574475094676018,0.14453125,0.7651196122169495
877,0,1.853935523504333,6443,0.1475,0.5,1.0,0,15,0,0,-0.001976379193365574,0.03190559148788452,0.37413209676742554,0.0015856067184358835,0.00390625,0.7863588929176331
878,0,1.8603222511155764,6450,0.2125,0.5,1.0,0,22,0,0,-0.0015397947281599045,0.023089632391929626,0.37157291173934937,0.0016720565035939217,0.0,0.7936174869537354
879,0,1.8614648210786982,6457,0.3075,0.5,1.0,0,33,0,0,-0.00021207984536886215,0.014788256026804447,0.3974594473838806,0.005828876048326492,0.080078125,0.7763357162475586
880,0,2.072900385297544,6465,0.155,0.5,1.0,0,16,0,0,-0.007619139738380909,0.034618958830833435,0.3479086756706238,-0.0010932416189461946,0.09765625,0.7857916355133057
881,0,1.8536035044671735,6472,0.1425,0.5,1.0,0,14,0,0,-0.002468324266374111,0.03405370935797691,0.36545613408088684,0.005441182758659124,0.046875,0.7938154935836792
882,0,1.8556445165777404,6479,0.165,0.5,1.0,0,18,0,0,0.000838378444314003,0.10573188960552216,0.3709491789340973,-0.00012688618153333664,0.0,0.772011935710907
883,0,2.0767968569489312,6487,0.095,0.5,1.0,0,9,0,0,-0.005993064492940903,0.031667690724134445,0.3278990387916565,0.0071025872603058815,0.05078125,0.8058724403381348
884,0,1.852499989385251,6494,0.065,0.5,1.0,0,6,0,0,0.0010172948241233826,0.028852757066488266,0.33542579412460327,0.00474860705435276,0.078125,0.8002668619155884
885,0,1.848925765225431,6501,0.05,0.5,1.0,0,4,0,0,-0.004813463427126408,0.04624921455979347,0.36439642310142517,0.0008842367678880692,0.08203125,0.784110963344574
886,0,1.8595995963260066,6508,0.1575,0.5,1.0,0,17,0,0,-0.004625912755727768,0.024942418560385704,0.31655752658843994,0.008424326777458191,0.005859375,0.7965180277824402
887,0,1.719511703850003,6515,0.02,0.0,0.0,0,0,0,0,0.003457993268966675,0.171477273106575,0.3600183129310608,-0.0023668576031923294,0.0,0.788177490234375
888,0,1.7514257686052588,6521,0.285,0.5,1.0,0,30,0,0,-0.0067122941836714745,0.14075317978858948,0.40753984451293945,0.019937166944146156,0.166015625,0.7682711482048035
889,0,1.8537890435254667,6528,0.3,0.5,1.0,0,32,0,0,-0.0013173623010516167,0.02918510138988495,0.3961785137653351,0.0017535691149532795,0.09765625,0.7621244192123413
890,0,2.072802724211215,6536,0.15,0.5,1.0,0,16,0,0,-0.002889493480324745,0.029889268800616264,0.34701764583587646,0.00451468862593174,0.1015625,0.7878772020339966
891,0,1.8495898274995852,6543,0.14,0.5,1.0,0,14,0,0,-0.002007008297368884,0.04760756343603134,0.3178606331348419,0.01031019352376461,0.126953125,0.8063993453979492
892,0,1.6052148416893033,6549,0.25,0.5,1.0,0,27,0,0,0.0006559854373335838,0.21167926490306854,0.38570383191108704,0.0021165066864341497,0.001953125,0.7820461392402649
893,0,1.8413378803234082,6556,0.195,0.5,1.0,0,20,0,0,-0.005198685452342033,0.05342768505215645,0.38340267539024353,0.0019224181305617094,0.09375,0.7853506803512573
894,0,1.8397656028537313,6563,0.07,0.5,1.0,0,7,0,0,-0.0014585033059120178,0.14086279273033142,0.4428587555885315,0.01687983050942421,0.158203125,0.7489432692527771
895,0,1.9655078063951805,6571,0.025,0.0,0.5,0,1,0,0,-0.002510122023522854,0.022429892793297768,0.34619152545928955,0.0031957337632775307,0.0,0.788323700428009
896,0,1.9669140448677354,6578,0.15,0.5,1.0,0,15,0,0,-0.0012964699417352676,0.027232758700847626,0.34429511427879333,0.0032881838269531727,0.017578125,0.7898858785629272
897,0,1.8542968636465957,6585,0.21,0.5,1.0,0,22,0,0,-0.0007494855672121048,0.05318162217736244,0.3872535526752472,-0.0011790513526648283,0.091796875,0.7752318382263184
898,0,1.8629882567329332,6592,0.31,0.5,1.0,0,33,0,0,-0.0010436642915010452,0.01602555438876152,0.3465622365474701,-6.047263741493225e-05,0.0078125,0.8035769462585449
899,0,1.960458961853874,6600,0.0325,0.0,0.5,0,2,0,0,-0.002314623910933733,0.03317964822053909,0.34173500537872314,0.00698376027867198,0.1015625,0.7963050603866577
900,0,1.8453808485210175,6607,0.02,0.0,0.0,0,0,0,0,-0.0024774610064923763,0.08076080679893494,0.3617967367172241,-0.00495652761310339,0.095703125,0.7917853593826294
901,0,1.9758007564232685,6614,0.1225,0.5,1.0,0,13,0,0,-0.007093619555234909,0.018410470336675644,0.3178311288356781,0.003997331485152245,0.044921875,0.818123459815979
902,0,1.6200585737096844,6620,0.2725,0.5,1.0,0,30,0,0,0.0005835085175931454,0.14306138455867767,0.3703569769859314,0.0010605771094560623,0.0,0.7976236343383789
903,0,1.8457616972009419,6627,0.1725,0.5,1.0,0,18,0,0,-0.0024935705587267876,0.048783767968416214,0.3909772038459778,0.026553193107247353,0.193359375,0.7704136371612549
904,0,1.8559765346872155,6634,0.1025,0.5,1.0,0,10,0,0,-0.0007367555517703295,0.06668847799301147,0.38812747597694397,0.003660753834992647,0.05078125,0.7820190191268921
905,0,1.8635546720397542,6641,0.2475,0.5,1.0,0,26,0,0,-0.006467603147029877,0.03270263597369194,0.3372138738632202,0.006933116819709539,0.09765625,0.7959854602813721
906,0,1.8576464559155283,6648,0.33,0.5,1.0,0,35,0,0,-0.00042600417509675026,0.03814169019460678,0.3394332230091095,0.004677838645875454,0.07421875,0.7961761355400085
907,0,1.8458300612837775,6655,0.1925,0.5,1.0,0,20,0,0,-0.003087686374783516,0.28700751066207886,0.38502705097198486,0.00578119745478034,0.01953125,0.7900670170783997
908,0,1.8606542750494555,6662,0.225,0.5,1.0,0,25,0,0,0.0038955919444561005,0.060046419501304626,0.37256938219070435,0.004460410680621862,0.091796875,0.7890706658363342
909,0,1.955576149674016,6670,0.02,0.0,0.0,0,0,0,0,-0.002229721751064062,0.031123679131269455,0.3820658028125763,0.0017358707264065742,0.005859375,0.7831512689590454
910,0,1.9811718638811726,6677,0.2125,0.5,1.0,0,23,0,0,-0.004269648343324661,0.025069132447242737,0.3088380992412567,0.015306651592254639,0.125,0.8104956150054932
911,0,1.8632519325910835,6684,0.2975,0.5,1.0,0,32,0,0,-0.004308572504669428,0.021632347255945206,0.3370540142059326,0.00793784111738205,0.068359375,0.7926278710365295
912,0,1.8615234241297003,6691,0.2575,0.5,1.0,0,28,0,0,-0.0029248655773699284,0.06095222756266594,0.37526243925094604,-0.0012397551909089088,0.033203125,0.7935681343078613
913,0,1.8556542818259913,6698,0.31,0.5,1.0,0,34,0,0,-0.0018464610911905766,0.02815011516213417,0.32504481077194214,-0.00028790975920856,0.029296875,0.8101732730865479
914,0,1.8483788873636513,6705,0.1825,0.5,1.0,0,19,0,0,-0.0012705051340162754,0.0943220779299736,0.3710995316505432,-0.00348751712590456,0.021484375,0.7891899347305298
915,0,1.8601269328646595,6712,0.21,0.5,1.0,0,22,0,0,-0.0036579177249222994,0.33626222610473633,0.3553253412246704,0.0037939948961138725,0.0078125,0.791825532913208
916,0,2.063535138295265,6720,0.0375,0.5,0.5,0,3,0,0,-0.004902948159724474,0.029993515461683273,0.29520413279533386,0.007054329849779606,0.0,0.7975078821182251
917,0,1.6475097419606755,6726,0.27,0.5,1.0,0,30,0,0,-3.7465011700987816e-05,0.06594172865152359,0.3279876112937927,0.0022905266378074884,0.0,0.8120223879814148
918,0,1.855097624764312,6733,0.1725,0.5,1.0,0,18,0,0,-0.0029562627896666527,0.03040565364062786,0.31757017970085144,-0.0021325531415641308,0.0,0.8143010139465332
919,0,1.638496077775926,6739,0.2825,0.5,1.0,0,30,0,0,0.00047683995217084885,0.03691520541906357,0.32876336574554443,0.0014305224176496267,0.048828125,0.8090550303459167
920,0,1.8534765384611092,6746,0.1525,0.5,1.0,0,16,0,0,-0.001121798064559698,0.2220308631658554,0.33645880222320557,0.0026694529224187136,0.015625,0.8064826130867004
921,0,1.8533984153182246,6753,0.085,0.5,1.0,0,8,0,0,-0.0021633149590343237,0.036308880895376205,0.30937421321868896,0.0026339711621403694,0.0,0.8185298442840576
922,0,1.6421093550452497,6759,0.265,0.5,1.0,0,29,0,0,-0.0015674796886742115,0.03999635949730873,0.2888888716697693,0.006524083204567432,0.08203125,0.8320487141609192
923,0,1.6057519523747033,6765,0.0725,0.5,1.0,0,7,0,0,-0.01025890652090311,0.2416299432516098,0.38808855414390564,0.005023635923862457,0.0234375,0.7830379605293274
924,0,1.6384374768822454,6771,0.2425,0.5,1.0,0,26,0,0,-0.002155016176402569,0.018908526748418808,0.337646484375,-0.00036940863355994225,0.00390625,0.8088449835777283
925,0,1.6364062341672252,6777,0.3,0.5,1.0,0,32,0,0,-0.0020726765505969524,0.01667378470301628,0.35954055190086365,-0.0007043278310447931,0.00390625,0.8056436777114868
926,0,1.7566015535558108,6784,0.0825,0.0,1.0,0,8,0,0,0.00013120705261826515,0.06311299651861191,0.3842915892601013,0.005950269754976034,0.08984375,0.7895522117614746
927,0,1.7347363182307163,6790,0.2275,0.5,1.0,0,24,0,0,-0.0038032582961022854,0.028387870639562607,0.32234346866607666,0.00673691974952817,0.10546875,0.8128670454025269
928,0,1.6208202938578324,6796,0.1925,0.5,1.0,0,20,0,0,-0.0017590774223208427,0.06834514439105988,0.3863046169281006,0.0010142452083528042,0.001953125,0.7979699969291687
929,0,1.638867166111595,6802,0.3375,0.5,1.0,0,36,0,0,-0.0009374469518661499,0.02517225593328476,0.3760072588920593,-0.000994568457826972,0.0703125,0.796970009803772
930,0,1.7376464721455704,6809,0.0325,0.0,0.5,0,2,0,0,-0.0026040978264063597,0.023837169632315636,0.41687169671058655,0.006614279933273792,0.015625,0.7739564180374146
931,0,1.7465527179010678,6815,0.32,0.5,1.0,0,35,0,0,-0.001612919382750988,0.02254031039774418,0.32992538809776306,0.0027265881653875113,0.0,0.8088617324829102
932,0,1.8612304555499577,6822,0.2025,0.5,1.0,0,21,0,0,-0.0006354596698656678,0.025186661630868912,0.33954694867134094,0.0024719496723264456,0.04296875,0.7993720173835754
933,0,1.628720697000972,6828,0.3475,0.5,1.0,0,37,0,0,-0.00032543251290917397,0.22795064747333527,0.3947891891002655,-0.0013810440432280302,0.0,0.7794595956802368
934,0,1.624902322437265,6834,0.3725,0.5,1.0,0,40,0,0,-0.0041136229410767555,0.045653413981199265,0.3827674984931946,0.003467639908194542,0.056640625,0.7896456122398376
935,0,1.623359364362841,6840,0.305,0.5,1.0,0,33,0,0,-0.005338563583791256,0.06403699517250061,0.440202921628952,0.012783018872141838,0.0546875,0.7452555894851685
936,0,1.6232617129862774,6846,0.3,0.5,1.0,0,32,0,0,0.0021612774580717087,0.054755162447690964,0.46291783452033997,0.016409097239375114,0.150390625,0.7252782583236694
937,0,1.8601074049947783,6853,0.2675,0.5,1.0,0,29,0,0,-0.002734488807618618,0.10909275710582733,0.40546488761901855,0.0013977934140712023,0.056640625,0.7797040343284607
938,0,1.858847637369763,6860,0.2725,0.5,1.0,0,29,0,0,-0.005052592605352402,0.02170754224061966,0.34611913561820984,0.010172105394303799,0.09375,0.7874385714530945
939,0,1.737382785868249,6867,0.025,0.0,0.5,0,1,0,0,-0.004372054245322943,0.02797090634703636,0.3996219038963318,0.0007698079571127892,0.0,0.7790296077728271
940,0,1.7460156061133603,6873,0.2575,0.5,1.0,0,27,0,0,-0.000421120785176754,0.03274226188659668,0.39651715755462646,0.016680296510457993,0.166015625,0.7841731309890747
941,0,2.0783300541806966,6881,0.06,0.5,1.0,0,5,0,0,-0.004050496965646744,0.020548243075609207,0.3124918043613434,0.00627689715474844,0.126953125,0.8128964304924011
942,0,1.6421679431805387,6887,0.3125,0.5,1.0,0,33,0,0,-0.000941923470236361,0.025569342076778412,0.3339812755584717,0.0031488267704844475,0.04296875,0.8094543218612671
943,0,1.8501269242697163,6894,0.2025,0.5,1.0,0,21,0,0,-0.005107838660478592,0.021024396643042564,0.32483455538749695,0.0006446668412536383,0.072265625,0.8082391619682312
944,0,1.6365624828031287,6900,0.365,0.5,1.0,0,40,0,0,-0.0055108265951275826,0.2711608111858368,0.34125471115112305,-0.0025119460187852383,0.0,0.7895535230636597
945,0,1.8586913831168204,6907,0.1875,0.5,1.0,0,20,0,0,-0.0023514749482274055,0.1252128779888153,0.3557727336883545,0.008276115171611309,0.107421875,0.8028059005737305
946,0,1.855712864024099,6914,0.2675,0.5,1.0,0,29,0,0,-0.004305689595639706,0.06300567090511322,0.31795626878738403,0.0004939604550600052,0.044921875,0.8000829219818115
947,0,1.8577929609491548,6921,0.1275,0.5,1.0,0,13,0,0,-0.003363075666129589,0.16272391378879547,0.3558352291584015,0.0015080685261636972,0.009765625,0.7999610304832458
948,0,1.6366601391782751,6927,0.2925,0.5,1.0,0,31,0,0,-0.005463730543851852,0.052099306136369705,0.35105574131011963,0.0018063243478536606,0.005859375,0.794737696647644
949,0,1.8541991972160758,6934,0.05,0.5,1.0,0,4,0,0,-0.002871733158826828,0.041857775300741196,0.36043134331703186,0.0023508125450462103,0.02734375,0.7984778881072998
950,0,1.6381445059669204,6940,0.1425,0.5,1.0,0,15,0,0,-0.005978418048471212,0.021689333021640778,0.3472074270248413,0.0005126625765115023,0.017578125,0.8092710971832275
951,0,1.6295995961991139,6946,0.17,0.5,1.0,0,17,0,0,0.0019952761940658092,0.23084016144275665,0.35601168870925903,0.0019645276479423046,0.046875,0.7968083024024963
952,0,1.624218723809463,6952,0.19,0.5,1.0,0,20,0,0,0.0007312586531043053,0.04415024071931839,0.37879952788352966,0.004662221297621727,0.08984375,0.7876571416854858
953,0,1.639970687276218,6958,0.335,0.5,1.0,0,36,0,0,-0.0009255260229110718,0.030204273760318756,0.3558961749076843,-0.0009460134897381067,0.001953125,0.8029167652130127
954,0,1.853378880317905,6965,0.1625,0.5,1.0,0,17,0,0,-0.004747314378619194,0.04592440277338028,0.368906170129776,0.003907534293830395,0.09765625,0.7872132658958435
955,0,1.626738263585139,6971,0.3125,0.5,1.0,0,34,0,0,-0.003867702791467309,0.1477014720439911,0.41467612981796265,0.014224623329937458,0.095703125,0.761953592300415
956,0,2.076601540160482,6979,0.155,0.5,1.0,0,16,0,0,-0.006183748599141836,0.050432734191417694,0.28783872723579407,0.009876251220703125,0.083984375,0.81867915391922
957,0,1.753212881172658,6986,0.025,0.0,0.5,0,1,0,0,-0.006161927245557308,0.02805679477751255,0.29707586765289307,0.010718636214733124,0.091796875,0.8222530484199524
958,0,1.7439941341144731,6992,0.1225,0.5,1.0,0,13,0,0,-0.0050015635788440704,0.07722558081150055,0.32225683331489563,0.00212313374504447,0.0,0.8065212965011597
959,0,1.6339843547757482,6998,0.2075,0.5,1.0,0,22,0,0,-0.0002125520259141922,0.05135229229927063,0.3693988025188446,0.01008732058107853,0.0625,0.7939556837081909
960,0,1.8442284986376762,7005,0.0375,0.5,0.5,0,3,0,0,-0.007002274505794048,0.02285662107169628,0.31029021739959717,0.009349804371595383,0.1015625,0.8159804344177246
961,0,1.6478124834829941,7011,0.17,0.5,1.0,0,17,0,0,-0.0030141547322273254,0.023342590779066086,0.33525288105010986,0.0014141271822154522,0.001953125,0.7956695556640625
962,0,1.6322265419730684,7017,0.17,0.5,1.0,0,18,0,0,-0.0026460099034011364,0.07190296053886414,0.34922993183135986,-0.0019047276582568884,0.05859375,0.7982610464096069
963,0,1.8439062375946378,7024,0.0375,0.5,0.5,0,3,0,0,-0.006334720179438591,0.029621053487062454,0.315798282623291,0.013625353574752808,0.078125,0.8095365166664124
964,0,1.6456835772369232,7030,0.1575,0.5,1.0,0,16,0,0,-0.004969239234924316,0.05680012330412865,0.3802274763584137,0.0034441929310560226,0.060546875,0.7921631932258606
965,0,1.8563281107344665,7037,0.0575,0.5,1.0,0,5,0,0,0.0004708981141448021,0.24705854058265686,0.42712610960006714,0.01988855190575123,0.162109375,0.7559679746627808
966,0,1.7350585750391474,7044,0.02,0.0,0.0,0,0,0,0,-0.0003391108475625515,0.030947258695960045,0.38478556275367737,0.001442579086869955,0.0,0.7745019793510437
967,0,1.760283186344168,7050,0.335,0.5,1.0,0,36,0,0,-0.0019337334670126438,0.04418555274605751,0.40716731548309326,0.0024455469101667404,0.08203125,0.7684824466705322
968,0,2.078906213209848,7058,0.1175,0.5,1.0,0,12,0,0,-0.0032525486312806606,0.029605798423290253,0.372037798166275,0.002328914124518633,0.0,0.7820652723312378
969,0,1.8627343684493098,7065,0.175,0.5,1.0,0,18,0,0,-0.00020937551744282246,0.1106710135936737,0.3946857154369354,-0.0017374393064528704,0.025390625,0.7787015438079834
970,0,1.8645312338194344,7072,0.295,0.5,1.0,0,31,0,0,-0.00701854657381773,0.021388698369264603,0.3791208267211914,-0.000506348442286253,0.0,0.7891534566879272
971,0,1.850175771760405,7079,0.215,0.5,1.0,0,23,0,0,0.004884535912424326,0.07532002776861191,0.37168073654174805,-0.00024376227520406246,0.017578125,0.785315990447998
972,0,1.8533300683411653,7086,0.1825,0.5,1.0,0,19,0,0,0.00020760344341397285,0.08276644349098206,0.4263670742511749,0.014604691416025162,0.126953125,0.7560994029045105
973,0,1.8520312192558777,7093,0.205,0.5,1.0,0,21,0,0,-0.005754005629569292,0.05090843886137009,0.36483147740364075,-0.0012099978048354387,0.03515625,0.7873682379722595
974,0,1.6320117068535183,7099,0.3525,0.5,1.0,0,39,0,0,-3.808503970503807e-05,0.08088214695453644,0.3853093087673187,-0.0031944934744387865,0.0390625,0.7826626896858215
975,0,1.8614062358610681,7106,0.29,0.5,1.0,0,31,0,0,-0.0011690452229231596,0.0363549068570137,0.357541561126709,-0.0012212637811899185,0.005859375,0.7996121048927307
976,0,1.8659765399352182,7113,0.285,0.5,1.0,0,30,0,0,-0.0011852532625198364,0.018398884683847427,0.37482619285583496,0.0004979695659130812,0.0,0.7946513891220093
977,0,1.8588183258034405,7120,0.3125,0.5,1.0,0,34,0,0,-0.002390793524682522,0.022534560412168503,0.3637388348579407,-0.0008571422658860683,0.0,0.7901846170425415
978,0,1.8599413929186994,7127,0.3025,0.5,1.0,0,32,0,0,0.002190425992012024,0.02191232331097126,0.3330570459365845,0.00842125155031681,0.11328125,0.783724308013916
979,0,1.8574511381593766,7134,0.06,0.5,1.0,0,5,0,0,-0.004858005791902542,0.02178768813610077,0.3583839535713196,0.004261992871761322,0.099609375,0.7922634482383728
980,0,1.6413866997754667,7140,0.2025,0.5,1.0,0,21,0,0,-0.004362411331385374,0.02239055559039116,0.38686603307724,0.006690046284347773,0.05078125,0.7831910848617554
981,0,1.6364550549769774,7146,0.2925,0.5,1.0,0,31,0,0,0.0007257834076881409,0.019534796476364136,0.42828574776649475,0.005893930792808533,0.01171875,0.7465962767601013
982,0,1.8512402129272232,7153,0.1875,0.5,1.0,0,20,0,0,-0.001155779231339693,0.152511328458786,0.41691240668296814,0.0026241822633892298,0.0234375,0.7608048915863037
983,0,1.8601171732516377,7160,0.1125,0.5,1.0,0,11,0,0,-0.00240494217723608,0.19651255011558533,0.42970889806747437,0.00833139568567276,0.083984375,0.7587549686431885
984,0,1.860195297835162,7167,0.075,0.5,1.0,0,7,0,0,-0.0006383433938026428,0.024635931476950645,0.40816038846969604,0.0028094216249883175,0.0,0.7616350054740906
985,0,1.753466779133305,7174,0.025,0.0,0.5,0,1,0,0,-0.0007143339607864618,0.032792214304208755,0.39624327421188354,-0.002797437831759453,0.00390625,0.775677502155304
986,0,1.74768551962552,7180,0.255,0.5,1.0,0,26,0,0,-0.0017727785743772984,0.054108843207359314,0.3816410303115845,0.004941835999488831,0.048828125,0.7779661417007446
987,0,1.8567284940218087,7187,0.0825,0.5,1.0,0,8,0,0,-0.0018893186934292316,0.025700287893414497,0.36094561219215393,0.00622211117297411,0.08984375,0.7929399609565735
988,0,1.6332323984388495,7193,0.1925,0.5,1.0,0,20,0,0,-0.004132733680307865,0.023881789296865463,0.3889206647872925,0.0005629793740808964,0.0,0.7834502458572388
989,0,1.6392382598278346,7199,0.3525,0.5,1.0,0,38,0,0,0.0056104292161762714,0.0211169570684433,0.45858609676361084,0.010297908447682858,0.09765625,0.7380707263946533
990,0,1.8607519338838756,7206,0.2075,0.5,1.0,0,21,0,0,-0.0036312821321189404,0.01734125427901745,0.38604050874710083,0.003366365795955062,0.099609375,0.7852111458778381
991,0,1.8405273265816504,7213,0.0375,0.5,0.5,0,3,0,0,-0.0008111689239740372,0.015365714207291603,0.37556684017181396,0.015530070289969444,0.09765625,0.7705787420272827
992,0,1.647519516900502,7219,0.1425,0.5,1.0,0,15,0,0,-0.001096467487514019,0.4092559814453125,0.4278920888900757,-0.0004946680273860693,0.0,0.7563518285751343
993,0,1.6290722536214162,7225,0.2475,0.5,1.0,0,26,0,0,-0.0064874496310949326,0.5403803586959839,0.48991572856903076,0.011934577487409115,0.146484375,0.7186853289604187
994,0,1.8602636545474525,7232,0.0775,0.5,1.0,0,7,0,0,-0.0018989816308021545,0.0360802561044693,0.4819055199623108,0.006421423517167568,0.056640625,0.722534716129303
995,0,1.7516601387833362,7239,0.0325,0.0,0.5,0,2,0,0,-0.0017831581644713879,0.09634878486394882,0.4763888120651245,-0.0017473907209932804,0.0,0.7249721884727478
996,0,1.7462011598108802,7245,0.2675,0.5,1.0,0,28,0,0,-0.0015590705443173647,0.11420291662216187,0.4892962872982025,-8.769053965806961e-05,0.0,0.7104192972183228
997,0,1.8539159900865343,7252,0.21,0.5,1.0,0,22,0,0,-0.011634218506515026,0.08796705305576324,0.45855221152305603,0.0025649098679423332,0.06640625,0.725552499294281
998,0,1.8631152208545245,7259,0.1775,0.5,1.0,0,18,0,0,-0.0012599024921655655,0.03176834061741829,0.4041518568992615,0.017233191058039665,0.091796875,0.7490373849868774
999,0,1.6273241950839292,7265,0.195,0.5,1.0,0,20,0,0,-0.001529148779809475,0.06354862451553345,0.47224313020706177,0.0013735624961555004,0.0078125,0.7279042601585388
1000,0,1.6274609262909507,7271,0.195,0.5,1.0,0,20,0,0,-0.004236713983118534,0.050323307514190674,0.49707624316215515,0.0049768490716814995,0.0234375,0.7025277614593506
