update,ablation,scenario,rollout_reward_mean,episode_count,coverage_ratio,inspection_success_rate,target_detection_rate,mission_success,mission_time,collision_count,invalid_action_count,policy_loss,value_loss,entropy,approx_kl,clip_fraction,mean_action_probability
1,guidance_0_capability_0_safety_0,1,-0.2572363274739473,9,0.0125,0.0,0.0,0,15,0,0,-0.011691694147884846,13.575590133666992,1.775647521018982,0.006440563127398491,0.0,0.16969294846057892
2,guidance_0_capability_0_safety_0,1,-0.09062499826177373,11,0.01375,0.0,0.0,0,31,0,0,-0.0044757598079741,3.0481960773468018,1.7647358179092407,0.00024784248671494424,0.0,0.17402248084545135
3,guidance_0_capability_0_safety_0,1,-0.06666992103055236,11,0.021875,0.0,0.0,0,287,0,0,-0.006994813680648804,0.8046723008155823,1.7489981651306152,0.0017119682161137462,0.0,0.17946816980838776
4,guidance_0_capability_0_safety_0,1,-0.0589355461706873,12,0.020625,0.0,0.0,0,182,0,0,-0.005710050463676453,1.087530493736267,1.728143334388733,0.0028079606126993895,0.0,0.1822807341814041
5,guidance_0_capability_0_safety_0,1,-0.044179686781717464,12,0.0425,0.0,0.0,0,438,0,0,-0.008177057839930058,0.6293388605117798,1.7103317975997925,0.002424556529149413,0.0,0.19308869540691376
6,guidance_0_capability_0_safety_0,1,-0.007412109353026608,12,0.08375,0.0,0.0,0,694,0,0,-0.005814249161630869,0.6308728456497192,1.6953716278076172,0.0011335137533023953,0.0,0.1978716403245926
7,guidance_0_capability_0_safety_0,1,-0.027363281365978764,12,0.085,0.0,0.0,0,950,0,0,-0.0019209282472729683,0.05036389082670212,1.6814942359924316,0.00041270582005381584,0.0,0.20202378928661346
8,guidance_0_capability_0_safety_0,1,0.002578124876890797,13,0.04875,0.0,0.0,0,206,0,0,-0.005676232278347015,0.3764561116695404,1.6334172487258911,0.004550138488411903,0.0,0.21080119907855988
9,guidance_0_capability_0_safety_0,1,0.0018847655919671524,13,0.098125,0.0,0.0,0,462,0,0,-0.0018386123701930046,0.9546774625778198,1.6107152700424194,0.001309418585151434,0.0,0.22452737390995026
10,guidance_0_capability_0_safety_0,1,-0.005283203161525307,13,0.126875,0.0,0.0,0,718,0,0,-0.003531374968588352,0.31746727228164673,1.5965005159378052,0.0001726415939629078,0.0,0.22588545083999634
11,guidance_0_capability_0_safety_0,1,-0.0016894541549845599,13,0.145625,0.0,0.125,0,974,0,0,-0.0058845640160143375,0.6228067278862,1.5655161142349243,0.0012450303183868527,0.0,0.2421823889017105
12,guidance_0_capability_0_safety_0,1,0.03448242189188022,14,0.0975,0.0,0.0,0,247,0,0,-6.578893953701481e-05,0.8171783685684204,1.4812778234481812,0.00027400781982578337,0.0,0.27640068531036377
13,guidance_0_capability_0_safety_0,1,0.05241210808526375,14,0.213125,0.0,0.125,0,503,0,0,-0.0027951281517744064,2.964723587036133,1.466204285621643,-0.0006027805502526462,0.0,0.29157015681266785
14,guidance_0_capability_0_safety_0,1,-0.003916016350558493,14,0.266875,0.0,0.125,0,759,0,0,-0.009598538279533386,0.23222947120666504,1.4639921188354492,-0.004434047732502222,0.0,0.28337040543556213
15,guidance_0_capability_0_safety_0,1,-0.02005859385826625,15,0.02,0.0,0.0,0,15,0,0,-0.004043111111968756,0.4141785502433777,1.4626458883285522,0.007489943411201239,0.0,0.28819581866264343
16,guidance_0_capability_0_safety_0,1,0.11824218746187398,15,0.24,0.0,0.125,0,271,0,0,-0.0028830606024712324,8.011878967285156,1.4084383249282837,0.001389743760228157,0.0,0.2917728126049042
17,guidance_0_capability_0_safety_0,1,0.02344726574665401,15,0.310625,0.0,0.25,0,527,0,0,-0.0013010395923629403,1.2692749500274658,1.3997751474380493,-0.00016979330393951386,0.0,0.3030986487865448
18,guidance_0_capability_0_safety_0,1,0.07387695113720838,15,0.4725,0.0,0.375,0,783,0,0,-0.0006331205368041992,4.062994956970215,1.3964029550552368,0.0013736048713326454,0.0,0.30514076352119446
19,guidance_0_capability_0_safety_0,1,0.00941406194033334,16,0.021875,0.0,0.0,0,39,0,0,-0.003392112674191594,0.6157915592193604,1.3898783922195435,0.002610366092994809,0.0,0.3065181374549866
20,guidance_0_capability_0_safety_0,1,0.0744140606111614,16,0.185625,0.0,0.125,0,295,0,0,0.001859500422142446,5.180886268615723,1.368942141532898,-0.0003420730645302683,0.0,0.31121790409088135
21,guidance_0_capability_0_safety_0,1,0.03329101501731202,16,0.29,0.0,0.25,0,551,0,0,-0.0007333348621614277,1.2862796783447266,1.3712964057922363,0.0007899636402726173,0.0,0.3053387701511383
22,guidance_0_capability_0_safety_0,1,0.014062499132705852,16,0.36375,0.0,0.375,0,807,0,0,-0.003908136859536171,1.7421503067016602,1.3734588623046875,0.0009905080078169703,0.0,0.30389994382858276
23,guidance_0_capability_0_safety_0,1,0.03543945313504082,17,0.048125,0.0,0.0,0,63,0,0,-0.0038924936670809984,2.143674373626709,1.3452777862548828,0.0031923509668558836,0.0,0.31515955924987793
24,guidance_0_capability_0_safety_0,1,0.1647070287799579,17,0.360625,0.0,0.125,0,319,0,0,-0.0031086348462849855,8.113912582397461,1.2842848300933838,0.0009151684935204685,0.0,0.34046992659568787
25,guidance_0_capability_0_safety_0,1,0.032578124417341314,17,0.48375,0.0,0.125,0,575,0,0,-0.0014520777622237802,1.7396771907806396,1.2761101722717285,0.0003311075270175934,0.0,0.34418854117393494
26,guidance_0_capability_0_safety_0,1,-0.03540039068320766,17,0.498125,0.0,0.125,0,831,0,0,0.0021954933181405067,0.9151275157928467,1.2794057130813599,-0.0006965926731936634,0.0,0.3493618667125702
27,guidance_0_capability_0_safety_0,1,0.12865234282799065,18,0.090625,0.0,0.125,0,87,0,0,-0.00031402744934894145,4.787757873535156,1.2850631475448608,-6.067520007491112e-05,0.0,0.34782639145851135
28,guidance_0_capability_0_safety_0,1,0.056757811551506165,18,0.250625,0.0,0.125,0,343,0,0,-0.0007689809426665306,1.4907898902893066,1.2615021467208862,0.00010271774226566777,0.0,0.35406985878944397
29,guidance_0_capability_0_safety_0,1,0.20267577812774107,18,0.570625,0.0,0.625,0,599,0,0,-0.0006311529432423413,14.157322883605957,1.2680846452713013,5.0128746806876734e-05,0.0,0.3579828441143036
30,guidance_0_capability_0_safety_0,1,0.035664062401338015,18,0.688125,0.0,0.625,0,855,0,0,-0.0016840699827298522,1.05307936668396,1.2965785264968872,-0.00036297444603405893,0.0,0.34426188468933105
31,guidance_0_capability_0_safety_0,1,0.02243164116225671,19,0.0875,0.0,0.0,0,111,0,0,-0.0007166797295212746,1.676673173904419,1.2975081205368042,-0.0001956140622496605,0.0,0.34165653586387634
32,guidance_0_capability_0_safety_0,1,0.19667968412250048,19,0.3875,0.0,0.5,0,367,0,0,0.00026147160679101944,12.528471946716309,1.2859467267990112,9.276717901229858e-05,0.0,0.35047343373298645
33,guidance_0_capability_0_safety_0,1,0.0725976553367218,19,0.574375,0.0,0.5,0,623,0,0,-0.0012934207916259766,3.7498092651367188,1.297523856163025,-4.353436452220194e-05,0.0,0.34396517276763916
34,guidance_0_capability_0_safety_0,1,-0.010644532289006747,19,0.609375,0.0,0.625,0,879,0,0,-0.00018598449241835624,2.325732946395874,1.3310436010360718,-0.00023724371567368507,0.0,0.32759711146354675
35,guidance_0_capability_0_safety_0,1,0.07800781265541445,20,0.141875,0.0,0.25,0,135,0,0,0.00016314226377289742,6.185852527618408,1.3371542692184448,0.00014580304559785873,0.0,0.33305785059928894
36,guidance_0_capability_0_safety_0,1,0.05041992090991698,20,0.274375,0.0,0.375,0,391,0,0,-0.0013011457631364465,3.5713672637939453,1.3325082063674927,-0.00026018606149591506,0.0,0.3329399526119232
37,guidance_0_capability_0_safety_0,1,0.01608398357348051,20,0.37125,0.0,0.375,0,647,0,0,-0.0007444308139383793,1.9348658323287964,1.3485466241836548,0.0005081263370811939,0.0,0.3283003866672516
38,guidance_0_capability_0_safety_0,1,-0.03652343776775524,20,0.3825,0.0,0.375,0,903,0,0,0.0004962614621035755,1.1961896419525146,1.3650641441345215,0.00038868701085448265,0.0,0.31060314178466797
39,guidance_0_capability_0_safety_0,1,0.2131640602456173,21,0.263125,0.0,0.25,0,159,0,0,-2.5899149477481842e-05,9.83903980255127,1.3470224142074585,-0.00016549711290281266,0.0,0.3272554278373718
40,guidance_0_capability_0_safety_0,1,0.18398437339783413,21,0.566875,0.0,0.625,0,415,0,0,3.749597817659378e-05,11.126100540161133,1.341779351234436,-0.0001968781725736335,0.0,0.3268637955188751
41,guidance_0_capability_0_safety_0,1,0.06241210877124104,21,0.72375,0.0,0.625,0,671,0,0,-0.0006278274231590331,2.3485312461853027,1.3599909543991089,-0.00020585441961884499,0.0,0.31267401576042175
42,guidance_0_capability_0_safety_0,1,-0.005234374995779945,21,0.759375,0.0,0.75,0,927,0,0,-4.5335229515330866e-05,0.9102379679679871,1.3699325323104858,-9.049149230122566e-05,0.0,0.3163417875766754
43,guidance_0_capability_0_safety_0,1,0.15201171742228325,22,0.24375,0.0,0.125,0,183,0,0,4.8250582040054724e-05,6.92521858215332,1.348141074180603,-0.0003218981437385082,0.0,0.3200373947620392
44,guidance_0_capability_0_safety_0,1,0.11429687382769771,22,0.46,0.0,0.375,0,439,0,0,-0.0002912980562541634,3.4168782234191895,1.341041922569275,0.0003984062932431698,0.0,0.31828856468200684
45,guidance_0_capability_0_safety_0,1,0.03960937443480361,22,0.575625,0.0,0.5,0,695,0,0,-0.0030290689319372177,1.724522590637207,1.3480027914047241,1.3185509487811942e-05,0.0,0.3335951864719391
46,guidance_0_capability_0_safety_0,1,-0.018593750239233486,22,0.616875,0.0,0.5,0,951,0,0,-0.001523069106042385,1.1388882398605347,1.3724106550216675,0.0032898616045713425,0.0,0.31449756026268005
47,guidance_0_capability_0_safety_0,1,0.18060546735068783,23,0.2825,0.0,0.375,0,207,0,0,0.0006042532622814178,9.457783699035645,1.3488277196884155,0.000862924091052264,0.0,0.32405391335487366
48,guidance_0_capability_0_safety_0,1,0.09509765465918463,23,0.468125,0.0,0.625,0,463,0,0,-0.00033838613308034837,2.9520020484924316,1.3464537858963013,0.0008627413772046566,0.0,0.31964388489723206
49,guidance_0_capability_0_safety_0,1,0.023330077499849722,23,0.538125,0.0,0.875,0,719,0,0,-0.0011431224411353469,4.235363960266113,1.3715163469314575,-0.002585328882560134,0.0,0.2919934093952179
50,guidance_0_capability_0_safety_0,1,0.0537011712876847,23,0.675,0.0,1.0,0,975,0,0,-0.0011145382886752486,3.220771074295044,1.394338607788086,0.00021922960877418518,0.0,0.30734625458717346
51,guidance_0_capability_0_safety_0,1,0.053193359410215635,24,0.120625,0.0,0.0,0,231,0,0,-0.0008730509434826672,1.621579885482788,1.3866586685180664,0.0009257448837161064,0.0,0.30279189348220825
52,guidance_0_capability_0_safety_0,1,0.1420312495174585,24,0.398125,0.0,0.125,0,487,0,0,-0.000949415669310838,5.054131984710693,1.3874683380126953,-0.0004949726280756295,0.0,0.303888201713562
53,guidance_0_capability_0_safety_0,1,0.011640624201390892,24,0.46875,0.0,0.25,0,743,0,0,-0.0012071335222572088,1.1589152812957764,1.410963535308838,0.0004886456881649792,0.0,0.29410621523857117
54,guidance_0_capability_0_safety_0,1,0.013076171395368874,24,0.560625,0.0,0.25,0,999,0,0,-0.0016500381752848625,1.1144806146621704,1.4264321327209473,-0.000686216342728585,0.0,0.2953970730304718
55,guidance_0_capability_0_safety_0,1,0.18064453155966476,25,0.286875,0.0,0.5,0,255,0,0,-0.0007972244056873024,10.016014099121094,1.3826149702072144,-0.00031021470203995705,0.0,0.3080306947231293
56,guidance_0_capability_0_safety_0,1,0.15354492054029834,25,0.565625,0.0,0.75,0,511,0,0,0.00013237632811069489,4.40191650390625,1.3960176706314087,0.0017958595417439938,0.0,0.29408442974090576
57,guidance_0_capability_0_safety_0,1,-0.0007714849052717909,25,0.635,0.0,0.75,0,767,0,0,-0.0010765354381874204,1.4904072284698486,1.4123646020889282,0.00045895794755779207,0.0,0.29728561639785767
58,guidance_0_capability_0_safety_0,1,0.052861327818391146,26,0.043125,0.0,0.0,0,23,0,0,-0.0030158592853695154,1.8405894041061401,1.434226155281067,0.0008449318702332675,0.0,0.29267215728759766
59,guidance_0_capability_0_safety_0,1,0.13540039029612672,26,0.276875,0.0,0.25,0,279,0,0,0.0012605091324076056,5.985535621643066,1.4347034692764282,0.0004500009526964277,0.0,0.2899664640426636
60,guidance_0_capability_0_safety_0,1,0.15930663879407803,26,0.541875,0.0,0.625,0,535,0,0,0.0010870912810787559,9.517570495605469,1.4675511121749878,0.0007620242540724576,0.0,0.27835455536842346
61,guidance_0_capability_0_safety_0,1,0.04629882629524218,26,0.64125,0.0,0.875,0,791,0,0,-0.0032685138285160065,5.443575859069824,1.4935064315795898,-0.0018460274441167712,0.0,0.25785818696022034
62,guidance_0_capability_0_safety_0,1,0.12993164014187641,27,0.070625,0.0,0.125,0,47,0,0,-0.003444954054430127,3.679797410964966,1.5212141275405884,0.001840092707425356,0.0,0.25212934613227844
63,guidance_0_capability_0_safety_0,1,0.15642577935068402,27,0.350625,0.0,0.375,0,303,0,0,-0.002388468012213707,6.010505676269531,1.506982445716858,-0.0010171226458624005,0.0,0.2552936375141144
64,guidance_0_capability_0_safety_0,1,0.07168945137527771,27,0.516875,0.0,0.5,0,559,0,0,-0.0018355784704908729,1.5995492935180664,1.525209903717041,0.0008182472665794194,0.0,0.25488951802253723
65,guidance_0_capability_0_safety_0,1,0.047871092523564585,27,0.623125,0.0,0.75,0,815,0,0,-0.0056683761067688465,5.810988903045654,1.5519107580184937,0.0016550221480429173,0.0026041667442768812,0.2375413030385971
66,guidance_0_capability_0_safety_0,1,0.03315429627764388,28,0.081875,0.0,0.0,0,71,0,0,0.0017257292056456208,2.4403436183929443,1.5630102157592773,0.001337497029453516,0.0,0.2420523315668106
67,guidance_0_capability_0_safety_0,1,0.10188476544499281,28,0.25875,0.0,0.25,0,327,0,0,-0.000993861467577517,4.028426170349121,1.55012047290802,0.00042897058301605284,0.0,0.23856085538864136
68,guidance_0_capability_0_safety_0,1,-0.005078125563159119,28,0.296875,0.0,0.375,0,583,0,0,-0.0003040690498892218,1.4338445663452148,1.5534313917160034,0.0007128301076591015,0.0,0.2455151528120041
69,guidance_0_capability_0_safety_0,1,0.01805664067796897,28,0.373125,0.0,0.375,0,839,0,0,-0.0019860402680933475,1.6571937799453735,1.5614091157913208,0.000883080530911684,0.0,0.24113750457763672
70,guidance_0_capability_0_safety_0,1,0.04763671812906978,29,0.04875,0.0,0.125,0,149,0,0,-0.0006006595795042813,2.746199131011963,1.5531195402145386,0.0005077940295450389,0.0,0.2504180669784546
71,guidance_0_capability_0_safety_0,1,0.13888671895983862,29,0.265625,0.0,0.5,0,405,0,0,-0.00020524673163890839,5.6096882820129395,1.5345577001571655,0.0002476666122674942,0.0,0.2525087893009186
72,guidance_0_capability_0_safety_0,1,0.028906249634019332,29,0.3225,0.0,0.75,0,661,0,0,-3.395974636077881e-05,1.7734256982803345,1.5459809303283691,0.0003190150891896337,0.0,0.24998801946640015
73,guidance_0_capability_0_safety_0,1,0.08224609354147105,29,0.513125,0.0,0.75,0,917,0,0,-0.0012216713512316346,3.241331100463867,1.5481592416763306,-2.225566095148679e-05,0.0,0.24924921989440918
74,guidance_0_capability_0_safety_0,1,0.25409179560665507,30,0.29125,0.0,0.5,0,173,0,0,-0.00019781819719355553,14.030381202697754,1.5403656959533691,0.00017988495528697968,0.0,0.24973803758621216
75,guidance_0_capability_0_safety_0,1,0.015507812378928065,30,0.37125,0.0,0.5,0,429,0,0,-0.0009773675119504333,1.3250641822814941,1.5486068725585938,0.00031179143115878105,0.0,0.26013439893722534
76,guidance_0_capability_0_safety_0,1,0.044072264892747626,30,0.475,0.0,0.625,0,685,0,0,-0.004430249333381653,2.535648822784424,1.5480998754501343,0.0003632466832641512,0.0,0.24634750187397003
77,guidance_0_capability_0_safety_0,1,0.03882812426309101,30,0.6075,0.0,0.625,0,941,0,0,-0.004007600247859955,1.2625365257263184,1.5186675786972046,0.0015275795012712479,0.0,0.2669007480144501
78,guidance_0_capability_0_safety_0,1,0.15378906174737494,31,0.31625,0.0,0.0,0,197,0,0,-0.0009973258711397648,7.904813289642334,1.4861493110656738,0.00018987835210282356,0.0,0.2719069719314575
79,guidance_0_capability_0_safety_0,1,0.10204101666749921,31,0.526875,0.0,0.125,0,453,0,0,-0.001240175566636026,2.4735207557678223,1.4705594778060913,-0.000583298213314265,0.0,0.2832764983177185
80,guidance_0_capability_0_safety_0,1,-0.008222656731959432,31,0.5825,0.0,0.125,0,709,0,0,-0.0020989403128623962,1.3100475072860718,1.4456148147583008,-0.0005143927410244942,0.0,0.2954266667366028
81,guidance_0_capability_0_safety_0,1,-0.03828125027939677,31,0.59,0.0,0.125,0,965,0,0,-0.0008465082501061261,1.766883134841919,1.4385547637939453,-0.0003670784644782543,0.0,0.29331234097480774
82,guidance_0_capability_0_safety_0,1,0.16280273361189757,32,0.253125,0.0,0.25,0,221,0,0,0.0003334594366606325,5.83489465713501,1.406887173652649,0.0007780070300213993,0.0,0.2972494065761566
83,guidance_0_capability_0_safety_0,1,0.07005859358105226,32,0.39125,0.0,0.5,0,477,0,0,-0.0009369440376758575,3.9210073947906494,1.4079760313034058,-0.00019039104518014938,0.0,0.30804961919784546
84,guidance_0_capability_0_safety_0,1,0.06491210802050773,32,0.521875,0.0,0.75,0,733,0,0,-0.00547332689166069,4.811417579650879,1.4436988830566406,0.0022919897455722094,0.0,0.30596426129341125
85,guidance_0_capability_0_safety_0,1,-0.003906250211002771,32,0.56375,0.0,0.75,0,989,0,0,0.00319877453148365,0.8089635968208313,1.473704218864441,0.0011610161745920777,0.0,0.27531853318214417
86,guidance_0_capability_0_safety_0,1,0.3235156242080848,33,0.490625,0.0,0.5,0,245,0,0,-5.333218723535538e-05,19.354145050048828,1.451494812965393,0.001212059403769672,0.0,0.2699226438999176
87,guidance_0_capability_0_safety_0,1,0.026054687041323632,33,0.56875,0.0,0.625,0,501,0,0,0.0005467813462018967,1.2846401929855347,1.4649642705917358,0.0008349115960299969,0.0,0.26543545722961426
88,guidance_0_capability_0_safety_0,1,0.014257810569688445,33,0.635625,0.0,0.75,0,757,0,0,-0.0015809364849701524,0.9184447526931763,1.4763679504394531,3.4027889341814443e-05,0.0,0.26873865723609924
89,guidance_0_capability_0_safety_0,1,0.013554686789575499,34,0.030625,0.0,0.0,0,13,0,0,-0.0018282830715179443,1.1222635507583618,1.4797741174697876,-0.0004055476747453213,0.0,0.26235005259513855
90,guidance_0_capability_0_safety_0,1,0.21743163958672085,34,0.384375,0.0,0.375,0,269,0,0,3.7752557545900345e-05,10.40942668914795,1.4591392278671265,0.0006401124410331249,0.0,0.2670884430408478
91,guidance_0_capability_0_safety_0,1,0.04769531241618097,34,0.49125,0.0,0.625,0,525,0,0,-0.0015032794326543808,3.3144009113311768,1.4696327447891235,0.0007896877941675484,0.0,0.27267104387283325
92,guidance_0_capability_0_safety_0,1,-0.03759765652648639,34,0.5,0.0,0.625,0,781,0,0,0.0007358913426287472,1.0106409788131714,1.484200358390808,0.0008044438436627388,0.0,0.26640981435775757
93,guidance_0_capability_0_safety_0,1,0.06031249960506102,35,0.1275,0.0,0.25,0,63,0,0,-0.0019647013396024704,4.937559127807617,1.491602897644043,0.0002801050432026386,0.0,0.2603173553943634
94,guidance_0_capability_0_safety_0,1,0.0804785145301139,35,0.325,0.0,0.25,0,319,0,0,-0.0008882535621523857,3.4927897453308105,1.4815670251846313,0.0008417153730988503,0.0,0.2679833173751831
95,guidance_0_capability_0_safety_0,1,0.019374997908016667,35,0.386875,0.0,0.5,0,575,0,0,-0.0003750041651073843,2.084085702896118,1.491270661354065,3.0155913918861188e-05,0.0,0.261886328458786
96,guidance_0_capability_0_safety_0,1,-0.037041015952127054,35,0.39625,0.0,0.5,0,831,0,0,0.0004822338523808867,0.5402354001998901,1.5015835762023926,0.0001557118521304801,0.0,0.2628522217273712
97,guidance_0_capability_0_safety_0,1,0.25370116972044343,36,0.26875,0.0,0.625,0,134,0,0,-9.960774332284927e-05,20.742263793945312,1.4994502067565918,-0.0003255867923144251,0.0,0.2576291263103485
98,guidance_0_capability_0_safety_0,1,0.08253906175377779,36,0.469375,0.0,0.625,0,390,0,0,-0.00012891429651062936,4.167801856994629,1.4922161102294922,0.00010957537597278133,0.0,0.2608405649662018
99,guidance_0_capability_0_safety_0,1,-0.009306641120929271,36,0.50375,0.0,0.75,0,646,0,0,-0.0011295567965134978,1.128976821899414,1.4997254610061646,0.0002470418403390795,0.0,0.26402220129966736
100,guidance_0_capability_0_safety_0,1,-0.04266601585550234,36,0.50375,0.0,0.75,0,902,0,0,-0.000369001179933548,0.44713711738586426,1.5038660764694214,3.067559373448603e-05,0.0,0.25923651456832886
101,guidance_0_capability_0_safety_0,1,0.10191406149897375,37,0.183125,0.0,0.25,0,186,0,0,-0.0003996997547801584,5.525146484375,1.492369532585144,0.0003981484624091536,0.0,0.25453662872314453
102,guidance_0_capability_0_safety_0,1,0.05333984287426574,37,0.29875,0.0,0.375,0,442,0,0,-0.000346022512530908,2.3524627685546875,1.4917192459106445,0.00020392611622810364,0.0,0.26228928565979004
103,guidance_0_capability_0_safety_0,1,0.08598632757275482,37,0.483125,0.0,0.5,0,698,0,0,-0.0007097727502696216,3.507899045944214,1.4966673851013184,0.0004915354656986892,0.0,0.262314110994339
104,guidance_0_capability_0_safety_0,1,0.07708984119381057,37,0.634375,0.0,0.75,0,954,0,0,-0.00028080385527573526,2.7526943683624268,1.5082454681396484,-0.00035390505217947066,0.0,0.2623802423477173
105,guidance_0_capability_0_safety_0,1,0.20367187460215064,38,0.289375,0.0,0.75,0,210,0,0,-0.000481881812447682,17.421524047851562,1.4782997369766235,-0.000286781694740057,0.0,0.2582539916038513
106,guidance_0_capability_0_safety_0,1,0.006445312348660082,38,0.368125,0.0,0.75,0,466,0,0,-0.0015568301314488053,1.9139032363891602,1.4868639707565308,-0.000667559274006635,0.0,0.2595052719116211
107,guidance_0_capability_0_safety_0,1,-0.034707031489233486,38,0.38,0.0,0.75,0,722,0,0,-0.0013385539641603827,1.0576945543289185,1.501983642578125,-8.62341039464809e-05,0.0,0.24929289519786835
108,guidance_0_capability_0_safety_0,1,-0.04277343784633558,38,0.38,0.0,0.75,0,978,0,0,-0.00016450509428977966,0.5911073684692383,1.515810489654541,0.000823071226477623,0.0,0.25856027007102966
109,guidance_0_capability_0_safety_0,1,0.18133788934210315,39,0.315,0.0,0.5,0,246,0,0,0.0003297769872006029,11.14560317993164,1.5011037588119507,0.0002850111050065607,0.0,0.25344735383987427
110,guidance_0_capability_0_safety_0,1,0.03830078031751327,39,0.445,0.0,0.5,0,502,0,0,-0.0023811610881239176,2.7728891372680664,1.517415165901184,-0.00011734556028386578,0.0,0.25258541107177734
111,guidance_0_capability_0_safety_0,1,-0.010048828946310095,39,0.47875,0.0,0.625,0,758,0,0,-0.0037508057430386543,0.9050989151000977,1.5363750457763672,-0.00366877019405365,0.0,0.23811529576778412
112,guidance_0_capability_0_safety_0,1,0.019179687529685907,40,0.031875,0.0,0.125,0,14,0,0,-0.0018363402923569083,2.190068006515503,1.5516290664672852,0.0033693413715809584,0.0,0.2413591891527176
113,guidance_0_capability_0_safety_0,1,0.15104492218233645,40,0.32125,0.0,0.25,0,270,0,0,-0.0010287730256095529,7.407268524169922,1.5452613830566406,-0.0014229799853637815,0.0,0.24492418766021729
114,guidance_0_capability_0_safety_0,1,0.04183593625202775,40,0.419375,0.0,0.5,0,526,0,0,-0.002236318774521351,3.99190616607666,1.5610986948013306,0.0004315848054829985,0.0,0.22973687946796417
115,guidance_0_capability_0_safety_0,1,0.11017578036990017,40,0.645625,0.0,0.625,0,782,0,0,-0.003767438232898712,5.730794906616211,1.5754693746566772,0.001175376120954752,0.0,0.2312176376581192
116,guidance_0_capability_0_safety_0,1,0.038906249377760105,41,0.041875,0.0,0.0,0,38,0,0,-0.0017821647925302386,2.931135654449463,1.5736697912216187,0.00044631119817495346,0.0,0.23375804722309113
117,guidance_0_capability_0_safety_0,1,0.05846679633759777,41,0.18625,0.0,0.0,0,294,0,0,-0.003154538571834564,1.5327324867248535,1.5464468002319336,0.0018005090532824397,0.0,0.24008233845233917
118,guidance_0_capability_0_safety_0,1,0.03348632750567049,41,0.29,0.0,0.125,0,550,0,0,-0.002154496731236577,2.275967597961426,1.5337142944335938,0.0005928564933128655,0.0,0.2497149556875229
119,guidance_0_capability_0_safety_0,1,0.10035156377125531,41,0.481875,0.0,0.375,0,806,0,0,-0.0016671313205733895,4.678991794586182,1.5407308340072632,-0.0006598119507543743,0.0,0.2474784106016159
120,guidance_0_capability_0_safety_0,1,0.17237304653099272,42,0.091875,0.0,0.0,0,73,0,0,-0.0031966231763362885,6.006730079650879,1.5366934537887573,-0.0009590963018126786,0.0,0.24873477220535278
121,guidance_0_capability_0_safety_0,1,0.18493163978564553,42,0.414375,0.0,0.25,0,329,0,0,-0.00012720904487650841,5.089377403259277,1.521550178527832,-0.0007876230520196259,0.0,0.24617999792099
122,guidance_0_capability_0_safety_0,1,0.04001953120678081,42,0.515,0.0,0.375,0,585,0,0,-0.0010532749583944678,2.5488126277923584,1.5248788595199585,0.0003497051075100899,0.0,0.2500130236148834
123,guidance_0_capability_0_safety_0,1,0.08153320218843874,42,0.6575,0.0,0.75,0,841,0,0,-0.0014162492007017136,4.054243564605713,1.5360428094863892,-5.6476954341633245e-05,0.0,0.24488043785095215
124,guidance_0_capability_0_safety_0,1,0.14426757700857706,43,0.229375,0.0,0.25,0,143,0,0,-5.89713454246521e-06,7.269249439239502,1.5246590375900269,0.00034406548365950584,0.0,0.24814347922801971
125,guidance_0_capability_0_safety_0,1,0.09896484282216989,43,0.436875,0.0,0.375,0,399,0,0,-0.004292347468435764,3.628067970275879,1.5190348625183105,0.0012564841890707612,0.0,0.25508013367652893
126,guidance_0_capability_0_safety_0,1,0.011376952897990122,43,0.523125,0.0,0.375,0,655,0,0,0.0003838787379208952,1.2377097606658936,1.5231786966323853,0.002968698740005493,0.0,0.25548550486564636
127,guidance_0_capability_0_safety_0,1,0.0015917964337859303,43,0.561875,0.0,0.5,0,911,0,0,0.0006947588990442455,1.6342693567276,1.5261534452438354,0.0008318759500980377,0.0,0.2479112297296524
128,guidance_0_capability_0_safety_0,1,0.10554687419062247,44,0.181875,0.0,0.25,0,220,0,0,-0.002014853060245514,5.5035529136657715,1.4947376251220703,-0.0006017091800458729,0.0,0.2639180123806
129,guidance_0_capability_0_safety_0,1,0.06846679754380602,44,0.358125,0.0,0.25,0,476,0,0,-0.005242971237748861,2.6872167587280273,1.5201702117919922,9.789643809199333e-05,0.0,0.24690347909927368
130,guidance_0_capability_0_safety_0,1,0.01898437470663339,44,0.411875,0.0,0.375,0,732,0,0,-0.0010029302211478353,1.2917232513427734,1.5313720703125,0.002582486951723695,0.0,0.24104146659374237
131,guidance_0_capability_0_safety_0,1,-0.02155273440075689,44,0.4175,0.0,0.375,0,988,0,0,-0.00010786950588226318,0.8795855641365051,1.5355507135391235,0.0008895660866983235,0.0,0.24496668577194214
132,guidance_0_capability_0_safety_0,1,0.07945312368610757,45,0.206875,0.0,0.0,0,254,0,0,-0.0017728782258927822,2.281351327896118,1.5150059461593628,0.00027954872348345816,0.0,0.2492901086807251
133,guidance_0_capability_0_safety_0,1,0.07223632664681645,45,0.343125,0.0,0.25,0,510,0,0,-0.002446334110572934,2.9855456352233887,1.5431137084960938,0.0016752287046983838,0.0,0.2424396127462387
134,guidance_0_capability_0_safety_0,1,0.10709960955136921,45,0.541875,0.0,0.5,0,766,0,0,-0.00037615621113218367,2.950377941131592,1.557063102722168,-0.0002319139166502282,0.0,0.2353472113609314
135,guidance_0_capability_0_safety_0,1,0.08588866919672,46,0.026875,0.0,0.0,0,22,0,0,-0.0018304158002138138,3.5418410301208496,1.577863097190857,0.0014771464047953486,0.0,0.22954393923282623
136,guidance_0_capability_0_safety_0,1,0.15624023274358478,46,0.283125,0.0,0.375,0,278,0,0,0.0013237185776233673,7.806003093719482,1.5352259874343872,0.0013828459195792675,0.0,0.23723210394382477
137,guidance_0_capability_0_safety_0,1,-0.026777344104630174,46,0.3025,0.0,0.375,0,534,0,0,0.0009378536487929523,2.567913770675659,1.5554572343826294,-0.0006069244700483978,0.0,0.2337413877248764
138,guidance_0_capability_0_safety_0,1,0.037363280018325895,46,0.416875,0.0,0.375,0,790,0,0,-0.0007787492941133678,1.9824697971343994,1.5508531332015991,-8.541097486158833e-05,0.0,0.23399199545383453
139,guidance_0_capability_0_safety_0,1,0.10316406210768037,47,0.0975,0.0,0.0,0,46,0,0,-0.0005374343018047512,3.103001594543457,1.5407968759536743,0.0001461249776184559,0.0,0.2391434758901596
140,guidance_0_capability_0_safety_0,1,0.21946289020343102,47,0.43625,0.0,0.5,0,302,0,0,-0.00048791803419589996,7.866320610046387,1.523084044456482,0.00046567650861106813,0.0,0.24769513309001923
141,guidance_0_capability_0_safety_0,1,0.0656445300555788,47,0.588125,0.0,0.625,0,558,0,0,-0.0020930569153279066,2.06246280670166,1.5438975095748901,0.001766612404026091,0.0,0.24089139699935913
142,guidance_0_capability_0_safety_0,1,-0.026406250337458914,47,0.61,0.0,0.625,0,814,0,0,0.0007835142314434052,2.0304172039031982,1.5622090101242065,0.00045321183279156685,0.0,0.23643821477890015
143,guidance_0_capability_0_safety_0,1,0.012343750189756975,48,0.02125,0.0,0.0,0,70,0,0,-0.00014654795813839883,1.1837282180786133,1.553528904914856,-0.0003505195491015911,0.0,0.23503972589969635
144,guidance_0_capability_0_safety_0,1,0.04728515638271347,48,0.11625,0.0,0.125,0,326,0,0,-0.0002616125566419214,1.490980863571167,1.5308598279953003,-0.00041096252971328795,0.0,0.24740396440029144
145,guidance_0_capability_0_safety_0,1,0.10724609142926056,48,0.323125,0.0,0.25,0,582,0,0,0.00034066117950715125,4.627676963806152,1.5559676885604858,-2.059154212474823e-05,0.0,0.23458914458751678
146,guidance_0_capability_0_safety_0,1,0.028496093189460225,48,0.40875,0.0,0.375,0,838,0,0,-0.0008999630808830261,1.524209976196289,1.5613740682601929,0.0009534289129078388,0.0,0.23174786567687988
147,guidance_0_capability_0_safety_0,1,0.06974609267854248,49,0.040625,0.0,0.0,0,94,0,0,-0.0009993012063205242,4.8832221031188965,1.5494352579116821,0.00043969679973088205,0.0,0.24438001215457916
148,guidance_0_capability_0_safety_0,1,0.0509765622591658,49,0.160625,0.0,0.0,0,350,0,0,-0.0009240706567652524,2.2369489669799805,1.537279725074768,0.000393641967093572,0.0,0.24315275251865387
149,guidance_0_capability_0_safety_0,1,0.02978515606810106,49,0.256875,0.0,0.0,0,606,0,0,4.028032344649546e-05,1.329749584197998,1.5562857389450073,0.0008735712617635727,0.0,0.2432166188955307
150,guidance_0_capability_0_safety_0,1,0.08354492071157438,49,0.41875,0.0,0.25,0,862,0,0,-0.0021122070029377937,3.3254871368408203,1.5914983749389648,0.0007963081006892025,0.0,0.23341570794582367
151,guidance_0_capability_0_safety_0,1,0.1349121076927986,50,0.171875,0.0,0.25,0,118,0,0,-0.000523194030392915,5.194447040557861,1.5806808471679688,0.0012176759773865342,0.0,0.22744029760360718
152,guidance_0_capability_0_safety_0,1,0.18314452852064278,50,0.495625,0.0,0.5,0,374,0,0,-0.0002250242978334427,5.296706199645996,1.5755127668380737,0.00029338369495235384,0.0,0.23184806108474731
153,guidance_0_capability_0_safety_0,1,0.019794921234279172,50,0.59375,0.0,0.5,0,630,0,0,-0.0011076657101511955,1.3661394119262695,1.6000728607177734,0.0010339948348701,0.0,0.22278942167758942
154,guidance_0_capability_0_safety_0,1,0.05751953011349542,50,0.705625,0.0,0.75,0,886,0,0,-0.0010951386066153646,3.129788398742676,1.604780673980713,-0.00045517273247241974,0.0,0.21815013885498047
155,guidance_0_capability_0_safety_0,1,0.13301757608132903,51,0.244375,0.0,0.25,0,142,0,0,0.0006721758400090039,6.777060508728027,1.5805320739746094,-0.0004701334983110428,0.0,0.23231209814548492
156,guidance_0_capability_0_safety_0,1,0.055898437298310455,51,0.389375,0.0,0.25,0,398,0,0,-0.0011452463222667575,1.4650450944900513,1.5835379362106323,-0.0004114905896130949,0.0,0.22736549377441406
157,guidance_0_capability_0_safety_0,1,0.09758788949693553,51,0.594375,0.0,0.375,0,654,0,0,-0.0008709573303349316,3.444176197052002,1.590914249420166,-0.0004612488264683634,0.0,0.22385112941265106
158,guidance_0_capability_0_safety_0,1,0.09147460821259301,51,0.733125,0.0,0.875,0,910,0,0,5.702751877834089e-05,3.300607204437256,1.599472999572754,-0.0006751672481186688,0.0,0.2254018932580948
159,guidance_0_capability_0_safety_0,1,0.1375292965421977,52,0.201875,0.0,0.375,0,166,0,0,-0.0005596249247901142,5.87498664855957,1.5775200128555298,0.00017118437972385436,0.0,0.22820109128952026
160,guidance_0_capability_0_safety_0,1,0.08554687380456016,52,0.403125,0.0,0.375,0,422,0,0,-0.001973308390006423,2.6852316856384277,1.5675296783447266,0.00019748431805055588,0.0,0.23113220930099487
161,guidance_0_capability_0_safety_0,1,0.06908202821796294,52,0.543125,0.0,0.625,0,678,0,0,-0.004083178471773863,3.2397470474243164,1.5575698614120483,0.0013547466369345784,0.0,0.23141998052597046
162,guidance_0_capability_0_safety_0,1,-0.02894531300989911,52,0.56375,0.0,0.625,0,934,0,0,-0.0026852076407521963,1.80046546459198,1.5492810010910034,0.0009295260533690453,0.0,0.24116544425487518
163,guidance_0_capability_0_safety_0,1,0.09327148420197773,54,0.18,0.0,0.375,0,182,0,0,-0.0035623693838715553,10.056472778320312,1.5006071329116821,0.0009148367680609226,0.0,0.25221285223960876
164,guidance_0_capability_0_safety_0,1,0.18934570183046162,54,0.5325,0.0,0.5,0,438,0,0,0.00048803724348545074,4.674067974090576,1.4682585000991821,-0.0004689845663961023,0.0,0.2727144956588745
165,guidance_0_capability_0_safety_0,1,0.06327148244599812,54,0.644375,0.0,0.875,0,694,0,0,-0.011459038592875004,3.140109062194824,1.4563783407211304,0.002313236240297556,0.0,0.2719508111476898
166,guidance_0_capability_0_safety_0,1,0.07261718659719918,54,0.82875,0.0,0.875,0,950,0,0,-0.002953987568616867,2.1554348468780518,1.430213451385498,0.0047363839112222195,0.0,0.2892856001853943
167,guidance_0_capability_0_safety_0,1,0.16243164048501058,55,0.283125,0.0,0.25,0,206,0,0,-0.0015662434743717313,6.915254592895508,1.330401062965393,-0.00056511937873438,0.0,0.3384692966938019
168,guidance_0_capability_0_safety_0,1,0.08428710790758487,55,0.468125,0.0,0.375,0,462,0,0,-0.0028398253489285707,1.4389103651046753,1.2935289144515991,0.003991473000496626,0.0,0.35406506061553955
169,guidance_0_capability_0_safety_0,1,0.03580078073719051,55,0.594375,0.0,0.375,0,718,0,0,-0.001530745648778975,1.5094852447509766,1.2932265996932983,3.774805691136862e-06,0.0,0.36779239773750305
170,guidance_0_capability_0_safety_0,1,0.03708007695968263,56,0.009375,0.0,0.0,0,33,0,0,0.0009079590090550482,3.1496267318725586,1.2917728424072266,-0.0002613787946756929,0.0,0.3665069043636322
171,guidance_0_capability_0_safety_0,1,0.17916015467926627,56,0.323125,0.0,0.25,0,289,0,0,-0.00023401652288157493,7.514889717102051,1.2461416721343994,0.0005913174827583134,0.0,0.39543214440345764
172,guidance_0_capability_0_safety_0,1,0.1360351545154117,56,0.55375,0.0,0.625,0,545,0,0,-0.00047614937648177147,4.694867134094238,1.2631455659866333,8.064663416007534e-05,0.0,0.40064942836761475
173,guidance_0_capability_0_safety_0,1,0.043320312037394615,56,0.651875,0.0,0.875,0,801,0,0,-0.00176633195951581,2.0640838146209717,1.2616289854049683,0.0009404972079209983,0.0,0.3791215419769287
174,guidance_0_capability_0_safety_0,1,0.03150390533846803,57,0.1175,0.0,0.0,0,57,0,0,-0.0006232081796042621,2.954239845275879,1.2460827827453613,0.000493543513584882,0.0,0.39107468724250793
175,guidance_0_capability_0_safety_0,1,0.1512207031919388,57,0.39125,0.0,0.25,0,313,0,0,-0.000409677013522014,7.380916595458984,1.1911338567733765,-0.00024137413129210472,0.0,0.42837202548980713
176,guidance_0_capability_0_safety_0,1,0.027724608458811417,57,0.466875,0.0,0.5,0,569,0,0,-0.0009993478888645768,2.470040798187256,1.1934369802474976,0.0005549427005462348,0.0,0.41056084632873535
177,guidance_0_capability_0_safety_0,1,0.07577148376003606,57,0.614375,0.0,0.75,0,825,0,0,0.0003425062168389559,2.756302833557129,1.200474500656128,0.0001016130336211063,0.0,0.42303553223609924
178,guidance_0_capability_0_safety_0,1,0.15173827861144673,58,0.16,0.0,0.125,0,81,0,0,-0.0004289172065909952,5.325165748596191,1.1953543424606323,0.00020940399554092437,0.0,0.4204745292663574
179,guidance_0_capability_0_safety_0,1,0.10180663941719104,58,0.373125,0.0,0.25,0,337,0,0,-0.0013182032853364944,2.789625644683838,1.1908892393112183,0.0007521348888985813,0.0,0.43130412697792053
180,guidance_0_capability_0_safety_0,1,-0.021376952976424946,58,0.38625,0.0,0.375,0,593,0,0,-0.0008375439792871475,2.656392812728882,1.2109450101852417,-0.0006935691344551742,0.0,0.408011794090271
181,guidance_0_capability_0_safety_0,1,0.05255859317185241,58,0.513125,0.0,0.5,0,849,0,0,-0.0013888304820284247,3.126734733581543,1.2298229932785034,-0.0009576993179507554,0.0,0.40153059363365173
182,guidance_0_capability_0_safety_0,1,0.11820312432246283,59,0.149375,0.0,0.0,0,105,0,0,-2.48616561293602e-06,2.8260974884033203,1.2191942930221558,-0.0010170824825763702,0.0,0.39929136633872986
183,guidance_0_capability_0_safety_0,1,0.14238281092548277,59,0.428125,0.0,0.125,0,361,0,0,-0.0006919412990100682,3.2338147163391113,1.2215791940689087,0.0005006671999581158,0.0,0.4114435613155365
184,guidance_0_capability_0_safety_0,1,0.03893554508977104,59,0.54125,0.0,0.25,0,617,0,0,-0.001214981428347528,1.643654465675354,1.2484569549560547,0.00032191569334827363,0.0,0.4025226831436157
185,guidance_0_capability_0_safety_0,1,-0.042314453385188244,59,0.5425,0.0,0.25,0,873,0,0,0.00040411576628685,1.9762195348739624,1.2764753103256226,-0.0004100863297935575,0.0,0.3703188896179199
186,guidance_0_capability_0_safety_0,1,0.09492187439172994,60,0.185,0.0,0.25,0,129,0,0,-2.0728912204504013e-05,6.717895030975342,1.2750550508499146,0.00037737158709205687,0.0,0.3868185579776764
187,guidance_0_capability_0_safety_0,1,0.1304003897093935,60,0.425,0.0,0.5,0,385,0,0,-0.00025110458955168724,2.7083988189697266,1.2770103216171265,0.00030878931283950806,0.0,0.37285947799682617
188,guidance_0_capability_0_safety_0,1,0.03239257715176791,60,0.545625,0.0,0.5,0,641,0,0,-0.0003273886104580015,3.255749225616455,1.3010026216506958,5.150151628185995e-05,0.0,0.3746868371963501
189,guidance_0_capability_0_safety_0,1,0.05801757778681349,60,0.67875,0.0,0.625,0,897,0,0,-0.0007142896647565067,2.2884268760681152,1.3174424171447754,-0.00013788339856546372,0.0,0.3600672781467438
190,guidance_0_capability_0_safety_0,1,0.16937499736377504,61,0.263125,0.0,0.25,0,153,0,0,-0.0010751726804301143,6.579337120056152,1.2785468101501465,-0.0006585144437849522,0.0,0.3725006878376007
191,guidance_0_capability_0_safety_0,1,0.10419921741413418,61,0.48,0.0,0.375,0,409,0,0,-0.0007734396494925022,2.161569118499756,1.2890195846557617,0.0003028823994100094,0.0,0.3693457841873169
192,guidance_0_capability_0_safety_0,1,0.09509765297116246,61,0.62625,0.0,0.875,0,665,0,0,-0.0008910096366889775,5.509528160095215,1.295904517173767,-0.00045349993160925806,0.0,0.36157727241516113
193,guidance_0_capability_0_safety_0,1,-0.008955078941653483,61,0.661875,0.0,1.0,0,921,0,0,0.00011483129492262378,0.6345171928405762,1.327712893486023,0.00037598717608489096,0.0,0.3519054353237152
194,guidance_0_capability_0_safety_0,1,0.14407226449111477,62,0.26375,0.0,0.25,0,177,0,0,0.00011921177065232769,6.438803672790527,1.3056381940841675,-9.059455624083057e-05,0.0,0.3516983985900879
195,guidance_0_capability_0_safety_0,1,0.16615234258642886,62,0.560625,0.0,0.5,0,433,0,0,-0.00040171187720261514,3.090786933898926,1.3181921243667603,-0.0002359639183850959,0.0,0.3546527326107025
196,guidance_0_capability_0_safety_0,1,0.02947265558759682,62,0.658125,0.0,0.625,0,689,0,0,-0.0001807683875085786,0.9607961773872375,1.320532202720642,-0.0004149692540522665,0.0,0.3553045988082886
197,guidance_0_capability_0_safety_0,1,0.07341796856781002,62,0.806875,0.0,0.875,0,945,0,0,-0.00022720654669683427,4.526472091674805,1.352718472480774,-0.000137978233397007,0.0,0.3369525671005249
198,guidance_0_capability_0_safety_0,1,0.15208984287528438,63,0.21125,0.0,0.5,0,201,0,0,-0.0002505186421331018,7.80293083190918,1.3214248418807983,0.00017109776672441512,0.0,0.34668615460395813
199,guidance_0_capability_0_safety_0,1,0.033339842600980774,63,0.33375,0.0,0.5,0,457,0,0,-0.00040742350392974913,1.2473859786987305,1.321480393409729,-0.00011201730376342312,0.0,0.3592752516269684
200,guidance_0_capability_0_safety_0,1,0.07113281123747583,63,0.516875,0.0,0.5,0,713,0,0,-0.002793770981952548,2.077316999435425,1.3545769453048706,-0.0006759639945812523,0.0,0.33671343326568604
201,guidance_0_capability_0_safety_0,1,-0.03165039098530542,63,0.535625,0.0,0.5,0,969,0,0,-0.0022523377556353807,0.7142891883850098,1.3729978799819946,-0.0003254885377828032,0.0,0.3271922767162323
202,guidance_0_capability_0_safety_0,1,0.2191308572073467,64,0.299375,0.0,0.625,0,225,0,0,-3.4763168514473364e-05,7.302559852600098,1.345510482788086,-0.0008840626105666161,0.0,0.33728447556495667
203,guidance_0_capability_0_safety_0,1,0.04263671787339263,64,0.4175,0.0,0.75,0,481,0,0,-0.0010078350314870477,1.6207876205444336,1.3631352186203003,-0.0004310794174671173,0.0,0.33530959486961365
204,guidance_0_capability_0_safety_0,1,0.08584960781445261,64,0.60375,0.0,0.875,0,737,0,0,0.00012655144382733852,3.3705296516418457,1.3816221952438354,0.0011101551353931427,0.0,0.33139902353286743
205,guidance_0_capability_0_safety_0,1,0.024218749662395567,64,0.683125,0.0,1.0,0,993,0,0,-0.002111969282850623,1.4291354417800903,1.4205275774002075,0.0010445035295560956,0.0,0.32103461027145386
206,guidance_0_capability_0_safety_0,1,0.23184570186276687,65,0.3475,0.0,0.625,0,249,0,0,-0.0005749929696321487,9.207983016967773,1.4096527099609375,0.00272386334836483,0.0,0.3263815939426422
207,guidance_0_capability_0_safety_0,1,0.04791015578666702,65,0.493125,0.0,0.625,0,505,0,0,0.0002468662860337645,2.070277452468872,1.4359774589538574,-0.0006316406652331352,0.0,0.29171130061149597
208,guidance_0_capability_0_safety_0,1,-0.020234375435393304,65,0.529375,0.0,0.625,0,761,0,0,-0.0012060018489137292,0.8329561352729797,1.4704371690750122,0.00023080238315742463,0.0,0.2949118912220001
209,guidance_0_capability_0_safety_0,1,0.07275390648283064,66,0.03875,0.0,0.0,0,17,0,0,-0.0007295934483408928,2.228916883468628,1.4910483360290527,0.0010256101377308369,0.0,0.2876302897930145
210,guidance_0_capability_0_safety_0,1,0.15086913941195235,66,0.2725,0.0,0.375,0,273,0,0,-0.0006669716094620526,7.433950424194336,1.4720114469528198,-0.0005667996592819691,0.0,0.2784675061702728
211,guidance_0_capability_0_safety_0,1,0.19613281069905497,66,0.616875,0.0,0.625,0,529,0,0,0.00018742743122857064,7.590099811553955,1.5001473426818848,0.00032732728868722916,0.0,0.2755206227302551
212,guidance_0_capability_0_safety_0,1,0.06265624994557584,66,0.735,0.0,0.875,0,785,0,0,-0.0013335862895473838,3.389596939086914,1.5249557495117188,-0.0005318319308571517,0.0,0.2591468095779419
213,guidance_0_capability_0_safety_0,1,0.09058593612280674,67,0.0975,0.0,0.25,0,71,0,0,-4.686104875872843e-05,3.441361665725708,1.5304155349731445,0.0013339202851057053,0.0,0.2635778784751892
214,guidance_0_capability_0_safety_0,1,0.11439453037746716,67,0.32625,0.0,0.375,0,327,0,0,-0.004045428242534399,3.881740093231201,1.5363880395889282,0.000599318474996835,0.0,0.2581714391708374
215,guidance_0_capability_0_safety_0,1,0.03198242123471573,67,0.40875,0.0,0.5,0,583,0,0,-0.002833389909937978,1.1755859851837158,1.5742430686950684,0.00042526438483037055,0.0,0.24337302148342133
216,guidance_0_capability_0_safety_0,1,-0.009150390862487257,67,0.4575,0.0,0.5,0,839,0,0,0.00021030630159657449,1.3788955211639404,1.609472393989563,-0.0031951770652085543,0.0,0.2256736308336258
217,guidance_0_capability_0_safety_0,1,0.06973632773951977,68,0.129375,0.0,0.25,0,95,0,0,-0.0015355702489614487,3.7423951625823975,1.603502869606018,7.101645314833149e-05,0.0,0.23794756829738617
218,guidance_0_capability_0_safety_0,1,0.098056639169954,69,0.16,0.0,0.0,0,224,0,0,-0.0006905284826643765,5.120189189910889,1.5804656744003296,-0.0002648412773851305,0.0,0.23955798149108887
219,guidance_0_capability_0_safety_0,1,0.0750585925852647,69,0.3425,0.0,0.0,0,480,0,0,-0.0012080231681466103,0.9522647261619568,1.588082194328308,0.00043571600690484047,0.0,0.23996269702911377
220,guidance_0_capability_0_safety_0,1,0.10263671763823368,69,0.52375,0.0,0.375,0,736,0,0,0.001394687220454216,4.369698524475098,1.5954561233520508,0.0005377425695769489,0.0,0.23447038233280182
221,guidance_0_capability_0_safety_0,1,0.15761718455178197,69,0.785625,0.0,0.75,0,992,0,0,-0.0009558000601828098,8.167536735534668,1.6017714738845825,0.0004664765147026628,0.0,0.22603829205036163
222,guidance_0_capability_0_safety_0,1,0.18157226488983724,70,0.285625,0.0,0.5,0,248,0,0,-0.0003664698451757431,5.680476188659668,1.5760244131088257,-5.487073212862015e-05,0.0,0.24444855749607086
223,guidance_0_capability_0_safety_0,1,0.06664062351774191,70,0.43875,0.0,0.625,0,504,0,0,-0.0009509005467407405,3.3480732440948486,1.5938581228256226,0.00013355196279007941,0.0,0.24210423231124878
224,guidance_0_capability_0_safety_0,1,0.11243163912149612,70,0.68375,0.0,0.625,0,760,0,0,-0.0002487320452928543,2.7857441902160645,1.5809563398361206,-4.608386007021181e-05,0.0,0.2380339652299881
225,guidance_0_capability_0_safety_0,1,0.05644531273355824,71,0.03875,0.0,0.0,0,16,0,0,-0.0007432084530591965,2.8352878093719482,1.6131901741027832,-0.00037821149453520775,0.0,0.22839687764644623
226,guidance_0_capability_0_safety_0,1,0.1595703113489435,71,0.279375,0.0,0.5,0,272,0,0,-0.000734337605535984,4.2017927169799805,1.572411060333252,-0.0011126496829092503,0.0,0.2501848638057709
227,guidance_0_capability_0_safety_0,1,0.08827148326963652,71,0.46125,0.0,0.625,0,528,0,0,-0.0006124026258476079,2.5448107719421387,1.576025366783142,0.00014278494927566499,0.0,0.24412411451339722
228,guidance_0_capability_0_safety_0,1,0.05343749951134669,71,0.57875,0.0,0.75,0,784,0,0,-0.0012588795507326722,3.6962497234344482,1.5907710790634155,-0.0015326201682910323,0.0,0.24296677112579346
229,guidance_0_capability_0_safety_0,1,0.03880859347555088,73,0.0825,0.0,0.125,0,36,0,0,-0.005048707593232393,5.780760288238525,1.5718274116516113,0.0012883435701951385,0.0,0.24208174645900726
230,guidance_0_capability_0_safety_0,1,0.16565429442562163,73,0.3525,0.0,0.5,0,292,0,0,-0.0021559211891144514,5.312265396118164,1.5704102516174316,0.0029031038284301758,0.0,0.2460818737745285
231,guidance_0_capability_0_safety_0,1,0.15194335738488007,73,0.64625,0.0,0.625,0,548,0,0,-0.0024686374235898256,3.7439041137695312,1.5796340703964233,0.001887547317892313,0.0,0.26470401883125305
232,guidance_0_capability_0_safety_0,1,0.020576171755237738,73,0.736875,0.0,0.625,0,804,0,0,-0.0003455526602920145,1.36197829246521,1.6009893417358398,0.0011151906801387668,0.0,0.23128171265125275
233,guidance_0_capability_0_safety_0,1,-0.009814452940190677,74,0.054375,0.0,0.0,0,60,0,0,5.8170873671770096e-05,0.9237475395202637,1.5832271575927734,0.00023172811779659241,0.0,0.2339652180671692
234,guidance_0_capability_0_safety_0,1,0.18198241972277174,74,0.326875,0.0,0.5,0,316,0,0,-0.0004693965020123869,8.325220108032227,1.5551363229751587,-0.000415396731114015,0.0,0.25098052620887756
235,guidance_0_capability_0_safety_0,1,0.07023437439056579,74,0.48875,0.0,0.625,0,572,0,0,-0.0004811584949493408,2.9493067264556885,1.5712560415267944,-0.0004144205304328352,0.0,0.24185657501220703
236,guidance_0_capability_0_safety_0,1,-0.04217773463460617,74,0.49,0.0,0.625,0,828,0,0,-0.00012109149247407913,1.6156506538391113,1.5692182779312134,-0.000552026554942131,0.0,0.23911698162555695
237,guidance_0_capability_0_safety_0,1,0.12876952928490937,75,0.14625,0.0,0.25,0,84,0,0,-0.00029828710830770433,5.967393398284912,1.5753520727157593,-0.0001990009768633172,0.0,0.23359118402004242
238,guidance_0_capability_0_safety_0,1,0.1430468737416959,75,0.4075,0.0,0.5,0,340,0,0,-0.0002748329716268927,4.6966633796691895,1.5603976249694824,8.71419906616211e-05,0.0,0.24019859731197357
239,guidance_0_capability_0_safety_0,1,0.07050781119323801,75,0.533125,0.0,0.875,0,596,0,0,-0.0015728235011920333,2.3208444118499756,1.565721035003662,4.682037979364395e-05,0.0,0.24037189781665802
240,guidance_0_capability_0_safety_0,1,-0.010771484652650543,75,0.584375,0.0,0.875,0,852,0,0,-0.0001618241221876815,0.7198757529258728,1.5703325271606445,-0.0005262573249638081,0.0,0.2366907000541687
241,guidance_0_capability_0_safety_0,1,0.05147460875377874,76,0.103125,0.0,0.25,0,108,0,0,-0.0011193534592166543,3.181107521057129,1.568084716796875,0.0002258901222376153,0.0,0.23931364715099335
242,guidance_0_capability_0_safety_0,1,0.13218749961379217,76,0.381875,0.0,0.25,0,364,0,0,-0.000755180895794183,3.751347064971924,1.532397747039795,0.0015041419537737966,0.0,0.24893899261951447
243,guidance_0_capability_0_safety_0,1,0.05660156250814907,76,0.521875,0.0,0.375,0,620,0,0,0.00014909107994753867,4.826176643371582,1.5560864210128784,0.0005041334661655128,0.0,0.24025790393352509
244,guidance_0_capability_0_safety_0,1,0.10152343637673766,76,0.705625,0.0,0.625,0,876,0,0,-0.001237840740941465,2.0784354209899902,1.5805984735488892,-0.00027499083080329,0.0,0.2377612441778183
245,guidance_0_capability_0_safety_0,1,0.11557617280050181,77,0.176875,0.0,0.25,0,132,0,0,-0.0004870773700531572,5.170420169830322,1.5682883262634277,-0.0005744779482483864,0.0,0.2384268194437027
246,guidance_0_capability_0_safety_0,1,0.05720703075348865,77,0.3175,0.0,0.25,0,388,0,0,-0.00013220000255387276,1.7608391046524048,1.5657328367233276,0.0004040974599774927,0.0,0.24830716848373413
247,guidance_0_capability_0_safety_0,1,0.11831054332287749,77,0.51375,0.0,0.625,0,644,0,0,-0.0005617340211756527,4.945356845855713,1.5752216577529907,2.6198258638032712e-05,0.0,0.23466962575912476
248,guidance_0_capability_0_safety_0,1,0.05830077988503035,77,0.67375,0.0,0.625,0,900,0,0,-0.001833534799516201,1.5431407690048218,1.5915961265563965,0.0013245359295979142,0.0,0.2289082258939743
249,guidance_0_capability_0_safety_0,1,0.05474609325756319,78,0.14625,0.0,0.0,0,156,0,0,-0.0006486792117357254,1.2866854667663574,1.550982117652893,4.433002322912216e-05,0.0,0.24268858134746552
250,guidance_0_capability_0_safety_0,1,0.1744531229196582,78,0.43625,0.0,0.375,0,412,0,0,-0.0009241656516678631,4.28383207321167,1.5520210266113281,0.00039613060653209686,0.0,0.24674426019191742
251,guidance_0_capability_0_safety_0,1,0.10398437417461537,78,0.631875,0.0,0.625,0,668,0,0,-0.0008234389242716134,2.3539607524871826,1.5570887327194214,0.0005406633135862648,0.0,0.2408069372177124
252,guidance_0_capability_0_safety_0,1,0.05911132461915258,79,0.078125,0.0,0.25,0,35,0,0,-0.0018000109121203423,4.554957389831543,1.5485496520996094,0.00018143591296393424,0.0,0.24630290269851685
253,guidance_0_capability_0_safety_0,1,0.17199218706809916,79,0.384375,0.0,0.5,0,291,0,0,-0.0003494163975119591,3.4743034839630127,1.5306342840194702,-0.00024564843624830246,0.0,0.25854524970054626
254,guidance_0_capability_0_safety_0,1,-0.0036718751507578418,79,0.446875,0.0,0.5,0,547,0,0,3.6572571843862534e-05,2.9644711017608643,1.51969575881958,0.0006515245768241584,0.0,0.25622129440307617
255,guidance_0_capability_0_safety_0,1,-0.0403027346910676,79,0.450625,0.0,0.5,0,803,0,0,0.00013853672135155648,0.9876253008842468,1.5281944274902344,-0.00032159718102775514,0.0,0.26191163063049316
256,guidance_0_capability_0_safety_0,1,0.058740234111610334,80,0.1,0.0,0.0,0,59,0,0,-0.0019740343559533358,1.5317566394805908,1.5257810354232788,0.0009635609458200634,0.0,0.25832441449165344
257,guidance_0_capability_0_safety_0,1,0.19387695101613645,80,0.365625,0.0,0.75,0,315,0,0,-0.0012303786352276802,8.631902694702148,1.4995871782302856,-0.0006833802908658981,0.0,0.2755735218524933
258,guidance_0_capability_0_safety_0,1,0.07529296831489773,80,0.546875,0.0,0.75,0,571,0,0,-0.00420250603929162,1.9416146278381348,1.5110349655151367,0.0011146372416988015,0.0,0.2644784152507782
259,guidance_0_capability_0_safety_0,1,0.010771483648568392,80,0.6325,0.0,0.75,0,827,0,0,0.0010381186148151755,2.0234270095825195,1.528396725654602,-0.0002429916785331443,0.0,0.26353421807289124
260,guidance_0_capability_0_safety_0,1,0.06133788960869424,81,0.166875,0.0,0.0,0,83,0,0,-0.0006361815030686557,2.024895191192627,1.5277882814407349,-0.00029600225389003754,0.0,0.2644151747226715
261,guidance_0_capability_0_safety_0,1,0.1959960919484729,81,0.474375,0.0,0.5,0,339,0,0,0.0012218678602948785,6.009023189544678,1.5040650367736816,0.00011272821575403214,0.0,0.2697283923625946
262,guidance_0_capability_0_safety_0,1,0.056855466922570486,81,0.593125,0.0,0.75,0,595,0,0,-0.00029825870296917856,2.776432514190674,1.526517391204834,-0.00012921092275064439,0.0,0.2649247646331787
263,guidance_0_capability_0_safety_0,1,0.028027343199937604,81,0.688125,0.0,0.875,0,851,0,0,-0.0008229876984842122,1.559938907623291,1.537099838256836,0.0008468430605717003,0.0,0.2649881839752197
264,guidance_0_capability_0_safety_0,1,0.014023437513969839,82,0.075,0.0,0.0,0,107,0,0,-0.0013267546892166138,1.7111680507659912,1.538314700126648,0.0004959537764079869,0.0,0.2615368962287903
265,guidance_0_capability_0_safety_0,1,0.13381835836480604,82,0.304375,0.0,0.25,0,363,0,0,-0.0015633596340194345,5.986713409423828,1.515201449394226,0.0005471563781611621,0.0,0.2746399939060211
266,guidance_0_capability_0_safety_0,1,0.06498046831984539,82,0.470625,0.0,0.375,0,619,0,0,-0.0032437227200716734,2.6139111518859863,1.5071464776992798,-0.001500687445513904,0.0,0.27573755383491516
267,guidance_0_capability_0_safety_0,1,0.0021289056458044797,82,0.543125,0.0,0.375,0,875,0,0,-9.595447772881016e-05,1.315420150756836,1.5287643671035767,0.0009334444184787571,0.0,0.2628526985645294
268,guidance_0_capability_0_safety_0,1,0.08590820097015239,83,0.12875,0.0,0.125,0,131,0,0,-0.0009116269065998495,2.321932077407837,1.5303936004638672,-3.582797944545746e-05,0.0,0.2671331763267517
269,guidance_0_capability_0_safety_0,1,0.1947070285459631,83,0.4525,0.0,0.5,0,387,0,0,0.0001989783049793914,6.056339263916016,1.516217589378357,-0.0010631837649270892,0.0,0.27842870354652405
270,guidance_0_capability_0_safety_0,1,0.01511718734036549,83,0.515625,0.0,0.875,0,643,0,0,-0.00047258505946956575,2.260270595550537,1.5305522680282593,-0.0006087429937906563,0.0,0.2691490352153778
271,guidance_0_capability_0_safety_0,1,0.006269530531426426,83,0.59625,0.0,0.875,0,899,0,0,-0.0011415121844038367,0.8835132718086243,1.5211328268051147,0.00018229195848107338,0.0,0.2719366252422333
272,guidance_0_capability_0_safety_0,1,0.14222656019046553,84,0.22625,0.0,0.125,0,155,0,0,-0.00037836036062799394,4.9924211502075195,1.4945491552352905,-0.00030982354655861855,0.0,0.2819611430168152
273,guidance_0_capability_0_safety_0,1,0.21555663928302238,84,0.503125,0.0,1.0,0,411,0,0,-6.545536598423496e-05,8.004451751708984,1.4756637811660767,0.0003488278016448021,0.0,0.277852863073349
274,guidance_0_capability_0_safety_0,1,0.08963867044076324,84,0.71875,0.0,1.0,0,667,0,0,-0.0001282307057408616,1.236055850982666,1.4752248525619507,0.00011479388922452927,0.0,0.28584152460098267
275,guidance_0_capability_0_safety_0,1,0.003115233645075932,84,0.79875,0.0,1.0,0,923,0,0,-0.000474684638902545,0.6609154939651489,1.4881030321121216,6.469913205364719e-05,0.0,0.2926020920276642
276,guidance_0_capability_0_safety_0,1,0.009931640663126018,86,0.080625,0.0,0.0,0,174,0,0,-0.0008796149049885571,9.017454147338867,1.4593944549560547,-0.0006242234376259148,0.0,0.299226850271225
277,guidance_0_capability_0_safety_0,1,0.0575585922706523,86,0.174375,0.0,0.25,0,430,0,0,-0.00038108541048131883,4.729342937469482,1.4764236211776733,2.6223560780636035e-05,0.0,0.28804609179496765
278,guidance_0_capability_0_safety_0,1,0.08421874832129106,86,0.37875,0.0,0.25,0,686,0,0,-0.0006934814155101776,2.5125842094421387,1.4805445671081543,0.00012110840907553211,0.0,0.2911502420902252
279,guidance_0_capability_0_safety_0,1,-0.009707031509606168,86,0.41375,0.0,0.375,0,942,0,0,0.00017710898828227073,1.3329119682312012,1.4868627786636353,-0.0001951201556948945,0.0,0.27858051657676697
280,guidance_0_capability_0_safety_0,1,0.14352538945968263,87,0.248125,0.0,0.25,0,198,0,0,-0.0009414360974915326,3.2971248626708984,1.4598578214645386,-0.00017780887719709426,0.0,0.2998937666416168
281,guidance_0_capability_0_safety_0,1,0.07362304587149993,87,0.416875,0.0,0.375,0,454,0,0,-0.0006891718949191272,2.650918483734131,1.443963885307312,9.01093371794559e-05,0.0,0.3079918622970581
282,guidance_0_capability_0_safety_0,1,0.05325195242767222,87,0.52875,0.0,0.625,0,710,0,0,-0.00040458794683218,4.099225044250488,1.4962654113769531,0.0001254035159945488,0.0,0.2892709970474243
283,guidance_0_capability_0_safety_0,1,0.03515624908322934,87,0.635625,0.0,0.75,0,966,0,0,-0.0009703318937681615,1.5777950286865234,1.5026837587356567,-0.0001467874535592273,0.0,0.2830420732498169
284,guidance_0_capability_0_safety_0,1,0.21503905989811756,88,0.33625,0.0,0.375,0,222,0,0,-0.0002237844018964097,8.479812622070312,1.480275273323059,-0.0002106515021296218,0.0,0.2885355055332184
285,guidance_0_capability_0_safety_0,1,0.08451171693741344,88,0.520625,0.0,0.5,0,478,0,0,-0.0006178521434776485,3.462528705596924,1.4830151796340942,-0.0002786832337733358,0.0,0.2885721027851105
286,guidance_0_capability_0_safety_0,1,0.021962891580187716,88,0.609375,0.0,0.625,0,734,0,0,-0.000864613160956651,1.3671032190322876,1.476807951927185,0.0010156851494684815,0.0,0.27214524149894714
287,guidance_0_capability_0_safety_0,1,0.05117187427094905,89,0.17875,0.0,0.125,0,116,0,0,-0.0015802029520273209,1.894683837890625,1.457796573638916,0.000398425996536389,0.0,0.29487887024879456
288,guidance_0_capability_0_safety_0,1,0.06511718752153683,89,0.315,0.0,0.375,0,372,0,0,-0.0006587528623640537,1.9202746152877808,1.427752137184143,0.0008474563364870846,0.0,0.3135513663291931
289,guidance_0_capability_0_safety_0,1,0.1567382803550572,89,0.616875,0.0,0.5,0,628,0,0,0.0002629198133945465,4.59320068359375,1.4652024507522583,0.0004638643004000187,0.0,0.2992969751358032
290,guidance_0_capability_0_safety_0,1,-0.016074218954599928,89,0.65375,0.0,0.5,0,884,0,0,-0.0010029030963778496,0.23213499784469604,1.471964955329895,0.00025669950991868973,0.0,0.2942100465297699
291,guidance_0_capability_0_safety_0,1,0.03495117161946837,90,0.124375,0.0,0.0,0,140,0,0,-0.001282061799429357,2.6412041187286377,1.437576174736023,8.386559784412384e-07,0.0,0.31444352865219116
292,guidance_0_capability_0_safety_0,1,0.2112597621162422,90,0.47625,0.0,0.375,0,396,0,0,-0.0010462781647220254,7.131513595581055,1.4212907552719116,0.0007700167479924858,0.0,0.306704580783844
293,guidance_0_capability_0_safety_0,1,0.05007812415715307,90,0.606875,0.0,0.5,0,652,0,0,-0.0007068527047522366,3.8321096897125244,1.4092642068862915,0.0009471910889260471,0.0,0.2995692491531372
294,guidance_0_capability_0_safety_0,1,0.09133788909821305,90,0.785,0.0,0.75,0,908,0,0,-0.000556877173949033,2.7070727348327637,1.4432331323623657,-0.0005772323347628117,0.0,0.3137885332107544
295,guidance_0_capability_0_safety_0,1,0.15228515384660568,91,0.27375,0.0,0.25,0,164,0,0,-0.00017372083675581962,5.347483158111572,1.3959544897079468,0.0002620470186229795,0.0,0.3234315812587738
296,guidance_0_capability_0_safety_0,1,0.1396289046824677,91,0.491875,0.0,0.75,0,420,0,0,-0.002060561440885067,2.704111099243164,1.3529152870178223,0.0005458860541693866,0.0,0.33150577545166016
297,guidance_0_capability_0_safety_0,1,0.07551757626060862,91,0.645,0.0,1.0,0,676,0,0,-0.00038117016083560884,0.9772253036499023,1.3530364036560059,0.00012754493218380958,0.0,0.35245200991630554
298,guidance_0_capability_0_safety_0,1,0.045185546405264176,91,0.783125,0.0,1.0,0,932,0,0,-0.002059534192085266,1.1986510753631592,1.3675569295883179,0.001934794127009809,0.0,0.33044689893722534
299,guidance_0_capability_0_safety_0,1,0.17325195052399067,92,0.270625,0.0,0.375,0,188,0,0,-0.0021579668391495943,5.490405559539795,1.333277702331543,0.0008978058467619121,0.0,0.3583049476146698
300,guidance_0_capability_0_safety_0,1,0.006640623687417246,92,0.33375,0.0,0.5,0,444,0,0,0.0002533594670239836,3.6373190879821777,1.319753646850586,7.042940706014633e-05,0.0,0.3703644275665283
301,guidance_0_capability_0_safety_0,1,0.08004882602836005,92,0.49375,0.0,0.75,0,700,0,0,-0.002549055265262723,1.7262192964553833,1.3449606895446777,0.00018012973305303603,0.0,0.3571363389492035
302,guidance_0_capability_0_safety_0,1,0.04349609267592314,92,0.6275,0.0,0.75,0,956,0,0,-0.0025858620647341013,1.3851443529129028,1.382921576499939,-0.0002940936537925154,0.0,0.3291337192058563
303,guidance_0_capability_0_safety_0,1,0.12504882720531896,93,0.261875,0.0,0.0,0,212,0,0,-0.000775262073148042,2.2876787185668945,1.330600380897522,0.0008790772408246994,0.0,0.37247446179389954
304,guidance_0_capability_0_safety_0,1,0.02860351488197921,93,0.34,0.0,0.125,0,468,0,0,-0.0015496093546971679,2.8060436248779297,1.3403310775756836,0.00039730811840854585,0.0,0.3496425151824951
305,guidance_0_capability_0_safety_0,1,0.0241601558518596,93,0.44,0.0,0.125,0,724,0,0,-0.000942061364185065,2.5639455318450928,1.3455976247787476,0.001577310380525887,0.0,0.34246256947517395
306,guidance_0_capability_0_safety_0,1,0.005253905925201252,93,0.495625,0.0,0.25,0,980,0,0,0.00030268076807260513,1.0350159406661987,1.366079330444336,-0.00012662184599321336,0.0,0.35359060764312744
307,guidance_0_capability_0_safety_0,1,0.15942382745197392,94,0.24875,0.0,0.25,0,236,0,0,-0.0011307249078527093,4.674864292144775,1.3136301040649414,0.0005548737826757133,0.0,0.3574732840061188
308,guidance_0_capability_0_safety_0,1,0.12581054483598564,94,0.519375,0.0,0.25,0,492,0,0,-0.0013734721578657627,3.1601240634918213,1.300998330116272,-0.0007998806540854275,0.0,0.3801637887954712
309,guidance_0_capability_0_safety_0,1,0.01964843635505531,94,0.601875,0.0,0.375,0,748,0,0,-0.0008947208407334983,1.7849150896072388,1.3020750284194946,0.0005701056797988713,0.0,0.3671325743198395
310,guidance_0_capability_0_safety_0,1,0.1116210922918981,95,0.009375,0.0,0.0,0,4,0,0,3.5864610254066065e-05,7.520630359649658,1.327086091041565,-0.00018554320558905602,0.0,0.36408865451812744
311,guidance_0_capability_0_safety_0,1,0.14223632551875198,95,0.24375,0.0,0.375,0,260,0,0,-0.0013003157218918204,6.447602272033691,1.249563217163086,0.0008880753885023296,0.0,0.3842274248600006
312,guidance_0_capability_0_safety_0,1,0.07413085708685685,95,0.394375,0.0,0.625,0,516,0,0,-0.0005735438317060471,4.327167987823486,1.255867600440979,-0.0009566263179294765,0.0,0.4029861390590668
313,guidance_0_capability_0_safety_0,1,0.05114257686363999,95,0.545625,0.0,0.625,0,772,0,0,-0.0029987588059157133,3.1864264011383057,1.2693170309066772,-0.00015233906742651016,0.0,0.3885076344013214
314,guidance_0_capability_0_safety_0,1,0.09374999650026439,97,0.054375,0.0,0.125,0,24,0,0,0.0010164374252781272,10.01635456085205,1.2453874349594116,-0.00013949023559689522,0.0,0.4087161719799042
315,guidance_0_capability_0_safety_0,1,0.15335937360941898,97,0.33125,0.0,0.375,0,280,0,0,-0.00031230165041051805,4.577409744262695,1.1731582880020142,0.0004520712827797979,0.0,0.44073066115379333
316,guidance_0_capability_0_safety_0,1,0.0382910145126516,97,0.443125,0.0,0.5,0,536,0,0,-0.00029304096824489534,1.996790885925293,1.1864534616470337,0.00018967238429468125,0.0,0.4323611259460449
317,guidance_0_capability_0_safety_0,1,0.09573242079932243,97,0.66,0.0,0.5,0,792,0,0,-0.0006782214040867984,4.2835588455200195,1.234954595565796,0.00016075652092695236,0.0,0.4098212718963623
318,guidance_0_capability_0_safety_0,1,0.04217773309210315,98,0.088125,0.0,0.125,0,48,0,0,-0.000368727371096611,1.7968692779541016,1.2111124992370605,0.00016058159235399216,0.0,0.42973026633262634
319,guidance_0_capability_0_safety_0,1,0.09711913893988822,98,0.28875,0.0,0.25,0,304,0,0,-0.0005975086241960526,2.9976587295532227,1.167044997215271,0.0007101075607351959,0.0,0.4505695402622223
320,guidance_0_capability_0_safety_0,1,0.08285156142665073,98,0.471875,0.0,0.375,0,560,0,0,-0.0006158247124403715,2.452333688735962,1.1462571620941162,-0.0002748016268014908,0.0,0.45848551392555237
321,guidance_0_capability_0_safety_0,1,-0.03147460967011284,98,0.49125,0.0,0.375,0,816,0,0,0.0002377033233642578,1.0876142978668213,1.144152283668518,-0.00010309011122444645,0.0,0.4568486213684082
322,guidance_0_capability_0_safety_0,1,0.2590429642878007,99,0.15625,0.0,0.625,0,72,0,0,-0.0005055724759586155,17.48985481262207,1.154037356376648,0.00022791046649217606,0.0,0.443963885307312
323,guidance_0_capability_0_safety_0,1,0.14375976436713245,99,0.43375,0.0,0.75,0,328,0,0,-0.0006626322865486145,2.257747173309326,1.0905637741088867,-0.00013341537851374596,0.0,0.4764534533023834
324,guidance_0_capability_0_safety_0,1,0.06756835736450739,99,0.5925,0.0,0.875,0,584,0,0,-0.001127213821746409,2.9792094230651855,1.1107516288757324,0.00017926252621691674,0.0,0.4888932704925537
325,guidance_0_capability_0_safety_0,1,-0.012460937781725079,99,0.641875,0.0,0.875,0,840,0,0,-0.0012865412281826138,0.4183025062084198,1.1886190176010132,0.00017352744180243462,0.0,0.43955495953559875
326,guidance_0_capability_0_safety_0,1,0.2182421858451562,100,0.1975,0.0,0.375,0,96,0,0,-0.0002712105924729258,11.052755355834961,1.1634873151779175,0.0009472854435443878,0.0,0.4507240951061249
327,guidance_0_capability_0_safety_0,1,0.16360351392359007,100,0.471875,0.0,0.75,0,352,0,0,-0.0002624876797199249,4.115347862243652,1.1476174592971802,0.00025227246806025505,0.0,0.4639958143234253
328,guidance_0_capability_0_safety_0,1,0.13578124903142452,100,0.735625,0.0,0.875,0,608,0,0,-0.0013950293650850654,3.4494872093200684,1.1737030744552612,0.00022700491535943002,0.0,0.43052634596824646
329,guidance_0_capability_0_safety_0,1,0.0389648430973466,100,0.840625,0.0,1.0,0,864,0,0,-0.004469775594770908,1.8899801969528198,1.2447401285171509,0.0002850249002221972,0.0,0.41135987639427185
330,guidance_0_capability_0_safety_0,1,0.07397460853098892,101,0.1875,0.0,0.0,0,120,0,0,-0.0008314612205140293,2.0744667053222656,1.2542579174041748,0.0015336807118728757,0.0,0.4061812162399292
331,guidance_0_capability_0_safety_0,1,0.08992187377589289,101,0.369375,0.0,0.125,0,376,0,0,0.000563554756809026,2.08683180809021,1.2784055471420288,-0.0018051639199256897,0.0,0.36801376938819885
332,guidance_0_capability_0_safety_0,1,0.144179686656571,101,0.574375,0.0,0.75,0,632,0,0,-0.000374501891201362,10.41407585144043,1.3084815740585327,-0.0005085719749331474,0.0,0.3762799799442291
333,guidance_0_capability_0_safety_0,1,-0.01547851581199211,101,0.601875,0.0,0.75,0,888,0,0,-0.0003897679562214762,1.5094069242477417,1.3585052490234375,0.0009582468192093074,0.0,0.3680722415447235
334,guidance_0_capability_0_safety_0,1,0.08733398327603936,102,0.1475,0.0,0.0,0,144,0,0,-0.0005117179243825376,2.3795928955078125,1.3214035034179688,0.0004200739786028862,0.0,0.3687463104724884
335,guidance_0_capability_0_safety_0,1,0.17401366955891717,102,0.400625,0.0,0.625,0,400,0,0,-0.0008285120129585266,5.2927350997924805,1.3273237943649292,-0.0005323852528817952,0.0,0.36548617482185364
336,guidance_0_capability_0_safety_0,1,0.13613280947174644,102,0.666875,0.0,0.75,0,656,0,0,-0.00015217997133731842,2.7070019245147705,1.3658031225204468,0.0003233963216189295,0.0,0.35309848189353943
337,guidance_0_capability_0_safety_0,1,0.06629882700872258,102,0.83375,0.0,0.75,0,912,0,0,-0.0047969031147658825,1.7382959127426147,1.371321201324463,-0.0008327681571245193,0.0,0.3457709550857544
338,guidance_0_capability_0_safety_0,1,0.17788085740903625,103,0.269375,0.0,0.375,0,168,0,0,0.001740364241413772,4.303253173828125,1.3008989095687866,-0.0016934415325522423,0.0,0.3793501853942871
339,guidance_0_capability_0_safety_0,1,0.0393749991999357,103,0.400625,0.0,0.375,0,424,0,0,-0.0005099955596961081,3.9449238777160645,1.282307744026184,0.00025469157844781876,0.0,0.39159059524536133
340,guidance_0_capability_0_safety_0,1,0.129189450701233,103,0.63375,0.0,0.625,0,680,0,0,-0.0018895728280767798,3.615680456161499,1.291199803352356,-0.001087997225113213,0.0,0.3901428282260895
341,guidance_0_capability_0_safety_0,1,0.08989257490611635,103,0.8075,0.0,0.875,0,936,0,0,-0.0016386063070967793,2.542039394378662,1.2795069217681885,0.00035752603434957564,0.0,0.38712096214294434
342,guidance_0_capability_0_safety_0,1,0.15529296766180778,104,0.2825,0.0,0.125,0,192,0,0,-0.0009358034585602582,2.820822238922119,1.2085801362991333,0.00036339322105050087,0.0,0.4151034653186798
343,guidance_0_capability_0_safety_0,1,0.1841699188516941,104,0.571875,0.0,0.625,0,448,0,0,-0.00039446415030397475,6.783568859100342,1.213139533996582,-0.0009555125725455582,0.0,0.43077993392944336
344,guidance_0_capability_0_safety_0,1,0.060390623824787326,104,0.719375,0.0,0.75,0,704,0,0,7.065385580062866e-05,3.14475154876709,1.215647578239441,-8.088955655694008e-05,0.0,0.42045459151268005
345,guidance_0_capability_0_safety_0,1,-0.013359375283471309,104,0.76625,0.0,0.75,0,960,0,0,-6.083088737796061e-05,0.6559653878211975,1.2613214254379272,0.00017866103735286742,0.0,0.4035770893096924
346,guidance_0_capability_0_safety_0,1,0.06632812414318323,105,0.1675,0.0,0.0,0,216,0,0,-0.0003880866279359907,2.3199503421783447,1.1940463781356812,0.00012642284855246544,0.0,0.4292202293872833
347,guidance_0_capability_0_safety_0,1,0.14291991946811322,105,0.4025,0.0,0.375,0,472,0,0,-0.004163386765867472,4.023820400238037,1.2349660396575928,-0.0002718671748880297,0.0,0.41422703862190247
348,guidance_0_capability_0_safety_0,1,0.06309570254234131,105,0.573125,0.0,0.375,0,728,0,0,-0.00010270229540765285,2.836151599884033,1.255807876586914,0.0008961122366599739,0.0,0.39850568771362305
349,guidance_0_capability_0_safety_0,1,0.04927734224111191,105,0.67125,0.0,0.625,0,984,0,0,-0.0011177860433235765,1.5051865577697754,1.3048559427261353,0.0003310291504021734,0.0,0.3884412348270416
350,guidance_0_capability_0_safety_0,1,0.14478515473456355,106,0.238125,0.0,0.375,0,240,0,0,-0.001452803029678762,3.1242809295654297,1.216194748878479,-0.0008182711899280548,0.0,0.42192670702934265
351,guidance_0_capability_0_safety_0,1,0.0773242168725119,106,0.37125,0.0,0.75,0,496,0,0,-0.00018718682986218482,4.516056060791016,1.240454912185669,-0.00032164668664336205,0.0,0.4051527678966522
352,guidance_0_capability_0_safety_0,1,0.05312499852880137,106,0.52,0.0,0.75,0,752,0,0,-0.0013748792698606849,1.8521389961242676,1.2594550848007202,-0.0006341433036141098,0.0,0.3921082019805908
353,guidance_0_capability_0_safety_0,1,-0.01466796918248292,107,0.014375,0.0,0.0,0,8,0,0,-0.002958406927064061,1.3889356851577759,1.3304888010025024,-0.0011864970438182354,0.0,0.35790765285491943
354,guidance_0_capability_0_safety_0,1,0.17030273265845608,107,0.30625,0.0,0.25,0,264,0,0,-0.0032595694065093994,2.9364991188049316,1.3184000253677368,3.33695970766712e-05,0.0,0.3769078254699707
355,guidance_0_capability_0_safety_0,1,0.05202148444368504,107,0.420625,0.0,0.5,0,520,0,0,-0.0011521857231855392,2.958524227142334,1.3414545059204102,0.000792470935266465,0.0,0.3611879348754883
356,guidance_0_capability_0_safety_0,1,0.0022363275929819793,107,0.4925,0.0,0.5,0,776,0,0,-0.0012076705461367965,1.834657073020935,1.3789148330688477,0.004423585720360279,0.0,0.3521575629711151
357,guidance_0_capability_0_safety_0,1,0.16180663845443632,108,0.069375,0.0,0.25,0,32,0,0,-0.0014131428906694055,9.922735214233398,1.447959542274475,0.002334341173991561,0.0,0.31780973076820374
358,guidance_0_capability_0_safety_0,1,0.15460937295574695,108,0.3475,0.0,0.5,0,288,0,0,-0.0010466460371389985,1.855151653289795,1.3886960744857788,0.00041532269096933305,0.0,0.32292285561561584
359,guidance_0_capability_0_safety_0,1,-0.03383789099461865,108,0.36125,0.0,0.5,0,544,0,0,-4.568075019051321e-05,2.451441764831543,1.3815480470657349,0.00027337376377545297,0.0,0.33727434277534485
360,guidance_0_capability_0_safety_0,1,0.1447265627211891,108,0.625,0.0,0.75,0,800,0,0,0.00021021657448727638,10.6363525390625,1.4366439580917358,0.0004688034241553396,0.0,0.3036081790924072
361,guidance_0_capability_0_safety_0,1,0.05532226477225777,110,0.105,0.0,0.0,0,49,0,0,0.00011306504165986553,11.113450050354004,1.467171311378479,0.0003439607098698616,0.0,0.2938648760318756
362,guidance_0_capability_0_safety_0,1,0.12079101522976998,110,0.3325,0.0,0.125,0,305,0,0,-0.0010471561690792441,3.0145506858825684,1.4248055219650269,-0.00037257466465234756,0.0,0.3045559823513031
363,guidance_0_capability_0_safety_0,1,-0.01455078154685907,110,0.3775,0.0,0.125,0,561,0,0,-0.00014343734073918313,3.283541202545166,1.4195820093154907,5.1968108891742304e-05,0.0,0.31549158692359924
364,guidance_0_capability_0_safety_0,1,0.17064452992053702,110,0.6625,0.0,0.5,0,817,0,0,-0.0006412130896933377,6.653328895568848,1.445709228515625,-0.00029682894819416106,0.0,0.29656919836997986
365,guidance_0_capability_0_safety_0,1,0.2007128886762075,111,0.16125,0.0,0.125,0,73,0,0,-0.0002241292968392372,6.349760055541992,1.4566850662231445,-3.214661774109118e-05,0.0,0.30374738574028015
366,guidance_0_capability_0_safety_0,1,0.18210937433468644,111,0.483125,0.0,0.375,0,329,0,0,-0.00038920933729968965,4.240278244018555,1.4191428422927856,0.00014370882126968354,0.0,0.3235318064689636
367,guidance_0_capability_0_safety_0,1,0.024072264779533725,111,0.569375,0.0,0.5,0,585,0,0,-0.0002525715681258589,1.9420214891433716,1.4237602949142456,-6.011345612932928e-05,0.0,0.31357285380363464
368,guidance_0_capability_0_safety_0,1,0.06854492104321253,111,0.728125,0.0,0.625,0,841,0,0,-0.0005845191772095859,2.641366958618164,1.4380030632019043,-0.000410228967666626,0.0,0.3116358816623688
369,guidance_0_capability_0_safety_0,1,0.13936523391021183,112,0.216875,0.0,0.125,0,97,0,0,0.0005826621199958026,4.209288597106934,1.4370723962783813,-0.0004281851870473474,0.0,0.3098289370536804
370,guidance_0_capability_0_safety_0,1,0.16409179739275714,112,0.488125,0.0,0.5,0,353,0,0,-0.0003186953254044056,3.8381311893463135,1.4219063520431519,0.00012100270396331325,0.0,0.3065931499004364
371,guidance_0_capability_0_safety_0,1,0.04667968580906745,112,0.611875,0.0,0.625,0,609,0,0,-0.0010801503667607903,3.0873706340789795,1.3947844505310059,9.462190791964531e-05,0.0,0.3289352357387543
372,guidance_0_capability_0_safety_0,1,0.04329101485564024,112,0.73875,0.0,0.625,0,865,0,0,-0.0018002170836552978,1.225736379623413,1.470338225364685,-0.0010488781845197082,0.0,0.28202006220817566
373,guidance_0_capability_0_safety_0,1,0.21221679402515292,114,0.241875,0.0,0.625,0,114,0,0,-0.000458388589322567,17.732864379882812,1.4503859281539917,0.0012120302999392152,0.0,0.30560070276260376
374,guidance_0_capability_0_safety_0,1,0.088623046016437,114,0.433125,0.0,0.75,0,370,0,0,-0.0012545585632324219,5.341128349304199,1.4589694738388062,0.0003434110840316862,0.0,0.29925575852394104
375,guidance_0_capability_0_safety_0,1,0.0405566400004318,114,0.5625,0.0,0.75,0,626,0,0,8.841107046464458e-05,2.498056411743164,1.4923959970474243,-0.000538285356014967,0.0,0.28493669629096985
376,guidance_0_capability_0_safety_0,1,-0.04208007852139417,114,0.563125,0.0,0.75,0,882,0,0,-0.00015532721590716392,0.5970974564552307,1.4808279275894165,-0.0006002133595757186,0.0,0.29755687713623047
377,guidance_0_capability_0_safety_0,1,0.11352538956634817,115,0.18125,0.0,0.375,0,138,0,0,-0.00032858457416296005,2.967632532119751,1.4976396560668945,4.169841486145742e-05,0.0,0.27731072902679443
378,guidance_0_capability_0_safety_0,1,0.07536132726818323,115,0.35125,0.0,0.5,0,394,0,0,-0.0004063721280544996,1.1075239181518555,1.457136631011963,-0.00047821164480410516,0.0,0.2941604554653168
379,guidance_0_capability_0_safety_0,1,0.09774413972627372,115,0.538125,0.0,0.75,0,650,0,0,7.805010682204738e-05,3.9902467727661133,1.4788495302200317,0.0002740377967711538,0.0,0.29971587657928467
380,guidance_0_capability_0_safety_0,1,0.009843750234722393,115,0.595,0.0,0.75,0,906,0,0,-0.0008235277491621673,0.5326265692710876,1.5619722604751587,1.9023815184482373e-05,0.0,0.2570028305053711
381,guidance_0_capability_0_safety_0,1,0.131357421483699,116,0.24125,0.0,0.0,0,162,0,0,-0.0009954312117770314,2.128633737564087,1.5145694017410278,-0.00034581092768348753,0.0,0.26822951436042786
382,guidance_0_capability_0_safety_0,1,0.13692382695444394,116,0.471875,0.0,0.375,0,418,0,0,-0.0003351836057845503,4.068584442138672,1.486890435218811,-7.621074473718181e-05,0.0,0.29174578189849854
383,guidance_0_capability_0_safety_0,1,-0.00875000050291419,116,0.52125,0.0,0.375,0,674,0,0,-0.0002678354794625193,2.3945319652557373,1.5156978368759155,0.00037125591188669205,0.0,0.2718493342399597
384,guidance_0_capability_0_safety_0,1,0.07411132733977865,116,0.688125,0.0,0.5,0,930,0,0,-0.001339789479970932,1.3637971878051758,1.505608081817627,-6.518947338918224e-05,0.0,0.27736911177635193
385,guidance_0_capability_0_safety_0,1,0.159628904038982,118,0.26,0.0,0.375,0,179,0,0,-0.00017181069415528327,13.83193302154541,1.4815162420272827,-0.00019084678206127137,0.0,0.287754625082016
386,guidance_0_capability_0_safety_0,1,0.14723632719687885,118,0.54375,0.0,0.5,0,435,0,0,-3.061443567276001e-05,2.3451852798461914,1.4960819482803345,-9.167008101940155e-06,0.0,0.2741960883140564
387,guidance_0_capability_0_safety_0,1,0.09149414008425083,118,0.72,0.0,0.75,0,691,0,0,-0.00037558749318122864,3.516204357147217,1.4855189323425293,0.00037589980638585985,0.0,0.29376766085624695
388,guidance_0_capability_0_safety_0,1,0.06006835825246526,118,0.850625,0.0,0.875,0,947,0,0,-0.0021312229800969362,1.664599061012268,1.5396441221237183,0.00014048907905817032,0.0,0.26024943590164185
389,guidance_0_capability_0_safety_0,1,0.19675781119440217,119,0.2875,0.0,0.375,0,203,0,0,7.565071427961811e-05,3.703240394592285,1.503119945526123,0.0015411573695018888,0.0,0.262534499168396
390,guidance_0_capability_0_safety_0,1,0.007314452745049493,119,0.355625,0.0,0.375,0,459,0,0,-0.00014160324644763023,5.845393180847168,1.507217288017273,0.0005760298226960003,0.0,0.273885577917099
391,guidance_0_capability_0_safety_0,1,0.129853514052229,119,0.574375,0.0,0.75,0,715,0,0,-0.0017153216758742929,3.2940869331359863,1.4670939445495605,-0.0005097638932056725,0.0,0.2810628414154053
392,guidance_0_capability_0_safety_0,1,0.13617187438649125,119,0.85875,0.0,0.75,0,971,0,0,0.00040042027831077576,3.4305763244628906,1.465321660041809,-0.0002862062829080969,0.0,0.28627488017082214
393,guidance_0_capability_0_safety_0,1,0.20879882805093075,120,0.3425,0.0,0.375,0,227,0,0,-2.6280447855242528e-05,5.3476338386535645,1.4534708261489868,-2.392722990407492e-06,0.0,0.2892701327800751
394,guidance_0_capability_0_safety_0,1,0.08768554584821686,120,0.506875,0.0,0.625,0,483,0,0,-0.0010234058136120439,4.151960372924805,1.4654178619384766,-0.00024952925741672516,0.0,0.28084734082221985
395,guidance_0_capability_0_safety_0,1,0.005820311806019163,120,0.56375,0.0,0.625,0,739,0,0,-0.0012721847742795944,3.335871696472168,1.510799765586853,-0.00041407704702578485,0.0,0.2652142345905304
396,guidance_0_capability_0_safety_0,1,0.01175781260462827,120,0.635625,0.0,0.625,0,995,0,0,-1.8994169295183383e-05,0.5577031970024109,1.5376086235046387,4.867836833000183e-05,0.0,0.26028451323509216
397,guidance_0_capability_0_safety_0,1,0.1732714821700938,123,0.3825,0.0,0.25,0,229,0,0,-0.0013415446737781167,30.961729049682617,1.4880529642105103,7.689837366342545e-05,0.0,0.2743302583694458
398,guidance_0_capability_0_safety_0,1,0.09091796847860678,123,0.55,0.0,0.5,0,485,0,0,-0.001329345628619194,3.89323091506958,1.5243271589279175,-0.0004922415246255696,0.0,0.2560739815235138
399,guidance_0_capability_0_safety_0,1,0.026494138863199623,123,0.631875,0.0,0.625,0,741,0,0,-0.0002247118391096592,1.3581557273864746,1.5182973146438599,-0.000613063108175993,0.0,0.2647038400173187
400,guidance_0_capability_0_safety_0,1,0.020820311936404323,123,0.72625,0.0,0.625,0,997,0,0,-0.0031120337080210447,0.8828484416007996,1.5593243837356567,-0.0008670890820212662,0.0,0.25489452481269836
401,guidance_0_capability_0_safety_0,1,0.15190429627909907,125,0.28,0.0,0.5,0,243,0,0,-0.003012893022969365,15.777630805969238,1.5259572267532349,0.0007812401163391769,0.0,0.25352635979652405
402,guidance_0_capability_0_safety_0,1,0.11317382765992079,125,0.488125,0.0,0.75,0,499,0,0,-0.0024853248614817858,3.1611926555633545,1.5271536111831665,-0.0002056020312011242,0.0,0.26686298847198486
403,guidance_0_capability_0_safety_0,1,0.07185546821710886,125,0.6475,0.0,0.875,0,755,0,0,-0.0015939719742164016,2.2841391563415527,1.5132085084915161,0.0024405757430940866,0.0,0.25908368825912476
404,guidance_0_capability_0_safety_0,1,0.00045898405369371176,126,0.02375,0.0,0.0,0,11,0,0,-0.002429952612146735,0.5956608057022095,1.5235105752944946,0.0002148250787286088,0.0,0.2647097408771515
405,guidance_0_capability_0_safety_0,1,0.13108398219628725,126,0.280625,0.0,0.125,0,267,0,0,-0.0019565403927117586,3.134377956390381,1.470508098602295,0.0025474780704826117,0.0,0.2806628942489624
406,guidance_0_capability_0_safety_0,1,0.13694335899708676,126,0.503125,0.0,0.5,0,523,0,0,0.0002931325288955122,3.361048698425293,1.5281232595443726,0.002291568089276552,0.0,0.2627812325954437
407,guidance_0_capability_0_safety_0,1,0.02142578104394488,126,0.606875,0.0,0.5,0,779,0,0,-0.0008094959775917232,0.8308561444282532,1.5351241827011108,5.195274206926115e-05,0.0,0.2667575180530548
408,guidance_0_capability_0_safety_0,1,0.05581054607318947,127,0.066875,0.0,0.125,0,35,0,0,-0.0019455325091257691,1.078093409538269,1.5610507726669312,0.0009578259778209031,0.0,0.24454380571842194
409,guidance_0_capability_0_safety_0,1,0.2011230461357627,127,0.394375,0.0,0.5,0,291,0,0,-0.0014193281531333923,3.495410203933716,1.5366687774658203,0.0002699359320104122,0.0,0.25763174891471863
410,guidance_0_capability_0_safety_0,1,0.03831054622423835,127,0.505625,0.0,0.625,0,547,0,0,0.00025573032326065004,1.5519416332244873,1.546887993812561,0.00039111729711294174,0.0,0.26011988520622253
411,guidance_0_capability_0_safety_0,1,-0.005644531745929271,127,0.56875,0.0,0.625,0,803,0,0,-0.002594178542494774,0.914675235748291,1.5783418416976929,0.0003350487386342138,0.0,0.24395446479320526
412,guidance_0_capability_0_safety_0,1,0.13148437425479642,128,0.13375,0.0,0.0,0,59,0,0,0.00035219802521169186,6.131324768066406,1.598214030265808,-0.0003203190863132477,0.0,0.23289960622787476
413,guidance_0_capability_0_safety_0,1,0.16959960774693172,128,0.399375,0.0,0.5,0,315,0,0,-0.002205112250521779,5.131592273712158,1.5861091613769531,-0.00014082311827223748,0.0,0.23760037124156952
414,guidance_0_capability_0_safety_0,1,0.12138671612046892,128,0.64125,0.0,0.625,0,571,0,0,-0.0021669138222932816,2.7760891914367676,1.5996044874191284,8.72630625963211e-05,0.0,0.23611915111541748
415,guidance_0_capability_0_safety_0,1,0.03499023412587121,128,0.731875,0.0,0.875,0,827,0,0,-0.005286291241645813,2.10941481590271,1.6358647346496582,-0.00018138594168704003,0.0,0.2184377908706665
416,guidance_0_capability_0_safety_0,1,0.05816406187659595,129,0.12125,0.0,0.0,0,83,0,0,-0.0011882842518389225,1.0250192880630493,1.6445049047470093,0.003797328332439065,0.0,0.21847003698349
417,guidance_0_capability_0_safety_0,1,0.17761718496331014,129,0.415625,0.0,0.5,0,339,0,0,-0.0013282493455335498,4.550199031829834,1.6280866861343384,0.0005995701067149639,0.0,0.222811758518219
418,guidance_0_capability_0_safety_0,1,0.06783202938822797,129,0.601875,0.0,0.625,0,595,0,0,-0.0012629898265004158,1.7468993663787842,1.663573145866394,-0.0007143612019717693,0.0,0.206302210688591
419,guidance_0_capability_0_safety_0,1,-0.015039062731375452,129,0.649375,0.0,0.625,0,851,0,0,-0.0005877427756786346,2.4065475463867188,1.658657431602478,0.0008614347316324711,0.0,0.20857657492160797
420,guidance_0_capability_0_safety_0,1,0.08491210790089099,130,0.111875,0.0,0.0,0,107,0,0,-0.0005698765744455159,3.8042521476745605,1.6489572525024414,0.00017697690054774284,0.0,0.21114778518676758
421,guidance_0_capability_0_safety_0,1,0.2590624966251198,131,0.26875,0.0,0.375,0,164,0,0,-0.002193690976127982,11.705559730529785,1.6238813400268555,0.0006066343630664051,0.0,0.22423171997070312
422,guidance_0_capability_0_safety_0,1,0.1254882792927674,131,0.491875,0.0,0.625,0,420,0,0,-0.00214033923111856,2.0331976413726807,1.6446794271469116,0.0003586113452911377,0.0,0.2183787077665329
423,guidance_0_capability_0_safety_0,1,0.08396484392869752,133,0.238125,0.0,0.125,0,206,0,0,-0.001326445140875876,20.80910301208496,1.605324387550354,0.0005157929845154285,0.0,0.22613388299942017
424,guidance_0_capability_0_safety_0,1,0.029580078396975296,133,0.34625,0.0,0.125,0,462,0,0,3.068723526666872e-05,4.534362316131592,1.6304370164871216,0.0004559870285447687,0.0,0.21946264803409576
425,guidance_0_capability_0_safety_0,1,0.1781835933070397,134,0.320625,0.0,0.5,0,227,0,0,-0.0012067841598764062,11.77664566040039,1.608579158782959,0.00015100929886102676,0.0,0.23346592485904694
426,guidance_0_capability_0_safety_0,1,0.10818359265249455,134,0.514375,0.0,0.75,0,483,0,0,-0.0005288266693241894,3.217928647994995,1.626752257347107,-0.000474713888252154,0.0,0.22630761563777924
427,guidance_0_capability_0_safety_0,1,-0.0005175785190658644,134,0.559375,0.0,0.75,0,739,0,0,-0.0013003501808270812,0.7025429606437683,1.6368614435195923,-0.0003282865509390831,0.0,0.21618032455444336
428,guidance_0_capability_0_safety_0,1,-0.028154296676802915,134,0.579375,0.0,0.75,0,995,0,0,-0.002444086829200387,0.49101221561431885,1.6483746767044067,-0.00046298917732201517,0.0,0.2157583385705948
429,guidance_0_capability_0_safety_0,1,0.15198241981124738,135,0.22375,0.0,0.5,0,251,0,0,-0.0015079075237736106,6.340616226196289,1.612178921699524,-0.00012240419164299965,0.0,0.23135460913181305
430,guidance_0_capability_0_safety_0,1,-0.009843749834544724,135,0.271875,0.0,0.5,0,507,0,0,-0.001660685520619154,2.28129243850708,1.6341842412948608,0.0012565869837999344,0.0,0.2202349752187729
431,guidance_0_capability_0_safety_0,1,0.1272363259595295,136,0.27125,0.0,0.25,0,160,0,0,3.493763506412506e-05,5.608192443847656,1.616713047027588,0.00028658146038651466,0.0,0.22594141960144043
432,guidance_0_capability_0_safety_0,1,0.06914062541545718,136,0.3875,0.0,0.5,0,416,0,0,-0.0007892933790571988,3.1077404022216797,1.630377173423767,0.00042201546602882445,0.0,0.22544194757938385
433,guidance_0_capability_0_safety_0,1,0.07140625069951057,136,0.5475,0.0,0.625,0,672,0,0,-0.000627525441814214,3.2346346378326416,1.6390851736068726,-0.000765778764616698,0.0,0.2224113941192627
434,guidance_0_capability_0_safety_0,1,0.013349609260330908,136,0.613125,0.0,0.75,0,928,0,0,-0.005902943667024374,2.0816545486450195,1.6562596559524536,0.0004020358028355986,0.0,0.20925776660442352
435,guidance_0_capability_0_safety_0,1,0.13606445106415777,137,0.24625,0.0,0.25,0,207,0,0,0.0011072931811213493,3.731781244277954,1.6243505477905273,0.001958932029083371,0.0,0.22278113663196564
436,guidance_0_capability_0_safety_0,1,0.1122851538566465,137,0.426875,0.0,0.625,0,463,0,0,0.0008232140098698437,4.957172393798828,1.6167441606521606,0.0016901982016861439,0.0,0.22620517015457153
437,guidance_0_capability_0_safety_0,1,0.028291014958085725,137,0.526875,0.0,0.625,0,719,0,0,-0.0006083591724745929,1.173672080039978,1.6122360229492188,0.001147433533333242,0.0,0.22712062299251556
438,guidance_0_capability_0_safety_0,1,-0.016220703306316864,137,0.555,0.0,0.625,0,975,0,0,-0.0035672562662512064,0.4338209927082062,1.6116485595703125,0.0011718934401869774,0.0,0.23447561264038086
439,guidance_0_capability_0_safety_0,1,0.21989257668610662,138,0.361875,0.0,0.375,0,231,0,0,-0.000902526720892638,6.474249362945557,1.6122764348983765,0.0010127137647941709,0.0,0.22837339341640472
440,guidance_0_capability_0_safety_0,1,0.05506835850974312,138,0.46375,0.0,0.625,0,487,0,0,-0.0019245905568823218,3.90312123298645,1.630325436592102,0.0021384218707680702,0.0,0.22468499839305878
441,guidance_0_capability_0_safety_0,1,0.00959960891486844,138,0.520625,0.0,0.75,0,743,0,0,-0.0034381262958049774,1.0641576051712036,1.64295494556427,0.0006180712953209877,0.0,0.2180318385362625
442,guidance_0_capability_0_safety_0,1,0.03680663969134912,138,0.624375,0.0,0.875,0,999,0,0,-0.005003640428185463,3.620490074157715,1.647055983543396,0.0018764768028631806,0.0,0.2173779457807541
443,guidance_0_capability_0_safety_0,1,0.10172851433890173,139,0.24,0.0,0.0,0,255,0,0,8.954449003795162e-05,3.7675423622131348,1.5864351987838745,-0.0033967408817261457,0.0,0.23778684437274933
444,guidance_0_capability_0_safety_0,1,-0.03166992218757514,139,0.258125,0.0,0.0,0,511,0,0,0.0006863338057883084,1.7454084157943726,1.598758578300476,-0.00024181650951504707,0.0,0.23455744981765747
445,guidance_0_capability_0_safety_0,1,0.04134765439084731,139,0.374375,0.0,0.125,0,767,0,0,-0.0013324357569217682,3.5447421073913574,1.618294596672058,6.102553379605524e-05,0.0,0.22747226059436798
446,guidance_0_capability_0_safety_0,1,0.06543945281737251,140,0.035625,0.0,0.0,0,23,0,0,-0.0018992169061675668,8.089803695678711,1.637071132659912,0.0006786727462895215,0.0,0.22438891232013702
447,guidance_0_capability_0_safety_0,1,0.1887109360541217,140,0.368125,0.0,0.25,0,279,0,0,-0.000760431110393256,4.092530250549316,1.615364670753479,-0.0001729424111545086,0.0,0.22609089314937592
448,guidance_0_capability_0_safety_0,1,0.08129882738285232,140,0.5675,0.0,0.25,0,535,0,0,-0.001367218792438507,1.151892066001892,1.6388258934020996,0.0014092704514041543,0.0,0.21779859066009521
449,guidance_0_capability_0_safety_0,1,0.07045898240903625,141,0.009375,0.0,0.0,0,3,0,0,-0.0005886076833121479,7.240975856781006,1.651482105255127,0.00033310195431113243,0.0,0.21223469078540802
450,guidance_0_capability_0_safety_0,1,0.1956640584176057,141,0.34,0.0,0.375,0,259,0,0,-0.00010497743642190471,3.6277027130126953,1.6085532903671265,-0.0003436412662267685,0.0,0.23060433566570282
451,guidance_0_capability_0_safety_0,1,0.009609374610590748,141,0.4025,0.0,0.5,0,515,0,0,-0.00030423267162404954,4.952147483825684,1.6308459043502808,0.0009548935922794044,0.0,0.22416269779205322
452,guidance_0_capability_0_safety_0,1,0.05200195256838924,141,0.519375,0.0,0.625,0,771,0,0,-0.0032362148631364107,1.4812257289886475,1.6545692682266235,-0.0009085815399885178,0.0,0.20997609198093414
453,guidance_0_capability_0_safety_0,1,0.08513671766922926,142,0.060625,0.0,0.0,0,27,0,0,-0.002037985948845744,3.032382011413574,1.6525441408157349,-0.0007058202172629535,0.0,0.21636225283145905
454,guidance_0_capability_0_safety_0,1,0.15204101590643404,142,0.31375,0.0,0.375,0,283,0,0,-0.0006312808836810291,3.4190473556518555,1.6085721254348755,-0.0005453848280012608,0.0,0.22719277441501617
455,guidance_0_capability_0_safety_0,1,0.1318749982456211,142,0.538125,0.0,0.75,0,539,0,0,-0.001118508749641478,2.2248876094818115,1.6227797269821167,0.001464220811612904,0.0,0.22470159828662872
456,guidance_0_capability_0_safety_0,1,0.05209960804495495,142,0.66375,0.0,0.875,0,795,0,0,-0.0027505105827003717,2.144874334335327,1.641278624534607,0.002963639097288251,0.0,0.21405380964279175
457,guidance_0_capability_0_safety_0,1,0.05313476508308668,143,0.0825,0.0,0.0,0,51,0,0,-0.0011020746314898133,0.9698570966720581,1.6402521133422852,0.001767045003362,0.0,0.22102083265781403
458,guidance_0_capability_0_safety_0,1,0.21932616965204943,143,0.40875,0.0,0.625,0,307,0,0,0.001950229867361486,7.900106430053711,1.6116443872451782,0.0015091849491000175,0.0,0.23120813071727753
459,guidance_0_capability_0_safety_0,1,-0.00033203186467289925,143,0.4775,0.0,0.625,0,563,0,0,0.00014246348291635513,2.440758228302002,1.6321663856506348,0.00010016312444349751,0.0,0.2181653380393982
460,guidance_0_capability_0_safety_0,1,-0.016455078308354132,143,0.520625,0.0,0.625,0,819,0,0,-0.0010097367921844125,1.0419813394546509,1.6391712427139282,0.00021859507251065224,0.0,0.22301910817623138
461,guidance_0_capability_0_safety_0,1,0.05508789114537649,144,0.14125,0.0,0.25,0,75,0,0,-0.000933987379539758,1.6008577346801758,1.623688817024231,-6.456021219491959e-05,0.0,0.2217170149087906
462,guidance_0_capability_0_safety_0,1,0.10687500049243681,144,0.363125,0.0,0.375,0,331,0,0,-0.0008779481868259609,3.338505744934082,1.621048092842102,-2.3926919311634265e-05,0.0,0.22555021941661835
463,guidance_0_capability_0_safety_0,1,0.03171874911640771,144,0.483125,0.0,0.375,0,587,0,0,-0.0003105726500507444,1.5130473375320435,1.615820050239563,0.0010345386108383536,0.0,0.24021081626415253
464,guidance_0_capability_0_safety_0,1,-0.007597656411235221,144,0.540625,0.0,0.375,0,843,0,0,-0.0012423433363437653,1.0544483661651611,1.64566171169281,0.0014616945991292596,0.0,0.22446568310260773
465,guidance_0_capability_0_safety_0,1,0.2017871059360914,145,0.194375,0.0,0.25,0,99,0,0,0.00048716444871388376,9.618709564208984,1.658708095550537,-0.00020350671547930688,0.0,0.21149469912052155
466,guidance_0_capability_0_safety_0,1,0.19792968504771125,145,0.505625,0.0,0.75,0,355,0,0,-0.0008652496035210788,5.98406982421875,1.6457773447036743,-0.0005896990187466145,0.0,0.21327871084213257
467,guidance_0_capability_0_safety_0,1,0.0749121081607882,145,0.695,0.0,0.75,0,611,0,0,-0.0010388217633590102,1.571025013923645,1.6538243293762207,0.0005152590456418693,0.0,0.21702206134796143
468,guidance_0_capability_0_safety_0,1,-0.04516601606155746,145,0.701875,0.0,0.75,0,867,0,0,-0.001191258430480957,0.3983030319213867,1.6651611328125,0.00044369310489855707,0.0,0.20454277098178864
469,guidance_0_capability_0_safety_0,1,0.17436523368087364,146,0.24125,0.0,0.0,0,123,0,0,-0.00019066811364609748,3.3908891677856445,1.6488734483718872,0.0002690814435482025,0.0,0.21278192102909088
470,guidance_0_capability_0_safety_0,1,0.23540038827923127,146,0.585,0.0,0.625,0,379,0,0,-0.0003820111451204866,6.628382682800293,1.6496514081954956,-0.00022178019571583718,0.0,0.2170938402414322
471,guidance_0_capability_0_safety_0,1,0.017773436731658876,146,0.681875,0.0,0.625,0,635,0,0,-0.0009121528710238636,2.0280208587646484,1.6610466241836548,2.115964889526367e-06,0.0,0.21323387324810028
472,guidance_0_capability_0_safety_0,1,0.046220702715800144,146,0.80625,0.0,0.75,0,891,0,0,-0.0006828420446254313,1.549004316329956,1.6723588705062866,-7.734788960078731e-05,0.0,0.20879727602005005
473,guidance_0_capability_0_safety_0,1,0.260361327767896,147,0.3725,0.0,0.375,0,196,0,0,-0.0003092121332883835,4.53267240524292,1.6443767547607422,0.0003432733938097954,0.0,0.2169671505689621
474,guidance_0_capability_0_safety_0,1,0.1349609358876478,147,0.62,0.0,0.625,0,452,0,0,-0.003178087994456291,2.564157009124756,1.6585983037948608,-4.566134884953499e-05,0.0,0.20782744884490967
475,guidance_0_capability_0_safety_0,1,-0.028955078567378223,147,0.64625,0.0,0.625,0,708,0,0,-0.0012176571181043983,1.4831691980361938,1.6671346426010132,0.00042324201785959303,0.0,0.20881259441375732
476,guidance_0_capability_0_safety_0,1,0.02569335905718617,147,0.725625,0.0,0.75,0,964,0,0,-0.002317943377420306,0.7890928983688354,1.6714428663253784,-0.0013722853036597371,0.0,0.20671534538269043
477,guidance_0_capability_0_safety_0,1,0.1443652329253382,148,0.304375,0.0,0.0,0,220,0,0,-0.008543893694877625,1.5307281017303467,1.6581453084945679,0.0037242260295897722,0.010416666977107525,0.21639521420001984
478,guidance_0_capability_0_safety_0,1,0.06176757763387286,148,0.43125,0.0,0.25,0,476,0,0,-0.002887897426262498,3.896974563598633,1.6898303031921387,0.010630178265273571,0.0729166641831398,0.20346130430698395
479,guidance_0_capability_0_safety_0,1,0.02654296860418981,148,0.530625,0.0,0.25,0,732,0,0,0.0014318268513306975,1.6613315343856812,1.694618582725525,0.003357270499691367,0.0,0.19605118036270142
480,guidance_0_capability_0_safety_0,1,0.004990235218429007,149,0.101875,0.0,0.0,0,46,0,0,0.0024792782496660948,2.3852365016937256,1.6975234746932983,0.0018663634546101093,0.0,0.19411009550094604
481,guidance_0_capability_0_safety_0,1,0.12218749941166607,149,0.325,0.0,0.25,0,302,0,0,-0.0006644253735430539,3.598804473876953,1.6890573501586914,-0.00010896831372519955,0.0,0.19625140726566315
482,guidance_0_capability_0_safety_0,1,0.009287109081924427,149,0.388125,0.0,0.375,0,558,0,0,-0.0003834553062915802,1.959721326828003,1.688092827796936,0.0003212011943105608,0.0,0.19584064185619354
483,guidance_0_capability_0_safety_0,1,0.09319335637337645,150,0.0325,0.0,0.0,0,62,0,0,-0.000968336418736726,13.045595169067383,1.686415672302246,0.00115384126547724,0.0,0.195967435836792
484,guidance_0_capability_0_safety_0,1,0.205839841371926,150,0.373125,0.0,0.375,0,318,0,0,-0.00016157981008291245,4.937682151794434,1.6732391119003296,-0.0001590917818248272,0.0,0.19935210049152374
485,guidance_0_capability_0_safety_0,1,0.017099609023716766,150,0.45625,0.0,0.375,0,574,0,0,-0.0005162730813026428,2.225597858428955,1.684083104133606,0.0002976524119731039,0.0,0.19967973232269287
486,guidance_0_capability_0_safety_0,1,0.004648436683055479,150,0.503125,0.0,0.5,0,830,0,0,-0.0010703335283324122,0.4330689609050751,1.684989333152771,-0.0003756931982934475,0.0,0.19786332547664642
487,guidance_0_capability_0_safety_0,1,0.01694335788488388,153,0.115625,0.0,0.0,0,67,0,0,-0.0006844332092441618,22.001972198486328,1.6802177429199219,-0.000829645898193121,0.0,0.19334304332733154
488,guidance_0_capability_0_safety_0,1,0.09533203007595148,153,0.333125,0.0,0.0,0,323,0,0,-0.002040202496573329,1.8324227333068848,1.6730518341064453,-0.0004912304575555027,0.0,0.2045939713716507
489,guidance_0_capability_0_safety_0,1,0.040205077744758455,153,0.42125,0.0,0.25,0,579,0,0,-0.0015699677169322968,2.385434627532959,1.6753497123718262,0.00030739218345843256,0.0,0.19768519699573517
490,guidance_0_capability_0_safety_0,1,0.07407226508075837,153,0.55625,0.0,0.625,0,835,0,0,0.0008996247197501361,3.8947744369506836,1.6755002737045288,0.00044386149966157973,0.0,0.2012348771095276
491,guidance_0_capability_0_safety_0,1,0.07689453087368747,154,0.170625,0.0,0.125,0,91,0,0,-0.00043658106005750597,2.5152390003204346,1.6709027290344238,0.00042545609176158905,0.0,0.20079852640628815
492,guidance_0_capability_0_safety_0,1,0.10568359271564987,154,0.361875,0.0,0.375,0,347,0,0,-0.001730695366859436,1.7667924165725708,1.660443663597107,0.0014901560498401523,0.0,0.2090366631746292
493,guidance_0_capability_0_safety_0,1,0.045644530808203854,154,0.485625,0.0,0.5,0,603,0,0,-0.006351829972118139,0.9681110382080078,1.6693373918533325,0.0015082029858604074,0.0,0.2044467180967331
494,guidance_0_capability_0_safety_0,1,0.027841796218126547,154,0.58625,0.0,0.5,0,859,0,0,-0.0034679428208619356,1.3061161041259766,1.6726316213607788,0.001953428378328681,0.0,0.20104354619979858
495,guidance_0_capability_0_safety_0,1,0.03129882734720013,155,0.10375,0.0,0.0,0,115,0,0,-0.003658803878352046,1.5352832078933716,1.6494356393814087,0.004750976804643869,0.0,0.21201466023921967
496,guidance_0_capability_0_safety_0,1,0.11590820129640633,155,0.331875,0.0,0.125,0,371,0,0,-0.0015421620337292552,1.4838941097259521,1.614630103111267,0.0016194417839869857,0.0,0.21945206820964813
497,guidance_0_capability_0_safety_0,1,0.03916015574213816,155,0.431875,0.0,0.25,0,627,0,0,-0.0025678901001811028,1.9521558284759521,1.6009324789047241,0.0005667139776051044,0.0,0.22612859308719635
498,guidance_0_capability_0_safety_0,1,0.08106445255907602,155,0.62,0.0,0.25,0,883,0,0,-0.00034353137016296387,1.805677890777588,1.5975879430770874,0.0009730653837323189,0.0,0.22848768532276154
499,guidance_0_capability_0_safety_0,1,0.26234374550767825,156,0.2425,0.0,0.625,0,139,0,0,-0.001422499306499958,9.416664123535156,1.5708298683166504,0.0012762732803821564,0.0,0.2317335456609726
500,guidance_0_capability_0_safety_0,1,0.16241210798034444,156,0.5525,0.0,0.75,0,395,0,0,0.0003810437337961048,2.5189247131347656,1.546195387840271,0.0001650114281801507,0.0,0.2420356273651123
501,guidance_0_capability_0_safety_0,1,0.06789062448660843,156,0.695625,0.0,1.0,0,651,0,0,-0.0004907029797323048,2.87375545501709,1.5424362421035767,0.0002380629739491269,0.0,0.2471914440393448
502,guidance_0_capability_0_safety_0,1,-0.0002832032332662493,156,0.76375,0.0,1.0,0,907,0,0,-0.0022395465057343245,0.8183718919754028,1.5490336418151855,0.0010483739897608757,0.0,0.24652154743671417
503,guidance_0_capability_0_safety_0,1,0.007451171491993591,158,0.1075,0.0,0.0,0,159,0,0,0.000449041515821591,7.042057991027832,1.5513378381729126,-0.0008690046961419284,0.0,0.24409836530685425
504,guidance_0_capability_0_safety_0,1,0.1134570295616868,158,0.346875,0.0,0.0,0,415,0,0,-0.0014148280024528503,4.457594394683838,1.5508499145507812,0.00029242970049381256,0.0,0.2467697262763977
505,guidance_0_capability_0_safety_0,1,0.08446288890263531,158,0.47625,0.0,0.5,0,671,0,0,-0.0033830683678388596,3.588707208633423,1.547343373298645,0.00012555035937111825,0.0,0.2506878077983856
506,guidance_0_capability_0_safety_0,1,0.085820309643168,158,0.62625,0.0,0.875,0,927,0,0,-0.0019907213281840086,7.08546257019043,1.589837670326233,0.000566176138818264,0.0,0.23550492525100708
507,guidance_0_capability_0_safety_0,1,0.21609374826221028,159,0.284375,0.0,0.375,0,183,0,0,-0.0019637898076325655,5.93290376663208,1.593997597694397,0.0007102862000465393,0.0,0.22881264984607697
508,guidance_0_capability_0_safety_0,1,0.07706054494337877,159,0.455,0.0,0.5,0,439,0,0,-0.0009684786200523376,1.6102596521377563,1.5779961347579956,0.001264230697415769,0.0,0.2348279356956482
509,guidance_0_capability_0_safety_0,1,0.04718749907624442,159,0.599375,0.0,0.5,0,695,0,0,-0.0006218515336513519,1.7016818523406982,1.5782335996627808,-0.0002775206230580807,0.0,0.23327390849590302
510,guidance_0_capability_0_safety_0,1,0.0079687493853271,159,0.6625,0.0,0.625,0,951,0,0,-0.0011119376868009567,2.026233434677124,1.6029332876205444,0.0005749327247031033,0.0,0.229583740234375
511,guidance_0_capability_0_safety_0,1,0.039785155800927896,160,0.13,0.0,0.0,0,207,0,0,-0.0009198207408189774,3.885641098022461,1.6014680862426758,-0.00042580501758493483,0.0,0.22351418435573578
512,guidance_0_capability_0_safety_0,1,0.08504882661509328,160,0.335,0.0,0.0,0,463,0,0,-0.0005948881153017282,1.3357856273651123,1.5920664072036743,-0.0005491902120411396,0.0,0.22410549223423004
513,guidance_0_capability_0_safety_0,1,0.2145410136654391,160,0.64375,0.0,0.625,0,719,0,0,-0.00047345864004455507,12.075610160827637,1.6295266151428223,0.000858088955283165,0.0,0.21850335597991943
514,guidance_0_capability_0_safety_0,1,0.053046873603307176,160,0.751875,0.0,0.875,0,975,0,0,-0.0005865988205187023,2.2686269283294678,1.6330410242080688,0.0005981411668471992,0.0,0.21864312887191772
515,guidance_0_capability_0_safety_0,1,0.21636718648369424,161,0.364375,0.0,0.375,0,231,0,0,-0.00020257972937542945,4.182656288146973,1.6123992204666138,-0.0002012094482779503,0.0,0.22123683989048004
516,guidance_0_capability_0_safety_0,1,0.06777343634166755,161,0.5425,0.0,0.375,0,487,0,0,-0.0010620845714583993,2.3340487480163574,1.6211522817611694,-0.0001340551971225068,0.0,0.2234816551208496
517,guidance_0_capability_0_safety_0,1,-0.027197265953873284,161,0.56875,0.0,0.375,0,743,0,0,0.00021391113114077598,1.2319860458374023,1.6127691268920898,0.0002648797817528248,0.0,0.21898500621318817
518,guidance_0_capability_0_safety_0,1,0.04577148292446509,161,0.653125,0.0,0.75,0,999,0,0,-0.0012432821094989777,1.7111053466796875,1.6297718286514282,-0.00031303163268603384,0.0,0.21552759408950806
519,guidance_0_capability_0_safety_0,1,0.17656249786523404,162,0.281875,0.0,0.625,0,255,0,0,-0.0009150535915978253,3.2688560485839844,1.6166819334030151,0.0002654272539075464,0.0,0.22025322914123535
520,guidance_0_capability_0_safety_0,1,0.1524023416423006,162,0.556875,0.0,0.875,0,511,0,0,-0.0011008834699168801,5.174127578735352,1.6215142011642456,0.0009273833711631596,0.0,0.21960993111133575
521,guidance_0_capability_0_safety_0,1,0.11509765544906259,162,0.7825,0.0,1.0,0,767,0,0,-0.0010075329337269068,3.062588691711426,1.6408981084823608,-0.000445573910837993,0.0,0.21130292117595673
522,guidance_0_capability_0_safety_0,1,0.046582031282014214,163,0.054375,0.0,0.0,0,23,0,0,-0.0014099894324317575,1.360785722732544,1.6430989503860474,0.0001874604931799695,0.0,0.21114999055862427
523,guidance_0_capability_0_safety_0,1,0.10595703050785232,163,0.255,0.0,0.25,0,279,0,0,0.0003905036428477615,5.477544784545898,1.608300805091858,0.0011727429227903485,0.0,0.2167333960533142
524,guidance_0_capability_0_safety_0,1,0.0645507794979494,163,0.39,0.0,0.5,0,535,0,0,-0.00020068262529093772,5.980835914611816,1.6094783544540405,0.00029257326968945563,0.0,0.2230878621339798
525,guidance_0_capability_0_safety_0,1,0.10082031137426384,163,0.60125,0.0,0.625,0,791,0,0,-0.00023732148110866547,5.107851028442383,1.6093659400939941,0.00015119400632102042,0.0,0.22342868149280548
526,guidance_0_capability_0_safety_0,1,0.09798827978374902,164,0.104375,0.0,0.125,0,47,0,0,-0.0014763735234737396,4.001596450805664,1.6146074533462524,0.00015089940279722214,0.0,0.22261394560337067
527,guidance_0_capability_0_safety_0,1,0.051962889556307346,164,0.255625,0.0,0.125,0,303,0,0,-0.0005046087317168713,4.680779457092285,1.5862966775894165,0.0005144166643731296,0.0,0.23060579597949982
528,guidance_0_capability_0_safety_0,1,0.06472656161349732,164,0.409375,0.0,0.25,0,559,0,0,-0.0012296782806515694,3.8482584953308105,1.5867538452148438,-0.00023874423641245812,0.0,0.23410820960998535
529,guidance_0_capability_0_safety_0,1,0.05183593679248588,164,0.539375,0.0,0.375,0,815,0,0,-0.0018916315166279674,2.9955081939697266,1.597486138343811,-0.0005392187158577144,0.0,0.23226749897003174
530,guidance_0_capability_0_safety_0,1,0.09169921714783413,165,0.1375,0.0,0.125,0,71,0,0,-0.0014071451732888818,2.588305711746216,1.5937247276306152,0.0003833705559372902,0.0,0.226965069770813
531,guidance_0_capability_0_safety_0,1,0.16681640440947376,165,0.454375,0.0,0.25,0,327,0,0,-1.5362786143668927e-05,1.90549898147583,1.598533034324646,-0.0008317558094859123,0.0,0.22830462455749512
532,guidance_0_capability_0_safety_0,1,0.1340136691724183,165,0.661875,0.0,0.75,0,583,0,0,-0.0013720294227823615,3.053058624267578,1.5946794748306274,0.00023619674902874976,0.0,0.23858459293842316
533,guidance_0_capability_0_safety_0,1,0.07855468592606485,165,0.813125,0.0,1.0,0,839,0,0,-0.0019853946287184954,1.0402355194091797,1.6088756322860718,-0.001085595111362636,0.0,0.23056621849536896
534,guidance_0_capability_0_safety_0,1,0.07252929584501544,166,0.135625,0.0,0.125,0,95,0,0,0.0002538443950470537,1.962403655052185,1.614293098449707,0.001302373711951077,0.0,0.22242577373981476
535,guidance_0_capability_0_safety_0,1,0.15389648237760412,166,0.430625,0.0,0.25,0,351,0,0,-0.0032791749108582735,2.9695987701416016,1.5926780700683594,6.239799404283985e-05,0.0,0.22999484837055206
536,guidance_0_capability_0_safety_0,1,0.03963867128913989,166,0.518125,0.0,0.375,0,607,0,0,-0.0010463092476129532,4.41737699508667,1.6096115112304688,-0.0004100627265870571,0.0,0.23012666404247284
537,guidance_0_capability_0_safety_0,1,-0.024189452713471837,166,0.53875,0.0,0.5,0,863,0,0,-0.0004991826717741787,2.4534406661987305,1.5920677185058594,-0.0002574394457042217,0.0,0.24051035940647125
538,guidance_0_capability_0_safety_0,1,0.1444628897261282,168,0.225625,0.0,0.5,0,109,0,0,7.405629003187642e-05,16.85051727294922,1.5882874727249146,0.0002663247287273407,0.0,0.2413332611322403
539,guidance_0_capability_0_safety_0,1,0.12163085811334895,168,0.461875,0.0,0.625,0,365,0,0,-0.0006564284558407962,2.843928575515747,1.5560712814331055,0.0002530176716390997,0.0,0.2625894248485565
540,guidance_0_capability_0_safety_0,1,0.06212890441020136,168,0.569375,0.0,1.0,0,621,0,0,-0.0009980183094739914,2.9425628185272217,1.5572309494018555,-0.0001737734564812854,0.0,0.2553413212299347
541,guidance_0_capability_0_safety_0,1,-0.02121093779715011,168,0.59,0.0,1.0,0,877,0,0,5.188801515032537e-05,0.4424975514411926,1.5898340940475464,5.0263479351997375e-06,0.0,0.24138472974300385
542,guidance_0_capability_0_safety_0,1,0.06805663961858954,171,0.219375,0.0,0.0,0,117,0,0,-9.971112012863159e-05,23.023717880249023,1.566606879234314,8.087403693934903e-05,0.0,0.25165536999702454
543,guidance_0_capability_0_safety_0,1,0.13769531181605998,171,0.48875,0.0,0.125,0,373,0,0,-0.0014991707867011428,4.494075298309326,1.5323543548583984,0.00022104957315605134,0.0,0.268586665391922
544,guidance_0_capability_0_safety_0,1,0.057578123509301804,171,0.645625,0.0,0.125,0,629,0,0,-0.0019977178890258074,2.125361919403076,1.5417062044143677,2.0063327610841952e-05,0.0,0.2683270275592804
545,guidance_0_capability_0_safety_0,1,0.04340820106881438,171,0.700625,0.0,0.625,0,885,0,0,-0.004745292942970991,1.9591132402420044,1.5806093215942383,0.0014271718682721257,0.0,0.2495090365409851
546,guidance_0_capability_0_safety_0,1,0.09435546708846232,173,0.190625,0.0,0.375,0,134,0,0,-0.002835615770891309,12.213358879089355,1.5959268808364868,0.0014388985000550747,0.0,0.24327437579631805
547,guidance_0_capability_0_safety_0,1,0.17852538814258878,173,0.50625,0.0,0.625,0,390,0,0,0.0026882514357566833,5.224554061889648,1.5892153978347778,0.0024104316253215075,0.0,0.23983140289783478
548,guidance_0_capability_0_safety_0,1,0.05078124923602445,173,0.643125,0.0,0.625,0,646,0,0,-0.0016892366111278534,1.316592812538147,1.6021724939346313,0.00167910847812891,0.0,0.2336682826280594
549,guidance_0_capability_0_safety_0,1,0.008369141771254363,173,0.685,0.0,0.75,0,902,0,0,-0.002361174440011382,0.45592954754829407,1.6195698976516724,0.000489574100356549,0.0,0.2209382802248001
550,guidance_0_capability_0_safety_0,1,0.09338867041878984,174,0.13375,0.0,0.0,0,158,0,0,-0.0013745920732617378,2.8777029514312744,1.6062355041503906,0.0006012525409460068,0.0,0.22639088332653046
551,guidance_0_capability_0_safety_0,1,0.08351562438474502,174,0.30125,0.0,0.125,0,414,0,0,-0.00019990156579297036,5.821009159088135,1.6145962476730347,0.0006728009320795536,0.0,0.22296999394893646
552,guidance_0_capability_0_safety_0,1,0.14674804607784608,174,0.561875,0.0,0.375,0,670,0,0,-0.0008130610804073513,5.792657375335693,1.611975073814392,0.0006062418106012046,0.0,0.2232702225446701
553,guidance_0_capability_0_safety_0,1,0.007939452771097422,174,0.624375,0.0,0.375,0,926,0,0,-0.0017372071743011475,0.7674227952957153,1.6305936574935913,0.00047115981578826904,0.0,0.21966542303562164
554,guidance_0_capability_0_safety_0,1,0.1649609353444248,175,0.26,0.0,0.5,0,182,0,0,0.00024179120373446494,2.9744906425476074,1.618430495262146,0.00043943183845840394,0.0,0.21985502541065216
555,guidance_0_capability_0_safety_0,1,0.09547851402749075,175,0.45375,0.0,0.625,0,438,0,0,-0.006460442673414946,1.266690731048584,1.61794912815094,0.0008441639947704971,0.0,0.2255556583404541
556,guidance_0_capability_0_safety_0,1,-0.022851562938740244,175,0.48125,0.0,0.625,0,694,0,0,-0.0012422961881384254,1.267320990562439,1.629246711730957,0.0024464393500238657,0.0,0.2202702909708023
557,guidance_0_capability_0_safety_0,1,0.09169921757711563,175,0.695625,0.0,0.625,0,950,0,0,-0.001315264031291008,4.541624069213867,1.628233551979065,-0.0016975669423118234,0.0,0.21591754257678986
558,guidance_0_capability_0_safety_0,1,0.22034179566981038,176,0.35875,0.0,0.25,0,206,0,0,-0.0008074960787780583,4.405069351196289,1.628829836845398,-0.0002618372964207083,0.0,0.22148843109607697
559,guidance_0_capability_0_safety_0,1,0.048154296790016815,176,0.498125,0.0,0.25,0,462,0,0,-0.0006370277260430157,2.9976658821105957,1.6335707902908325,-0.00015909333887975663,0.0,0.21278035640716553
560,guidance_0_capability_0_safety_0,1,0.025781249336432666,176,0.60875,0.0,0.25,0,718,0,0,-0.0015719239600002766,1.343379020690918,1.6326823234558105,-0.0002815462648868561,0.0,0.21788273751735687
561,guidance_0_capability_0_safety_0,1,0.02922851410403382,176,0.6875,0.0,0.5,0,974,0,0,-0.0008202940225601196,2.846754789352417,1.6416209936141968,0.0004166286962572485,0.0,0.21743035316467285
562,guidance_0_capability_0_safety_0,1,0.2067871051331167,177,0.286875,0.0,0.5,0,230,0,0,-0.0007613299530930817,5.7543535232543945,1.6448612213134766,0.0011542951688170433,0.0,0.21542109549045563
563,guidance_0_capability_0_safety_0,1,0.06756835819396656,177,0.44625,0.0,0.625,0,486,0,0,-0.0010860767215490341,2.4738636016845703,1.6453191041946411,-0.0010301516158506274,0.0,0.2123938947916031
564,guidance_0_capability_0_safety_0,1,-0.007099610098521225,177,0.504375,0.0,0.625,0,742,0,0,-0.00104430690407753,1.3581962585449219,1.6475635766983032,0.00034680464887060225,0.0,0.21531586349010468
565,guidance_0_capability_0_safety_0,1,0.13619140404625796,177,0.735625,0.0,1.0,0,998,0,0,0.001030406099744141,9.429981231689453,1.6433439254760742,-0.0004230105841998011,0.0,0.22062958776950836
566,guidance_0_capability_0_safety_0,1,0.19166992125974502,178,0.356875,0.0,0.125,0,254,0,0,8.973727381089702e-05,5.092057228088379,1.6420596837997437,0.0002671315742190927,0.0,0.21361468732357025
567,guidance_0_capability_0_safety_0,1,0.08946288919833023,178,0.531875,0.0,0.375,0,510,0,0,-0.0013431675033643842,5.347817897796631,1.6407781839370728,-5.186721682548523e-05,0.0,0.2158874273300171
568,guidance_0_capability_0_safety_0,1,-0.003964844174333848,178,0.595,0.0,0.375,0,766,0,0,-0.0003460871521383524,1.4148789644241333,1.6483100652694702,0.0006743581034243107,0.0,0.22019214928150177
569,guidance_0_capability_0_safety_0,1,0.044082030799472705,179,0.0325,0.0,0.0,0,22,0,0,-0.001446806243620813,3.137220859527588,1.6557754278182983,-0.00029350831755436957,0.0,0.207963228225708
570,guidance_0_capability_0_safety_0,1,0.16385742112470325,179,0.31375,0.0,0.375,0,278,0,0,-0.0012928039068356156,4.007079601287842,1.6573537588119507,-0.00012053843965986744,0.0,0.2059699445962906
571,guidance_0_capability_0_safety_0,1,0.02661132784851361,179,0.42625,0.0,0.375,0,534,0,0,-0.0003202905354555696,2.985102891921997,1.6643637418746948,0.0007413767161779106,0.0,0.20877927541732788
572,guidance_0_capability_0_safety_0,1,-0.043623047167784534,179,0.429375,0.0,0.375,0,790,0,0,-0.0009189539705403149,0.6187266111373901,1.6656479835510254,0.0005193414981476963,0.0,0.20615921914577484
573,guidance_0_capability_0_safety_0,1,0.10273437427531462,181,0.08875,0.0,0.125,0,42,0,0,-0.0002802476810757071,10.622359275817871,1.6654168367385864,-0.00013893826690036803,0.0,0.21104221045970917
574,guidance_0_capability_0_safety_0,1,0.19157226581592113,181,0.418125,0.0,0.5,0,298,0,0,-0.0002805739641189575,3.2198100090026855,1.6550947427749634,-0.0001975102350115776,0.0,0.20836305618286133
575,guidance_0_capability_0_safety_0,1,0.08369140450668056,181,0.601875,0.0,0.625,0,554,0,0,-0.00185061723459512,1.7526113986968994,1.659345030784607,0.0005782718653790653,0.0,0.2049102634191513
576,guidance_0_capability_0_safety_0,1,0.03176757777691819,181,0.711875,0.0,0.625,0,810,0,0,-0.003467300906777382,1.0951974391937256,1.6552857160568237,-0.0001922633236972615,0.0,0.2081538587808609
577,guidance_0_capability_0_safety_0,1,0.1306835929863155,182,0.106875,0.0,0.125,0,66,0,0,0.0003229108115192503,4.435683727264404,1.6525667905807495,0.0005619209259748459,0.0,0.21192526817321777
578,guidance_0_capability_0_safety_0,1,0.20962890466034878,182,0.415,0.0,0.75,0,322,0,0,-0.00045786736882291734,3.83756160736084,1.6444016695022583,-8.105688175419345e-05,0.0,0.21066106855869293
579,guidance_0_capability_0_safety_0,1,0.045791014839778654,182,0.55625,0.0,0.75,0,578,0,0,-0.0008214876870624721,2.6602373123168945,1.6466015577316284,0.00012119859457015991,0.0,0.2089095562696457
580,guidance_0_capability_0_safety_0,1,0.053867186325078364,182,0.675625,0.0,1.0,0,834,0,0,-0.000556599348783493,4.421472072601318,1.650692105293274,-0.0006723419646732509,0.0,0.21201837062835693
581,guidance_0_capability_0_safety_0,1,0.056679687011637725,183,0.078125,0.0,0.0,0,90,0,0,-0.004618385806679726,1.2519218921661377,1.6545591354370117,-0.0005578749696724117,0.0,0.20728880167007446
582,guidance_0_capability_0_safety_0,1,0.2205078098231752,183,0.439375,0.0,0.375,0,346,0,0,0.0006630737334489822,6.034866809844971,1.6594706773757935,0.004314791411161423,0.0,0.20841170847415924
583,guidance_0_capability_0_safety_0,1,0.0842285152466502,183,0.601875,0.0,0.625,0,602,0,0,8.861844435159583e-06,2.210195779800415,1.6692758798599243,-0.0012106179492548108,0.0,0.2014947384595871
584,guidance_0_capability_0_safety_0,1,-0.01405273509590188,183,0.655,0.0,0.625,0,858,0,0,-0.0006562142516486347,1.2914608716964722,1.673295497894287,0.0005868294392712414,0.0,0.20519840717315674
585,guidance_0_capability_0_safety_0,1,0.15033202957420144,184,0.195625,0.0,0.125,0,114,0,0,-0.0006221635267138481,3.3214285373687744,1.6720209121704102,0.00038839023909531534,0.0,0.20854008197784424
586,guidance_0_capability_0_safety_0,1,0.0718457023758674,184,0.37375,0.0,0.25,0,370,0,0,-0.000539765867870301,3.6552393436431885,1.6719783544540405,-5.443114787340164e-06,0.0,0.20492865145206451
587,guidance_0_capability_0_safety_0,1,0.022070311912102625,184,0.460625,0.0,0.375,0,626,0,0,-6.431341171264648e-05,3.890317440032959,1.6821092367172241,0.00034239282831549644,0.0,0.2004970908164978
588,guidance_0_capability_0_safety_0,1,0.07314453048456926,184,0.6275,0.0,0.5,0,882,0,0,-0.002271293895319104,4.460562705993652,1.6892131567001343,-0.0010100695071741939,0.0,0.1975216120481491
589,guidance_0_capability_0_safety_0,1,0.11391601342620561,185,0.17,0.0,0.375,0,138,0,0,-0.0020544854924082756,3.1840715408325195,1.6808959245681763,0.001113911042921245,0.0,0.20075322687625885
590,guidance_0_capability_0_safety_0,1,0.24440429436799604,185,0.589375,0.0,0.625,0,394,0,0,0.0010899776825681329,6.108290195465088,1.682876467704773,-0.0004627291637007147,0.0,0.2040073126554489
591,guidance_0_capability_0_safety_0,1,-0.017197265558934305,185,0.608125,0.0,0.75,0,650,0,0,-0.001513129100203514,1.9578983783721924,1.6831145286560059,-0.0001674612722126767,0.0,0.19922518730163574
592,guidance_0_capability_0_safety_0,1,-0.028046875122527126,185,0.63875,0.0,0.75,0,906,0,0,-0.00047311061643995345,0.7957234978675842,1.6762281656265259,0.0007909575360827148,0.0,0.19799649715423584
593,guidance_0_capability_0_safety_0,1,0.22731445216049906,187,0.25875,0.0,0.375,0,152,0,0,-0.0007676358218304813,17.610502243041992,1.6684160232543945,-0.000298600789392367,0.0,0.2085157036781311
594,guidance_0_capability_0_safety_0,1,0.12945312406736775,187,0.498125,0.0,0.625,0,408,0,0,-0.0010141945676878095,2.9244470596313477,1.667014479637146,0.0006794303772039711,0.0,0.2033674120903015
595,guidance_0_capability_0_safety_0,1,0.07158203105063876,187,0.64125,0.0,0.875,0,664,0,0,-0.0012756517389789224,1.5621116161346436,1.6606413125991821,0.0007740690489299595,0.0,0.20511305332183838
596,guidance_0_capability_0_safety_0,1,-0.02341796892869752,187,0.656875,0.0,0.875,0,920,0,0,-0.000711460888851434,0.802255392074585,1.65349543094635,0.0005307531100697815,0.0,0.21183393895626068
597,guidance_0_capability_0_safety_0,1,0.20343749644234776,188,0.315,0.0,0.25,0,176,0,0,-0.0017460578819736838,3.378335475921631,1.638893723487854,0.0002506882883608341,0.0,0.21646751463413239
598,guidance_0_capability_0_safety_0,1,0.1766015614848584,188,0.58,0.0,0.75,0,432,0,0,-0.0003492563555482775,4.026216983795166,1.6325029134750366,0.0008601693552918732,0.0,0.21353848278522491
599,guidance_0_capability_0_safety_0,1,-0.00022460938635049388,188,0.631875,0.0,0.75,0,688,0,0,0.00014565202582161874,1.5467605590820312,1.6243219375610352,0.0003015645779669285,0.0,0.2182619720697403
600,guidance_0_capability_0_safety_0,1,0.06996093676571036,189,0.080625,0.0,0.375,0,36,0,0,-0.0006320485845208168,3.1633548736572266,1.6326512098312378,0.0001987433061003685,0.0,0.21937888860702515
601,guidance_0_capability_0_safety_0,1,0.19400390188093297,189,0.4175,0.0,0.625,0,292,0,0,-0.0006404778105206788,3.9771714210510254,1.6179043054580688,-0.00028370911604724824,0.0,0.22627227008342743
602,guidance_0_capability_0_safety_0,1,0.1390722641190223,189,0.645625,0.0,1.0,0,548,0,0,-0.000273657962679863,2.1407089233398438,1.6223673820495605,0.0003399397246539593,0.0,0.22292037308216095
603,guidance_0_capability_0_safety_0,1,-0.002763672200671863,189,0.7025,0.0,1.0,0,804,0,0,-0.001330905593931675,1.0851242542266846,1.620131015777588,0.0006361906416714191,0.0,0.21997034549713135
604,guidance_0_capability_0_safety_0,1,0.05707031241399818,190,0.141875,0.0,0.0,0,86,0,0,-0.0020322564523667097,0.7569546699523926,1.6186169385910034,-0.0004400609468575567,0.0,0.2248627096414566
605,guidance_0_capability_0_safety_0,1,0.1273437488853233,190,0.336875,0.0,0.5,0,342,0,0,0.00015078469004947692,4.6482086181640625,1.612779974937439,0.0005025966092944145,0.0,0.2273339480161667
606,guidance_0_capability_0_safety_0,1,0.08557617024780484,190,0.536875,0.0,0.5,0,598,0,0,-0.0015569208189845085,2.9328200817108154,1.6199051141738892,0.0010016500018537045,0.0,0.2306704968214035
607,guidance_0_capability_0_safety_0,1,0.031074218215508154,190,0.645,0.0,0.5,0,854,0,0,-0.0017328850226476789,1.618338704109192,1.6204643249511719,-0.00031468397355638444,0.0,0.22183024883270264
608,guidance_0_capability_0_safety_0,1,0.08785156199155608,191,0.13375,0.0,0.0,0,110,0,0,-0.0027946196496486664,1.5866193771362305,1.6190670728683472,0.0004176482034381479,0.0,0.22805525362491608
609,guidance_0_capability_0_safety_0,1,0.19585937388183083,191,0.455,0.0,0.375,0,366,0,0,-0.001014196895994246,3.903641700744629,1.6084184646606445,-0.0008147116750478745,0.0,0.23272491991519928
610,guidance_0_capability_0_safety_0,1,0.10256835817563115,191,0.610625,0.0,0.875,0,622,0,0,-0.0009801322594285011,2.414125442504883,1.6064578294754028,0.0008636501734144986,0.0,0.2237824648618698
611,guidance_0_capability_0_safety_0,1,0.019716796465218067,191,0.71,0.0,0.875,0,878,0,0,-0.0051292129792273045,0.72495037317276,1.6124130487442017,4.81291972391773e-05,0.0,0.22709442675113678
612,guidance_0_capability_0_safety_0,1,0.14005859044846147,193,0.235,0.0,0.25,0,130,0,0,-0.005667764227837324,10.028020858764648,1.5936015844345093,-0.0014335219748318195,0.0,0.23054218292236328
613,guidance_0_capability_0_safety_0,1,0.22272460814929218,193,0.579375,0.0,0.75,0,386,0,0,0.0012913485988974571,4.858367443084717,1.5650634765625,0.0031579649075865746,0.0,0.24066577851772308
614,guidance_0_capability_0_safety_0,1,-0.017626953456783667,193,0.62125,0.0,0.75,0,642,0,0,0.0012201486388221383,3.320631265640259,1.5608927011489868,0.00014751388516742736,0.0,0.2515419125556946
615,guidance_0_capability_0_safety_0,1,-0.032285156557918526,193,0.639375,0.0,0.75,0,898,0,0,-1.5110708773136139e-05,0.8764273524284363,1.5675102472305298,0.00044681053259409964,0.0,0.24704110622406006
616,guidance_0_capability_0_safety_0,1,0.12516601472452749,194,0.245,0.0,0.0,0,154,0,0,-0.002653109608218074,1.5797944068908691,1.5586042404174805,-0.00035848203697241843,0.0,0.24509389698505402
617,guidance_0_capability_0_safety_0,1,0.10735351420589723,194,0.436875,0.0,0.375,0,410,0,0,8.487608283758163e-05,6.6345343589782715,1.5503498315811157,-0.00013461383059620857,0.0,0.24404466152191162
618,guidance_0_capability_0_safety_0,1,0.10662109305849299,194,0.64375,0.0,0.5,0,666,0,0,-0.00024175953876692802,3.314570188522339,1.5725449323654175,0.0014420254155993462,0.0,0.24494390189647675
619,guidance_0_capability_0_safety_0,1,0.08012695188517682,194,0.80125,0.0,0.75,0,922,0,0,0.00010115870827576146,3.900162935256958,1.5749602317810059,-4.1752588003873825e-05,0.0,0.24192434549331665
620,guidance_0_capability_0_safety_0,1,0.08147460800319095,195,0.16,0.0,0.125,0,178,0,0,-0.0010230792686343193,3.099688768386841,1.5701804161071777,-3.2945536077022552e-06,0.0,0.23838669061660767
621,guidance_0_capability_0_safety_0,1,0.09052734296710696,195,0.355625,0.0,0.25,0,434,0,0,-0.0005632291431538761,3.8502259254455566,1.5682321786880493,0.0007462184876203537,0.0,0.25130367279052734
622,guidance_0_capability_0_safety_0,1,0.13138671717024408,195,0.615,0.0,0.375,0,690,0,0,-0.0012678609928116202,3.4642977714538574,1.5816731452941895,-0.000723032746464014,0.0,0.24284978210926056
623,guidance_0_capability_0_safety_0,1,-0.01771484395430889,195,0.636875,0.0,0.5,0,946,0,0,-0.000300664542010054,1.4804028272628784,1.5753840208053589,0.0008387734997086227,0.0,0.24280141294002533
624,guidance_0_capability_0_safety_0,1,0.24473632657463895,196,0.4025,0.0,0.375,0,202,0,0,-0.000550439755897969,4.463998794555664,1.5659829378128052,5.5503565818071365e-05,0.0,0.23576705157756805
625,guidance_0_capability_0_safety_0,1,0.11399413872277364,196,0.615625,0.0,0.625,0,458,0,0,-0.0009022488375194371,1.805485725402832,1.5656415224075317,-1.2283213436603546e-05,0.0,0.2425956279039383
626,guidance_0_capability_0_safety_0,1,0.09141601496230578,196,0.810625,0.0,0.75,0,714,0,0,-0.0015701338415965438,3.0393290519714355,1.5762661695480347,-0.0002999639546032995,0.0,0.2468641847372055
627,guidance_0_capability_0_safety_0,1,0.04230468724563252,197,0.069375,0.0,0.0,0,30,0,0,-0.0028052469715476036,0.8088107109069824,1.5763111114501953,0.0008993716910481453,0.0,0.23144133388996124
628,guidance_0_capability_0_safety_0,1,0.15618163935141638,197,0.369375,0.0,0.125,0,286,0,0,-0.0013846289366483688,3.438844919204712,1.5634231567382812,0.00013219425454735756,0.0,0.24353598058223724
629,guidance_0_capability_0_safety_0,1,0.06389648381446023,197,0.535625,0.0,0.125,0,542,0,0,-0.000638292171061039,2.95173978805542,1.565496802330017,-0.00016997817147057503,0.0,0.24008242785930634
630,guidance_0_capability_0_safety_0,1,0.046679684754053596,197,0.639375,0.0,0.375,0,798,0,0,-0.0010789615334942937,1.8089338541030884,1.577264666557312,-0.0002145438193110749,0.0,0.23849929869174957
631,guidance_0_capability_0_safety_0,1,0.044482421813881956,198,0.07375,0.0,0.0,0,54,0,0,-0.004351770970970392,0.7105687260627747,1.593103289604187,9.851669892668724e-05,0.0,0.23374177515506744
632,guidance_0_capability_0_safety_0,1,0.15914062326191925,198,0.379375,0.0,0.125,0,310,0,0,-0.004428940359503031,4.140130996704102,1.605338454246521,0.0035162491258233786,0.0,0.23138011991977692
633,guidance_0_capability_0_safety_0,1,0.08668945275712758,198,0.549375,0.0,0.25,0,566,0,0,-0.0003148709365632385,2.2382102012634277,1.6377671957015991,-0.0007460152846761048,0.0,0.21335016191005707
634,guidance_0_capability_0_safety_0,1,0.0018164059219998308,198,0.6175,0.0,0.25,0,822,0,0,-0.0012736854841932654,0.5941439867019653,1.648863434791565,0.0011839879443868995,0.0,0.21475552022457123
635,guidance_0_capability_0_safety_0,1,0.07932617348706117,201,0.0775,0.0,0.125,0,61,0,0,-0.0010052192956209183,26.708988189697266,1.6574193239212036,0.0006166620296426117,0.0,0.20435477793216705
636,guidance_0_capability_0_safety_0,1,0.18572265563125256,201,0.38125,0.0,0.5,0,317,0,0,-0.001392429112456739,3.793501138687134,1.643338680267334,-1.354220603388967e-05,0.0,0.2078203409910202
637,guidance_0_capability_0_safety_0,1,0.15473632549401373,201,0.629375,0.0,0.875,0,573,0,0,6.39899299130775e-05,5.40738582611084,1.6588104963302612,0.00011584177991608158,0.0,0.20395217835903168
638,guidance_0_capability_0_safety_0,1,0.013867186695279088,201,0.70875,0.0,0.875,0,829,0,0,-0.004350688774138689,0.9200683832168579,1.6654109954833984,-0.0018764534033834934,0.0,0.20425665378570557
639,guidance_0_capability_0_safety_0,1,0.06120117162936367,202,0.10625,0.0,0.0,0,85,0,0,-0.0038017351180315018,0.8539960384368896,1.6645140647888184,0.0011682756012305617,0.0,0.2090453952550888
640,guidance_0_capability_0_safety_0,1,0.2687304674909683,202,0.491875,0.0,0.75,0,341,0,0,-0.00018290772277396172,6.286290645599365,1.6561726331710815,-0.00038653533556498587,0.0,0.2111126333475113
641,guidance_0_capability_0_safety_0,1,0.01181640607319423,202,0.58125,0.0,0.75,0,597,0,0,0.0005034841597080231,2.8291821479797363,1.6727460622787476,6.330447649816051e-05,0.0,0.20414508879184723
642,guidance_0_capability_0_safety_0,1,-0.021982421803841135,202,0.60375,0.0,0.75,0,853,0,0,-0.00015640538185834885,0.728268563747406,1.6517988443374634,-0.0008939880062825978,0.0,0.20914126932621002
643,guidance_0_capability_0_safety_0,1,0.13292968618770828,203,0.1575,0.0,0.125,0,109,0,0,-0.0005968424375168979,3.422438144683838,1.6663347482681274,0.0003292313776910305,0.0,0.20551027357578278
644,guidance_0_capability_0_safety_0,1,0.21288085762353148,203,0.491875,0.0,0.625,0,365,0,0,0.00011144889140268788,4.5188140869140625,1.6436882019042969,4.246908429195173e-05,0.0,0.21263153851032257
645,guidance_0_capability_0_safety_0,1,0.0034765617419907358,203,0.574375,0.0,0.625,0,621,0,0,-0.0003226281551178545,1.9685938358306885,1.6623077392578125,0.00027732597663998604,0.0,0.20670855045318604
646,guidance_0_capability_0_safety_0,1,-0.026572265509457793,203,0.579375,0.0,0.625,0,877,0,0,-0.000279832020169124,0.6805880665779114,1.6459856033325195,0.00015407148748636246,0.0,0.21185298264026642
647,guidance_0_capability_0_safety_0,1,0.1241796864051139,204,0.174375,0.0,0.5,0,133,0,0,-0.0012266808189451694,3.8995370864868164,1.656408429145813,-0.00031677293009124696,0.0,0.2118036299943924
648,guidance_0_capability_0_safety_0,1,0.091972654354322,204,0.339375,0.0,0.75,0,389,0,0,-0.00014287163503468037,4.091411590576172,1.6496762037277222,0.0004024711961392313,0.0,0.21112249791622162
649,guidance_0_capability_0_safety_0,1,0.02702148397656856,204,0.418125,0.0,0.875,0,645,0,0,-0.0003422157315071672,2.3879427909851074,1.6632499694824219,-3.703078255057335e-05,0.0,0.20942221581935883
650,guidance_0_capability_0_safety_0,1,0.03237304512731498,204,0.555,0.0,0.875,0,901,0,0,-0.0015343216946348548,2.9482269287109375,1.6287732124328613,0.00048383171088062227,0.0,0.2177077680826187
651,guidance_0_capability_0_safety_0,1,0.12362304718772066,205,0.21875,0.0,0.125,0,157,0,0,-0.002391067100688815,2.328261375427246,1.649703025817871,-1.0575477972452063e-05,0.0,0.21549098193645477
652,guidance_0_capability_0_safety_0,1,0.03852539051513304,205,0.314375,0.0,0.25,0,413,0,0,-0.0009279207442887127,4.529353141784668,1.6432093381881714,0.0007673723739571869,0.0,0.2135135680437088
653,guidance_0_capability_0_safety_0,1,0.07821288990817266,205,0.456875,0.0,0.5,0,669,0,0,-0.0010879747569561005,2.8461625576019287,1.6281967163085938,0.0016750846989452839,0.0,0.21401476860046387
654,guidance_0_capability_0_safety_0,1,-0.0037304689903976396,205,0.504375,0.0,0.5,0,925,0,0,-0.0018441490828990936,0.5048114061355591,1.6307792663574219,0.00015579427417833358,0.0,0.21616798639297485
655,guidance_0_capability_0_safety_0,1,0.07876953048253199,206,0.2125,0.0,0.0,0,181,0,0,-0.0025666982401162386,3.6200695037841797,1.6227331161499023,-0.00034562297514639795,0.0,0.220636248588562
656,guidance_0_capability_0_safety_0,1,0.07463867269689217,206,0.348125,0.0,0.375,0,437,0,0,-0.0006081039900891483,8.50941276550293,1.6328033208847046,0.0011616473784670234,0.0,0.21281367540359497
657,guidance_0_capability_0_safety_0,1,0.03710937419964466,206,0.468125,0.0,0.375,0,693,0,0,-0.0034305390436202288,0.7595714330673218,1.6253896951675415,0.0018870417261496186,0.0,0.218439981341362
658,guidance_0_capability_0_safety_0,1,-0.01105468798414222,206,0.525,0.0,0.375,0,949,0,0,-0.0047449395060539246,0.3498503565788269,1.6250295639038086,0.0025574862957000732,0.0,0.22249563038349152
659,guidance_0_capability_0_safety_0,1,0.18189452992373845,207,0.323125,0.0,0.25,0,208,0,0,-0.0026946570724248886,2.750169038772583,1.6070623397827148,0.006025092210620642,0.0,0.22487224638462067
660,guidance_0_capability_0_safety_0,1,-0.008603517373558134,207,0.37375,0.0,0.375,0,464,0,0,0.00010020906483987346,2.3203556537628174,1.6068018674850464,0.001902822288684547,0.0,0.22845840454101562
661,guidance_0_capability_0_safety_0,1,-0.010107422043802217,207,0.43,0.0,0.375,0,720,0,0,-0.0010150090092793107,0.9182774424552917,1.6050666570663452,0.003010391490533948,0.0,0.22134284675121307
662,guidance_0_capability_0_safety_0,1,0.0014355465245898813,207,0.483125,0.0,0.5,0,976,0,0,-0.0014214245602488518,1.4891992807388306,1.5918396711349487,0.0012139653554186225,0.0,0.22962415218353271
663,guidance_0_capability_0_safety_0,1,0.1267675759663689,209,0.24625,0.0,0.375,0,213,0,0,-0.0019966932013630867,16.70857810974121,1.602152943611145,0.0010621907422319055,0.0,0.2311239242553711
664,guidance_0_capability_0_safety_0,1,0.14275390520924702,209,0.51375,0.0,0.625,0,469,0,0,-0.00044933459139429033,5.686392784118652,1.5989108085632324,-2.9525564968935214e-05,0.0,0.24148452281951904
665,guidance_0_capability_0_safety_0,1,0.01664062480267603,209,0.61,0.0,0.625,0,725,0,0,-0.001315489993430674,1.7836049795150757,1.592415690422058,-0.0005243437481112778,0.0,0.241019606590271
666,guidance_0_capability_0_safety_0,1,0.010117186851857696,209,0.658125,0.0,0.875,0,981,0,0,-0.007766013499349356,1.318306565284729,1.602070927619934,0.0017415740294381976,0.02083333395421505,0.2399788349866867
667,guidance_0_capability_0_safety_0,1,0.17780273254902568,210,0.334375,0.0,0.25,0,237,0,0,-0.001148013980127871,2.6545538902282715,1.6293021440505981,0.004000132903456688,0.0,0.22450213134288788
668,guidance_0_capability_0_safety_0,1,0.04566406277444912,210,0.449375,0.0,0.375,0,493,0,0,1.4335692867462058e-05,1.2963088750839233,1.6248317956924438,-0.0005566935869865119,0.0,0.2332841008901596
669,guidance_0_capability_0_safety_0,1,0.030292968283902155,210,0.53,0.0,0.5,0,749,0,0,-0.005052804481238127,2.2871146202087402,1.649680256843567,0.0016599898226559162,0.0,0.21926681697368622
670,guidance_0_capability_0_safety_0,1,0.01249023396303528,211,0.07125,0.0,0.0,0,31,0,0,-0.0020271639805287123,0.5125066041946411,1.644415020942688,2.1213199943304062e-05,0.0,0.22304411232471466
671,guidance_0_capability_0_safety_0,1,0.1788964844381553,211,0.351875,0.0,0.5,0,287,0,0,-0.0019463846692815423,3.381964683532715,1.6570829153060913,-0.002332737436518073,0.0,0.2061530351638794
672,guidance_0_capability_0_safety_0,1,0.11968750099549652,211,0.564375,0.0,0.75,0,543,0,0,-0.002566325245425105,4.105210304260254,1.661852240562439,0.0010017674649134278,0.0,0.20818841457366943
673,guidance_0_capability_0_safety_0,1,-0.028984375105210347,211,0.57375,0.0,0.75,0,799,0,0,-0.0023002380039542913,0.45976075530052185,1.6592741012573242,0.00028190933517180383,0.0,0.2125387042760849
674,guidance_0_capability_0_safety_0,1,-0.021982422258588485,213,0.0875,0.0,0.0,0,45,0,0,-0.0008665171335451305,14.251710891723633,1.648953914642334,0.00023341055202763528,0.0,0.20952582359313965
675,guidance_0_capability_0_safety_0,1,0.1660156253929017,213,0.36,0.0,0.375,0,301,0,0,-0.0009239371865987778,2.906822919845581,1.63975989818573,0.00024201208725571632,0.0,0.22035856544971466
676,guidance_0_capability_0_safety_0,1,0.051347654956771294,213,0.46,0.0,0.625,0,557,0,0,-0.002698591211810708,1.8355289697647095,1.644323468208313,0.00048126373440027237,0.0,0.21767230331897736
677,guidance_0_capability_0_safety_0,1,0.003261718557041604,213,0.509375,0.0,0.625,0,813,0,0,-0.005417569074779749,0.7786141037940979,1.647411823272705,0.0029273766558617353,0.01171875,0.20499463379383087
678,guidance_0_capability_0_safety_0,1,0.07487304676033091,214,0.1525,0.0,0.125,0,69,0,0,-0.0010703932493925095,1.4542548656463623,1.640952229499817,0.004344152752310038,0.0,0.21875832974910736
679,guidance_0_capability_0_safety_0,1,0.19412109440600034,214,0.4925,0.0,0.375,0,325,0,0,-0.0008762969519011676,3.1543190479278564,1.66293203830719,0.0006284250994212925,0.0,0.2065793126821518
680,guidance_0_capability_0_safety_0,1,0.06257812439071131,214,0.636875,0.0,0.5,0,581,0,0,-0.0012059267610311508,1.4296083450317383,1.6729663610458374,-0.00039587923674844205,0.0,0.2053285390138626
681,guidance_0_capability_0_safety_0,1,0.057783202559221536,214,0.77,0.0,0.625,0,837,0,0,-0.0004068718699272722,2.1696107387542725,1.6407073736190796,0.0007127402350306511,0.0,0.21028876304626465
682,guidance_0_capability_0_safety_0,1,0.09618163881168584,216,0.19875,0.0,0.125,0,89,0,0,-0.0005680511821992695,8.34277057647705,1.653818130493164,0.0005397073109634221,0.0,0.20634658634662628
683,guidance_0_capability_0_safety_0,1,0.20865234259690624,216,0.4875,0.0,0.875,0,345,0,0,-0.0006174395675770938,4.038882255554199,1.660197377204895,0.0008260000613518059,0.0,0.21054565906524658
684,guidance_0_capability_0_safety_0,1,0.061767578325088834,216,0.6325,0.0,1.0,0,601,0,0,-0.001439431100152433,3.3183658123016357,1.6621708869934082,-0.0009585443767718971,0.0,0.20396463572978973
685,guidance_0_capability_0_safety_0,1,0.012783202928403625,216,0.719375,0.0,1.0,0,857,0,0,-0.004196851048618555,1.0015184879302979,1.648919939994812,0.0008357679471373558,0.0,0.2090057134628296
686,guidance_0_capability_0_safety_0,1,0.15040038977895165,217,0.2375,0.0,0.125,0,113,0,0,-0.0012305285781621933,3.0275630950927734,1.6487455368041992,-0.0022807421628385782,0.0,0.21690134704113007
687,guidance_0_capability_0_safety_0,1,0.14798827796767,217,0.465625,0.0,0.625,0,369,0,0,-0.0038304422050714493,0.8120061159133911,1.6626858711242676,0.0006016194820404053,0.0,0.20676951110363007
688,guidance_0_capability_0_safety_0,1,0.04066406158381142,217,0.595625,0.0,0.625,0,625,0,0,-0.003419920802116394,0.9691269397735596,1.641500473022461,0.0024406411685049534,0.0,0.20998655259609222
689,guidance_0_capability_0_safety_0,1,-0.0004394538191263564,217,0.659375,0.0,0.625,0,881,0,0,-0.0007910206913948059,0.7264885902404785,1.6345692873001099,-0.0006331331096589565,0.0,0.2159271240234375
690,guidance_0_capability_0_safety_0,1,0.13150390511145815,218,0.2075,0.0,0.25,0,137,0,0,0.0005903660203330219,2.2987890243530273,1.62271249294281,-0.001298723742365837,0.0,0.2253338247537613
691,guidance_0_capability_0_safety_0,1,0.15108398246229626,218,0.459375,0.0,0.625,0,393,0,0,-0.0021270050201565027,2.0838658809661865,1.6262928247451782,0.0006001293659210205,0.0,0.21676145493984222
692,guidance_0_capability_0_safety_0,1,0.12734374897263478,218,0.6875,0.0,0.875,0,649,0,0,-0.00032928460859693587,6.850959777832031,1.625461220741272,-0.0014057919615879655,0.0,0.22226476669311523
693,guidance_0_capability_0_safety_0,1,0.030156249391438905,218,0.798125,0.0,0.875,0,905,0,0,-0.001114283106289804,1.4032258987426758,1.6045526266098022,0.000547429546713829,0.0,0.22557197511196136
694,guidance_0_capability_0_safety_0,1,0.1184960918762954,219,0.20875,0.0,0.25,0,161,0,0,-0.002481614938005805,2.7548346519470215,1.6073054075241089,0.001972849713638425,0.0,0.22266675531864166
695,guidance_0_capability_0_safety_0,1,0.1976953120138205,219,0.529375,0.0,0.625,0,417,0,0,0.0012873845407739282,4.256176948547363,1.6098636388778687,0.0005146331968717277,0.0,0.22314302623271942
696,guidance_0_capability_0_safety_0,1,0.004277343028661562,219,0.594375,0.0,0.625,0,673,0,0,-0.0011245360365137458,1.7976679801940918,1.6027523279190063,0.00018185067165177315,0.0,0.23354732990264893
697,guidance_0_capability_0_safety_0,1,-0.0065429693677288014,219,0.61625,0.0,0.75,0,929,0,0,0.00011480910325190052,0.9977957010269165,1.599608302116394,0.0001454339362680912,0.0,0.22460727393627167
698,guidance_0_capability_0_safety_0,1,0.09835937302341335,221,0.243125,0.0,0.375,0,174,0,0,-0.0008087332244031131,18.0808048248291,1.600157618522644,0.0005599016440100968,0.0,0.22731077671051025
699,guidance_0_capability_0_safety_0,1,0.18998046913111466,221,0.570625,0.0,0.625,0,430,0,0,-0.0006197094917297363,4.2566657066345215,1.6037683486938477,0.0006143615464679897,0.0,0.22515849769115448
700,guidance_0_capability_0_safety_0,1,0.10087890419526957,221,0.759375,0.0,0.875,0,686,0,0,-0.0003912001848220825,2.85292911529541,1.600335717201233,-1.0103142813022714e-05,0.0,0.2264215499162674
701,guidance_0_capability_0_safety_0,1,-0.010712891144066816,221,0.796875,0.0,0.875,0,942,0,0,-0.003397643566131592,0.3712071478366852,1.5880941152572632,0.0006535614957101643,0.0,0.23352329432964325
702,guidance_0_capability_0_safety_0,1,0.16284179485592176,222,0.260625,0.0,0.375,0,198,0,0,-0.00021709315478801727,4.81456995010376,1.5764116048812866,0.0008932884666137397,0.0,0.23931704461574554
703,guidance_0_capability_0_safety_0,1,0.1120996095778537,222,0.4675,0.0,0.625,0,454,0,0,-0.000602936779614538,2.6038553714752197,1.5929335355758667,0.00042658313759602606,0.0,0.23927152156829834
704,guidance_0_capability_0_safety_0,1,0.04154296669003088,222,0.583125,0.0,0.75,0,710,0,0,-0.0009541561012156308,3.45231294631958,1.578801155090332,0.00024070667859632522,0.0,0.24477167427539825
705,guidance_0_capability_0_safety_0,1,0.118310545294662,222,0.816875,0.0,0.875,0,966,0,0,0.0007640086114406586,7.792695999145508,1.5806065797805786,0.0010482677025720477,0.0,0.24236927926540375
706,guidance_0_capability_0_safety_0,1,0.14153320237528533,223,0.253125,0.0,0.25,0,222,0,0,-0.0004008196701761335,3.481337547302246,1.5604430437088013,3.181956708431244e-05,0.0,0.25272873044013977
707,guidance_0_capability_0_safety_0,1,0.21842773164098617,223,0.591875,0.0,0.75,0,478,0,0,-0.0004623842833098024,6.614977836608887,1.5769319534301758,0.0003014874237123877,0.0,0.24951587617397308
708,guidance_0_capability_0_safety_0,1,0.0482910148530209,223,0.71,0.0,0.875,0,734,0,0,-0.0011018806835636497,1.3108940124511719,1.582493782043457,0.0002793738094624132,0.0,0.24353253841400146
709,guidance_0_capability_0_safety_0,1,0.035478514662827365,223,0.829375,0.0,0.875,0,990,0,0,-0.002131274901330471,1.3238391876220703,1.5872516632080078,0.00026619029813446105,0.0,0.23732860386371613
710,guidance_0_capability_0_safety_0,1,0.27267577925522346,224,0.405625,0.0,0.625,0,246,0,0,0.0005538202822208405,3.919874668121338,1.5942615270614624,0.001966275041922927,0.0,0.23095041513442993
711,guidance_0_capability_0_safety_0,1,0.12182617088910774,224,0.638125,0.0,0.75,0,502,0,0,0.0005585026810877025,2.5712778568267822,1.603675365447998,0.0014469354646280408,0.0,0.22962112724781036
712,guidance_0_capability_0_safety_0,1,0.01969726483002887,224,0.730625,0.0,0.75,0,758,0,0,-0.0012242766097187996,0.9809525012969971,1.6077221632003784,0.00018517300486564636,0.0,0.23080559074878693
713,guidance_0_capability_0_safety_0,1,0.007998046756256372,225,0.023125,0.0,0.0,0,14,0,0,-0.00016854749992489815,0.777756929397583,1.6036415100097656,-0.000996768823824823,0.0,0.22677934169769287
714,guidance_0_capability_0_safety_0,1,0.21972656273283064,225,0.419375,0.0,0.25,0,270,0,0,-0.0010116411140188575,3.2933804988861084,1.608416199684143,7.296493276953697e-05,0.0,0.2299925535917282
715,guidance_0_capability_0_safety_0,1,0.15997070348021225,225,0.68375,0.0,0.625,0,526,0,0,-0.0007463802467100322,4.109920024871826,1.6245938539505005,-0.00017734275024849921,0.0,0.2136707454919815
716,guidance_0_capability_0_safety_0,1,0.03879882791443379,225,0.78,0.0,0.75,0,782,0,0,-0.0012172855203971267,1.1154733896255493,1.602120041847229,0.0005798923666588962,0.0,0.23418889939785004
717,guidance_0_capability_0_safety_0,1,0.0560839826175652,226,0.081875,0.0,0.0,0,38,0,0,-0.005673046689480543,1.0918043851852417,1.5960286855697632,0.0015887711197137833,0.0,0.22915364801883698
718,guidance_0_capability_0_safety_0,1,0.2534179683061666,226,0.4575,0.0,0.625,0,294,0,0,0.0029135022778064013,3.529024362564087,1.6197017431259155,0.0018258602358400822,0.0026041667442768812,0.22825177013874054
719,guidance_0_capability_0_safety_0,1,0.029433593299472705,226,0.570625,0.0,0.625,0,550,0,0,0.0018860213458538055,3.164000988006592,1.6148004531860352,0.00013053184375166893,0.0,0.22369353473186493
720,guidance_0_capability_0_safety_0,1,0.00863281186320819,226,0.650625,0.0,0.625,0,806,0,0,-0.0009823323925957084,1.1909962892532349,1.6171627044677734,0.0013885447988286614,0.0,0.21898119151592255
721,guidance_0_capability_0_safety_0,1,0.08232421922002686,227,0.123125,0.0,0.125,0,62,0,0,-0.0029710109811276197,1.5543982982635498,1.608089566230774,-0.0006542736664414406,0.0,0.22617356479167938
722,guidance_0_capability_0_safety_0,1,0.10114257912209723,227,0.331875,0.0,0.25,0,318,0,0,-0.0002555049431975931,4.487847805023193,1.6334809064865112,0.001478179357945919,0.0,0.22055809199810028
723,guidance_0_capability_0_safety_0,1,0.025380858598509803,227,0.42,0.0,0.375,0,574,0,0,-0.00012867122131865472,2.0824546813964844,1.6399625539779663,0.0008235269342549145,0.0,0.21562890708446503
724,guidance_0_capability_0_safety_0,1,0.10427734404220246,227,0.615625,0.0,0.625,0,830,0,0,-0.0007917222683317959,4.948402404785156,1.6329141855239868,-0.0002477280795574188,0.0,0.21812601387500763
725,guidance_0_capability_0_safety_0,1,0.06619140556722414,228,0.166875,0.0,0.0,0,86,0,0,-0.0019972336012870073,0.8467971682548523,1.6414636373519897,-0.0006202480872161686,0.0,0.209761381149292
726,guidance_0_capability_0_safety_0,1,0.17616210789128672,228,0.48125,0.0,0.25,0,342,0,0,-0.0013299273559823632,3.412853956222534,1.6494117975234985,-0.00021660032507497817,0.0,0.2090221494436264
727,guidance_0_capability_0_safety_0,1,0.022158202438731678,228,0.583125,0.0,0.25,0,598,0,0,-0.0002933577634394169,1.333361029624939,1.6549879312515259,-0.0003024549223482609,0.0,0.20750652253627777
728,guidance_0_capability_0_safety_0,1,0.047460936024435796,228,0.7075,0.0,0.375,0,854,0,0,-0.0012533199042081833,3.1517181396484375,1.6608037948608398,0.0002839007938746363,0.0,0.20373310148715973
729,guidance_0_capability_0_safety_0,1,0.13929687497147825,229,0.21875,0.0,0.125,0,110,0,0,-0.0005858633667230606,1.6060932874679565,1.654414176940918,0.00035602334537543356,0.0,0.20829176902770996
730,guidance_0_capability_0_safety_0,1,0.13567382817564066,229,0.465625,0.0,0.375,0,366,0,0,-0.002754775108769536,2.223689079284668,1.675181269645691,-0.0002790119906421751,0.0,0.1965576857328415
731,guidance_0_capability_0_safety_0,1,-0.007978516026923899,229,0.51625,0.0,0.375,0,622,0,0,-0.002029327442869544,1.3029569387435913,1.6676567792892456,-0.0008403562824241817,0.0,0.20294098556041718
732,guidance_0_capability_0_safety_0,1,0.09576171851949766,229,0.699375,0.0,0.625,0,878,0,0,0.00026006842381320894,5.282215118408203,1.666420578956604,0.000603988126385957,0.0,0.20141245424747467
733,guidance_0_capability_0_safety_0,1,0.11691406236786861,230,0.196875,0.0,0.125,0,134,0,0,-0.00041057480848394334,1.3857001066207886,1.6652945280075073,0.00034458949812687933,0.0,0.20724523067474365
734,guidance_0_capability_0_safety_0,1,0.1233886706395424,230,0.400625,0.0,0.5,0,390,0,0,-0.0007185919093899429,3.1596198081970215,1.669355034828186,-2.0984249204047956e-05,0.0,0.20353861153125763
735,guidance_0_capability_0_safety_0,1,0.01320312433381332,230,0.49375,0.0,0.5,0,646,0,0,-0.0010060379281640053,0.6954184770584106,1.6655259132385254,1.6150685041793622e-05,0.0,0.19964711368083954
736,guidance_0_capability_0_safety_0,1,0.034648437387659214,230,0.608125,0.0,0.5,0,902,0,0,-0.00023677821445744485,2.7230944633483887,1.6640162467956543,0.00040179770439863205,0.0,0.20051665604114532
737,guidance_0_capability_0_safety_0,1,0.16179687224939698,231,0.244375,0.0,0.375,0,158,0,0,-0.001499631442129612,1.2649390697479248,1.6556271314620972,-0.0006423902814276516,0.0,0.20801524817943573
738,guidance_0_capability_0_safety_0,1,0.02435546848573722,231,0.350625,0.0,0.375,0,414,0,0,-0.0007073373417370021,1.625549077987671,1.6632575988769531,0.0009961100295186043,0.0,0.20303909480571747
739,guidance_0_capability_0_safety_0,1,0.16156249899358954,231,0.641875,0.0,0.625,0,670,0,0,-0.0008660104940645397,6.5546040534973145,1.6659177541732788,0.00044370521209202707,0.0,0.1973995566368103
740,guidance_0_capability_0_safety_0,1,0.06276367171449238,231,0.785625,0.0,0.75,0,926,0,0,-0.0005863212863914669,0.9180222153663635,1.6604795455932617,-0.0003719995729625225,0.0,0.2078438550233841
741,guidance_0_capability_0_safety_0,1,0.14028320094803348,233,0.2825,0.0,0.125,0,161,0,0,-0.00038800729089416564,19.979293823242188,1.6538463830947876,-0.00010040992492577061,0.0,0.21044421195983887
742,guidance_0_capability_0_safety_0,1,0.05361328087747097,233,0.41625,0.0,0.25,0,417,0,0,-0.0023834577295929193,0.91826331615448,1.6705111265182495,0.0001511552109150216,0.0,0.20673637092113495
743,guidance_0_capability_0_safety_0,1,0.0633203118268284,233,0.56625,0.0,0.375,0,673,0,0,-0.0024342031683772802,1.8603824377059937,1.6667131185531616,-0.00024222380307037383,0.0013020833721384406,0.20340496301651
744,guidance_0_capability_0_safety_0,1,0.030576171266147867,233,0.681875,0.0,0.375,0,929,0,0,-0.001663078903220594,1.0523910522460938,1.6663532257080078,0.0023526784498244524,0.0,0.20820869505405426
745,guidance_0_capability_0_safety_0,1,0.11352538996652584,234,0.23125,0.0,0.125,0,185,0,0,-0.0019873075652867556,2.764291286468506,1.6520477533340454,-0.0006258295034058392,0.0,0.20374436676502228
746,guidance_0_capability_0_safety_0,1,0.09827148268232122,234,0.418125,0.0,0.375,0,441,0,0,-0.001924582407809794,3.9283151626586914,1.665169596672058,0.0008099319529719651,0.0,0.2072504162788391
747,guidance_0_capability_0_safety_0,1,0.04422851535491645,234,0.551875,0.0,0.375,0,697,0,0,-0.0029963247943669558,0.9323762655258179,1.6470168828964233,-0.0006385456654243171,0.0,0.2131853848695755
748,guidance_0_capability_0_safety_0,1,0.04668945171579253,234,0.6525,0.0,0.625,0,953,0,0,0.0006395618547685444,3.60060453414917,1.6168346405029297,0.0003300062380731106,0.0,0.22575505077838898
749,guidance_0_capability_0_safety_0,1,0.1983007793824072,235,0.33125,0.0,0.375,0,209,0,0,-0.0019441683543846011,3.1308391094207764,1.591037392616272,0.000666285865008831,0.0,0.23130398988723755
750,guidance_0_capability_0_safety_0,1,0.07131835954351118,235,0.494375,0.0,0.5,0,465,0,0,-0.0020590759813785553,2.4886765480041504,1.5661722421646118,0.002230094512924552,0.0,0.2332027107477188
751,guidance_0_capability_0_safety_0,1,0.04502929698355729,235,0.60375,0.0,0.625,0,721,0,0,-0.002584172412753105,2.027768135070801,1.5509854555130005,-0.0019388082437217236,0.0,0.25653791427612305
752,guidance_0_capability_0_safety_0,1,0.03148437340496457,235,0.68,0.0,0.875,0,977,0,0,-0.005389401223510504,1.0234637260437012,1.5392056703567505,0.0018668366828933358,0.0026041667442768812,0.24994118511676788
753,guidance_0_capability_0_safety_0,1,0.2170507795890444,238,0.245,0.0,0.5,0,145,0,0,0.00023192353546619415,33.6733283996582,1.4913896322250366,0.0016903876094147563,0.0052083334885537624,0.25815069675445557
754,guidance_0_capability_0_safety_0,1,0.13060546848282684,238,0.50125,0.0,0.625,0,401,0,0,0.0019077236065641046,2.392380714416504,1.4733175039291382,-0.00011156049004057422,0.0,0.2735430896282196
755,guidance_0_capability_0_safety_0,1,0.04902343608409865,238,0.588125,0.0,1.0,0,657,0,0,-0.005862218793481588,3.4336600303649902,1.4269548654556274,0.004047924652695656,0.00390625,0.2908937633037567
756,guidance_0_capability_0_safety_0,1,0.04010742168975412,238,0.710625,0.0,1.0,0,913,0,0,-0.008870460093021393,0.6468579173088074,1.3567112684249878,-0.0016496045282110572,0.0325520820915699,0.31418490409851074
757,guidance_0_capability_0_safety_0,1,0.10831054747177404,239,0.153125,0.0,0.25,0,169,0,0,-0.0037257205694913864,4.380093574523926,1.289799451828003,0.0067068166099488735,0.2005208283662796,0.33150923252105713
758,guidance_0_capability_0_safety_0,1,0.1279003921081312,239,0.365,0.0,0.625,0,425,0,0,0.0028873365372419357,5.2396368980407715,1.2596101760864258,0.004340347368270159,0.0,0.35001394152641296
759,guidance_0_capability_0_safety_0,1,0.07572265370981768,242,0.12125,0.0,0.125,0,59,0,0,-0.0034544619265943766,42.103065490722656,1.20610773563385,0.0015255357138812542,0.0,0.3779261112213135
760,guidance_0_capability_0_safety_0,1,-0.032324219901056495,245,0.149375,0.0,0.125,0,108,0,0,0.00012062551832059398,59.98710632324219,1.1738954782485962,0.0025075620505958796,0.0,0.39693745970726013
761,guidance_0_capability_0_safety_0,1,-0.010751954341685632,246,0.0275,0.0,0.0,0,22,0,0,0.000533250451553613,13.287888526916504,1.1565178632736206,0.0011368185514584184,0.0,0.41004347801208496
762,guidance_0_capability_0_safety_0,1,0.06505858985838131,249,0.26125,0.0,0.5,0,167,0,0,-0.0009708395227789879,52.838722229003906,1.137662410736084,-0.0002592317759990692,0.0,0.4304398000240326
763,guidance_0_capability_0_safety_0,1,0.01422851330426056,249,0.41125,0.0,0.5,0,423,0,0,-0.000687645748257637,5.347424507141113,1.1443278789520264,0.00022345611068885773,0.0,0.42049717903137207
764,guidance_0_capability_0_safety_0,1,0.024062497319391696,250,0.211875,0.0,0.0,0,193,0,0,-0.00042054677032865584,17.48908805847168,1.1300928592681885,2.971912363136653e-05,0.0,0.4418692886829376
765,guidance_0_capability_0_safety_0,1,-0.03181640697948751,252,0.180625,0.0,0.0,0,159,0,0,0.0001883270888356492,20.04629135131836,1.1219223737716675,-0.00020303561177570373,0.0,0.45252761244773865
766,guidance_0_capability_0_safety_0,1,-0.07770508120302111,253,0.019375,0.0,0.0,0,18,0,0,4.921915751765482e-05,17.78382110595703,1.1233561038970947,5.109763515065424e-05,0.0,0.4459247887134552
767,guidance_0_capability_0_safety_0,1,0.12193359370576218,254,0.266875,0.0,0.375,0,222,0,0,-0.0003342957643326372,21.79315948486328,1.1596571207046509,-5.0108104915125296e-05,0.0,0.42225882411003113
768,guidance_0_capability_0_safety_0,1,0.00015624881780240685,255,0.026875,0.0,0.0,0,22,0,0,-0.001590107218362391,6.786586284637451,1.1645417213439941,-0.0006947371293790638,0.0,0.4245554506778717
769,guidance_0_capability_0_safety_0,1,0.09595703213562956,256,0.23125,0.0,0.25,0,241,0,0,-0.002280021784827113,10.743213653564453,1.1385921239852905,0.0012040071887895465,0.0,0.4266640841960907
770,guidance_0_capability_0_safety_0,1,0.2189746105868835,256,0.54875,0.0,0.875,0,497,0,0,0.0006755783106200397,15.50804328918457,1.129299521446228,0.0007883505895733833,0.0,0.44692718982696533
771,guidance_0_capability_0_safety_0,1,-0.07624023703101557,256,0.611875,0.0,0.875,0,753,0,0,0.0003770083421841264,4.979706764221191,1.1195493936538696,-0.0001711854711174965,0.0,0.46770477294921875
772,guidance_0_capability_0_safety_0,1,0.2025488291947113,257,0.356875,0.0,0.25,0,240,0,0,-1.114265342039289e-05,6.83927583694458,1.1119039058685303,-0.0002797649649437517,0.0,0.44973862171173096
773,guidance_0_capability_0_safety_0,1,-0.10416992523460067,260,0.104375,0.0,0.25,0,54,0,0,-9.398379916092381e-05,38.325904846191406,1.1281479597091675,-4.896444079349749e-05,0.0,0.4644550383090973
774,guidance_0_capability_0_safety_0,1,0.13030273513140855,262,0.09125,0.0,0.0,0,81,0,0,-0.002922159619629383,9.411168098449707,1.1111010313034058,0.00022737029939889908,0.0,0.4506411850452423
775,guidance_0_capability_0_safety_0,1,0.13037109468132257,262,0.323125,0.0,0.25,0,337,0,0,-0.003388894721865654,5.223189830780029,1.100653052330017,0.00013105105608701706,0.0,0.4581908881664276
776,guidance_0_capability_0_safety_0,1,0.15887695443234406,262,0.563125,0.0,0.75,0,593,0,0,-0.0014307262608781457,11.04112434387207,1.0791752338409424,0.0005993405357003212,0.0,0.46280527114868164
777,guidance_0_capability_0_safety_0,1,-0.023349611368757905,263,0.0375,0.0,0.0,0,25,0,0,0.0007502094958908856,11.71696662902832,1.038448452949524,0.0014761049533262849,0.0,0.4780873954296112
778,guidance_0_capability_0_safety_0,1,0.02718749850464519,264,0.241875,0.0,0.0,0,180,0,0,-0.0007268476183526218,18.67307472229004,1.0240347385406494,9.077120193978772e-05,0.0,0.5051125288009644
779,guidance_0_capability_0_safety_0,1,0.13812500222411472,264,0.448125,0.0,0.5,0,436,0,0,8.172417437890545e-05,8.427398681640625,1.0175389051437378,0.000266554910922423,0.0,0.5042051076889038
780,guidance_0_capability_0_safety_0,1,0.0943847655398713,264,0.656875,0.0,0.75,0,692,0,0,-0.0005529436166398227,6.866384983062744,1.0238840579986572,-1.0356307029724121e-05,0.0,0.5104979276657104
781,guidance_0_capability_0_safety_0,1,-0.12221680096990895,264,0.65875,0.0,0.75,0,948,0,0,-0.00010371270036557689,8.334750175476074,1.019718050956726,0.0001165706999017857,0.0,0.502285897731781
782,guidance_0_capability_0_safety_0,1,0.009775389400601853,268,0.025,0.0,0.0,0,31,0,0,-0.00023647335183341056,34.16145324707031,1.0016810894012451,0.00013544410467147827,0.0,0.5174172520637512
783,guidance_0_capability_0_safety_0,1,0.0035351528458704706,269,0.28625,0.0,0.125,0,173,0,0,-0.00023828943085391074,19.490570068359375,1.0028632879257202,-0.00012499776494223624,0.0,0.5265058875083923
784,guidance_0_capability_0_safety_0,1,-0.10834961220461992,273,0.26625,0.0,0.125,0,144,0,0,-0.0002762464282568544,24.831533432006836,0.991868793964386,2.365419641137123e-05,0.0,0.5300561785697937
785,guidance_0_capability_0_safety_0,1,0.07285156004945748,273,0.4675,0.0,0.5,0,400,0,0,-0.0008848886936903,3.960333824157715,0.9930214881896973,8.374685421586037e-05,0.0,0.5194959044456482
786,guidance_0_capability_0_safety_0,1,0.09208984355791472,273,0.6175,0.0,0.875,0,656,0,0,-0.00039236294105648994,5.4476728439331055,0.9766664505004883,-0.0003387319447938353,0.0,0.5386475920677185
787,guidance_0_capability_0_safety_0,1,0.027236328256549314,273,0.7025,0.0,1.0,0,912,0,0,-0.0028842228930443525,1.165189266204834,0.9971415996551514,6.247436249395832e-05,0.0,0.5204125046730042
788,guidance_0_capability_0_safety_0,1,0.04769531253259629,275,0.186875,0.0,0.25,0,153,0,0,-0.0015116693684831262,6.943048000335693,1.08330500125885,-0.0018941921880468726,0.1223958358168602,0.47100505232810974
789,guidance_0_capability_0_safety_0,1,0.09666015439142939,276,0.085,0.0,0.125,0,36,0,0,-0.0018913823878392577,12.41730785369873,1.1457618474960327,0.0008940848638303578,0.0,0.4401235282421112
790,guidance_0_capability_0_safety_0,1,0.06952148725758889,277,0.045,0.0,0.0,0,99,0,0,0.0008542342111468315,20.045198440551758,1.18855881690979,0.002906227484345436,0.0,0.42307791113853455
791,guidance_0_capability_0_safety_0,1,0.12109374825377017,277,0.41125,0.0,0.375,0,355,0,0,-0.001864221878349781,11.593522071838379,1.2033004760742188,0.0014112064382061362,0.0,0.40277624130249023
792,guidance_0_capability_0_safety_0,1,0.03577148396288976,277,0.5775,0.0,0.625,0,611,0,0,-0.0017096280353143811,3.0111470222473145,1.2152594327926636,0.0008619058062322438,0.0,0.38997992873191833
793,guidance_0_capability_0_safety_0,1,-0.03644531601094059,277,0.65125,0.0,0.75,0,867,0,0,-0.0022250807378441095,5.588900566101074,1.215714454650879,9.917809620674234e-06,0.0,0.3788870573043823
794,guidance_0_capability_0_safety_0,1,-0.06277343433976057,279,0.14,0.0,0.375,0,86,0,0,5.9992074966430664e-05,27.534883499145508,1.2140663862228394,0.000661636411678046,0.0,0.37769415974617004
795,guidance_0_capability_0_safety_0,1,0.016484371950355126,279,0.345625,0.0,0.375,0,342,0,0,-0.0007042580400593579,8.133857727050781,1.2331680059432983,0.0008863874827511609,0.0,0.39067542552948
796,guidance_0_capability_0_safety_0,1,0.08520507605499006,279,0.525625,0.0,0.625,0,598,0,0,-0.0011326795211061835,4.246087074279785,1.2338675260543823,0.0008946739253588021,0.0,0.38178586959838867
797,guidance_0_capability_0_safety_0,1,0.06496093894384103,279,0.723125,0.0,0.875,0,854,0,0,0.00012519799929577857,3.4775333404541016,1.2592161893844604,0.00022779575374443084,0.0,0.3616291582584381
798,guidance_0_capability_0_safety_0,1,0.026123045910935616,281,0.190625,0.0,0.0,0,172,0,0,-0.0007187977316789329,16.958005905151367,1.245294213294983,0.0005925533478148282,0.0,0.3637082278728485
799,guidance_0_capability_0_safety_0,1,0.16871093813097104,281,0.466875,0.0,0.375,0,428,0,0,-0.00099066027905792,8.972089767456055,1.265949010848999,-0.00017633273091632873,0.0,0.3563786447048187
800,guidance_0_capability_0_safety_0,1,-0.03086914167215582,281,0.520625,0.0,0.375,0,684,0,0,-0.0007576835341751575,2.4192628860473633,1.2493559122085571,0.00012841681018471718,0.0,0.35962799191474915
801,guidance_0_capability_0_safety_0,1,-0.013320312908035703,281,0.55875,0.0,0.375,0,940,0,0,-0.0020635577384382486,0.5416370630264282,1.2253016233444214,-0.0011426177807152271,0.0,0.37899670004844666
802,guidance_0_capability_0_safety_0,1,0.08635741861144197,282,0.30125,0.0,0.25,0,196,0,0,0.0006718803197145462,11.582698822021484,1.217769980430603,-0.0004563024267554283,0.0,0.38266560435295105
803,guidance_0_capability_0_safety_0,1,0.05541992150756414,282,0.436875,0.0,0.25,0,452,0,0,-0.003916870802640915,1.7228062152862549,1.234039545059204,-0.0009764398564584553,0.0,0.36815786361694336
804,guidance_0_capability_0_safety_0,1,0.02405273399563157,282,0.508125,0.0,0.5,0,708,0,0,4.351589086581953e-05,4.693386077880859,1.2559319734573364,-0.0005419443477876484,0.0065104165114462376,0.36183592677116394
805,guidance_0_capability_0_safety_0,1,-0.012226563165313564,282,0.610625,0.0,0.5,0,964,0,0,-0.0003045847115572542,2.8145294189453125,1.2663456201553345,-0.0007370323874056339,0.0,0.35852620005607605
806,guidance_0_capability_0_safety_0,1,-0.03758788870982244,287,0.04625,0.0,0.0,0,24,0,0,0.00016089621931314468,40.13401794433594,1.2966420650482178,0.00012556137517094612,0.0,0.3408115804195404
807,guidance_0_capability_0_safety_0,1,0.20936523441923782,289,0.085,0.0,0.125,0,38,0,0,0.0004845553485210985,16.67937469482422,1.3021823167800903,-0.0005860000965185463,0.0,0.3403942584991455
808,guidance_0_capability_0_safety_0,1,0.10055664067112957,289,0.35125,0.0,0.25,0,294,0,0,-0.0012261302908882499,5.404969215393066,1.326371192932129,-0.00027312603197060525,0.0,0.3339436948299408
809,guidance_0_capability_0_safety_0,1,0.03123046825930942,289,0.475625,0.0,0.375,0,550,0,0,-0.004455402493476868,3.412337303161621,1.3233803510665894,0.00048722061910666525,0.0,0.33428943157196045
810,guidance_0_capability_0_safety_0,1,0.097480467899004,289,0.66375,0.0,0.75,0,806,0,0,-0.002888275310397148,3.8620970249176025,1.3479862213134766,0.002909226343035698,0.0,0.3262518346309662
811,guidance_0_capability_0_safety_0,1,0.11772460742213298,290,0.139375,0.0,0.25,0,62,0,0,0.0003129268588963896,5.269972801208496,1.3477169275283813,-8.926726877689362e-07,0.0,0.3342691659927368
812,guidance_0_capability_0_safety_0,1,0.07008788974053459,293,0.125625,0.0,0.0,0,109,0,0,-0.0014876857167109847,24.917936325073242,1.3597345352172852,0.0004556594940368086,0.0,0.32563063502311707
813,guidance_0_capability_0_safety_0,1,0.15594726335984888,293,0.435,0.0,0.125,0,365,0,0,-0.0009650383144617081,7.018617630004883,1.3901114463806152,0.000519569031894207,0.0,0.32163989543914795
814,guidance_0_capability_0_safety_0,1,0.1735546881245682,293,0.721875,0.0,0.5,0,621,0,0,7.302345329662785e-05,4.688109874725342,1.380925178527832,5.481205880641937e-05,0.0,0.32243719696998596
815,guidance_0_capability_0_safety_0,1,0.036503905979770934,293,0.796875,0.0,0.75,0,877,0,0,-0.0020174954552203417,1.439668893814087,1.3588045835494995,-0.0006414218805730343,0.0,0.33341360092163086
816,guidance_0_capability_0_safety_0,1,0.15060546950189746,294,0.2275,0.0,0.5,0,133,0,0,-0.00025940933846868575,4.021824836730957,1.3589106798171997,0.0009464148315601051,0.0,0.3283810317516327
817,guidance_0_capability_0_safety_0,1,0.11230468926078174,294,0.450625,0.0,0.625,0,389,0,0,-0.00024876059615053236,4.442427158355713,1.3663159608840942,-0.0001643028372200206,0.0,0.33505961298942566
818,guidance_0_capability_0_safety_0,1,0.07837890517839696,294,0.62,0.0,0.75,0,645,0,0,-0.0005879215896129608,4.1034770011901855,1.358552098274231,1.5037755474622827e-05,0.0,0.3359929025173187
819,guidance_0_capability_0_safety_0,1,0.10518554720329121,294,0.81375,0.0,1.0,0,901,0,0,-0.0009691305458545685,3.1815366744995117,1.3466590642929077,0.00012533630069810897,0.0,0.34083688259124756
820,guidance_0_capability_0_safety_0,1,0.09483398380325525,295,0.209375,0.0,0.0,0,157,0,0,-0.0005129966884851456,1.2491763830184937,1.3563013076782227,-1.1727989658538718e-05,0.0,0.3276725709438324
821,guidance_0_capability_0_safety_0,1,0.11829101464536507,295,0.41875,0.0,0.25,0,413,0,0,-0.001981464447453618,4.20149040222168,1.3715214729309082,4.284192618797533e-05,0.0,0.3288504183292389
822,guidance_0_capability_0_safety_0,1,0.12147460934647825,295,0.611875,0.0,0.625,0,669,0,0,-0.0005930733750574291,2.1441190242767334,1.409460186958313,-0.0014022736577317119,0.0,0.3075602352619171
823,guidance_0_capability_0_safety_0,1,-0.0014648439500888344,295,0.67125,0.0,0.625,0,925,0,0,-0.0014255833812057972,0.8228369951248169,1.3764756917953491,-0.0009539079037494957,0.0,0.3239322602748871
824,guidance_0_capability_0_safety_0,1,0.11321289095212705,297,0.2425,0.0,0.5,0,162,0,0,0.00023007004347164184,17.79154396057129,1.3845912218093872,0.0003808815963566303,0.0,0.32747504115104675
825,guidance_0_capability_0_safety_0,1,0.16577148681972176,297,0.5325,0.0,0.75,0,418,0,0,-0.00031610982841812074,3.967221736907959,1.4249802827835083,0.0005652426625601947,0.0,0.3211172819137573
826,guidance_0_capability_0_safety_0,1,0.0517773436877178,297,0.678125,0.0,0.75,0,674,0,0,-0.007211426738649607,0.8065826892852783,1.429418683052063,0.0022238364908844233,0.0,0.3194481134414673
827,guidance_0_capability_0_safety_0,1,0.01682617220649263,297,0.771875,0.0,0.75,0,930,0,0,-0.004105697851628065,1.4585758447647095,1.458901047706604,-0.00010186821600655094,0.0,0.2996956706047058
828,guidance_0_capability_0_safety_0,1,0.17834960819527623,298,0.294375,0.0,0.375,0,186,0,0,0.004413678776472807,3.968691825866699,1.4703437089920044,0.0022072948049753904,0.0,0.29847362637519836
829,guidance_0_capability_0_safety_0,1,0.16551757928391453,298,0.584375,0.0,0.625,0,442,0,0,-0.0019565727561712265,3.670985460281372,1.481107234954834,-0.001114220474846661,0.0,0.294789582490921
830,guidance_0_capability_0_safety_0,1,0.0909863274282543,298,0.7925,0.0,0.625,0,698,0,0,0.00046381913125514984,2.156090259552002,1.4432411193847656,0.0009032633970491588,0.0,0.3073219060897827
831,guidance_0_capability_0_safety_0,1,0.0016308593039866537,298,0.856875,0.0,0.625,0,954,0,0,-0.00026096185320056975,1.7913625240325928,1.4410187005996704,0.00012957754370290786,0.0,0.32489272952079773
832,guidance_0_capability_0_safety_0,1,0.1369042965452536,299,0.254375,0.0,0.25,0,210,0,0,-0.0009238873608410358,2.7958476543426514,1.4622368812561035,-0.00024462738656438887,0.0,0.2949625253677368
833,guidance_0_capability_0_safety_0,1,-0.038056641118600965,299,0.255625,0.0,0.25,0,466,0,0,-0.001637496636249125,4.32110595703125,1.434540867805481,0.001111984602175653,0.0,0.3265388607978821
834,guidance_0_capability_0_safety_0,1,0.1777343738503987,299,0.5425,0.0,0.625,0,722,0,0,0.0007443263311870396,6.824371814727783,1.4800901412963867,-3.565366569091566e-05,0.0,0.2943981885910034
835,guidance_0_capability_0_safety_0,1,0.07419921750988578,299,0.70125,0.0,0.75,0,978,0,0,-0.001672613900154829,2.363553762435913,1.4706579446792603,-0.00010336408013245091,0.0,0.30309101939201355
836,guidance_0_capability_0_safety_0,1,0.20349609159165993,300,0.264375,0.0,0.625,0,234,0,0,-0.0009497632272541523,1.824408769607544,1.5021085739135742,-0.0006445813924074173,0.0,0.28290224075317383
837,guidance_0_capability_0_safety_0,1,0.14932617049271357,300,0.523125,0.0,0.875,0,490,0,0,1.8903674572356977e-05,3.3455708026885986,1.5253711938858032,0.00017485224816482514,0.0,0.26900947093963623
838,guidance_0_capability_0_safety_0,1,0.055029295861459104,300,0.64125,0.0,1.0,0,746,0,0,-0.0012183344224467874,1.7539788484573364,1.5152240991592407,9.904646867653355e-05,0.0,0.2763976752758026
839,guidance_0_capability_0_safety_0,1,0.000126952538266778,301,0.0075,0.0,0.0,0,2,0,0,-0.0006045165355317295,0.7433593273162842,1.513960361480713,-0.000547221687156707,0.0,0.28168144822120667
840,guidance_0_capability_0_safety_0,1,0.17720702956648893,302,0.2725,0.0,0.375,0,240,0,0,-0.0005685160867869854,20.21522331237793,1.5388563871383667,0.0007545589469373226,0.0,0.25365880131721497
841,guidance_0_capability_0_safety_0,1,0.15394531365745934,302,0.54125,0.0,0.625,0,496,0,0,-0.0008974044467322528,5.478795051574707,1.542582392692566,0.00034749959013424814,0.0,0.2720649242401123
842,guidance_0_capability_0_safety_0,1,0.028369139839924173,302,0.656875,0.0,0.625,0,752,0,0,-0.0017166401958093047,1.2390787601470947,1.5440292358398438,0.0004938154597766697,0.0,0.2602645456790924
843,guidance_0_capability_0_safety_0,1,-0.007353516095463419,303,0.0175,0.0,0.0,0,8,0,0,-4.042374712298624e-05,0.6948627829551697,1.5533456802368164,-0.0003103621711488813,0.0,0.25812047719955444
844,guidance_0_capability_0_safety_0,1,0.27479491995472927,304,0.440625,0.0,0.625,0,247,0,0,0.00019786941993515939,19.72544288635254,1.573369026184082,0.00022892963897902519,0.0,0.25215527415275574
845,guidance_0_capability_0_safety_0,1,0.04907226571231149,304,0.528125,0.0,0.875,0,503,0,0,-0.00034950333065353334,1.4051523208618164,1.579127311706543,0.0005130025674588978,0.0,0.2508529722690582
846,guidance_0_capability_0_safety_0,1,0.03346679690366727,304,0.64,0.0,0.875,0,759,0,0,-0.001619147602468729,2.060274124145508,1.553957462310791,0.000295564386760816,0.0,0.2638733685016632
847,guidance_0_capability_0_safety_0,1,-0.02010742199490778,306,0.015625,0.0,0.0,0,9,0,0,-0.00014681555330753326,9.483732223510742,1.5662317276000977,0.0004611029289662838,0.0,0.24745894968509674
848,guidance_0_capability_0_safety_0,1,0.27905273518990725,306,0.46625,0.0,0.375,0,265,0,0,0.0001164084897027351,7.2493062019348145,1.5728093385696411,0.0007254948723129928,0.0,0.2509542405605316
849,guidance_0_capability_0_safety_0,1,0.039667969293077476,306,0.575625,0.0,0.5,0,521,0,0,-0.0005465356516651809,1.6505603790283203,1.5582075119018555,-0.00042696730815805495,0.0,0.25264400243759155
850,guidance_0_capability_0_safety_0,1,0.046552734234865056,306,0.68625,0.0,0.625,0,777,0,0,-0.006147053092718124,0.7794408798217773,1.5463380813598633,0.0016691884957253933,0.02213541604578495,0.25826090574264526
851,guidance_0_capability_0_safety_0,1,0.04833984286960913,307,0.054375,0.0,0.25,0,33,0,0,-0.004766065161675215,0.9644109606742859,1.5369387865066528,0.004142292309552431,0.01822916604578495,0.25294581055641174
852,guidance_0_capability_0_safety_0,1,0.16826172031869646,307,0.35375,0.0,0.5,0,289,0,0,0.0004102842358406633,2.2082223892211914,1.5114208459854126,0.0031620413064956665,0.0,0.2702929973602295
853,guidance_0_capability_0_safety_0,1,0.059345704517909326,307,0.456875,0.0,0.875,0,545,0,0,-0.002978092757984996,5.760724067687988,1.5003291368484497,0.0012149846879765391,0.0,0.2762482464313507
854,guidance_0_capability_0_safety_0,1,-0.03462890681112185,307,0.465625,0.0,0.875,0,801,0,0,0.0009901163866743445,0.6127430200576782,1.4848507642745972,0.0008249240927398205,0.0,0.2777523100376129
855,guidance_0_capability_0_safety_0,1,0.045195312035502866,308,0.1275,0.0,0.0,0,57,0,0,-0.0007709438796155155,0.7577829957008362,1.4682308435440063,0.0007312623783946037,0.0,0.2800462543964386
856,guidance_0_capability_0_safety_0,1,0.024033202789723873,308,0.230625,0.0,0.0,0,313,0,0,6.417371332645416e-05,4.62346887588501,1.4849284887313843,0.00011095466470578685,0.0,0.2705070674419403
857,guidance_0_capability_0_safety_0,1,0.03439453181636054,308,0.331875,0.0,0.125,0,569,0,0,-0.0004022299835924059,2.2282004356384277,1.4758518934249878,-2.365481668675784e-05,0.0,0.2798345386981964
858,guidance_0_capability_0_safety_0,1,-0.0258691408962477,308,0.355625,0.0,0.125,0,825,0,0,-0.0005757442559115589,0.45726245641708374,1.466726303100586,0.0002535202947910875,0.0,0.28030386567115784
859,guidance_0_capability_0_safety_0,1,0.013886717864806997,309,0.0875,0.0,0.0,0,81,0,0,-0.0006750365719199181,0.4600610136985779,1.4526185989379883,-0.00015419861301779747,0.0,0.28184080123901367
860,guidance_0_capability_0_safety_0,1,0.0053222649585222825,309,0.160625,0.0,0.0,0,337,0,0,0.00024168875825125724,1.0525094270706177,1.4619117975234985,0.0006373392534442246,0.0,0.28633174300193787
861,guidance_0_capability_0_safety_0,1,-0.04001953185070306,309,0.160625,0.0,0.0,0,593,0,0,-0.00017551581549923867,0.32256221771240234,1.4626315832138062,0.00036097332485951483,0.0,0.2892802357673645
862,guidance_0_capability_0_safety_0,1,-0.0404199224722106,309,0.160625,0.0,0.0,0,849,0,0,-0.001572566688992083,0.05686894804239273,1.4679603576660156,-0.0007245049928314984,0.0,0.2753153443336487
863,guidance_0_capability_0_safety_0,1,0.17794921499444172,310,0.173125,0.0,0.25,0,105,0,0,-0.0007010768167674541,11.859699249267578,1.5031014680862427,0.0013779639266431332,0.0013020833721384406,0.2638610303401947
864,guidance_0_capability_0_safety_0,1,0.02318359371565748,310,0.275625,0.0,0.25,0,361,0,0,-7.030647248029709e-05,0.928130567073822,1.5038007497787476,0.0009794108336791396,0.0,0.26418960094451904
865,guidance_0_capability_0_safety_0,1,0.1915332031348953,310,0.571875,0.0,0.75,0,617,0,0,-0.0005756017635576427,14.329828262329102,1.5220037698745728,0.0003469850344117731,0.0,0.24695004522800446
866,guidance_0_capability_0_safety_0,1,-0.008115235017612576,310,0.623125,0.0,0.75,0,873,0,0,-0.00047337543219327927,0.2810189723968506,1.506851315498352,-0.00016031802806537598,0.0,0.26311686635017395
867,guidance_0_capability_0_safety_0,1,0.059570311597781256,311,0.145625,0.0,0.125,0,129,0,0,-0.003976425155997276,2.8471052646636963,1.4979878664016724,-0.0016224459977820516,0.0,0.25663837790489197
868,guidance_0_capability_0_safety_0,1,-0.0203222663840279,311,0.1775,0.0,0.125,0,385,0,0,-0.0002895317447837442,1.2771269083023071,1.5176997184753418,-0.00033406633883714676,0.0,0.25828495621681213
869,guidance_0_capability_0_safety_0,1,-0.029726563094300218,311,0.19375,0.0,0.125,0,641,0,0,-0.003985815681517124,0.2078576385974884,1.5011905431747437,0.001663464936427772,0.0,0.2665250599384308
870,guidance_0_capability_0_safety_0,1,0.09204101485374849,311,0.3675,0.0,0.375,0,897,0,0,-0.0018342285184189677,5.5156569480896,1.4792108535766602,0.001411238219588995,0.0,0.2700190246105194
871,guidance_0_capability_0_safety_0,1,0.10519531098543666,313,0.159375,0.0,0.25,0,146,0,0,-0.00014970793563406914,10.023061752319336,1.4711014032363892,0.0006545608048327267,0.0,0.27761030197143555
872,guidance_0_capability_0_safety_0,1,-0.01168945332756266,313,0.205625,0.0,0.25,0,402,0,0,-0.0010096090845763683,0.6679139137268066,1.492571234703064,-0.000656269199680537,0.0,0.26814714074134827
873,guidance_0_capability_0_safety_0,1,-0.010380859734141268,313,0.253125,0.0,0.25,0,658,0,0,-0.007987668737769127,0.20554327964782715,1.4565774202346802,0.00052269222214818,0.0026041667442768812,0.2747921943664551
874,guidance_0_capability_0_safety_0,1,0.06440429623762611,313,0.4,0.0,0.375,0,914,0,0,0.0013973787426948547,6.306029796600342,1.3834182024002075,0.0024451843928545713,0.10546875,0.31763574481010437
875,guidance_0_capability_0_safety_0,1,0.1715917965193512,314,0.251875,0.0,0.25,0,170,0,0,-0.00018599675968289375,3.521843433380127,1.3628125190734863,0.003126696916297078,0.0,0.3189920485019684
876,guidance_0_capability_0_safety_0,1,0.13925781269790605,314,0.461875,0.0,0.75,0,426,0,0,0.0003972711565438658,7.006762504577637,1.3369522094726562,-0.0002629547379910946,0.0,0.3444041907787323
877,guidance_0_capability_0_safety_0,1,0.05422851572802756,314,0.593125,0.0,0.875,0,682,0,0,-0.0007787388749420643,1.0893404483795166,1.3325892686843872,0.0015481729060411453,0.0,0.3258253037929535
878,guidance_0_capability_0_safety_0,1,0.015595701726851985,314,0.660625,0.0,1.0,0,938,0,0,-0.0006069708615541458,1.8778879642486572,1.3130720853805542,-0.00021899894636590034,0.0,0.3561062514781952
879,guidance_0_capability_0_safety_0,1,0.1535253882102552,315,0.254375,0.0,0.375,0,194,0,0,-0.0015518764266744256,2.865241050720215,1.350059151649475,0.0006468465435318649,0.0,0.33391889929771423
880,guidance_0_capability_0_safety_0,1,0.08498046878594323,315,0.45,0.0,0.375,0,450,0,0,-0.002159715397283435,0.5076978802680969,1.3925679922103882,-0.0021433881483972073,0.0,0.30310747027397156
881,guidance_0_capability_0_safety_0,1,0.043056642076408025,315,0.556875,0.0,0.5,0,706,0,0,-0.003478771774098277,1.8365854024887085,1.435916781425476,0.003831293433904648,0.0013020833721384406,0.30587026476860046
882,guidance_0_capability_0_safety_0,1,0.09976562447263859,315,0.7425,0.0,0.75,0,962,0,0,-0.0045924135483801365,3.704439163208008,1.461053729057312,0.00018304074183106422,0.0,0.28241533041000366
883,guidance_0_capability_0_safety_0,1,0.1627636712109961,317,0.281875,0.0,0.25,0,209,0,0,-0.0009000886348076165,13.080333709716797,1.4761675596237183,0.002393662231042981,0.0,0.2685876190662384
884,guidance_0_capability_0_safety_0,1,0.11569335988315288,317,0.51375,0.0,0.375,0,465,0,0,0.00015367504965979606,2.0057365894317627,1.4857200384140015,-0.0028196938801556826,0.0,0.26351767778396606
885,guidance_0_capability_0_safety_0,1,0.04181640538445208,317,0.603125,0.0,0.625,0,721,0,0,-0.0010989514412358403,2.330413579940796,1.4990876913070679,-0.0002444176934659481,0.0,0.2630106508731842
886,guidance_0_capability_0_safety_0,1,0.05835937367010047,317,0.73375,0.0,0.75,0,977,0,0,-0.0007966493139974773,2.1223721504211426,1.4902547597885132,0.00041533182957209647,0.0,0.26401618123054504
887,guidance_0_capability_0_safety_0,1,0.09648437393843778,320,0.216875,0.0,0.125,0,200,0,0,-0.00037016472197137773,35.05132293701172,1.5053201913833618,0.001439472776837647,0.0,0.2653655707836151
888,guidance_0_capability_0_safety_0,1,0.15575195122073637,320,0.4725,0.0,0.5,0,456,0,0,-0.002322061685845256,5.281001567840576,1.5272870063781738,-0.00029598036780953407,0.0,0.25673243403434753
889,guidance_0_capability_0_safety_0,1,0.06850585840584245,320,0.609375,0.0,0.75,0,712,0,0,-0.0002627155336085707,2.5533602237701416,1.51491117477417,-0.0006800919654779136,0.0,0.2543800175189972
890,guidance_0_capability_0_safety_0,1,0.08039062534226105,320,0.801875,0.0,0.75,0,968,0,0,-0.0004471908323466778,1.8496640920639038,1.5147494077682495,-0.0001458614133298397,0.0,0.2612939476966858
891,guidance_0_capability_0_safety_0,1,0.1875976566443569,322,0.296875,0.0,0.5,0,198,0,0,-0.0002120096905855462,24.247880935668945,1.5259274244308472,5.451931428979151e-05,0.0,0.2486417293548584
892,guidance_0_capability_0_safety_0,1,0.0885546879217145,322,0.4525,0.0,0.75,0,454,0,0,-0.0009265036787837744,2.3046276569366455,1.5307327508926392,0.0006973317940719426,0.0,0.254995733499527
893,guidance_0_capability_0_safety_0,1,0.1053417962648382,322,0.660625,0.0,0.875,0,710,0,0,-0.001529911532998085,3.7395780086517334,1.5185807943344116,-0.0009351920452900231,0.0,0.25707367062568665
894,guidance_0_capability_0_safety_0,1,-0.01295898465832579,322,0.699375,0.0,0.875,0,966,0,0,-0.0003069994563702494,0.9164243936538696,1.5277705192565918,-0.00013401157048065215,0.0,0.251669704914093
895,guidance_0_capability_0_safety_0,1,0.1546386698137212,323,0.255,0.0,0.375,0,222,0,0,-0.0007418746245093644,3.5833420753479004,1.540138840675354,0.0006882678717374802,0.0,0.23622794449329376
896,guidance_0_capability_0_safety_0,1,0.167285154293495,323,0.525625,0.0,0.75,0,478,0,0,1.3810272321279626e-05,4.759679794311523,1.5323671102523804,-4.985835403203964e-05,0.0,0.25098559260368347
897,guidance_0_capability_0_safety_0,1,0.08477539035811787,323,0.698125,0.0,0.875,0,734,0,0,-0.0011344527592882514,2.127876043319702,1.5226006507873535,-1.4030684724275488e-05,0.0,0.25323542952537537
898,guidance_0_capability_0_safety_0,1,0.025644530807767296,323,0.8025,0.0,0.875,0,990,0,0,-0.004141982179135084,1.0849404335021973,1.5096487998962402,0.0007902602665126324,0.0,0.260940283536911
899,guidance_0_capability_0_safety_0,1,0.16954101446390268,324,0.32375,0.0,0.125,0,246,0,0,-8.741611236473545e-05,1.415550708770752,1.4969907999038696,0.002436845563352108,0.0,0.25437673926353455
900,guidance_0_capability_0_safety_0,1,0.23331054660957307,324,0.6875,0.0,0.625,0,502,0,0,-0.0013091731816530228,6.529307842254639,1.491634726524353,1.804406383598689e-05,0.0,0.2615656554698944
901,guidance_0_capability_0_safety_0,1,0.0782617191580357,324,0.859375,0.0,0.75,0,758,0,0,-0.00041867667459882796,3.12168025970459,1.4683078527450562,-0.00044067049748264253,0.0,0.27061235904693604
902,guidance_0_capability_0_safety_0,1,0.007646485239092726,325,0.020625,0.0,0.0,0,14,0,0,-0.000814094499219209,0.7679466009140015,1.4876490831375122,0.00019031809642910957,0.0,0.27305567264556885
903,guidance_0_capability_0_safety_0,1,0.16215820245270152,325,0.304375,0.0,0.25,0,270,0,0,-0.0005832891911268234,5.138443946838379,1.5091139078140259,0.00016579001385252923,0.0,0.25895068049430847
904,guidance_0_capability_0_safety_0,1,0.04331054660724476,325,0.420625,0.0,0.375,0,526,0,0,-5.391286686062813e-05,3.0273802280426025,1.503347396850586,-0.0001947659329744056,0.0,0.2582451403141022
905,guidance_0_capability_0_safety_0,1,0.14926757626744802,325,0.668125,0.0,0.75,0,782,0,0,-6.168040999909863e-05,5.634444236755371,1.5026603937149048,0.0002239130699308589,0.0,0.25965484976768494
906,guidance_0_capability_0_safety_0,1,0.06745117215905339,326,0.0475,0.0,0.0,0,38,0,0,-0.0011331973364576697,1.645531415939331,1.4823309183120728,-0.0004054677265230566,0.0,0.27751195430755615
907,guidance_0_capability_0_safety_0,1,0.23551757614404778,326,0.405,0.0,0.5,0,294,0,0,-0.0004247715696692467,3.998250961303711,1.5219250917434692,0.001027342863380909,0.0,0.26382842659950256
908,guidance_0_capability_0_safety_0,1,0.059062499276478775,326,0.565,0.0,0.5,0,550,0,0,-0.00015421149146277457,2.0388271808624268,1.5007842779159546,0.0006172399153001606,0.0,0.2657325267791748
909,guidance_0_capability_0_safety_0,1,0.018330077997234184,326,0.639375,0.0,0.625,0,806,0,0,0.0001352640538243577,1.5720387697219849,1.5179485082626343,-0.000565414025913924,0.0,0.26161250472068787
910,guidance_0_capability_0_safety_0,1,0.11984374965686584,327,0.105,0.0,0.0,0,62,0,0,-0.001267264480702579,2.3680083751678467,1.5347520112991333,-0.000675717368721962,0.0,0.24790211021900177
911,guidance_0_capability_0_safety_0,1,0.12540038780934992,327,0.319375,0.0,0.25,0,318,0,0,-0.0009379209950566292,2.7816383838653564,1.5334581136703491,0.00021226501849014312,0.0,0.24706770479679108
912,guidance_0_capability_0_safety_0,1,0.11475585802691057,327,0.548125,0.0,0.375,0,574,0,0,-0.0011982453288510442,2.271461009979248,1.5073827505111694,0.0007414862629957497,0.0,0.2571345269680023
913,guidance_0_capability_0_safety_0,1,0.13973632545094006,327,0.7425,0.0,1.0,0,830,0,0,-4.743412137031555e-05,11.778255462646484,1.4870914220809937,-0.0004638390091713518,0.0,0.27589836716651917
914,guidance_0_capability_0_safety_0,1,0.10632812431140337,328,0.164375,0.0,0.0,0,86,0,0,-0.0013366020284593105,1.228624701499939,1.5162659883499146,3.7243589758872986e-06,0.0,0.25013503432273865
915,guidance_0_capability_0_safety_0,1,0.17086913959064987,328,0.4625,0.0,0.25,0,342,0,0,-0.0004951376467943192,4.2187275886535645,1.4848169088363647,7.461259519914165e-05,0.0,0.26800936460494995
916,guidance_0_capability_0_safety_0,1,0.030302732731797732,328,0.545,0.0,0.5,0,598,0,0,-0.0012865433236584067,4.580327987670898,1.448657512664795,-0.0007314885151572526,0.0,0.297969251871109
917,guidance_0_capability_0_safety_0,1,-0.03345703186641913,328,0.55625,0.0,0.5,0,854,0,0,-0.0012513188412413,1.4535107612609863,1.4268441200256348,0.0006969577516429126,0.0,0.30641987919807434
918,guidance_0_capability_0_safety_0,1,0.1597753885871498,329,0.243125,0.0,0.375,0,110,0,0,-0.0002652723342180252,3.449458122253418,1.4615212678909302,0.0002637027355376631,0.0,0.28842881321907043
919,guidance_0_capability_0_safety_0,1,0.09785156129510142,329,0.446875,0.0,0.5,0,366,0,0,-0.0008945309673435986,1.9340219497680664,1.4692827463150024,0.00018579621973913163,0.0,0.27983358502388
920,guidance_0_capability_0_safety_0,1,0.006494140267022885,329,0.523125,0.0,0.5,0,622,0,0,-0.0005390755832195282,1.74619460105896,1.43293297290802,-0.0009107684600166976,0.0,0.31108787655830383
921,guidance_0_capability_0_safety_0,1,-0.03459960999316536,329,0.533125,0.0,0.5,0,878,0,0,-8.570371574023739e-05,0.6565970778465271,1.4072047472000122,-0.0003202053194399923,0.0,0.32696694135665894
922,guidance_0_capability_0_safety_0,1,0.08904296785476618,330,0.171875,0.0,0.25,0,134,0,0,-0.00044762808829545975,1.9835774898529053,1.4023040533065796,-0.00021978684526402503,0.0,0.321331262588501
923,guidance_0_capability_0_safety_0,1,0.03459960871259682,330,0.255,0.0,0.5,0,390,0,0,-0.0005114219966344535,3.096492290496826,1.4099382162094116,0.0006849085912108421,0.0,0.3118169903755188
924,guidance_0_capability_0_safety_0,1,-0.006845703854196472,330,0.308125,0.0,0.5,0,646,0,0,9.385962039232254e-05,0.728278636932373,1.418001651763916,-3.862784433295019e-05,0.0,0.3138021230697632
925,guidance_0_capability_0_safety_0,1,0.0064941395103232935,330,0.365625,0.0,0.625,0,902,0,0,-0.0017834976315498352,1.6068274974822998,1.4047597646713257,8.728510147193447e-05,0.0,0.30473077297210693
926,guidance_0_capability_0_safety_0,1,0.0642382806763635,331,0.16625,0.0,0.0,0,158,0,0,-0.002837109612300992,0.7726201415061951,1.4347590208053589,7.167070725699887e-05,0.0,0.30577144026756287
927,guidance_0_capability_0_safety_0,1,7.812429976183921e-05,331,0.231875,0.0,0.0,0,414,0,0,-0.0026774953585118055,1.2924582958221436,1.4053786993026733,0.0006635597092099488,0.0,0.3179304599761963
928,guidance_0_capability_0_safety_0,1,-0.03219726622046437,331,0.24625,0.0,0.0,0,670,0,0,-0.002088116481900215,0.3220565617084503,1.4242397546768188,0.0013127297861501575,0.0,0.3075229227542877
929,guidance_0_capability_0_safety_0,1,0.0494921873905696,331,0.373125,0.0,0.125,0,926,0,0,0.00015304020780604333,3.369927167892456,1.436394214630127,0.0007365269702859223,0.0,0.2988533675670624
930,guidance_0_capability_0_safety_0,1,0.16234374907799065,332,0.32375,0.0,0.25,0,182,0,0,-0.0010548554128035903,5.827151775360107,1.44634211063385,-0.00040470747626386583,0.0,0.29423022270202637
931,guidance_0_capability_0_safety_0,1,0.09826171766326297,332,0.509375,0.0,0.5,0,438,0,0,-0.00011843691027024761,3.523005485534668,1.3899346590042114,0.0004504589887801558,0.0,0.3390994071960449
932,guidance_0_capability_0_safety_0,1,0.06962890589784365,332,0.66875,0.0,0.625,0,694,0,0,-0.0015460768481716514,2.7572615146636963,1.4461973905563354,8.35079699754715e-05,0.0,0.2986049950122833
933,guidance_0_capability_0_safety_0,1,0.047636716491979314,332,0.78625,0.0,0.75,0,950,0,0,0.00017304036009591073,1.8704522848129272,1.4561153650283813,-0.000563960347790271,0.0,0.28830260038375854
934,guidance_0_capability_0_safety_0,1,0.1504394502590003,333,0.263125,0.0,0.375,0,206,0,0,1.8459433704265393e-05,3.8373496532440186,1.4610614776611328,-6.238495552679524e-05,0.0,0.28108054399490356
935,guidance_0_capability_0_safety_0,1,0.007431640216964297,333,0.34125,0.0,0.375,0,462,0,0,-0.0006035023252479732,1.4149649143218994,1.4223476648330688,0.000290463212877512,0.0,0.31137770414352417
936,guidance_0_capability_0_safety_0,1,-0.01737304728885647,333,0.38,0.0,0.375,0,718,0,0,-0.0008080496336333454,0.6138648390769958,1.44354248046875,0.00039547416963614523,0.0,0.2989596128463745
937,guidance_0_capability_0_safety_0,1,0.06009765533963218,333,0.486875,0.0,0.75,0,974,0,0,-0.0007064151577651501,6.359952926635742,1.4873666763305664,-6.915582343935966e-05,0.0,0.27547815442085266
938,guidance_0_capability_0_safety_0,1,0.24201171669119503,334,0.4,0.0,0.375,0,230,0,0,-0.000607810914516449,4.9315948486328125,1.4627399444580078,0.0007674431544728577,0.0,0.2951205372810364
939,guidance_0_capability_0_safety_0,1,0.029824217985151336,334,0.513125,0.0,0.375,0,486,0,0,-0.0008807225967757404,1.7549793720245361,1.4537471532821655,-8.479878306388855e-05,0.0,0.28915905952453613
940,guidance_0_capability_0_safety_0,1,0.050488280969148036,334,0.6375,0.0,0.5,0,742,0,0,-0.00033682817593216896,1.3531275987625122,1.5191001892089844,-0.0003126103838440031,0.0,0.2546781599521637
941,guidance_0_capability_0_safety_0,1,0.0620214834343642,334,0.7825,0.0,0.625,0,998,0,0,1.1618870303209405e-05,3.7595865726470947,1.4716631174087524,0.0004237196408212185,0.0,0.2829895317554474
942,guidance_0_capability_0_safety_0,1,0.286240232991986,335,0.41875,0.0,0.75,0,254,0,0,0.00016810807574074715,9.069367408752441,1.4992157220840454,-0.0002400252706138417,0.0,0.25896206498146057
943,guidance_0_capability_0_safety_0,1,0.07210937375202775,335,0.60125,0.0,0.75,0,510,0,0,-0.0005184107576496899,2.791882038116455,1.4908428192138672,0.0007532946765422821,0.0,0.276933491230011
944,guidance_0_capability_0_safety_0,1,0.052382811772986315,335,0.714375,0.0,1.0,0,766,0,0,-0.0006199844065122306,1.7946691513061523,1.4901676177978516,-1.2764551684085745e-05,0.0,0.26612403988838196
945,guidance_0_capability_0_safety_0,1,-0.02040039125131443,336,0.031875,0.0,0.0,0,22,0,0,-0.0005687098018825054,1.1830196380615234,1.4890550374984741,0.00016002108168322593,0.0,0.27706030011177063
946,guidance_0_capability_0_safety_0,1,0.08753906225319952,336,0.201875,0.0,0.125,0,278,0,0,0.0005435447092168033,6.8129167556762695,1.5395373106002808,0.0003808679466601461,0.0,0.24012690782546997
947,guidance_0_capability_0_safety_0,1,0.20793945195327979,336,0.545,0.0,0.5,0,534,0,0,3.686407580971718e-05,5.921949863433838,1.504978060722351,-7.07216895534657e-05,0.0,0.2608555257320404
948,guidance_0_capability_0_safety_0,1,0.08413085974461865,336,0.6825,0.0,0.875,0,790,0,0,-0.0007678563706576824,1.2816901206970215,1.5066512823104858,-0.0004638528043869883,0.0,0.27809980511665344
949,guidance_0_capability_0_safety_0,1,0.09943359257886186,338,0.08875,0.0,0.0,0,43,0,0,-0.0006158791366033256,7.216986179351807,1.5089925527572632,-0.00016844536003191024,0.0,0.26492545008659363
950,guidance_0_capability_0_safety_0,1,0.08251953062790562,338,0.254375,0.0,0.125,0,299,0,0,0.00024349770683329552,3.7532591819763184,1.5349057912826538,-0.00036873933277092874,0.0,0.25307443737983704
951,guidance_0_capability_0_safety_0,1,0.1254980452977179,338,0.479375,0.0,0.375,0,555,0,0,-0.0009989351965487003,3.2964534759521484,1.4876960515975952,-0.0001196401790366508,0.0,0.2746586799621582
952,guidance_0_capability_0_safety_0,1,-0.033476562981377356,338,0.4925,0.0,0.375,0,811,0,0,-0.0005853559705428779,2.542593240737915,1.469942569732666,0.0004530766454990953,0.0,0.2887924909591675
953,guidance_0_capability_0_safety_0,1,0.08204101483715931,339,0.11,0.0,0.0,0,67,0,0,-0.0014508519088849425,3.8361029624938965,1.5044752359390259,0.00020415087055880576,0.0,0.2726917266845703
954,guidance_0_capability_0_safety_0,1,0.191425779950805,339,0.420625,0.0,0.375,0,323,0,0,-0.0015352548798546195,3.9647343158721924,1.5019110441207886,0.0004499939677771181,0.0,0.26589235663414
955,guidance_0_capability_0_safety_0,1,0.10935546809923835,339,0.58375,0.0,0.875,0,579,0,0,-0.0009632508154027164,4.998958587646484,1.5283583402633667,0.000642768107354641,0.0,0.25422707200050354
956,guidance_0_capability_0_safety_0,1,0.016289061575662345,339,0.676875,0.0,0.875,0,835,0,0,-0.002267656149342656,1.0512311458587646,1.4915180206298828,0.0008641988970339298,0.0,0.2680860459804535
957,guidance_0_capability_0_safety_0,1,0.11587890613736818,340,0.12875,0.0,0.0,0,91,0,0,-0.00609340937808156,2.9085569381713867,1.5018268823623657,0.00032298467704094946,0.0,0.2648824155330658
958,guidance_0_capability_0_safety_0,1,0.12771484232507646,340,0.398125,0.0,0.0,0,347,0,0,-0.002261687070131302,2.125525951385498,1.4920653104782104,0.0017943194834515452,0.0,0.2646649181842804
959,guidance_0_capability_0_safety_0,1,0.10270507633686066,340,0.555,0.0,0.5,0,603,0,0,-0.00253375805914402,5.464075088500977,1.469769835472107,0.0014843553071841598,0.0,0.2854783833026886
960,guidance_0_capability_0_safety_0,1,0.07125976505631115,340,0.695625,0.0,0.75,0,859,0,0,-0.005235697608441114,2.1648738384246826,1.4164987802505493,-0.001268615829758346,0.0,0.3214624524116516
961,guidance_0_capability_0_safety_0,1,0.13160155990044586,341,0.125,0.0,0.125,0,115,0,0,-0.0032065866980701685,4.562741279602051,1.4547628164291382,0.004939409904181957,0.0052083334885537624,0.3100229501724243
962,guidance_0_capability_0_safety_0,1,0.19729491964608314,341,0.4225,0.0,0.625,0,371,0,0,0.002997108967974782,8.992725372314453,1.4589170217514038,0.0023631954099982977,0.0,0.303873211145401
963,guidance_0_capability_0_safety_0,1,0.03040039022016572,341,0.533125,0.0,0.625,0,627,0,0,-0.0012357296654954553,2.0399985313415527,1.4504584074020386,0.0009547200170345604,0.0,0.3167773187160492
964,guidance_0_capability_0_safety_0,1,0.033300780269200914,341,0.6525,0.0,0.625,0,883,0,0,-0.0011634919792413712,1.914995789527893,1.3230623006820679,0.00038730911910533905,0.0,0.37645629048347473
965,guidance_0_capability_0_safety_0,1,0.20469726261217147,342,0.29375,0.0,0.625,0,139,0,0,0.00035509714507497847,8.112960815429688,1.3822174072265625,0.0002503810974303633,0.0,0.35140693187713623
966,guidance_0_capability_0_safety_0,1,0.07021484279539436,342,0.48125,0.0,0.625,0,395,0,0,-0.0006308986921794713,1.9158755540847778,1.34714937210083,-8.301701018353924e-05,0.0,0.3747578561306
967,guidance_0_capability_0_safety_0,1,0.05414062373165507,342,0.61625,0.0,0.75,0,651,0,0,-0.0034610300790518522,3.0643746852874756,1.5089515447616577,0.0012810361804440618,0.0013020833721384406,0.2934294641017914
968,guidance_0_capability_0_safety_0,1,-0.020820313337026164,342,0.655,0.0,0.75,0,907,0,0,0.0007918408955447376,0.7000372409820557,1.4135602712631226,0.000850633077789098,0.0325520820915699,0.34232330322265625
969,guidance_0_capability_0_safety_0,1,0.13507812256284524,343,0.209375,0.0,0.5,0,163,0,0,0.0011166081530973315,4.226926326751709,1.4829472303390503,-0.0008273037965409458,0.0,0.2959895730018616
970,guidance_0_capability_0_safety_0,1,0.15900390617753146,343,0.48,0.0,0.875,0,419,0,0,-0.0004914819146506488,4.059200763702393,1.481379508972168,0.0005722241476178169,0.0,0.30264490842819214
971,guidance_0_capability_0_safety_0,1,0.08591796812834218,343,0.69,0.0,0.875,0,675,0,0,-0.000800842244643718,1.9474684000015259,1.534554362297058,0.00045209735981188715,0.0,0.27726832032203674
972,guidance_0_capability_0_safety_0,1,-0.014687500399304554,343,0.73875,0.0,0.875,0,931,0,0,-0.0009442353621125221,0.8212393522262573,1.4884847402572632,-0.00038748778752051294,0.0,0.3030693829059601
973,guidance_0_capability_0_safety_0,1,0.1555273423437029,344,0.304375,0.0,0.25,0,187,0,0,-0.0006574724684469402,2.1144537925720215,1.542776107788086,0.0004480179923120886,0.0,0.270937442779541
974,guidance_0_capability_0_safety_0,1,0.20545898264390416,344,0.585,0.0,1.0,0,443,0,0,-0.0010223365388810635,6.949033737182617,1.51130211353302,0.000532797072082758,0.0,0.29214444756507874
975,guidance_0_capability_0_safety_0,1,0.04877929552458227,345,0.020625,0.0,0.0,0,24,0,0,-0.0024633246939629316,2.604403257369995,1.5570682287216187,0.00029448140412569046,0.0,0.25596657395362854
976,guidance_0_capability_0_safety_0,1,0.07107421718683327,345,0.175625,0.0,0.125,0,280,0,0,-0.0012339049717411399,4.755059719085693,1.6247658729553223,-0.0008090037736110389,0.0,0.2204439640045166
977,guidance_0_capability_0_safety_0,1,0.18148437443596777,345,0.4825,0.0,0.5,0,536,0,0,0.0001761205494403839,7.407934188842773,1.5473724603652954,0.0007369606755673885,0.0,0.27095088362693787
978,guidance_0_capability_0_safety_0,1,0.06727538992709015,345,0.638125,0.0,0.625,0,792,0,0,-0.0026613392401486635,1.0425573587417603,1.5216178894042969,-0.0015472356462851167,0.0026041667442768812,0.27351540327072144
979,guidance_0_capability_0_safety_0,1,0.030693358639837243,347,0.0925,0.0,0.0,0,41,0,0,-0.0005762325599789619,13.578256607055664,1.573873519897461,0.0017387232510372996,0.0026041667442768812,0.2521945536136627
980,guidance_0_capability_0_safety_0,1,0.12995117068567197,347,0.355625,0.0,0.0,0,297,0,0,0.0007393782143481076,3.319809913635254,1.6101845502853394,0.00038225032039918005,0.0,0.237881138920784
981,guidance_0_capability_0_safety_0,1,0.15868163733102847,347,0.621875,0.0,0.375,0,553,0,0,-0.00020391680300235748,4.731087684631348,1.5618629455566406,-0.0001973596663447097,0.0,0.2579554319381714
982,guidance_0_capability_0_safety_0,1,0.06135742189508164,347,0.7475,0.0,0.625,0,809,0,0,-0.003243274986743927,0.9055017828941345,1.5783346891403198,0.0004372921248432249,0.0,0.2476409524679184
983,guidance_0_capability_0_safety_0,1,0.07491210830630735,348,0.144375,0.0,0.25,0,65,0,0,-0.0009464894537813962,2.433641195297241,1.5828819274902344,0.0012089903466403484,0.0,0.24823518097400665
984,guidance_0_capability_0_safety_0,1,0.15686523418844445,348,0.42875,0.0,0.5,0,321,0,0,0.0010271035134792328,3.691382646560669,1.6266250610351562,0.0003495727141853422,0.0,0.22826796770095825
985,guidance_0_capability_0_safety_0,1,0.1313476543291472,349,0.20625,0.0,0.125,0,96,0,0,0.0005614614929072559,5.4079389572143555,1.6002148389816284,-0.0011437420034781098,0.0,0.2362831085920334
986,guidance_0_capability_0_safety_0,1,0.19997070165482,349,0.51625,0.0,0.625,0,352,0,0,-0.00036273771547712386,2.4369969367980957,1.5957695245742798,-2.0705474526039325e-05,0.0,0.2511305510997772
987,guidance_0_capability_0_safety_0,1,0.009541014223941602,349,0.613125,0.0,0.625,0,608,0,0,-0.00035865246900357306,1.0057786703109741,1.5763654708862305,0.00012907804921269417,0.0,0.26590216159820557
988,guidance_0_capability_0_safety_0,1,0.0577343746117549,349,0.790625,0.0,0.75,0,864,0,0,-0.0015237604966387153,3.663193702697754,1.6006969213485718,0.0005455706268548965,0.0,0.24225325882434845
989,guidance_0_capability_0_safety_0,1,0.10984374866529834,350,0.156875,0.0,0.0,0,120,0,0,-0.001328322570770979,2.4211983680725098,1.5999337434768677,-0.0007132263854146004,0.0,0.2479102611541748
990,guidance_0_capability_0_safety_0,1,0.18639648362295702,350,0.471875,0.0,0.5,0,376,0,0,0.0002844948321580887,3.4449126720428467,1.6264147758483887,4.34056855738163e-05,0.0,0.23067784309387207
991,guidance_0_capability_0_safety_0,1,0.09050781052792445,351,0.23,0.0,0.125,0,166,0,0,-0.0006901971064507961,9.213592529296875,1.6096783876419067,0.0006654674070887268,0.0,0.23298977315425873
992,guidance_0_capability_0_safety_0,1,0.13920898239302915,351,0.494375,0.0,0.375,0,422,0,0,-0.0011863835388794541,4.183845043182373,1.6200748682022095,-0.00012473187234718353,0.0,0.22855357825756073
993,guidance_0_capability_0_safety_0,1,0.05998046789318323,351,0.64125,0.0,0.5,0,678,0,0,-0.0006738568772561848,1.4397746324539185,1.557571530342102,-0.0013349977089092135,0.0,0.2564854323863983
994,guidance_0_capability_0_safety_0,1,-0.037070313599542715,351,0.666875,0.0,0.5,0,934,0,0,-0.0007663897122256458,1.2068889141082764,1.5575809478759766,0.0009394080261699855,0.0,0.2675885260105133
995,guidance_0_capability_0_safety_0,1,0.15665038970473688,352,0.25625,0.0,0.125,0,190,0,0,-0.0012086160713806748,1.8485299348831177,1.5987868309020996,-0.0006959793972782791,0.0,0.2332542985677719
996,guidance_0_capability_0_safety_0,1,0.18346679634123575,352,0.591875,0.0,0.375,0,446,0,0,-0.0006110647227615118,5.637029647827148,1.5982242822647095,-1.0540708899497986e-05,0.0,0.24132175743579865
997,guidance_0_capability_0_safety_0,1,0.03124023470445536,352,0.675,0.0,0.625,0,702,0,0,-4.883948713541031e-05,1.1083247661590576,1.5855841636657715,2.6930434614769183e-05,0.0,0.24275755882263184
998,guidance_0_capability_0_safety_0,1,-0.02533203187340405,352,0.700625,0.0,0.625,0,958,0,0,-0.0010106551926583052,0.4200097918510437,1.593727707862854,0.00042626308277249336,0.0,0.2399459332227707
999,guidance_0_capability_0_safety_0,1,0.17532226420371444,353,0.325,0.0,0.125,0,214,0,0,-0.000459703296655789,2.022718906402588,1.6155892610549927,0.0005273202550597489,0.0,0.23035436868667603
1000,guidance_0_capability_0_safety_0,1,0.14860351369861746,353,0.586875,0.0,0.375,0,470,0,0,-0.0004002917557954788,2.0553812980651855,1.6097100973129272,-0.00020166004833299667,0.0,0.23352819681167603
