coverage_ratio,inspection_success_rate,target_detection_rate,mission_success,mission_time,total_energy_consumption,fixedwing_final_battery,quadrotor_mean_final_battery,quadrotor_min_final_battery,collision_count,near_miss_count,communication_loss_count,invalid_action_count,detected_targets,inspected_targets,candidate_targets,redundant_coverage_proxy,termination_reason,reward
0.00625,0.0,0.0,0,1,0.65,99.85000000000001,99.75,99.75,0,0,0,0,0,0,0,0.0,,0.0575
0.0075,0.0,0.0,0,2,1.3,99.70000000000002,99.5,99.5,0,0,0,0,0,0,0,0.0,,0.1575
0.0075,0.0,0.0,0,3,1.9500000000000002,99.55000000000003,99.25,99.25,0,0,0,0,0,0,0,0.0,,-0.04250000000000001
0.0075,0.0,0.0,0,4,2.6,99.40000000000003,99.0,99.0,0,0,0,0,0,0,0,0.0,,-0.042499999999999996
0.0075,0.0,0.0,0,5,3.25,99.25000000000004,98.75,98.75,0,0,0,0,0,0,0,0.2,,-0.042499999999999996
0.0075,0.0,0.0,0,6,3.9,99.10000000000005,98.5,98.5,0,0,0,0,0,0,0,0.3333333333333333,,-0.042499999999999996
0.0075,0.0,0.0,0,7,4.55,98.95000000000006,98.25,98.25,0,0,0,0,0,0,0,0.42857142857142855,,-0.042499999999999996
0.0075,0.0,0.0,0,8,5.199999999999999,98.80000000000007,98.0,98.0,0,0,0,0,0,0,0,0.5,,-0.042499999999999975
0.0075,0.0,0.0,0,9,5.849999999999999,98.65000000000008,97.75,97.75,0,0,0,0,0,0,0,0.5555555555555556,,-0.042499999999999975
0.008125,0.0,0.0,0,10,6.499999999999998,98.50000000000009,97.5,97.5,0,0,0,0,0,0,0,0.5666666666666667,,0.05750000000000003
0.009375,0.0,0.0,0,11,7.149999999999998,98.3500000000001,97.25,97.25,0,0,0,0,0,0,0,0.5454545454545454,,0.15750000000000003
0.01,0.0,0.0,0,12,7.799999999999997,98.2000000000001,97.0,97.0,0,0,0,0,0,0,0,0.5555555555555556,,0.05750000000000003
0.013125,0.0,0.0,0,13,8.449999999999996,98.05000000000011,96.75,96.75,0,0,0,0,0,0,0,0.46153846153846156,,0.4575000000000001
0.014375,0.0,0.0,0,14,8.999999999999996,98.00000000000011,96.5,96.5,0,0,0,0,0,0,0,0.4523809523809524,,0.16249999999999998
0.016875,0.0,0.0,0,15,9.549999999999997,97.95000000000012,96.25,96.25,0,0,0,0,0,0,0,0.4,,0.3625
0.01875,0.0,0.0,0,16,10.099999999999998,97.90000000000012,96.0,96.0,0,0,0,0,0,0,0,0.375,,0.2625
0.02125,0.0,0.0,0,17,10.649999999999999,97.85000000000012,95.75,95.75,0,0,0,0,0,0,0,0.3333333333333333,,0.3625
0.0225,0.0,0.0,0,18,11.2,97.80000000000013,95.5,95.5,0,0,0,0,0,0,0,0.3333333333333333,,0.16249999999999998
0.02625,0.0,0.0,0,19,11.75,97.75000000000013,95.25,95.25,0,0,0,0,0,0,0,0.2631578947368421,,0.5625
0.0275,0.0,0.0,0,20,12.3,97.70000000000013,95.0,95.0,0,0,0,0,0,0,0,0.26666666666666666,,0.16249999999999998
0.03,0.0,0.0,0,21,12.850000000000001,97.65000000000013,94.75,94.75,0,0,0,0,0,0,0,0.23809523809523808,,0.3625
0.031875,0.0,0.0,0,22,13.400000000000002,97.60000000000014,94.5,94.5,0,0,0,0,0,0,0,0.22727272727272727,,0.2625
0.034375,0.0,0.0,0,23,13.950000000000003,97.55000000000014,94.25,94.25,0,0,0,0,0,0,0,0.2028985507246377,,0.3625
0.035625,0.0,0.0,0,24,14.500000000000004,97.50000000000014,94.0,94.0,0,0,0,0,0,0,0,0.20833333333333334,,0.16249999999999998
0.039375,0.0,0.0,0,25,15.050000000000004,97.45000000000014,93.75,93.75,0,0,0,0,0,0,0,0.16,,0.5625
0.04125,0.0,0.0,0,26,15.600000000000005,97.40000000000015,93.5,93.5,0,0,0,0,0,0,0,0.15384615384615385,,0.2625
0.04375,0.0,0.0,0,27,16.150000000000006,97.35000000000015,93.25,93.25,0,0,0,0,0,0,0,0.13580246913580246,,0.3625
0.04625,0.0,0.0,0,28,16.700000000000006,97.30000000000015,93.0,93.0,0,0,0,0,0,0,0,0.11904761904761904,,0.3625
0.048125,0.0,0.0,0,29,17.250000000000007,97.25000000000016,92.75,92.75,0,0,0,0,0,0,0,0.11494252873563218,,0.2625
0.04875,0.0,0.0,0,30,17.800000000000008,97.20000000000016,92.5,92.5,0,0,0,0,0,0,0,0.13333333333333333,,0.062499999999999965
0.053125,0.0,0.0,0,31,18.35000000000001,97.15000000000016,92.25,92.25,0,0,0,0,0,0,0,0.08602150537634409,,0.6625
0.055,0.0,0.0,0,32,18.90000000000001,97.10000000000016,92.0,92.0,0,0,0,0,0,0,0,0.08333333333333333,,0.2625
0.0575,0.0,0.0,0,33,19.45000000000001,97.05000000000017,91.75,91.75,0,0,0,0,0,0,0,0.0707070707070707,,0.3625
0.06,0.0,0.0,0,34,20.00000000000001,97.00000000000017,91.5,91.5,0,0,0,0,0,0,0,0.058823529411764705,,0.3625
0.061875,0.0,0.0,0,35,20.55000000000001,96.95000000000017,91.25,91.25,0,0,0,0,0,0,0,0.05714285714285714,,0.2625
0.063125,0.0,0.0,0,36,21.100000000000012,96.90000000000018,91.0,91.0,0,0,0,0,0,0,0,0.06481481481481481,,0.16249999999999998
0.06625,0.0,0.0,0,37,21.650000000000013,96.85000000000018,90.75,90.75,0,0,0,0,0,0,0,0.04504504504504504,,0.46249999999999997
0.068125,0.0,0.0,0,38,22.200000000000014,96.80000000000018,90.5,90.5,0,0,0,0,0,0,0,0.043859649122807015,,0.2625
0.07,0.0,0.0,0,39,22.750000000000014,96.75000000000018,90.25,90.25,0,0,1,0,0,0,0,0.042735042735042736,,0.2425
0.073125,0.0,0.0,0,40,23.300000000000015,96.70000000000019,90.0,90.0,0,0,2,0,0,0,0,0.025,,0.44249999999999995
0.074375,0.0,0.0,0,41,23.850000000000016,96.65000000000019,89.75,89.75,0,0,3,0,0,0,0,0.032520325203252036,,0.1425
0.076875,0.0,0.0,0,42,24.400000000000016,96.6000000000002,89.5,89.5,0,0,4,0,0,0,0,0.023809523809523808,,0.34249999999999997
0.079375,0.0,0.0,0,43,24.950000000000017,96.5500000000002,89.25,89.25,0,0,5,0,0,0,0,0.015503875968992248,,0.34249999999999997
0.080625,0.0,0.0,0,44,25.500000000000018,96.5000000000002,89.0,89.0,0,0,6,0,0,0,0,0.022727272727272728,,0.1425
0.08375,0.0,0.0,0,45,26.05000000000002,96.4500000000002,88.75,88.75,0,0,7,0,0,0,0,0.007407407407407408,,0.44249999999999995
0.086875,0.0,0.0,0,46,26.60000000000002,96.4000000000002,88.5,88.5,0,0,8,0,0,0,0,0.0,,0.44249999999999995
0.088125,0.0,0.0,0,47,27.15000000000002,96.35000000000021,88.25,88.25,0,0,9,0,0,0,0,0.0,,0.1425
0.090625,0.0,0.0,0,48,27.70000000000002,96.30000000000021,88.0,88.0,0,0,10,0,0,0,0,0.0,,0.34249999999999997
0.0925,0.0,0.0,0,49,28.25000000000002,96.25000000000021,87.75,87.75,0,0,11,0,0,0,0,0.0,,0.2425
0.094375,0.0,0.0,0,50,28.800000000000022,96.20000000000022,87.5,87.5,0,0,12,0,0,0,0,0.0,,0.2425
0.098125,0.0,0.0,0,51,29.350000000000023,96.15000000000022,87.25,87.25,0,0,13,0,0,0,0,0.0,,0.5425
0.100625,0.0,0.0,0,52,29.900000000000023,96.10000000000022,87.0,87.0,0,0,14,0,0,0,0,0.0,,0.34249999999999997
0.101875,0.0,0.0,0,53,30.450000000000024,96.05000000000022,86.75,86.75,0,0,15,0,0,0,0,0.0,,0.1425
0.104375,0.0,0.0,0,54,31.000000000000025,96.00000000000023,86.5,86.5,0,0,16,0,0,0,0,0.0,,0.34249999999999997
0.105625,0.0,0.0,0,55,31.550000000000026,95.95000000000023,86.25,86.25,0,0,17,0,0,0,0,0.0,,0.1425
0.108125,0.0,0.0,0,56,32.10000000000002,95.90000000000023,86.0,86.0,0,0,18,0,0,0,0,0.0,,0.34250000000000014
0.110625,0.0,0.0,0,57,32.65000000000002,95.85000000000024,85.75,85.75,0,0,19,0,0,0,0,0.0,,0.34250000000000014
0.113125,0.0,0.0,0,58,33.20000000000002,95.80000000000024,85.5,85.5,0,0,20,0,0,0,0,0.0,,0.34250000000000014
0.114375,0.0,0.0,0,59,33.750000000000014,95.75000000000024,85.25,85.25,0,0,21,0,0,0,0,0.0,,0.14250000000000015
0.1175,0.0,0.0,0,60,34.30000000000001,95.70000000000024,85.0,85.0,0,0,22,0,0,0,0,0.0,,0.4425000000000001
0.11875,0.0,0.0,0,61,34.85000000000001,95.65000000000025,84.75,84.75,0,0,23,0,0,0,0,0.0,,0.14250000000000015
0.12125,0.0,0.0,0,62,35.400000000000006,95.60000000000025,84.5,84.5,0,0,24,0,0,0,0,0.0,,0.34250000000000014
0.12375,0.0,0.0,0,63,35.95,95.55000000000025,84.25,84.25,0,0,25,0,0,0,0,0.0,,0.34250000000000014
0.12625,0.0,0.0,0,64,36.5,95.50000000000026,84.0,84.0,0,0,26,0,0,0,0,0.0,,0.34250000000000014
0.128125,0.0,0.0,0,65,37.05,95.45000000000026,83.75,83.75,0,0,27,0,0,0,0,0.0,,0.24250000000000016
0.13125,0.0,0.0,0,66,37.599999999999994,95.40000000000026,83.5,83.5,0,0,28,0,0,0,0,0.0,,0.4425000000000001
0.1325,0.0,0.0,0,67,38.14999999999999,95.35000000000026,83.25,83.25,0,0,29,0,0,0,0,0.0,,0.14250000000000015
0.13625,0.0,0.0,0,68,38.69999999999999,95.30000000000027,83.0,83.0,0,0,30,0,0,0,0,0.0,,0.5425000000000002
0.1375,0.0,0.0,0,69,39.249999999999986,95.25000000000027,82.75,82.75,0,0,31,0,0,0,0,0.0,,0.14250000000000015
0.14,0.0,0.0,0,70,39.79999999999998,95.20000000000027,82.5,82.5,0,0,32,0,0,0,0,0.0,,0.34250000000000014
0.14125,0.0,0.0,0,71,40.34999999999998,95.15000000000028,82.25,82.25,0,0,33,0,0,0,0,0.0,,0.14250000000000015
0.144375,0.0,0.0,0,72,40.89999999999998,95.10000000000028,82.0,82.0,0,0,34,0,0,0,0,0.0,,0.4425000000000001
0.14625,0.0,0.0,0,73,41.449999999999974,95.05000000000028,81.75,81.75,0,0,35,0,0,0,0,0.0,,0.24250000000000016
0.15,0.0,0.0,0,74,41.99999999999997,95.00000000000028,81.5,81.5,0,0,36,0,0,0,0,0.0,,0.5425000000000002
0.15125,0.0,0.0,0,75,42.54999999999997,94.95000000000029,81.25,81.25,0,0,37,0,0,0,0,0.0,,0.14250000000000015
0.15375,0.0,0.0,0,76,43.099999999999966,94.90000000000029,81.0,81.0,0,0,38,0,0,0,0,0.0,,0.34250000000000014
0.155625,0.0,0.0,0,77,43.64999999999996,94.85000000000029,80.75,80.75,0,0,39,0,0,0,0,0.0,,0.24250000000000016
0.1575,0.0,0.125,0,78,44.19999999999996,94.8000000000003,80.5,80.5,0,0,40,0,1,0,1,0.0,,3.2425
0.159375,0.0,0.125,0,79,44.59999999999996,94.7500000000003,80.325,80.25,0,0,41,0,1,0,1,0.0,,0.2500000000000001
0.163125,0.0,0.125,0,80,44.99999999999996,94.7000000000003,80.15,80.0,0,0,42,0,1,0,1,0.0,,0.5500000000000002
0.164375,0.0,0.125,0,81,45.399999999999956,94.6500000000003,79.97500000000001,79.75,0,0,43,0,1,0,1,0.0,,0.15000000000000008
0.166875,0.0,0.125,0,82,45.799999999999955,94.6000000000003,79.80000000000001,79.5,0,0,44,0,1,0,1,0.0,,0.3500000000000001
0.16875,0.0,0.125,0,83,46.19999999999995,94.55000000000031,79.62500000000001,79.25,0,0,45,0,1,0,1,0.0,,0.2500000000000001
0.170625,0.0,0.125,0,84,46.59999999999995,94.50000000000031,79.45000000000002,79.0,0,0,46,0,1,0,1,0.0,,0.2500000000000001
0.173125,0.0,0.125,0,85,46.99999999999995,94.45000000000032,79.27500000000002,78.75,0,0,47,0,1,0,1,0.0,,0.3500000000000001
0.174375,0.0,0.125,0,86,47.39999999999995,94.40000000000032,79.10000000000002,78.5,0,0,48,0,1,0,1,0.0,,0.15000000000000008
0.1775,0.0,0.125,0,87,47.79999999999995,94.35000000000032,78.92500000000003,78.25,0,0,49,0,1,0,1,0.0,,0.45000000000000007
0.179375,0.0,0.125,0,88,48.199999999999946,94.30000000000032,78.75000000000003,78.0,0,0,50,0,1,0,1,0.0,,0.2500000000000001
0.181875,0.0,0.125,0,89,48.599999999999945,94.25000000000033,78.57500000000003,77.75,0,0,51,0,1,0,1,0.0,,0.3500000000000001
0.185,0.0,0.125,0,90,48.99999999999994,94.20000000000033,78.40000000000003,77.5,0,0,52,0,1,0,1,0.0,,0.45000000000000007
0.18625,0.0,0.125,0,91,49.39999999999994,94.15000000000033,78.22500000000004,77.25,0,0,53,0,1,0,1,0.0,,0.15000000000000008
0.19,0.0,0.25,0,92,49.79999999999994,94.10000000000034,78.05000000000004,77.0,0,0,54,0,2,0,2,0.0,,3.5500000000000003
0.1925,0.0,0.25,0,93,50.04999999999994,94.05000000000034,77.95000000000005,76.9,0,0,55,0,2,0,2,0.0,,0.3575
0.195625,0.0,0.25,0,94,50.29999999999994,94.00000000000034,77.85000000000005,76.80000000000001,0,0,56,0,2,0,2,0.0,,0.45749999999999996
0.1975,0.0,0.25,0,95,50.54999999999994,93.95000000000034,77.75000000000006,76.70000000000002,0,0,57,0,2,0,2,0.0,,0.2575
0.200625,0.0,0.25,0,96,50.79999999999994,93.90000000000035,77.65000000000006,76.60000000000002,0,0,58,0,2,0,2,0.0,,0.45749999999999996
0.20375,0.0,0.25,0,97,51.04999999999994,93.85000000000035,77.55000000000007,76.50000000000003,0,0,59,0,2,0,2,0.0,,0.45749999999999996
0.20625,0.0,0.25,0,98,51.29999999999994,93.80000000000035,77.45000000000007,76.40000000000003,0,0,60,0,2,0,2,0.0,,0.3575
0.20875,0.0,0.375,0,99,51.54999999999994,93.75000000000036,77.35000000000008,76.30000000000004,0,0,61,0,3,0,3,0.0,,3.3575
0.2125,0.0,0.375,0,100,51.79999999999994,93.70000000000036,77.25000000000009,76.20000000000005,0,0,62,0,3,0,3,0.0,,0.5575000000000001
0.215,0.0,0.375,0,101,52.04999999999994,93.65000000000036,77.15000000000009,76.10000000000005,0,0,63,0,3,0,3,0.0,,0.3575
0.2175,0.0,0.375,0,102,52.29999999999994,93.60000000000036,77.0500000000001,76.00000000000006,0,0,64,0,3,0,3,0.0,,0.3575
0.22,0.0,0.375,0,103,52.54999999999994,93.55000000000037,76.9500000000001,75.90000000000006,0,0,65,0,3,0,3,0.0,,0.3575
0.223125,0.0,0.375,0,104,52.79999999999994,93.50000000000037,76.85000000000011,75.80000000000007,0,0,66,0,3,0,3,0.0,,0.45749999999999996
0.225,0.0,0.375,0,105,53.04999999999994,93.45000000000037,76.75000000000011,75.70000000000007,0,0,67,0,3,0,3,0.0,,0.2575
0.22875,0.0,0.375,0,106,53.29999999999994,93.40000000000038,76.65000000000012,75.60000000000008,0,0,68,0,3,0,3,0.0,,0.5575000000000001
0.231875,0.0,0.375,0,107,53.54999999999994,93.35000000000038,76.55000000000013,75.50000000000009,0,0,69,0,3,0,3,0.0,,0.45749999999999996
0.23375,0.0,0.375,0,108,53.79999999999994,93.30000000000038,76.45000000000013,75.40000000000009,0,0,70,0,3,0,3,0.0,,0.2575
0.2375,0.0,0.375,0,109,54.04999999999994,93.25000000000038,76.35000000000014,75.3000000000001,0,0,71,0,3,0,3,0.0,,0.5575000000000001
0.24,0.0,0.375,0,110,54.29999999999994,93.20000000000039,76.25000000000014,75.2000000000001,0,0,72,0,3,0,3,0.0,,0.3575
0.2425,0.0,0.375,0,111,54.54999999999994,93.15000000000039,76.15000000000015,75.10000000000011,0,0,73,0,3,0,3,0.0,,0.3575
0.24375,0.0,0.375,0,112,54.79999999999994,93.10000000000039,76.05000000000015,75.00000000000011,0,0,74,0,3,0,3,0.0,,0.1575
0.2475,0.0,0.375,0,113,55.04999999999994,93.0500000000004,75.95000000000016,74.90000000000012,0,0,75,0,3,0,3,0.0,,0.5575000000000001
0.25,0.0,0.375,0,114,55.29999999999994,93.0000000000004,75.85000000000016,74.80000000000013,0,0,76,0,3,0,3,0.0,,0.3575
0.2525,0.0,0.375,0,115,55.54999999999994,92.9500000000004,75.75000000000017,74.70000000000013,0,0,77,0,3,0,3,0.0,,0.3575
0.255625,0.0,0.375,0,116,55.79999999999994,92.9000000000004,75.65000000000018,74.60000000000014,0,0,78,0,3,0,3,0.0,,0.45749999999999996
0.2575,0.0,0.5,0,117,56.04999999999994,92.8500000000004,75.55000000000018,74.50000000000014,0,0,79,0,4,0,4,0.0,,3.2575
0.26125,0.0,0.5,0,118,56.29999999999994,92.80000000000041,75.45000000000019,74.40000000000015,0,0,80,0,4,0,4,0.0,,0.5575000000000001
0.2625,0.0,0.5,0,119,56.54999999999994,92.75000000000041,75.3500000000002,74.30000000000015,0,0,81,0,4,0,4,0.0,,0.1575
0.265625,0.0,0.5,0,120,56.79999999999994,92.70000000000041,75.2500000000002,74.20000000000016,0,0,82,0,4,0,4,0.0,,0.45749999999999996
0.269375,0.0,0.5,0,121,57.04999999999994,92.65000000000042,75.1500000000002,74.10000000000016,0,0,83,0,4,0,4,0.0,,0.5575000000000001
0.27125,0.0,0.5,0,122,57.29999999999994,92.60000000000042,75.05000000000021,74.00000000000017,0,0,84,0,4,0,4,0.0,,0.2575
0.27375,0.0,0.5,0,123,57.54999999999994,92.55000000000042,74.95000000000022,73.90000000000018,0,0,85,0,4,0,4,0.0,,0.3575
0.275,0.0,0.5,0,124,57.79999999999994,92.50000000000043,74.85000000000022,73.80000000000018,0,0,86,0,4,0,4,0.0,,0.1575
0.278125,0.0,0.5,0,125,58.04999999999994,92.45000000000043,74.75000000000023,73.70000000000019,0,0,87,0,4,0,4,0.0,,0.45749999999999996
0.28,0.0,0.5,0,126,58.29999999999994,92.40000000000043,74.65000000000023,73.6000000000002,0,0,88,0,4,0,4,0.0,,0.2575
0.283125,0.0,0.5,0,127,58.54999999999994,92.35000000000043,74.55000000000024,73.5000000000002,0,0,89,0,4,0,4,0.0,,0.45749999999999996
0.284375,0.0,0.5,0,128,58.79999999999994,92.30000000000044,74.45000000000024,73.4000000000002,0,0,90,0,4,0,4,0.0,,0.1575
0.28875,0.0,0.5,0,129,59.04999999999994,92.25000000000044,74.35000000000025,73.30000000000021,0,0,91,0,4,0,4,0.0,,0.6575000000000001
0.29125,0.0,0.5,0,130,59.29999999999994,92.20000000000044,74.25000000000026,73.20000000000022,0,0,92,0,4,0,4,0.0,,0.3575
0.291875,0.0,0.5,0,131,59.54999999999994,92.15000000000045,74.15000000000026,73.10000000000022,0,0,93,0,4,0,4,0.0,,0.0575
0.29625,0.0,0.5,0,132,59.79999999999994,92.10000000000045,74.05000000000027,73.00000000000023,0,0,94,0,4,0,4,0.0,,0.6575000000000001
0.298125,0.0,0.5,0,133,60.04999999999994,92.05000000000045,73.95000000000027,72.90000000000023,0,0,95,0,4,0,4,0.0,,0.2575
0.3,0.0,0.5,0,134,60.29999999999994,92.00000000000045,73.85000000000028,72.80000000000024,0,0,96,0,4,0,4,0.0,,0.2575
0.304375,0.0,0.5,0,135,60.54999999999994,91.95000000000046,73.75000000000028,72.70000000000024,0,0,97,0,4,0,4,0.0,,0.6575000000000001
0.306875,0.0,0.5,0,136,60.79999999999994,91.90000000000046,73.65000000000029,72.60000000000025,0,0,98,0,4,0,4,0.0,,0.3575
0.308125,0.0,0.5,0,137,61.04999999999994,91.85000000000046,73.5500000000003,72.50000000000026,0,0,99,0,4,0,4,0.0,,0.1575
0.31125,0.0,0.5,0,138,61.29999999999994,91.80000000000047,73.4500000000003,72.40000000000026,0,0,100,0,4,0,4,0.0,,0.45749999999999996
0.3125,0.0,0.5,0,139,61.54999999999994,91.75000000000047,73.3500000000003,72.30000000000027,0,0,101,0,4,0,4,0.0,,0.1575
0.315,0.0,0.5,0,140,61.79999999999994,91.70000000000047,73.25000000000031,72.20000000000027,0,0,102,0,4,0,4,0.0,,0.3575
0.31875,0.0,0.5,0,141,62.04999999999994,91.65000000000047,73.15000000000032,72.10000000000028,0,0,103,0,4,0,4,0.0,,0.5575000000000001
0.32,0.0,0.5,0,142,62.29999999999994,91.60000000000048,73.05000000000032,72.00000000000028,0,0,104,0,4,0,4,0.0,,0.1575
0.32125,0.0,0.5,0,143,62.54999999999994,91.55000000000048,72.95000000000033,71.90000000000029,0,0,105,0,4,0,4,0.0,,0.1575
0.3225,0.0,0.5,0,144,62.79999999999994,91.50000000000048,72.85000000000034,71.8000000000003,0,0,105,0,4,0,4,0.0,,0.1775
0.323125,0.0,0.5,0,145,63.04999999999994,91.45000000000049,72.75000000000034,71.7000000000003,0,0,105,0,4,0,4,0.0,,0.07750000000000001
0.323125,0.0,0.5,0,146,63.29999999999994,91.40000000000049,72.65000000000035,71.6000000000003,0,0,105,0,4,0,4,0.0,,-0.0225
0.32375,0.0,0.5,0,147,63.54999999999994,91.35000000000049,72.55000000000035,71.50000000000031,0,0,105,0,4,0,4,0.0,,0.07750000000000001
0.324375,0.0,0.5,0,148,63.79999999999994,91.3000000000005,72.45000000000036,71.40000000000032,0,0,105,0,4,0,4,0.0,,0.07750000000000001
0.325,0.0,0.5,0,149,64.04999999999994,91.2500000000005,72.35000000000036,71.30000000000032,0,0,105,0,4,0,4,0.0,,0.07750000000000001
0.325,0.0,0.5,0,150,64.29999999999993,91.2000000000005,72.25000000000037,71.20000000000033,0,0,105,0,4,0,4,0.0,,-0.02249999999999929
0.325,0.0,0.5,0,151,64.54999999999991,91.1500000000005,72.15000000000038,71.10000000000034,0,0,105,0,4,0,4,0.0,,-0.02249999999999929
0.325,0.0,0.5,0,152,64.7999999999999,91.1000000000005,72.05000000000038,71.00000000000034,0,0,105,0,4,0,4,0.0,,-0.02249999999999929
0.325,0.0,0.5,0,153,65.04999999999988,91.05000000000051,71.95000000000039,70.90000000000035,0,0,105,0,4,0,4,0.0,,-0.02249999999999929
0.325625,0.0,0.5,0,154,65.29999999999987,91.00000000000051,71.85000000000039,70.80000000000035,0,0,105,0,4,0,5,0.0,,0.07750000000000072
0.32875,0.0,0.5,0,155,65.54999999999986,90.95000000000051,71.7500000000004,70.70000000000036,0,0,105,0,4,0,5,0.0,,0.4775000000000007
0.330625,0.0,0.625,0,156,65.79999999999984,90.90000000000052,71.6500000000004,70.60000000000036,0,0,105,0,5,0,6,0.0,,3.2775000000000007
0.3325,0.0,0.625,0,157,66.04999999999983,90.85000000000052,71.55000000000041,70.50000000000037,0,0,105,0,5,0,6,0.0,,0.27750000000000075
0.33375,0.0,0.625,0,158,66.29999999999981,90.80000000000052,71.45000000000041,70.40000000000038,0,0,105,0,5,0,6,0.0,,0.1775000000000007
0.33625,0.0,0.625,0,159,66.5499999999998,90.75000000000053,71.35000000000042,70.30000000000038,0,0,106,0,5,0,6,0.0,,0.3575000000000007
0.3375,0.0,0.625,0,160,66.79999999999978,90.70000000000053,71.25000000000043,70.20000000000039,0,0,107,0,5,0,6,0.0,,0.15750000000000072
0.34125,0.0,0.625,0,161,67.04999999999977,90.65000000000053,71.15000000000043,70.10000000000039,0,0,108,0,5,0,6,0.0,,0.5575000000000008
0.343125,0.0,0.625,0,162,67.29999999999976,90.60000000000053,71.05000000000044,70.0000000000004,0,0,109,0,5,0,6,0.0,,0.25750000000000073
0.344375,0.0,0.625,0,163,67.54999999999974,90.55000000000054,70.95000000000044,69.9000000000004,0,0,110,0,5,0,6,0.0,,0.15750000000000072
0.348125,0.0,0.625,0,164,67.79999999999973,90.50000000000054,70.85000000000045,69.80000000000041,0,0,111,0,5,0,6,0.0,,0.5575000000000008
0.349375,0.0,0.625,0,165,68.04999999999971,90.45000000000054,70.75000000000045,69.70000000000041,0,0,112,0,5,0,6,0.0,,0.15750000000000072
0.350625,0.0,0.625,0,166,68.2999999999997,90.40000000000055,70.65000000000046,69.60000000000042,0,0,113,0,5,0,6,0.0,,0.15750000000000072
0.355,0.0,0.625,0,167,68.54999999999968,90.35000000000055,70.55000000000047,69.50000000000043,0,0,114,0,5,0,6,0.0,,0.6575000000000008
0.35625,0.0,0.625,0,168,68.79999999999967,90.30000000000055,70.45000000000047,69.40000000000043,0,0,115,0,5,0,6,0.0,,0.15750000000000072
0.359375,0.0,0.625,0,169,69.04999999999966,90.25000000000055,70.35000000000048,69.30000000000044,0,0,116,0,5,0,6,0.0,,0.4575000000000007
0.361875,0.0,0.625,0,170,69.29999999999964,90.20000000000056,70.25000000000048,69.20000000000044,0,0,117,0,5,0,6,0.0,,0.3575000000000007
0.365,0.0,0.625,0,171,69.54999999999963,90.15000000000056,70.15000000000049,69.10000000000045,0,0,118,0,5,0,6,0.0,,0.4575000000000007
0.366875,0.0,0.625,0,172,69.79999999999961,90.10000000000056,70.0500000000005,69.00000000000045,0,0,119,0,5,0,6,0.0,,0.25750000000000073
0.37,0.0,0.625,0,173,70.0499999999996,90.05000000000057,69.9500000000005,68.90000000000046,0,0,120,0,5,0,6,0.0,,0.4575000000000007
0.37125,0.0,0.625,0,174,70.29999999999959,90.00000000000057,69.8500000000005,68.80000000000047,0,0,121,0,5,0,6,0.0,,0.15750000000000072
0.373125,0.0,0.625,0,175,70.54999999999957,89.95000000000057,69.75000000000051,68.70000000000047,0,0,122,0,5,0,6,0.0,,0.25750000000000073
0.37375,0.0,0.625,0,176,70.79999999999956,89.90000000000057,69.65000000000052,68.60000000000048,0,0,123,0,5,0,6,0.0,,0.05750000000000071
0.37375,0.0,0.625,0,177,71.14999999999954,89.75000000000058,69.55000000000052,68.50000000000048,0,0,124,0,5,0,6,0.0,,-0.04749999999999901
0.375,0.0,0.625,0,178,71.39999999999952,89.70000000000059,69.45000000000053,68.40000000000049,0,0,125,0,5,0,6,0.0,,0.15750000000000072
0.375625,0.0,0.625,0,179,71.7499999999995,89.5500000000006,69.35000000000053,68.3000000000005,0,0,126,0,5,0,6,0.0,,0.052500000000001
0.376875,0.0,0.625,0,180,72.09999999999948,89.4000000000006,69.25000000000054,68.2000000000005,0,0,127,0,5,0,6,0.0,,0.152500000000001
0.38,0.0,0.625,0,181,72.44999999999946,89.25000000000061,69.15000000000055,68.1000000000005,0,0,128,0,5,0,6,0.0,,0.45250000000000096
0.3825,0.0,0.625,0,182,72.69999999999945,89.20000000000061,69.05000000000055,68.00000000000051,0,0,129,0,5,0,6,0.0,,0.3575000000000007
0.384375,0.0,0.625,0,183,72.94999999999943,89.15000000000062,68.95000000000056,67.90000000000052,0,0,130,0,5,0,6,0.0,,0.25750000000000073
0.385625,0.0,0.625,0,184,73.19999999999942,89.10000000000062,68.85000000000056,67.80000000000052,0,0,131,0,5,0,6,0.0,,0.15750000000000072
0.3875,0.0,0.625,0,185,73.4499999999994,89.05000000000062,68.75000000000057,67.70000000000053,0,0,132,0,5,0,6,0.0,,0.25750000000000073
0.389375,0.0,0.625,0,186,73.69999999999939,89.00000000000063,68.65000000000057,67.60000000000053,0,0,133,0,5,0,6,0.0,,0.25750000000000073
0.390625,0.0,0.625,0,187,73.94999999999938,88.95000000000063,68.55000000000058,67.50000000000054,0,0,134,0,5,0,6,0.0,,0.15750000000000072
0.39125,0.0,0.625,0,188,74.19999999999936,88.90000000000063,68.45000000000059,67.40000000000055,0,0,135,0,5,0,6,0.0,,0.05750000000000071
0.393125,0.0,0.625,0,189,74.44999999999935,88.85000000000063,68.35000000000059,67.30000000000055,0,0,136,0,5,0,6,0.0,,0.25750000000000073
0.39375,0.0,0.625,0,190,74.69999999999933,88.80000000000064,68.2500000000006,67.20000000000056,0,0,137,0,5,0,6,0.0,,0.05750000000000071
0.395,0.0,0.625,0,191,74.94999999999932,88.75000000000064,68.1500000000006,67.10000000000056,0,0,138,0,5,0,6,0.0,,0.15750000000000072
0.395625,0.0,0.625,0,192,75.1999999999993,88.70000000000064,68.05000000000061,67.00000000000057,0,0,139,0,5,0,6,0.0,,0.05750000000000071
0.396875,0.0,0.625,0,193,75.44999999999929,88.65000000000065,67.95000000000061,66.90000000000057,0,0,140,0,5,0,6,0.0,,0.15750000000000072
0.398125,0.0,0.625,0,194,75.69999999999928,88.60000000000065,67.85000000000062,66.80000000000058,0,0,141,0,5,0,6,0.0,,0.15750000000000072
0.4,0.0,0.625,0,195,75.94999999999926,88.55000000000065,67.75000000000063,66.70000000000059,0,0,142,0,5,0,6,0.0,,0.25750000000000073
0.401875,0.0,0.625,0,196,76.19999999999925,88.50000000000065,67.65000000000063,66.60000000000059,0,0,143,0,5,0,6,0.0,,0.25750000000000073
0.401875,0.0,0.625,0,197,76.44999999999924,88.45000000000066,67.55000000000064,66.5000000000006,0,0,144,0,5,0,6,0.0,,-0.042499999999999295
0.403125,0.0,0.625,0,198,76.69999999999922,88.40000000000066,67.45000000000064,66.4000000000006,0,0,145,0,5,0,6,0.0,,0.15750000000000072
0.403125,0.0,0.625,0,199,77.0499999999992,88.25000000000067,67.35000000000065,66.30000000000061,0,0,146,0,5,0,6,0.0,,-0.04749999999999901
0.404375,0.0,0.625,0,200,77.39999999999918,88.10000000000068,67.25000000000065,66.20000000000061,0,0,147,0,5,0,6,0.0,,0.152500000000001
0.405625,0.0,0.625,0,201,77.64999999999917,88.05000000000068,67.15000000000066,66.10000000000062,0,0,148,0,5,0,6,0.0,,0.15750000000000072
0.406875,0.0,0.625,0,202,77.99999999999915,87.90000000000069,67.05000000000067,66.00000000000063,0,0,149,0,5,0,6,0.0,,0.152500000000001
0.40875,0.0,0.625,0,203,78.34999999999913,87.7500000000007,66.95000000000067,65.90000000000063,0,0,150,0,5,0,6,0.0,,0.252500000000001
0.40875,0.0,0.625,0,204,78.59999999999911,87.7000000000007,66.85000000000068,65.80000000000064,0,0,151,0,5,0,6,0.0,,-0.042499999999999295
0.410625,0.0,0.625,0,205,78.9499999999991,87.55000000000071,66.75000000000068,65.70000000000064,0,0,152,0,5,0,6,0.0,,0.252500000000001
0.41125,0.0,0.625,0,206,79.29999999999907,87.40000000000072,66.65000000000069,65.60000000000065,0,0,153,0,5,0,6,0.0,,0.052500000000001
0.4125,0.0,0.625,0,207,79.64999999999905,87.25000000000072,66.5500000000007,65.50000000000065,0,0,154,0,5,0,6,0.0,,0.152500000000001
0.415,0.0,0.625,0,208,79.99999999999903,87.10000000000073,66.4500000000007,65.40000000000066,0,0,155,0,5,0,6,0.0,,0.352500000000001
0.418125,0.0,0.625,0,209,80.24999999999902,87.05000000000074,66.3500000000007,65.30000000000067,0,0,156,0,5,0,6,0.0,,0.4575000000000007
0.419375,0.0,0.625,0,210,80.499999999999,87.00000000000074,66.25000000000071,65.20000000000067,0,0,157,0,5,0,6,0.0,,0.15750000000000072
0.420625,0.0,0.625,0,211,80.74999999999899,86.95000000000074,66.15000000000072,65.10000000000068,0,0,158,0,5,0,6,0.0,,0.15750000000000072
0.42375,0.0,0.625,0,212,80.99999999999898,86.90000000000074,66.05000000000072,65.00000000000068,0,0,159,0,5,0,6,0.0,,0.4575000000000007
0.425625,0.0,0.625,0,213,81.24999999999896,86.85000000000075,65.95000000000073,64.90000000000069,0,0,160,0,5,0,6,0.0,,0.25750000000000073
0.4275,0.0,0.625,0,214,81.49999999999895,86.80000000000075,65.85000000000073,64.8000000000007,0,0,161,0,5,0,6,0.0,,0.25750000000000073
0.428125,0.0,0.625,0,215,81.74999999999893,86.75000000000075,65.75000000000074,64.7000000000007,0,0,162,0,5,0,6,0.0,,0.05750000000000071
0.428125,0.0,0.625,0,216,81.99999999999892,86.70000000000076,65.65000000000074,64.6000000000007,0,0,163,0,5,0,6,0.0,,-0.042499999999999295
0.428125,0.0,0.625,0,217,82.2499999999989,86.65000000000076,65.55000000000075,64.50000000000071,0,0,164,0,5,0,6,0.0,,-0.042499999999999295
0.428125,0.0,0.625,0,218,82.59999999999889,86.50000000000077,65.45000000000076,64.40000000000072,0,0,165,0,5,0,6,0.0,,-0.04749999999999901
0.428125,0.0,0.625,0,219,82.84999999999887,86.45000000000077,65.35000000000076,64.30000000000072,0,0,166,0,5,0,6,0.0,,-0.042499999999999295
0.428125,0.0,0.625,0,220,83.19999999999885,86.30000000000078,65.25000000000077,64.20000000000073,0,0,167,0,5,0,6,0.0,,-0.04749999999999901
0.428125,0.0,0.625,0,221,83.54999999999883,86.15000000000079,65.15000000000077,64.10000000000073,0,0,168,0,5,0,6,0.0,,-0.04749999999999901
0.428125,0.0,0.625,0,222,83.79999999999882,86.10000000000079,65.05000000000078,64.00000000000074,0,0,169,0,5,0,6,0.0,,-0.042499999999999295
0.428125,0.0,0.625,0,223,84.1499999999988,85.9500000000008,64.95000000000078,63.90000000000074,0,0,170,0,5,0,6,0.0,,-0.04749999999999901
0.428125,0.0,0.625,0,224,84.49999999999878,85.80000000000081,64.85000000000079,63.800000000000736,0,0,171,0,5,0,6,0.0,,-0.04749999999999901
0.42875,0.0,0.625,0,225,84.84999999999876,85.65000000000082,64.75000000000078,63.700000000000735,0,0,172,0,5,0,6,0.0,,0.052500000000001
0.429375,0.0,0.625,0,226,85.19999999999874,85.50000000000082,64.65000000000079,63.60000000000073,0,0,173,0,5,0,6,0.0,,0.052500000000001
0.430625,0.0,0.625,0,227,85.54999999999872,85.35000000000083,64.5500000000008,63.50000000000073,0,0,174,0,5,0,6,0.0,,0.152500000000001
0.43125,0.0,0.625,0,228,85.8999999999987,85.20000000000084,64.45000000000078,63.40000000000073,0,0,175,0,5,0,6,0.0,,0.052500000000001
0.433125,0.0,0.625,0,229,86.14999999999868,85.15000000000084,64.35000000000079,63.30000000000073,0,0,176,0,5,0,6,0.0,,0.25750000000000073
0.43375,0.0,0.625,0,230,86.39999999999867,85.10000000000085,64.2500000000008,63.20000000000073,0,0,177,0,5,0,6,0.0,,0.05750000000000071
0.43625,0.0,0.625,0,231,86.64999999999866,85.05000000000085,64.1500000000008,63.100000000000726,0,0,178,0,5,0,6,0.0,,0.3575000000000007
0.4375,0.0,0.625,0,232,86.89999999999864,85.00000000000085,64.05000000000081,63.000000000000725,0,0,179,0,5,0,6,0.0,,0.15750000000000072
0.440625,0.0,0.625,0,233,87.14999999999863,84.95000000000086,63.9500000000008,62.90000000000072,0,0,180,0,5,0,6,0.0,,0.4575000000000007
0.441875,0.0,0.625,0,234,87.39999999999861,84.90000000000086,63.850000000000804,62.80000000000072,0,0,181,0,5,0,6,0.0,,0.15750000000000072
0.445,0.0,0.625,0,235,87.6499999999986,84.85000000000086,63.75000000000081,62.70000000000072,0,0,182,0,5,0,6,0.0,,0.4575000000000007
0.445625,0.0,0.625,0,236,87.89999999999858,84.80000000000086,63.65000000000081,62.60000000000072,0,0,183,0,5,0,6,0.0,,0.05750000000000071
0.44875,0.0,0.625,0,237,88.14999999999857,84.75000000000087,63.55000000000081,62.50000000000072,0,0,184,0,5,0,6,0.0,,0.4575000000000007
0.45,0.0,0.625,0,238,88.39999999999856,84.70000000000087,63.45000000000081,62.400000000000716,0,0,185,0,5,0,6,0.0,,0.15750000000000072
0.45125,0.0,0.625,0,239,88.64999999999854,84.65000000000087,63.35000000000082,62.300000000000715,0,0,186,0,5,0,6,0.0,,0.15750000000000072
0.4525,0.0,0.625,0,240,88.99999999999852,84.50000000000088,63.25000000000082,62.20000000000071,0,0,187,0,5,0,6,0.0,,0.152500000000001
0.455,0.0,0.625,0,241,89.3499999999985,84.35000000000089,63.150000000000816,62.10000000000071,0,0,187,0,5,0,6,0.0,,0.372500000000001
0.458125,0.0,0.625,0,242,89.59999999999849,84.30000000000089,63.05000000000082,62.00000000000071,0,0,187,0,5,0,6,0.0,,0.4775000000000007
0.458125,0.0,0.625,0,243,89.84999999999847,84.2500000000009,62.95000000000083,61.90000000000071,0,0,187,0,5,0,6,0.0,,-0.02249999999999929
0.460625,0.0,0.625,0,244,90.09999999999846,84.2000000000009,62.85000000000082,61.80000000000071,0,0,187,0,5,0,6,0.0,,0.3775000000000007
0.4625,0.0,0.625,0,245,90.34999999999845,84.1500000000009,62.750000000000824,61.700000000000706,0,0,187,0,5,0,6,0.0,,0.27750000000000075
0.464375,0.0,0.625,0,246,90.59999999999843,84.1000000000009,62.650000000000816,61.600000000000705,0,0,187,0,5,0,6,0.0,,0.27750000000000075
0.4675,0.0,0.625,0,247,90.84999999999842,84.0500000000009,62.55000000000082,61.5000000000007,0,0,187,0,5,0,6,0.0,,0.4775000000000007
0.4675,0.0,0.625,0,248,91.0999999999984,84.00000000000091,62.45000000000081,61.4000000000007,0,0,187,0,5,0,6,0.0,,-0.02249999999999929
0.47125,0.0,0.625,0,249,91.34999999999839,83.95000000000091,62.35000000000082,61.3000000000007,0,0,187,0,5,0,6,0.0,,0.5775000000000008
0.473125,0.0,0.625,0,250,91.59999999999837,83.90000000000092,62.25000000000081,61.2000000000007,0,0,187,0,5,0,6,0.0,,0.27750000000000075
0.47375,0.0,0.625,0,251,91.84999999999836,83.85000000000092,62.150000000000816,61.1000000000007,0,0,187,0,5,0,6,0.0,,0.07750000000000072
0.47625,0.0,0.625,0,252,92.19999999999834,83.70000000000093,62.05000000000081,61.000000000000696,0,0,187,0,5,0,6,0.0,,0.372500000000001
0.4775,0.0,0.625,0,253,92.54999999999832,83.55000000000094,61.95000000000081,60.900000000000695,0,0,187,0,5,0,6,0.0,,0.17250000000000099
0.47875,0.0,0.625,0,254,92.8999999999983,83.40000000000094,61.850000000000804,60.80000000000069,0,0,187,0,5,0,6,0.0,,0.17250000000000099
0.480625,0.0,0.625,0,255,93.14999999999829,83.35000000000095,61.75000000000081,60.70000000000069,0,0,187,0,5,0,6,0.0,,0.27750000000000075
0.48125,0.0,0.625,0,256,93.39999999999827,83.30000000000095,61.6500000000008,60.60000000000069,0,0,187,0,5,0,6,0.0,,0.07750000000000072
0.481875,0.0,0.625,0,257,93.64999999999826,83.25000000000095,61.55000000000081,60.50000000000069,0,0,187,0,5,0,6,0.0,,0.07750000000000072
0.483125,0.0,0.625,0,258,93.89999999999824,83.20000000000095,61.4500000000008,60.40000000000069,0,0,187,0,5,0,6,0.0012919896640826874,,0.1775000000000007
0.484375,0.0,0.625,0,259,94.14999999999823,83.15000000000096,61.350000000000804,60.300000000000686,0,0,187,0,5,0,6,0.002574002574002574,,0.1775000000000007
0.484375,0.0,0.625,0,260,94.49999999999821,83.00000000000097,61.250000000000796,60.200000000000685,0,0,187,0,5,0,6,0.00641025641025641,,-0.027499999999999004
0.4875,0.0,0.625,0,261,94.84999999999819,82.85000000000097,61.1500000000008,60.10000000000068,0,0,187,0,5,0,6,0.0038314176245210726,,0.472500000000001
0.489375,0.0,0.625,0,262,95.19999999999817,82.70000000000098,61.05000000000079,60.00000000000068,0,0,187,0,5,0,6,0.003816793893129771,,0.272500000000001
0.489375,0.0,0.625,0,263,95.44999999999816,82.65000000000099,60.9500000000008,59.90000000000068,0,0,187,0,5,0,6,0.0076045627376425855,,-0.02249999999999929
0.490625,0.0,0.625,0,264,95.79999999999814,82.500000000001,60.85000000000079,59.80000000000068,0,0,187,0,5,0,6,0.008838383838383838,,0.17250000000000099
0.49125,0.0,0.625,0,265,96.04999999999812,82.450000000001,60.750000000000796,59.70000000000068,0,0,187,0,5,0,6,0.011320754716981131,,0.07750000000000072
0.491875,0.0,0.625,0,266,96.3999999999981,82.300000000001,60.65000000000079,59.600000000000676,0,0,188,0,5,0,6,0.013784461152882205,,0.052500000000001
0.49375,0.125,0.625,0,267,96.89999999999809,82.15000000000101,60.47500000000079,59.500000000000675,0,0,189,0,5,1,6,0.01373283395755306,,25.245
0.495,0.125,0.625,0,268,97.39999999999807,82.00000000000102,60.30000000000079,59.400000000000674,0,0,190,0,5,1,6,0.014925373134328358,,0.1450000000000007
0.49625,0.125,0.625,0,269,97.89999999999806,81.85000000000103,60.12500000000079,59.30000000000067,0,0,191,0,5,1,6,0.0161090458488228,,0.1450000000000007
0.4975,0.125,0.625,0,270,98.29999999999805,81.80000000000103,59.950000000000784,59.20000000000067,0,0,192,0,5,1,6,0.01728395061728395,,0.15000000000000044
0.5,0.125,0.625,0,271,98.69999999999804,81.75000000000104,59.77500000000079,59.10000000000067,0,0,193,0,5,1,6,0.015990159901599015,,0.3500000000000004
0.501875,0.125,0.625,0,272,99.09999999999803,81.70000000000104,59.60000000000079,59.00000000000067,0,0,194,0,5,1,6,0.015931372549019607,,0.25000000000000044
0.504375,0.125,0.625,0,273,99.49999999999802,81.65000000000104,59.425000000000786,58.90000000000067,0,0,195,0,5,1,6,0.014652014652014652,,0.3500000000000004
0.50625,0.125,0.625,0,274,99.89999999999802,81.60000000000105,59.25000000000078,58.800000000000665,0,0,196,0,5,1,6,0.014598540145985401,,0.25000000000000044
0.508125,0.25,0.625,0,275,100.44999999999801,81.55000000000105,59.00000000000078,58.550000000000665,0,0,197,0,5,2,6,0.014545454545454545,,25.2425
0.51,0.25,0.625,0,276,100.99999999999801,81.50000000000105,58.75000000000078,58.300000000000665,0,0,198,0,5,2,6,0.014492753623188406,,0.24250000000000016
0.51,0.25,0.625,0,277,101.54999999999801,81.45000000000105,58.50000000000078,58.050000000000665,0,0,199,0,5,2,6,0.018050541516245487,,-0.057499999999999864
0.5125,0.25,0.625,0,278,102.199999999998,81.30000000000106,58.25000000000078,57.800000000000665,0,0,200,0,5,2,6,0.016786570743405275,,0.3375000000000004
0.5125,0.25,0.625,0,279,102.749999999998,81.25000000000107,58.00000000000078,57.550000000000665,0,0,201,0,5,2,6,0.02031063321385902,,-0.057499999999999864
0.51375,0.25,0.625,0,280,103.299999999998,81.20000000000107,57.75000000000078,57.300000000000665,0,0,202,0,5,2,6,0.02142857142857143,,0.14250000000000015
0.51375,0.25,0.625,0,281,103.84999999999799,81.15000000000107,57.50000000000078,57.050000000000665,0,0,203,0,5,2,6,0.02491103202846975,,-0.057499999999999864
0.51375,0.25,0.625,0,282,104.39999999999799,81.10000000000107,57.25000000000078,56.800000000000665,0,0,204,0,5,2,6,0.028368794326241134,,-0.057499999999999864
0.51375,0.25,0.625,0,283,105.04999999999798,80.95000000000108,57.00000000000078,56.550000000000665,0,0,205,0,5,2,6,0.03180212014134275,,-0.06249999999999958
0.515625,0.25,0.625,0,284,105.69999999999797,80.80000000000109,56.75000000000078,56.300000000000665,0,0,206,0,5,2,6,0.03169014084507042,,0.23750000000000046
0.51625,0.25,0.625,0,285,106.34999999999796,80.6500000000011,56.50000000000078,56.050000000000665,0,0,207,0,5,2,6,0.03391812865497076,,0.037500000000000415
0.5175,0.25,0.625,0,286,106.99999999999795,80.50000000000111,56.25000000000078,55.800000000000665,0,0,208,0,5,2,6,0.03496503496503497,,0.13750000000000043
0.519375,0.25,0.75,0,287,107.64999999999795,80.35000000000112,56.00000000000078,55.550000000000665,0,0,209,0,6,2,7,0.03484320557491289,,3.2375000000000003
0.5225,0.25,0.75,0,288,108.29999999999794,80.20000000000113,55.75000000000078,55.300000000000665,0,0,210,0,6,2,7,0.032407407407407406,,0.4375000000000004
0.52375,0.25,0.75,0,289,108.84999999999793,80.15000000000113,55.50000000000078,55.050000000000665,0,0,211,0,6,2,7,0.03344867358708189,,0.14250000000000015
0.525,0.25,0.75,0,290,109.39999999999793,80.10000000000113,55.25000000000078,54.800000000000665,0,0,212,0,6,2,7,0.034482758620689655,,0.14250000000000015
0.52875,0.25,0.75,0,291,109.94999999999793,80.05000000000113,55.00000000000078,54.550000000000665,0,0,213,0,6,2,7,0.030927835051546393,,0.5425000000000002
0.530625,0.25,0.75,0,292,110.49999999999793,80.00000000000114,54.75000000000078,54.300000000000665,0,0,214,0,6,2,7,0.030821917808219176,,0.24250000000000016
0.5325,0.25,0.75,0,293,111.04999999999792,79.95000000000114,54.50000000000078,54.050000000000665,0,0,215,0,6,2,7,0.030716723549488054,,0.24250000000000016
0.534375,0.25,0.75,0,294,111.59999999999792,79.90000000000114,54.25000000000078,53.800000000000665,0,0,216,0,6,2,7,0.030612244897959183,,0.24250000000000016
0.5375,0.25,0.75,0,295,112.14999999999792,79.85000000000115,54.00000000000078,53.550000000000665,0,0,217,0,6,2,7,0.02824858757062147,,0.4425000000000001
0.53875,0.25,0.75,0,296,112.69999999999791,79.80000000000115,53.75000000000078,53.300000000000665,0,0,218,0,6,2,7,0.02927927927927928,,0.14250000000000015
0.54125,0.25,0.75,0,297,113.24999999999791,79.75000000000115,53.50000000000078,53.050000000000665,0,0,219,0,6,2,7,0.028058361391694726,,0.34250000000000014
0.543125,0.25,0.75,0,298,113.79999999999791,79.70000000000115,53.25000000000078,52.800000000000665,0,0,220,0,6,2,7,0.02796420581655481,,0.24250000000000016
0.545625,0.25,0.75,0,299,114.3499999999979,79.65000000000116,53.00000000000078,52.550000000000665,0,0,221,0,6,2,7,0.026755852842809364,,0.34250000000000014
0.546875,0.25,0.75,0,300,114.8999999999979,79.60000000000116,52.75000000000078,52.300000000000665,0,0,222,0,6,2,7,0.027777777777777776,,0.14250000000000015
0.5475,0.25,0.75,0,301,115.4499999999979,79.55000000000116,52.50000000000078,52.050000000000665,0,0,223,0,6,2,7,0.029900332225913623,,0.04250000000000014
0.549375,0.25,0.75,0,302,115.9999999999979,79.50000000000117,52.25000000000078,51.800000000000665,0,0,224,0,6,2,7,0.029801324503311258,,0.24250000000000016
0.549375,0.25,0.75,0,303,116.5499999999979,79.45000000000117,52.00000000000078,51.550000000000665,0,0,225,0,6,2,7,0.033003300330033,,-0.057499999999999864
0.549375,0.25,0.75,0,304,117.09999999999789,79.40000000000117,51.75000000000078,51.300000000000665,0,0,226,0,6,2,7,0.03618421052631579,,-0.057499999999999864
0.549375,0.25,0.75,0,305,117.74999999999788,79.25000000000118,51.50000000000078,51.050000000000665,0,0,227,0,6,2,7,0.03934426229508197,,-0.06249999999999958
0.55,0.25,0.75,0,306,118.29999999999788,79.20000000000118,51.25000000000078,50.800000000000665,0,0,228,0,6,2,7,0.04139433551198257,,0.04250000000000014
0.55,0.25,0.75,0,307,118.94999999999787,79.05000000000119,51.00000000000078,50.550000000000665,0,0,229,0,6,2,7,0.04451682953311618,,-0.06249999999999958
0.55125,0.25,0.75,0,308,119.59999999999786,78.9000000000012,50.75000000000078,50.300000000000665,0,0,230,0,6,2,7,0.045454545454545456,,0.13750000000000043
0.551875,0.25,0.75,0,309,120.24999999999785,78.75000000000121,50.50000000000078,50.050000000000665,0,0,231,0,6,2,7,0.04746494066882417,,0.037500000000000415
0.5525,0.25,0.75,0,310,120.89999999999785,78.60000000000122,50.25000000000078,49.800000000000665,0,0,232,0,6,2,8,0.04946236559139785,,0.037500000000000415
0.5525,0.25,0.75,0,311,121.44999999999784,78.55000000000122,50.00000000000078,49.550000000000665,0,0,233,0,6,2,8,0.05251875669882101,,-0.057499999999999864
0.5525,0.25,0.75,0,312,121.99999999999784,78.50000000000122,49.75000000000078,49.300000000000665,0,0,234,0,6,2,8,0.05555555555555555,,-0.057499999999999864
0.55375,0.25,0.75,0,313,122.54999999999784,78.45000000000122,49.50000000000078,49.050000000000665,0,0,235,0,6,2,8,0.05644302449414271,,0.14250000000000015
0.55375,0.25,0.75,0,314,123.09999999999783,78.40000000000123,49.25000000000078,48.800000000000665,0,0,236,0,6,2,8,0.059447983014861996,,-0.057499999999999864
0.55375,0.25,0.75,0,315,123.64999999999783,78.35000000000123,49.00000000000078,48.550000000000665,0,0,237,0,6,2,8,0.06243386243386243,,-0.057499999999999864
0.55375,0.25,0.75,0,316,124.19999999999783,78.30000000000123,48.75000000000078,48.300000000000665,0,0,238,0,6,2,8,0.06540084388185655,,-0.057499999999999864
0.55375,0.25,0.75,0,317,124.74999999999783,78.25000000000124,48.50000000000078,48.050000000000665,0,0,239,0,6,2,8,0.0683491062039958,,-0.057499999999999864
0.55375,0.25,0.75,0,318,125.29999999999782,78.20000000000124,48.25000000000078,47.800000000000665,0,0,240,0,6,2,8,0.07127882599580712,,-0.057499999999999864
0.55375,0.25,0.75,0,319,125.84999999999782,78.15000000000124,48.00000000000078,47.550000000000665,0,0,241,0,6,2,8,0.0741901776384535,,-0.057499999999999864
0.55375,0.25,0.75,0,320,126.39999999999782,78.10000000000124,47.75000000000078,47.300000000000665,0,0,242,0,6,2,8,0.07708333333333334,,-0.057499999999999864
0.55375,0.25,0.75,0,321,126.94999999999781,78.05000000000125,47.50000000000078,47.050000000000665,0,0,243,0,6,2,8,0.07995846313603323,,-0.057499999999999864
0.554375,0.25,0.75,0,322,127.49999999999781,78.00000000000125,47.25000000000078,46.800000000000665,0,0,244,0,6,2,8,0.08178053830227744,,0.04250000000000014
0.555,0.25,0.75,0,323,128.0499999999978,77.95000000000125,47.00000000000078,46.550000000000665,0,0,245,0,6,2,8,0.08359133126934984,,0.04250000000000085
0.556875,0.25,0.75,0,324,128.5999999999978,77.90000000000126,46.75000000000078,46.300000000000665,0,0,246,0,6,2,8,0.08333333333333333,,0.24249999999999944
0.5575,0.25,0.75,0,325,129.14999999999782,77.85000000000126,46.50000000000078,46.050000000000665,0,0,247,0,6,2,8,0.08512820512820513,,0.042499999999999434
0.558125,0.25,0.75,0,326,129.69999999999783,77.80000000000126,46.25000000000078,45.800000000000665,0,0,248,0,6,2,9,0.0869120654396728,,0.042499999999999434
0.56,0.25,0.75,0,327,130.24999999999784,77.75000000000126,46.00000000000078,45.550000000000665,0,0,249,0,6,2,9,0.08664627930682976,,0.24249999999999944
0.56125,0.25,0.75,0,328,130.79999999999785,77.70000000000127,45.75000000000078,45.300000000000665,0,0,250,0,6,2,9,0.08739837398373984,,0.14249999999999943
0.561875,0.25,0.75,0,329,131.34999999999786,77.65000000000127,45.50000000000078,45.050000000000665,0,0,251,0,6,2,9,0.08915906788247213,,0.042499999999999434
0.5625,0.25,0.75,0,330,131.89999999999787,77.60000000000127,45.25000000000078,44.800000000000665,0,0,252,0,6,2,9,0.09090909090909091,,0.042499999999999434
0.5625,0.25,0.75,0,331,132.44999999999789,77.55000000000128,45.00000000000078,44.550000000000665,0,0,253,0,6,2,9,0.09365558912386707,,-0.05750000000000057
0.563125,0.25,0.75,0,332,132.9999999999979,77.50000000000128,44.75000000000078,44.300000000000665,0,0,254,0,6,2,9,0.09538152610441768,,0.042499999999999434
0.563125,0.25,0.75,0,333,133.5499999999979,77.45000000000128,44.50000000000078,44.050000000000665,0,0,255,0,6,2,9,0.0980980980980981,,-0.05750000000000057
0.563125,0.25,0.75,0,334,134.09999999999792,77.40000000000128,44.25000000000078,43.800000000000665,0,0,256,0,6,2,9,0.10079840319361277,,-0.05750000000000057
0.563125,0.25,0.75,0,335,134.64999999999793,77.35000000000129,44.00000000000078,43.550000000000665,0,0,256,0,6,2,9,0.10348258706467661,,-0.03750000000000057
0.563125,0.25,0.75,0,336,135.19999999999794,77.30000000000129,43.75000000000078,43.300000000000665,0,0,256,0,6,2,9,0.10615079365079365,,-0.03750000000000057
0.563125,0.25,0.75,0,337,135.74999999999795,77.2500000000013,43.50000000000078,43.050000000000665,0,0,256,0,6,2,9,0.10880316518298715,,-0.03750000000000057
0.563125,0.25,0.75,0,338,136.29999999999797,77.2000000000013,43.25000000000078,42.800000000000665,0,0,256,0,6,2,9,0.11143984220907298,,-0.03750000000000057
0.563125,0.25,0.75,0,339,136.84999999999798,77.1500000000013,43.00000000000078,42.550000000000665,0,0,256,0,6,2,9,0.11406096361848574,,-0.03750000000000057
0.56375,0.25,0.75,0,340,137.399999999998,77.1000000000013,42.75000000000078,42.300000000000665,0,0,256,0,6,2,9,0.11568627450980393,,0.06249999999999944
0.564375,0.25,0.75,0,341,137.949999999998,77.0500000000013,42.50000000000078,42.050000000000665,0,0,256,0,6,2,9,0.11730205278592376,,0.06249999999999944
0.565,0.25,0.75,0,342,138.499999999998,77.00000000000131,42.25000000000078,41.800000000000665,0,0,256,0,6,2,9,0.1189083820662768,,0.06249999999999944
0.56625,0.25,0.75,0,343,139.04999999999802,76.95000000000131,42.00000000000078,41.550000000000665,0,0,256,0,6,2,10,0.119533527696793,,0.16249999999999942
0.566875,0.25,0.75,0,344,139.59999999999803,76.90000000000131,41.75000000000078,41.300000000000665,0,0,256,0,6,2,10,0.12112403100775193,,0.06249999999999944
0.566875,0.25,0.75,0,345,140.14999999999804,76.85000000000132,41.50000000000078,41.050000000000665,0,0,256,0,6,2,10,0.12367149758454106,,-0.03750000000000057
0.5675,0.25,0.75,0,346,140.69999999999806,76.80000000000132,41.25000000000078,40.800000000000665,0,0,256,0,6,2,10,0.1252408477842004,,0.06249999999999944
0.568125,0.25,0.75,0,347,141.24999999999807,76.75000000000132,41.00000000000078,40.550000000000665,0,0,256,0,6,2,10,0.12680115273775217,,0.06249999999999944
0.568125,0.25,0.75,0,348,141.79999999999808,76.70000000000132,40.75000000000078,40.300000000000665,0,0,256,0,6,2,10,0.12931034482758622,,-0.03750000000000057
0.56875,0.25,0.75,0,349,142.3499999999981,76.65000000000133,40.50000000000078,40.050000000000665,0,0,256,0,6,2,10,0.1308500477554919,,0.06249999999999944
0.56875,0.25,0.75,0,350,142.8999999999981,76.60000000000133,40.25000000000078,39.800000000000665,0,0,256,0,6,2,10,0.13333333333333333,,-0.03750000000000057
0.569375,0.25,0.75,0,351,143.4499999999981,76.55000000000133,40.00000000000078,39.550000000000665,0,0,256,0,6,2,10,0.13485280151946819,,0.06249999999999944
0.569375,0.25,0.75,0,352,143.99999999999812,76.50000000000134,39.75000000000078,39.300000000000665,0,0,256,0,6,2,10,0.13731060606060605,,-0.03750000000000057
0.569375,0.25,0.75,0,353,144.54999999999814,76.45000000000134,39.50000000000078,39.050000000000665,0,0,256,0,6,2,10,0.1397544853635505,,-0.03750000000000057
0.569375,0.25,0.75,0,354,145.09999999999815,76.40000000000134,39.25000000000078,38.800000000000665,0,0,256,0,6,2,10,0.14218455743879474,,-0.03750000000000057
0.569375,0.25,0.75,0,355,145.64999999999816,76.35000000000134,39.00000000000078,38.550000000000665,0,0,256,0,6,2,10,0.14460093896713616,,-0.03750000000000057
0.569375,0.25,0.75,0,356,146.19999999999817,76.30000000000135,38.75000000000078,38.300000000000665,0,0,256,0,6,2,10,0.14700374531835206,,-0.03750000000000057
0.57,0.25,0.75,0,357,146.74999999999818,76.25000000000135,38.50000000000078,38.050000000000665,0,0,256,0,6,2,10,0.1484593837535014,,0.06249999999999944
0.570625,0.25,0.75,0,358,147.2999999999982,76.20000000000135,38.25000000000078,37.800000000000665,0,0,256,0,6,2,10,0.14990689013035383,,0.06249999999999944
0.571875,0.25,0.75,0,359,147.8499999999982,76.15000000000136,38.00000000000078,37.550000000000665,0,0,256,0,6,2,10,0.15041782729805014,,0.16249999999999942
0.573125,0.25,0.75,0,360,148.39999999999822,76.10000000000136,37.75000000000078,37.300000000000665,0,0,256,0,6,2,10,0.15092592592592594,,0.16249999999999942
0.573125,0.25,0.75,0,361,148.94999999999823,76.05000000000136,37.50000000000078,37.050000000000665,0,0,256,0,6,2,10,0.15327793167128348,,-0.03750000000000057
0.57375,0.25,0.75,0,362,149.49999999999824,76.00000000000136,37.25000000000078,36.800000000000665,0,0,256,0,6,2,10,0.15469613259668508,,0.06249999999999944
0.574375,0.25,0.75,0,363,150.04999999999825,75.95000000000137,37.00000000000078,36.550000000000665,0,0,256,0,6,2,10,0.1561065197428834,,0.06249999999999944
0.574375,0.25,0.75,0,364,150.59999999999826,75.90000000000137,36.75000000000078,36.300000000000665,0,0,256,0,6,2,10,0.15842490842490842,,-0.03750000000000057
0.575625,0.25,0.75,0,365,151.14999999999827,75.85000000000137,36.50000000000078,36.050000000000665,0,0,256,0,6,2,10,0.1589041095890411,,0.16249999999999942
0.575625,0.25,0.75,0,366,151.69999999999828,75.80000000000138,36.25000000000078,35.800000000000665,0,0,256,0,6,2,10,0.16120218579234974,,-0.03750000000000057
0.576875,0.25,0.75,0,367,152.2499999999983,75.75000000000138,36.00000000000078,35.550000000000665,0,0,256,0,6,2,10,0.16167120799273388,,0.16249999999999942
0.578125,0.25,0.75,0,368,152.7999999999983,75.70000000000138,35.75000000000078,35.300000000000665,0,0,256,0,6,2,10,0.1621376811594203,,0.16249999999999942
0.578125,0.25,0.75,0,369,153.34999999999832,75.65000000000138,35.50000000000078,35.050000000000665,0,0,256,0,6,2,10,0.16440831074977416,,-0.03750000000000057
0.57875,0.25,0.75,0,370,153.89999999999833,75.60000000000139,35.25000000000078,34.800000000000665,0,0,256,0,6,2,10,0.16576576576576577,,0.06249999999999944
0.57875,0.25,0.75,0,371,154.44999999999834,75.55000000000139,35.00000000000078,34.550000000000665,0,0,256,0,6,2,10,0.16801437556154536,,-0.03750000000000057
0.57875,0.25,0.75,0,372,154.99999999999835,75.50000000000139,34.75000000000078,34.300000000000665,0,0,256,0,6,2,10,0.17025089605734767,,-0.03750000000000057
0.57875,0.25,0.75,0,373,155.54999999999836,75.4500000000014,34.50000000000078,34.050000000000665,0,0,256,0,6,2,10,0.17247542448614836,,-0.03750000000000057
0.57875,0.25,0.75,0,374,156.09999999999837,75.4000000000014,34.25000000000078,33.800000000000665,0,0,256,0,6,2,10,0.1746880570409982,,-0.03750000000000057
0.57875,0.25,0.75,0,375,156.64999999999839,75.3500000000014,34.00000000000078,33.550000000000665,0,0,256,0,6,2,10,0.1768888888888889,,-0.03750000000000057
0.57875,0.25,0.75,0,376,157.1999999999984,75.3000000000014,33.75000000000078,33.300000000000665,0,0,256,0,6,2,10,0.17907801418439717,,-0.03750000000000057
0.57875,0.25,0.75,0,377,157.7499999999984,75.2500000000014,33.50000000000078,33.050000000000665,0,0,256,0,6,2,10,0.1812555260831123,,-0.03750000000000057
0.57875,0.25,0.75,0,378,158.29999999999842,75.20000000000141,33.25000000000078,32.800000000000665,0,0,256,0,6,2,10,0.18342151675485008,,-0.03750000000000057
0.57875,0.25,0.75,0,379,158.94999999999843,75.05000000000142,33.00000000000078,32.550000000000665,0,0,256,0,6,2,10,0.18557607739665788,,-0.04250000000000029
0.57875,0.25,0.75,0,380,159.59999999999843,74.90000000000143,32.75000000000078,32.300000000000665,0,0,256,0,6,2,10,0.18771929824561404,,-0.04250000000000029
0.57875,0.25,0.75,0,381,160.14999999999844,74.85000000000143,32.50000000000078,32.050000000000665,0,0,256,0,6,2,10,0.18985126859142606,,-0.03750000000000057
0.57875,0.25,0.75,0,382,160.79999999999845,74.70000000000144,32.25000000000078,31.800000000000665,0,0,256,0,6,2,10,0.19197207678883071,,-0.04250000000000029
0.57875,0.25,0.75,0,383,161.44999999999845,74.55000000000145,32.00000000000078,31.550000000000665,0,0,256,0,6,2,10,0.19408181026979981,,-0.04250000000000029
0.57875,0.25,0.75,0,384,161.99999999999847,74.50000000000145,31.750000000000785,31.300000000000665,0,0,256,0,6,2,10,0.19618055555555555,,-0.03750000000000057
0.57875,0.25,0.75,0,385,162.64999999999847,74.35000000000146,31.500000000000785,31.050000000000665,0,0,256,0,6,2,10,0.19826839826839826,,-0.04250000000000029
0.57875,0.25,0.75,0,386,163.29999999999848,74.20000000000147,31.250000000000785,30.800000000000665,0,0,256,0,6,2,10,0.2003454231433506,,-0.04250000000000029
0.57875,0.25,0.75,0,387,163.94999999999848,74.05000000000148,31.000000000000785,30.550000000000665,0,0,256,0,6,2,10,0.20241171403962102,,-0.04250000000000029
0.57875,0.25,0.75,0,388,164.5999999999985,73.90000000000148,30.750000000000785,30.300000000000665,0,0,256,0,6,2,10,0.20446735395189003,,-0.04250000000000029
0.57875,0.25,0.75,0,389,165.2499999999985,73.75000000000149,30.500000000000785,30.050000000000665,0,0,256,0,6,2,10,0.20651242502142245,,-0.04250000000000029
0.57875,0.25,0.75,0,390,165.8999999999985,73.6000000000015,30.250000000000785,29.800000000000665,0,0,256,0,6,2,10,0.20854700854700856,,-0.04250000000000029
0.57875,0.25,0.75,0,391,166.4499999999985,73.5500000000015,30.000000000000785,29.550000000000665,0,0,256,0,6,2,10,0.21057118499573743,,-0.03750000000000057
0.57875,0.25,0.75,0,392,167.09999999999852,73.40000000000151,29.750000000000785,29.300000000000665,0,0,256,0,6,2,10,0.21258503401360543,,-0.04250000000000029
0.57875,0.25,0.75,0,393,167.74999999999852,73.25000000000152,29.500000000000785,29.050000000000665,0,0,256,0,6,2,10,0.21458863443596268,,-0.04250000000000029
0.57875,0.25,0.75,0,394,168.39999999999853,73.10000000000153,29.250000000000785,28.800000000000665,0,0,256,0,6,2,10,0.21658206429780033,,-0.04250000000000029
0.57875,0.25,0.75,0,395,168.94999999999854,73.05000000000153,29.000000000000785,28.550000000000665,0,0,256,0,6,2,10,0.21856540084388185,,-0.03750000000000057
0.57875,0.25,0.75,0,396,169.49999999999855,73.00000000000153,28.750000000000785,28.300000000000665,0,0,256,0,6,2,10,0.22053872053872053,,-0.03750000000000057
0.57875,0.25,0.75,0,397,170.04999999999856,72.95000000000154,28.500000000000785,28.050000000000665,0,0,256,0,6,2,10,0.2225020990764064,,-0.03750000000000057
0.57875,0.25,0.75,0,398,170.69999999999857,72.80000000000155,28.250000000000785,27.800000000000665,0,0,256,0,6,2,10,0.22445561139028475,,-0.04250000000000029
0.57875,0.25,0.75,0,399,171.24999999999858,72.75000000000155,28.000000000000785,27.550000000000665,0,0,256,0,6,2,10,0.22639933166248954,,-0.03750000000000057
0.57875,0.25,0.75,0,400,171.7999999999986,72.70000000000155,27.750000000000785,27.300000000000665,0,0,256,0,6,2,10,0.22833333333333333,,-0.03750000000000057
0.57875,0.25,0.75,0,401,172.3499999999986,72.65000000000155,27.500000000000785,27.050000000000665,0,0,256,0,6,2,10,0.23025768911055694,,-0.03750000000000057
0.57875,0.25,0.75,0,402,172.8999999999986,72.60000000000156,27.250000000000785,26.800000000000665,0,0,256,0,6,2,10,0.23217247097844113,,-0.03750000000000057
0.57875,0.25,0.75,0,403,173.44999999999862,72.55000000000156,27.000000000000785,26.550000000000665,0,0,256,0,6,2,10,0.23407775020678245,,-0.03750000000000057
0.57875,0.25,0.75,0,404,173.99999999999864,72.50000000000156,26.750000000000785,26.300000000000665,0,0,256,0,6,2,10,0.23597359735973597,,-0.03750000000000057
0.57875,0.25,0.75,0,405,174.54999999999865,72.45000000000157,26.500000000000785,26.050000000000665,0,0,256,0,6,2,10,0.23786008230452674,,-0.03750000000000057
0.57875,0.25,0.75,0,406,175.09999999999866,72.40000000000157,26.250000000000785,25.800000000000665,0,0,256,0,6,2,10,0.23973727422003285,,-0.03750000000000057
0.57875,0.25,0.75,0,407,175.64999999999867,72.35000000000157,26.000000000000785,25.550000000000665,0,0,256,0,6,2,10,0.2416052416052416,,-0.03750000000000057
0.57875,0.25,0.75,0,408,176.29999999999868,72.20000000000158,25.750000000000785,25.300000000000665,0,0,256,0,6,2,10,0.2434640522875817,,-0.04250000000000029
0.57875,0.25,0.75,0,409,176.94999999999868,72.05000000000159,25.500000000000785,25.050000000000665,0,0,256,0,6,2,10,0.24531377343113284,,-0.04250000000000029
0.57875,0.25,0.75,0,410,177.5999999999987,71.9000000000016,25.250000000000785,24.800000000000665,0,0,256,0,6,2,10,0.24715447154471545,,-0.04250000000000029
0.57875,0.25,0.75,0,411,178.2499999999987,71.7500000000016,25.000000000000785,24.550000000000665,0,0,256,0,6,2,10,0.24898621248986214,,-0.04250000000000029
0.57875,0.25,0.75,0,412,178.8999999999987,71.60000000000161,24.750000000000785,24.300000000000665,0,0,256,0,6,2,10,0.25080906148867316,,-0.04250000000000029
0.57875,0.25,0.75,0,413,179.4499999999987,71.55000000000162,24.500000000000785,24.050000000000665,0,0,256,0,6,2,10,0.25262308313155774,,-0.03750000000000057
0.57875,0.25,0.75,0,414,179.99999999999872,71.50000000000162,24.250000000000785,23.800000000000665,0,0,256,0,6,2,10,0.25442834138486314,,-0.03750000000000057
0.57875,0.25,0.75,0,415,180.54999999999873,71.45000000000162,24.000000000000785,23.550000000000665,0,0,256,0,6,2,10,0.25622489959839356,,-0.03750000000000057
0.57875,0.25,0.75,0,416,181.09999999999874,71.40000000000163,23.750000000000785,23.300000000000665,0,0,256,0,6,2,10,0.25801282051282054,,-0.03750000000000057
0.57875,0.25,0.75,0,417,181.64999999999876,71.35000000000163,23.500000000000785,23.050000000000665,0,0,256,0,6,2,10,0.2597921662669864,,-0.03750000000000057
0.57875,0.25,0.75,0,418,182.19999999999877,71.30000000000163,23.250000000000785,22.800000000000665,0,0,256,0,6,2,10,0.26156299840510366,,-0.03750000000000057
0.57875,0.25,0.75,0,419,182.74999999999878,71.25000000000163,23.000000000000785,22.550000000000665,0,0,256,0,6,2,10,0.26332537788385046,,-0.03750000000000057
0.57875,0.25,0.75,0,420,183.2999999999988,71.20000000000164,22.750000000000785,22.300000000000665,0,0,256,0,6,2,10,0.2650793650793651,,-0.03750000000000057
0.57875,0.25,0.75,0,421,183.8499999999988,71.15000000000164,22.500000000000785,22.050000000000665,0,0,256,0,6,2,10,0.2668250197941409,,-0.03750000000000057
0.57875,0.25,0.75,0,422,184.3999999999988,71.10000000000164,22.250000000000785,21.800000000000665,0,0,256,0,6,2,10,0.2685624012638231,,-0.03750000000000057
0.57875,0.25,0.75,0,423,184.94999999999882,71.05000000000165,22.000000000000785,21.550000000000665,0,0,256,0,6,2,10,0.2702915681639086,,-0.03750000000000057
0.57875,0.25,0.75,0,424,185.49999999999883,71.00000000000165,21.750000000000785,21.300000000000665,0,0,256,0,6,2,10,0.2720125786163522,,-0.03750000000000057
0.57875,0.25,0.75,0,425,186.04999999999885,70.95000000000165,21.500000000000785,21.050000000000665,0,0,256,0,6,2,10,0.27372549019607845,,-0.03750000000000057
0.57875,0.25,0.75,0,426,186.59999999999886,70.90000000000165,21.250000000000785,20.800000000000665,0,0,256,0,6,2,10,0.27543035993740217,,-0.03750000000000057
0.57875,0.25,0.75,0,427,187.14999999999887,70.85000000000166,21.000000000000785,20.550000000000665,0,0,256,0,6,2,10,0.27712724434035907,,-0.03750000000000057
0.57875,0.25,0.75,0,428,187.69999999999888,70.80000000000166,20.750000000000785,20.300000000000665,0,0,256,0,6,2,10,0.278816199376947,,-0.03750000000000057
0.57875,0.25,0.75,0,429,188.2499999999989,70.75000000000166,20.500000000000785,20.050000000000665,0,0,256,0,6,2,10,0.2804972804972805,,-0.03750000000000057
0.57875,0.25,0.75,0,430,188.8999999999989,70.60000000000167,20.250000000000785,19.800000000000665,0,0,256,0,6,2,10,0.28217054263565894,,-0.04250000000000029
0.57875,0.25,0.75,0,431,189.4499999999989,70.55000000000167,20.000000000000785,19.550000000000665,0,0,256,0,6,2,10,0.2838360402165507,,-0.03750000000000057
0.57875,0.25,0.75,0,432,190.09999999999891,70.40000000000168,19.750000000000785,19.300000000000665,0,0,256,0,6,2,10,0.2854938271604938,,-0.04250000000000029
0.57875,0.25,0.75,0,433,190.74999999999892,70.25000000000169,19.500000000000785,19.050000000000665,0,0,257,0,6,2,10,0.28714395688991534,,-0.06250000000000028
0.57875,0.25,0.75,0,434,191.39999999999893,70.1000000000017,19.250000000000785,18.800000000000665,0,0,258,0,6,2,10,0.2887864823348694,,-0.06250000000000028
0.57875,0.25,0.75,0,435,192.04999999999893,69.95000000000171,19.000000000000785,18.550000000000665,0,0,259,0,6,2,10,0.29042145593869734,,-0.06250000000000028
0.57875,0.25,0.75,0,436,192.59999999999894,69.90000000000171,18.750000000000785,18.300000000000665,0,0,260,0,6,2,10,0.29204892966360857,,-0.05750000000000057
0.57875,0.25,0.75,0,437,193.24999999999895,69.75000000000172,18.500000000000785,18.050000000000665,0,0,261,0,6,2,10,0.2936689549961861,,-0.06250000000000028
0.57875,0.25,0.75,0,438,193.79999999999896,69.70000000000172,18.250000000000785,17.800000000000665,0,0,262,0,6,2,10,0.2952815829528158,,-0.05750000000000057
0.57875,0.25,0.75,0,439,194.34999999999897,69.65000000000173,18.000000000000785,17.550000000000665,0,0,263,0,6,2,10,0.2968868640850418,,-0.05750000000000057
0.57875,0.25,0.75,0,440,194.89999999999898,69.60000000000173,17.750000000000785,17.300000000000665,0,0,264,0,6,2,10,0.29848484848484846,,-0.05750000000000057
0.57875,0.25,0.75,0,441,195.449999999999,69.55000000000173,17.500000000000785,17.050000000000665,0,0,265,0,6,2,10,0.3000755857898715,,-0.05750000000000057
0.57875,0.25,0.75,0,442,195.999999999999,69.50000000000173,17.250000000000785,16.800000000000665,0,0,266,0,6,2,10,0.30165912518853694,,-0.05750000000000057
0.57875,0.25,0.75,0,443,196.54999999999902,69.45000000000174,17.000000000000785,16.550000000000665,0,0,267,0,6,2,10,0.30323551542513166,,-0.05750000000000057
0.57875,0.25,0.75,0,444,197.09999999999903,69.40000000000174,16.750000000000785,16.300000000000665,0,0,268,0,6,2,10,0.3048048048048048,,-0.05750000000000057
0.57875,0.25,0.75,0,445,197.64999999999904,69.35000000000174,16.500000000000785,16.050000000000665,0,0,269,0,6,2,10,0.3063670411985019,,-0.05750000000000057
0.57875,0.25,0.75,0,446,198.19999999999905,69.30000000000175,16.250000000000785,15.800000000000665,0,0,270,0,6,2,10,0.30792227204783257,,-0.05750000000000057
0.57875,0.25,0.75,0,447,198.74999999999906,69.25000000000175,16.000000000000785,15.550000000000665,0,0,271,0,6,2,10,0.3094705443698732,,-0.05750000000000057
0.57875,0.25,0.75,0,448,199.29999999999907,69.20000000000175,15.750000000000785,15.300000000000665,0,0,272,0,6,2,10,0.31101190476190477,,-0.05750000000000057
0.57875,0.25,0.75,0,449,199.84999999999908,69.15000000000175,15.500000000000785,15.050000000000665,0,0,273,0,6,2,10,0.3125463994060876,,-0.05750000000000057
0.579375,0.25,0.75,0,450,200.3999999999991,69.10000000000176,15.250000000000785,14.800000000000665,0,0,274,0,6,2,10,0.31333333333333335,,0.042499999999999434
0.579375,0.25,0.75,0,451,200.7999999999991,69.05000000000176,15.075000000000784,14.700000000000665,0,0,275,0,6,2,10,0.3148558758314856,,-0.05000000000000029
0.579375,0.25,0.75,0,452,201.1999999999991,69.00000000000176,14.900000000000786,14.600000000000666,0,0,276,0,6,2,10,0.3163716814159292,,-0.05000000000000029
0.579375,0.25,0.75,0,453,201.5999999999991,68.95000000000176,14.725000000000787,14.500000000000666,0,0,277,0,6,2,10,0.31788079470198677,,-0.05000000000000029
0.579375,0.25,0.75,0,454,201.8499999999991,68.90000000000177,14.625000000000785,14.400000000000666,0,0,278,0,6,2,10,0.31938325991189426,,-0.0425
0.579375,0.25,0.75,0,455,202.0999999999991,68.85000000000177,14.525000000000787,14.300000000000667,0,0,279,0,6,2,10,0.3208791208791209,,-0.0425
0.579375,0.25,0.75,0,456,202.3499999999991,68.80000000000177,14.425000000000786,14.200000000000667,0,0,280,0,6,2,10,0.3223684210526316,,-0.0425
0.579375,0.25,0.75,0,457,202.5999999999991,68.75000000000178,14.325000000000788,14.100000000000668,0,0,281,0,6,2,10,0.3238512035010941,,-0.0425
0.579375,0.25,0.75,0,458,202.8499999999991,68.70000000000178,14.225000000000787,14.000000000000668,0,0,282,0,6,2,10,0.32532751091703055,,-0.0425
0.579375,0.25,0.75,0,459,203.0999999999991,68.65000000000178,14.125000000000789,13.900000000000668,0,0,283,0,6,2,10,0.32679738562091504,,-0.0425
0.579375,0.25,0.75,0,460,203.3499999999991,68.60000000000178,14.025000000000787,13.800000000000669,0,0,284,0,6,2,10,0.3282608695652174,,-0.0425
0.579375,0.25,0.75,0,461,203.6999999999991,68.4500000000018,13.92500000000079,13.700000000000669,0,0,285,0,6,2,10,0.3297180043383948,,-0.047499999999999716
0.579375,0.25,0.75,0,462,204.0499999999991,68.3000000000018,13.825000000000788,13.60000000000067,0,0,286,0,6,2,10,0.33116883116883117,,-0.047499999999999716
0.58,0.25,0.75,0,463,204.2999999999991,68.2500000000018,13.72500000000079,13.50000000000067,0,0,287,0,6,2,10,0.33189344852411806,,0.0575
0.580625,0.25,0.75,0,464,204.5499999999991,68.20000000000181,13.625000000000789,13.40000000000067,0,0,288,0,6,2,10,0.33261494252873564,,0.0575
0.58125,0.25,0.75,0,465,204.8999999999991,68.05000000000182,13.52500000000079,13.30000000000067,0,0,289,0,6,2,10,0.3333333333333333,,0.05250000000000029
0.581875,0.25,0.75,0,466,205.2499999999991,67.90000000000182,13.42500000000079,13.20000000000067,0,0,290,0,6,2,10,0.3340486409155937,,0.05250000000000029
0.581875,0.25,0.75,0,467,205.59999999999908,67.75000000000183,13.325000000000792,13.100000000000671,0,0,291,0,6,2,10,0.33547466095645967,,-0.047499999999999716
0.581875,0.25,0.75,0,468,205.84999999999908,67.70000000000184,13.22500000000079,13.000000000000671,0,0,292,0,6,2,10,0.3368945868945869,,-0.0425
0.581875,0.25,0.75,0,469,206.09999999999908,67.65000000000184,13.125000000000792,12.900000000000672,0,0,293,0,6,2,10,0.3383084577114428,,-0.0425
0.581875,0.25,0.75,0,470,206.34999999999908,67.60000000000184,13.02500000000079,12.800000000000672,0,0,294,0,6,2,10,0.3397163120567376,,-0.0425
0.581875,0.25,0.75,0,471,206.69999999999908,67.45000000000185,12.925000000000793,12.700000000000673,0,0,295,0,6,2,10,0.34111818825194623,,-0.047499999999999716
0.581875,0.25,0.75,0,472,207.04999999999907,67.30000000000186,12.825000000000792,12.600000000000673,0,0,296,0,6,2,10,0.3425141242937853,,-0.047499999999999716
0.581875,0.25,0.75,0,473,207.39999999999907,67.15000000000187,12.725000000000794,12.500000000000673,0,0,297,0,6,2,10,0.3439041578576462,,-0.047499999999999716
0.581875,0.25,0.75,0,474,207.74999999999906,67.00000000000188,12.625000000000792,12.400000000000674,0,0,298,0,6,2,10,0.34528832630098455,,-0.047499999999999716
0.581875,0.25,0.75,0,475,208.09999999999906,66.85000000000188,12.525000000000794,12.300000000000674,0,0,299,0,6,2,10,0.3466666666666667,,-0.047499999999999716
0.581875,0.25,0.75,0,476,208.44999999999905,66.70000000000189,12.425000000000793,12.200000000000674,0,0,300,0,6,2,10,0.3480392156862745,,-0.047499999999999716
0.581875,0.25,0.75,0,477,208.79999999999905,66.5500000000019,12.325000000000795,12.100000000000675,0,0,301,0,6,2,10,0.3494060097833683,,-0.047499999999999716
0.581875,0.25,0.75,0,478,209.14999999999904,66.40000000000191,12.225000000000794,12.000000000000675,0,0,302,0,6,2,10,0.3507670850767085,,-0.047499999999999716
0.581875,0.25,0.75,0,479,209.49999999999903,66.25000000000192,12.125000000000796,11.900000000000675,0,0,303,0,6,2,10,0.3521224773834377,,-0.047499999999999716
0.581875,0.25,0.75,0,480,209.84999999999903,66.10000000000193,12.025000000000794,11.800000000000676,0,0,304,0,6,2,10,0.35347222222222224,,-0.047499999999999716
0.581875,0.25,0.75,0,481,210.19999999999902,65.95000000000194,11.925000000000797,11.700000000000676,0,0,305,0,6,2,10,0.3548163548163548,,-0.047499999999999716
0.581875,0.25,0.75,0,482,210.54999999999902,65.80000000000194,11.825000000000795,11.600000000000676,0,0,306,0,6,2,10,0.3561549100968188,,-0.047499999999999716
0.581875,0.25,0.75,0,483,210.899999999999,65.65000000000195,11.725000000000797,11.500000000000677,0,0,307,0,6,2,10,0.357487922705314,,-0.047499999999999716
0.581875,0.25,0.75,0,484,211.249999999999,65.50000000000196,11.625000000000796,11.400000000000677,0,0,308,0,6,2,10,0.35881542699724517,,-0.047499999999999716
0.581875,0.25,0.75,0,485,211.599999999999,65.35000000000197,11.525000000000798,11.300000000000678,0,0,309,0,6,2,10,0.36013745704467354,,-0.047499999999999716
0.581875,0.25,0.75,0,486,211.949999999999,65.20000000000198,11.425000000000797,11.200000000000678,0,0,310,0,6,2,10,0.3614540466392318,,-0.047499999999999716
0.581875,0.25,0.75,0,487,212.299999999999,65.05000000000199,11.325000000000799,11.100000000000678,0,0,311,0,6,2,11,0.36276522929500343,,-0.047499999999999716
0.581875,0.25,0.75,0,488,212.64999999999898,64.900000000002,11.225000000000797,11.000000000000679,0,0,312,0,6,2,11,0.3640710382513661,,-0.047499999999999716
0.581875,0.25,0.75,0,489,212.99999999999898,64.750000000002,11.1250000000008,10.900000000000679,0,0,313,0,6,2,11,0.36537150647580097,,-0.047499999999999716
0.581875,0.25,0.75,0,490,213.34999999999897,64.60000000000201,11.025000000000798,10.80000000000068,0,0,314,0,6,2,11,0.36666666666666664,,-0.047499999999999716
0.581875,0.25,0.75,0,491,213.69999999999897,64.45000000000202,10.9250000000008,10.70000000000068,0,0,315,0,6,2,11,0.36795655125594023,,-0.047499999999999716
0.581875,0.25,0.75,0,492,214.04999999999896,64.30000000000203,10.825000000000799,10.60000000000068,0,0,316,0,6,2,11,0.3692411924119241,,-0.047499999999999716
0.581875,0.25,0.75,0,493,214.39999999999895,64.15000000000204,10.7250000000008,10.50000000000068,0,0,317,0,6,2,11,0.3705206220419202,,-0.047499999999999716
0.581875,0.25,0.75,0,494,214.64999999999895,64.10000000000204,10.6250000000008,10.40000000000068,0,0,318,0,6,2,11,0.3717948717948718,,-0.0425
0.581875,0.25,0.75,0,495,214.99999999999895,63.95000000000205,10.525000000000801,10.300000000000681,0,0,319,0,6,2,11,0.37306397306397304,,-0.047499999999999716
0.581875,0.25,0.75,0,496,215.34999999999894,63.80000000000205,10.4250000000008,10.200000000000681,0,0,320,0,6,2,11,0.3743279569892473,,-0.047499999999999716
0.581875,0.25,0.75,0,497,215.59999999999894,63.75000000000205,10.325000000000802,10.100000000000682,0,0,321,0,6,2,11,0.3755868544600939,,-0.0425
0.581875,0.25,0.75,0,498,215.94999999999894,63.600000000002055,10.2250000000008,10.000000000000682,0,0,322,0,6,2,11,0.3768406961178046,,-0.047499999999999716
0.581875,0.25,0.75,0,499,216.29999999999893,63.450000000002056,10.125000000000803,9.900000000000682,0,0,323,0,6,2,11,0.37808951235804944,,-0.047499999999999716
0.581875,0.25,0.75,0,500,216.64999999999893,63.30000000000206,10.025000000000801,9.800000000000683,0,0,324,0,6,2,11,0.37933333333333336,,-0.047499999999999716
0.581875,0.25,0.75,0,501,216.99999999999892,63.15000000000206,9.925000000000804,9.700000000000683,0,0,325,0,6,2,11,0.3805721889554225,,-0.047499999999999716
0.581875,0.25,0.75,0,502,217.34999999999891,63.00000000000206,9.825000000000802,9.600000000000684,0,0,326,0,6,2,11,0.38180610889774236,,-0.047499999999999716
0.581875,0.25,0.75,0,503,217.6999999999989,62.85000000000206,9.725000000000804,9.500000000000684,0,0,327,0,6,2,11,0.38303512259774686,,-0.047499999999999716
0.581875,0.25,0.75,0,504,218.0499999999989,62.70000000000206,9.625000000000803,9.400000000000684,0,0,328,0,6,2,11,0.38425925925925924,,-0.047499999999999716
0.581875,0.25,0.75,0,505,218.3999999999989,62.550000000002065,9.525000000000805,9.300000000000685,0,0,329,0,6,2,11,0.38547854785478547,,-0.047499999999999716
0.581875,0.25,0.75,0,506,218.7499999999989,62.400000000002066,9.425000000000804,9.200000000000685,0,0,330,0,6,2,11,0.38669301712779974,,-0.047499999999999716
0.581875,0.25,0.75,0,507,219.0999999999989,62.25000000000207,9.325000000000806,9.100000000000685,0,0,331,0,6,2,11,0.3879026955950033,,-0.047499999999999716
0.581875,0.25,0.75,0,508,219.44999999999888,62.10000000000207,9.225000000000804,9.000000000000686,0,0,332,0,6,2,11,0.38910761154855644,,-0.047499999999999716
0.581875,0.25,0.75,0,509,219.79999999999887,61.95000000000207,9.125000000000806,8.900000000000686,0,0,333,0,6,2,11,0.3903077930582842,,-0.047499999999999716
0.581875,0.25,0.75,0,510,220.14999999999887,61.80000000000207,9.025000000000805,8.800000000000686,0,0,334,0,6,2,11,0.3915032679738562,,-0.047499999999999716
0.581875,0.25,0.75,0,511,220.49999999999886,61.65000000000207,8.925000000000807,8.700000000000687,0,0,335,0,6,2,11,0.3926940639269406,,-0.047499999999999716
0.581875,0.25,0.75,0,512,220.84999999999886,61.500000000002075,8.825000000000806,8.600000000000687,0,0,336,0,6,2,11,0.3938802083333333,,-0.047499999999999716
0.581875,0.25,0.75,0,513,221.19999999999885,61.350000000002076,8.725000000000808,8.500000000000687,0,0,337,0,6,2,11,0.3950617283950617,,-0.047499999999999716
0.581875,0.25,0.75,0,514,221.44999999999885,61.30000000000208,8.625000000000806,8.400000000000688,0,0,338,0,6,2,11,0.3962386511024643,,-0.0425
0.581875,0.25,0.75,0,515,221.69999999999885,61.25000000000208,8.525000000000809,8.300000000000688,0,0,339,0,6,2,11,0.39741100323624595,,-0.0425
0.581875,0.25,0.75,0,516,222.04999999999885,61.10000000000208,8.425000000000807,8.200000000000689,0,0,340,0,6,2,11,0.39857881136950907,,-0.047499999999999716
0.581875,0.25,0.75,0,517,222.39999999999884,60.950000000002085,8.32500000000081,8.100000000000689,0,0,341,0,6,2,11,0.39974210186976145,,-0.047499999999999716
0.581875,0.25,0.75,0,518,222.74999999999883,60.800000000002086,8.225000000000808,8.00000000000069,0,0,342,0,6,2,11,0.4009009009009009,,-0.047499999999999716
0.581875,0.25,0.75,0,519,223.09999999999883,60.65000000000209,8.12500000000081,7.90000000000069,0,0,343,0,6,2,11,0.4020552344251766,,-0.047499999999999716
0.581875,0.25,0.75,0,520,223.44999999999882,60.50000000000209,8.025000000000809,7.80000000000069,0,0,344,0,6,2,11,0.4032051282051282,,-0.047499999999999716
0.581875,0.25,0.75,0,521,223.69999999999882,60.45000000000209,7.92500000000081,7.70000000000069,0,0,345,0,6,2,11,0.40435060780550225,,-0.0425
0.581875,0.25,0.75,0,522,224.04999999999882,60.30000000000209,7.82500000000081,7.600000000000691,0,0,346,0,6,2,11,0.4054916985951469,,-0.047499999999999716
0.581875,0.25,0.75,0,523,224.3999999999988,60.150000000002095,7.7250000000008106,7.500000000000691,0,0,347,0,6,2,11,0.40662842574888464,,-0.047499999999999716
0.581875,0.25,0.75,0,524,224.7499999999988,60.000000000002096,7.625000000000811,7.400000000000691,0,0,348,0,6,2,11,0.4077608142493639,,-0.047499999999999716
0.581875,0.25,0.75,0,525,225.0999999999988,59.8500000000021,7.525000000000811,7.300000000000692,0,0,349,0,6,2,11,0.4088888888888889,,-0.047499999999999716
0.581875,0.25,0.75,0,526,225.4499999999988,59.7000000000021,7.425000000000812,7.200000000000692,0,0,350,0,6,2,11,0.4100126742712294,,-0.047499999999999716
0.581875,0.25,0.75,0,527,225.6999999999988,59.6500000000021,7.325000000000812,7.100000000000692,0,0,351,0,6,2,11,0.41113219481340924,,-0.0425
0.581875,0.25,0.75,0,528,226.0499999999988,59.5000000000021,7.225000000000812,7.000000000000693,0,0,352,0,6,2,11,0.41224747474747475,,-0.047499999999999716
0.581875,0.25,0.75,0,529,226.39999999999878,59.350000000002105,7.125000000000813,6.900000000000693,0,0,353,0,6,2,11,0.4133585381222432,,-0.047499999999999716
0.581875,0.25,0.75,0,530,226.74999999999878,59.200000000002106,7.025000000000813,6.8000000000006935,0,0,354,0,6,2,11,0.41446540880503147,,-0.047499999999999716
0.581875,0.25,0.75,0,531,227.09999999999877,59.05000000000211,6.925000000000813,6.700000000000694,0,0,355,0,6,2,11,0.4155681104833647,,-0.047499999999999716
0.581875,0.25,0.75,0,532,227.44999999999877,58.90000000000211,6.825000000000814,6.600000000000694,0,0,356,0,6,2,11,0.4166666666666667,,-0.047499999999999716
0.581875,0.25,0.75,0,533,227.79999999999876,58.75000000000211,6.725000000000814,6.5000000000006946,0,0,357,0,6,2,11,0.41776110068792993,,-0.047499999999999716
0.581875,0.25,0.75,0,534,228.14999999999876,58.60000000000211,6.6250000000008145,6.400000000000695,0,0,358,0,6,2,11,0.4188514357053683,,-0.047499999999999716
0.581875,0.25,0.75,0,535,228.49999999999875,58.45000000000211,6.525000000000815,6.300000000000695,0,0,359,0,6,2,11,0.41993769470404985,,-0.047499999999999716
0.581875,0.25,0.75,0,536,228.84999999999874,58.300000000002115,6.425000000000815,6.200000000000696,0,0,360,0,6,2,11,0.4210199004975124,,-0.047499999999999716
0.581875,0.25,0.75,0,537,229.19999999999874,58.150000000002116,6.3250000000008155,6.100000000000696,0,0,361,0,6,2,11,0.42209807572936064,,-0.047499999999999716
0.581875,0.25,0.75,0,538,229.54999999999873,58.00000000000212,6.225000000000816,6.000000000000696,0,0,362,0,6,2,11,0.4231722428748451,,-0.047499999999999716
0.581875,0.25,0.75,0,539,229.79999999999873,57.95000000000212,6.125000000000816,5.900000000000697,0,0,363,0,6,2,11,0.42424242424242425,,-0.0425
0.581875,0.25,0.75,0,540,230.14999999999873,57.80000000000212,6.025000000000817,5.800000000000697,0,0,364,0,6,2,11,0.42530864197530865,,-0.047499999999999716
0.581875,0.25,0.75,0,541,230.49999999999872,57.65000000000212,5.925000000000817,5.700000000000697,0,0,365,0,6,2,11,0.42637091805298827,,-0.047499999999999716
0.581875,0.25,0.75,0,542,230.84999999999872,57.500000000002125,5.825000000000817,5.600000000000698,0,0,366,0,6,2,11,0.4274292742927429,,-0.047499999999999716
0.581875,0.25,0.75,0,543,231.1999999999987,57.350000000002126,5.725000000000818,5.500000000000698,0,0,367,0,6,2,11,0.4284837323511357,,-0.047499999999999716
0.581875,0.25,0.75,0,544,231.5499999999987,57.20000000000213,5.625000000000818,5.4000000000006985,0,0,368,0,6,2,11,0.42953431372549017,,-0.047499999999999716
0.581875,0.25,0.75,0,545,231.8999999999987,57.05000000000213,5.525000000000818,5.300000000000699,0,0,369,0,6,2,11,0.43058103975535167,,-0.047499999999999716
0.581875,0.25,0.75,0,546,232.1499999999987,57.00000000000213,5.425000000000819,5.200000000000699,0,0,370,0,6,2,11,0.43162393162393164,,-0.0425
0.581875,0.25,0.75,0,547,232.4999999999987,56.85000000000213,5.325000000000819,5.1000000000006995,0,0,371,0,6,2,11,0.43266301035953686,,-0.047499999999999716
0.581875,0.25,0.75,0,548,232.8499999999987,56.700000000002134,5.225000000000819,5.0000000000007,0,0,372,0,6,2,11,0.43369829683698297,,-0.047499999999999716
0.581875,0.25,0.75,0,549,233.19999999999868,56.550000000002136,5.12500000000082,4.9000000000007,0,0,373,0,6,2,11,0.4347298117789921,,-0.047499999999999716
0.581875,0.25,0.75,0,550,233.44999999999868,56.50000000000214,5.02500000000082,4.800000000000701,0,0,374,0,6,2,11,0.43575757575757573,,-0.0425
0.581875,0.25,0.75,0,551,233.79999999999868,56.35000000000214,4.9250000000008205,4.700000000000701,0,0,375,0,6,2,11,0.4367816091954023,,-0.047499999999999716
0.581875,0.25,0.75,0,552,234.14999999999867,56.20000000000214,4.825000000000821,4.600000000000701,0,0,376,0,6,2,11,0.43780193236714976,,-0.047499999999999716
0.581875,0.25,0.75,0,553,234.39999999999867,56.150000000002144,4.725000000000821,4.500000000000702,0,0,377,0,6,2,11,0.4388185654008439,,-0.0425
0.581875,0.25,0.75,0,554,234.74999999999866,56.000000000002146,4.625000000000822,4.400000000000702,0,0,378,0,6,2,11,0.4398315282791817,,-0.047499999999999716
0.581875,0.25,0.75,0,555,234.99999999999866,55.95000000000215,4.525000000000822,4.300000000000702,0,0,379,0,6,2,11,0.44084084084084085,,-0.0425
0.581875,0.25,0.75,0,556,235.34999999999866,55.80000000000215,4.425000000000822,4.200000000000703,0,0,380,0,6,2,11,0.44184652278177455,,-0.047499999999999716
0.581875,0.25,0.75,0,557,235.59999999999866,55.75000000000215,4.325000000000823,4.100000000000703,0,0,381,0,6,2,11,0.4428485936564931,,-0.0425
0.581875,0.25,0.75,0,558,235.94999999999865,55.600000000002154,4.225000000000823,4.000000000000703,0,0,382,0,6,2,11,0.44384707287933095,,-0.047499999999999716
0.581875,0.25,0.75,0,559,236.29999999999865,55.450000000002156,4.125000000000823,3.9000000000007033,0,0,383,0,6,2,11,0.44484197972570066,,-0.047499999999999716
0.581875,0.25,0.75,0,560,236.64999999999864,55.30000000000216,4.025000000000823,3.8000000000007033,0,0,384,0,6,2,11,0.44583333333333336,,-0.047499999999999716
0.581875,0.25,0.75,0,561,236.89999999999864,55.25000000000216,3.925000000000823,3.700000000000703,0,0,385,0,6,2,11,0.44682115270350564,,-0.0425
0.581875,0.25,0.75,0,562,237.24999999999864,55.10000000000216,3.8250000000008235,3.600000000000703,0,0,386,0,6,2,11,0.44780545670225386,,-0.047499999999999716
0.581875,0.25,0.75,0,563,237.59999999999863,54.95000000000216,3.7250000000008234,3.500000000000703,0,0,387,0,6,2,11,0.4487862640615749,,-0.047499999999999716
0.581875,0.25,0.75,0,564,237.94999999999862,54.800000000002164,3.6250000000008233,3.400000000000703,0,0,388,0,6,2,11,0.44976359338061467,,-0.047499999999999716
0.581875,0.25,0.75,0,565,238.29999999999862,54.650000000002166,3.5250000000008233,3.300000000000703,0,0,389,0,6,2,11,0.45073746312684365,,-0.047499999999999716
0.581875,0.25,0.75,0,566,238.6499999999986,54.50000000000217,3.425000000000823,3.2000000000007027,0,0,390,0,6,2,11,0.45170789163722025,,-0.047499999999999716
0.581875,0.25,0.75,0,567,238.9999999999986,54.35000000000217,3.325000000000823,3.1000000000007026,0,0,391,0,6,2,11,0.45267489711934156,,-0.047499999999999716
0.581875,0.25,0.75,0,568,239.3499999999986,54.20000000000217,3.225000000000823,3.0000000000007025,0,0,392,0,6,2,11,0.4536384976525822,,-0.047499999999999716
0.581875,0.25,0.75,0,569,239.6999999999986,54.05000000000217,3.125000000000823,2.9000000000007025,0,0,393,0,6,2,11,0.45459871118922085,,-0.047499999999999716
0.581875,0.25,0.75,0,570,240.0499999999986,53.90000000000217,3.025000000000823,2.8000000000007024,0,0,394,0,6,2,11,0.45555555555555555,,-0.047499999999999716
0.581875,0.25,0.75,0,571,240.39999999999858,53.750000000002174,2.9250000000008227,2.7000000000007023,0,0,395,0,6,2,11,0.45650904845300644,,-0.047499999999999716
0.581875,0.25,0.75,0,572,240.74999999999858,53.600000000002176,2.8250000000008226,2.600000000000702,0,0,396,0,6,2,11,0.4574592074592075,,-0.047499999999999716
0.581875,0.25,0.75,0,573,241.09999999999857,53.45000000000218,2.7250000000008225,2.500000000000702,0,0,397,0,6,2,11,0.4584060500290867,,-0.047499999999999716
0.581875,0.25,0.75,0,574,241.34999999999857,53.40000000000218,2.6250000000008225,2.400000000000702,0,0,398,0,6,2,11,0.45934959349593496,,-0.0425
0.581875,0.25,0.75,0,575,241.69999999999857,53.25000000000218,2.5250000000008224,2.300000000000702,0,0,399,0,6,2,11,0.4602898550724638,,-0.047499999999999716
0.581875,0.25,0.75,0,576,242.04999999999856,53.10000000000218,2.4250000000008223,2.200000000000702,0,0,400,0,6,2,11,0.46122685185185186,,-0.047499999999999716
0.581875,0.25,0.75,0,577,242.39999999999856,52.950000000002184,2.325000000000822,2.1000000000007017,0,0,401,0,6,2,11,0.4621606008087811,,-0.047499999999999716
0.581875,0.25,0.75,0,578,242.74999999999855,52.800000000002186,2.225000000000822,2.0000000000007017,0,0,402,0,6,2,11,0.4630911188004614,,-0.047499999999999716
0.581875,0.25,0.75,0,579,243.09999999999854,52.65000000000219,2.125000000000822,1.9000000000007016,0,0,403,0,6,2,11,0.46401842256764536,,-0.047499999999999716
0.581875,0.25,0.75,0,580,243.44999999999854,52.50000000000219,2.025000000000822,1.8000000000007015,0,0,404,0,6,2,11,0.4649425287356322,,-0.047499999999999716
0.581875,0.25,0.75,0,581,243.79999999999853,52.35000000000219,1.9250000000008218,1.7000000000007014,0,0,405,0,6,2,11,0.46586345381526106,,-0.047499999999999716
0.581875,0.25,0.75,0,582,244.14999999999853,52.20000000000219,1.8250000000008217,1.6000000000007013,0,0,406,0,6,2,11,0.4667812142038946,,-0.047499999999999716
0.581875,0.25,0.75,0,583,244.49999999999852,52.05000000000219,1.7250000000008217,1.5000000000007012,0,0,407,0,6,2,11,0.4676958261863922,,-0.047499999999999716
0.581875,0.25,0.75,0,584,244.84999999999852,51.900000000002194,1.6250000000008216,1.4000000000007011,0,0,408,0,6,2,11,0.4686073059360731,,-0.047499999999999716
0.581875,0.25,0.75,0,585,245.1999999999985,51.750000000002196,1.5250000000008215,1.300000000000701,0,0,409,0,6,2,11,0.46951566951566953,,-0.047499999999999716
0.581875,0.25,0.75,0,586,245.5499999999985,51.6000000000022,1.4250000000008214,1.200000000000701,0,0,410,0,6,2,11,0.47042093287827075,,-0.047499999999999716
0.581875,0.25,0.75,0,587,245.8999999999985,51.4500000000022,1.3250000000008213,1.1000000000007009,0,0,411,0,6,2,11,0.47132311186825665,,-0.047499999999999716
0.581875,0.25,0.75,0,588,246.2499999999985,51.3000000000022,1.2250000000008212,1.0000000000007008,0,0,412,0,6,2,11,0.4722222222222222,,-0.047499999999999716
0.581875,0.25,0.75,0,589,246.5999999999985,51.1500000000022,1.1250000000008211,0.9000000000007008,0,0,413,0,6,2,11,0.4731182795698925,,-0.047499999999999716
0.581875,0.25,0.75,0,590,246.94999999999848,51.0000000000022,1.025000000000821,0.8000000000007008,0,0,414,0,6,2,11,0.47401129943502823,,-0.047499999999999716
0.581875,0.25,0.75,0,591,247.29999999999848,50.850000000002204,0.9250000000008212,0.7000000000007008,0,0,415,0,6,2,11,0.47490129723632263,,-0.047499999999999716
0.581875,0.25,0.75,0,592,247.54999999999848,50.80000000000221,0.8250000000008211,0.6000000000007009,0,0,416,0,6,2,11,0.4757882882882883,,-0.0425
0.581875,0.25,0.75,0,593,247.89999999999847,50.65000000000221,0.7250000000008211,0.5000000000007009,0,0,417,0,6,2,11,0.47667228780213605,,-0.047499999999999716
0.581875,0.25,0.75,0,594,248.14999999999847,50.60000000000221,0.6250000000008211,0.4000000000007009,0,0,418,0,6,2,11,0.4775533108866442,,-0.0425
0.581875,0.25,0.75,0,595,248.49999999999847,50.45000000000221,0.5250000000008211,0.30000000000070093,0,0,419,0,6,2,11,0.47843137254901963,,-0.047499999999999716
0.581875,0.25,0.75,0,596,248.84999999999846,50.300000000002214,0.42500000000082117,0.20000000000070092,0,0,420,0,6,2,12,0.47930648769574946,,-0.047499999999999716
0.581875,0.25,0.75,0,597,249.19999999999845,50.150000000002215,0.3250000000008212,0.10000000000070092,0,0,421,0,6,2,12,0.480178671133445,,-0.047499999999999716
0.581875,0.25,0.75,0,598,249.54999999999845,50.00000000000222,0.22500000000082115,7.00911551021477e-13,0,0,422,0,6,2,12,0.4810479375696767,,-0.047499999999999716
0.581875,0.25,0.75,0,599,249.79999999999916,49.85000000000222,0.17500000000047072,0.0,0,0,423,0,6,2,12,0.4819143016138008,,-0.04250000000003553
0.581875,0.25,0.75,0,600,250.04999999999916,49.70000000000222,0.12500000000047073,0.0,0,0,424,0,6,2,12,0.48277777777777775,,-0.0425
0.581875,0.25,0.75,0,601,250.29999999999916,49.55000000000222,0.07500000000047073,0.0,0,0,425,0,6,2,12,0.4836383804769828,,-0.0425
0.581875,0.25,0.75,0,602,250.54999999999916,49.40000000000222,0.02500000000047073,0.0,0,0,426,0,6,2,12,0.4844961240310077,,-0.0425
0.581875,0.25,0.75,0,603,250.7500000000001,49.250000000002224,0.0,0.0,0,0,427,0,6,2,12,0.4853510226644555,,-0.04000000000004775
0.581875,0.25,0.75,0,604,250.90000000000012,49.100000000002225,0.0,0.0,0,0,428,0,6,2,12,0.48620309050772625,,-0.03750000000000028
0.581875,0.25,0.75,0,605,251.05000000000013,48.95000000000223,0.0,0.0,0,0,429,0,6,2,12,0.48705234159779615,,-0.03750000000000028
0.581875,0.25,0.75,0,606,251.20000000000013,48.80000000000223,0.0,0.0,0,0,430,0,6,2,12,0.4878987898789879,,-0.03750000000000028
0.581875,0.25,0.75,0,607,251.35000000000014,48.65000000000223,0.0,0.0,0,0,431,0,6,2,12,0.4887424492037342,,-0.03750000000000028
0.581875,0.25,0.75,0,608,251.50000000000014,48.50000000000223,0.0,0.0,0,0,432,0,6,2,12,0.4895833333333333,,-0.03750000000000028
0.581875,0.25,0.75,0,609,251.55000000000015,48.450000000002234,0.0,0.0,0,0,433,0,6,2,12,0.4904214559386973,,-0.03250000000000057
0.581875,0.25,0.75,0,610,251.70000000000016,48.300000000002235,0.0,0.0,0,0,434,0,6,2,12,0.4912568306010929,,-0.03750000000000028
0.581875,0.25,0.75,0,611,251.85000000000016,48.15000000000224,0.0,0.0,0,0,435,0,6,2,12,0.4920894708128751,,-0.03750000000000028
0.581875,0.25,0.75,0,612,251.90000000000018,48.10000000000224,0.0,0.0,0,0,436,0,6,2,12,0.4929193899782135,,-0.03250000000000057
0.581875,0.25,0.75,0,613,252.05000000000018,47.95000000000224,0.0,0.0,0,0,437,0,6,2,12,0.4937466014138119,,-0.03750000000000028
0.581875,0.25,0.75,0,614,252.2000000000002,47.80000000000224,0.0,0.0,0,0,438,0,6,2,12,0.49457111834962,,-0.03750000000000028
0.581875,0.25,0.75,0,615,252.3500000000002,47.650000000002244,0.0,0.0,0,0,439,0,6,2,12,0.4953929539295393,,-0.03750000000000028
0.581875,0.25,0.75,0,616,252.4000000000002,47.60000000000225,0.0,0.0,0,0,440,0,6,2,12,0.4962121212121212,,-0.03250000000000057
0.581875,0.25,0.75,0,617,252.5500000000002,47.45000000000225,0.0,0.0,0,0,441,0,6,2,12,0.4970286331712588,,-0.03750000000000028
0.581875,0.25,0.75,0,618,252.60000000000022,47.40000000000225,0.0,0.0,0,0,442,0,6,2,12,0.49784250269687164,,-0.03250000000000057
0.581875,0.25,0.75,0,619,252.75000000000023,47.25000000000225,0.0,0.0,0,0,443,0,6,2,12,0.49865374259558426,,-0.03750000000000028
0.581875,0.25,0.75,0,620,252.90000000000023,47.100000000002254,0.0,0.0,0,0,444,0,6,2,12,0.49946236559139784,,-0.03750000000000028
0.581875,0.25,0.75,0,621,253.05000000000024,46.950000000002255,0.0,0.0,0,0,445,0,6,2,12,0.5002683843263553,,-0.03750000000000028
0.581875,0.25,0.75,0,622,253.10000000000025,46.90000000000226,0.0,0.0,0,0,446,0,6,2,12,0.5010718113612004,,-0.03250000000000057
0.581875,0.25,0.75,0,623,253.25000000000026,46.75000000000226,0.0,0.0,0,0,447,0,6,2,12,0.50187265917603,,-0.03750000000000028
0.581875,0.25,0.75,0,624,253.40000000000026,46.60000000000226,0.0,0.0,0,0,448,0,6,2,12,0.5026709401709402,,-0.03750000000000028
0.581875,0.25,0.75,0,625,253.45000000000027,46.550000000002264,0.0,0.0,0,0,449,0,6,2,12,0.5034666666666666,,-0.03250000000000057
0.581875,0.25,0.75,0,626,253.60000000000028,46.400000000002265,0.0,0.0,0,0,450,0,6,2,12,0.5042598509052183,,-0.03750000000000028
0.581875,0.25,0.75,0,627,253.6500000000003,46.35000000000227,0.0,0.0,0,0,451,0,6,2,12,0.5050505050505051,,-0.03250000000000057
0.581875,0.25,0.75,0,628,253.8000000000003,46.20000000000227,0.0,0.0,0,0,452,0,6,2,12,0.5058386411889597,,-0.03750000000000028
0.581875,0.25,0.75,0,629,253.8500000000003,46.15000000000227,0.0,0.0,0,0,453,0,6,2,12,0.5066242713301536,,-0.03250000000000057
0.581875,0.25,0.75,0,630,254.0000000000003,46.000000000002274,0.0,0.0,0,0,454,0,6,2,12,0.5074074074074074,,-0.03750000000000028
0.581875,0.25,0.75,0,631,254.05000000000032,45.95000000000228,0.0,0.0,0,0,455,0,6,2,12,0.5081880612783941,,-0.03250000000000057
0.581875,0.25,0.75,0,632,254.20000000000033,45.80000000000228,0.0,0.0,0,0,456,0,6,2,12,0.5089662447257384,,-0.03750000000000028
0.581875,0.25,0.75,0,633,254.35000000000034,45.65000000000228,0.0,0.0,0,0,457,0,6,2,12,0.5097419694576093,,-0.03750000000000028
0.581875,0.25,0.75,0,634,254.50000000000034,45.50000000000228,0.0,0.0,0,0,458,0,6,2,12,0.5105152471083071,,-0.03750000000000028
0.581875,0.25,0.75,0,635,254.55000000000035,45.450000000002284,0.0,0.0,0,0,459,0,6,2,12,0.5112860892388451,,-0.03250000000000057
0.581875,0.25,0.75,0,636,254.70000000000036,45.300000000002285,0.0,0.0,0,0,460,0,6,2,12,0.5120545073375262,,-0.03750000000000028
0.581875,0.25,0.75,0,637,254.85000000000036,45.15000000000229,0.0,0.0,0,0,461,0,6,2,12,0.5128205128205128,,-0.03750000000000028
0.581875,0.25,0.75,0,638,254.90000000000038,45.10000000000229,0.0,0.0,0,0,462,0,6,2,12,0.5135841170323929,,-0.03250000000000057
0.581875,0.25,0.75,0,639,255.05000000000038,44.95000000000229,0.0,0.0,0,0,463,0,6,2,12,0.5143453312467396,,-0.03750000000000028
0.581875,0.25,0.75,0,640,255.2000000000004,44.80000000000229,0.0,0.0,0,0,464,0,6,2,12,0.5151041666666667,,-0.03750000000000028
0.581875,0.25,0.75,0,641,255.3500000000004,44.650000000002294,0.0,0.0,0,0,465,0,6,2,12,0.515860634425377,,-0.03750000000000028
0.581875,0.25,0.75,0,642,255.5000000000004,44.500000000002295,0.0,0.0,0,0,466,0,6,2,12,0.5166147455867082,,-0.03750000000000028
0.581875,0.25,0.75,0,643,255.6500000000004,44.3500000000023,0.0,0.0,0,0,467,0,6,2,12,0.5173665111456713,,-0.03750000000000028
0.581875,0.25,0.75,0,644,255.8000000000004,44.2000000000023,0.0,0.0,0,0,468,0,6,2,12,0.5181159420289855,,-0.03750000000000028
0.581875,0.25,0.75,0,645,255.95000000000041,44.0500000000023,0.0,0.0,0,0,469,0,6,2,12,0.5188630490956072,,-0.03750000000000028
0.581875,0.25,0.75,0,646,256.1000000000004,43.9000000000023,0.0,0.0,0,0,470,0,6,2,12,0.5196078431372549,,-0.03750000000000028
0.581875,0.25,0.75,0,647,256.25000000000045,43.7500000000023,0.0,0.0,0,0,471,0,6,2,12,0.5203503348789283,,-0.037500000000001706
0.581875,0.25,0.75,0,648,256.30000000000047,43.700000000002305,0.0,0.0,0,0,472,0,6,2,12,0.5210905349794238,,-0.03250000000000057
0.581875,0.25,0.75,0,649,256.4500000000005,43.550000000002306,0.0,0.0,0,0,473,0,6,2,12,0.5218284540318439,,-0.037500000000001706
0.581875,0.25,0.75,0,650,256.60000000000053,43.40000000000231,0.0,0.0,0,0,474,0,6,2,12,0.5225641025641026,,-0.037500000000001706
0.581875,0.25,0.75,0,651,256.75000000000057,43.25000000000231,0.0,0.0,0,0,475,0,6,2,12,0.5232974910394266,,-0.037500000000001706
0.581875,0.25,0.75,0,652,256.9000000000006,43.10000000000231,0.0,0.0,0,0,476,0,6,2,12,0.5240286298568507,,-0.037500000000001706
0.581875,0.25,0.75,0,653,257.05000000000064,42.95000000000231,0.0,0.0,0,0,477,0,6,2,12,0.52475752935171,,-0.037500000000001706
0.581875,0.25,0.75,0,654,257.20000000000067,42.80000000000231,0.0,0.0,0,0,478,0,6,2,12,0.5254841997961264,,-0.037500000000001706
0.581875,0.25,0.75,0,655,257.2500000000007,42.750000000002316,0.0,0.0,0,0,479,0,6,2,12,0.5262086513994911,,-0.03250000000000057
0.581875,0.25,0.75,0,656,257.3000000000007,42.70000000000232,0.0,0.0,0,0,480,0,6,2,12,0.5269308943089431,,-0.03250000000000057
0.581875,0.25,0.75,0,657,257.4500000000007,42.55000000000232,0.0,0.0,0,0,481,0,6,2,12,0.5276509386098427,,-0.037500000000001706
0.581875,0.25,0.75,0,658,257.60000000000076,42.40000000000232,0.0,0.0,0,0,482,0,6,2,12,0.5283687943262412,,-0.037500000000001706
0.581875,0.25,0.75,0,659,257.7500000000008,42.25000000000232,0.0,0.0,0,0,483,0,6,2,12,0.5290844714213455,,-0.037500000000001706
0.581875,0.25,0.75,0,660,257.90000000000083,42.100000000002325,0.0,0.0,0,0,484,0,6,2,12,0.5297979797979798,,-0.037500000000001706
0.581875,0.25,0.75,0,661,258.05000000000086,41.950000000002326,0.0,0.0,0,0,485,0,6,2,12,0.5305093292990418,,-0.037500000000001706
0.581875,0.25,0.75,0,662,258.1000000000009,41.90000000000233,0.0,0.0,0,0,486,0,6,2,12,0.5312185297079557,,-0.03250000000000057
0.581875,0.25,0.75,0,663,258.2500000000009,41.75000000000233,0.0,0.0,0,0,487,0,6,2,12,0.5319255907491202,,-0.037500000000001706
0.581875,0.25,0.75,0,664,258.40000000000094,41.60000000000233,0.0,0.0,0,0,488,0,6,2,12,0.5326305220883534,,-0.037500000000001706
0.581875,0.25,0.75,0,665,258.550000000001,41.45000000000233,0.0,0.0,0,0,489,0,6,2,12,0.5333333333333333,,-0.037500000000001706
0.581875,0.25,0.75,0,666,258.700000000001,41.300000000002335,0.0,0.0,0,0,490,0,6,2,12,0.534034034034034,,-0.037500000000001706
0.581875,0.25,0.75,0,667,258.85000000000105,41.150000000002336,0.0,0.0,0,0,491,0,6,2,12,0.5347326336831584,,-0.037500000000001706
0.581875,0.25,0.75,0,668,259.0000000000011,41.00000000000234,0.0,0.0,0,0,492,0,6,2,12,0.5354291417165669,,-0.037500000000001706
0.581875,0.25,0.75,0,669,259.1500000000011,40.85000000000234,0.0,0.0,0,0,493,0,6,2,12,0.536123567513702,,-0.037500000000001706
0.581875,0.25,0.75,0,670,259.30000000000115,40.70000000000234,0.0,0.0,0,0,494,0,6,2,12,0.53681592039801,,-0.037500000000001706
0.581875,0.25,0.75,0,671,259.4500000000012,40.55000000000234,0.0,0.0,0,0,495,0,6,2,12,0.5375062096373572,,-0.037500000000001706
0.581875,0.25,0.75,0,672,259.6000000000012,40.40000000000234,0.0,0.0,0,0,496,0,6,2,12,0.5381944444444444,,-0.037500000000001706
0.581875,0.25,0.75,0,673,259.75000000000125,40.250000000002345,0.0,0.0,0,0,497,0,6,2,12,0.5388806339772164,,-0.037500000000001706
0.581875,0.25,0.75,0,674,259.9000000000013,40.100000000002346,0.0,0.0,0,0,498,0,6,2,12,0.539564787339268,,-0.037500000000001706
0.581875,0.25,0.75,0,675,259.9500000000013,40.05000000000235,0.0,0.0,0,0,499,0,6,2,12,0.5402469135802469,,-0.03250000000000057
0.581875,0.25,0.75,0,676,260.10000000000133,39.90000000000235,0.0,0.0,0,0,500,0,6,2,12,0.5409270216962525,,-0.037500000000001706
0.581875,0.25,0.75,0,677,260.15000000000134,39.85000000000235,0.0,0.0,0,0,501,0,6,2,12,0.5416051206302314,,-0.03250000000000057
0.581875,0.25,0.75,0,678,260.3000000000014,39.700000000002355,0.0,0.0,0,0,502,0,6,2,12,0.5422812192723697,,-0.037500000000001706
0.581875,0.25,0.75,0,679,260.4500000000014,39.550000000002356,0.0,0.0,0,0,503,0,6,2,12,0.5429553264604811,,-0.037500000000001706
0.581875,0.25,0.75,0,680,260.60000000000144,39.40000000000236,0.0,0.0,0,0,504,0,6,2,12,0.5436274509803921,,-0.037500000000001706
0.581875,0.25,0.75,0,681,260.7500000000015,39.25000000000236,0.0,0.0,0,0,505,0,6,2,12,0.544297601566324,,-0.037500000000001706
0.581875,0.25,0.75,0,682,260.9000000000015,39.10000000000236,0.0,0.0,0,0,506,0,6,2,12,0.5449657869012707,,-0.037500000000001706
0.581875,0.25,0.75,0,683,261.05000000000155,38.95000000000236,0.0,0.0,0,0,507,0,6,2,12,0.5456320156173743,,-0.037500000000001706
0.581875,0.25,0.75,0,684,261.2000000000016,38.80000000000236,0.0,0.0,0,0,508,0,6,2,12,0.5462962962962963,,-0.037500000000001706
0.581875,0.25,0.75,0,685,261.3500000000016,38.650000000002365,0.0,0.0,0,0,509,0,6,2,12,0.5469586374695864,,-0.037500000000001706
0.581875,0.25,0.75,0,686,261.50000000000165,38.500000000002366,0.0,0.0,0,0,510,0,6,2,12,0.5476190476190477,,-0.037500000000001706
0.581875,0.25,0.75,0,687,261.6500000000017,38.35000000000237,0.0,0.0,0,0,511,0,6,2,12,0.5482775351770985,,-0.037500000000001706
0.581875,0.25,0.75,0,688,261.8000000000017,38.20000000000237,0.0,0.0,0,0,512,0,6,2,12,0.5489341085271318,,-0.037500000000001706
0.581875,0.25,0.75,0,689,261.95000000000175,38.05000000000237,0.0,0.0,0,0,513,0,6,2,12,0.5495887760038703,,-0.037500000000001706
0.581875,0.25,0.75,0,690,262.1000000000018,37.90000000000237,0.0,0.0,0,0,514,0,6,2,12,0.5502415458937198,,-0.037500000000001706
0.581875,0.25,0.75,0,691,262.2500000000018,37.75000000000237,0.0,0.0,0,0,515,0,6,2,12,0.5508924264351182,,-0.037500000000001706
0.581875,0.25,0.75,0,692,262.40000000000185,37.600000000002375,0.0,0.0,0,0,516,0,6,2,12,0.5515414258188824,,-0.037500000000001706
0.581875,0.25,0.75,0,693,262.5500000000019,37.450000000002376,0.0,0.0,0,0,517,0,6,2,12,0.5521885521885522,,-0.037500000000001706
0.581875,0.25,0.75,0,694,262.7000000000019,37.30000000000238,0.0,0.0,0,0,518,0,6,2,12,0.55283381364073,,-0.037500000000001706
0.581875,0.25,0.75,0,695,262.85000000000196,37.15000000000238,0.0,0.0,0,0,519,0,6,2,12,0.5534772182254196,,-0.037500000000001706
0.581875,0.25,0.75,0,696,263.000000000002,37.00000000000238,0.0,0.0,0,0,520,0,6,2,12,0.5541187739463601,,-0.037500000000001706
0.581875,0.25,0.75,0,697,263.150000000002,36.85000000000238,0.0,0.0,0,0,521,0,6,2,12,0.5547584887613582,,-0.037500000000001706
0.581875,0.25,0.75,0,698,263.30000000000206,36.70000000000238,0.0,0.0,0,0,522,0,6,2,12,0.555396370582617,,-0.037500000000001706
0.581875,0.25,0.75,0,699,263.4500000000021,36.550000000002385,0.0,0.0,0,0,523,0,6,2,12,0.5560324272770625,,-0.037500000000001706
0.581875,0.25,0.75,0,700,263.5000000000021,36.50000000000239,0.0,0.0,0,0,524,0,6,2,12,0.5566666666666666,,-0.03250000000000057
0.581875,0.25,0.75,0,701,263.65000000000214,36.35000000000239,0.0,0.0,0,0,525,0,6,2,12,0.5572990965287684,,-0.037500000000001706
0.581875,0.25,0.75,0,702,263.80000000000217,36.20000000000239,0.0,0.0,0,0,526,0,6,2,12,0.5579297245963912,,-0.037500000000001706
0.581875,0.25,0.75,0,703,263.9500000000022,36.05000000000239,0.0,0.0,0,0,527,0,6,2,12,0.5585585585585585,,-0.037500000000001706
0.581875,0.25,0.75,0,704,264.10000000000224,35.90000000000239,0.0,0.0,0,0,528,0,6,2,12,0.5591856060606061,,-0.037500000000001706
0.581875,0.25,0.75,0,705,264.2500000000023,35.750000000002395,0.0,0.0,0,0,529,0,6,2,12,0.5598108747044918,,-0.037500000000001706
0.581875,0.25,0.75,0,706,264.4000000000023,35.600000000002396,0.0,0.0,0,0,530,0,6,2,12,0.560434372049103,,-0.037500000000001706
0.581875,0.25,0.75,0,707,264.55000000000234,35.4500000000024,0.0,0.0,0,0,531,0,6,2,12,0.5610561056105611,,-0.037500000000001706
0.581875,0.25,0.75,0,708,264.7000000000024,35.3000000000024,0.0,0.0,0,0,532,0,6,2,12,0.5616760828625236,,-0.037500000000001706
0.581875,0.25,0.75,0,709,264.8500000000024,35.1500000000024,0.0,0.0,0,0,533,0,6,2,12,0.5622943112364833,,-0.037500000000001706
0.581875,0.25,0.75,0,710,265.00000000000244,35.0000000000024,0.0,0.0,0,0,534,0,6,2,12,0.5629107981220657,,-0.037500000000001706
0.581875,0.25,0.75,0,711,265.1500000000025,34.8500000000024,0.0,0.0,0,0,535,0,6,2,12,0.563525550867323,,-0.037500000000001706
0.581875,0.25,0.75,0,712,265.3000000000025,34.700000000002404,0.0,0.0,0,0,536,0,6,2,12,0.5641385767790262,,-0.037500000000001706
0.581875,0.25,0.75,0,713,265.45000000000255,34.550000000002406,0.0,0.0,0,0,537,0,6,2,12,0.5647498831229546,,-0.037500000000001706
0.581875,0.25,0.75,0,714,265.6000000000026,34.40000000000241,0.0,0.0,0,0,538,0,6,2,12,0.565359477124183,,-0.037500000000001706
0.581875,0.25,0.75,0,715,265.7500000000026,34.25000000000241,0.0,0.0,0,0,539,0,6,2,12,0.565967365967366,,-0.037500000000001706
0.581875,0.25,0.75,0,716,265.90000000000265,34.10000000000241,0.0,0.0,0,0,540,0,6,2,12,0.5665735567970205,,-0.037500000000001706
0.581875,0.25,0.75,0,717,266.0500000000027,33.95000000000241,0.0,0.0,0,0,541,0,6,2,12,0.5671780567178056,,-0.037500000000001706
0.581875,0.25,0.75,0,718,266.1000000000027,33.900000000002414,0.0,0.0,0,0,542,0,6,2,12,0.5677808727948004,,-0.03250000000000057
0.581875,0.25,0.75,0,719,266.25000000000273,33.750000000002416,0.0,0.0,0,0,543,0,6,2,12,0.5683820120537784,,-0.037500000000001706
0.581875,0.25,0.75,0,720,266.40000000000276,33.60000000000242,0.0,0.0,0,0,544,0,6,2,12,0.5689814814814815,,-0.037500000000001706
0.581875,0.25,0.75,0,721,266.5500000000028,33.45000000000242,0.0,0.0,0,0,545,0,6,2,12,0.56957928802589,,-0.037500000000001706
0.581875,0.25,0.75,0,722,266.70000000000283,33.30000000000242,0.0,0.0,0,0,546,0,6,2,12,0.5701754385964912,,-0.037500000000001706
0.581875,0.25,0.75,0,723,266.85000000000286,33.15000000000242,0.0,0.0,0,0,547,0,6,2,12,0.5707699400645458,,-0.037500000000001706
0.581875,0.25,0.75,0,724,267.0000000000029,33.00000000000242,0.0,0.0,0,0,548,0,6,2,12,0.5713627992633518,,-0.037500000000001706
0.581875,0.25,0.75,0,725,267.15000000000293,32.850000000002424,0.0,0.0,0,0,549,0,6,2,12,0.5719540229885057,,-0.037500000000001706
0.581875,0.25,0.75,0,726,267.30000000000297,32.700000000002426,0.0,0.0,0,0,550,0,6,2,12,0.5725436179981634,,-0.037500000000001706
0.581875,0.25,0.75,0,727,267.450000000003,32.55000000000243,0.0,0.0,0,0,551,0,6,2,12,0.5731315910132967,,-0.037500000000001706
0.581875,0.25,0.75,0,728,267.60000000000304,32.40000000000243,0.0,0.0,0,0,552,0,6,2,12,0.5737179487179487,,-0.037500000000001706
0.581875,0.25,0.75,0,729,267.75000000000307,32.25000000000243,0.0,0.0,0,0,553,0,6,2,12,0.5743026977594878,,-0.037500000000001706
0.581875,0.25,0.75,0,730,267.8000000000031,32.20000000000243,0.0,0.0,0,0,554,0,6,2,12,0.5748858447488584,,-0.03250000000000057
0.581875,0.25,0.75,0,731,267.9500000000031,32.050000000002434,0.0,0.0,0,0,555,0,6,2,12,0.5754673962608299,,-0.037500000000001706
0.581875,0.25,0.75,0,732,268.10000000000315,31.900000000002432,0.0,0.0,0,0,556,0,6,2,12,0.5760473588342441,,-0.037500000000001706
0.581875,0.25,0.75,0,733,268.2500000000032,31.75000000000243,0.0,0.0,0,0,557,0,6,2,12,0.5766257389722601,,-0.037500000000001706
0.581875,0.25,0.75,0,734,268.4000000000032,31.600000000002428,0.0,0.0,0,0,558,0,6,2,12,0.5772025431425977,,-0.037500000000001706
0.581875,0.25,0.75,0,735,268.45000000000323,31.550000000002427,0.0,0.0,0,0,559,0,6,2,12,0.5777777777777777,,-0.03250000000000057
0.581875,0.25,0.75,0,736,268.60000000000326,31.400000000002425,0.0,0.0,0,0,560,0,6,2,12,0.5783514492753623,,-0.037500000000001706
0.581875,0.25,0.75,0,737,268.7500000000033,31.250000000002423,0.0,0.0,0,0,561,0,6,2,12,0.5789235639981909,,-0.037500000000001706
0.581875,0.25,0.75,0,738,268.90000000000333,31.10000000000242,0.0,0.0,0,0,562,0,6,2,12,0.5794941282746161,,-0.037500000000001706
0.581875,0.25,0.75,0,739,269.05000000000337,30.95000000000242,0.0,0.0,0,0,563,0,6,2,12,0.5800631483987371,,-0.037500000000001706
0.581875,0.25,0.75,0,740,269.2000000000034,30.800000000002417,0.0,0.0,0,0,564,0,6,2,12,0.5806306306306306,,-0.037500000000001706
0.581875,0.25,0.75,0,741,269.35000000000343,30.650000000002414,0.0,0.0,0,0,565,0,6,2,12,0.5811965811965812,,-0.037500000000001706
0.581875,0.25,0.75,0,742,269.50000000000347,30.500000000002412,0.0,0.0,0,0,566,0,6,2,12,0.5817610062893082,,-0.037500000000001706
0.581875,0.25,0.75,0,743,269.5500000000035,30.45000000000241,0.0,0.0,0,0,567,0,6,2,12,0.582323912068192,,-0.03250000000000057
0.581875,0.25,0.75,0,744,269.7000000000035,30.30000000000241,0.0,0.0,0,0,568,0,6,2,12,0.5828853046594982,,-0.037500000000001706
0.581875,0.25,0.75,0,745,269.7500000000035,30.25000000000241,0.0,0.0,0,0,569,0,6,2,12,0.5834451901565996,,-0.03250000000000057
0.581875,0.25,0.75,0,746,269.90000000000356,30.100000000002407,0.0,0.0,0,0,570,0,6,2,12,0.5840035746201966,,-0.037500000000001706
0.581875,0.25,0.75,0,747,270.0500000000036,29.950000000002404,0.0,0.0,0,0,571,0,6,2,12,0.5845604640785363,,-0.037500000000001706
0.581875,0.25,0.75,0,748,270.2000000000036,29.800000000002402,0.0,0.0,0,0,572,0,6,2,12,0.5851158645276292,,-0.037500000000001706
0.581875,0.25,0.75,0,749,270.35000000000366,29.6500000000024,0.0,0.0,0,0,573,0,6,2,12,0.5856697819314641,,-0.037500000000001706
0.581875,0.25,0.75,0,750,270.5000000000037,29.500000000002398,0.0,0.0,0,0,574,0,6,2,12,0.5862222222222222,,-0.037500000000001706
0.581875,0.25,0.75,0,751,270.65000000000373,29.350000000002396,0.0,0.0,0,0,575,0,6,2,12,0.5867731913004882,,-0.037500000000001706
0.581875,0.25,0.75,0,752,270.80000000000376,29.200000000002394,0.0,0.0,0,0,576,0,6,2,12,0.587322695035461,,-0.037500000000001706
0.581875,0.25,0.75,0,753,270.9500000000038,29.05000000000239,0.0,0.0,0,0,577,0,6,2,12,0.5878707392651615,,-0.037500000000001706
0.581875,0.25,0.75,0,754,271.0000000000038,29.00000000000239,0.0,0.0,0,0,578,0,6,2,12,0.5884173297966402,,-0.03250000000000057
0.581875,0.25,0.75,0,755,271.15000000000384,28.85000000000239,0.0,0.0,0,0,579,0,6,2,12,0.588962472406181,,-0.037500000000001706
0.581875,0.25,0.75,0,756,271.3000000000039,28.700000000002387,0.0,0.0,0,0,580,0,6,2,12,0.5895061728395061,,-0.037500000000001706
0.581875,0.25,0.75,0,757,271.4500000000039,28.550000000002385,0.0,0.0,0,0,581,0,6,2,12,0.590048436811977,,-0.037500000000001706
0.581875,0.25,0.75,0,758,271.60000000000394,28.400000000002382,0.0,0.0,0,0,582,0,6,2,12,0.590589270008795,,-0.037500000000001706
0.581875,0.25,0.75,0,759,271.750000000004,28.25000000000238,0.0,0.0,0,0,583,0,6,2,12,0.5911286780851999,,-0.037500000000001706
0.581875,0.25,0.75,0,760,271.800000000004,28.20000000000238,0.0,0.0,0,0,584,0,6,2,12,0.5916666666666667,,-0.03250000000000057
0.581875,0.25,0.75,0,761,271.950000000004,28.050000000002377,0.0,0.0,0,0,585,0,6,2,12,0.5922032413491021,,-0.037500000000001706
0.581875,0.25,0.75,0,762,272.10000000000406,27.900000000002375,0.0,0.0,0,0,586,0,6,2,12,0.5927384076990376,,-0.037500000000001706
0.581875,0.25,0.75,0,763,272.15000000000407,27.850000000002375,0.0,0.0,0,0,587,0,6,2,12,0.5932721712538226,,-0.03250000000000057
0.581875,0.25,0.75,0,764,272.3000000000041,27.700000000002373,0.0,0.0,0,0,588,0,6,2,12,0.5938045375218151,,-0.037500000000001706
0.581875,0.25,0.75,0,765,272.45000000000414,27.55000000000237,0.0,0.0,0,0,589,0,6,2,12,0.5943355119825708,,-0.037500000000001706
0.581875,0.25,0.75,0,766,272.6000000000042,27.40000000000237,0.0,0.0,0,0,590,0,6,2,12,0.5948651000870322,,-0.037500000000001706
0.581875,0.25,0.75,0,767,272.7500000000042,27.250000000002366,0.0,0.0,0,0,591,0,6,2,12,0.595393307257714,,-0.037500000000001706
0.581875,0.25,0.75,0,768,272.90000000000424,27.100000000002364,0.0,0.0,0,0,592,0,6,2,12,0.5959201388888888,,-0.037500000000001706
0.581875,0.25,0.75,0,769,273.0500000000043,26.950000000002362,0.0,0.0,0,0,593,0,6,2,12,0.5964456003467707,,-0.037500000000001706
0.581875,0.25,0.75,0,770,273.1000000000043,26.90000000000236,0.0,0.0,0,0,594,0,6,2,12,0.5969696969696969,,-0.03250000000000057
0.581875,0.25,0.75,0,771,273.2500000000043,26.75000000000236,0.0,0.0,0,0,595,0,6,2,12,0.5974924340683095,,-0.037500000000001706
0.581875,0.25,0.75,0,772,273.40000000000435,26.600000000002357,0.0,0.0,0,0,596,0,6,2,12,0.5980138169257341,,-0.037500000000001706
0.581875,0.25,0.75,0,773,273.5500000000044,26.450000000002355,0.0,0.0,0,0,597,0,6,2,12,0.5985338507977577,,-0.037500000000001706
0.581875,0.25,0.75,0,774,273.7000000000044,26.300000000002353,0.0,0.0,0,0,598,0,6,2,12,0.5990525409130061,,-0.037500000000001706
0.581875,0.25,0.75,0,775,273.85000000000446,26.15000000000235,0.0,0.0,0,0,599,0,6,2,12,0.5995698924731183,,-0.037500000000001706
0.581875,0.25,0.75,0,776,274.0000000000045,26.00000000000235,0.0,0.0,0,0,600,0,6,2,12,0.6000859106529209,,-0.037500000000001706
0.581875,0.25,0.75,0,777,274.1500000000045,25.850000000002346,0.0,0.0,0,0,601,0,6,2,12,0.6006006006006006,,-0.037500000000001706
0.581875,0.25,0.75,0,778,274.30000000000456,25.700000000002344,0.0,0.0,0,0,602,0,6,2,12,0.6011139674378749,,-0.037500000000001706
0.581875,0.25,0.75,0,779,274.4500000000046,25.550000000002342,0.0,0.0,0,0,603,0,6,2,12,0.6016260162601627,,-0.037500000000001706
0.581875,0.25,0.75,0,780,274.6000000000046,25.40000000000234,0.0,0.0,0,0,604,0,6,2,12,0.6021367521367521,,-0.037500000000001706
0.581875,0.25,0.75,0,781,274.75000000000466,25.250000000002338,0.0,0.0,0,0,605,0,6,2,12,0.6026461801109688,,-0.037500000000001706
0.581875,0.25,0.75,0,782,274.9000000000047,25.100000000002336,0.0,0.0,0,0,606,0,6,2,12,0.603154305200341,,-0.037500000000001706
0.581875,0.25,0.75,0,783,275.05000000000473,24.950000000002333,0.0,0.0,0,0,607,0,6,2,12,0.6036611323967646,,-0.037500000000001706
0.581875,0.25,0.75,0,784,275.20000000000476,24.80000000000233,0.0,0.0,0,0,608,0,6,2,12,0.6041666666666666,,-0.037500000000001706
0.581875,0.25,0.75,0,785,275.3500000000048,24.65000000000233,0.0,0.0,0,0,609,0,6,2,12,0.6046709129511677,,-0.037500000000001706
0.581875,0.25,0.75,0,786,275.50000000000483,24.500000000002327,0.0,0.0,0,0,610,0,6,2,12,0.6051738761662426,,-0.037500000000001706
0.581875,0.25,0.75,0,787,275.65000000000487,24.350000000002325,0.0,0.0,0,0,611,0,6,2,12,0.6056755612028801,,-0.037500000000001706
0.581875,0.25,0.75,0,788,275.8000000000049,24.200000000002323,0.0,0.0,0,0,612,0,6,2,12,0.606175972927242,,-0.037500000000001706
0.581875,0.25,0.75,0,789,275.95000000000493,24.05000000000232,0.0,0.0,0,0,613,0,6,2,12,0.6066751161808196,,-0.037500000000001706
0.581875,0.25,0.75,0,790,276.10000000000497,23.90000000000232,0.0,0.0,0,0,614,0,6,2,12,0.6071729957805907,,-0.037500000000001706
0.581875,0.25,0.75,0,791,276.250000000005,23.750000000002316,0.0,0.0,0,0,615,0,6,2,12,0.6076696165191741,,-0.037500000000001706
0.581875,0.25,0.75,0,792,276.40000000000504,23.600000000002314,0.0,0.0,0,0,616,0,6,2,12,0.6081649831649831,,-0.037500000000001706
0.581875,0.25,0.75,0,793,276.55000000000507,23.450000000002312,0.0,0.0,0,0,617,0,6,2,12,0.6086591004623791,,-0.037500000000001706
0.581875,0.25,0.75,0,794,276.7000000000051,23.30000000000231,0.0,0.0,0,0,618,0,6,2,12,0.609151973131822,,-0.037500000000001706
0.581875,0.25,0.75,0,795,276.85000000000514,23.150000000002308,0.0,0.0,0,0,619,0,6,2,12,0.609643605870021,,-0.037500000000001706
0.581875,0.25,0.75,0,796,276.90000000000515,23.100000000002307,0.0,0.0,0,0,620,0,6,2,12,0.6101340033500837,,-0.03250000000000057
0.581875,0.25,0.75,0,797,277.0500000000052,22.950000000002305,0.0,0.0,0,0,621,0,6,2,12,0.6106231702216646,,-0.037500000000001706
0.581875,0.25,0.75,0,798,277.2000000000052,22.800000000002303,0.0,0.0,0,0,622,0,6,2,12,0.6111111111111112,,-0.037500000000001706
0.581875,0.25,0.75,0,799,277.25000000000523,22.750000000002302,0.0,0.0,0,0,623,0,6,2,12,0.6115978306216103,,-0.03250000000000057
0.581875,0.25,0.75,0,800,277.40000000000526,22.6000000000023,0.0,0.0,0,0,624,0,6,2,12,0.6120833333333333,,-0.037500000000001706
0.581875,0.25,0.75,0,801,277.5500000000053,22.450000000002298,0.0,0.0,0,0,625,0,6,2,12,0.6125676238035789,,-0.037500000000001706
0.581875,0.25,0.75,0,802,277.70000000000533,22.300000000002296,0.0,0.0,0,0,626,0,6,2,12,0.6130507065669161,,-0.037500000000001706
0.581875,0.25,0.75,0,803,277.85000000000537,22.150000000002294,0.0,0.0,0,0,627,0,6,2,12,0.6135325861353259,,-0.037500000000001706
0.581875,0.25,0.75,0,804,278.0000000000054,22.00000000000229,0.0,0.0,0,0,628,0,6,2,12,0.6140132669983416,,-0.037500000000001706
0.581875,0.25,0.75,0,805,278.15000000000543,21.85000000000229,0.0,0.0,0,0,629,0,6,2,12,0.6144927536231884,,-0.037500000000001706
0.581875,0.25,0.75,0,806,278.30000000000547,21.700000000002287,0.0,0.0,0,0,630,0,6,2,12,0.6149710504549214,,-0.037500000000001706
0.581875,0.25,0.75,0,807,278.4500000000055,21.550000000002285,0.0,0.0,0,0,631,0,6,2,12,0.6154481619165634,,-0.037500000000001706
0.581875,0.25,0.75,0,808,278.60000000000554,21.400000000002283,0.0,0.0,0,0,632,0,6,2,12,0.615924092409241,,-0.037500000000001706
0.581875,0.25,0.75,0,809,278.75000000000557,21.25000000000228,0.0,0.0,0,0,633,0,6,2,12,0.6163988463123198,,-0.037500000000001706
0.581875,0.25,0.75,0,810,278.9000000000056,21.10000000000228,0.0,0.0,0,0,634,0,6,2,12,0.6168724279835391,,-0.037500000000001706
0.581875,0.25,0.75,0,811,279.05000000000564,20.950000000002277,0.0,0.0,0,0,635,0,6,2,12,0.6173448417591451,,-0.037500000000001706
0.581875,0.25,0.75,0,812,279.2000000000057,20.800000000002274,0.0,0.0,0,0,636,0,6,2,12,0.617816091954023,,-0.037500000000001706
0.581875,0.25,0.75,0,813,279.3500000000057,20.650000000002272,0.0,0.0,0,0,637,0,6,2,12,0.6182861828618286,,-0.037500000000001706
0.581875,0.25,0.75,0,814,279.50000000000574,20.50000000000227,0.0,0.0,0,0,638,0,6,2,12,0.6187551187551188,,-0.037500000000001706
0.581875,0.25,0.75,0,815,279.55000000000575,20.45000000000227,0.0,0.0,0,0,639,0,6,2,12,0.6192229038854806,,-0.03250000000000057
0.581875,0.25,0.75,0,816,279.60000000000576,20.40000000000227,0.0,0.0,0,0,640,0,6,2,12,0.6196895424836601,,-0.03250000000000057
0.581875,0.25,0.75,0,817,279.6500000000058,20.350000000002268,0.0,0.0,0,0,641,0,6,2,12,0.6201550387596899,,-0.03250000000000057
0.581875,0.25,0.75,0,818,279.8000000000058,20.200000000002266,0.0,0.0,0,0,642,0,6,2,12,0.6206193969030155,,-0.037500000000001706
0.581875,0.25,0.75,0,819,279.95000000000584,20.050000000002264,0.0,0.0,0,0,643,0,6,2,12,0.6210826210826211,,-0.037500000000001706
0.581875,0.25,0.75,0,820,280.1000000000059,19.90000000000226,0.0,0.0,0,0,644,0,6,2,12,0.6215447154471545,,-0.037500000000001706
0.581875,0.25,0.75,0,821,280.2500000000059,19.75000000000226,0.0,0.0,0,0,645,0,6,2,12,0.6220056841250508,,-0.037500000000001706
0.581875,0.25,0.75,0,822,280.40000000000595,19.600000000002257,0.0,0.0,0,0,646,0,6,2,12,0.6224655312246553,,-0.037500000000001706
0.581875,0.25,0.75,0,823,280.550000000006,19.450000000002255,0.0,0.0,0,0,647,0,6,2,12,0.6229242608343459,,-0.037500000000001706
0.581875,0.25,0.75,0,824,280.700000000006,19.300000000002253,0.0,0.0,0,0,648,0,6,2,12,0.6233818770226537,,-0.037500000000001706
0.581875,0.25,0.75,0,825,280.85000000000605,19.15000000000225,0.0,0.0,0,0,649,0,6,2,12,0.6238383838383839,,-0.037500000000001706
0.581875,0.25,0.75,0,826,281.0000000000061,19.00000000000225,0.0,0.0,0,0,650,0,6,2,12,0.6242937853107344,,-0.037500000000001706
0.581875,0.25,0.75,0,827,281.1500000000061,18.850000000002247,0.0,0.0,0,0,651,0,6,2,12,0.6247480854494155,,-0.037500000000001706
0.581875,0.25,0.75,0,828,281.2000000000061,18.800000000002246,0.0,0.0,0,0,652,0,6,2,12,0.6252012882447665,,-0.03250000000000057
0.581875,0.25,0.75,0,829,281.35000000000616,18.650000000002244,0.0,0.0,0,0,653,0,6,2,12,0.625653397667873,,-0.037500000000001706
0.581875,0.25,0.75,0,830,281.5000000000062,18.50000000000224,0.0,0.0,0,0,654,0,6,2,12,0.6261044176706827,,-0.037500000000001706
0.581875,0.25,0.75,0,831,281.65000000000623,18.35000000000224,0.0,0.0,0,0,655,0,6,2,12,0.6265543521861211,,-0.037500000000001706
0.581875,0.25,0.75,0,832,281.80000000000626,18.200000000002237,0.0,0.0,0,0,656,0,6,2,12,0.6270032051282052,,-0.037500000000001706
0.581875,0.25,0.75,0,833,281.9500000000063,18.050000000002235,0.0,0.0,0,0,657,0,6,2,12,0.6274509803921569,,-0.037500000000001706
0.581875,0.25,0.75,0,834,282.10000000000633,17.900000000002233,0.0,0.0,0,0,658,0,6,2,12,0.6278976818545163,,-0.037500000000001706
0.581875,0.25,0.75,0,835,282.25000000000637,17.75000000000223,0.0,0.0,0,0,659,0,6,2,12,0.6283433133732534,,-0.037500000000001706
0.581875,0.25,0.75,0,836,282.4000000000064,17.60000000000223,0.0,0.0,0,0,660,0,6,2,12,0.6287878787878788,,-0.037500000000001706
0.581875,0.25,0.75,0,837,282.55000000000643,17.450000000002227,0.0,0.0,0,0,661,0,6,2,12,0.629231381919554,,-0.037500000000001706
0.581875,0.25,0.75,0,838,282.60000000000645,17.400000000002226,0.0,0.0,0,0,662,0,6,2,12,0.6296738265712013,,-0.03250000000000057
0.581875,0.25,0.75,0,839,282.7500000000065,17.250000000002224,0.0,0.0,0,0,663,0,6,2,12,0.6301152165276123,,-0.037500000000001706
0.581875,0.25,0.75,0,840,282.9000000000065,17.100000000002222,0.0,0.0,0,0,664,0,6,2,12,0.6305555555555555,,-0.037500000000001706
0.581875,0.25,0.75,0,841,283.05000000000655,16.95000000000222,0.0,0.0,0,0,665,0,6,2,12,0.6309948474038842,,-0.037500000000001706
0.581875,0.25,0.75,0,842,283.2000000000066,16.800000000002218,0.0,0.0,0,0,666,0,6,2,12,0.6314330958036422,,-0.037500000000001706
0.581875,0.25,0.75,0,843,283.3500000000066,16.650000000002215,0.0,0.0,0,0,667,0,6,2,12,0.6318703044681693,,-0.037500000000001706
0.581875,0.25,0.75,0,844,283.50000000000665,16.500000000002213,0.0,0.0,0,0,668,0,6,2,12,0.632306477093207,,-0.037500000000001706
0.581875,0.25,0.75,0,845,283.6500000000067,16.35000000000221,0.0,0.0,0,0,669,0,6,2,12,0.632741617357002,,-0.037500000000001706
0.581875,0.25,0.75,0,846,283.7000000000067,16.30000000000221,0.0,0.0,0,0,670,0,6,2,12,0.6331757289204097,,-0.03250000000000057
0.581875,0.25,0.75,0,847,283.85000000000673,16.15000000000221,0.0,0.0,0,0,671,0,6,2,12,0.6336088154269972,,-0.037500000000001706
0.581875,0.25,0.75,0,848,284.00000000000676,16.000000000002206,0.0,0.0,0,0,672,0,6,2,12,0.6340408805031447,,-0.037500000000001706
0.581875,0.25,0.75,0,849,284.1500000000068,15.850000000002206,0.0,0.0,0,0,673,0,6,2,12,0.6344719277581469,,-0.037500000000001706
0.581875,0.25,0.75,0,850,284.30000000000683,15.700000000002206,0.0,0.0,0,0,674,0,6,2,12,0.6349019607843137,,-0.037500000000001706
0.581875,0.25,0.75,0,851,284.35000000000684,15.650000000002205,0.0,0.0,0,0,675,0,6,2,12,0.6353309831570702,,-0.03250000000000057
0.581875,0.25,0.75,0,852,284.5000000000069,15.500000000002204,0.0,0.0,0,0,676,0,6,2,12,0.6357589984350548,,-0.037500000000001706
0.581875,0.25,0.75,0,853,284.6500000000069,15.350000000002204,0.0,0.0,0,0,677,0,6,2,12,0.6361860101602188,,-0.037500000000001706
0.581875,0.25,0.75,0,854,284.80000000000695,15.200000000002204,0.0,0.0,0,0,678,0,6,2,12,0.6366120218579235,,-0.037500000000001706
0.581875,0.25,0.75,0,855,284.950000000007,15.050000000002203,0.0,0.0,0,0,679,0,6,2,12,0.6370370370370371,,-0.037500000000001706
0.581875,0.25,0.75,0,856,285.100000000007,14.900000000002203,0.0,0.0,0,0,680,0,6,2,12,0.6374610591900312,,-0.037500000000001706
0.581875,0.25,0.75,0,857,285.150000000007,14.850000000002202,0.0,0.0,0,0,681,0,6,2,12,0.6378840917930766,,-0.03250000000000057
0.581875,0.25,0.75,0,858,285.20000000000704,14.800000000002202,0.0,0.0,0,0,682,0,6,2,12,0.6383061383061384,,-0.03250000000000057
0.581875,0.25,0.75,0,859,285.25000000000705,14.750000000002201,0.0,0.0,0,0,683,0,6,2,12,0.6387272021730694,,-0.03250000000000057
0.581875,0.25,0.75,0,860,285.30000000000706,14.7000000000022,0.0,0.0,0,0,684,0,6,2,12,0.6391472868217054,,-0.03250000000000057
0.581875,0.25,0.75,0,861,285.35000000000707,14.6500000000022,0.0,0.0,0,0,685,0,6,2,12,0.6395663956639567,,-0.03250000000000057
0.581875,0.25,0.75,0,862,285.4000000000071,14.600000000002199,0.0,0.0,0,0,686,0,6,2,12,0.639984532095901,,-0.03250000000000057
0.581875,0.25,0.75,0,863,285.4500000000071,14.550000000002198,0.0,0.0,0,0,687,0,6,2,12,0.6404016994978756,,-0.03250000000000057
0.581875,0.25,0.75,0,864,285.5000000000071,14.500000000002197,0.0,0.0,0,0,688,0,6,2,12,0.6408179012345679,,-0.03250000000000057
0.581875,0.25,0.75,0,865,285.5500000000071,14.450000000002197,0.0,0.0,0,0,689,0,6,2,12,0.641233140655106,,-0.03250000000000057
0.581875,0.25,0.75,0,866,285.6000000000071,14.400000000002196,0.0,0.0,0,0,690,0,6,2,12,0.6416474210931485,,-0.03250000000000057
0.581875,0.25,0.75,0,867,285.65000000000714,14.350000000002195,0.0,0.0,0,0,691,0,6,2,12,0.6420607458669743,,-0.03250000000000057
0.581875,0.25,0.75,0,868,285.70000000000715,14.300000000002195,0.0,0.0,0,0,692,0,6,2,12,0.6424731182795699,,-0.03250000000000057
0.5825,0.25,0.75,0,869,285.75000000000716,14.250000000002194,0.0,0.0,0,0,693,0,6,2,12,0.6425009589566552,,0.06749999999999944
0.583125,0.25,0.75,0,870,285.8000000000072,14.200000000002193,0.0,0.0,0,0,694,0,6,2,12,0.6425287356321839,,0.06749999999999944
0.585,0.25,0.75,0,871,285.8500000000072,14.150000000002192,0.0,0.0,0,0,695,0,6,2,12,0.6417910447761194,,0.26749999999999946
0.585625,0.25,0.75,0,872,285.9000000000072,14.100000000002192,0.0,0.0,0,0,696,0,6,2,12,0.6418195718654435,,0.06749999999999944
0.586875,0.25,0.75,0,873,285.9500000000072,14.050000000002191,0.0,0.0,0,0,697,0,6,2,12,0.6414662084765178,,0.16749999999999945
0.5875,0.25,0.75,0,874,286.0000000000072,14.00000000000219,0.0,0.0,0,0,698,0,6,2,12,0.6414950419527079,,0.06749999999999944
0.58875,0.25,0.75,0,875,286.05000000000723,13.95000000000219,0.0,0.0,0,0,699,0,6,2,12,0.6411428571428571,,0.16749999999999945
0.590625,0.25,0.75,0,876,286.10000000000724,13.900000000002189,0.0,0.0,0,0,700,0,6,2,12,0.6404109589041096,,0.26749999999999946
0.59125,0.25,0.75,0,877,286.15000000000725,13.850000000002188,0.0,0.0,0,0,701,0,6,2,12,0.6404408969973394,,0.06749999999999944
0.5925,0.25,0.75,0,878,286.20000000000726,13.800000000002187,0.0,0.0,0,0,702,0,6,2,12,0.6400911161731208,,0.16749999999999945
0.593125,0.25,0.75,0,879,286.2500000000073,13.750000000002187,0.0,0.0,0,0,703,0,6,2,12,0.640121350018961,,0.06749999999999944
0.594375,0.25,0.75,0,880,286.3000000000073,13.700000000002186,0.0,0.0,0,0,704,0,6,2,12,0.6397727272727273,,0.16749999999999945
0.59625,0.25,0.75,0,881,286.3500000000073,13.650000000002185,0.0,0.0,0,0,705,0,6,2,12,0.6390465380249716,,0.26749999999999946
0.596875,0.25,0.75,0,882,286.4000000000073,13.600000000002185,0.0,0.0,0,0,706,0,6,2,12,0.6390778533635676,,0.06749999999999944
0.598125,0.25,0.75,0,883,286.4500000000073,13.550000000002184,0.0,0.0,0,0,707,0,6,2,12,0.638731596828992,,0.16749999999999945
0.59875,0.25,0.75,0,884,286.50000000000733,13.500000000002183,0.0,0.0,0,0,708,0,6,2,12,0.638763197586727,,0.06749999999999944
0.6,0.25,0.75,0,885,286.55000000000734,13.450000000002182,0.0,0.0,0,0,709,0,6,2,12,0.6384180790960452,,0.16749999999999945
0.601875,0.25,0.75,0,886,286.60000000000736,13.400000000002182,0.0,0.0,0,0,710,0,6,2,12,0.6376975169300225,,0.26749999999999946
0.6025,0.25,0.75,0,887,286.65000000000737,13.350000000002181,0.0,0.0,0,0,711,0,6,2,12,0.6377301766253288,,0.06749999999999944
0.60375,0.25,0.75,0,888,286.7000000000074,13.30000000000218,0.0,0.0,0,0,712,0,6,2,12,0.6373873873873874,,0.16749999999999945
0.604375,0.25,0.75,0,889,286.7500000000074,13.25000000000218,0.0,0.0,0,0,713,0,6,2,12,0.6374203224596925,,0.06749999999999944
0.605625,0.25,0.75,0,890,286.8000000000074,13.200000000002179,0.0,0.0,0,0,714,0,6,2,12,0.6370786516853932,,0.16749999999999945
0.6075,0.25,0.75,0,891,286.8500000000074,13.150000000002178,0.0,0.0,0,0,715,0,6,2,12,0.6363636363636364,,0.26749999999999946
0.608125,0.25,0.75,0,892,286.9000000000074,13.100000000002177,0.0,0.0,0,0,716,0,6,2,12,0.6363976083707026,,0.06749999999999944
0.609375,0.25,0.75,0,893,286.95000000000744,13.050000000002177,0.0,0.0,0,0,717,0,6,2,12,0.6360582306830908,,0.16749999999999945
0.61,0.25,0.75,0,894,287.00000000000745,13.000000000002176,0.0,0.0,0,0,718,0,6,2,12,0.6360924683072334,,0.06749999999999944
0.61125,0.25,0.75,0,895,287.05000000000746,12.950000000002175,0.0,0.0,0,0,718,0,6,2,12,0.6357541899441341,,0.18749999999999944
0.613125,0.25,0.75,0,896,287.10000000000747,12.900000000002175,0.0,0.0,0,0,718,0,6,2,12,0.6350446428571429,,0.2874999999999995
0.61375,0.25,0.75,0,897,287.1500000000075,12.850000000002174,0.0,0.0,0,0,718,0,6,2,12,0.6350798959494611,,0.08749999999999944
0.615,0.25,0.75,0,898,287.2000000000075,12.800000000002173,0.0,0.0,0,0,718,0,6,2,12,0.6347438752783965,,0.18749999999999944
0.615625,0.25,0.75,0,899,287.2500000000075,12.750000000002172,0.0,0.0,0,0,718,0,6,2,12,0.6347793845012978,,0.08749999999999944
0.616875,0.25,0.75,0,900,287.3000000000075,12.700000000002172,0.0,0.0,0,0,718,0,6,2,12,0.6344444444444445,,0.18749999999999944
0.61875,0.25,0.75,0,901,287.3500000000075,12.650000000002171,0.0,0.0,0,0,718,0,6,2,12,0.6337402885682575,,0.2874999999999995
0.619375,0.25,0.75,0,902,287.40000000000754,12.60000000000217,0.0,0.0,0,0,718,0,6,2,12,0.6337767923133777,,0.08749999999999944
0.620625,0.25,0.75,0,903,287.45000000000755,12.55000000000217,0.0,0.0,0,0,718,0,6,2,12,0.6334440753045404,,0.18749999999999944
0.62125,0.25,0.75,0,904,287.50000000000756,12.500000000002169,0.0,0.0,0,0,718,0,6,2,12,0.633480825958702,,0.08749999999999944
0.6225,0.25,0.75,0,905,287.55000000000757,12.450000000002168,0.0,0.0,0,0,718,0,6,2,12,0.6331491712707182,,0.18749999999999944
0.62375,0.25,0.75,0,906,287.6000000000076,12.400000000002168,0.0,0.0,0,0,718,0,6,2,12,0.6328182487122884,,0.18749999999999944
0.62375,0.25,0.75,0,907,287.6500000000076,12.350000000002167,0.0,0.0,0,0,718,0,6,2,12,0.6332230797500918,,-0.01250000000000057
0.62375,0.25,0.75,0,908,287.7000000000076,12.300000000002166,0.0,0.0,0,0,718,0,6,2,12,0.6336270190895742,,-0.01250000000000057
0.62375,0.25,0.75,0,909,287.7500000000076,12.250000000002165,0.0,0.0,0,0,718,0,6,2,12,0.6340300696736341,,-0.01250000000000057
0.62375,0.25,0.75,0,910,287.8000000000076,12.200000000002165,0.0,0.0,0,0,718,0,6,2,12,0.6344322344322344,,-0.01250000000000057
0.62375,0.25,0.75,0,911,287.85000000000764,12.150000000002164,0.0,0.0,0,0,718,0,6,2,12,0.6348335162824734,,-0.01250000000000057
0.62375,0.25,0.75,0,912,287.90000000000765,12.100000000002163,0.0,0.0,0,0,718,0,6,2,12,0.6352339181286549,,-0.01250000000000057
0.62375,0.25,0.75,0,913,287.95000000000766,12.050000000002163,0.0,0.0,0,0,718,0,6,2,12,0.6356334428623586,,-0.01250000000000057
0.62375,0.25,0.75,0,914,288.0000000000077,12.000000000002162,0.0,0.0,0,0,718,0,6,2,12,0.6360320933625091,,-0.01250000000000057
0.62375,0.25,0.75,0,915,288.0500000000077,11.950000000002161,0.0,0.0,0,0,718,0,6,2,12,0.6364298724954462,,-0.01250000000000057
0.62375,0.25,0.75,0,916,288.1000000000077,11.90000000000216,0.0,0.0,0,0,718,0,6,2,12,0.6368267831149927,,-0.01250000000000057
0.62375,0.25,0.75,0,917,288.1500000000077,11.85000000000216,0.0,0.0,0,0,718,0,6,2,12,0.6372228280625227,,-0.01250000000000057
0.62375,0.25,0.75,0,918,288.2000000000077,11.800000000002159,0.0,0.0,0,0,718,0,6,2,12,0.6376180101670298,,-0.01250000000000057
0.62375,0.25,0.75,0,919,288.25000000000773,11.750000000002158,0.0,0.0,0,0,718,0,6,2,12,0.638012332245194,,-0.01250000000000057
0.62375,0.25,0.75,0,920,288.30000000000774,11.700000000002158,0.0,0.0,0,0,718,0,6,2,12,0.6384057971014493,all_available_uavs_returned,-0.01250000000000057
