update,ablation,scenario,rollout_reward_mean,episode_count,coverage_ratio,inspection_success_rate,target_detection_rate,mission_success,mission_time,collision_count,invalid_action_count,policy_loss,value_loss,entropy,approx_kl,clip_fraction,mean_action_probability
1,guidance_0_capability_0_safety_0,1,-0.19084960894542746,6,0.018125,0.0,0.0,0,81,0,0,-0.0051548234187066555,11.099456787109375,1.7849639654159546,0.0035967794246971607,0.0,0.16783885657787323
2,guidance_0_capability_0_safety_0,1,-0.06114257703666226,7,0.0125,0.0,0.0,0,12,0,0,-0.007211713120341301,1.0234975814819336,1.7794097661972046,0.00231431657448411,0.0,0.1686839908361435
3,guidance_0_capability_0_safety_0,1,-0.22688476527764578,15,0.020625,0.0,0.0,0,35,0,0,-0.0011237605940550566,7.290101051330566,1.7735443115234375,0.005061843432486057,0.0,0.1694876253604889
4,guidance_0_capability_0_safety_0,1,-0.0608886714799155,18,0.04125,0.0,0.0,0,184,0,0,-0.0050735194236040115,1.7580807209014893,1.7671960592269897,-0.0018339171074330807,0.0,0.173620343208313
5,guidance_0_capability_0_safety_0,1,-0.03696289054278168,19,0.0325,0.0,0.0,0,208,0,0,-0.00638760207220912,0.8228452205657959,1.7610819339752197,-0.0001356617285637185,0.0,0.17584854364395142
6,guidance_0_capability_0_safety_0,1,-0.030429686910792952,19,0.054375,0.0,0.0,0,464,0,0,-0.004835126921534538,0.36524051427841187,1.7507905960083008,-0.0010897227330133319,0.0,0.1798422932624817
7,guidance_0_capability_0_safety_0,1,-0.006738281161233317,19,0.080625,0.0,0.0,0,720,0,0,-0.005334388464689255,0.2549712657928467,1.7342857122421265,0.0003115806612186134,0.0,0.18431803584098816
8,guidance_0_capability_0_safety_0,1,-0.023134765498980414,19,0.08625,0.0,0.0,0,976,0,0,-0.003978551831096411,0.030387181788682938,1.7259219884872437,0.001954462379217148,0.0,0.18640045821666718
9,guidance_0_capability_0_safety_0,1,0.0048730465678090695,20,0.065625,0.0,0.0,0,232,0,0,0.0004636865924112499,1.1162934303283691,1.7184852361679077,0.0011339056072756648,0.0,0.18854138255119324
10,guidance_0_capability_0_safety_0,1,-0.015761718641442712,20,0.08875,0.0,0.0,0,488,0,0,-0.0021438654512166977,0.24820703268051147,1.709787130355835,9.732585021993145e-05,0.0,0.19360193610191345
11,guidance_0_capability_0_safety_0,1,-0.01900390583614353,20,0.1,0.0,0.125,0,744,0,0,-0.0037861387245357037,0.48655688762664795,1.7012848854064941,0.0021215975284576416,0.0,0.19223278760910034
12,guidance_0_capability_0_safety_0,1,-0.02439453105762368,21,0.005625,0.0,0.0,0,0,0,0,-0.004254084080457687,0.10909784585237503,1.6974152326583862,0.0012140211183577776,0.0,0.19883620738983154
13,guidance_0_capability_0_safety_0,1,0.09899413943276159,21,0.21125,0.0,0.0,0,256,0,0,-0.00037523702485486865,5.902401924133301,1.6949853897094727,0.00018411301425658166,0.0,0.19653534889221191
14,guidance_0_capability_0_safety_0,1,-0.02294921853899723,21,0.2175,0.0,0.0,0,512,0,0,-0.005466272588819265,0.039844997227191925,1.6896755695343018,-0.0005792616866528988,0.0,0.20195399224758148
15,guidance_0_capability_0_safety_0,1,-0.012958984218130354,21,0.235625,0.0,0.0,0,768,0,0,-0.005466349422931671,0.14744234085083008,1.6838401556015015,0.0036433879286050797,0.0,0.19833895564079285
16,guidance_0_capability_0_safety_0,1,0.019501953440340003,23,0.0175,0.0,0.0,0,7,0,0,0.001773972762748599,3.655977725982666,1.676983118057251,2.316851168870926e-05,0.0,0.1999807357788086
17,guidance_0_capability_0_safety_0,1,0.14067382948633167,23,0.229375,0.0,0.5,0,263,0,0,-0.00027944365865550935,12.406990051269531,1.6595032215118408,-0.0012977424776181579,0.0,0.20582932233810425
18,guidance_0_capability_0_safety_0,1,0.014003905867866706,23,0.2925,0.0,0.5,0,519,0,0,-0.0006780046969652176,0.8534228801727295,1.649423599243164,-0.0007225197623483837,0.0,0.2069067358970642
19,guidance_0_capability_0_safety_0,1,0.06659179635244072,23,0.44125,0.0,0.625,0,775,0,0,-0.0005221761530265212,3.9469518661499023,1.6473538875579834,-0.0006368713220581412,0.0,0.20878803730010986
20,guidance_0_capability_0_safety_0,1,0.13243164066807367,24,0.071875,0.0,0.0,0,31,0,0,-0.00021233534789644182,6.08034086227417,1.6452335119247437,5.152495577931404e-05,0.0,0.2093735933303833
21,guidance_0_capability_0_safety_0,1,0.17555664117389824,24,0.386875,0.0,0.25,0,287,0,0,-7.116484630387276e-05,9.152393341064453,1.6341865062713623,0.00013196530926506966,0.0,0.20786873996257782
22,guidance_0_capability_0_safety_0,1,0.0631054660952941,24,0.51625,0.0,0.5,0,543,0,0,-0.0007156496867537498,2.350131034851074,1.6353492736816406,0.00013348615902941674,0.0,0.2106625735759735
23,guidance_0_capability_0_safety_0,1,0.018447265425493242,24,0.579375,0.0,0.625,0,799,0,0,-0.0015145090874284506,1.5656944513320923,1.6380109786987305,-0.0006390147609636188,0.0,0.20506352186203003
24,guidance_0_capability_0_safety_0,1,0.018242187699797796,25,0.050625,0.0,0.0,0,55,0,0,-0.0017370060086250305,1.0557961463928223,1.6396980285644531,0.0007130395388230681,0.0,0.20927421748638153
25,guidance_0_capability_0_safety_0,1,0.19200195190569502,25,0.3825,0.0,0.25,0,311,0,0,-0.0006930431118234992,8.189552307128906,1.6329206228256226,-0.00016776069242041558,0.0,0.2079256772994995
26,guidance_0_capability_0_safety_0,1,0.06467773245822173,25,0.535,0.0,0.375,0,567,0,0,-0.0007163690170273185,5.325596809387207,1.6330223083496094,0.0009345702710561454,0.0,0.20912310481071472
27,guidance_0_capability_0_safety_0,1,-0.032636719100992195,25,0.55,0.0,0.375,0,823,0,0,-0.001098879612982273,1.1788129806518555,1.634199857711792,0.0005068345926702023,0.0,0.2120438814163208
28,guidance_0_capability_0_safety_0,1,0.06761718622874469,26,0.163125,0.0,0.125,0,79,0,0,-0.0010607668664306402,6.465190887451172,1.6298763751983643,-0.0009980847826227546,0.0,0.21157395839691162
29,guidance_0_capability_0_safety_0,1,0.017441404415876605,26,0.24,0.0,0.25,0,335,0,0,-0.0036681785713881254,0.8332424759864807,1.6166560649871826,-0.00026753032580018044,0.0,0.21553108096122742
30,guidance_0_capability_0_safety_0,1,-0.02043945358309429,26,0.274375,0.0,0.25,0,591,0,0,-0.0005955187371000648,0.4869000315666199,1.6100019216537476,0.002554957289248705,0.0,0.21524056792259216
31,guidance_0_capability_0_safety_0,1,0.03175781131722033,26,0.39375,0.0,0.25,0,847,0,0,-0.0027449261397123337,2.3267135620117188,1.6085450649261475,-0.000561830005608499,0.0,0.21772804856300354
32,guidance_0_capability_0_safety_0,1,-0.013164063147996785,27,0.031875,0.0,0.0,0,103,0,0,-0.0020168772898614407,0.6982805132865906,1.6016381978988647,0.0004538646899163723,0.0,0.22224798798561096
33,guidance_0_capability_0_safety_0,1,0.1534667951054871,27,0.284375,0.0,0.375,0,359,0,0,0.00013207862502895296,12.15112590789795,1.5949459075927734,-0.0008637321880087256,0.0,0.22475586831569672
34,guidance_0_capability_0_safety_0,1,0.10191406172816642,27,0.46,0.0,0.75,0,615,0,0,0.00018104228365700692,4.903633117675781,1.5849685668945312,-0.0002840696834027767,0.0,0.22622358798980713
35,guidance_0_capability_0_safety_0,1,-0.004277344123693183,27,0.5225,0.0,0.75,0,871,0,0,-0.00040659093065187335,0.752639889717102,1.569105863571167,0.00046882702736184,0.0,0.237522691488266
36,guidance_0_capability_0_safety_0,1,0.08017578040744411,28,0.118125,0.0,0.0,0,127,0,0,-0.0005586830666288733,4.260957717895508,1.5866308212280273,6.432132795453072e-05,0.0,0.23057791590690613
37,guidance_0_capability_0_safety_0,1,0.14284179630340077,28,0.39625,0.0,0.125,0,383,0,0,-0.0007311571389436722,7.4730634689331055,1.5893263816833496,0.0009075338020920753,0.0,0.22836820781230927
38,guidance_0_capability_0_safety_0,1,-0.003955078980652615,28,0.46125,0.0,0.125,0,639,0,0,-0.001115960069000721,1.0195701122283936,1.6019986867904663,0.0003943623451050371,0.0,0.21979860961437225
39,guidance_0_capability_0_safety_0,1,-0.030810547235887498,28,0.48,0.0,0.125,0,895,0,0,-0.0012726383283734322,0.8541539907455444,1.6047828197479248,0.001392498379573226,0.0,0.2191678285598755
40,guidance_0_capability_0_safety_0,1,0.07674804661292,30,0.135625,0.0,0.125,0,144,0,0,-0.0006418190896511078,4.030275344848633,1.6008341312408447,0.00010131703311344609,0.0,0.22427403926849365
41,guidance_0_capability_0_safety_0,1,0.09646484359109309,30,0.360625,0.0,0.125,0,400,0,0,-1.5151998013607226e-05,5.0034379959106445,1.5881516933441162,0.00011157430708408356,0.0,0.22577433288097382
42,guidance_0_capability_0_safety_0,1,-0.028535156641737558,30,0.3825,0.0,0.125,0,656,0,0,-0.00011791537690442055,0.975105345249176,1.5972570180892944,-0.0001436214370187372,0.0,0.2242676466703415
43,guidance_0_capability_0_safety_0,1,0.011806639755377546,30,0.471875,0.0,0.125,0,912,0,0,-0.0019752103835344315,0.708301305770874,1.6033142805099487,0.0014613899402320385,0.0,0.22241604328155518
44,guidance_0_capability_0_safety_0,1,0.020097656390134944,31,0.10125,0.0,0.0,0,168,0,0,-0.0032807989045977592,1.5838663578033447,1.594925880432129,0.00038229706115089357,0.0,0.22567510604858398
45,guidance_0_capability_0_safety_0,1,0.13987304663532996,31,0.360625,0.0,0.125,0,424,0,0,8.401088416576385e-05,10.146350860595703,1.5842093229293823,0.004613121971487999,0.0,0.22062556445598602
46,guidance_0_capability_0_safety_0,1,0.046044921793509275,31,0.445625,0.0,0.5,0,680,0,0,-0.004437853582203388,4.145212173461914,1.5790705680847168,-0.0005424825358204544,0.0,0.23208141326904297
47,guidance_0_capability_0_safety_0,1,0.11960937549883965,31,0.6675,0.0,0.75,0,936,0,0,-0.0028048763051629066,5.371699333190918,1.5981833934783936,0.0006279661320149899,0.0,0.22046586871147156
48,guidance_0_capability_0_safety_0,1,0.1996093756170012,32,0.3225,0.0,0.625,0,192,0,0,-0.0004806543583981693,13.885162353515625,1.5879825353622437,-0.00015977723523974419,0.0,0.22985219955444336
49,guidance_0_capability_0_safety_0,1,0.04788085870677605,32,0.448125,0.0,0.75,0,448,0,0,-0.0013409254606813192,4.507907390594482,1.584341049194336,-0.000949089415371418,0.0,0.22413736581802368
50,guidance_0_capability_0_safety_0,1,-0.042656250327127054,32,0.448125,0.0,0.75,0,704,0,0,0.000667604326736182,1.5357694625854492,1.5916194915771484,0.00035618338733911514,0.0,0.22672580182552338
51,guidance_0_capability_0_safety_0,1,0.00520507745386567,32,0.50625,0.0,0.875,0,960,0,0,-0.0009878750424832106,2.5911946296691895,1.5983057022094727,-0.0002068650646833703,0.0,0.22779607772827148
52,guidance_0_capability_0_safety_0,1,0.1250683589023538,34,0.26625,0.0,0.25,0,209,0,0,-0.00015582548803649843,9.751270294189453,1.582371711730957,-6.889412179589272e-05,0.0,0.2306167334318161
53,guidance_0_capability_0_safety_0,1,0.037255858896969585,34,0.370625,0.0,0.375,0,465,0,0,-0.002618921920657158,1.2810101509094238,1.582465410232544,-0.0018421629210934043,0.0,0.23003187775611877
54,guidance_0_capability_0_safety_0,1,-0.00861328151950147,34,0.398125,0.0,0.5,0,721,0,0,-0.0020497175864875317,1.7088425159454346,1.5792502164840698,0.0014436458004638553,0.0,0.22623947262763977
55,guidance_0_capability_0_safety_0,1,0.03699218673136784,34,0.495625,0.0,0.625,0,977,0,0,-0.003291883273050189,3.318103790283203,1.5732593536376953,0.00238916021771729,0.0,0.22784584760665894
56,guidance_0_capability_0_safety_0,1,0.09883788920706138,35,0.2275,0.0,0.0,0,233,0,0,-0.00012586204684339464,5.388483047485352,1.5589122772216797,0.0013865528162568808,0.0,0.23844635486602783
57,guidance_0_capability_0_safety_0,1,0.05480468727182597,35,0.383125,0.0,0.0,0,489,0,0,-0.0009980228496715426,2.9050683975219727,1.5414012670516968,0.0004030340351164341,0.0,0.2426157295703888
58,guidance_0_capability_0_safety_0,1,-0.01733398470969405,35,0.42375,0.0,0.0,0,745,0,0,-0.0023922747932374477,1.8012495040893555,1.5341174602508545,0.0018209374975413084,0.0,0.24281077086925507
59,guidance_0_capability_0_safety_0,1,0.10483398420910817,36,0.00625,0.0,0.0,0,1,0,0,0.0010364772751927376,9.861661911010742,1.5281528234481812,-0.001132096629589796,0.0,0.2556930184364319
60,guidance_0_capability_0_safety_0,1,0.2139550758365658,37,0.37625,0.0,0.375,0,247,0,0,-0.00012067146599292755,13.900358200073242,1.479108214378357,0.0001601382828084752,0.0,0.2687529921531677
61,guidance_0_capability_0_safety_0,1,0.14931640344730113,37,0.645625,0.0,0.625,0,503,0,0,0.00014151136565487832,3.7635130882263184,1.4855022430419922,0.00017852119344752282,0.0,0.2637433707714081
62,guidance_0_capability_0_safety_0,1,0.06129882700770395,37,0.78875,0.0,0.75,0,759,0,0,-0.001417950727045536,1.2362239360809326,1.4928052425384521,0.00037665929994545877,0.0,0.2760568857192993
63,guidance_0_capability_0_safety_0,1,0.03877929719237727,38,0.03,0.0,0.0,0,15,0,0,0.001128933159634471,1.2673044204711914,1.503489375114441,-0.0009347675368189812,0.0,0.26177892088890076
64,guidance_0_capability_0_safety_0,1,0.16788085740699898,38,0.321875,0.0,0.25,0,271,0,0,-0.0012205159291625023,8.19379997253418,1.4761183261871338,0.0013884492218494415,0.0,0.2713707387447357
65,guidance_0_capability_0_safety_0,1,0.023388670437270775,38,0.408125,0.0,0.375,0,527,0,0,0.00011846113193314523,2.38173770904541,1.4894908666610718,-0.00021920276049058884,0.0,0.2739305794239044
66,guidance_0_capability_0_safety_0,1,0.04144531235215254,38,0.5425,0.0,0.375,0,783,0,0,-0.0004443309153430164,2.522061347961426,1.507979154586792,-0.00023792700085323304,0.0,0.266177237033844
67,guidance_0_capability_0_safety_0,1,-0.004375000702566467,39,0.050625,0.0,0.0,0,39,0,0,0.0001881718635559082,1.9783395528793335,1.5204170942306519,-0.0004821013135369867,0.0,0.267483651638031
68,guidance_0_capability_0_safety_0,1,0.1846874995244434,39,0.33875,0.0,0.5,0,295,0,0,-0.00042177955037914217,11.31345272064209,1.4774249792099,0.0002931530470959842,0.0,0.2744101285934448
69,guidance_0_capability_0_safety_0,1,0.039775389508577064,39,0.450625,0.0,0.625,0,551,0,0,-0.0021126221399754286,1.30619215965271,1.4714559316635132,-0.0009044673060998321,0.0,0.2823745012283325
70,guidance_0_capability_0_safety_0,1,-0.041367187863215804,39,0.451875,0.0,0.625,0,807,0,0,-0.00021146362996660173,1.258248209953308,1.4637902975082397,0.002587703987956047,0.0,0.2697729170322418
71,guidance_0_capability_0_safety_0,1,0.06654296817214345,40,0.06125,0.0,0.0,0,63,0,0,-0.0016522466903552413,2.5797650814056396,1.4513272047042847,0.002860310487449169,0.0,0.27418074011802673
72,guidance_0_capability_0_safety_0,1,0.26987304563226644,40,0.505,0.0,0.375,0,319,0,0,0.000665274157654494,16.868606567382812,1.3920764923095703,4.50479201390408e-05,0.0,0.31627655029296875
73,guidance_0_capability_0_safety_0,1,0.044062499786377884,40,0.625,0.0,0.5,0,575,0,0,-0.003051157807931304,1.3626621961593628,1.3959283828735352,-0.00026454328326508403,0.0,0.321039080619812
74,guidance_0_capability_0_safety_0,1,-0.004843750735744834,40,0.66625,0.0,0.625,0,831,0,0,-0.00302691338583827,1.4267771244049072,1.4093893766403198,0.0016856926959007978,0.0,0.307807058095932
75,guidance_0_capability_0_safety_0,1,0.07165038917446509,41,0.144375,0.0,0.125,0,87,0,0,0.00012962862092535943,4.505596160888672,1.4074275493621826,0.0013610851019620895,0.0,0.3229946792125702
76,guidance_0_capability_0_safety_0,1,0.1838476550838095,41,0.4225,0.0,0.625,0,343,0,0,-0.00032868393464013934,9.51405143737793,1.3747749328613281,-0.0006811806815676391,0.0,0.3204546570777893
77,guidance_0_capability_0_safety_0,1,-0.00017578143160790205,41,0.47125,0.0,0.75,0,599,0,0,-0.0007606881554238498,1.36887788772583,1.387084722518921,0.00010714679956436157,0.0,0.3180912137031555
78,guidance_0_capability_0_safety_0,1,0.03821288903418463,41,0.58125,0.0,0.875,0,855,0,0,-0.0028503998182713985,2.1598424911499023,1.4185190200805664,7.532350718975067e-05,0.0,0.3095952272415161
79,guidance_0_capability_0_safety_0,1,0.09099609284021426,42,0.060625,0.0,0.0,0,111,0,0,-0.0009646678226999938,3.239201068878174,1.4312849044799805,0.0009802188724279404,0.0,0.31351613998413086
80,guidance_0_capability_0_safety_0,1,0.16748046827706276,42,0.349375,0.0,0.25,0,367,0,0,0.0008137508993968368,10.503442764282227,1.420759916305542,0.0003244951367378235,0.0,0.31328338384628296
81,guidance_0_capability_0_safety_0,1,0.1570214831008343,42,0.611875,0.0,0.625,0,623,0,0,-0.00015600243932567537,7.961448669433594,1.4552267789840698,-0.00032716276473365724,0.0,0.29274189472198486
82,guidance_0_capability_0_safety_0,1,0.051152344298316166,42,0.7425,0.0,0.75,0,879,0,0,-0.0014113716315478086,1.4417674541473389,1.47739577293396,0.0005490660551004112,0.0,0.2874131202697754
83,guidance_0_capability_0_safety_0,1,0.09355468618741725,43,0.195625,0.0,0.125,0,135,0,0,0.001033524051308632,6.46395206451416,1.4477624893188477,-9.117027730098926e-06,0.0,0.3166753947734833
84,guidance_0_capability_0_safety_0,1,0.14249023268348537,43,0.398125,0.0,0.75,0,391,0,0,1.725213041936513e-05,9.195666313171387,1.4308443069458008,-0.00014203570026438683,0.0,0.3083261251449585
85,guidance_0_capability_0_safety_0,1,0.01665038996725343,43,0.47375,0.0,0.875,0,647,0,0,-0.0006153478170745075,2.9343106746673584,1.4572117328643799,-0.0005975281819701195,0.0,0.2873121500015259
86,guidance_0_capability_0_safety_0,1,-0.03912109407247044,43,0.479375,0.0,0.875,0,903,0,0,-0.0002005895075853914,1.884977102279663,1.4798736572265625,0.00026004514074884355,0.0,0.28462332487106323
87,guidance_0_capability_0_safety_0,1,0.05733398292795755,44,0.125625,0.0,0.125,0,159,0,0,-0.0019282348221167922,3.444505214691162,1.4735076427459717,-0.0004045556706842035,0.0,0.283386766910553
88,guidance_0_capability_0_safety_0,1,0.1815917950880248,44,0.390625,0.0,0.75,0,415,0,0,-0.0022605888079851866,12.135663986206055,1.4825748205184937,-3.549891334841959e-05,0.0,0.27855098247528076
89,guidance_0_capability_0_safety_0,1,-0.0002441409742459655,44,0.4575,0.0,0.75,0,671,0,0,-0.00034606768167577684,0.8499608635902405,1.5120837688446045,0.0006076321005821228,0.0,0.2715780735015869
90,guidance_0_capability_0_safety_0,1,-0.030507812960422598,44,0.47625,0.0,0.75,0,927,0,0,-0.0010845146607607603,1.0150401592254639,1.53908371925354,-0.0005539364065043628,0.0,0.25226396322250366
91,guidance_0_capability_0_safety_0,1,0.0899707022072107,46,0.1725,0.0,0.125,0,175,0,0,-0.0005139857530593872,5.751309394836426,1.5175504684448242,-0.0004450652631931007,0.0,0.2536296546459198
92,guidance_0_capability_0_safety_0,1,0.05737304806825705,46,0.313125,0.0,0.25,0,431,0,0,-0.006370309740304947,2.860842227935791,1.542039394378662,0.00020168830815237015,0.0,0.25176793336868286
93,guidance_0_capability_0_safety_0,1,0.033066406180296326,46,0.43,0.0,0.25,0,687,0,0,-0.004159051924943924,1.3448543548583984,1.5848605632781982,-0.0013130170991644263,0.0,0.2321716845035553
94,guidance_0_capability_0_safety_0,1,0.011630857654381543,46,0.496875,0.0,0.375,0,943,0,0,0.0014626968186348677,1.4210224151611328,1.610845923423767,0.003140239743515849,0.0,0.22294311225414276
95,guidance_0_capability_0_safety_0,1,0.15666992131446023,47,0.2775,0.0,0.25,0,199,0,0,0.0006994534051045775,9.973653793334961,1.5964391231536865,0.0013848901726305485,0.0,0.2233741730451584
96,guidance_0_capability_0_safety_0,1,0.11220703068829607,47,0.505,0.0,0.375,0,455,0,0,9.308289736509323e-05,3.4210338592529297,1.60152268409729,-0.000266726448899135,0.0,0.2175721824169159
97,guidance_0_capability_0_safety_0,1,-0.0032812504468893167,47,0.564375,0.0,0.375,0,711,0,0,-0.00047740526497364044,0.9996500015258789,1.610347032546997,-0.000747347716242075,0.0,0.21841178834438324
98,guidance_0_capability_0_safety_0,1,-0.039921875428262865,47,0.565,0.0,0.375,0,967,0,0,-0.0001973360776901245,1.03711998462677,1.6195037364959717,0.0008867926662787795,0.0,0.21683523058891296
99,guidance_0_capability_0_safety_0,1,0.12306640530732693,48,0.22375,0.0,0.125,0,223,0,0,-0.0005534837837330997,4.637111663818359,1.5941767692565918,0.0003531831316649914,0.0,0.22010044753551483
100,guidance_0_capability_0_safety_0,1,0.1409179685433628,48,0.478125,0.0,0.375,0,479,0,0,-4.7643361540394835e-06,6.691959381103516,1.60897958278656,-0.00019203871488571167,0.0,0.2241828441619873
101,guidance_0_capability_0_safety_0,1,0.09451171619002707,48,0.65875,0.0,0.625,0,735,0,0,-0.00010759166616480798,3.7257156372070312,1.617508888244629,0.0001951322628883645,0.0,0.2201765775680542
102,guidance_0_capability_0_safety_0,1,0.05452148416588898,48,0.804375,0.0,0.625,0,991,0,0,-0.0008650903473608196,1.553290605545044,1.6152070760726929,-0.00024492311058565974,0.0,0.22321844100952148
103,guidance_0_capability_0_safety_0,1,0.10360351587587502,49,0.175,0.0,0.375,0,247,0,0,6.476789712905884e-05,2.7012252807617188,1.5821999311447144,0.0007119094952940941,0.0,0.22354254126548767
104,guidance_0_capability_0_safety_0,1,0.045791016025759745,49,0.28375,0.0,0.5,0,503,0,0,-0.003156745806336403,2.2847676277160645,1.5810127258300781,-0.0002124565653502941,0.0,0.2256656140089035
105,guidance_0_capability_0_safety_0,1,0.03794921809458174,49,0.388125,0.0,0.625,0,759,0,0,-0.0014849777799099684,2.525022029876709,1.5895026922225952,0.0010616290383040905,0.0,0.22020408511161804
106,guidance_0_capability_0_safety_0,1,-0.017314453507424332,50,0.025,0.0,0.0,0,15,0,0,0.0008270691032521427,1.7745554447174072,1.596353530883789,0.0017488684970885515,0.0,0.22183451056480408
107,guidance_0_capability_0_safety_0,1,0.16665038997598458,50,0.348125,0.0,0.0,0,271,0,0,-0.0006752697518095374,5.067191123962402,1.5815057754516602,7.406886288663372e-05,0.0,0.22707578539848328
108,guidance_0_capability_0_safety_0,1,0.033378905660356395,50,0.450625,0.0,0.125,0,527,0,0,-0.00019737984985113144,1.405961275100708,1.5892518758773804,2.829839286278002e-05,0.0,0.22931748628616333
109,guidance_0_capability_0_safety_0,1,-0.004726564249722287,50,0.491875,0.0,0.25,0,783,0,0,-0.0007491676951758564,1.1735843420028687,1.595515251159668,0.00022558635100722313,0.0,0.22261492908000946
110,guidance_0_capability_0_safety_0,1,0.09822265563707333,51,0.09125,0.0,0.125,0,39,0,0,-0.00019555042672436684,4.13369083404541,1.6025967597961426,0.00029042907408438623,0.0,0.2202526181936264
111,guidance_0_capability_0_safety_0,1,0.13936523326992756,51,0.341875,0.0,0.375,0,295,0,0,-0.00021216149616520852,6.436425685882568,1.5891351699829102,-0.00033762119710445404,0.0,0.22839884459972382
112,guidance_0_capability_0_safety_0,1,-0.028574219250003807,51,0.36375,0.0,0.375,0,551,0,0,-0.00048250830150209367,1.507897138595581,1.5924911499023438,-0.00026754586724564433,0.0,0.22146670520305634
113,guidance_0_capability_0_safety_0,1,-0.04224609417724423,51,0.36375,0.0,0.375,0,807,0,0,-0.00103754922747612,1.0464410781860352,1.5994129180908203,-0.00017908797599375248,0.0,0.2208937406539917
114,guidance_0_capability_0_safety_0,1,0.10980468596608262,52,0.029375,0.0,0.0,0,63,0,0,-0.0006265595438890159,6.514357566833496,1.595605731010437,-0.00031367060728371143,0.0,0.2242315709590912
115,guidance_0_capability_0_safety_0,1,0.07484374919295078,52,0.211875,0.0,0.0,0,319,0,0,-0.0011671562679111958,2.773516893386841,1.5895557403564453,0.00011414910841267556,0.0,0.2293468713760376
116,guidance_0_capability_0_safety_0,1,0.022324218312860467,52,0.315,0.0,0.0,0,575,0,0,-0.002270724158734083,0.41892749071121216,1.5975091457366943,0.0017108394531533122,0.0,0.2245718240737915
117,guidance_0_capability_0_safety_0,1,-0.005507813053554855,52,0.37375,0.0,0.0,0,831,0,0,-0.0002489108592271805,0.877759575843811,1.6022300720214844,0.0005017613293603063,0.0,0.22473327815532684
118,guidance_0_capability_0_safety_0,1,0.015507811589486664,53,0.09125,0.0,0.125,0,87,0,0,-0.000545429706107825,1.1570549011230469,1.6001453399658203,-0.00025111244758591056,0.0,0.22648832201957703
119,guidance_0_capability_0_safety_0,1,0.22962890414783033,53,0.466875,0.0,0.5,0,343,0,0,-0.001397390617057681,13.566102981567383,1.5918034315109253,0.0005414969637058675,0.0,0.2205493450164795
120,guidance_0_capability_0_safety_0,1,0.0909374990114884,53,0.655625,0.0,0.625,0,599,0,0,-0.0005855380441062152,1.891892910003662,1.58958101272583,-0.00012045501352986321,0.0,0.22584693133831024
121,guidance_0_capability_0_safety_0,1,-0.022626953621511348,53,0.685625,0.0,0.625,0,855,0,0,-0.0005071647465229034,0.5587184429168701,1.5945215225219727,4.0630966395838186e-05,0.0,0.22409406304359436
122,guidance_0_capability_0_safety_0,1,0.11814453067199793,54,0.21625,0.0,0.25,0,131,0,0,-0.00026228217757306993,7.3209404945373535,1.5862059593200684,-0.0007018164033070207,0.0,0.23000270128250122
123,guidance_0_capability_0_safety_0,1,0.022841796017019078,54,0.32,0.0,0.25,0,387,0,0,-0.0020604594610631466,1.0539379119873047,1.5820916891098022,-0.0001479560451116413,0.0,0.2238590568304062
124,guidance_0_capability_0_safety_0,1,-0.03686523486976512,54,0.328125,0.0,0.25,0,643,0,0,-0.0002928835747297853,0.7104457020759583,1.5737451314926147,0.0015379535034298897,0.0,0.22958950698375702
125,guidance_0_capability_0_safety_0,1,-0.02305664097366389,54,0.35875,0.0,0.25,0,899,0,0,-0.0008917792583815753,0.19748401641845703,1.5735690593719482,0.00048654372221790254,0.0,0.23150716722011566
126,guidance_0_capability_0_safety_0,1,0.1431152325385483,55,0.22875,0.0,0.375,0,155,0,0,-0.00032863952219486237,10.609601020812988,1.555150032043457,0.0003048992657568306,0.0,0.23643460869789124
127,guidance_0_capability_0_safety_0,1,0.1308984380266338,55,0.478125,0.0,0.5,0,411,0,0,7.813175761839375e-05,6.944904327392578,1.5522611141204834,0.0003588567487895489,0.0,0.23581528663635254
128,guidance_0_capability_0_safety_0,1,0.036982422425353434,55,0.585625,0.0,0.625,0,667,0,0,-0.0025987240951508284,1.7977609634399414,1.562765121459961,-5.1871564210159704e-05,0.0,0.23454022407531738
129,guidance_0_capability_0_safety_0,1,-0.03408203160506673,55,0.593125,0.0,0.625,0,923,0,0,-0.0009728791192173958,0.5353718996047974,1.5779645442962646,0.002173447050154209,0.0,0.23521900177001953
130,guidance_0_capability_0_safety_0,1,0.15944335737003712,56,0.29125,0.0,0.25,0,179,0,0,0.0015302374958992004,7.121132850646973,1.5776680707931519,7.543511310359463e-05,0.0,0.22528159618377686
131,guidance_0_capability_0_safety_0,1,0.1427929681376554,56,0.546875,0.0,0.5,0,435,0,0,0.00023888952273409814,4.869213581085205,1.5761102437973022,-0.0003733618068508804,0.0,0.23280656337738037
132,guidance_0_capability_0_safety_0,1,0.06374999963009031,56,0.7075,0.0,0.5,0,691,0,0,-0.0006498107686638832,1.5690333843231201,1.5905841588974,7.019720214884728e-05,0.0,0.22435109317302704
133,guidance_0_capability_0_safety_0,1,0.012812499979190761,56,0.75875,0.0,0.625,0,947,0,0,-0.0008848806610330939,1.23244047164917,1.5857563018798828,-0.0003474857658147812,0.0,0.22545430064201355
134,guidance_0_capability_0_safety_0,1,0.11865234379729372,57,0.239375,0.0,0.125,0,203,0,0,0.00047056347830221057,3.1229968070983887,1.5748205184936523,0.00037235365016385913,0.0,0.2323678433895111
135,guidance_0_capability_0_safety_0,1,0.06765624976105755,57,0.3625,0.0,0.375,0,459,0,0,-0.0020710802637040615,2.322566270828247,1.5845530033111572,-6.83516263961792e-05,0.0,0.22179198265075684
136,guidance_0_capability_0_safety_0,1,-0.020556640713039087,57,0.37,0.0,0.375,0,715,0,0,-0.0003740800020750612,1.5413193702697754,1.5792310237884521,0.0009031572262756526,0.0,0.2218252718448639
137,guidance_0_capability_0_safety_0,1,-0.025966796900320332,57,0.375625,0.0,0.375,0,971,0,0,0.0001016072928905487,0.9189158082008362,1.5818164348602295,-0.0011804064270108938,0.0,0.2277122139930725
138,guidance_0_capability_0_safety_0,1,0.2496093736262992,58,0.406875,0.0,0.375,0,248,0,0,4.065254324814305e-05,13.168987274169922,1.574193000793457,0.0007933516753837466,0.0,0.2278359830379486
139,guidance_0_capability_0_safety_0,1,0.04964843668858521,58,0.55375,0.0,0.375,0,504,0,0,-0.002175813540816307,1.0509583950042725,1.586043119430542,0.0008457833901047707,0.0,0.22367386519908905
140,guidance_0_capability_0_safety_0,1,0.038994140584691195,58,0.679375,0.0,0.375,0,760,0,0,-0.004140656441450119,1.7783788442611694,1.5775372982025146,-0.0011101680574938655,0.0,0.2292148917913437
141,guidance_0_capability_0_safety_0,1,-0.012851562860305421,59,0.021875,0.0,0.0,0,16,0,0,-0.0010962560772895813,0.5655243396759033,1.570699691772461,-0.0012450891081243753,0.0,0.23703858256340027
142,guidance_0_capability_0_safety_0,1,0.09169921906141099,59,0.211875,0.0,0.125,0,272,0,0,0.001593239139765501,4.1216888427734375,1.5339922904968262,-0.0019101998768746853,0.0,0.25185102224349976
143,guidance_0_capability_0_safety_0,1,0.05177734287281055,59,0.346875,0.0,0.125,0,528,0,0,-0.0006632583099417388,3.0810647010803223,1.54086434841156,-0.0007878880714997649,0.0,0.2487969994544983
144,guidance_0_capability_0_safety_0,1,0.0030957027956901584,59,0.389375,0.0,0.125,0,784,0,0,-0.0006524563650600612,0.708470344543457,1.53897225856781,-0.00038701901212334633,0.0,0.2468041181564331
145,guidance_0_capability_0_safety_0,1,0.08826171885448275,60,0.09125,0.0,0.375,0,40,0,0,-0.001344257965683937,5.233202934265137,1.5490773916244507,5.834968760609627e-05,0.0,0.2464444637298584
146,guidance_0_capability_0_safety_0,1,0.15583007726309006,60,0.40375,0.0,0.375,0,296,0,0,0.0003299848176538944,4.293884754180908,1.545109748840332,-0.0006958665326237679,0.0,0.24797827005386353
147,guidance_0_capability_0_safety_0,1,0.12079101669951342,60,0.625,0.0,0.625,0,552,0,0,-0.0004037435573991388,2.9672064781188965,1.5477619171142578,-0.0001357634027954191,0.0,0.250972181558609
148,guidance_0_capability_0_safety_0,1,0.024189453059079824,60,0.706875,0.0,0.75,0,808,0,0,-0.004379627760499716,0.8722010850906372,1.565094232559204,-0.0014079404063522816,0.0,0.23552069067955017
149,guidance_0_capability_0_safety_0,1,-0.010292969051079126,61,0.02,0.0,0.0,0,71,0,0,-0.0010647699236869812,0.7180657386779785,1.5709311962127686,0.0030351958703249693,0.0,0.23500624299049377
150,guidance_0_capability_0_safety_0,1,0.09444335855005193,61,0.17125,0.0,0.25,0,327,0,0,-0.0007140695815905929,2.7696433067321777,1.557677984237671,0.0010533834574744105,0.0,0.23981915414333344
151,guidance_0_capability_0_safety_0,1,0.06713867152211606,61,0.305,0.0,0.375,0,583,0,0,0.00016780602163635194,3.0457887649536133,1.5718201398849487,-9.782317647477612e-05,0.0,0.23420393466949463
152,guidance_0_capability_0_safety_0,1,-0.014492187732685125,61,0.319375,0.0,0.375,0,839,0,0,-0.00033859661198221147,0.6809314489364624,1.5801661014556885,0.00028464183560572565,0.0,0.22741985321044922
153,guidance_0_capability_0_safety_0,1,0.09857421755077667,62,0.176875,0.0,0.125,0,95,0,0,-0.00037470864481292665,3.699946403503418,1.5833806991577148,0.00011608703061938286,0.0,0.2253073900938034
154,guidance_0_capability_0_safety_0,1,0.14958007880704827,62,0.39375,0.0,0.625,0,351,0,0,-0.00013832251715939492,6.104302406311035,1.5798462629318237,-0.00018911095685325563,0.0,0.22912923991680145
155,guidance_0_capability_0_safety_0,1,0.003701171801367309,62,0.451875,0.0,0.625,0,607,0,0,-0.0003914988483302295,0.7354803681373596,1.5832970142364502,-0.00011101567361038178,0.0,0.2275734841823578
156,guidance_0_capability_0_safety_0,1,0.0026464845104783308,62,0.5,0.0,0.75,0,863,0,0,-0.0009384714066982269,0.5267045497894287,1.5986016988754272,-0.0006998341414146125,0.0,0.22240814566612244
157,guidance_0_capability_0_safety_0,1,0.05986328120343387,63,0.1125,0.0,0.25,0,119,0,0,-0.001357104629278183,2.3606224060058594,1.5813109874725342,0.0005331489956006408,0.0,0.22640535235404968
158,guidance_0_capability_0_safety_0,1,0.09959960839842097,63,0.269375,0.0,0.625,0,375,0,0,-0.0009128398960456252,3.396951913833618,1.581037998199463,0.00021989038214087486,0.0,0.22944961488246918
159,guidance_0_capability_0_safety_0,1,0.10035156124649802,63,0.484375,0.0,0.625,0,631,0,0,-0.001558670774102211,3.622713565826416,1.585033893585205,0.0007300333818420768,0.0,0.22866195440292358
160,guidance_0_capability_0_safety_0,1,-0.01849609393684659,63,0.501875,0.0,0.625,0,887,0,0,-0.0003927198122255504,0.701001763343811,1.588341236114502,-3.754642602871172e-05,0.0,0.22520725429058075
161,guidance_0_capability_0_safety_0,1,0.1515039036203234,64,0.235,0.0,0.5,0,143,0,0,0.00016655369836371392,11.344827651977539,1.588125228881836,-7.951709994813427e-05,0.0,0.22497276961803436
162,guidance_0_capability_0_safety_0,1,0.12626953077779035,64,0.463125,0.0,0.75,0,399,0,0,-0.00015606328088324517,3.0752644538879395,1.584916114807129,-0.0001398737949784845,0.0,0.22662828862667084
163,guidance_0_capability_0_safety_0,1,0.05583984312397661,64,0.610625,0.0,0.75,0,655,0,0,-0.003437398700043559,0.893221914768219,1.5962445735931396,0.0011606286279857159,0.0,0.2238832414150238
164,guidance_0_capability_0_safety_0,1,-0.005810546885186341,64,0.658125,0.0,0.75,0,911,0,0,-0.00028122588992118835,0.47106510400772095,1.6068077087402344,0.001073656021617353,0.0,0.2219294309616089
165,guidance_0_capability_0_safety_0,1,0.13019531049212674,65,0.240625,0.0,0.125,0,238,0,0,0.001111350255087018,5.622127532958984,1.5854899883270264,-0.0007611367618665099,0.0,0.22989845275878906
166,guidance_0_capability_0_safety_0,1,0.06765624944819137,65,0.398125,0.0,0.25,0,494,0,0,-0.0045027583837509155,2.6609058380126953,1.5902503728866577,0.0021385636646300554,0.0,0.22934894263744354
167,guidance_0_capability_0_safety_0,1,0.13955078143044375,65,0.63,0.0,0.625,0,750,0,0,0.0009926644852384925,5.793571472167969,1.5968360900878906,-0.001635282183997333,0.0,0.22548572719097137
168,guidance_0_capability_0_safety_0,1,0.03593749876017682,66,0.01375,0.0,0.0,0,6,0,0,-0.0009169631521217525,2.00477933883667,1.59109628200531,0.001823779079131782,0.0,0.2274264097213745
169,guidance_0_capability_0_safety_0,1,0.21627929629175924,66,0.39,0.0,0.25,0,262,0,0,0.00011107636237284169,5.637921333312988,1.5693835020065308,-0.00045896306983195245,0.0,0.23857669532299042
170,guidance_0_capability_0_safety_0,1,0.11204101449402515,66,0.5825,0.0,0.625,0,518,0,0,-0.0006229402497410774,5.730915069580078,1.5718715190887451,-0.0007463676738552749,0.0,0.23781991004943848
171,guidance_0_capability_0_safety_0,1,0.0783593730739085,66,0.739375,0.0,0.875,0,774,0,0,-0.0007217511301860213,4.745748519897461,1.585498571395874,0.0001229066401720047,0.0,0.22877100110054016
172,guidance_0_capability_0_safety_0,1,0.11612304695154307,67,0.065625,0.0,0.25,0,30,0,0,-0.0009635171736590564,3.538297414779663,1.5781383514404297,-0.00025694817304611206,0.0,0.23444953560829163
173,guidance_0_capability_0_safety_0,1,0.15351562477007974,67,0.35625,0.0,0.375,0,286,0,0,3.280428791185841e-05,3.0169272422790527,1.558882713317871,-0.0003177131002303213,0.0,0.23656050860881805
174,guidance_0_capability_0_safety_0,1,0.11614257624023594,67,0.57,0.0,0.625,0,542,0,0,-0.0006688594585284591,4.437956809997559,1.5686630010604858,0.0009715287014842033,0.0,0.23686611652374268
175,guidance_0_capability_0_safety_0,1,0.022636717971181497,67,0.675625,0.0,0.625,0,798,0,0,-0.00018932390958070755,1.6842212677001953,1.583095908164978,0.00014019587251823395,0.0,0.23193129897117615
176,guidance_0_capability_0_safety_0,1,-0.026376953261205927,68,0.04,0.0,0.0,0,54,0,0,-0.00016261420387309045,2.25480580329895,1.5822277069091797,0.0008110208436846733,0.0,0.2324109971523285
177,guidance_0_capability_0_safety_0,1,0.16571289073181106,68,0.295625,0.0,0.5,0,310,0,0,-0.00014080728578846902,7.9306182861328125,1.5634346008300781,0.00020194286480545998,0.0,0.2363327443599701
178,guidance_0_capability_0_safety_0,1,0.04679687450698111,68,0.42375,0.0,0.625,0,566,0,0,-0.0005430157179944217,3.04209041595459,1.574281930923462,-0.00034139928175136447,0.0,0.23013585805892944
179,guidance_0_capability_0_safety_0,1,-0.008027344199945219,68,0.48,0.0,0.625,0,822,0,0,-0.00025789099163375795,1.3714087009429932,1.5928024053573608,8.06557945907116e-05,0.0,0.23477154970169067
180,guidance_0_capability_0_safety_0,1,0.06618163885286776,69,0.116875,0.0,0.25,0,78,0,0,-0.00015775207430124283,2.9500114917755127,1.5849040746688843,-0.00019378184515517205,0.0,0.22762998938560486
181,guidance_0_capability_0_safety_0,1,0.08335937431547791,69,0.3,0.0,0.375,0,334,0,0,-0.0015464720781892538,2.8652188777923584,1.5704014301300049,-0.00015095420530997217,0.0,0.23105578124523163
182,guidance_0_capability_0_safety_0,1,0.13037109171636985,69,0.551875,0.0,0.5,0,590,0,0,-0.0002928720787167549,5.523312568664551,1.5813252925872803,8.317362517118454e-05,0.0,0.2337418496608734
183,guidance_0_capability_0_safety_0,1,0.044443358907301445,69,0.668125,0.0,0.625,0,846,0,0,-0.0006361116538755596,2.36268949508667,1.5851010084152222,0.00048216572031378746,0.0,0.2276611626148224
184,guidance_0_capability_0_safety_0,1,0.094433593647409,70,0.109375,0.0,0.375,0,102,0,0,-0.0016993157332763076,4.574405670166016,1.5837225914001465,-0.00029235798865556717,0.0,0.22727331519126892
185,guidance_0_capability_0_safety_0,1,0.14520507738779997,70,0.3675,0.0,0.625,0,358,0,0,-0.0005994147504679859,3.9164071083068848,1.5657262802124023,0.00011555540550034493,0.0,0.2410370409488678
186,guidance_0_capability_0_safety_0,1,0.03513671823020559,70,0.4925,0.0,0.625,0,614,0,0,-0.00046257334179244936,1.393906831741333,1.578818678855896,0.0003379504196345806,0.0,0.23199769854545593
187,guidance_0_capability_0_safety_0,1,0.003339843424328137,70,0.561875,0.0,0.625,0,870,0,0,-0.0010782331228256226,0.7940337061882019,1.5812740325927734,-0.0001617198286112398,0.0,0.2359939068555832
188,guidance_0_capability_0_safety_0,1,0.053564451227430254,71,0.13375,0.0,0.0,0,126,0,0,-0.0007791630923748016,1.2476346492767334,1.571891188621521,-0.0004924500244669616,0.0,0.2348538488149643
189,guidance_0_capability_0_safety_0,1,0.07401367085549282,71,0.31625,0.0,0.0,0,382,0,0,-0.0006012780359014869,1.915950059890747,1.5597842931747437,-0.00010926974937319756,0.0,0.23740717768669128
190,guidance_0_capability_0_safety_0,1,0.15073242037033197,71,0.55125,0.0,0.5,0,638,0,0,-0.0005730133270844817,5.0660858154296875,1.5838031768798828,-0.0008085019653663039,0.0,0.23208948969841003
191,guidance_0_capability_0_safety_0,1,0.07984374937586836,71,0.706875,0.0,0.625,0,894,0,0,0.00025725801242515445,3.7806992530822754,1.5986309051513672,-0.00034612417221069336,0.0,0.22712546586990356
192,guidance_0_capability_0_safety_0,1,0.152197263771086,72,0.254375,0.0,0.25,0,150,0,0,-0.00019171244639437646,5.522828102111816,1.5948331356048584,0.0007862210040912032,0.0,0.23039129376411438
193,guidance_0_capability_0_safety_0,1,0.229667967196292,72,0.62375,0.0,0.625,0,406,0,0,-2.4653971195220947e-05,7.4529008865356445,1.5993297100067139,0.0001317864953307435,0.0,0.22978965938091278
194,guidance_0_capability_0_safety_0,1,0.008691405746503733,72,0.6975,0.0,0.625,0,662,0,0,-0.00012444208550732583,1.679670810699463,1.604315161705017,0.00013078066695015877,0.0,0.22668634355068207
195,guidance_0_capability_0_safety_0,1,-0.0157812504839967,72,0.730625,0.0,0.625,0,918,0,0,-0.00033860839903354645,0.4129408597946167,1.606050968170166,-5.557294934988022e-05,0.0,0.21995143592357635
196,guidance_0_capability_0_safety_0,1,0.06448242039550678,73,0.10625,0.0,0.25,0,174,0,0,-0.0013467086246237159,3.279911518096924,1.5944831371307373,0.00022787942725699395,0.0,0.22359536588191986
197,guidance_0_capability_0_safety_0,1,0.08905273321943241,73,0.241875,0.0,0.625,0,430,0,0,-0.0035787723027169704,4.173669815063477,1.5887925624847412,0.0009817597456276417,0.0,0.2262624204158783
198,guidance_0_capability_0_safety_0,1,0.07527343683614163,73,0.42125,0.0,0.625,0,686,0,0,-0.0017916588112711906,1.533769130706787,1.5997552871704102,0.001155527075752616,0.0,0.2243245542049408
199,guidance_0_capability_0_safety_0,1,-0.029824218778230716,73,0.42125,0.0,0.625,0,942,0,0,0.00011597387492656708,1.3323713541030884,1.598905324935913,0.0018725332338362932,0.0,0.22113695740699768
200,guidance_0_capability_0_safety_0,1,0.16848632644177997,74,0.22625,0.0,0.25,0,198,0,0,-0.0014796347822993994,5.463179588317871,1.5704429149627686,-5.274033173918724e-05,0.0,0.2396574318408966
201,guidance_0_capability_0_safety_0,1,0.009707030694698915,74,0.288125,0.0,0.25,0,454,0,0,-8.804227400105447e-05,2.348414897918701,1.5703046321868896,0.00017688020307105035,0.0,0.24495188891887665
202,guidance_0_capability_0_safety_0,1,0.12845703028870048,74,0.521875,0.0,0.5,0,710,0,0,-0.000348841305822134,4.209380149841309,1.5839133262634277,-0.0005166487535461783,0.0,0.23956909775733948
203,guidance_0_capability_0_safety_0,1,-0.0013378906587604433,74,0.5525,0.0,0.625,0,966,0,0,-0.0008679523016326129,0.7011500597000122,1.592247724533081,0.00016231198969762772,0.0,0.231315016746521
204,guidance_0_capability_0_safety_0,1,0.059999999532010406,75,0.163125,0.0,0.0,0,222,0,0,-9.70217733993195e-05,4.874237060546875,1.5740957260131836,0.0008450750028714538,0.0,0.23947939276695251
205,guidance_0_capability_0_safety_0,1,0.10765624924533768,75,0.3375,0.0,0.375,0,478,0,0,-0.00040794507367536426,6.380623817443848,1.5851162672042847,0.0006210458232089877,0.0,0.23219367861747742
206,guidance_0_capability_0_safety_0,1,0.03063476490569883,75,0.45,0.0,0.375,0,734,0,0,-0.0006748034502379596,1.52043616771698,1.5985581874847412,-0.00016504270024597645,0.0,0.22197678685188293
207,guidance_0_capability_0_safety_0,1,0.13199218433510396,75,0.703125,0.0,0.5,0,990,0,0,-8.891926700016484e-05,7.172503471374512,1.6113700866699219,0.00035869050770998,0.0,0.226199209690094
208,guidance_0_capability_0_safety_0,1,0.25910156200188794,76,0.36875,0.0,0.625,0,246,0,0,-0.00032117622322402894,8.73824405670166,1.5799564123153687,-0.00032015409669838846,0.0,0.2291381061077118
209,guidance_0_capability_0_safety_0,1,0.07567382779961918,76,0.5425,0.0,0.625,0,502,0,0,-0.0009914565598592162,1.8323054313659668,1.592624545097351,0.00016279441479127854,0.0,0.23135238885879517
210,guidance_0_capability_0_safety_0,1,0.06322265561539098,76,0.709375,0.0,0.625,0,758,0,0,-0.00011128622281830758,2.088226318359375,1.5941178798675537,-0.000586827693041414,0.0,0.2308170199394226
211,guidance_0_capability_0_safety_0,1,0.07426757749635726,77,0.143125,0.0,0.125,0,111,0,0,-0.0011709053069353104,2.133179187774658,1.5985997915267944,0.00020782602950930595,0.0,0.22889387607574463
212,guidance_0_capability_0_safety_0,1,0.06710937478783308,77,0.30875,0.0,0.125,0,367,0,0,-0.001507385983131826,3.3333230018615723,1.5893683433532715,-0.0006963954074308276,0.0,0.2318439930677414
213,guidance_0_capability_0_safety_0,1,0.014501952467981027,77,0.3925,0.0,0.125,0,623,0,0,-0.0004932498559355736,2.472426652908325,1.5975587368011475,0.0003267984720878303,0.0,0.221083864569664
214,guidance_0_capability_0_safety_0,1,0.1266406230715802,77,0.608125,0.0,0.5,0,879,0,0,-0.00017774633306544274,7.919040679931641,1.6062655448913574,-0.00045805424451828003,0.0,0.22154907882213593
215,guidance_0_capability_0_safety_0,1,0.09770507782377535,78,0.110625,0.0,0.25,0,135,0,0,-0.0007139932131394744,2.7334237098693848,1.5986617803573608,0.0004379238816909492,0.0,0.2201642096042633
216,guidance_0_capability_0_safety_0,1,0.1529199210635852,78,0.3825,0.0,0.5,0,391,0,0,-0.0005244609783403575,2.561511278152466,1.583563208580017,-0.0002838505315594375,0.0,0.23080001771450043
217,guidance_0_capability_0_safety_0,1,0.04359375088461093,78,0.5025,0.0,0.625,0,647,0,0,-0.0009304838022217155,2.135174512863159,1.5894197225570679,0.0007568588480353355,0.0,0.22423933446407318
218,guidance_0_capability_0_safety_0,1,0.04901367134516477,78,0.62375,0.0,0.75,0,903,0,0,-0.0008360414649359882,2.219717502593994,1.5961732864379883,3.748138988157734e-05,0.0,0.22407159209251404
219,guidance_0_capability_0_safety_0,1,0.20878906130747055,80,0.225,0.0,0.5,0,151,0,0,-0.00034455707645975053,18.490764617919922,1.5740382671356201,-0.0005404173280112445,0.0,0.2327938675880432
220,guidance_0_capability_0_safety_0,1,0.08481445143115707,80,0.43,0.0,0.5,0,407,0,0,-0.0010944576933979988,1.1732512712478638,1.5662860870361328,1.5050949514261447e-05,0.0,0.23020824790000916
221,guidance_0_capability_0_safety_0,1,0.07222656166413799,80,0.614375,0.0,0.5,0,663,0,0,-0.0011278397869318724,2.5366368293762207,1.5744318962097168,-0.0009682466043159366,0.0,0.22770249843597412
222,guidance_0_capability_0_safety_0,1,0.038505858788994374,81,0.02875,0.0,0.0,0,12,0,0,-0.0023515108041465282,2.6448051929473877,1.5885686874389648,0.001057285349816084,0.0,0.22326791286468506
223,guidance_0_capability_0_safety_0,1,0.2039648440113524,81,0.38625,0.0,0.25,0,268,0,0,-1.8306387573829852e-05,7.144270896911621,1.5665476322174072,0.0025569070130586624,0.0,0.22845694422721863
224,guidance_0_capability_0_safety_0,1,0.08387695201963652,81,0.58625,0.0,0.25,0,524,0,0,-0.000694972462952137,1.05042564868927,1.5728492736816406,-8.641881868243217e-05,0.0,0.2277774065732956
225,guidance_0_capability_0_safety_0,1,0.10522460849460913,81,0.765625,0.0,0.625,0,780,0,0,-0.00101470947265625,5.751824378967285,1.5742067098617554,0.00014002667739987373,0.0,0.22874198853969574
226,guidance_0_capability_0_safety_0,1,0.04275390580005478,82,0.07625,0.0,0.0,0,36,0,0,-0.0013551656156778336,0.9930623769760132,1.5739173889160156,0.0002884248679038137,0.0,0.23115497827529907
227,guidance_0_capability_0_safety_0,1,0.05679687432711944,82,0.23625,0.0,0.0,0,292,0,0,-0.001095968997105956,4.424413204193115,1.540188193321228,0.002199941547587514,0.0,0.23759578168392181
228,guidance_0_capability_0_safety_0,1,0.22722656093537807,82,0.556875,0.0,0.75,0,548,0,0,0.0013045871164649725,10.937687873840332,1.548814296722412,0.0005410180310718715,0.0,0.24107448756694794
229,guidance_0_capability_0_safety_0,1,0.030947264480346348,82,0.654375,0.0,0.875,0,804,0,0,-3.2597221434116364e-05,3.1896910667419434,1.5565303564071655,0.00026730558602139354,0.0,0.24071073532104492
230,guidance_0_capability_0_safety_0,1,0.12928710654523456,83,0.178125,0.0,0.5,0,79,0,0,-0.00024807019508443773,8.520612716674805,1.5532697439193726,0.00017076591029763222,0.0,0.2409457564353943
231,guidance_0_capability_0_safety_0,1,0.13768554600028438,83,0.444375,0.0,0.625,0,335,0,0,-0.0011340929195284843,2.758725166320801,1.5369939804077148,-0.00042014787322841585,0.0,0.24884936213493347
232,guidance_0_capability_0_safety_0,1,0.019199218237190507,83,0.545,0.0,0.625,0,591,0,0,-0.00046978890895843506,1.669578194618225,1.5461477041244507,0.0001027500256896019,0.0,0.24256086349487305
233,guidance_0_capability_0_safety_0,1,0.10702148270502221,83,0.78625,0.0,0.625,0,847,0,0,-8.815915498416871e-05,3.05173921585083,1.5663468837738037,2.580462023615837e-05,0.0,0.24160310626029968
234,guidance_0_capability_0_safety_0,1,0.13167968750349246,84,0.186875,0.0,0.375,0,103,0,0,-0.00025174146867357194,5.04937219619751,1.5523896217346191,-0.0003319690003991127,0.0,0.24896876513957977
235,guidance_0_capability_0_safety_0,1,0.11662109274766408,84,0.435625,0.0,0.375,0,359,0,0,-0.0020149117335677147,1.6415073871612549,1.5433170795440674,0.0011033357586711645,0.0,0.2512715458869934
236,guidance_0_capability_0_safety_0,1,0.00850585939042503,84,0.494375,0.0,0.5,0,615,0,0,0.001077317981980741,3.455519199371338,1.5623784065246582,0.0011218846775591373,0.0,0.23417608439922333
237,guidance_0_capability_0_safety_0,1,0.05126953067519935,84,0.60875,0.0,0.625,0,871,0,0,-0.0008778690244071186,2.535815715789795,1.5757675170898438,-0.00016402934852521867,0.0,0.23343569040298462
238,guidance_0_capability_0_safety_0,1,0.1171777333584032,86,0.18625,0.0,0.375,0,119,0,0,-0.0008835854823701084,12.855521202087402,1.5674265623092651,-0.0008681612089276314,0.0,0.2313975989818573
239,guidance_0_capability_0_safety_0,1,0.050673827459831955,86,0.316875,0.0,0.5,0,375,0,0,-0.0004235428641550243,4.058996677398682,1.5699081420898438,-0.0003993326681666076,0.0,0.23708069324493408
240,guidance_0_capability_0_safety_0,1,0.062089843217108864,86,0.485,0.0,0.5,0,631,0,0,-0.0013440519105643034,1.3699746131896973,1.572776198387146,0.0003559555334504694,0.0,0.2402862310409546
241,guidance_0_capability_0_safety_0,1,0.06903320254059508,86,0.64625,0.0,0.625,0,887,0,0,-0.0015813854988664389,3.2438008785247803,1.5838680267333984,0.0009544520871713758,0.0,0.23156587779521942
242,guidance_0_capability_0_safety_0,1,0.10713867091544671,87,0.139375,0.0,0.0,0,143,0,0,-0.00019836239516735077,2.9018821716308594,1.564690113067627,0.00022531719878315926,0.0,0.23737138509750366
243,guidance_0_capability_0_safety_0,1,0.13276367021899205,87,0.384375,0.0,0.25,0,399,0,0,-0.0016105037648230791,5.021086692810059,1.554433822631836,0.00015780485409777611,0.0,0.24650895595550537
244,guidance_0_capability_0_safety_0,1,0.022734374535502866,87,0.490625,0.0,0.25,0,655,0,0,0.0002381596714258194,3.3423492908477783,1.5520687103271484,0.0007882061181589961,0.0,0.23906736075878143
245,guidance_0_capability_0_safety_0,1,-0.004648437447031029,87,0.519375,0.0,0.5,0,911,0,0,-0.00010956327605526894,2.573651075363159,1.5553758144378662,-0.0010576953645795584,0.0,0.24529895186424255
246,guidance_0_capability_0_safety_0,1,0.14523437464958988,88,0.2625,0.0,0.25,0,167,0,0,-0.0004444324295036495,5.232588768005371,1.5433273315429688,8.477488154312596e-05,0.0,0.2468300312757492
247,guidance_0_capability_0_safety_0,1,0.14480468800320523,88,0.52,0.0,0.5,0,423,0,0,-0.0008148493943735957,4.314510345458984,1.5372695922851562,0.00023558674729429185,0.0,0.24839556217193604
248,guidance_0_capability_0_safety_0,1,0.09781249896332156,88,0.71,0.0,0.75,0,679,0,0,-0.0004366571083664894,3.2253146171569824,1.5471875667572021,0.00023801656789146364,0.0,0.246175616979599
249,guidance_0_capability_0_safety_0,1,-0.005332031621946953,88,0.784375,0.0,0.75,0,935,0,0,-0.00035718720755539834,2.447028636932373,1.555590033531189,0.0002974546514451504,0.0,0.23950287699699402
250,guidance_0_capability_0_safety_0,1,0.17767577928316314,89,0.265625,0.0,0.625,0,222,0,0,-0.0002911612391471863,12.20368766784668,1.5250872373580933,0.00026086875004693866,0.0,0.25085777044296265
251,guidance_0_capability_0_safety_0,1,0.10086913962732069,89,0.47875,0.0,0.75,0,478,0,0,-0.0005997304688207805,3.0720653533935547,1.5306942462921143,1.2202343896206003e-05,0.0,0.25081270933151245
252,guidance_0_capability_0_safety_0,1,0.019101562749710865,89,0.573125,0.0,0.75,0,734,0,0,-0.00027492456138134,0.9426921606063843,1.5411218404769897,-0.00037170047289691865,0.0,0.2438279390335083
253,guidance_0_capability_0_safety_0,1,0.07646484288852662,89,0.7625,0.0,0.75,0,990,0,0,-0.0007783947512507439,2.870201826095581,1.5560948848724365,4.7857565732556395e-06,0.0,0.24129728972911835
254,guidance_0_capability_0_safety_0,1,0.19565429483918706,90,0.326875,0.0,0.375,0,246,0,0,-6.315515929600224e-05,4.2079949378967285,1.524989128112793,9.281560778617859e-06,0.0,0.2559715509414673
255,guidance_0_capability_0_safety_0,1,0.1320996078175085,90,0.540625,0.0,0.75,0,502,0,0,-0.0005679106106981635,2.7106223106384277,1.539015769958496,-0.00010211626067757607,0.0,0.23938493430614471
256,guidance_0_capability_0_safety_0,1,0.034677733812713996,90,0.6475,0.0,0.875,0,758,0,0,0.00013764979667030275,1.796295166015625,1.5392370223999023,0.00044911494478583336,0.0,0.24759475886821747
257,guidance_0_capability_0_safety_0,1,0.050585936158313416,91,0.03375,0.0,0.0,0,14,0,0,-3.159232437610626e-05,2.102141857147217,1.5441374778747559,0.00020943069830536842,0.0,0.24318699538707733
258,guidance_0_capability_0_safety_0,1,0.21028320024197455,91,0.40125,0.0,0.25,0,270,0,0,-0.000778254761826247,3.8950724601745605,1.51500403881073,0.00010875302541535348,0.0,0.24979543685913086
259,guidance_0_capability_0_safety_0,1,0.18873046681983396,91,0.735625,0.0,0.5,0,526,0,0,-1.780378397597815e-06,3.869708299636841,1.5261038541793823,-0.0005851871101185679,0.0,0.2564191222190857
260,guidance_0_capability_0_safety_0,1,0.002587889517599251,91,0.795625,0.0,0.625,0,782,0,0,-0.00017096164810936898,2.830601453781128,1.5334136486053467,-0.00032857805490493774,0.0,0.2501034140586853
261,guidance_0_capability_0_safety_0,1,0.058310545718995854,92,0.071875,0.0,0.0,0,38,0,0,-0.000891107483766973,1.6631938219070435,1.532959222793579,0.00037384236929938197,0.0,0.2430822253227234
262,guidance_0_capability_0_safety_0,1,0.2405566411325708,92,0.443125,0.0,0.5,0,294,0,0,-0.0001495607866672799,7.244173049926758,1.5087140798568726,0.0008675369317643344,0.0,0.2542344331741333
263,guidance_0_capability_0_safety_0,1,0.024843749415595084,92,0.553125,0.0,0.5,0,550,0,0,-0.000663862272631377,1.573232889175415,1.5230424404144287,0.00032929162262007594,0.0,0.26054883003234863
264,guidance_0_capability_0_safety_0,1,-0.013378906332945917,92,0.599375,0.0,0.5,0,806,0,0,-0.0007788955117575824,0.8731358647346497,1.5325076580047607,-3.840898716589436e-05,0.0,0.2519248127937317
265,guidance_0_capability_0_safety_0,1,0.13392578017374035,94,0.13,0.0,0.125,0,57,0,0,0.00021866150200366974,12.029228210449219,1.5237905979156494,0.00014096344239078462,0.0,0.25829893350601196
266,guidance_0_capability_0_safety_0,1,0.12327148349140771,94,0.365625,0.0,0.25,0,313,0,0,-0.0012905355542898178,3.050896167755127,1.50564706325531,1.4455213204200845e-05,0.0,0.26862967014312744
267,guidance_0_capability_0_safety_0,1,0.07018554605019744,94,0.523125,0.0,0.375,0,569,0,0,-0.0013516431208699942,1.6843645572662354,1.5053472518920898,0.00034789153141900897,0.0,0.26548051834106445
268,guidance_0_capability_0_safety_0,1,-0.010205077996943146,94,0.565625,0.0,0.375,0,825,0,0,-0.0003348216414451599,0.7974623441696167,1.5078352689743042,0.00010800470772664994,0.0,0.2602333724498749
269,guidance_0_capability_0_safety_0,1,0.10434570157667622,95,0.03625,0.0,0.0,0,81,0,0,-0.00044085722765885293,8.704105377197266,1.4952386617660522,0.0004205821896903217,0.0,0.26608529686927795
270,guidance_0_capability_0_safety_0,1,0.22760742037644377,95,0.39125,0.0,0.5,0,337,0,0,-0.0004599945095833391,9.09203815460205,1.4594820737838745,-0.0002894698118325323,0.0,0.29172956943511963
271,guidance_0_capability_0_safety_0,1,0.1295996060653124,95,0.650625,0.0,0.625,0,593,0,0,-0.0008424175903201103,3.092386245727539,1.4758281707763672,0.00015009350317995995,0.0,0.28008604049682617
272,guidance_0_capability_0_safety_0,1,0.054560546748689376,95,0.7575,0.0,0.875,0,849,0,0,-0.001267928397282958,2.3935391902923584,1.4811553955078125,-0.0003742136468645185,0.0,0.2785170376300812
273,guidance_0_capability_0_safety_0,1,0.05282226511189947,96,0.1575,0.0,0.0,0,105,0,0,-0.0008618822321295738,1.7971138954162598,1.4523638486862183,-0.0009867886546999216,0.0,0.29523372650146484
274,guidance_0_capability_0_safety_0,1,0.01578124954539817,96,0.235,0.0,0.125,0,361,0,0,-0.00017584767192602158,4.311588764190674,1.4212688207626343,0.00037274882197380066,0.0,0.30908524990081787
275,guidance_0_capability_0_safety_0,1,0.0061621089989785105,96,0.315625,0.0,0.125,0,617,0,0,-0.0005043200217187405,3.006178855895996,1.4331982135772705,6.477193437604001e-06,0.0,0.30564844608306885
276,guidance_0_capability_0_safety_0,1,0.10257812360941898,96,0.456875,0.0,0.75,0,873,0,0,-0.0007225681911222637,8.49763011932373,1.4416422843933105,0.000909827183932066,0.0,0.29281195998191833
277,guidance_0_capability_0_safety_0,1,0.1470117183343973,97,0.260625,0.0,0.375,0,151,0,0,0.00026156986132264137,5.18966007232666,1.4089090824127197,0.000250945653533563,0.0,0.31389838457107544
278,guidance_0_capability_0_safety_0,1,0.01931640638213139,97,0.325,0.0,0.625,0,407,0,0,-0.00017951428890228271,2.946239471435547,1.3979076147079468,0.000231017213081941,0.0,0.31930768489837646
279,guidance_0_capability_0_safety_0,1,0.06853515568218427,97,0.498125,0.0,0.625,0,663,0,0,-0.003302917582914233,1.8031368255615234,1.4446637630462646,-0.0008035823702812195,0.0,0.2917107939720154
280,guidance_0_capability_0_safety_0,1,0.09330078068887815,97,0.6825,0.0,0.75,0,919,0,0,-0.0006310977041721344,3.0356884002685547,1.48776376247406,-0.0003483284672256559,0.0,0.2751563787460327
281,guidance_0_capability_0_safety_0,1,0.1317968741277582,98,0.225,0.0,0.125,0,184,0,0,-0.002550775185227394,2.541175127029419,1.485397219657898,0.0015564735513180494,0.0,0.28265345096588135
282,guidance_0_capability_0_safety_0,1,0.13861327880294994,98,0.498125,0.0,0.25,0,440,0,0,0.00029145553708076477,3.988278865814209,1.4889025688171387,-0.0004898239858448505,0.0,0.2711974084377289
283,guidance_0_capability_0_safety_0,1,0.15644531011639629,98,0.78875,0.0,0.5,0,696,0,0,-0.0012447694316506386,4.275773048400879,1.503710150718689,-0.0006810015765950084,0.0,0.27096787095069885
284,guidance_0_capability_0_safety_0,1,-0.006748046973370947,98,0.84375,0.0,0.5,0,952,0,0,0.0010764909675344825,2.009463310241699,1.5133880376815796,-0.0007882750360295177,0.0,0.2684946060180664
285,guidance_0_capability_0_safety_0,1,0.09833984290162334,99,0.195,0.0,0.0,0,208,0,0,-0.001139317057095468,2.887594699859619,1.4848883152008057,-0.0001489945425419137,0.0,0.2717829644680023
286,guidance_0_capability_0_safety_0,1,0.14112304635636974,100,0.306875,0.0,0.25,0,231,0,0,-0.00023013602185528725,20.733964920043945,1.4754197597503662,0.000769500620663166,0.0,0.28126049041748047
287,guidance_0_capability_0_safety_0,1,0.056220702557766344,100,0.468125,0.0,0.25,0,487,0,0,-6.857576954644173e-05,3.273123025894165,1.4850718975067139,1.6637146472930908e-05,0.0,0.26881760358810425
288,guidance_0_capability_0_safety_0,1,0.1316210935365234,100,0.7125,0.0,0.5,0,743,0,0,-0.0003978585300501436,4.2365922927856445,1.5038502216339111,-0.00042266197851859033,0.0,0.27614229917526245
289,guidance_0_capability_0_safety_0,1,0.005605468071735231,100,0.780625,0.0,0.625,0,999,0,0,-0.0003905777703039348,1.3017317056655884,1.514927864074707,0.0005652943509630859,0.0,0.25188684463500977
290,guidance_0_capability_0_safety_0,1,0.21723632602515863,103,0.130625,0.0,0.125,0,59,0,0,-0.0015436250250786543,24.08032989501953,1.4651355743408203,0.0010894725564867258,0.0,0.2747918963432312
291,guidance_0_capability_0_safety_0,1,0.04292968704976374,103,0.26875,0.0,0.125,0,315,0,0,-0.0010107529815286398,2.9481325149536133,1.4625651836395264,0.0007903226651251316,0.0,0.28112900257110596
292,guidance_0_capability_0_safety_0,1,0.051884764834539965,103,0.4225,0.0,0.125,0,571,0,0,0.0001077981069101952,2.4560751914978027,1.4648685455322266,0.0007795072160661221,0.0,0.2821234166622162
293,guidance_0_capability_0_safety_0,1,-0.013027344219153747,103,0.4725,0.0,0.125,0,827,0,0,-0.0010117817437276244,0.8776832818984985,1.4855693578720093,0.0003197410551365465,0.0,0.26823875308036804
294,guidance_0_capability_0_safety_0,1,0.0940234363079071,104,0.17875,0.0,0.125,0,83,0,0,-3.938966983696446e-05,3.5625791549682617,1.4937419891357422,-0.0005688964738510549,0.0,0.25932466983795166
295,guidance_0_capability_0_safety_0,1,0.09979492066486273,104,0.390625,0.0,0.25,0,339,0,0,-0.0018343249103054404,3.0312447547912598,1.4827213287353516,0.0007842915947549045,0.0,0.280792236328125
296,guidance_0_capability_0_safety_0,1,-0.025400390644790605,104,0.420625,0.0,0.25,0,595,0,0,0.0014508124440908432,1.9742058515548706,1.502299189567566,0.0008941491832956672,0.0,0.26309460401535034
297,guidance_0_capability_0_safety_0,1,-0.021455078443977982,104,0.438125,0.0,0.375,0,851,0,0,-0.0002174613473471254,1.042992115020752,1.5260303020477295,0.0004567223077174276,0.0,0.2606123983860016
298,guidance_0_capability_0_safety_0,1,0.29874023177399067,105,0.199375,0.0,0.5,0,107,0,0,-0.0010231392225250602,21.210569381713867,1.54282546043396,0.0003808948094956577,0.0,0.25335967540740967
299,guidance_0_capability_0_safety_0,1,0.19289062268217094,105,0.54125,0.0,0.75,0,363,0,0,0.0002179310395149514,5.171725273132324,1.5358189344406128,2.937236331490567e-06,0.0,0.25284796953201294
300,guidance_0_capability_0_safety_0,1,0.06353515581577085,105,0.68875,0.0,0.875,0,619,0,0,-0.000295018166070804,1.2697573900222778,1.5484416484832764,4.7764431656105444e-05,0.0,0.25411349534988403
301,guidance_0_capability_0_safety_0,1,0.024384765834838618,105,0.801875,0.0,0.875,0,875,0,0,-0.0011982982978224754,1.9221901893615723,1.5518980026245117,0.0007319880533032119,0.0,0.24042269587516785
302,guidance_0_capability_0_safety_0,1,0.11425781098660082,106,0.23125,0.0,0.125,0,131,0,0,-0.0010937040206044912,3.723026752471924,1.5330060720443726,0.00037688048905692995,0.0,0.2634584307670593
303,guidance_0_capability_0_safety_0,1,0.12443359049939318,106,0.449375,0.0,0.5,0,387,0,0,-0.0014995892997831106,5.480854511260986,1.514939308166504,0.001175419776700437,0.0,0.2596450448036194
304,guidance_0_capability_0_safety_0,1,0.12365234122262336,106,0.679375,0.0,0.75,0,643,0,0,-0.00036049759364686906,2.2876393795013428,1.5077998638153076,0.0002551153302192688,0.0,0.2648300528526306
305,guidance_0_capability_0_safety_0,1,0.0012304682604735717,106,0.75125,0.0,0.75,0,899,0,0,-0.00028725963784381747,1.5752161741256714,1.5183594226837158,-6.0842685343232006e-05,0.0,0.26447901129722595
306,guidance_0_capability_0_safety_0,1,0.04040039045139565,107,0.118125,0.0,0.125,0,155,0,0,-0.003984942566603422,2.2712056636810303,1.488718867301941,0.00098571483977139,0.0,0.27132993936538696
307,guidance_0_capability_0_safety_0,1,0.1904296871725819,107,0.449375,0.0,0.375,0,411,0,0,-0.0004353684780653566,3.9495937824249268,1.4571913480758667,-0.0014053777558729053,0.0,0.2839631736278534
308,guidance_0_capability_0_safety_0,1,0.0693066391395405,107,0.61125,0.0,0.5,0,667,0,0,-0.0011337213218212128,3.299417734146118,1.4640554189682007,0.001313059008680284,0.0,0.26888734102249146
309,guidance_0_capability_0_safety_0,1,0.0011035144052584656,107,0.663125,0.0,0.625,0,923,0,0,-0.0011003471445292234,0.745453953742981,1.478841781616211,0.0005856023053638637,0.0,0.28417226672172546
310,guidance_0_capability_0_safety_0,1,0.14552734258177225,108,0.228125,0.0,0.25,0,179,0,0,-0.0019678170792758465,6.214080810546875,1.4586318731307983,0.0006885760230943561,0.0,0.2834373414516449
311,guidance_0_capability_0_safety_0,1,0.06372070172801614,108,0.36375,0.0,0.5,0,435,0,0,-0.00121983140707016,3.2932844161987305,1.4622275829315186,0.0008339958149008453,0.0,0.2769457697868347
312,guidance_0_capability_0_safety_0,1,0.03149413973733317,108,0.46625,0.0,0.625,0,691,0,0,-0.0036821728572249413,5.143928050994873,1.4930720329284668,0.003678734879940748,0.0,0.27767127752304077
313,guidance_0_capability_0_safety_0,1,0.09967773219977971,110,0.005625,0.0,0.0,0,0,0,0,0.0004068178532179445,10.082741737365723,1.523848533630371,-0.0002787928096950054,0.0,0.25623345375061035
314,guidance_0_capability_0_safety_0,1,0.19393554337875685,111,0.3575,0.0,0.375,0,252,0,0,-0.00021621957421302795,9.948375701904297,1.4933208227157593,0.0006621335633099079,0.0,0.26415586471557617
315,guidance_0_capability_0_safety_0,1,0.029208984298747964,111,0.46375,0.0,0.375,0,508,0,0,-0.00035937316715717316,2.407409429550171,1.506546974182129,0.00019858204177580774,0.0,0.25995728373527527
316,guidance_0_capability_0_safety_0,1,0.0038281242741504684,111,0.52125,0.0,0.5,0,764,0,0,-0.0008598954300396144,1.0932292938232422,1.5265147686004639,-0.00046133389696478844,0.0,0.24900275468826294
317,guidance_0_capability_0_safety_0,1,0.09028320168727078,112,0.038125,0.0,0.125,0,20,0,0,-0.000606125220656395,3.7832884788513184,1.5227370262145996,5.83818182349205e-05,0.0,0.2475755661725998
318,guidance_0_capability_0_safety_0,1,0.16504882539447863,112,0.35125,0.0,0.25,0,276,0,0,-0.00010725080210249871,4.233158111572266,1.500830054283142,-0.00029351795092225075,0.0,0.2578865587711334
319,guidance_0_capability_0_safety_0,1,0.07106445227691438,112,0.49625,0.0,0.5,0,532,0,0,-0.0012944487389177084,3.0890204906463623,1.526092529296875,8.651133248349652e-05,0.0,0.25131094455718994
320,guidance_0_capability_0_safety_0,1,0.13409179483278422,112,0.740625,0.0,0.75,0,788,0,0,-0.0005557680269703269,4.8109941482543945,1.5337424278259277,0.0007669284823350608,0.0,0.25424128770828247
321,guidance_0_capability_0_safety_0,1,0.002539061999414116,113,0.069375,0.0,0.0,0,44,0,0,-0.002072876086458564,1.4261008501052856,1.541688323020935,0.0003423939342610538,0.0,0.2498408555984497
322,guidance_0_capability_0_safety_0,1,0.09904296734021045,113,0.266875,0.0,0.125,0,300,0,0,-0.0019600363448262215,2.23840069770813,1.5190919637680054,-0.0003196750767529011,0.0,0.2552589774131775
323,guidance_0_capability_0_safety_0,1,0.15108398284064606,113,0.511875,0.0,0.5,0,556,0,0,-0.0015415953239426017,7.6347527503967285,1.5178008079528809,0.0006805031443946064,0.0,0.2513810098171234
324,guidance_0_capability_0_safety_0,1,-0.004423828395374585,113,0.5675,0.0,0.5,0,812,0,0,-0.0017470717430114746,0.39140328764915466,1.5234678983688354,0.0006445371545851231,0.0,0.24873273074626923
325,guidance_0_capability_0_safety_0,1,0.12180663786421064,114,0.11875,0.0,0.125,0,68,0,0,6.525001663248986e-05,4.518477439880371,1.5101730823516846,0.0010550690349191427,0.0,0.25517258048057556
326,guidance_0_capability_0_safety_0,1,0.10987304589070845,114,0.365,0.0,0.125,0,324,0,0,-0.0015774006024003029,3.0385818481445312,1.4965304136276245,-0.0006497885915450752,0.0,0.26432108879089355
327,guidance_0_capability_0_safety_0,1,-0.03440429714100901,114,0.38,0.0,0.125,0,580,0,0,-0.0020004375837743282,3.395259141921997,1.515692114830017,0.0002698951284401119,0.0,0.2508714199066162
328,guidance_0_capability_0_safety_0,1,0.11055663982551778,114,0.544375,0.0,0.625,0,836,0,0,-0.0008824182441458106,6.819268226623535,1.5243381261825562,0.0009627320687286556,0.0,0.24888408184051514
329,guidance_0_capability_0_safety_0,1,0.04461914002604317,115,0.08,0.0,0.0,0,92,0,0,-0.0019374042749404907,1.2799307107925415,1.5013246536254883,0.00012046409392496571,0.0,0.2613738179206848
330,guidance_0_capability_0_safety_0,1,0.13333984207565663,115,0.314375,0.0,0.25,0,348,0,0,0.0005760993808507919,5.568029403686523,1.475175142288208,-3.9120204746723175e-06,0.0,0.26762402057647705
331,guidance_0_capability_0_safety_0,1,0.11787109278520802,115,0.5475,0.0,0.375,0,604,0,0,-0.0007301652804017067,2.311828851699829,1.482785940170288,-0.00042083393782377243,0.0,0.27199408411979675
332,guidance_0_capability_0_safety_0,1,0.04063476494047791,115,0.681875,0.0,0.375,0,860,0,0,-0.002422188874334097,1.9008859395980835,1.4863637685775757,-5.4209183872444555e-05,0.0,0.2718052268028259
333,guidance_0_capability_0_safety_0,1,0.20781249649007805,116,0.189375,0.0,0.0,0,116,0,0,-0.0009756697108969092,7.5515313148498535,1.4686758518218994,0.00014562129217665642,0.0,0.2822229266166687
334,guidance_0_capability_0_safety_0,1,0.273212889325805,116,0.58375,0.0,0.75,0,372,0,0,0.0008468326996080577,8.236753463745117,1.4473388195037842,-0.0010148216970264912,0.0,0.28487393260002136
335,guidance_0_capability_0_safety_0,1,0.004990234185243025,116,0.648125,0.0,0.75,0,628,0,0,9.064562618732452e-05,2.457388162612915,1.4660863876342773,0.00017067030421458185,0.0,0.27873608469963074
336,guidance_0_capability_0_safety_0,1,-0.010791015538416104,116,0.680625,0.0,0.75,0,884,0,0,-0.000513694598339498,1.035590410232544,1.4770686626434326,-0.00013821029278915375,0.0,0.27894335985183716
337,guidance_0_capability_0_safety_0,1,0.07866210828797193,117,0.134375,0.0,0.125,0,140,0,0,-0.0004935609176754951,2.331083059310913,1.4701697826385498,0.00048346430412493646,0.0,0.2835397720336914
338,guidance_0_capability_0_safety_0,1,0.07258788925901172,117,0.271875,0.0,0.375,0,396,0,0,-0.0022203184198588133,1.8790569305419922,1.4650230407714844,0.0014836321352049708,0.0,0.2830713093280792
339,guidance_0_capability_0_safety_0,1,0.10909179731970653,117,0.471875,0.0,0.625,0,652,0,0,-0.000595145276747644,6.552912712097168,1.4807018041610718,0.0013164847623556852,0.0,0.2812330722808838
340,guidance_0_capability_0_safety_0,1,0.060058592789573595,117,0.62625,0.0,0.625,0,908,0,0,-0.0017358444165438414,2.2195537090301514,1.516932487487793,0.0011069969041272998,0.0,0.26042959094047546
341,guidance_0_capability_0_safety_0,1,0.16658203077531653,118,0.293125,0.0,0.25,0,164,0,0,-0.0013289604103192687,4.3438005447387695,1.5031464099884033,-0.0004055802710354328,0.0,0.2649974822998047
342,guidance_0_capability_0_safety_0,1,0.039140624401625246,118,0.4225,0.0,0.25,0,420,0,0,0.00021238563931547105,3.4425413608551025,1.5153745412826538,0.0003633410669863224,0.0,0.26435065269470215
343,guidance_0_capability_0_safety_0,1,0.1139941387809813,118,0.635625,0.0,0.5,0,676,0,0,-0.0009838247206062078,3.3061439990997314,1.530836820602417,0.001730840653181076,0.0,0.2635090947151184
344,guidance_0_capability_0_safety_0,1,-0.013935547209257493,118,0.666875,0.0,0.5,0,932,0,0,-0.0002653536794241518,1.1020623445510864,1.5443413257598877,-3.533500057528727e-05,0.0,0.2532174289226532
345,guidance_0_capability_0_safety_0,1,0.12431640435534064,119,0.24375,0.0,0.125,0,188,0,0,-0.001472699223086238,2.96956467628479,1.5211132764816284,0.0007765763439238071,0.0,0.26223284006118774
346,guidance_0_capability_0_safety_0,1,0.16433593626788934,119,0.525625,0.0,0.375,0,444,0,0,-0.0011248858645558357,4.8671650886535645,1.538393259048462,-9.038082498591393e-05,0.0,0.24753376841545105
347,guidance_0_capability_0_safety_0,1,-0.007333984758588485,119,0.5725,0.0,0.375,0,700,0,0,-0.0011276889126747847,2.114356279373169,1.5480626821517944,0.0005339839262887836,0.0,0.244444340467453
348,guidance_0_capability_0_safety_0,1,-0.010410156755824573,119,0.621875,0.0,0.375,0,956,0,0,-5.230090391705744e-05,1.030807614326477,1.548363447189331,-0.0001961863599717617,0.0,0.2534957528114319
349,guidance_0_capability_0_safety_0,1,0.18584960896259872,120,0.339375,0.0,0.125,0,212,0,0,-0.0003640723298303783,3.8792128562927246,1.5371317863464355,0.00035575544461607933,0.0,0.25177252292633057
350,guidance_0_capability_0_safety_0,1,0.06721679620386567,120,0.506875,0.0,0.125,0,468,0,0,-0.0008619452710263431,2.3481605052948,1.5495208501815796,-0.0009129702812060714,0.0,0.24992530047893524
351,guidance_0_capability_0_safety_0,1,0.057802733364951564,120,0.6175,0.0,0.375,0,724,0,0,-0.0019602773245424032,3.720485210418701,1.562822699546814,0.0008387294365093112,0.0,0.2428058385848999
352,guidance_0_capability_0_safety_0,1,0.04045898334879894,120,0.729375,0.0,0.5,0,980,0,0,-0.0005951952189207077,1.882800579071045,1.590336561203003,-0.0002666665241122246,0.0,0.23132412135601044
353,guidance_0_capability_0_safety_0,1,0.2574218734080205,121,0.40125,0.0,0.5,0,236,0,0,0.0003587308747228235,8.281768798828125,1.5819084644317627,3.136399755021557e-05,0.0,0.23716652393341064
354,guidance_0_capability_0_safety_0,1,0.1310644506374956,121,0.6175,0.0,0.875,0,492,0,0,-0.0011837852653115988,3.6395347118377686,1.592517614364624,0.0005187861388549209,0.0,0.2329302728176117
355,guidance_0_capability_0_safety_0,1,0.04846679697584477,121,0.755,0.0,0.875,0,748,0,0,-0.0006935478886589408,3.300022840499878,1.6111717224121094,0.00032052150345407426,0.0,0.22432956099510193
356,guidance_0_capability_0_safety_0,1,-0.0053320316364988685,122,0.009375,0.0,0.0,0,4,0,0,-0.0017686150968074799,0.8807297945022583,1.6234407424926758,0.00038158800452947617,0.0,0.22050157189369202
357,guidance_0_capability_0_safety_0,1,0.17184570238168817,122,0.308125,0.0,0.25,0,260,0,0,-0.000952377449721098,5.44175386428833,1.5913801193237305,0.0002020628598984331,0.0,0.2247360795736313
358,guidance_0_capability_0_safety_0,1,0.01878906188358087,122,0.406875,0.0,0.25,0,516,0,0,-0.0009131779661402106,2.7644541263580322,1.599893569946289,-0.0010468339314684272,0.0,0.21697811782360077
359,guidance_0_capability_0_safety_0,1,0.08541991930906079,122,0.556875,0.0,0.5,0,772,0,0,-0.0012911375379189849,3.0950000286102295,1.5983537435531616,0.0003997472522314638,0.0,0.22667048871517181
360,guidance_0_capability_0_safety_0,1,0.07862304457376013,123,0.064375,0.0,0.125,0,28,0,0,-0.0011176116531714797,1.4792661666870117,1.6012805700302124,-0.0006112413248047233,0.0,0.22912395000457764
361,guidance_0_capability_0_safety_0,1,0.27020507372071734,123,0.5075,0.0,0.5,0,284,0,0,0.0009351584012620151,5.093740463256836,1.5717918872833252,-0.00015875775716267526,0.0,0.24080029129981995
362,guidance_0_capability_0_safety_0,1,0.09199218689172994,123,0.684375,0.0,0.75,0,540,0,0,-0.0027338024228811264,2.667121410369873,1.5804691314697266,-0.00019620607781689614,0.0,0.23369066417217255
363,guidance_0_capability_0_safety_0,1,0.012363280719000613,123,0.755625,0.0,0.75,0,796,0,0,-0.0014168936759233475,0.6527214646339417,1.5852067470550537,0.0013996418565511703,0.0,0.22843974828720093
364,guidance_0_capability_0_safety_0,1,0.027187499228602974,125,0.098125,0.0,0.0,0,43,0,0,-0.0005671692779287696,10.16472053527832,1.584883689880371,0.0007933354936540127,0.0,0.23064935207366943
365,guidance_0_capability_0_safety_0,1,0.1392675765491731,125,0.325625,0.0,0.375,0,299,0,0,-0.004428965039551258,3.5622804164886475,1.5674933195114136,0.0005206841742619872,0.0,0.23188847303390503
366,guidance_0_capability_0_safety_0,1,0.16238280809557182,125,0.575625,0.0,0.875,0,555,0,0,-3.1072027013578918e-06,6.52571964263916,1.561483383178711,0.002119500655680895,0.0,0.2307904064655304
367,guidance_0_capability_0_safety_0,1,0.032119140083523234,125,0.679375,0.0,0.875,0,811,0,0,-0.002169086365029216,2.030817985534668,1.5617402791976929,0.002593170152977109,0.0,0.23179642856121063
368,guidance_0_capability_0_safety_0,1,0.16806640393770067,126,0.15,0.0,0.0,0,67,0,0,-0.002341458573937416,4.731560707092285,1.55887770652771,0.0017974467482417822,0.0,0.2297869175672531
369,guidance_0_capability_0_safety_0,1,0.09199218644789653,126,0.325625,0.0,0.25,0,323,0,0,-0.0007395620341412723,3.5801339149475098,1.5371359586715698,0.0006790108745917678,0.0,0.244155153632164
370,guidance_0_capability_0_safety_0,1,0.025878905391437,126,0.418125,0.0,0.375,0,579,0,0,0.0001666176540311426,3.1184909343719482,1.5424938201904297,-0.0005913687637075782,0.0,0.2380254864692688
371,guidance_0_capability_0_safety_0,1,0.10097656109428499,126,0.630625,0.0,0.5,0,835,0,0,-0.0017964900471270084,7.108933448791504,1.5563039779663086,0.0009655808098614216,0.0,0.23514306545257568
372,guidance_0_capability_0_safety_0,1,0.16419921593478648,127,0.17875,0.0,0.0,0,91,0,0,-0.001055438071489334,3.987433433532715,1.5376390218734741,0.0011459336383268237,0.0,0.24090032279491425
373,guidance_0_capability_0_safety_0,1,0.04480468662950443,127,0.31875,0.0,0.0,0,347,0,0,7.664816075703129e-05,3.36234712600708,1.537123203277588,0.000436415895819664,0.0,0.24047546088695526
374,guidance_0_capability_0_safety_0,1,0.05173828010447323,127,0.433125,0.0,0.25,0,603,0,0,-0.0010016513988375664,5.4908246994018555,1.5218466520309448,0.0010854501742869616,0.0,0.24526619911193848
375,guidance_0_capability_0_safety_0,1,0.028398436450515874,127,0.545625,0.0,0.25,0,859,0,0,-0.0005502176354639232,1.7478926181793213,1.5503123998641968,0.0002852144534699619,0.0,0.2401096671819687
376,guidance_0_capability_0_safety_0,1,0.11292968650377588,128,0.189375,0.0,0.0,0,115,0,0,-0.0013902811333537102,2.127553701400757,1.5136011838912964,0.00011093076318502426,0.0,0.25043267011642456
377,guidance_0_capability_0_safety_0,1,0.05269531197700417,128,0.33375,0.0,0.0,0,371,0,0,-0.0013098639901727438,1.8568439483642578,1.527026653289795,-0.00018584977078717202,0.0,0.24312721192836761
378,guidance_0_capability_0_safety_0,1,0.08658202987862751,128,0.52,0.0,0.125,0,627,0,0,-0.0015801319386810064,4.022010803222656,1.515434741973877,0.0015352637274190784,0.0,0.25708723068237305
379,guidance_0_capability_0_safety_0,1,0.03097656129830284,128,0.611875,0.0,0.25,0,883,0,0,-0.0016850450774654746,1.3204926252365112,1.534815788269043,-0.0009136434528045356,0.0,0.2509625256061554
380,guidance_0_capability_0_safety_0,1,0.03635742076585302,129,0.125,0.0,0.0,0,139,0,0,-0.0004184022545814514,2.0652213096618652,1.5135869979858398,0.00032555111101828516,0.0,0.25005602836608887
381,guidance_0_capability_0_safety_0,1,0.2573046863399213,129,0.549375,0.0,0.375,0,395,0,0,0.00020952150225639343,9.77639102935791,1.541551113128662,-0.00020654810941778123,0.0,0.2431940734386444
382,guidance_0_capability_0_safety_0,1,0.0646484364697244,129,0.665625,0.0,0.75,0,651,0,0,-0.005547225475311279,1.5878589153289795,1.5565745830535889,0.0013790832599624991,0.0013020833721384406,0.24435123801231384
383,guidance_0_capability_0_safety_0,1,0.04734374849067535,129,0.7875,0.0,0.875,0,907,0,0,-0.0016813939437270164,2.098069429397583,1.584049105644226,-0.0006900336593389511,0.01302083395421505,0.22806863486766815
384,guidance_0_capability_0_safety_0,1,0.13322265539318323,130,0.244375,0.0,0.125,0,163,0,0,-0.0007024109363555908,1.5491873025894165,1.5794188976287842,0.0002844402042683214,0.0,0.22974662482738495
385,guidance_0_capability_0_safety_0,1,0.07069335912819952,130,0.388125,0.0,0.375,0,419,0,0,0.0006657926132902503,2.807058334350586,1.5880639553070068,-0.0006310489843599498,0.0,0.23174338042736053
386,guidance_0_capability_0_safety_0,1,0.13268554589740233,130,0.639375,0.0,0.5,0,675,0,0,-0.000553595251403749,3.745917797088623,1.6043729782104492,0.0007421967457048595,0.0,0.2214076966047287
387,guidance_0_capability_0_safety_0,1,-0.01069335953798145,130,0.65625,0.0,0.625,0,931,0,0,5.4506585001945496e-05,1.1713099479675293,1.6036021709442139,-0.00043224249384365976,0.0,0.22193823754787445
388,guidance_0_capability_0_safety_0,1,0.1878906233505404,131,0.27375,0.0,0.25,0,187,0,0,5.3418491006596014e-05,5.866994857788086,1.5922515392303467,0.00018943450413644314,0.0,0.2238563746213913
389,guidance_0_capability_0_safety_0,1,0.0967187483838643,131,0.443125,0.0,0.5,0,443,0,0,-0.0004148126463405788,4.466615676879883,1.5994818210601807,2.589775249361992e-05,0.0,0.22282013297080994
390,guidance_0_capability_0_safety_0,1,0.04612304605325335,131,0.55625,0.0,0.625,0,699,0,0,-0.0011189961805939674,1.8437472581863403,1.6032323837280273,-1.4072905287321191e-05,0.0,0.22022514045238495
391,guidance_0_capability_0_safety_0,1,-0.010537109152210178,131,0.578125,0.0,0.75,0,955,0,0,-0.0018657352775335312,0.4307829439640045,1.5979154109954834,0.000566704198718071,0.0,0.217707097530365
392,guidance_0_capability_0_safety_0,1,0.15628906116762664,132,0.249375,0.0,0.5,0,211,0,0,-0.0027322019450366497,4.86185359954834,1.5743036270141602,-0.001452096039429307,0.0,0.2291104644536972
393,guidance_0_capability_0_safety_0,1,0.14217773402197054,132,0.518125,0.0,0.625,0,467,0,0,-0.00042009292519651353,3.215620994567871,1.5700267553329468,0.00232126796618104,0.0,0.22538292407989502
394,guidance_0_capability_0_safety_0,1,0.05193359296026756,132,0.664375,0.0,0.625,0,723,0,0,-0.0018081780290231109,1.8804702758789062,1.5701106786727905,0.00033406028524041176,0.0,0.23331546783447266
395,guidance_0_capability_0_safety_0,1,-0.007431640933646122,132,0.70875,0.0,0.625,0,979,0,0,-0.003330682870000601,0.2846437692642212,1.5866830348968506,0.00024283770471811295,0.0,0.23213374614715576
396,guidance_0_capability_0_safety_0,1,0.17771484208788024,133,0.3125,0.0,0.25,0,235,0,0,0.0005019170930609107,4.297895431518555,1.588123083114624,0.002881576307117939,0.0,0.23082105815410614
397,guidance_0_capability_0_safety_0,1,0.025624999281717464,133,0.4225,0.0,0.25,0,491,0,0,0.002438945695757866,2.9556543827056885,1.6171040534973145,0.001235686126165092,0.0,0.22182798385620117
398,guidance_0_capability_0_safety_0,1,-0.04192382843757514,133,0.42375,0.0,0.25,0,747,0,0,0.00024844397557899356,1.536415696144104,1.6257632970809937,-0.0006724625709466636,0.0,0.21309106051921844
399,guidance_0_capability_0_safety_0,1,0.02108398392010713,134,0.00875,0.0,0.0,0,3,0,0,-0.001133070094510913,1.3019088506698608,1.6425970792770386,-0.000352039176505059,0.0,0.2080431878566742
400,guidance_0_capability_0_safety_0,1,0.26131835632259026,134,0.416875,0.0,0.5,0,259,0,0,-7.38326198188588e-05,8.879068374633789,1.626312017440796,-5.668107041856274e-05,0.0,0.21167561411857605
401,guidance_0_capability_0_safety_0,1,0.1332519507741381,134,0.626875,0.0,0.875,0,515,0,0,7.993759209057316e-05,5.129125118255615,1.6308543682098389,0.0003727849980350584,0.0,0.2131791114807129
402,guidance_0_capability_0_safety_0,1,0.009843749474384822,134,0.7025,0.0,0.875,0,771,0,0,-0.004845328629016876,0.6001501679420471,1.6374890804290771,0.000249314442044124,0.0,0.20915007591247559
403,guidance_0_capability_0_safety_0,1,0.05722656216676114,135,0.053125,0.0,0.0,0,27,0,0,0.0004699602723121643,2.3111977577209473,1.637995719909668,0.0013448133831843734,0.0,0.2111443281173706
404,guidance_0_capability_0_safety_0,1,0.23795898238313384,135,0.44375,0.0,0.375,0,283,0,0,-0.0002474061620887369,6.723250865936279,1.640869379043579,0.0010269414633512497,0.0,0.20845305919647217
405,guidance_0_capability_0_safety_0,1,0.08934570210112724,135,0.596875,0.0,0.75,0,539,0,0,-0.0011765116360038519,3.6390209197998047,1.6437453031539917,0.00048788980348035693,0.0,0.21198801696300507
406,guidance_0_capability_0_safety_0,1,0.0045996087428648025,135,0.66375,0.0,0.75,0,795,0,0,-0.000660805671941489,0.9609315991401672,1.6565659046173096,-6.556262815138325e-05,0.0,0.2035108208656311
407,guidance_0_capability_0_safety_0,1,0.1348144514777232,136,0.11125,0.0,0.125,0,51,0,0,-1.1196671039215289e-05,4.690872669219971,1.6454757452011108,-0.0005304884980432689,0.0,0.20936357975006104
408,guidance_0_capability_0_safety_0,1,0.06627929519163445,136,0.26625,0.0,0.25,0,307,0,0,-9.178929030895233e-05,2.9109010696411133,1.6430492401123047,0.00038607855094596744,0.0,0.20713236927986145
409,guidance_0_capability_0_safety_0,1,0.14036132659384748,136,0.495,0.0,0.625,0,563,0,0,-0.0002489769831299782,3.9077579975128174,1.6522948741912842,0.00029508149600587785,0.0,0.20906798541545868
410,guidance_0_capability_0_safety_0,1,0.04654296753142262,136,0.608125,0.0,0.75,0,819,0,0,-0.0019448725506663322,1.3792117834091187,1.653562307357788,0.0005723027279600501,0.0,0.2085389345884323
411,guidance_0_capability_0_safety_0,1,0.08770507734152488,137,0.165625,0.0,0.125,0,75,0,0,-0.0014719010796397924,3.3319568634033203,1.6439244747161865,0.0001549823209643364,0.0,0.20449921488761902
412,guidance_0_capability_0_safety_0,1,0.047392577911523404,137,0.298125,0.0,0.125,0,331,0,0,-0.00026440605870448053,2.958406925201416,1.6422733068466187,0.0009082810720428824,0.0,0.21068601310253143
413,guidance_0_capability_0_safety_0,1,0.1246484363473428,137,0.4875,0.0,0.625,0,587,0,0,-0.0010464871302247047,4.501077651977539,1.6414859294891357,-0.0003703571856021881,0.0,0.21012362837791443
414,guidance_0_capability_0_safety_0,1,0.1040917963218817,137,0.69125,0.0,0.75,0,843,0,0,-0.00043992482824251056,3.229889392852783,1.6432031393051147,-0.0006563263013958931,0.0,0.21001563966274261
415,guidance_0_capability_0_safety_0,1,0.12261718640002073,138,0.20875,0.0,0.125,0,99,0,0,-0.0010811028769239783,3.19589900970459,1.6277825832366943,-0.00044208206236362457,0.0,0.21734124422073364
416,guidance_0_capability_0_safety_0,1,0.15651367053214926,138,0.47625,0.0,0.375,0,355,0,0,-0.001393594196997583,5.369126796722412,1.6369041204452515,-0.0003863787278532982,0.0,0.21125519275665283
417,guidance_0_capability_0_safety_0,1,0.06541992101483629,138,0.618125,0.0,0.5,0,611,0,0,-0.00026670037186704576,1.5424726009368896,1.6277885437011719,-0.000102281104773283,0.0,0.21408037841320038
418,guidance_0_capability_0_safety_0,1,0.022480469226138666,138,0.691875,0.0,0.625,0,867,0,0,-0.0012009839992970228,1.109403133392334,1.6316595077514648,0.0003587016835808754,0.0,0.21206900477409363
419,guidance_0_capability_0_safety_0,1,0.1477636702984455,139,0.23,0.0,0.125,0,123,0,0,-9.04874614207074e-05,3.144442558288574,1.607060432434082,-0.0006217540940269828,0.0,0.216293066740036
420,guidance_0_capability_0_safety_0,1,0.11857421736931428,139,0.43,0.0,0.5,0,379,0,0,-0.004340250976383686,4.5784993171691895,1.6255998611450195,-0.0019895508885383606,0.0,0.21887046098709106
421,guidance_0_capability_0_safety_0,1,0.002011718272115104,139,0.480625,0.0,0.625,0,635,0,0,0.00010101310908794403,2.2433977127075195,1.6138103008270264,0.0009216321632266045,0.0,0.21608051657676697
422,guidance_0_capability_0_safety_0,1,0.07394531178215402,139,0.639375,0.0,0.75,0,891,0,0,6.142507481854409e-05,2.0279698371887207,1.632375717163086,-0.0008231584797613323,0.0,0.20903846621513367
423,guidance_0_capability_0_safety_0,1,0.09742187439405825,140,0.20625,0.0,0.125,0,147,0,0,-0.001639567082747817,1.9756150245666504,1.6181836128234863,0.0015041227452456951,0.0,0.21632930636405945
424,guidance_0_capability_0_safety_0,1,0.18852538861392532,140,0.51875,0.0,0.5,0,403,0,0,-0.0008342517539858818,3.869352340698242,1.6331580877304077,0.001106276293285191,0.0,0.2099369466304779
425,guidance_0_capability_0_safety_0,1,0.07583007752691628,140,0.655625,0.0,0.75,0,659,0,0,-0.0006471592932939529,2.2655200958251953,1.6353578567504883,-0.00037032918771728873,0.0,0.2155996412038803
426,guidance_0_capability_0_safety_0,1,-3.9063012081896886e-05,140,0.716875,0.0,0.75,0,915,0,0,-0.0005420520901679993,0.7427653074264526,1.6348836421966553,0.00037755840457975864,0.0,0.20944713056087494
427,guidance_0_capability_0_safety_0,1,0.1704589826076699,142,0.26125,0.0,0.125,0,160,0,0,0.0002395380288362503,17.44245147705078,1.6251472234725952,-0.0004098799545317888,0.0,0.21134400367736816
428,guidance_0_capability_0_safety_0,1,0.17480468774738256,142,0.525,0.0,0.75,0,416,0,0,-0.0001722518354654312,3.806102991104126,1.6295503377914429,0.00022223344421945512,0.0,0.20931681990623474
429,guidance_0_capability_0_safety_0,1,0.012646484250581125,142,0.583125,0.0,0.875,0,672,0,0,0.0001353919506072998,2.2469053268432617,1.6414647102355957,-0.0005325798410922289,0.0,0.21486300230026245
430,guidance_0_capability_0_safety_0,1,0.011406249817810021,142,0.66875,0.0,0.875,0,928,0,0,-0.0021890762727707624,0.6082025170326233,1.6226489543914795,0.0011651566019281745,0.0,0.22803986072540283
431,guidance_0_capability_0_safety_0,1,0.21130859367985977,144,0.3575,0.0,0.5,0,179,0,0,-0.0014819832285866141,13.470727920532227,1.6330945491790771,0.0008109381888061762,0.0,0.20751254260540009
432,guidance_0_capability_0_safety_0,1,0.02791015566981514,144,0.45625,0.0,0.5,0,435,0,0,8.187319326680154e-05,2.6239123344421387,1.6520026922225952,0.0011159381829202175,0.0,0.20691202580928802
433,guidance_0_capability_0_safety_0,1,0.05123046922381036,144,0.574375,0.0,0.625,0,691,0,0,-0.0012256053742021322,0.9861050844192505,1.6547884941101074,0.001886223442852497,0.0,0.20703205466270447
434,guidance_0_capability_0_safety_0,1,0.015888669673586264,144,0.6425,0.0,0.75,0,947,0,0,-0.005160427652299404,1.081920862197876,1.647523283958435,0.002445603720843792,0.0,0.20808276534080505
435,guidance_0_capability_0_safety_0,1,0.2196093727106927,145,0.3175,0.0,0.375,0,203,0,0,0.0008737904718145728,6.051563262939453,1.618657112121582,0.008010545745491982,0.0,0.21138784289360046
436,guidance_0_capability_0_safety_0,1,0.08029296762833837,145,0.493125,0.0,0.5,0,459,0,0,-0.003446616930887103,2.0462193489074707,1.6162495613098145,-0.00285148317925632,0.0,0.22528165578842163
437,guidance_0_capability_0_safety_0,1,0.03241210864507593,145,0.624375,0.0,0.625,0,715,0,0,-0.00027499347925186157,2.431156873703003,1.612197756767273,0.00043423986062407494,0.0,0.22177371382713318
438,guidance_0_capability_0_safety_0,1,0.0544238269503694,145,0.740625,0.0,0.875,0,971,0,0,-0.0003903880715370178,2.4305098056793213,1.6053504943847656,4.9678608775138855e-05,0.0,0.23239371180534363
439,guidance_0_capability_0_safety_0,1,0.17561523409676738,146,0.26875,0.0,0.125,0,227,0,0,-0.0006324869464151561,4.491263389587402,1.5739948749542236,0.001215652097016573,0.0,0.2378869354724884
440,guidance_0_capability_0_safety_0,1,0.0729003921005642,146,0.42875,0.0,0.25,0,483,0,0,-0.0017239486332982779,3.6364917755126953,1.5954370498657227,-0.0006483085453510284,0.0,0.2296891063451767
441,guidance_0_capability_0_safety_0,1,0.05429687301511876,146,0.573125,0.0,0.375,0,739,0,0,0.00029732505208812654,3.4725289344787598,1.5832438468933105,4.5716144086327404e-05,0.0,0.23509007692337036
442,guidance_0_capability_0_safety_0,1,0.040283202837599674,146,0.660625,0.0,0.625,0,995,0,0,-0.0007577607175335288,1.1047711372375488,1.59812331199646,-0.00036461063427850604,0.0,0.22753801941871643
443,guidance_0_capability_0_safety_0,1,0.1796386723362957,147,0.299375,0.0,0.375,0,251,0,0,-0.0006420981953851879,6.671285629272461,1.5536792278289795,0.00020800717175006866,0.0,0.24142864346504211
444,guidance_0_capability_0_safety_0,1,0.09444335760781541,147,0.489375,0.0,0.5,0,507,0,0,-7.465637463610619e-05,1.6433420181274414,1.5806764364242554,0.00020284314814489335,0.0,0.23864929378032684
445,guidance_0_capability_0_safety_0,1,-0.012900391418952495,147,0.535,0.0,0.5,0,763,0,0,-0.0011551871430128813,0.61611407995224,1.576669692993164,0.0005302842473611236,0.0,0.2386336773633957
446,guidance_0_capability_0_safety_0,1,0.05351562416035449,148,0.04625,0.0,0.0,0,19,0,0,-0.0013074176385998726,2.607388973236084,1.5950145721435547,0.001005160971544683,0.0,0.23744678497314453
447,guidance_0_capability_0_safety_0,1,0.10472656194178853,148,0.259375,0.0,0.125,0,275,0,0,-6.00662715442013e-05,4.300358772277832,1.5559759140014648,0.0007814060663804412,0.0,0.24269497394561768
448,guidance_0_capability_0_safety_0,1,-0.02338867295475211,148,0.3,0.0,0.125,0,531,0,0,-0.00017394530004821718,2.4313395023345947,1.5447585582733154,0.00017172563821077347,0.0,0.26119986176490784
449,guidance_0_capability_0_safety_0,1,0.14113281112440745,148,0.550625,0.0,0.375,0,787,0,0,0.0001494583411840722,5.502968788146973,1.6073187589645386,-0.0005681406473740935,0.0,0.2291320264339447
450,guidance_0_capability_0_safety_0,1,-0.022021485776349436,150,0.071875,0.0,0.0,0,37,0,0,-0.000772649422287941,8.384384155273438,1.556713342666626,-0.0003812986833509058,0.0,0.24922406673431396
451,guidance_0_capability_0_safety_0,1,0.10499023595184553,150,0.28625,0.0,0.125,0,293,0,0,-0.0007806951180100441,2.026665687561035,1.5556590557098389,-0.00044360198080539703,0.0,0.2489539384841919
452,guidance_0_capability_0_safety_0,1,-0.02678711013868451,150,0.30875,0.0,0.125,0,549,0,0,-0.0004446301609277725,0.8977028131484985,1.5665758848190308,-0.00019151547166984528,0.0,0.2417280375957489
453,guidance_0_capability_0_safety_0,1,0.15273437525320332,150,0.5975,0.0,0.25,0,805,0,0,-0.00015605054795742035,7.4158220291137695,1.6032235622406006,-0.0005391798913478851,0.0,0.2334766685962677
454,guidance_0_capability_0_safety_0,1,0.07872070194571279,151,0.1375,0.0,0.0,0,61,0,0,-0.00043976277811452746,2.1350808143615723,1.5759385824203491,-0.0003991536796092987,0.0,0.23788897693157196
455,guidance_0_capability_0_safety_0,1,0.15438476466806605,151,0.3925,0.0,0.375,0,317,0,0,-0.00025047612143680453,2.432769298553467,1.5700931549072266,2.222880721092224e-05,0.0,0.23414278030395508
456,guidance_0_capability_0_safety_0,1,0.01868163890321739,151,0.4725,0.0,0.5,0,573,0,0,-0.0007990493322722614,1.5136897563934326,1.5936851501464844,-0.00017025710258167237,0.0,0.23290006816387177
457,guidance_0_capability_0_safety_0,1,0.036289061841671355,151,0.599375,0.0,0.5,0,829,0,0,-0.001801209757104516,2.0672571659088135,1.582498550415039,0.00043375231325626373,0.0,0.23391525447368622
458,guidance_0_capability_0_safety_0,1,0.130263672745059,152,0.178125,0.0,0.125,0,85,0,0,-0.0010658310493454337,3.3406319618225098,1.5910791158676147,-0.0007627868326380849,0.0,0.22962769865989685
459,guidance_0_capability_0_safety_0,1,0.16846679642912932,153,0.2725,0.0,0.375,0,237,0,0,-0.0018255875911563635,12.2283296585083,1.5854737758636475,0.000151921616634354,0.0,0.23399290442466736
460,guidance_0_capability_0_safety_0,1,0.08434570342797088,153,0.451875,0.0,0.5,0,493,0,0,-0.0026248800568282604,2.528731107711792,1.5840952396392822,-0.0006544387433677912,0.0,0.23486328125
461,guidance_0_capability_0_safety_0,1,0.010068358347780304,153,0.5075,0.0,0.625,0,749,0,0,-0.007842990569770336,2.5317625999450684,1.5980911254882812,0.0006740984972566366,0.00390625,0.23707163333892822
462,guidance_0_capability_0_safety_0,1,0.09602539142360911,154,0.013125,0.0,0.0,0,5,0,0,-0.00310795521363616,7.2522783279418945,1.6368703842163086,-0.0015712087042629719,0.0,0.2219301164150238
463,guidance_0_capability_0_safety_0,1,0.2036035130113305,154,0.34125,0.0,0.375,0,261,0,0,0.0011159598361700773,3.332977771759033,1.5962799787521362,0.00043219421058893204,0.0,0.23002517223358154
464,guidance_0_capability_0_safety_0,1,0.11324218707886757,154,0.5625,0.0,0.5,0,517,0,0,-0.0017989275511354208,4.194170951843262,1.6205190420150757,-0.0009057518909685314,0.0,0.22071468830108643
465,guidance_0_capability_0_safety_0,1,0.12400390589755261,154,0.790625,0.0,0.75,0,773,0,0,7.92540013208054e-05,4.890639781951904,1.6249971389770508,0.0016066988464444876,0.0,0.217706561088562
466,guidance_0_capability_0_safety_0,1,0.009531249070278136,155,0.06375,0.0,0.0,0,29,0,0,-0.0010678328108042479,1.0523991584777832,1.614490270614624,0.00026250569499097764,0.0,0.2239958941936493
467,guidance_0_capability_0_safety_0,1,0.18636718699417543,155,0.41125,0.0,0.125,0,285,0,0,-0.002808673307299614,2.791109561920166,1.6096084117889404,-0.00048729870468378067,0.0,0.22880291938781738
468,guidance_0_capability_0_safety_0,1,0.08412109368146048,155,0.6,0.0,0.125,0,541,0,0,0.00047293491661548615,3.25966215133667,1.626427173614502,0.00203032698482275,0.0,0.21921710669994354
469,guidance_0_capability_0_safety_0,1,0.02957031095866114,155,0.666875,0.0,0.375,0,797,0,0,-0.00033106934279203415,1.640474557876587,1.60807204246521,-0.0007381003233604133,0.0,0.22812776267528534
470,guidance_0_capability_0_safety_0,1,0.06115234251046786,156,0.119375,0.0,0.25,0,53,0,0,-0.0017776163294911385,2.84519100189209,1.6235408782958984,-0.00030321325175464153,0.0,0.2145884484052658
471,guidance_0_capability_0_safety_0,1,0.17029296858527232,156,0.43875,0.0,0.375,0,309,0,0,-0.0007808469235897064,3.191952705383301,1.611100196838379,0.0001671422942308709,0.0,0.21810805797576904
472,guidance_0_capability_0_safety_0,1,0.11189453049519216,156,0.6125,0.0,0.75,0,565,0,0,-0.006001918576657772,1.4644007682800293,1.6199301481246948,0.004039835650473833,0.0,0.21482577919960022
473,guidance_0_capability_0_safety_0,1,0.01837890585375135,156,0.705,0.0,0.75,0,821,0,0,-0.0032514538615942,0.6429538726806641,1.5838826894760132,0.004250725731253624,0.0,0.22854195535182953
474,guidance_0_capability_0_safety_0,1,0.06579101566967438,157,0.081875,0.0,0.25,0,77,0,0,0.0025270588230341673,3.7277727127075195,1.5359153747558594,6.0736747400369495e-05,0.0,0.25818926095962524
475,guidance_0_capability_0_safety_0,1,0.20990234057535417,158,0.19625,0.0,0.125,0,127,0,0,0.00043217651546001434,13.213204383850098,1.5160186290740967,-0.0008149628411047161,0.0,0.26927828788757324
476,guidance_0_capability_0_safety_0,1,0.08336914134997642,158,0.35625,0.0,0.25,0,383,0,0,-0.00013337067503016442,3.351832866668701,1.5054283142089844,0.00039443204877898097,0.0,0.27003368735313416
477,guidance_0_capability_0_safety_0,1,0.056669921501452336,158,0.458125,0.0,0.5,0,639,0,0,-0.0002399235963821411,3.362208366394043,1.5040619373321533,2.1850381017429754e-05,0.0,0.2768533229827881
478,guidance_0_capability_0_safety_0,1,0.1442480479599908,160,0.30375,0.0,0.375,0,219,0,0,-0.0005513100768439472,19.59619903564453,1.5100860595703125,-0.00023985165171325207,0.0,0.2576404809951782
479,guidance_0_capability_0_safety_0,1,0.07806640601120307,160,0.485,0.0,0.375,0,475,0,0,-0.0014206550549715757,2.112527370452881,1.515920639038086,0.00011481670662760735,0.0,0.2703137993812561
480,guidance_0_capability_0_safety_0,1,0.04134765600247192,160,0.59875,0.0,0.375,0,731,0,0,-0.0018247461412101984,2.338207721710205,1.519296646118164,-0.00010612149344524369,0.0,0.2669358253479004
481,guidance_0_capability_0_safety_0,1,0.015605467957357178,160,0.673125,0.0,0.375,0,987,0,0,-0.0018486259505152702,2.2650821208953857,1.5266865491867065,-0.0019600021187216043,0.0,0.261378675699234
482,guidance_0_capability_0_safety_0,1,0.2149316391114553,162,0.334375,0.0,0.125,0,231,0,0,-0.0006706683780066669,13.699579238891602,1.5041358470916748,-0.0006406161701306701,0.0,0.2633097767829895
483,guidance_0_capability_0_safety_0,1,0.0668652328204189,162,0.473125,0.0,0.25,0,487,0,0,-0.002900149207562208,2.5116889476776123,1.5165975093841553,0.0004441023338586092,0.0,0.27013063430786133
484,guidance_0_capability_0_safety_0,1,0.04421875053594704,162,0.6125,0.0,0.25,0,743,0,0,-0.0017400223296135664,2.366621971130371,1.5164159536361694,0.0009294263436459005,0.0,0.26281678676605225
485,guidance_0_capability_0_safety_0,1,-0.020048828966537258,162,0.6525,0.0,0.25,0,999,0,0,-0.002352990908548236,2.180800437927246,1.5019102096557617,0.0009083448676392436,0.0,0.27446186542510986
486,guidance_0_capability_0_safety_0,1,0.19600585750231403,163,0.338125,0.0,0.25,0,255,0,0,-0.0018103336915373802,6.928903102874756,1.4930232763290405,0.0009848137851804495,0.0,0.267637699842453
487,guidance_0_capability_0_safety_0,1,0.08860351549083134,163,0.525625,0.0,0.5,0,511,0,0,-0.0024496689438819885,3.142941951751709,1.5189189910888672,0.0005045344587415457,0.0,0.26202914118766785
488,guidance_0_capability_0_safety_0,1,0.020214843632857082,163,0.615625,0.0,0.5,0,767,0,0,-0.0027722003869712353,1.2761127948760986,1.5258768796920776,-0.0010919219348579645,0.0,0.2641867995262146
489,guidance_0_capability_0_safety_0,1,-0.0009570319962222129,164,0.04,0.0,0.0,0,23,0,0,-0.0017296045552939177,0.9128887057304382,1.5402874946594238,0.0003469986841082573,0.0,0.25238797068595886
490,guidance_0_capability_0_safety_0,1,0.13901367208745796,164,0.254375,0.0,0.375,0,279,0,0,-0.00024164188653230667,2.9898788928985596,1.540642499923706,0.0009191161952912807,0.0,0.25090059638023376
491,guidance_0_capability_0_safety_0,1,0.07428710882595624,164,0.43,0.0,0.375,0,535,0,0,-0.0019503578078001738,2.4717459678649902,1.5403773784637451,0.0007928804843686521,0.0,0.25803181529045105
492,guidance_0_capability_0_safety_0,1,0.04111328110593604,164,0.554375,0.0,0.375,0,791,0,0,-0.0031217094510793686,2.8266658782958984,1.494655966758728,0.002294067293405533,0.0,0.2726442217826843
493,guidance_0_capability_0_safety_0,1,0.09247070334095042,165,0.028125,0.0,0.0,0,47,0,0,-0.001283198012970388,6.392971992492676,1.5242185592651367,0.0020821131765842438,0.0,0.2694675326347351
494,guidance_0_capability_0_safety_0,1,0.05871093735913746,165,0.185,0.0,0.0,0,303,0,0,-0.0016438092570751905,2.6014111042022705,1.4328054189682007,5.890894681215286e-05,0.0,0.3032401502132416
495,guidance_0_capability_0_safety_0,1,0.2263281245905091,165,0.471875,0.0,0.875,0,559,0,0,-0.00019580716616474092,11.171432495117188,1.4711536169052124,0.000519389461260289,0.0,0.29717469215393066
496,guidance_0_capability_0_safety_0,1,0.00036132735840510577,165,0.53625,0.0,0.875,0,815,0,0,-0.0014092314522713423,1.2635769844055176,1.4631813764572144,-0.0006161151686683297,0.0,0.2957141101360321
497,guidance_0_capability_0_safety_0,1,0.06728515488066478,166,0.118125,0.0,0.0,0,71,0,0,-0.0018697939813137054,1.1354130506515503,1.4965122938156128,0.0003247081767767668,0.0,0.27965816855430603
498,guidance_0_capability_0_safety_0,1,0.1583203148911707,166,0.37875,0.0,0.375,0,327,0,0,-0.001291759661398828,6.482875823974609,1.45375657081604,-0.00034684393904171884,0.0,0.2940514087677002
499,guidance_0_capability_0_safety_0,1,0.05408202955368324,166,0.509375,0.0,0.5,0,583,0,0,-0.0029618728440254927,2.197807550430298,1.451550841331482,4.741332304547541e-05,0.0,0.297394722700119
500,guidance_0_capability_0_safety_0,1,-0.006787110796722118,167,0.09125,0.0,0.125,0,40,0,0,-0.00014666467905044556,3.3035337924957275,1.478050947189331,0.0019048426765948534,0.0,0.28266358375549316
501,guidance_0_capability_0_safety_0,1,0.15979492208134616,167,0.328125,0.0,0.625,0,296,0,0,-0.0011003061663359404,3.0778965950012207,1.5136833190917969,-0.00028190063312649727,0.0,0.26377004384994507
502,guidance_0_capability_0_safety_0,1,0.034863281282014214,167,0.4425,0.0,0.625,0,552,0,0,-0.0005552610382437706,1.069009780883789,1.4982752799987793,0.0002379181532887742,0.0,0.26366496086120605
503,guidance_0_capability_0_safety_0,1,0.12523437474737875,168,0.273125,0.0,0.125,0,199,0,0,-0.00037463445914909244,4.5161614418029785,1.481422781944275,-0.001261129742488265,0.0,0.2780252993106842
504,guidance_0_capability_0_safety_0,1,0.1357910152655677,168,0.5325,0.0,0.25,0,455,0,0,-0.0007688335026614368,2.9190330505371094,1.4935029745101929,0.00014074062346480787,0.0,0.2691137194633484
505,guidance_0_capability_0_safety_0,1,0.03387695276614977,168,0.64375,0.0,0.25,0,711,0,0,-0.004181461408734322,0.64054274559021,1.4879754781723022,-0.0005230020615272224,0.0,0.27419430017471313
506,guidance_0_capability_0_safety_0,1,0.021894529683777364,168,0.68375,0.0,0.625,0,967,0,0,-0.0005256484146229923,2.7472567558288574,1.4130077362060547,0.004007813520729542,0.0,0.30466923117637634
507,guidance_0_capability_0_safety_0,1,0.0749511710346269,169,0.195,0.0,0.0,0,223,0,0,0.0006227282574400306,5.104952335357666,1.332068681716919,-0.00013698932889383286,0.0,0.3499389588832855
508,guidance_0_capability_0_safety_0,1,-0.0009667977428762242,169,0.286875,0.0,0.0,0,479,0,0,-0.0004500610230024904,5.789729595184326,1.3384827375411987,0.0005158524727448821,0.0,0.3424813151359558
509,guidance_0_capability_0_safety_0,1,0.04599609351134859,169,0.41875,0.0,0.125,0,735,0,0,-0.002657444914802909,1.4250156879425049,1.3512881994247437,-0.0019203517585992813,0.0,0.36308449506759644
510,guidance_0_capability_0_safety_0,1,0.02872070379089564,169,0.5025,0.0,0.25,0,991,0,0,-0.0007816792349331081,1.0084376335144043,1.3057039976119995,0.0012122250627726316,0.0,0.3622438311576843
511,guidance_0_capability_0_safety_0,1,0.17691406228550477,170,0.3225,0.0,0.125,0,247,0,0,-0.0018617697060108185,2.374770164489746,1.3334195613861084,0.0004829671233892441,0.0,0.35348790884017944
512,guidance_0_capability_0_safety_0,1,0.09660156054451363,170,0.5175,0.0,0.5,0,503,0,0,0.00024082418531179428,9.418854713439941,1.3651349544525146,-0.000556480314116925,0.0,0.34697335958480835
513,guidance_0_capability_0_safety_0,1,0.075996092899004,170,0.72375,0.0,0.625,0,759,0,0,-0.00015932321548461914,0.9335123300552368,1.3493621349334717,-0.0007656679372303188,0.0,0.35610732436180115
514,guidance_0_capability_0_safety_0,1,0.0006738276133546606,171,0.035,0.0,0.0,0,15,0,0,-0.004114161711186171,0.3775268793106079,1.3543552160263062,0.001387963304296136,0.0,0.3353409171104431
515,guidance_0_capability_0_safety_0,1,0.2655859374499414,171,0.450625,0.0,0.5,0,271,0,0,-0.0017762721981853247,6.226945877075195,1.2642414569854736,-0.00047072971938177943,0.0,0.38848239183425903
516,guidance_0_capability_0_safety_0,1,0.028261718227440724,171,0.55,0.0,0.5,0,527,0,0,-0.0011479610111564398,4.038437843322754,1.2771203517913818,0.0004189356113784015,0.0,0.37524300813674927
517,guidance_0_capability_0_safety_0,1,0.027294921506836545,171,0.645625,0.0,0.625,0,783,0,0,-0.004620385821908712,1.0897732973098755,1.2812654972076416,0.0004041579959448427,0.0,0.37671196460723877
518,guidance_0_capability_0_safety_0,1,0.017148435708804755,172,0.08875,0.0,0.375,0,39,0,0,0.0006050476804375648,1.470795750617981,1.2922728061676025,0.0046821413561701775,0.0,0.3795369863510132
519,guidance_0_capability_0_safety_0,1,0.2500781245107646,172,0.504375,0.0,0.625,0,295,0,0,0.00029752342379651964,4.571377277374268,1.3000493049621582,0.0010737457778304815,0.0,0.37514764070510864
520,guidance_0_capability_0_safety_0,1,0.05229492156286142,172,0.641875,0.0,0.625,0,551,0,0,-0.0016506094252690673,1.428678274154663,1.3194005489349365,0.00013213776401244104,0.0,0.35328957438468933
521,guidance_0_capability_0_safety_0,1,-0.051503908820450306,172,0.676875,0.0,0.75,0,807,0,0,-0.0013948127161711454,2.0095362663269043,1.321204662322998,0.0005586963961832225,0.0,0.36006054282188416
522,guidance_0_capability_0_safety_0,1,0.24075195333352895,173,0.37875,0.0,0.625,0,252,0,0,-0.00017920385289471596,9.312034606933594,1.3230558633804321,0.0008392507443204522,0.0,0.3734157979488373
523,guidance_0_capability_0_safety_0,1,0.03939453131897608,173,0.495625,0.0,0.625,0,508,0,0,-0.0018666948890313506,3.1210923194885254,1.3330129384994507,-0.00048698182217776775,0.0,0.36914896965026855
524,guidance_0_capability_0_safety_0,1,-0.009492187473369995,173,0.53,0.0,0.625,0,764,0,0,-0.0012684909161180258,0.6064221858978271,1.3207786083221436,-0.00015215188614092767,0.0,0.3572807312011719
525,guidance_0_capability_0_safety_0,1,0.03643554731388576,174,0.045625,0.0,0.0,0,20,0,0,-0.00038322340697050095,1.5453404188156128,1.2921606302261353,-8.245635399362072e-05,0.0,0.3752400279045105
526,guidance_0_capability_0_safety_0,1,0.2071679697764921,175,0.171875,0.0,0.25,0,82,0,0,-0.0007953314925543964,20.734909057617188,1.2813551425933838,0.0002214497362729162,0.0,0.38288629055023193
527,guidance_0_capability_0_safety_0,1,0.06841796799199074,175,0.31,0.0,0.375,0,338,0,0,-0.0004025317612104118,3.0300488471984863,1.2939153909683228,4.2942043364746496e-05,0.0,0.3895382285118103
528,guidance_0_capability_0_safety_0,1,0.09548828043989488,175,0.474375,0.0,0.625,0,594,0,0,-0.0002094171941280365,5.871486663818359,1.303764820098877,0.0004049648414365947,0.0,0.37446555495262146
529,guidance_0_capability_0_safety_0,1,0.007119140751456143,175,0.535625,0.0,0.625,0,850,0,0,-0.00151687185280025,0.6696367263793945,1.2888556718826294,-0.00024566822685301304,0.0,0.3712106943130493
530,guidance_0_capability_0_safety_0,1,0.12476562609663233,176,0.176875,0.0,0.375,0,106,0,0,-0.0001473225129302591,3.570364475250244,1.3202344179153442,0.00010522470984142274,0.0,0.354669451713562
531,guidance_0_capability_0_safety_0,1,0.15017578039260115,176,0.449375,0.0,0.5,0,362,0,0,-0.001296057365834713,2.2145490646362305,1.3211846351623535,0.0009020806173793972,0.0,0.3711068332195282
532,guidance_0_capability_0_safety_0,1,0.028720703056023922,176,0.543125,0.0,0.5,0,618,0,0,-0.0003058419970329851,2.4546093940734863,1.3415005207061768,0.0004803863703273237,0.0,0.3630242943763733
533,guidance_0_capability_0_safety_0,1,0.04502929752925411,176,0.634375,0.0,0.75,0,874,0,0,-0.0009875062387436628,1.588848352432251,1.3391714096069336,-8.014030754566193e-07,0.0,0.3638269901275635
534,guidance_0_capability_0_safety_0,1,0.1278710933693219,177,0.189375,0.0,0.125,0,130,0,0,-0.0011473301565274596,1.6765164136886597,1.3263707160949707,0.0008590209181420505,0.0,0.3661211431026459
535,guidance_0_capability_0_safety_0,1,0.2051757814224402,177,0.498125,0.0,0.625,0,386,0,0,-0.000977130956016481,4.082598686218262,1.3498880863189697,0.0008047993178479373,0.0,0.3538675308227539
536,guidance_0_capability_0_safety_0,1,0.002656249729625415,177,0.57,0.0,0.625,0,642,0,0,4.283773523638956e-05,3.1385385990142822,1.3530023097991943,-5.273490023682825e-05,0.0,0.3442099094390869
537,guidance_0_capability_0_safety_0,1,-0.021660156548023224,177,0.58125,0.0,0.625,0,898,0,0,-0.00018406349408905953,0.8265497088432312,1.3734440803527832,-0.00013808324001729488,0.0,0.34361720085144043
538,guidance_0_capability_0_safety_0,1,0.10526367101556389,179,0.228125,0.0,0.25,0,139,0,0,-0.001634247018955648,17.467140197753906,1.3824586868286133,0.0004873114521615207,0.0,0.33106550574302673
539,guidance_0_capability_0_safety_0,1,0.15958007627705229,179,0.495625,0.0,0.5,0,395,0,0,-0.0014521032571792603,2.5464961528778076,1.4192705154418945,-0.001514570671133697,0.0,0.30277058482170105
540,guidance_0_capability_0_safety_0,1,0.021308593426510924,179,0.55875,0.0,0.625,0,651,0,0,0.00039339502109214664,1.795544147491455,1.4415993690490723,-0.002061073435470462,0.0,0.28656691312789917
541,guidance_0_capability_0_safety_0,1,0.014316405744466465,179,0.615,0.0,0.75,0,907,0,0,-0.0006041591987013817,0.9217380881309509,1.4371519088745117,0.00046664554974995553,0.0,0.3107231855392456
542,guidance_0_capability_0_safety_0,1,0.17010742360071163,180,0.3075,0.0,0.125,0,163,0,0,-0.0007347927312366664,2.9115304946899414,1.4501069784164429,0.0006862012087367475,0.0,0.3106311857700348
543,guidance_0_capability_0_safety_0,1,0.1534277353239304,182,0.325,0.0,0.25,0,233,0,0,-0.00035600241972133517,26.074954986572266,1.4598872661590576,0.00014984514564275742,0.0,0.2918829917907715
544,guidance_0_capability_0_safety_0,1,0.01184570326222456,182,0.386875,0.0,0.375,0,489,0,0,-0.0005173785611987114,2.5854480266571045,1.4857072830200195,0.00013117384514771402,0.0,0.2855382561683655
545,guidance_0_capability_0_safety_0,1,0.061601560992130544,182,0.500625,0.0,0.625,0,745,0,0,-0.0016389199299737811,5.8665032386779785,1.4798672199249268,-0.0010340556036680937,0.0,0.27784866094589233
546,guidance_0_capability_0_safety_0,1,0.03457031201469363,183,0.00625,0.0,0.0,0,1,0,0,-0.00044685168541036546,1.5589547157287598,1.4958900213241577,0.0005387230194173753,0.0,0.2815937101840973
547,guidance_0_capability_0_safety_0,1,0.29129883043060545,183,0.436875,0.0,0.625,0,257,0,0,-2.65704784396803e-05,6.369427680969238,1.4905070066452026,-0.0006259199581108987,0.0,0.269197940826416
548,guidance_0_capability_0_safety_0,1,0.07924804582216893,183,0.599375,0.0,0.75,0,513,0,0,-0.0018586348742246628,2.264465570449829,1.5019073486328125,0.0008957408717833459,0.0,0.2709859609603882
549,guidance_0_capability_0_safety_0,1,-0.024335937912837835,183,0.616875,0.0,0.75,0,769,0,0,-0.0009228500421158969,0.6341530680656433,1.5195679664611816,-1.7499862224212848e-05,0.0,0.26559919118881226
550,guidance_0_capability_0_safety_0,1,0.052333983265270945,184,0.05625,0.0,0.0,0,25,0,0,-0.0018036332912743092,1.596066951751709,1.4853932857513428,-0.0008458863012492657,0.0,0.2699882686138153
551,guidance_0_capability_0_safety_0,1,0.08049804597976618,184,0.305,0.0,0.0,0,281,0,0,0.00041355472058057785,4.1625542640686035,1.4714274406433105,0.0013846841175109148,0.0,0.27174586057662964
552,guidance_0_capability_0_safety_0,1,0.1612988287160988,184,0.560625,0.0,0.375,0,537,0,0,-0.0004485684330575168,3.585177183151245,1.5084857940673828,0.0001551407331135124,0.0,0.2674185037612915
553,guidance_0_capability_0_safety_0,1,0.03675781164201908,184,0.645,0.0,0.625,0,793,0,0,-0.0019308108603581786,1.6545257568359375,1.4874267578125,0.0001520337536931038,0.0,0.28268295526504517
554,guidance_0_capability_0_safety_0,1,0.04766601501614787,185,0.1025,0.0,0.0,0,49,0,0,-0.0013539772480726242,0.8775365352630615,1.4967262744903564,-0.0009820557897910476,0.0,0.2694074809551239
555,guidance_0_capability_0_safety_0,1,0.24794921848297236,185,0.46625,0.0,0.625,0,305,0,0,-5.554221570491791e-05,5.393311023712158,1.4964792728424072,0.0006165992235764861,0.0,0.2753242552280426
556,guidance_0_capability_0_safety_0,1,0.06435546874854481,185,0.623125,0.0,0.625,0,561,0,0,-0.0022783325985074043,1.6451609134674072,1.4814523458480835,-0.00016820989549160004,0.0,0.2783827781677246
557,guidance_0_capability_0_safety_0,1,-0.010126953486178536,185,0.6675,0.0,0.625,0,817,0,0,-0.0023749619722366333,0.5654314160346985,1.4880616664886475,0.0016051571583375335,0.0,0.2914468050003052
558,guidance_0_capability_0_safety_0,1,0.0754003911097243,186,0.138125,0.0,0.25,0,73,0,0,-0.001180819934234023,2.318808078765869,1.4854774475097656,0.0016177454963326454,0.0,0.27789056301116943
559,guidance_0_capability_0_safety_0,1,0.17405273361873697,186,0.373125,0.0,0.875,0,329,0,0,-0.00039704269147478044,4.731844902038574,1.530599594116211,-0.0013734810054302216,0.0,0.25504618883132935
560,guidance_0_capability_0_safety_0,1,0.07180664061525022,186,0.545625,0.0,0.875,0,585,0,0,-0.0011119296541437507,2.103403091430664,1.4894943237304688,-0.0005011027096770704,0.0,0.27059075236320496
561,guidance_0_capability_0_safety_0,1,0.020830077952268766,186,0.64125,0.0,0.875,0,841,0,0,-0.0035101897083222866,1.320029377937317,1.4855144023895264,-0.0015762578696012497,0.0,0.27637773752212524
562,guidance_0_capability_0_safety_0,1,0.045224608798889676,187,0.1,0.0,0.0,0,97,0,0,-0.003163345158100128,1.1151487827301025,1.4619245529174805,0.00021972756076138467,0.0,0.27976399660110474
563,guidance_0_capability_0_safety_0,1,0.1659667980929953,187,0.38375,0.0,0.25,0,353,0,0,-0.005504367407411337,3.260775566101074,1.4178780317306519,-0.0005248658126220107,0.0,0.3064710199832916
564,guidance_0_capability_0_safety_0,1,0.10556640486902324,187,0.576875,0.0,0.5,0,609,0,0,-0.0014736137818545103,3.974964141845703,1.3981012105941772,0.00138441554736346,0.0,0.29866790771484375
565,guidance_0_capability_0_safety_0,1,0.0572265623450221,187,0.7275,0.0,0.5,0,865,0,0,-0.002347269793972373,2.0586917400360107,1.4132764339447021,-6.104198746470502e-06,0.0,0.3019389808177948
566,guidance_0_capability_0_safety_0,1,0.07553710883075837,188,0.21,0.0,0.0,0,121,0,0,-0.0028830659575760365,1.4481627941131592,1.3953404426574707,0.001403117086738348,0.0,0.3133666515350342
567,guidance_0_capability_0_safety_0,1,0.24127929785754532,188,0.5625,0.0,0.625,0,377,0,0,-0.0005282474448904395,4.009662628173828,1.4388078451156616,0.002423832891508937,0.0,0.29478543996810913
568,guidance_0_capability_0_safety_0,1,0.05004882742650807,188,0.66875,0.0,0.875,0,633,0,0,-0.002047967631369829,1.7180967330932617,1.428612232208252,0.0004993935581296682,0.0,0.29232996702194214
569,guidance_0_capability_0_safety_0,1,-0.0108789072764921,188,0.710625,0.0,0.875,0,889,0,0,-0.002726450562477112,0.5002810955047607,1.4570608139038086,0.00011862822429975495,0.0,0.2808017134666443
570,guidance_0_capability_0_safety_0,1,0.09130859222932486,189,0.1575,0.0,0.125,0,145,0,0,-0.00033464719308540225,2.0072526931762695,1.4237607717514038,0.00010326241317670792,0.0,0.2854442596435547
571,guidance_0_capability_0_safety_0,1,0.09034179619629867,189,0.346875,0.0,0.25,0,401,0,0,0.00034527512616477907,7.556939125061035,1.4523518085479736,0.0008690193062648177,0.0,0.2725747525691986
572,guidance_0_capability_0_safety_0,1,0.0366406240973447,189,0.43875,0.0,0.375,0,657,0,0,0.0002548852935433388,2.1824774742126465,1.4479491710662842,-0.0006710075540468097,0.0,0.2811179757118225
573,guidance_0_capability_0_safety_0,1,-0.02254882857960183,189,0.463125,0.0,0.375,0,913,0,0,-0.003794435178861022,0.26639482378959656,1.4774539470672607,0.0030821277759969234,0.0,0.2681436240673065
574,guidance_0_capability_0_safety_0,1,0.1670410131337121,190,0.188125,0.0,0.0,0,169,0,0,0.0023661041632294655,5.090547561645508,1.4579557180404663,0.001182902604341507,0.0,0.26222941279411316
575,guidance_0_capability_0_safety_0,1,0.20785156013880624,190,0.503125,0.0,0.5,0,425,0,0,-0.0012773526832461357,5.384504318237305,1.4881954193115234,0.00017079789540730417,0.0,0.26503652334213257
576,guidance_0_capability_0_safety_0,1,-0.007792969379806891,190,0.553125,0.0,0.5,0,681,0,0,-0.00151603645645082,0.9008321762084961,1.489949107170105,0.00015889729547780007,0.0,0.2618562579154968
577,guidance_0_capability_0_safety_0,1,0.05168945257173618,190,0.676875,0.0,0.625,0,937,0,0,-0.0006194842862896621,4.390729904174805,1.5008643865585327,-1.3560367733589374e-05,0.0,0.26376140117645264
578,guidance_0_capability_0_safety_0,1,0.13429687308962457,191,0.245,0.0,0.25,0,193,0,0,-0.0024418658576905727,3.8279671669006348,1.4885514974594116,0.0010881017660722136,0.0,0.2639537453651428
579,guidance_0_capability_0_safety_0,1,0.016474608702992555,191,0.33125,0.0,0.25,0,449,0,0,-0.00037517151213251054,2.0175814628601074,1.5304698944091797,0.0008959519909694791,0.0,0.2522675395011902
580,guidance_0_capability_0_safety_0,1,0.21865234382858034,191,0.66125,0.0,0.75,0,705,0,0,-0.0018799230456352234,11.633832931518555,1.4947519302368164,-0.0005055390065535903,0.0,0.26756882667541504
581,guidance_0_capability_0_safety_0,1,-0.015332031485741027,191,0.6925,0.0,0.75,0,961,0,0,-0.0015382462879642844,0.23539234697818756,1.5247176885604858,-0.0004997524665668607,0.0,0.24999377131462097
582,guidance_0_capability_0_safety_0,1,0.11817382770823315,192,0.20875,0.0,0.0,0,217,0,0,-0.0004929177230224013,4.306463241577148,1.4880298376083374,0.00042538129491731524,0.0,0.269039511680603
583,guidance_0_capability_0_safety_0,1,0.08538085846521426,192,0.368125,0.0,0.25,0,473,0,0,-0.00171915243845433,3.5951075553894043,1.5053801536560059,-0.0009336854564025998,0.0,0.2693755626678467
584,guidance_0_capability_0_safety_0,1,0.06624023305266746,192,0.5125,0.0,0.375,0,729,0,0,-0.0007617068476974964,2.810089111328125,1.4956134557724,0.0008050217293202877,0.0,0.2700898051261902
585,guidance_0_capability_0_safety_0,1,-0.025351562926516635,192,0.525625,0.0,0.375,0,985,0,0,-0.0002462584525346756,0.5500887632369995,1.5149524211883545,0.0002559652493800968,0.0,0.2659899592399597
586,guidance_0_capability_0_safety_0,1,0.24180663979495876,193,0.38625,0.0,0.375,0,241,0,0,-0.0004346316563896835,5.756709575653076,1.4813861846923828,0.0005273476126603782,0.0,0.2730332612991333
587,guidance_0_capability_0_safety_0,1,0.047451172140426934,193,0.5125,0.0,0.375,0,497,0,0,-0.0005756815662607551,1.8071436882019043,1.5003623962402344,-6.721363024553284e-05,0.0,0.27248847484588623
588,guidance_0_capability_0_safety_0,1,0.032685546149878064,193,0.601875,0.0,0.5,0,753,0,0,-0.001748434966430068,0.7445815205574036,1.494157314300537,-0.0009787713643163443,0.0,0.2754890024662018
589,guidance_0_capability_0_safety_0,1,0.011035155432182364,194,0.018125,0.0,0.0,0,9,0,0,-0.001967788441106677,0.7238515019416809,1.4836710691452026,0.0007325945189222693,0.0,0.27419474720954895
590,guidance_0_capability_0_safety_0,1,0.2502246094190923,194,0.375,0.0,0.625,0,265,0,0,0.0007741948356851935,5.232616424560547,1.467548131942749,0.0009535338613204658,0.0,0.2800043821334839
591,guidance_0_capability_0_safety_0,1,0.11185546902925125,194,0.605625,0.0,0.625,0,521,0,0,0.00032206345349550247,2.18302059173584,1.4587888717651367,0.0005278775934129953,0.0,0.28022050857543945
592,guidance_0_capability_0_safety_0,1,0.02908203056358616,194,0.689375,0.0,0.75,0,777,0,0,-0.002509345067664981,1.0029213428497314,1.4180686473846436,0.0031390185467898846,0.0,0.2982094883918762
593,guidance_0_capability_0_safety_0,1,0.04091796834472916,195,0.075625,0.0,0.0,0,33,0,0,-0.0012192267458885908,0.9992192983627319,1.425768256187439,-0.00034019476152025163,0.0,0.3018440008163452
594,guidance_0_capability_0_safety_0,1,0.2244238259991107,195,0.41625,0.0,0.5,0,289,0,0,0.0011099217226728797,2.9709982872009277,1.4139784574508667,-0.000377237651264295,0.0,0.29575586318969727
595,guidance_0_capability_0_safety_0,1,0.03888671804088517,195,0.535625,0.0,0.5,0,545,0,0,-0.0015921497251838446,1.7526861429214478,1.434657335281372,0.0003359248803462833,0.0,0.2916942834854126
596,guidance_0_capability_0_safety_0,1,-0.01000976693467237,195,0.556875,0.0,0.625,0,801,0,0,-6.228871643543243e-05,0.8193572163581848,1.450056552886963,-0.0001960444205906242,0.0,0.2838580906391144
597,guidance_0_capability_0_safety_0,1,0.06774414031315246,196,0.1325,0.0,0.125,0,57,0,0,-0.0012199783232063055,2.230149745941162,1.45562744140625,0.000404250284191221,0.0,0.28969401121139526
598,guidance_0_capability_0_safety_0,1,0.11678710770138423,196,0.319375,0.0,0.5,0,313,0,0,-0.0015303855761885643,1.7659341096878052,1.4366025924682617,-0.001244066283106804,0.0,0.2906324863433838
599,guidance_0_capability_0_safety_0,1,0.008349608626303962,196,0.3625,0.0,0.625,0,569,0,0,-2.0735587895615026e-05,1.025215744972229,1.4702328443527222,0.0006724188569933176,0.0,0.27733489871025085
600,guidance_0_capability_0_safety_0,1,0.08176757802357315,196,0.531875,0.0,0.75,0,825,0,0,-0.0017112388741225004,4.193054676055908,1.4565820693969727,0.000843935995362699,0.0,0.2860955595970154
601,guidance_0_capability_0_safety_0,1,0.020273436690331437,198,0.12,0.0,0.0,0,75,0,0,-0.0009243389358744025,9.256528854370117,1.43973708152771,0.00043793971417471766,0.0,0.27699220180511475
602,guidance_0_capability_0_safety_0,1,0.1953320273096324,198,0.418125,0.0,0.5,0,331,0,0,-5.3171999752521515e-05,5.372620582580566,1.4570392370224,-0.00024755229242146015,0.0,0.2776104211807251
603,guidance_0_capability_0_safety_0,1,0.061083984925062396,198,0.553125,0.0,0.625,0,587,0,0,-0.0011890714522451162,1.957914113998413,1.4421571493148804,-0.00014289034879766405,0.0,0.2891675531864166
604,guidance_0_capability_0_safety_0,1,0.007490233725548023,198,0.6025,0.0,0.75,0,843,0,0,-0.007344071753323078,1.0523117780685425,1.483449935913086,0.0042294166050851345,0.0,0.2772316336631775
605,guidance_0_capability_0_safety_0,1,0.046123045911372174,199,0.130625,0.0,0.0,0,99,0,0,-0.005588123574852943,0.995979368686676,1.4976580142974854,0.00730719743296504,0.0078125,0.2699218988418579
606,guidance_0_capability_0_safety_0,1,0.21900390429073013,199,0.46625,0.0,0.5,0,355,0,0,-0.005093816202133894,4.917527198791504,1.5292751789093018,0.004513059742748737,0.0364583358168602,0.24869289994239807
607,guidance_0_capability_0_safety_0,1,0.0548632815007295,199,0.5525,0.0,0.875,0,611,0,0,-0.0010618239175528288,1.1499091386795044,1.5369298458099365,0.0026488876901566982,0.0,0.2550731599330902
608,guidance_0_capability_0_safety_0,1,0.0024804680433589965,199,0.62125,0.0,0.875,0,867,0,0,-0.00014900618407409638,1.0972241163253784,1.537736415863037,-0.0010511907748878002,0.0,0.24531565606594086
609,guidance_0_capability_0_safety_0,1,0.12356445149634965,200,0.2175,0.0,0.25,0,123,0,0,0.0005803558742627501,4.275652885437012,1.524521827697754,-0.00019021425396203995,0.0,0.2589525580406189
610,guidance_0_capability_0_safety_0,1,0.06692382843175437,200,0.3525,0.0,0.5,0,379,0,0,0.0009292482282035053,2.0441477298736572,1.5647720098495483,-5.4869258747203276e-05,0.0,0.2417697161436081
611,guidance_0_capability_0_safety_0,1,0.07768554717767984,200,0.52375,0.0,0.625,0,635,0,0,-0.000981369405053556,1.73577880859375,1.5431110858917236,-0.0002603169996291399,0.0,0.24850963056087494
612,guidance_0_capability_0_safety_0,1,-0.041074219305301085,200,0.52375,0.0,0.625,0,891,0,0,0.00024797458900138736,0.2840057909488678,1.5224685668945312,-0.0002843744005076587,0.0,0.2503085136413574
613,guidance_0_capability_0_safety_0,1,0.23449218638415914,201,0.279375,0.0,0.5,0,147,0,0,-0.00051812146557495,7.728626728057861,1.5468829870224,0.0005680498434230685,0.0,0.24449422955513
614,guidance_0_capability_0_safety_0,1,0.019335936318384483,201,0.376875,0.0,0.5,0,403,0,0,-0.00023932693875394762,2.883124351501465,1.5400556325912476,-0.0001392296253470704,0.0,0.2385043352842331
615,guidance_0_capability_0_safety_0,1,0.10737304635040346,201,0.60875,0.0,0.5,0,659,0,0,-0.0003802335704676807,1.5698051452636719,1.5418471097946167,0.00048682172200642526,0.0,0.2594600319862366
616,guidance_0_capability_0_safety_0,1,0.03032226494542556,201,0.680625,0.0,0.75,0,915,0,0,-0.0004460243508219719,1.7943297624588013,1.561165690422058,-0.0002401661331532523,0.0,0.24265703558921814
617,guidance_0_capability_0_safety_0,1,0.10190429646900157,202,0.235,0.0,0.0,0,171,0,0,-0.006179339252412319,1.9139995574951172,1.5121225118637085,0.00011538217950146645,0.0,0.26926952600479126
618,guidance_0_capability_0_safety_0,1,0.10434570253710262,202,0.44875,0.0,0.125,0,427,0,0,-0.001194089651107788,3.8696746826171875,1.5613139867782593,0.001406684867106378,0.0,0.24621805548667908
619,guidance_0_capability_0_safety_0,1,0.022607422579312697,202,0.53125,0.0,0.25,0,683,0,0,0.0008930624462664127,3.897308349609375,1.5696542263031006,-0.0007859445177018642,0.0,0.24192051589488983
620,guidance_0_capability_0_safety_0,1,0.0013964833742647897,202,0.5975,0.0,0.25,0,939,0,0,-0.000579356390517205,1.4586513042449951,1.575441598892212,0.0004356144927442074,0.0,0.24120794236660004
621,guidance_0_capability_0_safety_0,1,0.08823242111247964,203,0.2125,0.0,0.0,0,195,0,0,-0.0012175533920526505,2.5830469131469727,1.528355360031128,0.0002366378903388977,0.0,0.2624961733818054
622,guidance_0_capability_0_safety_0,1,-0.05594726688286755,203,0.2125,0.0,0.0,0,451,0,0,-0.00032536190701648593,2.0670242309570312,1.5314788818359375,-0.00021775811910629272,0.0,0.2596781849861145
623,guidance_0_capability_0_safety_0,1,0.1119433572748676,205,0.01125,0.0,0.0,0,4,0,0,-0.0002603065222501755,22.273635864257812,1.58111572265625,0.0004446874372661114,0.0,0.24111804366111755
624,guidance_0_capability_0_safety_0,1,0.2417578109561873,205,0.384375,0.0,0.5,0,260,0,0,-0.00029347342206165195,4.8792405128479,1.545172095298767,8.839772635838017e-05,0.0,0.2504916787147522
625,guidance_0_capability_0_safety_0,1,0.12164062574447598,205,0.586875,0.0,0.875,0,516,0,0,-0.0002796100452542305,4.84122371673584,1.5856280326843262,0.00035955035127699375,0.0,0.242590993642807
626,guidance_0_capability_0_safety_0,1,0.053779295052663656,205,0.71625,0.0,1.0,0,772,0,0,-0.0004972293972969055,2.131592273712158,1.5713903903961182,0.000130725180497393,0.0,0.24196109175682068
627,guidance_0_capability_0_safety_0,1,-0.019609376013249857,207,0.0525,0.0,0.0,0,23,0,0,-0.0007202252745628357,9.194028854370117,1.562286138534546,0.0002688855747692287,0.0,0.25581392645835876
628,guidance_0_capability_0_safety_0,1,0.24802734192053322,207,0.435625,0.0,0.5,0,279,0,0,-0.0006832170183770359,5.631661891937256,1.5639793872833252,0.0008216048590838909,0.0,0.24765124917030334
629,guidance_0_capability_0_safety_0,1,0.11152343723369995,207,0.656875,0.0,0.625,0,535,0,0,-0.0007662078132852912,3.602745532989502,1.5664677619934082,0.00032989768078550696,0.0,0.24759459495544434
630,guidance_0_capability_0_safety_0,1,0.010429686873976607,207,0.718125,0.0,0.75,0,791,0,0,-0.002870880998671055,0.990548312664032,1.5708000659942627,-0.0010909789707511663,0.0,0.24390029907226562
631,guidance_0_capability_0_safety_0,1,0.025058592909772415,208,0.108125,0.0,0.125,0,47,0,0,-0.0010812818072736263,1.615563154220581,1.5488008260726929,8.187528874259442e-05,0.0,0.25392356514930725
632,guidance_0_capability_0_safety_0,1,0.18664062577590812,208,0.414375,0.0,0.5,0,303,0,0,-0.0014342371141538024,2.689652442932129,1.559955358505249,0.0008316279854625463,0.0,0.25675976276397705
633,guidance_0_capability_0_safety_0,1,0.11476562530151568,208,0.625,0.0,0.75,0,559,0,0,-0.0011348479893058538,4.19629430770874,1.5471913814544678,0.0010679090628400445,0.0,0.24581214785575867
634,guidance_0_capability_0_safety_0,1,0.00544921841355972,208,0.689375,0.0,0.75,0,815,0,0,-0.0018749667797237635,0.8078201413154602,1.5349674224853516,-0.0005950226332060993,0.0,0.2584194242954254
635,guidance_0_capability_0_safety_0,1,0.042470701580896275,211,0.119375,0.0,0.0,0,53,0,0,-0.0014606565237045288,20.154918670654297,1.5355494022369385,0.0002081406710203737,0.0,0.26781165599823
636,guidance_0_capability_0_safety_0,1,0.20126953070939635,211,0.44875,0.0,0.375,0,309,0,0,-0.0016147992573678493,5.421721458435059,1.541912317276001,-0.0003622715303208679,0.0,0.25288376212120056
637,guidance_0_capability_0_safety_0,1,0.005615234360448085,211,0.520625,0.0,0.375,0,565,0,0,-0.0019271951168775558,4.316810607910156,1.5544389486312866,0.0002832591417245567,0.0,0.2506626844406128
638,guidance_0_capability_0_safety_0,1,0.051796873598505044,211,0.62375,0.0,0.625,0,821,0,0,-0.0015988945960998535,2.380122661590576,1.562303066253662,0.0001361742615699768,0.0,0.2516503632068634
639,guidance_0_capability_0_safety_0,1,0.07641601420618827,212,0.133125,0.0,0.25,0,77,0,0,-0.0035420223139226437,1.8367621898651123,1.5706818103790283,0.0016102760564535856,0.0,0.24442431330680847
640,guidance_0_capability_0_safety_0,1,0.1385156252690649,212,0.3925,0.0,0.375,0,333,0,0,-0.0031539960764348507,2.9699506759643555,1.5639060735702515,0.0016203511040657759,0.0,0.24447862803936005
641,guidance_0_capability_0_safety_0,1,0.10401367011581897,212,0.596875,0.0,0.5,0,589,0,0,-0.0013740872964262962,2.9905104637145996,1.5666828155517578,-0.0019517578184604645,0.0,0.23966555297374725
642,guidance_0_capability_0_safety_0,1,0.025195313293806976,212,0.66375,0.0,0.625,0,845,0,0,-0.0012589687248691916,1.4561395645141602,1.5513347387313843,0.00037084100767970085,0.0,0.2482113540172577
643,guidance_0_capability_0_safety_0,1,0.11379882677283604,213,0.20875,0.0,0.25,0,101,0,0,-0.00010919229680439457,2.948929786682129,1.5691747665405273,0.0015167187666520476,0.0,0.24451053142547607
644,guidance_0_capability_0_safety_0,1,0.14799804461654276,213,0.49,0.0,0.375,0,357,0,0,-0.00033719930797815323,2.8377232551574707,1.5494794845581055,0.0006288857548497617,0.0,0.2414952963590622
645,guidance_0_capability_0_safety_0,1,0.001816405332647264,213,0.56,0.0,0.375,0,613,0,0,-0.0012394258519634604,1.5983420610427856,1.5540107488632202,0.0014251358807086945,0.0,0.2313457727432251
646,guidance_0_capability_0_safety_0,1,-0.023398437926516635,213,0.57875,0.0,0.375,0,869,0,0,-0.0008075833320617676,0.4896871745586395,1.5573171377182007,0.0002505449519958347,0.0,0.24382762610912323
647,guidance_0_capability_0_safety_0,1,0.1875585913512623,214,0.236875,0.0,0.125,0,125,0,0,-0.0007938314229249954,6.652758598327637,1.5504016876220703,8.18259286461398e-05,0.0,0.24844983220100403
648,guidance_0_capability_0_safety_0,1,0.1440429691610916,214,0.4725,0.0,0.5,0,381,0,0,-0.0009132406557910144,3.117349147796631,1.5650906562805176,-0.00016301746654789895,0.0,0.23851196467876434
649,guidance_0_capability_0_safety_0,1,0.056630858907738,214,0.5775,0.0,0.75,0,637,0,0,-0.0011381873628124595,1.3794972896575928,1.544838786125183,-0.00011605660984059796,0.0,0.2551313042640686
650,guidance_0_capability_0_safety_0,1,0.07001953139842954,214,0.749375,0.0,0.75,0,893,0,0,-0.0002530797792132944,2.037156343460083,1.5490636825561523,0.0006763555575162172,0.0,0.2516244649887085
651,guidance_0_capability_0_safety_0,1,0.15174804644993856,216,0.1975,0.0,0.25,0,124,0,0,-0.0027142981998622417,13.380565643310547,1.5623681545257568,0.00042375101475045085,0.0,0.23714248836040497
652,guidance_0_capability_0_safety_0,1,0.134277344437578,216,0.41,0.0,0.625,0,380,0,0,-0.0014084975700825453,3.2245922088623047,1.5586532354354858,0.0025963219814002514,0.0,0.24585187435150146
653,guidance_0_capability_0_safety_0,1,0.027158202585269464,216,0.51125,0.0,0.625,0,636,0,0,-0.0010927531402558088,2.218705177307129,1.5651510953903198,0.0005836787167936563,0.0,0.24111363291740417
654,guidance_0_capability_0_safety_0,1,-0.014599609716242412,216,0.54,0.0,0.625,0,892,0,0,-0.0020346648525446653,0.4580047130584717,1.5801665782928467,0.00024025228049140424,0.0,0.23353098332881927
655,guidance_0_capability_0_safety_0,1,0.05261718779001967,220,0.23,0.0,0.125,0,116,0,0,-0.00040372772491537035,38.89301681518555,1.5572729110717773,0.0006412618095055223,0.0,0.23680207133293152
656,guidance_0_capability_0_safety_0,1,0.11263671758206328,220,0.449375,0.0,0.25,0,372,0,0,-0.0015837479149922729,1.8414366245269775,1.552648901939392,0.0004558124055620283,0.0,0.24919939041137695
657,guidance_0_capability_0_safety_0,1,0.05260742134123575,220,0.57625,0.0,0.375,0,628,0,0,-0.006003596819937229,1.6332175731658936,1.542677879333496,0.002971945097669959,0.0,0.2571077346801758
658,guidance_0_capability_0_safety_0,1,-0.013623047270812094,220,0.62125,0.0,0.375,0,884,0,0,-0.002008989453315735,0.7246227264404297,1.5233001708984375,-0.00019399232405703515,0.0,0.25711196660995483
659,guidance_0_capability_0_safety_0,1,0.16724609355514986,221,0.23875,0.0,0.5,0,140,0,0,-0.001719913212582469,6.918254852294922,1.5678949356079102,0.0014385295799002051,0.0,0.22984753549098969
660,guidance_0_capability_0_safety_0,1,0.07861328141007107,221,0.431875,0.0,0.5,0,396,0,0,-0.0010836166329681873,2.022841453552246,1.521127700805664,0.00043984706280753016,0.0,0.2502017617225647
661,guidance_0_capability_0_safety_0,1,0.0897753907047445,221,0.624375,0.0,0.625,0,652,0,0,0.00047619984252378345,3.140577554702759,1.5432469844818115,0.0010624205460771918,0.0,0.2371586412191391
662,guidance_0_capability_0_safety_0,1,-0.021093750081490725,221,0.6575,0.0,0.625,0,908,0,0,-0.003438648534938693,0.6134046316146851,1.5327781438827515,-0.0003332761116325855,0.0,0.25366950035095215
663,guidance_0_capability_0_safety_0,1,0.1597167975633056,222,0.266875,0.0,0.25,0,164,0,0,-0.0005635920679196715,3.3266143798828125,1.5222365856170654,0.0013694667723029852,0.0,0.25508129596710205
664,guidance_0_capability_0_safety_0,1,-0.034843750967411324,222,0.300625,0.0,0.25,0,420,0,0,0.0006217664922587574,6.787603378295898,1.524967074394226,0.0007291649235412478,0.0,0.24947211146354675
665,guidance_0_capability_0_safety_0,1,0.16658202903636266,222,0.58625,0.0,0.625,0,676,0,0,-0.0014328733086585999,6.492218017578125,1.5553243160247803,0.0003791205526795238,0.0,0.24258169531822205
666,guidance_0_capability_0_safety_0,1,0.006318357769487193,222,0.643125,0.0,0.75,0,932,0,0,-0.003137675579637289,0.5169085264205933,1.5634174346923828,0.00021109233784954995,0.0,0.23683130741119385
667,guidance_0_capability_0_safety_0,1,0.19542968626774382,223,0.324375,0.0,0.375,0,188,0,0,0.0001683036534814164,3.409048080444336,1.5426276922225952,0.0018747420981526375,0.0,0.24918293952941895
668,guidance_0_capability_0_safety_0,1,0.07011718556168489,223,0.4475,0.0,0.75,0,444,0,0,-0.001085628173314035,3.738826274871826,1.492591381072998,0.000918116420507431,0.0,0.26435360312461853
669,guidance_0_capability_0_safety_0,1,0.0030175772117218003,223,0.519375,0.0,0.75,0,700,0,0,-0.0045120129361748695,0.9770417213439941,1.5406014919281006,-0.0006658692727796733,0.0,0.24737416207790375
670,guidance_0_capability_0_safety_0,1,0.11744140535301995,223,0.769375,0.0,0.75,0,956,0,0,0.001696580438874662,4.6987504959106445,1.5941143035888672,-0.00033137359423562884,0.0,0.2303120195865631
671,guidance_0_capability_0_safety_0,1,0.2649511683412129,225,0.28625,0.0,0.375,0,131,0,0,0.0003343746066093445,17.111000061035156,1.5260881185531616,-0.0023880782537162304,0.0,0.2698582708835602
672,guidance_0_capability_0_safety_0,1,0.08790038966981228,225,0.485,0.0,0.625,0,387,0,0,-0.00046489451779052615,2.2493326663970947,1.5616865158081055,0.0002927722816821188,0.0,0.24538588523864746
673,guidance_0_capability_0_safety_0,1,0.040058593436697265,226,0.09375,0.0,0.125,0,56,0,0,-0.00042131979716941714,2.1708264350891113,1.5675010681152344,0.00019469112157821655,0.0,0.24022436141967773
674,guidance_0_capability_0_safety_0,1,0.1311328126466833,226,0.33,0.0,0.375,0,312,0,0,-0.0007948428392410278,3.849740505218506,1.5691783428192139,-0.00019972601148765534,0.0,0.2344820201396942
675,guidance_0_capability_0_safety_0,1,0.10266601449984591,226,0.5425,0.0,0.625,0,568,0,0,-0.0006438577547669411,5.574762344360352,1.5711591243743896,0.000157172791659832,0.0,0.24417883157730103
676,guidance_0_capability_0_safety_0,1,0.03987304641123046,226,0.656875,0.0,0.75,0,824,0,0,-0.0008249214733950794,1.4793272018432617,1.581160306930542,8.76416452229023e-05,0.0,0.24306249618530273
677,guidance_0_capability_0_safety_0,1,0.07339843610679964,227,0.160625,0.0,0.125,0,80,0,0,-0.0013071655994281173,1.8344981670379639,1.5611652135849,-0.00022217942751012743,0.0,0.25552669167518616
678,guidance_0_capability_0_safety_0,1,0.07886718690861017,227,0.323125,0.0,0.25,0,336,0,0,0.0005240322789177299,4.195365905761719,1.548241376876831,0.001414257101714611,0.0,0.24676041305065155
679,guidance_0_capability_0_safety_0,1,0.1208007815766905,227,0.56,0.0,0.375,0,592,0,0,0.00045821815729141235,3.666003704071045,1.5583271980285645,0.0003094763378612697,0.0,0.2488696575164795
680,guidance_0_capability_0_safety_0,1,0.03201171863474883,227,0.659375,0.0,0.5,0,848,0,0,-0.0014668222283944488,2.2778170108795166,1.5768699645996094,-0.0005075382068753242,0.0,0.2378648966550827
681,guidance_0_capability_0_safety_0,1,0.09656249983527232,228,0.23375,0.0,0.125,0,104,0,0,-0.0015586161753162742,1.4104423522949219,1.527879238128662,-0.0002444383571855724,0.0,0.2730261981487274
682,guidance_0_capability_0_safety_0,1,0.11186523272408522,228,0.43375,0.0,0.375,0,360,0,0,2.3748105377308093e-05,3.45157527923584,1.5636930465698242,0.0007847462547942996,0.0,0.24427370727062225
683,guidance_0_capability_0_safety_0,1,0.05222656136902515,228,0.543125,0.0,0.625,0,616,0,0,4.944453758071177e-05,1.2492139339447021,1.5594768524169922,-0.0001608363090781495,0.0,0.2581065595149994
684,guidance_0_capability_0_safety_0,1,0.05766601484356215,228,0.68,0.0,0.75,0,872,0,0,0.0001269796339329332,3.3737852573394775,1.5436118841171265,-0.00034126872196793556,0.0,0.2576726973056793
685,guidance_0_capability_0_safety_0,1,0.12388671761436854,229,0.205625,0.0,0.25,0,128,0,0,-0.0002853364567272365,3.82417368888855,1.536182165145874,-1.8756527424557135e-05,0.0,0.26590365171432495
686,guidance_0_capability_0_safety_0,1,-0.04833007985143922,230,0.011875,0.0,0.0,0,4,0,0,-0.0002396081981714815,23.399250030517578,1.5509274005889893,0.0002915961667895317,0.0,0.25608131289482117
687,guidance_0_capability_0_safety_0,1,0.1080957010781276,230,0.309375,0.0,0.125,0,260,0,0,-0.00043685580021701753,7.1511006355285645,1.4819507598876953,-5.517310455616098e-06,0.0,0.29536154866218567
688,guidance_0_capability_0_safety_0,1,0.07902343635942088,230,0.473125,0.0,0.375,0,516,0,0,-0.0014232862740755081,3.416905403137207,1.5804264545440674,0.0003559993056114763,0.0,0.2365574836730957
689,guidance_0_capability_0_safety_0,1,0.12911132727458607,231,0.205,0.0,0.25,0,135,0,0,-0.0017962742131203413,5.814847469329834,1.496652603149414,-0.0007774895057082176,0.0,0.2751956582069397
690,guidance_0_capability_0_safety_0,1,0.042783201817655936,231,0.3375,0.0,0.375,0,391,0,0,-0.0006995738367550075,3.128970146179199,1.5694307088851929,-0.001036662608385086,0.0,0.24542862176895142
691,guidance_0_capability_0_safety_0,1,0.06195312507043127,231,0.484375,0.0,0.625,0,647,0,0,-0.0025512154679745436,3.223379373550415,1.5398707389831543,0.0006284911069087684,0.0,0.2539035975933075
692,guidance_0_capability_0_safety_0,1,0.03652343669091351,231,0.62,0.0,0.625,0,903,0,0,-0.003969475626945496,1.5804696083068848,1.555699348449707,0.001367132063023746,0.0,0.24565762281417847
693,guidance_0_capability_0_safety_0,1,0.10487304482376203,232,0.16125,0.0,0.125,0,159,0,0,-0.0017701087053865194,4.844476699829102,1.5180516242980957,0.0004989045555703342,0.0,0.271898478269577
694,guidance_0_capability_0_safety_0,1,0.21309570207085926,232,0.475625,0.0,0.75,0,415,0,0,0.0002977149561047554,6.96321964263916,1.5114755630493164,-9.532862895866856e-05,0.0,0.2834421992301941
695,guidance_0_capability_0_safety_0,1,0.027617186398856575,232,0.55875,0.0,0.875,0,671,0,0,-0.002010431606322527,0.6255307197570801,1.4833190441131592,0.0013748672790825367,0.0,0.28516995906829834
696,guidance_0_capability_0_safety_0,1,0.07361328128172318,232,0.74125,0.0,0.875,0,927,0,0,-0.0026002670638263226,2.603978157043457,1.5614298582077026,0.002014948520809412,0.0,0.24755865335464478
697,guidance_0_capability_0_safety_0,1,0.10264648327574832,233,0.195,0.0,0.125,0,183,0,0,-0.0009266749839298427,2.775752305984497,1.4716238975524902,0.0005688077653758228,0.0,0.29785072803497314
698,guidance_0_capability_0_safety_0,1,0.1607031249695865,233,0.455,0.0,0.5,0,439,0,0,-0.0006587930838577449,3.911775588989258,1.5468723773956299,-0.00021964653569739312,0.0,0.24749800562858582
699,guidance_0_capability_0_safety_0,1,0.07655273302589194,233,0.638125,0.0,0.5,0,695,0,0,-0.00028911413392052054,2.4582810401916504,1.4781665802001953,-0.00028184265829622746,0.0,0.28785955905914307
700,guidance_0_capability_0_safety_0,1,0.0010839839960681275,233,0.68125,0.0,0.625,0,951,0,0,-0.0005381197552196681,0.8783341646194458,1.531266212463379,-0.0005002878606319427,0.0,0.26375728845596313
701,guidance_0_capability_0_safety_0,1,0.1722460924211191,234,0.279375,0.0,0.375,0,207,0,0,-0.001616419292986393,4.516506195068359,1.4458836317062378,7.576092320960015e-05,0.0,0.29940351843833923
702,guidance_0_capability_0_safety_0,1,0.17029296852706466,234,0.57875,0.0,0.625,0,463,0,0,0.00018268513667862862,4.953771591186523,1.5505588054656982,0.00015471581718884408,0.0,0.2530671954154968
703,guidance_0_capability_0_safety_0,1,0.08358398323616711,234,0.755625,0.0,0.75,0,719,0,0,-0.0007008938118815422,1.379149317741394,1.5523308515548706,0.0003926184435840696,0.0,0.253479927778244
704,guidance_0_capability_0_safety_0,1,-0.015546875391009962,234,0.789375,0.0,0.75,0,975,0,0,-0.0007150489836931229,0.8344157934188843,1.5482194423675537,-0.0010132151655852795,0.0,0.25708454847335815
705,guidance_0_capability_0_safety_0,1,0.17042968777241185,235,0.313125,0.0,0.125,0,231,0,0,-0.002726160455495119,1.8801379203796387,1.5164036750793457,-0.0007760801236145198,0.0,0.2749234139919281
706,guidance_0_capability_0_safety_0,1,0.09399414074141532,235,0.53,0.0,0.125,0,487,0,0,-0.0012818141840398312,4.821872711181641,1.4538873434066772,0.0008911012555472553,0.0,0.28876057267189026
707,guidance_0_capability_0_safety_0,1,0.032724608419812284,235,0.63,0.0,0.25,0,743,0,0,-0.001605234807357192,2.0882363319396973,1.5112929344177246,-0.0007174449856393039,0.0,0.27036821842193604
708,guidance_0_capability_0_safety_0,1,0.04009765577939106,235,0.71,0.0,0.5,0,999,0,0,-0.0006993211572989821,4.197107315063477,1.5611772537231445,0.0009562644991092384,0.0,0.24543818831443787
709,guidance_0_capability_0_safety_0,1,0.27070312140131136,237,0.459375,0.0,0.5,0,249,0,0,-0.00023678380239289254,15.23453140258789,1.4629300832748413,-0.0010002164635807276,0.0,0.29757627844810486
710,guidance_0_capability_0_safety_0,1,0.08272460893931566,237,0.620625,0.0,0.75,0,505,0,0,-0.0006002942100167274,3.9963788986206055,1.5068974494934082,0.00025709098554216325,0.0,0.2697110176086426
711,guidance_0_capability_0_safety_0,1,0.022080077153077582,237,0.716875,0.0,0.75,0,761,0,0,-0.002997945761308074,0.5006144642829895,1.4949681758880615,2.316354584763758e-05,0.0,0.2701284885406494
712,guidance_0_capability_0_safety_0,1,-0.015351563397416612,238,0.04,0.0,0.0,0,17,0,0,0.0005235628923401237,0.22852769494056702,1.5162599086761475,-0.0006219960632734001,0.0,0.27266132831573486
713,guidance_0_capability_0_safety_0,1,0.11897460943146143,238,0.276875,0.0,0.125,0,273,0,0,-0.0006480223382823169,3.5605685710906982,1.4502837657928467,-0.0006531413528136909,0.0,0.2952486574649811
714,guidance_0_capability_0_safety_0,1,-0.03485351616109256,238,0.288125,0.0,0.125,0,529,0,0,0.00040356320096179843,2.520345449447632,1.4852991104125977,0.00020702028996311128,0.0,0.278666615486145
715,guidance_0_capability_0_safety_0,1,0.07790038939856458,238,0.42375,0.0,0.5,0,785,0,0,-0.00032228295458480716,2.5966849327087402,1.5646151304244995,-0.00030329846777021885,0.0,0.25403639674186707
716,guidance_0_capability_0_safety_0,1,0.03967773332260549,239,0.079375,0.0,0.125,0,41,0,0,-0.00222409563139081,0.757178008556366,1.4459114074707031,-0.000610420829616487,0.0,0.3208692669868469
717,guidance_0_capability_0_safety_0,1,0.08120117094949819,239,0.276875,0.0,0.125,0,297,0,0,-0.0002748568949755281,2.569819211959839,1.5014313459396362,-0.0004736249684356153,0.0,0.27912700176239014
718,guidance_0_capability_0_safety_0,1,0.06284179649082944,239,0.4425,0.0,0.125,0,553,0,0,-0.0014207034837454557,3.660186290740967,1.5089887380599976,0.00027619427419267595,0.0,0.2807700037956238
719,guidance_0_capability_0_safety_0,1,-0.04085937558556907,239,0.443125,0.0,0.125,0,809,0,0,-0.0005262643098831177,0.5873818397521973,1.4227197170257568,0.0005691098049283028,0.0,0.3122876286506653
720,guidance_0_capability_0_safety_0,1,0.03807617056008894,240,0.1475,0.0,0.0,0,65,0,0,-0.0018766392022371292,0.8159455060958862,1.3762340545654297,-0.00034205615520477295,0.0,0.329020619392395
721,guidance_0_capability_0_safety_0,1,0.056992186087882146,240,0.2675,0.0,0.25,0,321,0,0,-0.00048077915562316775,2.707435369491577,1.367352843284607,-0.0011122331488877535,0.0,0.3502189517021179
722,guidance_0_capability_0_safety_0,1,0.05196288954175543,240,0.360625,0.0,0.625,0,577,0,0,-0.0008830290171317756,4.228654861450195,1.3805549144744873,0.0004630591720342636,0.0,0.32240772247314453
723,guidance_0_capability_0_safety_0,1,-0.02571289120533038,240,0.38625,0.0,0.625,0,833,0,0,-0.0022252239286899567,0.24569687247276306,1.4287006855010986,0.0010967410635203123,0.0,0.3062455654144287
724,guidance_0_capability_0_safety_0,1,0.21188476462702965,241,0.196875,0.0,0.125,0,89,0,0,0.00020968417811673135,10.084095001220703,1.4683542251586914,-0.0004837588348891586,0.0,0.2875773012638092
725,guidance_0_capability_0_safety_0,1,0.15732421920984052,241,0.478125,0.0,0.375,0,345,0,0,-0.00011808642739197239,2.742255926132202,1.4660041332244873,0.0002816521446220577,0.0,0.27830564975738525
726,guidance_0_capability_0_safety_0,1,5.859301018062979e-05,241,0.545,0.0,0.375,0,601,0,0,-7.77080058469437e-05,0.44603222608566284,1.4144370555877686,0.00048351980512961745,0.0,0.31887567043304443
727,guidance_0_capability_0_safety_0,1,-0.007763672329019755,241,0.600625,0.0,0.375,0,857,0,0,-0.005528654437512159,0.2951861023902893,1.503141164779663,-0.0004636046360246837,0.0013020833721384406,0.2726355493068695
728,guidance_0_capability_0_safety_0,1,0.13485351423878456,242,0.1625,0.0,0.125,0,113,0,0,5.2067141950828955e-05,3.913717746734619,1.4441742897033691,0.002524355426430702,0.0,0.2926901578903198
729,guidance_0_capability_0_safety_0,1,0.06262695231998805,242,0.33,0.0,0.125,0,369,0,0,-0.0028603074606508017,1.6694879531860352,1.3707149028778076,-0.00011740438640117645,0.0,0.31709063053131104
730,guidance_0_capability_0_safety_0,1,0.1587890599766979,242,0.5675,0.0,0.625,0,625,0,0,0.0003637806512415409,11.587671279907227,1.4657907485961914,-0.00037215277552604675,0.0,0.2760213315486908
731,guidance_0_capability_0_safety_0,1,0.07524414159706794,242,0.7175,0.0,0.875,0,881,0,0,6.032067904016003e-05,5.572319984436035,1.3830158710479736,0.000752383260987699,0.0,0.305999219417572
732,guidance_0_capability_0_safety_0,1,0.10240234264347237,243,0.22625,0.0,0.125,0,137,0,0,-0.00033592869294807315,3.108581066131592,1.3931773900985718,0.000350315123796463,0.0,0.3165021240711212
733,guidance_0_capability_0_safety_0,1,0.1409570283467474,243,0.4575,0.0,0.5,0,393,0,0,-0.0013399844756349921,3.3749501705169678,1.454378604888916,-0.00018461188301444054,0.0,0.2916659712791443
734,guidance_0_capability_0_safety_0,1,0.09191406111131073,243,0.64625,0.0,0.625,0,649,0,0,-0.0006430554203689098,2.4310898780822754,1.4349145889282227,0.0007043513469398022,0.0,0.2904515266418457
735,guidance_0_capability_0_safety_0,1,0.004052733573189471,243,0.715,0.0,0.625,0,905,0,0,-0.0029714438132941723,0.6782552599906921,1.4908618927001953,0.0006438197451643646,0.0,0.2717893123626709
736,guidance_0_capability_0_safety_0,1,0.1738378906120488,244,0.236875,0.0,0.375,0,161,0,0,0.0014800075441598892,6.02271032333374,1.4749391078948975,-0.0009840514976531267,0.0,0.2817099988460541
737,guidance_0_capability_0_safety_0,1,0.06350585966356448,244,0.351875,0.0,0.625,0,417,0,0,0.0006814158405177295,3.515007257461548,1.4971745014190674,-0.0008194294641725719,0.0,0.26470300555229187
738,guidance_0_capability_0_safety_0,1,0.06046874979074346,244,0.513125,0.0,0.625,0,673,0,0,-0.0023423293605446815,1.322597861289978,1.509587287902832,0.0002948073670268059,0.0,0.2548965811729431
739,guidance_0_capability_0_safety_0,1,0.017041015169525053,244,0.585625,0.0,0.75,0,929,0,0,-0.0052079446613788605,1.418336272239685,1.5249131917953491,0.0006114798597991467,0.0052083334885537624,0.2472091168165207
740,guidance_0_capability_0_safety_0,1,0.13333007608889602,246,0.28875,0.0,0.125,0,179,0,0,-0.0008325937087647617,11.577751159667969,1.4668433666229248,-0.0011700654868036509,0.0026041667442768812,0.29616987705230713
741,guidance_0_capability_0_safety_0,1,0.11221679536902229,246,0.4875,0.0,0.375,0,435,0,0,-0.002681830432265997,3.558185577392578,1.4813331365585327,0.0031984206289052963,0.0,0.28150710463523865
742,guidance_0_capability_0_safety_0,1,0.02161132747642114,246,0.5625,0.0,0.5,0,691,0,0,-0.0007048975676298141,1.1497615575790405,1.4606292247772217,0.0009600093471817672,0.0,0.29624587297439575
743,guidance_0_capability_0_safety_0,1,-0.025947266054572538,246,0.576875,0.0,0.5,0,947,0,0,-0.002638433827087283,0.24170412123203278,1.4525439739227295,0.0013493438018485904,0.0,0.2878612279891968
744,guidance_0_capability_0_safety_0,1,0.2042382782601635,247,0.331875,0.0,0.5,0,203,0,0,-0.0014463048428297043,3.732044219970703,1.3956866264343262,8.596573024988174e-06,0.0,0.3228054940700531
745,guidance_0_capability_0_safety_0,1,0.07346679580223281,247,0.4475,0.0,0.875,0,459,0,0,-0.003196540754288435,1.331716537475586,1.381321668624878,0.00021339658997021616,0.0,0.3232962489128113
746,guidance_0_capability_0_safety_0,1,0.0484765610890463,247,0.56375,0.0,1.0,0,715,0,0,-0.004104450345039368,3.3395423889160156,1.3553828001022339,0.001851385342888534,0.0,0.3387824296951294
747,guidance_0_capability_0_safety_0,1,-0.009609375432773959,247,0.59625,0.0,1.0,0,971,0,0,-0.007945895195007324,0.2609134316444397,1.3727338314056396,0.004059585742652416,0.0260416679084301,0.3311172127723694
748,guidance_0_capability_0_safety_0,1,0.1669531231818837,248,0.308125,0.0,0.25,0,227,0,0,-0.004547689110040665,3.3587074279785156,1.32779061794281,-0.001139087020419538,0.0013020833721384406,0.3587334156036377
749,guidance_0_capability_0_safety_0,1,0.1892089848552132,248,0.60375,0.0,0.75,0,483,0,0,0.002533411141484976,5.676675319671631,1.4279264211654663,0.0014267375227063894,0.0,0.3186745345592499
750,guidance_0_capability_0_safety_0,1,0.037031248550192686,248,0.72375,0.0,0.75,0,739,0,0,-0.0004087432171218097,1.2717101573944092,1.451235294342041,0.001449369709007442,0.0,0.29961639642715454
751,guidance_0_capability_0_safety_0,1,-0.04147460973763373,248,0.725,0.0,0.75,0,995,0,0,-0.003917943220585585,0.48438549041748047,1.4872338771820068,-0.0011730848345905542,0.0,0.2749810218811035
752,guidance_0_capability_0_safety_0,1,0.140380856457341,249,0.27875,0.0,0.25,0,251,0,0,2.28338576562237e-05,2.7508883476257324,1.4413807392120361,0.0006128008826635778,0.0,0.3037717044353485
753,guidance_0_capability_0_safety_0,1,0.04862304659036454,249,0.4,0.0,0.375,0,507,0,0,-0.0011023718398064375,2.7431111335754395,1.4946101903915405,0.0019141039811074734,0.0,0.27254804968833923
754,guidance_0_capability_0_safety_0,1,-0.03024414113315288,249,0.418125,0.0,0.375,0,763,0,0,-0.0007018788601271808,0.40956348180770874,1.500494360923767,0.00030000446713529527,0.0,0.2788352370262146
755,guidance_0_capability_0_safety_0,1,0.028281248931307346,250,0.0425,0.0,0.0,0,19,0,0,-0.0014778742333874106,1.3030169010162354,1.5239629745483398,-0.0006750667234882712,0.0,0.2527187764644623
756,guidance_0_capability_0_safety_0,1,0.2549804673035396,250,0.440625,0.0,0.5,0,275,0,0,-0.0001196212469949387,6.5767998695373535,1.5086549520492554,-0.0011989435879513621,0.0,0.2699055075645447
757,guidance_0_capability_0_safety_0,1,0.11071288948005531,250,0.6625,0.0,0.625,0,531,0,0,0.00019513070583343506,3.852968454360962,1.5273736715316772,-4.584606358548626e-05,0.0,0.24906322360038757
758,guidance_0_capability_0_safety_0,1,0.0872851552121574,250,0.80875,0.0,1.0,0,787,0,0,-0.0013628046726807952,5.3210272789001465,1.5256080627441406,0.00039161316817626357,0.0,0.26527565717697144
759,guidance_0_capability_0_safety_0,1,0.02629882724431809,251,0.0975,0.0,0.0,0,43,0,0,-0.002918251557275653,0.4688374996185303,1.5501749515533447,0.0004885747912339866,0.0,0.24600975215435028
760,guidance_0_capability_0_safety_0,1,0.20004882626381004,251,0.3875,0.0,0.625,0,299,0,0,-0.0005742944777011871,5.344427585601807,1.5595167875289917,-0.0012520174495875835,0.0,0.24237141013145447
761,guidance_0_capability_0_safety_0,1,0.07749023267024313,251,0.549375,0.0,0.75,0,555,0,0,-0.0048472583293914795,1.563424825668335,1.5490525960922241,0.001219125697389245,0.0,0.2459157407283783
762,guidance_0_capability_0_safety_0,1,-0.02556640677357791,251,0.569375,0.0,0.75,0,811,0,0,-0.00017567227769177407,0.819332480430603,1.5556886196136475,0.0005510004120878875,0.0,0.2508309483528137
763,guidance_0_capability_0_safety_0,1,0.05665039025552687,253,0.108125,0.0,0.0,0,49,0,0,0.0020216829143464565,18.367273330688477,1.5331287384033203,-0.0026018330827355385,0.0,0.2516753375530243
764,guidance_0_capability_0_safety_0,1,0.1707128915040812,253,0.420625,0.0,0.125,0,305,0,0,-0.0022882986813783646,1.3863990306854248,1.556712031364441,0.0013187527656555176,0.0,0.24532300233840942
765,guidance_0_capability_0_safety_0,1,0.034248047861183295,253,0.516875,0.0,0.25,0,561,0,0,0.001329626888036728,1.3917477130889893,1.5612305402755737,0.0001817635929910466,0.0,0.24342338740825653
766,guidance_0_capability_0_safety_0,1,0.008720702415303094,253,0.585,0.0,0.25,0,817,0,0,-0.0013496907195076346,0.8836762309074402,1.5857360363006592,0.0013551232405006886,0.0,0.23886851966381073
767,guidance_0_capability_0_safety_0,1,0.09177734239710844,254,0.166875,0.0,0.0,0,73,0,0,-0.0009679608047008514,2.309309482574463,1.5774186849594116,-0.000611364608630538,0.0,0.23414985835552216
768,guidance_0_capability_0_safety_0,1,0.21379882635665126,254,0.5,0.0,0.5,0,329,0,0,-0.0007119185174815357,5.367079257965088,1.5949020385742188,-0.0006476084236055613,0.0,0.23099522292613983
769,guidance_0_capability_0_safety_0,1,0.016308592654240783,254,0.5725,0.0,0.625,0,585,0,0,-0.00017956551164388657,1.058576226234436,1.593160629272461,-0.00011297361925244331,0.0,0.2333546131849289
770,guidance_0_capability_0_safety_0,1,-0.010830078284925548,254,0.61375,0.0,0.625,0,841,0,0,-0.001502468017861247,0.44824278354644775,1.6007742881774902,-4.4001033529639244e-05,0.0,0.22527150809764862
771,guidance_0_capability_0_safety_0,1,0.10387695348981651,255,0.209375,0.0,0.125,0,97,0,0,-0.0017211500089615583,1.419177770614624,1.5792195796966553,0.0008678361773490906,0.0,0.22937127947807312
772,guidance_0_capability_0_safety_0,1,0.011923827551072463,255,0.294375,0.0,0.125,0,353,0,0,0.0004001247580163181,3.7175536155700684,1.607694149017334,-0.0006473445682786405,0.0,0.22283139824867249
773,guidance_0_capability_0_safety_0,1,0.12789062433148501,255,0.506875,0.0,0.5,0,609,0,0,0.0003166254609823227,5.1661057472229,1.5780436992645264,0.0002910065813921392,0.0,0.22951051592826843
774,guidance_0_capability_0_safety_0,1,0.023408200991980266,255,0.590625,0.0,0.625,0,865,0,0,-0.003373967483639717,1.0141651630401611,1.5740549564361572,-0.0005194166442379355,0.0,0.24843785166740417
775,guidance_0_capability_0_safety_0,1,0.12235351504932623,256,0.233125,0.0,0.0,0,121,0,0,-0.0029133809730410576,1.0111455917358398,1.5467536449432373,0.0012184811057522893,0.0,0.2509431838989258
776,guidance_0_capability_0_safety_0,1,0.2367089810431935,256,0.603125,0.0,0.5,0,377,0,0,3.995125734945759e-05,1.8626296520233154,1.5713104009628296,0.0022535701282322407,0.0,0.2398298680782318
777,guidance_0_capability_0_safety_0,1,0.1122656241459481,256,0.819375,0.0,0.625,0,633,0,0,-0.0004686530155595392,1.8322570323944092,1.5191631317138672,0.0003463257453404367,0.0,0.27273401618003845
778,guidance_0_capability_0_safety_0,1,0.02033203090832103,256,0.869375,0.0,0.875,0,889,0,0,-0.00391800282523036,0.7963271141052246,1.5408620834350586,0.0007631205953657627,0.0,0.26157891750335693
779,guidance_0_capability_0_safety_0,1,0.1239941416788497,258,0.2425,0.0,0.375,0,136,0,0,-0.008306586183607578,17.850116729736328,1.52386474609375,0.003213385120034218,0.00911458395421505,0.26671069860458374
780,guidance_0_capability_0_safety_0,1,0.059501952287973836,258,0.364375,0.0,0.625,0,392,0,0,0.0009273031610064209,4.067568778991699,1.5544490814208984,0.0008358084014616907,0.0,0.24754194915294647
781,guidance_0_capability_0_safety_0,1,0.13012695309589617,258,0.631875,0.0,0.625,0,648,0,0,-0.0010698363184928894,3.272326946258545,1.51633620262146,0.00015012726362328976,0.0,0.2640068531036377
782,guidance_0_capability_0_safety_0,1,0.017617187098949216,258,0.705625,0.0,0.75,0,904,0,0,-0.0033305760007351637,1.103283405303955,1.527969241142273,-0.0012805343139916658,0.0,0.2609141767024994
783,guidance_0_capability_0_safety_0,1,0.1461523410252994,260,0.3125,0.0,0.125,0,147,0,0,0.0006724651902914047,20.218955993652344,1.5105375051498413,0.0017406296683475375,0.0,0.2548637092113495
784,guidance_0_capability_0_safety_0,1,0.1797363281075377,260,0.606875,0.0,0.5,0,403,0,0,-0.002934398828074336,1.9414728879928589,1.5015268325805664,0.000803642557002604,0.0,0.2633398771286011
785,guidance_0_capability_0_safety_0,1,0.04996093849695171,260,0.721875,0.0,0.625,0,659,0,0,0.001035949564538896,1.103574514389038,1.5319794416427612,-0.0003892566019203514,0.0,0.24885293841362
786,guidance_0_capability_0_safety_0,1,0.006660156024736352,260,0.795,0.0,0.625,0,915,0,0,-0.0013043017825111747,0.29160457849502563,1.5268781185150146,0.0011779987253248692,0.0,0.26279473304748535
787,guidance_0_capability_0_safety_0,1,0.13450195253972197,261,0.25,0.0,0.125,0,171,0,0,-0.008403116837143898,1.368170976638794,1.5251582860946655,0.0004980290541425347,0.0182291679084301,0.2603059709072113
788,guidance_0_capability_0_safety_0,1,0.19551757820227067,261,0.545625,0.0,0.625,0,427,0,0,0.000834289938211441,4.172059059143066,1.549518346786499,-0.0024251905269920826,0.0,0.24857638776302338
789,guidance_0_capability_0_safety_0,1,0.02891601539522526,261,0.635625,0.0,0.75,0,683,0,0,0.0011169377248734236,2.2357397079467773,1.5122392177581787,0.0014769881963729858,0.0,0.2686881721019745
790,guidance_0_capability_0_safety_0,1,0.01039062520430889,261,0.706875,0.0,0.75,0,939,0,0,-0.0011565623572096229,0.7336536645889282,1.5410749912261963,0.0011892085894942284,0.0,0.25247687101364136
791,guidance_0_capability_0_safety_0,1,0.1398925768880872,264,0.311875,0.0,0.25,0,172,0,0,-0.0016575704794377089,32.373931884765625,1.5371229648590088,4.861759953200817e-05,0.0,0.2442559003829956
792,guidance_0_capability_0_safety_0,1,0.10373046851964318,264,0.5175,0.0,0.375,0,428,0,0,-0.00046896221465431154,1.584905743598938,1.5172213315963745,-0.0006665019318461418,0.0,0.2657907009124756
793,guidance_0_capability_0_safety_0,1,0.1122949209093349,264,0.7225,0.0,0.625,0,684,0,0,-0.0010959760984405875,2.4095442295074463,1.5260661840438843,-0.00033083869493566453,0.0,0.2690008282661438
794,guidance_0_capability_0_safety_0,1,-0.02024414125844487,264,0.753125,0.0,0.625,0,940,0,0,-0.0009662981028668582,0.419366717338562,1.5404367446899414,-0.0002642024774104357,0.0,0.25134530663490295
795,guidance_0_capability_0_safety_0,1,0.14917968533700332,265,0.2925,0.0,0.25,0,196,0,0,-0.0017274366691708565,2.2228519916534424,1.5180435180664062,0.0008708887035027146,0.0,0.2618412971496582
796,guidance_0_capability_0_safety_0,1,0.0454296874559077,265,0.38,0.0,0.5,0,452,0,0,0.00032096978975459933,2.1109538078308105,1.5275192260742188,0.0004145884304307401,0.0,0.27036306262016296
797,guidance_0_capability_0_safety_0,1,0.15527343870417099,265,0.604375,0.0,1.0,0,708,0,0,0.0004457446630112827,10.152777671813965,1.5406599044799805,0.000110941706225276,0.0,0.2539860010147095
798,guidance_0_capability_0_safety_0,1,0.024453124122373993,265,0.70125,0.0,1.0,0,964,0,0,-0.0006800983101129532,1.011436104774475,1.5310935974121094,-0.00011656107380986214,0.0,0.2556365132331848
799,guidance_0_capability_0_safety_0,1,0.17516601444367552,267,0.24625,0.0,0.625,0,188,0,0,-0.0007777816499583423,19.89596176147461,1.5155620574951172,0.0010987264104187489,0.0,0.2540012001991272
800,guidance_0_capability_0_safety_0,1,0.046416015036811586,267,0.38375,0.0,0.625,0,444,0,0,0.0006092138355597854,0.9602811336517334,1.541338324546814,0.00037161618820391595,0.0,0.25912022590637207
801,guidance_0_capability_0_safety_0,1,0.09418945113793598,267,0.574375,0.0,0.75,0,700,0,0,-0.0006375815719366074,2.7869858741760254,1.5107825994491577,0.00017006020061671734,0.0,0.2657493054866791
802,guidance_0_capability_0_safety_0,1,0.014296874811407179,267,0.65125,0.0,0.75,0,956,0,0,-0.008387290872633457,0.804261326789856,1.5185868740081787,0.0047156065702438354,0.0,0.25359046459198
803,guidance_0_capability_0_safety_0,1,0.22726562537718564,268,0.34625,0.0,0.25,0,212,0,0,0.0023345041554421186,3.837777853012085,1.407795786857605,-0.004046725109219551,0.0,0.3093675374984741
804,guidance_0_capability_0_safety_0,1,0.0832128879847005,268,0.4875,0.0,0.625,0,468,0,0,-0.0016890966799110174,3.612593173980713,1.422949194908142,-0.001807717839255929,0.0,0.299533486366272
805,guidance_0_capability_0_safety_0,1,0.041542968014255166,268,0.6,0.0,0.75,0,724,0,0,-0.0005263059283606708,2.442556381225586,1.4309810400009155,0.0017407468985766172,0.0,0.28738701343536377
806,guidance_0_capability_0_safety_0,1,0.02292968734400347,268,0.679375,0.0,0.875,0,980,0,0,-0.001384881790727377,2.5386765003204346,1.4069303274154663,0.0021436407696455717,0.0,0.3034859299659729
807,guidance_0_capability_0_safety_0,1,0.17200195082114078,269,0.275625,0.0,0.625,0,236,0,0,-0.0013203590642660856,6.564586162567139,1.4000600576400757,0.0005642198375426233,0.0,0.29585331678390503
808,guidance_0_capability_0_safety_0,1,0.019960937337600626,269,0.370625,0.0,0.625,0,492,0,0,-0.0005004036938771605,1.4046485424041748,1.3803291320800781,-0.0005449502496048808,0.0,0.3255758285522461
809,guidance_0_capability_0_safety_0,1,0.02664062409894541,269,0.476875,0.0,0.625,0,748,0,0,-0.001398207969032228,1.4798128604888916,1.3813456296920776,0.0006460903096012771,0.0,0.30761483311653137
810,guidance_0_capability_0_safety_0,1,0.0714843742607627,270,0.01,0.0,0.0,0,4,0,0,-0.000197955101612024,1.770836591720581,1.373437762260437,0.0013840910978615284,0.0,0.30787283182144165
811,guidance_0_capability_0_safety_0,1,0.20761718620997272,271,0.32125,0.0,0.25,0,223,0,0,-0.00022199875093065202,19.315340042114258,1.3607558012008667,-0.0004238649271428585,0.0,0.3252691626548767
812,guidance_0_capability_0_safety_0,1,0.08740234354263521,271,0.520625,0.0,0.25,0,479,0,0,-0.0012943062465637922,1.2292157411575317,1.3570702075958252,0.00012733291077893227,0.0,0.3183194100856781
813,guidance_0_capability_0_safety_0,1,0.1275683605526865,271,0.72375,0.0,0.625,0,735,0,0,-0.0004347975773271173,5.074001312255859,1.3505624532699585,-0.0002384536637691781,0.0,0.3332977294921875
814,guidance_0_capability_0_safety_0,1,-0.000439454015577212,271,0.785625,0.0,0.625,0,991,0,0,-0.0030731044244021177,0.6315487623214722,1.3379499912261963,0.000141939235618338,0.0,0.3347109258174896
815,guidance_0_capability_0_safety_0,1,0.16704101239156444,273,0.3,0.0,0.25,0,236,0,0,-0.0011677313596010208,17.297080993652344,1.3298466205596924,-0.0005986790638417006,0.0182291679084301,0.3456699252128601
816,guidance_0_capability_0_safety_0,1,0.2155273433563707,273,0.641875,0.0,0.625,0,492,0,0,0.0006186602404341102,3.446180820465088,1.3493928909301758,-5.825104744872078e-05,0.0,0.32021695375442505
817,guidance_0_capability_0_safety_0,1,0.06337890384020284,273,0.765,0.0,0.875,0,748,0,0,-0.000795659318100661,2.3022079467773438,1.3547101020812988,0.0002797053602989763,0.0,0.3218892514705658
818,guidance_0_capability_0_safety_0,1,0.02183593683730578,274,0.011875,0.0,0.0,0,4,0,0,-0.006446766667068005,0.9947866201400757,1.3293263912200928,0.003717135637998581,0.0,0.32958078384399414
819,guidance_0_capability_0_safety_0,1,0.2605273408080393,276,0.441875,0.0,0.5,0,238,0,0,-0.0014980919659137726,28.02529525756836,1.286616325378418,0.006317306309938431,0.0,0.3316638469696045
820,guidance_0_capability_0_safety_0,1,0.0666796879049798,276,0.5775,0.0,0.625,0,494,0,0,-0.0011251730611547828,2.3866684436798096,1.2483172416687012,0.004095092415809631,0.0,0.3544405400753021
821,guidance_0_capability_0_safety_0,1,0.020068358891876414,276,0.65875,0.0,0.625,0,750,0,0,-0.00031129614217206836,1.2493131160736084,1.2180616855621338,0.0006014606333337724,0.0,0.4013732373714447
822,guidance_0_capability_0_safety_0,1,0.055371092370478436,277,0.015625,0.0,0.0,0,6,0,0,0.00016350485384464264,2.706496477127075,1.193943738937378,-0.0010938062332570553,0.0,0.4231409728527069
823,guidance_0_capability_0_safety_0,1,0.12080078001599759,278,0.29125,0.0,0.5,0,222,0,0,-0.0001626772282179445,27.589984893798828,1.2017890214920044,0.00028410329832695425,0.0,0.40083885192871094
824,guidance_0_capability_0_safety_0,1,0.12725585949374363,278,0.550625,0.0,0.5,0,478,0,0,-0.0008952873758971691,3.880253791809082,1.2233874797821045,0.0003008199273608625,0.0,0.3946821689605713
825,guidance_0_capability_0_safety_0,1,0.03273437434472726,278,0.635,0.0,0.625,0,734,0,0,-0.000104537233710289,1.886563777923584,1.2071837186813354,-0.00028247316367924213,0.0,0.3981659412384033
826,guidance_0_capability_0_safety_0,1,0.030146484637953108,278,0.738125,0.0,0.625,0,990,0,0,-0.007583308033645153,0.7192320227622986,1.1506836414337158,0.0011743144132196903,0.0,0.42320317029953003
827,guidance_0_capability_0_safety_0,1,0.23309570065248408,279,0.35875,0.0,0.5,0,246,0,0,0.00041680241702124476,6.452964782714844,1.1228184700012207,-0.0039425999857485294,0.0,0.44591397047042847
828,guidance_0_capability_0_safety_0,1,0.1503515619697282,279,0.619375,0.0,0.75,0,502,0,0,0.0016147356946021318,3.1391289234161377,1.0619076490402222,0.0021086297929286957,0.0,0.47273069620132446
829,guidance_0_capability_0_safety_0,1,0.014726563531439751,279,0.681875,0.0,0.875,0,758,0,0,-0.0024318124633282423,0.7962180376052856,1.0203884840011597,0.001982468878850341,0.0,0.49165868759155273
830,guidance_0_capability_0_safety_0,1,0.01760742252736236,280,0.026875,0.0,0.0,0,14,0,0,-0.002049738075584173,0.6872315406799316,1.004190444946289,0.0010557620553299785,0.0,0.504747211933136
831,guidance_0_capability_0_safety_0,1,0.03863281221129,280,0.145,0.0,0.0,0,270,0,0,-0.001172273769043386,6.754306316375732,0.9952802658081055,0.0002813412284012884,0.0,0.4836130142211914
832,guidance_0_capability_0_safety_0,1,-0.03082031276426278,280,0.154375,0.0,0.0,0,526,0,0,0.0006982646882534027,6.990862846374512,0.984732985496521,0.001656112028285861,0.0,0.49113044142723083
833,guidance_0_capability_0_safety_0,1,0.23604492183949333,280,0.49625,0.0,0.625,0,782,0,0,-0.00033586722565814853,6.8091888427734375,1.0305228233337402,-3.718779043992981e-05,0.0,0.510826587677002
834,guidance_0_capability_0_safety_0,1,0.00980468638590537,283,0.008125,0.0,0.0,0,3,0,0,0.0001646926102694124,39.196815490722656,0.9892144203186035,-5.41697590961121e-05,0.0,0.5300008058547974
835,guidance_0_capability_0_safety_0,1,0.13892578227387276,286,0.2625,0.0,0.25,0,172,0,0,-2.6658177375793457e-05,51.415550231933594,0.9938135147094727,0.00014697606093250215,0.0,0.5181738138198853
836,guidance_0_capability_0_safety_0,1,0.029160156816942617,286,0.348125,0.0,0.375,0,428,0,0,-0.00012369020259939134,2.3561971187591553,0.9971435070037842,3.707067662617192e-05,0.0,0.531529426574707
837,guidance_0_capability_0_safety_0,1,0.05226562556345016,286,0.489375,0.0,0.375,0,684,0,0,-0.0008703693747520447,3.876008987426758,0.982397735118866,-0.00020726816728711128,0.0,0.5361993312835693
838,guidance_0_capability_0_safety_0,1,0.06948242026919615,286,0.628125,0.0,0.5,0,940,0,0,-0.0001913647574838251,2.261133909225464,0.9618496298789978,-0.00024202652275562286,0.0,0.5314254760742188
839,guidance_0_capability_0_safety_0,1,0.2102832042000955,287,0.26375,0.0,0.375,0,196,0,0,-0.0008230991661548615,4.462021827697754,0.969122588634491,0.0006970978574827313,0.0,0.5238387584686279
840,guidance_0_capability_0_safety_0,1,0.07566406455589458,287,0.42,0.0,0.5,0,452,0,0,-0.0007160156965255737,3.3258583545684814,0.9654125571250916,0.00041650672210380435,0.0,0.5419265031814575
841,guidance_0_capability_0_safety_0,1,0.003398438078875188,287,0.4625,0.0,0.625,0,708,0,0,-0.0017593360971659422,0.690141499042511,0.9437946677207947,0.0007120295776985586,0.0,0.5660605430603027
842,guidance_0_capability_0_safety_0,1,0.03471679671201855,287,0.571875,0.0,0.625,0,964,0,0,-0.00029271841049194336,1.472008228302002,0.9298598170280457,0.00011847548739751801,0.0,0.5524083971977234
843,guidance_0_capability_0_safety_0,1,0.17800781526239007,288,0.355,0.0,0.5,0,220,0,0,-0.00032027409179136157,3.009291172027588,0.946351945400238,9.27806831896305e-06,0.0,0.5500802397727966
844,guidance_0_capability_0_safety_0,1,0.004160156779107638,288,0.41875,0.0,0.5,0,476,0,0,4.141436511417851e-05,2.0775136947631836,0.9512362480163574,0.0001286710612475872,0.0,0.5476893782615662
845,guidance_0_capability_0_safety_0,1,-0.03449218752211891,288,0.42125,0.0,0.5,0,732,0,0,-0.0005763471126556396,1.1830697059631348,0.9395471811294556,0.0003394130035303533,0.0,0.560931921005249
846,guidance_0_capability_0_safety_0,1,0.09871093922265572,288,0.574375,0.0,0.875,0,988,0,0,-0.00030123721808195114,6.2820353507995605,0.9452918767929077,-2.3866849005571567e-05,0.0,0.5344364047050476
847,guidance_0_capability_0_safety_0,1,0.22764648507290985,289,0.3325,0.0,0.5,0,244,0,0,-0.0005129072815179825,2.919395685195923,0.9238049387931824,-0.0002753864391706884,0.0,0.5573603510856628
848,guidance_0_capability_0_safety_0,1,0.06093749997307896,289,0.465625,0.0,0.625,0,500,0,0,-0.0008942000567913055,2.0319228172302246,0.9411444664001465,-0.00010436408774694428,0.0,0.5562761425971985
849,guidance_0_capability_0_safety_0,1,0.09740234473065357,289,0.659375,0.0,0.75,0,756,0,0,-7.85263255238533e-05,3.161364793777466,0.9407463073730469,-0.00022399301815312356,0.0,0.5527951717376709
850,guidance_0_capability_0_safety_0,1,-0.0015429683335241862,290,0.01875,0.0,0.0,0,12,0,0,-0.00023941199469845742,0.31541377305984497,0.9659120440483093,-0.00032393098808825016,0.0,0.5379726886749268
851,guidance_0_capability_0_safety_0,1,0.12898437620606273,290,0.26375,0.0,0.125,0,268,0,0,-0.0009340322576463223,3.6990137100219727,1.0604465007781982,-0.00033660148619674146,0.0,0.4820355772972107
852,guidance_0_capability_0_safety_0,1,0.2339355471340241,290,0.59375,0.0,0.75,0,524,0,0,-0.0006694294279441237,5.371500015258789,1.0313162803649902,-0.0002593240642454475,0.0,0.495968222618103
853,guidance_0_capability_0_safety_0,1,0.024853515777067514,290,0.68625,0.0,0.75,0,780,0,0,-0.00580101553350687,0.6980879306793213,1.015349268913269,0.0023125456646084785,0.0,0.5191827416419983
854,guidance_0_capability_0_safety_0,1,0.08608398474461865,291,0.084375,0.0,0.0,0,36,0,0,0.0037897040601819754,3.4435439109802246,1.1517149209976196,0.0027911835350096226,0.13671875,0.44951221346855164
855,guidance_0_capability_0_safety_0,1,0.22845703137500095,291,0.4325,0.0,0.5,0,292,0,0,-0.0004683404113166034,3.802464246749878,1.2618799209594727,0.005272052716463804,0.0,0.3848991096019745
856,guidance_0_capability_0_safety_0,1,0.013046874402789399,291,0.495,0.0,0.625,0,548,0,0,-0.002550424076616764,1.4113574028015137,1.2647571563720703,0.0018240686040371656,0.0,0.3793470561504364
857,guidance_0_capability_0_safety_0,1,0.09507812380616087,291,0.66125,0.0,0.875,0,804,0,0,-0.0036259829066693783,4.671038627624512,1.2787656784057617,0.0020116185769438744,0.0,0.35792529582977295
858,guidance_0_capability_0_safety_0,1,0.1289453118079109,292,0.136875,0.0,0.25,0,60,0,0,-0.00021568872034549713,2.778770923614502,1.3067721128463745,0.0001380493340548128,0.0,0.34043359756469727
859,guidance_0_capability_0_safety_0,1,0.19106445130819338,292,0.48,0.0,0.375,0,316,0,0,-0.00017213667160831392,1.518467664718628,1.3185515403747559,-0.00046653705067001283,0.0,0.33243268728256226
860,guidance_0_capability_0_safety_0,1,0.024306639803398866,292,0.57,0.0,0.375,0,572,0,0,-0.000704404606949538,2.3648245334625244,1.3201618194580078,-0.0004268718766979873,0.0,0.3305301368236542
861,guidance_0_capability_0_safety_0,1,-0.004501953739236342,292,0.623125,0.0,0.375,0,828,0,0,-0.00012553762644529343,0.742699146270752,1.339482307434082,0.00038723129546269774,0.0,0.32559120655059814
862,guidance_0_capability_0_safety_0,1,0.10975585717824288,293,0.1775,0.0,0.375,0,84,0,0,-0.0006985035724937916,3.7425289154052734,1.3317493200302124,-0.0001429890689905733,0.0,0.32732510566711426
863,guidance_0_capability_0_safety_0,1,0.09208984243014129,293,0.338125,0.0,0.625,0,340,0,0,-0.0005317796021699905,0.9713373184204102,1.34542977809906,-0.00022311307839117944,0.0,0.31444302201271057
864,guidance_0_capability_0_safety_0,1,0.1470117201533867,293,0.609375,0.0,0.75,0,596,0,0,-0.00016921758651733398,4.275642395019531,1.330657720565796,0.0005361700896173716,0.0,0.3243236243724823
865,guidance_0_capability_0_safety_0,1,0.045292967774003046,293,0.720625,0.0,0.875,0,852,0,0,-0.000897421850822866,2.370131731033325,1.3388984203338623,-6.0151487559778616e-05,0.0,0.32731080055236816
866,guidance_0_capability_0_safety_0,1,0.15609374979976565,294,0.22,0.0,0.375,0,108,0,0,-0.0007051729480735958,3.4209022521972656,1.338669776916504,-0.00030839297687634826,0.0,0.322986900806427
867,guidance_0_capability_0_safety_0,1,0.16647460862077423,294,0.50375,0.0,0.625,0,364,0,0,-0.0010514523601159453,1.8942787647247314,1.356610655784607,0.0002894723729696125,0.0,0.32120606303215027
868,guidance_0_capability_0_safety_0,1,0.07559570334706223,294,0.665,0.0,0.75,0,620,0,0,-0.0029372330754995346,2.05906081199646,1.3651487827301025,0.0008187998319044709,0.0,0.30878686904907227
869,guidance_0_capability_0_safety_0,1,0.051494141302100616,294,0.783125,0.0,0.875,0,876,0,0,-0.004433715716004372,1.5536880493164062,1.3375442028045654,9.604745719116181e-05,0.0,0.3275459110736847
870,guidance_0_capability_0_safety_0,1,0.12017578162704012,295,0.194375,0.0,0.375,0,132,0,0,-0.0004286770708858967,2.8498659133911133,1.3028374910354614,0.002699479227885604,0.0,0.3357923924922943
871,guidance_0_capability_0_safety_0,1,0.10763671842869371,295,0.40375,0.0,0.5,0,388,0,0,-0.0009500844171270728,1.4648512601852417,1.3141093254089355,0.0012197315227240324,0.0,0.33945465087890625
872,guidance_0_capability_0_safety_0,1,0.16057617474507424,295,0.671875,0.0,0.75,0,644,0,0,0.00017834827303886414,4.005504608154297,1.2973040342330933,0.0003695627674460411,0.0,0.3516310155391693
873,guidance_0_capability_0_safety_0,1,0.038164062571013346,295,0.76125,0.0,0.875,0,900,0,0,-0.002279644599184394,1.4871995449066162,1.2783901691436768,0.0006726679857820272,0.0,0.37870630621910095
874,guidance_0_capability_0_safety_0,1,0.1388574222510215,296,0.240625,0.0,0.25,0,156,0,0,-0.00032681599259376526,1.8941168785095215,1.320957064628601,-0.000117707226308994,0.0,0.3483210504055023
875,guidance_0_capability_0_safety_0,1,0.18978515582421096,296,0.580625,0.0,0.375,0,412,0,0,-0.0013114295434206724,2.298581123352051,1.3298377990722656,0.0009299551602452993,0.0,0.34563302993774414
876,guidance_0_capability_0_safety_0,1,0.09763671899418114,296,0.75875,0.0,0.625,0,668,0,0,0.0005152890225872397,3.6540896892547607,1.3187146186828613,-1.475874705647584e-05,0.0,0.35059112310409546
877,guidance_0_capability_0_safety_0,1,0.005791016596049303,296,0.799375,0.0,0.75,0,924,0,0,-0.0003308989107608795,0.9567338824272156,1.3558725118637085,-0.0004485513491090387,0.0,0.3236037492752075
878,guidance_0_capability_0_safety_0,1,0.144599609040597,297,0.275,0.0,0.125,0,180,0,0,-0.0008078357204794884,2.3765015602111816,1.3240413665771484,0.00030138305737636983,0.0,0.35184741020202637
879,guidance_0_capability_0_safety_0,1,0.1437109363687341,297,0.506875,0.0,0.5,0,436,0,0,-0.001340558286756277,3.168410301208496,1.3497971296310425,0.0004063943342771381,0.0,0.33421921730041504
880,guidance_0_capability_0_safety_0,1,0.057822265105642145,297,0.634375,0.0,0.625,0,692,0,0,-0.0030363835394382477,1.4306433200836182,1.3371901512145996,0.0007614640053361654,0.0,0.3140266537666321
881,guidance_0_capability_0_safety_0,1,0.05911132744222414,297,0.75,0.0,0.875,0,948,0,0,-0.0006919773295521736,1.5317106246948242,1.3080577850341797,0.0006613267469219863,0.0,0.3469564914703369
882,guidance_0_capability_0_safety_0,1,0.16984374999447027,298,0.2725,0.0,0.375,0,204,0,0,-0.0004859697073698044,3.5801198482513428,1.2875871658325195,0.0002497187815606594,0.0,0.3550584316253662
883,guidance_0_capability_0_safety_0,1,0.11122070290366537,298,0.490625,0.0,0.5,0,460,0,0,-0.0010871950071305037,2.214397430419922,1.3240022659301758,0.0008236783905886114,0.0,0.33409664034843445
884,guidance_0_capability_0_safety_0,1,-0.03855468821711838,298,0.490625,0.0,0.5,0,716,0,0,0.00017704442143440247,1.3878424167633057,1.2620384693145752,-0.0010467511601746082,0.0,0.35144132375717163
885,guidance_0_capability_0_safety_0,1,0.14709961042171926,298,0.745625,0.0,0.75,0,972,0,0,-0.0008285384392365813,8.423194885253906,1.3055332899093628,-4.20128162659239e-05,0.0,0.3508068919181824
886,guidance_0_capability_0_safety_0,1,0.19490234174736543,299,0.31875,0.0,0.375,0,228,0,0,-0.000688756990712136,3.3626766204833984,1.2791385650634766,-7.518474012613297e-05,0.0,0.3488958775997162
887,guidance_0_capability_0_safety_0,1,0.12974609165030415,299,0.548125,0.0,0.625,0,484,0,0,-0.0004389969108160585,3.6375365257263184,1.297888159751892,0.0006270166486501694,0.0,0.34103092551231384
888,guidance_0_capability_0_safety_0,1,0.051396483191638254,299,0.671875,0.0,0.75,0,740,0,0,-0.0029299440793693066,1.5449033975601196,1.2903369665145874,0.000802858208771795,0.0,0.35844582319259644
889,guidance_0_capability_0_safety_0,1,0.009814452885620994,299,0.740625,0.0,0.75,0,996,0,0,-0.00491075124591589,0.40473127365112305,1.3080960512161255,0.0014142978470772505,0.0,0.34937143325805664
890,guidance_0_capability_0_safety_0,1,0.2991699248123041,300,0.465,0.0,0.5,0,252,0,0,-0.004064238630235195,4.646101951599121,1.284196376800537,0.0017488243756815791,0.01171875,0.3767768144607544
891,guidance_0_capability_0_safety_0,1,0.1112988295062678,300,0.65,0.0,0.875,0,508,0,0,0.0018655018648132682,2.287292957305908,1.2995796203613281,-0.002132466761395335,0.0,0.35218486189842224
892,guidance_0_capability_0_safety_0,1,0.03374023403011961,300,0.763125,0.0,0.875,0,764,0,0,-0.0034926426596939564,1.4185974597930908,1.3363813161849976,0.002642589621245861,0.0026041667442768812,0.3397907614707947
893,guidance_0_capability_0_safety_0,1,0.049853515261929715,301,0.0375,0.0,0.25,0,20,0,0,-0.003328619059175253,1.0488908290863037,1.2795765399932861,0.006079352926462889,0.0,0.3529582917690277
894,guidance_0_capability_0_safety_0,1,0.2444140626466833,301,0.415,0.0,0.75,0,276,0,0,-0.003169766627252102,2.37502384185791,1.2157940864562988,0.0020906548015773296,0.0,0.3900601267814636
895,guidance_0_capability_0_safety_0,1,0.04282226617215201,301,0.526875,0.0,0.875,0,532,0,0,-0.0002024555578827858,4.5942277908325195,1.188024878501892,0.00023888253781478852,0.0,0.40706169605255127
896,guidance_0_capability_0_safety_0,1,0.0670214843848953,301,0.675625,0.0,1.0,0,788,0,0,-0.001265278784558177,2.186166286468506,1.207573652267456,0.001592943910509348,0.0,0.3974134922027588
897,guidance_0_capability_0_safety_0,1,0.06964843732566806,302,0.086875,0.0,0.125,0,44,0,0,-0.0008933128556236625,1.048936128616333,1.1759812831878662,-0.00013688020408153534,0.0,0.4165194034576416
898,guidance_0_capability_0_safety_0,1,0.10029296988795977,302,0.29,0.0,0.25,0,300,0,0,0.0007564341649413109,3.6671669483184814,1.0515556335449219,-0.00013103126548230648,0.0,0.4780622720718384
899,guidance_0_capability_0_safety_0,1,-0.0169921880151378,302,0.324375,0.0,0.25,0,556,0,0,-0.00037328340113162994,7.00922966003418,1.2217199802398682,-5.511287599802017e-05,0.0,0.3968449532985687
900,guidance_0_capability_0_safety_0,1,0.09027343685738742,302,0.4925,0.0,0.5,0,812,0,0,-0.0003134971484541893,3.5671205520629883,1.121084213256836,-0.0004646763554774225,0.0,0.45927953720092773
901,guidance_0_capability_0_safety_0,1,0.1586132789234398,303,0.153125,0.0,0.0,0,68,0,0,-0.00041625899029895663,2.9267592430114746,1.0868346691131592,0.00020657852292060852,0.0,0.4677879214286804
902,guidance_0_capability_0_safety_0,1,0.02189453152823262,303,0.25,0.0,0.0,0,324,0,0,-0.0007599601522088051,8.798888206481934,1.1120209693908691,8.713299394003116e-06,0.0,0.4358918368816376
903,guidance_0_capability_0_safety_0,1,0.12170898448312073,303,0.463125,0.0,0.25,0,580,0,0,-0.00021227853721939027,1.6552032232284546,1.1390382051467896,-0.00031177973141893744,0.0,0.45694059133529663
904,guidance_0_capability_0_safety_0,1,-0.03688476615934633,303,0.465,0.0,0.25,0,836,0,0,-0.00016864202916622162,1.533239722251892,1.0005055665969849,-0.00010887300595641136,0.0,0.5177074074745178
905,guidance_0_capability_0_safety_0,1,0.17590820400801022,304,0.2025,0.0,0.25,0,92,0,0,-0.0006258593639358878,4.189070701599121,1.1383404731750488,-0.00022487761452794075,0.0,0.43499955534935
906,guidance_0_capability_0_safety_0,1,0.029414062257274054,304,0.291875,0.0,0.375,0,348,0,0,-0.0006137245218269527,2.4429779052734375,1.0889995098114014,-7.824615749996156e-05,0.0,0.4619254469871521
907,guidance_0_capability_0_safety_0,1,0.02915038996434305,304,0.38125,0.0,0.5,0,604,0,0,-0.0013999778311699629,1.6844329833984375,1.1529886722564697,-0.0006946817738935351,0.0,0.4374198317527771
908,guidance_0_capability_0_safety_0,1,0.11424804760827101,304,0.620625,0.0,0.5,0,860,0,0,0.0003006448969244957,2.7888236045837402,1.2045259475708008,0.000297528225928545,0.0,0.4125395715236664
909,guidance_0_capability_0_safety_0,1,0.13681640584400157,305,0.20375,0.0,0.25,0,116,0,0,-0.0009045830811373889,1.2751964330673218,1.074089527130127,-0.00030853235512040555,0.0,0.47394096851348877
910,guidance_0_capability_0_safety_0,1,-0.0015527346404269338,305,0.2625,0.0,0.25,0,372,0,0,-0.0010201161494478583,3.1522865295410156,1.0783339738845825,0.0005085497978143394,0.0,0.4802495837211609
911,guidance_0_capability_0_safety_0,1,0.13069335901673185,305,0.505625,0.0,0.375,0,628,0,0,-0.0002242183982161805,2.3911869525909424,1.2056553363800049,0.0003590962733142078,0.0,0.4223416745662689
912,guidance_0_capability_0_safety_0,1,-0.037968750548316166,305,0.505625,0.0,0.375,0,884,0,0,-7.984911644598469e-05,1.4041733741760254,1.0177483558654785,-1.7428770661354065e-05,0.0,0.5202201008796692
913,guidance_0_capability_0_safety_0,1,0.16575195478071691,306,0.251875,0.0,0.25,0,140,0,0,-0.00021697208285331726,2.5459256172180176,1.168480634689331,-0.0002381408994551748,0.0,0.42960602045059204
914,guidance_0_capability_0_safety_0,1,0.04529296880355105,306,0.385,0.0,0.25,0,396,0,0,0.00017088590539060533,3.9910411834716797,1.0693072080612183,0.00040032187826000154,0.0,0.49723029136657715
915,guidance_0_capability_0_safety_0,1,0.02710937503434252,306,0.470625,0.0,0.375,0,652,0,0,-0.002243372146040201,1.4317970275878906,1.177302360534668,-0.0005043323617428541,0.0,0.42987626791000366
916,guidance_0_capability_0_safety_0,1,0.04247070226119831,306,0.598125,0.0,0.375,0,908,0,0,-0.0012551977997645736,0.8248182535171509,1.1636757850646973,-0.0011653231922537088,0.0,0.4273991584777832
917,guidance_0_capability_0_safety_0,1,0.1578906253889727,307,0.214375,0.0,0.25,0,164,0,0,-0.0004699997080024332,4.204064846038818,1.1509689092636108,0.00017493792984168977,0.0,0.44168028235435486
918,guidance_0_capability_0_safety_0,1,0.09860351467796136,307,0.39625,0.0,0.5,0,420,0,0,-0.0020360192283988,4.123055458068848,1.2160799503326416,0.0014388845302164555,0.0,0.41350945830345154
919,guidance_0_capability_0_safety_0,1,0.11331054508627858,307,0.600625,0.0,0.75,0,676,0,0,-0.0017104882281273603,3.1012635231018066,1.1813390254974365,0.0014706079382449389,0.0,0.4305751919746399
920,guidance_0_capability_0_safety_0,1,0.033779295426938916,307,0.670625,0.0,1.0,0,932,0,0,-0.002224196447059512,1.745384693145752,1.318450927734375,0.00013689766637980938,0.0,0.34970033168792725
921,guidance_0_capability_0_safety_0,1,0.25736327981576324,308,0.311875,0.0,0.5,0,188,0,0,-0.0011489273747429252,3.7695775032043457,1.1964000463485718,0.0007243495201691985,0.0,0.4104371964931488
922,guidance_0_capability_0_safety_0,1,0.20675781178942998,308,0.661875,0.0,0.75,0,444,0,0,-0.0005771052092313766,4.786909103393555,1.2822329998016357,-0.00036157871363684535,0.0,0.3638072907924652
923,guidance_0_capability_0_safety_0,1,0.07692382770619588,308,0.8275,0.0,0.875,0,700,0,0,-0.0017718396848067641,1.8650357723236084,1.3258216381072998,0.0011860947124660015,0.0,0.34171661734580994
924,guidance_0_capability_0_safety_0,1,-0.004931640953145688,308,0.871875,0.0,0.875,0,956,0,0,-0.0007981242379173636,0.7214237451553345,1.3111019134521484,0.0022889929823577404,0.0,0.36408209800720215
925,guidance_0_capability_0_safety_0,1,0.24378906330093741,309,0.418125,0.0,0.25,0,212,0,0,-0.0010685715824365616,2.667975902557373,1.2947582006454468,-0.00045596406562253833,0.0,0.35893136262893677
926,guidance_0_capability_0_safety_0,1,0.10277343589041266,309,0.6025,0.0,0.5,0,468,0,0,0.000395268842112273,2.9968979358673096,1.3099027872085571,0.0002653853443916887,0.0,0.35034632682800293
927,guidance_0_capability_0_safety_0,1,0.029902343227149686,309,0.68375,0.0,0.625,0,724,0,0,-0.0016866510268300772,2.4658825397491455,1.4078010320663452,-4.9998052418231964e-05,0.0,0.2998353838920593
928,guidance_0_capability_0_safety_0,1,0.06125976362818619,309,0.825,0.0,0.75,0,980,0,0,-0.000493976753205061,1.9707578420639038,1.3382905721664429,-0.0003577607567422092,0.0,0.3356893062591553
929,guidance_0_capability_0_safety_0,1,0.18923827797698323,311,0.36125,0.0,0.25,0,230,0,0,-0.001592261716723442,15.610319137573242,1.312742829322815,0.0008565701427869499,0.0,0.3354761004447937
930,guidance_0_capability_0_safety_0,1,0.13040039112456725,311,0.606875,0.0,0.375,0,486,0,0,-0.0008278681780211627,3.2287111282348633,1.3696184158325195,0.0003412195364944637,0.0,0.31900957226753235
931,guidance_0_capability_0_safety_0,1,0.020996093404392013,311,0.690625,0.0,0.375,0,742,0,0,-0.0005583334714174271,2.457170248031616,1.3058407306671143,0.00019450199033599347,0.0,0.34697842597961426
932,guidance_0_capability_0_safety_0,1,0.03509765696435352,311,0.799375,0.0,0.5,0,998,0,0,-0.0024262620136141777,2.9073948860168457,1.373081922531128,0.0003681930247694254,0.0,0.3062954843044281
933,guidance_0_capability_0_safety_0,1,0.21933593654466677,312,0.38,0.0,0.25,0,254,0,0,-0.0009102210169658065,2.220489978790283,1.3005133867263794,-0.0005817929632030427,0.0,0.3539382815361023
934,guidance_0_capability_0_safety_0,1,0.14525390568451257,312,0.62625,0.0,0.5,0,510,0,0,-0.0004463844816200435,4.0501909255981445,1.3202522993087769,0.00013219736865721643,0.0,0.33792418241500854
935,guidance_0_capability_0_safety_0,1,0.014814452260907274,312,0.68375,0.0,0.625,0,766,0,0,-0.0004847658274229616,1.4893293380737305,1.3049970865249634,0.0005706057418137789,0.0,0.3496778607368469
936,guidance_0_capability_0_safety_0,1,-0.023281250836589606,313,0.043125,0.0,0.0,0,22,0,0,-0.000917342840693891,0.6646292209625244,1.3408632278442383,-0.0003008225467056036,0.0,0.337401807308197
937,guidance_0_capability_0_safety_0,1,0.2499218752636807,313,0.44125,0.0,0.375,0,278,0,0,-0.0015085909981280565,7.188345909118652,1.2991054058074951,0.00032611022470518947,0.0,0.342850923538208
938,guidance_0_capability_0_safety_0,1,0.12839843822803232,313,0.66375,0.0,0.625,0,534,0,0,0.00041979397065006196,2.6312131881713867,1.2910568714141846,-0.0001594883797224611,0.0,0.3583194613456726
939,guidance_0_capability_0_safety_0,1,0.018906249631982064,313,0.74375,0.0,0.625,0,790,0,0,-0.0031192691531032324,0.44837841391563416,1.262477159500122,0.0021413639187812805,0.0,0.37477609515190125
940,guidance_0_capability_0_safety_0,1,0.042675781030993676,314,0.09125,0.0,0.125,0,46,0,0,-0.0027391454204916954,1.0131008625030518,1.2979722023010254,0.003171192482113838,0.014322916977107525,0.3633043169975281
941,guidance_0_capability_0_safety_0,1,0.10843750091589754,314,0.313125,0.0,0.125,0,302,0,0,-0.0016828853404149413,4.579371452331543,1.3261148929595947,0.0017130490159615874,0.00390625,0.3367960453033447
942,guidance_0_capability_0_safety_0,1,0.13724609285054612,314,0.546875,0.0,0.375,0,558,0,0,-0.00036801089299842715,2.646477222442627,1.257225513458252,0.0007355859270319343,0.0,0.3707711100578308
943,guidance_0_capability_0_safety_0,1,0.011396485337172635,314,0.5975,0.0,0.5,0,814,0,0,-0.0006161866476759315,1.2707072496414185,1.3338594436645508,0.00033877644455060363,0.0,0.3445526957511902
944,guidance_0_capability_0_safety_0,1,0.14533203205064638,315,0.14,0.0,0.125,0,70,0,0,-0.0010222544660791755,3.9343490600585938,1.2939209938049316,0.0007290116045624018,0.0,0.36220479011535645
945,guidance_0_capability_0_safety_0,1,0.21804687552139512,315,0.46625,0.0,0.625,0,326,0,0,-0.0004990734159946442,4.7679290771484375,1.2917935848236084,0.0007258313708007336,0.0,0.3444906175136566
946,guidance_0_capability_0_safety_0,1,0.01761718742636731,315,0.54625,0.0,0.625,0,582,0,0,-0.0010626334697008133,1.393794059753418,1.3273199796676636,-9.818941907724366e-05,0.0,0.3354087769985199
947,guidance_0_capability_0_safety_0,1,0.09964843792840838,315,0.736875,0.0,0.75,0,838,0,0,0.000456969253718853,3.69714617729187,1.2883862257003784,-0.00038202106952667236,0.0,0.37458473443984985
948,guidance_0_capability_0_safety_0,1,0.04767578241080628,317,0.168125,0.0,0.0,0,84,0,0,-0.0012344184797257185,18.669225692749023,1.2702033519744873,0.00024081107403617352,0.0,0.36226779222488403
949,guidance_0_capability_0_safety_0,1,0.12016601501818513,317,0.39375,0.0,0.125,0,340,0,0,-0.0005696149310097098,2.803138256072998,1.2971872091293335,3.643101081252098e-06,0.0,0.35162848234176636
950,guidance_0_capability_0_safety_0,1,0.08837890540598892,317,0.58875,0.0,0.125,0,596,0,0,-0.0009625073289498687,2.8610172271728516,1.2860773801803589,0.00047477794578298926,0.0,0.3582998514175415
951,guidance_0_capability_0_safety_0,1,0.01993164044324658,317,0.6675,0.0,0.125,0,852,0,0,-0.0008751467685215175,1.4244186878204346,1.2723246812820435,-0.0007411839324049652,0.0,0.37075862288475037
952,guidance_0_capability_0_safety_0,1,0.12779296824373887,318,0.19125,0.0,0.0,0,108,0,0,-0.0012278386857360601,2.918532371520996,1.2541977167129517,0.0009357553208246827,0.0,0.3632848858833313
953,guidance_0_capability_0_safety_0,1,0.18174804925729404,318,0.499375,0.0,0.25,0,364,0,0,-0.0015423217555508018,3.756265878677368,1.277969241142273,0.00014092944911681116,0.0,0.3471129834651947
954,guidance_0_capability_0_safety_0,1,0.0034082031052093953,318,0.553125,0.0,0.25,0,620,0,0,-0.0011094262590631843,1.8548452854156494,1.2275068759918213,9.533553384244442e-05,0.0,0.38559645414352417
955,guidance_0_capability_0_safety_0,1,-0.02238281284007826,318,0.563125,0.0,0.25,0,876,0,0,-0.0012719128280878067,0.7893749475479126,1.2776148319244385,-0.0007734920363873243,0.0,0.3658355474472046
956,guidance_0_capability_0_safety_0,1,0.0932812496976112,322,0.076875,0.0,0.0,0,58,0,0,-0.0017130149062722921,50.90956115722656,1.1263797283172607,0.0006069053779356182,0.0,0.4338645339012146
957,guidance_0_capability_0_safety_0,1,0.22149414100931608,322,0.450625,0.0,0.25,0,314,0,0,-0.00011843474203487858,3.5468974113464355,1.1848864555358887,-0.0011761629721149802,0.0,0.41677126288414
958,guidance_0_capability_0_safety_0,1,0.15945312533222022,322,0.70875,0.0,0.625,0,570,0,0,0.00021164570352993906,7.27100944519043,1.212555170059204,-0.0003479711594991386,0.0,0.39562225341796875
959,guidance_0_capability_0_safety_0,1,0.027607421568973223,322,0.7875,0.0,0.75,0,826,0,0,-0.0007417065789923072,1.329342246055603,1.1867961883544922,0.00017749347898643464,0.0,0.40455812215805054
960,guidance_0_capability_0_safety_0,1,0.08552734397744644,323,0.14625,0.0,0.0,0,82,0,0,-0.0004823046620003879,1.1513420343399048,1.1382551193237305,0.0006963994237594306,0.0,0.4303766191005707
961,guidance_0_capability_0_safety_0,1,0.11310546888489625,323,0.36625,0.0,0.125,0,338,0,0,-0.001917671412229538,2.202622652053833,1.2357537746429443,0.0019535673782229424,0.0,0.38594159483909607
962,guidance_0_capability_0_safety_0,1,0.187353515146242,323,0.64625,0.0,0.625,0,594,0,0,-0.0011146379401907325,3.3593294620513916,1.235205888748169,-0.0005168888601474464,0.0,0.3783109784126282
963,guidance_0_capability_0_safety_0,1,0.12290039105209871,323,0.840625,0.0,1.0,0,850,0,0,-0.0005887806182727218,7.062029838562012,1.2338593006134033,-0.00030637113377451897,0.0,0.39092373847961426
964,guidance_0_capability_0_safety_0,1,0.09696289184284979,324,0.21375,0.0,0.0,0,106,0,0,-0.0013876333832740784,0.6230967044830322,1.2235043048858643,-0.0002761303330771625,0.0,0.381943941116333
965,guidance_0_capability_0_safety_0,1,0.11355468691181159,324,0.425625,0.0,0.125,0,362,0,0,3.077431392739527e-05,2.0101499557495117,1.250218391418457,-7.363448094110936e-05,0.0,0.3797243535518646
966,guidance_0_capability_0_safety_0,1,0.10174804601774667,324,0.58625,0.0,0.5,0,618,0,0,-0.0013981163501739502,2.9804439544677734,1.212763786315918,9.636697359383106e-05,0.0,0.3991480767726898
967,guidance_0_capability_0_safety_0,1,0.07665038905179244,324,0.724375,0.0,0.75,0,874,0,0,0.00012240404612384737,2.1500637531280518,1.2663750648498535,0.0010767170460894704,0.0,0.37231969833374023
968,guidance_0_capability_0_safety_0,1,0.15196289025334409,326,0.2025,0.0,0.5,0,113,0,0,-0.0005517316749319434,24.308990478515625,1.220566749572754,0.0009273814503103495,0.0,0.3913823068141937
969,guidance_0_capability_0_safety_0,1,0.12298828116399818,326,0.4275,0.0,0.625,0,369,0,0,-0.006351479794830084,1.0468652248382568,1.263444423675537,0.003058316884562373,0.0026041667442768812,0.3609231412410736
970,guidance_0_capability_0_safety_0,1,0.06066406203171937,326,0.555,0.0,0.75,0,625,0,0,-0.0031318413093686104,1.184084177017212,1.2102019786834717,0.00034603726817294955,0.0026041667442768812,0.393681138753891
971,guidance_0_capability_0_safety_0,1,0.023369140530121513,326,0.64625,0.0,0.75,0,881,0,0,-0.003890314605087042,0.37138086557388306,1.126736044883728,0.005440562963485718,0.0,0.4218108355998993
972,guidance_0_capability_0_safety_0,1,0.15631835866952315,327,0.208125,0.0,0.5,0,137,0,0,0.0019720324780792,2.148522138595581,1.0369576215744019,0.0031731657218188047,0.0,0.4718882441520691
973,guidance_0_capability_0_safety_0,1,0.1286523442795442,327,0.43125,0.0,0.75,0,393,0,0,-9.839206177275628e-05,2.4732494354248047,0.9659942388534546,-0.0012079982552677393,0.0,0.5313760042190552
974,guidance_0_capability_0_safety_0,1,0.025107422519795364,327,0.52625,0.0,0.75,0,649,0,0,-0.0005432305624708533,1.0438423156738281,0.9995849132537842,0.0005810911534354091,0.0,0.4978884160518646
975,guidance_0_capability_0_safety_0,1,-0.0171289066929603,327,0.5575,0.0,0.75,0,905,0,0,-0.0008477044175378978,0.6727457046508789,0.994133472442627,-0.00027232005959376693,0.0,0.5206791758537292
976,guidance_0_capability_0_safety_0,1,0.1926855482015526,328,0.304375,0.0,0.25,0,161,0,0,-3.296261274954304e-05,2.936038017272949,0.9692715406417847,-0.0009570728288963437,0.0,0.5215058326721191
977,guidance_0_capability_0_safety_0,1,0.14414062459400157,328,0.51375,0.0,0.75,0,417,0,0,-0.0001916907203849405,4.035299301147461,1.04482102394104,0.0006443576421588659,0.0,0.49954482913017273
978,guidance_0_capability_0_safety_0,1,0.10161132957728114,328,0.73,0.0,0.75,0,673,0,0,-0.0004936897894367576,3.335141897201538,1.0448321104049683,5.2133033022983e-05,0.0,0.4946761131286621
979,guidance_0_capability_0_safety_0,1,0.02357421871420229,328,0.79875,0.0,0.875,0,929,0,0,-0.0030439156107604504,0.7285671234130859,1.0081101655960083,0.0014939329121261835,0.0,0.49534833431243896
980,guidance_0_capability_0_safety_0,1,0.1276074229972437,329,0.2175,0.0,0.125,0,185,0,0,-0.0009373429929837584,3.1917691230773926,0.9471515417098999,0.001975604332983494,0.0,0.5384936332702637
981,guidance_0_capability_0_safety_0,1,0.1857128906995058,329,0.536875,0.0,0.375,0,441,0,0,-0.0015641445061191916,3.2509686946868896,1.0484669208526611,0.0024523427709937096,0.0,0.4746754765510559
982,guidance_0_capability_0_safety_0,1,0.052480467842542566,329,0.661875,0.0,0.5,0,697,0,0,-0.0012300716480240226,2.2256550788879395,1.0450825691223145,-0.0006886785267852247,0.0,0.4849505126476288
983,guidance_0_capability_0_safety_0,1,-0.01478515673079528,329,0.679375,0.0,0.625,0,953,0,0,-8.68955030455254e-05,0.825937032699585,1.0515692234039307,-0.00022189893934410065,0.0,0.49641841650009155
984,guidance_0_capability_0_safety_0,1,0.18072265541559318,330,0.341875,0.0,0.125,0,209,0,0,-0.0022771265357732773,1.8076794147491455,1.022951364517212,-0.0018889314960688353,0.0,0.48682957887649536
985,guidance_0_capability_0_safety_0,1,0.08045898542331997,330,0.45625,0.0,0.625,0,465,0,0,0.0008784448727965355,2.5968220233917236,1.0898693799972534,0.00038726264028809965,0.0,0.46875500679016113
986,guidance_0_capability_0_safety_0,1,-0.019101562866126187,330,0.48625,0.0,0.625,0,721,0,0,-0.00011395787441870198,0.7092443108558655,1.0976202487945557,0.00010274280793964863,0.0,0.4567345082759857
987,guidance_0_capability_0_safety_0,1,-0.0031933599966578186,330,0.54125,0.0,0.625,0,977,0,0,-0.0021368248853832483,0.8243289589881897,1.1155952215194702,-0.000874876044690609,0.0,0.44268548488616943
988,guidance_0_capability_0_safety_0,1,0.23186523547337856,331,0.424375,0.0,0.125,0,233,0,0,-0.0013475464656949043,3.132049560546875,1.128173828125,0.000498168112244457,0.0,0.4429406523704529
989,guidance_0_capability_0_safety_0,1,0.076923827684368,331,0.570625,0.0,0.375,0,489,0,0,-0.0018181124469265342,1.3048324584960938,1.1777669191360474,0.001227915519848466,0.0,0.4055113196372986
990,guidance_0_capability_0_safety_0,1,-0.007353515815339051,331,0.6025,0.0,0.5,0,745,0,0,-0.001962728798389435,0.5464611053466797,1.194847822189331,0.0013343337923288345,0.0,0.38868340849876404
991,guidance_0_capability_0_safety_0,1,0.008535155822755769,332,0.006875,0.0,0.0,0,1,0,0,-0.0027630794793367386,2.1355390548706055,1.2025372982025146,0.0010793053079396486,0.0,0.39761829376220703
992,guidance_0_capability_0_safety_0,1,0.17690429673166364,332,0.291875,0.0,0.375,0,257,0,0,-0.0006883600726723671,2.6654510498046875,1.2104175090789795,0.0014369122218340635,0.0,0.3885246217250824
993,guidance_0_capability_0_safety_0,1,0.23475586042331997,332,0.6325,0.0,1.0,0,513,0,0,-0.00030042417347431183,8.217939376831055,1.224266529083252,-0.0004410920082591474,0.0,0.37147578597068787
994,guidance_0_capability_0_safety_0,1,0.040722656493016984,332,0.75875,0.0,1.0,0,769,0,0,-0.00043134408770129085,0.8192176818847656,1.2085657119750977,0.0003999077598564327,0.0,0.39727872610092163
995,guidance_0_capability_0_safety_0,1,0.07462890516399057,333,0.059375,0.0,0.0,0,25,0,0,-0.0006522698095068336,1.4953207969665527,1.2088541984558105,0.0007453588768839836,0.0,0.38500985503196716
996,guidance_0_capability_0_safety_0,1,0.060380858994903974,333,0.21875,0.0,0.0,0,281,0,0,0.00023153114307206124,7.900600433349609,1.2463014125823975,0.0013141343370079994,0.0,0.36280685663223267
997,guidance_0_capability_0_safety_0,1,0.2080957042890077,333,0.533125,0.0,0.5,0,537,0,0,-7.846765220165253e-05,5.783400535583496,1.265019416809082,0.0002704718499444425,0.0,0.36201542615890503
998,guidance_0_capability_0_safety_0,1,0.036074218587600626,333,0.640625,0.0,0.5,0,793,0,0,-0.002707006875425577,0.4765062928199768,1.2208547592163086,-0.00010683139407774433,0.0,0.35968655347824097
999,guidance_0_capability_0_safety_0,1,0.07128906309662852,334,0.094375,0.0,0.0,0,49,0,0,-0.004602739587426186,0.7952842712402344,1.1659213304519653,0.0023793529253453016,0.0,0.3854103684425354
1000,guidance_0_capability_0_safety_0,1,0.18549804677604698,334,0.434375,0.0,0.125,0,305,0,0,0.00018753981566987932,2.2649974822998047,1.2165989875793457,0.0002913023345172405,0.0,0.3749278485774994
