update,ablation,scenario,rollout_reward_mean,episode_count,coverage_ratio,inspection_success_rate,target_detection_rate,mission_success,mission_time,collision_count,invalid_action_count,policy_loss,value_loss,entropy,approx_kl,clip_fraction,mean_action_probability
1,full_ca_hmappo,1,-0.4916034429879801,2,0.020625,0.0,0.0,0,9,0,0,-0.010147133842110634,388.90167236328125,1.741621971130371,0.001037870766595006,0.02083333395421505,0.17933642864227295
2,full_ca_hmappo,1,0.45621774402479787,3,0.048125,0.0,0.0,0,35,0,0,-0.004706834442913532,347.0566101074219,1.7308814525604248,-0.0012467603664845228,0.0,0.18090103566646576
3,full_ca_hmappo,1,0.43293922859811573,5,0.024375,0.0,0.0,0,39,0,0,-0.005857523530721664,354.45556640625,1.7522132396697998,0.0013302110601216555,0.0,0.1771971583366394
4,full_ca_hmappo,1,-0.7926592406001873,8,0.028125,0.0,0.0,0,44,0,0,-0.002069375943392515,273.02923583984375,1.7209771871566772,0.0008665279019623995,0.0,0.1858227550983429
5,full_ca_hmappo,1,-0.7341217463108478,9,0.031875,0.0,0.0,0,133,0,0,-0.0019855001010000706,142.62026977539062,1.7321193218231201,-0.0034352398943156004,0.0,0.18760524690151215
6,full_ca_hmappo,1,0.9913029214985727,10,0.04125,0.0,0.0,0,241,0,0,-0.0007582853431813419,699.7742919921875,1.7299811840057373,0.0008696313016116619,0.0,0.18449947237968445
7,full_ca_hmappo,1,0.1037321832291127,12,0.01375,0.0,0.0,0,80,0,0,-0.0039229425601661205,183.56488037109375,1.7023744583129883,0.0030093654058873653,0.0,0.19207732379436493
8,full_ca_hmappo,1,0.06991498830029741,12,0.040625,0.0,0.0,0,336,0,0,-0.005410071462392807,189.15481567382812,1.7021169662475586,0.003951658494770527,0.0,0.1892637461423874
9,full_ca_hmappo,1,0.7097714523297327,12,0.0575,0.0,0.0,0,592,0,0,0.0023640384897589684,208.61766052246094,1.7093217372894287,0.00763880368322134,0.0,0.1879526972770691
10,full_ca_hmappo,1,0.039001080691377865,13,0.03375,0.0,0.0,0,233,0,0,-0.0029611520003527403,197.72982788085938,1.6686811447143555,0.001030124956741929,0.0,0.20495246350765228
11,full_ca_hmappo,1,-0.19534865824971348,14,0.1025,0.0,0.125,0,231,0,0,-0.0024803760461509228,99.72901153564453,1.6440019607543945,0.0029941180255264044,0.0,0.20922735333442688
12,full_ca_hmappo,1,-0.47433719466789626,14,0.108125,0.0,0.125,0,487,0,0,9.999610483646393e-05,84.84280395507812,1.6323373317718506,0.001416441285982728,0.0,0.21771030128002167
13,full_ca_hmappo,1,0.13777279534315312,15,0.075,0.0,0.0,0,133,0,0,-0.0025727327447384596,332.003662109375,1.590615153312683,-0.0007950353319756687,0.0,0.23546069860458374
14,full_ca_hmappo,1,0.06380720372544602,17,0.02625,0.0,0.0,0,16,0,0,-0.0047386339865624905,142.14178466796875,1.5633981227874756,-8.741075725993142e-05,0.0,0.2412828654050827
15,full_ca_hmappo,1,-0.017083483224496376,20,0.039375,0.0,0.0,0,91,0,0,-0.00039577734423801303,164.11468505859375,1.5625951290130615,0.001361548202112317,0.0,0.24504487216472626
16,full_ca_hmappo,1,-0.1697926973010908,22,0.0275,0.0,0.0,0,81,0,0,-0.0017590951174497604,135.18389892578125,1.5456132888793945,0.0014727679081261158,0.0,0.25003907084465027
17,full_ca_hmappo,1,-0.5562675545952516,24,0.033125,0.0,0.0,0,39,0,0,0.00031274621142074466,130.81427001953125,1.5001170635223389,-0.0003301977994851768,0.0,0.2667692303657532
18,full_ca_hmappo,1,0.14759558285459207,25,0.05625,0.0,0.125,0,234,0,0,-0.003886627731844783,106.49393463134766,1.536526083946228,-0.002375833224505186,0.0,0.2638241648674011
19,full_ca_hmappo,1,-0.45621976771508344,26,0.071875,0.0,0.0,0,139,0,0,-0.0022070612758398056,86.34822082519531,1.4415315389633179,0.0027229655534029007,0.0,0.29579365253448486
20,full_ca_hmappo,1,0.41293194686204515,27,0.08375,0.0,0.125,0,120,0,0,0.0002165163605241105,248.40000915527344,1.4499567747116089,0.0029545247089117765,0.0,0.28910017013549805
21,full_ca_hmappo,1,-0.3093766144302208,28,0.05625,0.0,0.0,0,125,0,0,-0.002724334131926298,49.7393913269043,1.415161371231079,-0.00025185197591781616,0.0,0.3143490254878998
22,full_ca_hmappo,1,-0.1490376608198858,29,0.06125,0.0,0.0,0,165,0,0,-0.003648248966783285,117.81396484375,1.3398244380950928,-0.0012721227249130607,0.0,0.3481104373931885
23,full_ca_hmappo,1,0.20098440456149547,29,0.130625,0.0,0.25,0,421,0,0,-0.0026771724224090576,62.633392333984375,1.3024615049362183,-0.0017811150755733252,0.0,0.36685240268707275
24,full_ca_hmappo,1,0.10338584155397257,29,0.176875,0.0,0.375,0,677,0,0,-0.007152804173529148,33.309146881103516,1.3634443283081055,0.008813070133328438,0.0,0.306852251291275
25,full_ca_hmappo,1,0.0110989927634364,29,0.294375,0.0,0.5,0,933,0,0,-0.012814154848456383,3.983640193939209,1.3442513942718506,0.006955727934837341,0.0,0.34724658727645874
26,full_ca_hmappo,1,0.4424668588644636,30,0.13,0.0,0.0,0,217,0,0,-0.005459323059767485,254.74749755859375,1.314072608947754,0.013513541780412197,0.1419270932674408,0.34966325759887695
27,full_ca_hmappo,1,-0.017916028562012798,30,0.155,0.0,0.0,0,473,0,0,-0.007998090237379074,1.1812193393707275,1.31016206741333,0.0019235513173043728,0.0013020833721384406,0.3319161534309387
28,full_ca_hmappo,1,0.021739851545930833,30,0.16,0.0,0.0,0,729,0,0,-0.008532905951142311,3.248220682144165,1.2624214887619019,0.0030944980680942535,0.0325520858168602,0.345874160528183
29,full_ca_hmappo,1,0.2981225519652071,30,0.37125,0.0,0.25,0,985,0,0,-0.0029482925310730934,46.56970977783203,1.2503949403762817,0.0023814220912754536,0.0,0.35409411787986755
30,full_ca_hmappo,1,0.4420773942692904,31,0.261875,0.0,0.25,0,241,0,0,-0.0004233171639498323,113.65455627441406,1.0871012210845947,0.00013511674478650093,0.0,0.4326696991920471
31,full_ca_hmappo,1,0.4901565113277684,31,0.310625,0.0,0.25,0,497,0,0,-0.004410993307828903,59.09275817871094,1.1969172954559326,0.0003883342142216861,0.0,0.37443313002586365
32,full_ca_hmappo,1,0.35434299924600055,31,0.3625,0.0,0.25,0,753,0,0,-0.002838118001818657,38.97838592529297,1.2145801782608032,0.0010671892669051886,0.0,0.377291202545166
33,full_ca_hmappo,1,0.5130994851197102,32,0.013125,0.0,0.0,0,9,0,0,-0.0025105688255280256,98.09458923339844,1.063866376876831,0.000696563976816833,0.0,0.45147234201431274
34,full_ca_hmappo,1,0.6698020614076086,32,0.2425,0.0,0.0,0,265,0,0,-0.00040450197411701083,105.83993530273438,1.133394718170166,0.0005895248614251614,0.0,0.42047280073165894
35,full_ca_hmappo,1,0.44709586164356097,32,0.375,0.0,0.0,0,521,0,0,-0.001241471036337316,68.42152404785156,1.1580801010131836,0.0008861132664605975,0.0,0.3974367082118988
36,full_ca_hmappo,1,0.5058076842469745,32,0.485625,0.0,0.25,0,777,0,0,-0.0005366215482354164,89.12722778320312,1.2152185440063477,0.0008612013189122081,0.0,0.37653297185897827
37,full_ca_hmappo,1,0.7915161755045119,34,0.0125,0.0,0.0,0,8,0,0,-0.0004118792712688446,220.47836303710938,0.987658679485321,0.0005158642306923866,0.0,0.49553805589675903
38,full_ca_hmappo,1,0.588886598560137,36,0.193125,0.125,0.25,0,234,0,0,-0.0008412245661020279,389.924560546875,1.0900228023529053,1.1924499631277286e-05,0.0,0.4316551685333252
39,full_ca_hmappo,1,0.5661478788329077,36,0.3425,0.125,0.75,0,490,0,0,-0.00011320598423480988,176.28675842285156,1.1101179122924805,0.00027439481345936656,0.0,0.42407262325286865
40,full_ca_hmappo,1,0.25493958107972503,36,0.541875,0.125,0.75,0,746,0,0,-0.00014286550867836922,11.756723403930664,1.1915044784545898,6.301592657109722e-05,0.0,0.3913174569606781
41,full_ca_hmappo,1,0.2628563697071513,37,0.008125,0.0,0.0,0,2,0,0,-0.0022418033331632614,13.060546875,0.9652454257011414,0.0004889662377536297,0.0,0.5017859935760498
42,full_ca_hmappo,1,0.5081012732130148,38,0.14,0.0,0.25,0,229,0,0,-0.00013755387044511735,283.9342346191406,1.0951930284500122,-0.00019546660769265145,0.0,0.4235491156578064
43,full_ca_hmappo,1,0.5582285746331763,38,0.41625,0.0,0.375,0,485,0,0,-0.0007513519376516342,69.22161102294922,1.2007077932357788,1.7640026271692477e-05,0.0,0.3856714367866516
44,full_ca_hmappo,1,0.3669135760519566,38,0.519375,0.125,0.375,0,741,0,0,-2.701207995414734e-05,57.520851135253906,1.221999168395996,0.00044448859989643097,0.0,0.36238694190979004
45,full_ca_hmappo,1,0.30256397458833817,38,0.565625,0.125,0.375,0,997,0,0,-0.0015668472042307258,17.12291717529297,1.033556580543518,0.0002639104495756328,0.0,0.469815731048584
46,full_ca_hmappo,1,0.10557433882786427,39,0.0975,0.0,0.0,0,253,0,0,-1.7209134966833517e-05,66.9178466796875,1.054868459701538,-0.0003285445272922516,0.0,0.4538666605949402
47,full_ca_hmappo,1,0.31258748936033953,39,0.33125,0.0,0.125,0,509,0,0,-0.0005052285268902779,19.51932716369629,1.1653578281402588,-0.00012192813301226124,0.0,0.40303176641464233
48,full_ca_hmappo,1,0.5008834463769745,39,0.471875,0.0,0.5,0,765,0,0,-0.0004168562591075897,62.967777252197266,1.252648115158081,0.0002703562786336988,0.0,0.3639764189720154
49,full_ca_hmappo,1,0.29715132486126095,41,0.013125,0.0,0.0,0,15,0,0,-0.00045848358422517776,87.00859069824219,0.9857825040817261,0.00024072299129329622,0.0,0.5013109445571899
50,full_ca_hmappo,1,0.7945644744686433,41,0.155,0.0,0.375,0,271,0,0,-0.0005841075326316059,256.2916259765625,1.098230004310608,0.0004167091101408005,0.0,0.4421766400337219
51,full_ca_hmappo,1,0.6121935222636239,41,0.379375,0.0,0.375,0,527,0,0,-0.0003532565606292337,84.00314331054688,1.181849479675293,0.00021833197388332337,0.0,0.3956882357597351
52,full_ca_hmappo,1,0.23439568025924018,41,0.469375,0.0,0.5,0,783,0,0,-8.029676973819733e-05,16.459096908569336,1.2411363124847412,0.00019963955855928361,0.0,0.36503279209136963
53,full_ca_hmappo,1,0.1246460299012142,42,0.0325,0.0,0.0,0,39,0,0,-0.004108656197786331,5.033591270446777,0.9109665155410767,0.0005141341825947165,0.0,0.5213505029678345
54,full_ca_hmappo,1,-0.014563054548489163,44,0.106875,0.0,0.0,0,122,0,0,0.00011961565905949101,211.1823272705078,1.063492774963379,0.003748309565708041,0.0,0.4479014575481415
55,full_ca_hmappo,1,0.5701844331979373,44,0.363125,0.0,0.125,0,378,0,0,-0.00012701316154561937,153.1720733642578,1.0778717994689941,-0.00014819111675024033,0.0,0.4308954179286957
56,full_ca_hmappo,1,0.2676923136386904,44,0.43875,0.0,0.125,0,634,0,0,-0.0008011612808331847,16.03923225402832,1.1653032302856445,0.0011065894505009055,0.0,0.3810644745826721
57,full_ca_hmappo,1,0.33188314927792817,44,0.524375,0.0,0.375,0,890,0,0,-0.00013308972120285034,51.8209114074707,1.0982578992843628,0.00011302422353764996,0.0,0.42649492621421814
58,full_ca_hmappo,1,0.2560676211195414,45,0.059375,0.0,0.0,0,146,0,0,-2.678049168025609e-05,65.95061492919922,0.8862481117248535,0.00013629114255309105,0.0,0.5205348134040833
59,full_ca_hmappo,1,0.7497492427100951,45,0.27875,0.0,0.125,0,402,0,0,0.00019456632435321808,189.33554077148438,1.0722862482070923,-0.00032950163586065173,0.0,0.4466249346733093
60,full_ca_hmappo,1,0.462553750873667,45,0.466875,0.0,0.5,0,658,0,0,8.034519851207733e-05,51.70490646362305,1.1698472499847412,7.498450577259064e-05,0.0,0.39169082045555115
61,full_ca_hmappo,1,0.14651152516307775,45,0.558125,0.0,0.5,0,914,0,0,-0.0013376518618315458,2.8843135833740234,1.064002513885498,-0.00032971365726552904,0.0,0.4400888681411743
62,full_ca_hmappo,1,-0.08837337161912728,48,0.05875,0.0,0.0,0,119,0,0,0.00019597946084104478,253.212158203125,0.9347022771835327,0.00015845661982893944,0.0,0.5115577578544617
63,full_ca_hmappo,1,0.5034976380538865,48,0.390625,0.0,0.125,0,375,0,0,-0.00025458261370658875,83.29222106933594,1.1356687545776367,5.9296999097568914e-05,0.0,0.394817054271698
64,full_ca_hmappo,1,0.525027872505234,48,0.588125,0.0,0.375,0,631,0,0,-0.0004899458726868033,79.64299011230469,1.1691114902496338,-0.0003466972557362169,0.0,0.3894761800765991
65,full_ca_hmappo,1,0.23909903694868717,48,0.6525,0.0,0.375,0,887,0,0,-0.0003733579069375992,10.527779579162598,1.208146095275879,0.00033172889379784465,0.0,0.37677425146102905
66,full_ca_hmappo,1,0.03479441579111153,50,0.016875,0.0,0.0,0,11,0,0,-0.0007891257992014289,89.58558654785156,0.8944408893585205,0.0002599379513412714,0.0,0.5293117165565491
67,full_ca_hmappo,1,0.7470111689390251,50,0.1925,0.0,0.25,0,267,0,0,0.00010747648775577545,196.9967041015625,1.0854884386062622,0.000400992896175012,0.0,0.4417662024497986
68,full_ca_hmappo,1,0.6969831064961909,50,0.325625,0.0,0.5,0,523,0,0,-0.00040568970143795013,117.8400650024414,1.0952959060668945,-0.0005617502029053867,0.0,0.41801437735557556
69,full_ca_hmappo,1,0.3762343132584647,51,0.154375,0.0,0.125,0,213,0,0,-9.853051597019657e-05,248.30624389648438,1.0881630182266235,-0.00011377083137631416,0.0,0.42024311423301697
70,full_ca_hmappo,1,0.40971803770162296,51,0.414375,0.0,0.375,0,469,0,0,-8.218642324209213e-05,73.48384094238281,1.1789264678955078,-0.00029253013781271875,0.0,0.3803952634334564
71,full_ca_hmappo,1,0.2812134690086623,51,0.545625,0.0,0.5,0,725,0,0,-0.0006908465875312686,12.932672500610352,1.2282466888427734,0.00013310913345776498,0.0,0.35729217529296875
72,full_ca_hmappo,1,0.19669700938447932,51,0.575625,0.0,0.5,0,981,0,0,-0.002158797113224864,5.989319801330566,1.147365689277649,0.00022768788039684296,0.0,0.39508479833602905
73,full_ca_hmappo,1,0.5536039126600372,52,0.28625,0.0,0.25,0,237,0,0,0.001099117798730731,181.036376953125,1.0806190967559814,-0.00019249925389885902,0.0,0.42491960525512695
74,full_ca_hmappo,1,0.7278574553347426,52,0.40875,0.0,0.5,0,493,0,0,0.00013803411275148392,120.29017639160156,1.2115528583526611,0.0011372300796210766,0.0,0.3741915225982666
75,full_ca_hmappo,1,0.24747366921565117,52,0.44625,0.0,0.5,0,749,0,0,-0.0005532689392566681,11.103341102600098,1.230848789215088,0.00026188837364315987,0.0,0.3521411120891571
76,full_ca_hmappo,1,0.11094763130768115,53,0.011875,0.0,0.0,0,5,0,0,-0.0009777148952707648,11.588822364807129,1.1315964460372925,0.00021002101129852235,0.0,0.4070228934288025
77,full_ca_hmappo,1,0.3990791566830012,53,0.280625,0.0,0.125,0,261,0,0,0.00015319138765335083,85.89806365966797,1.117647409439087,0.0002562222070991993,0.0,0.4137495160102844
78,full_ca_hmappo,1,0.0864394831151003,53,0.388125,0.0,0.125,0,517,0,0,-0.0013415608555078506,1.6766717433929443,1.1954267024993896,0.00043289194582030177,0.0,0.3683434724807739
79,full_ca_hmappo,1,0.34455577949847793,53,0.475,0.0,0.375,0,773,0,0,-0.000924972235225141,21.48035430908203,1.1836273670196533,-0.00029645831091329455,0.0,0.3727662265300751
80,full_ca_hmappo,1,0.2845789979910478,54,0.0225,0.0,0.0,0,29,0,0,-0.0003745543654076755,14.307113647460938,1.0670082569122314,0.0002489264006726444,0.0,0.4352766275405884
81,full_ca_hmappo,1,0.7564847769081098,54,0.239375,0.0,0.0,0,285,0,0,-5.542549115489237e-05,216.48924255371094,1.1048283576965332,-0.00032136915251612663,0.0,0.3997232913970947
82,full_ca_hmappo,1,0.3039053977208823,54,0.39375,0.0,0.125,0,541,0,0,-0.00037919048918411136,72.07708740234375,1.1799362897872925,0.000532886479049921,0.0,0.37157392501831055
83,full_ca_hmappo,1,0.08470947678142693,54,0.444375,0.0,0.125,0,797,0,0,-0.0036704731173813343,2.335916519165039,1.2023521661758423,0.0002572558296378702,0.0,0.3596247434616089
84,full_ca_hmappo,1,0.3335779024637304,55,0.03625,0.0,0.0,0,53,0,0,-0.0012098898878321052,27.650209426879883,1.0580946207046509,-0.0011172671802341938,0.0,0.44414567947387695
85,full_ca_hmappo,1,0.35007722653426754,56,0.295,0.0,0.375,0,180,0,0,-0.0010315155377611518,149.11126708984375,1.0999524593353271,0.0016620128881186247,0.0,0.4179820418357849
86,full_ca_hmappo,1,0.20546151542748703,56,0.475,0.0,0.375,0,436,0,0,-0.0022922619245946407,11.691361427307129,1.1696865558624268,-0.0015190811827778816,0.0,0.3913835883140564
87,full_ca_hmappo,1,0.18266483799106936,56,0.51875,0.0,0.375,0,692,0,0,-0.003799798898398876,3.063241958618164,1.2279528379440308,0.001832857495173812,0.0,0.36828362941741943
88,full_ca_hmappo,1,0.34330798167184184,56,0.589375,0.0,0.375,0,948,0,0,-0.007167117204517126,13.06358528137207,1.1887078285217285,0.0005709060351364315,0.0,0.38437509536743164
89,full_ca_hmappo,1,0.8861000096367206,58,0.21625,0.0,0.0,0,146,0,0,0.0013600954553112388,258.6827697753906,1.0937082767486572,-0.0004480998031795025,0.0,0.4280281960964203
90,full_ca_hmappo,1,0.34764413156881346,58,0.415625,0.0,0.25,0,402,0,0,0.00044949230505153537,16.40790367126465,1.261204719543457,0.0012489522341638803,0.0,0.34253257513046265
91,full_ca_hmappo,1,0.3156496131850872,58,0.459375,0.0,0.25,0,658,0,0,-0.0028232713229954243,10.794696807861328,1.2884842157363892,0.0004939013160765171,0.0,0.33723244071006775
92,full_ca_hmappo,1,0.30494956724578515,58,0.513125,0.0,0.25,0,914,0,0,-0.0038603711873292923,8.19598388671875,1.3186510801315308,0.0006995848380029202,0.0,0.3204037845134735
93,full_ca_hmappo,1,0.47558275957999285,59,0.0725,0.0,0.0,0,170,0,0,0.0004719216376543045,158.5690460205078,1.1100246906280518,0.000180444068973884,0.0,0.41982030868530273
94,full_ca_hmappo,1,0.3695827326359904,59,0.32625,0.0,0.0,0,426,0,0,0.0002602463064249605,19.119821548461914,1.2723150253295898,-0.0001295780239161104,0.0,0.33967337012290955
95,full_ca_hmappo,1,0.2250229011033298,59,0.42375,0.0,0.0,0,682,0,0,-0.0016501392237842083,7.83316707611084,1.2954822778701782,-0.0004917671903967857,0.0,0.3198935389518738
96,full_ca_hmappo,1,0.05901371357111884,59,0.52,0.0,0.0,0,938,0,0,-0.0007675020024180412,8.367593765258789,1.258324384689331,0.0009241140214726329,0.0,0.34195733070373535
97,full_ca_hmappo,1,0.5229723785341776,60,0.124375,0.0,0.25,0,194,0,0,0.0011584088206291199,186.28469848632812,1.137087106704712,-0.0003002849407494068,0.0,0.399261474609375
98,full_ca_hmappo,1,0.3706571121838351,62,0.248125,0.0,0.375,0,168,0,0,0.00021506287157535553,365.7830810546875,1.1841659545898438,7.908077532192692e-05,0.0,0.3783397376537323
99,full_ca_hmappo,1,0.6953788913815515,62,0.50625,0.125,0.75,0,424,0,0,-0.000456981360912323,109.83976745605469,1.2823500633239746,0.00010568726429482922,0.0,0.32792237401008606
100,full_ca_hmappo,1,0.3879796921246452,62,0.5425,0.125,0.75,0,680,0,0,-0.0016582310199737549,17.912389755249023,1.300209879875183,8.282547059934586e-05,0.0,0.3273046016693115
101,full_ca_hmappo,1,0.22551000590465264,62,0.61875,0.125,0.75,0,936,0,0,-0.00448519317433238,4.510775089263916,1.313720464706421,0.0048671504482626915,0.0,0.30907970666885376
102,full_ca_hmappo,1,0.8387697965772531,63,0.214375,0.0,0.0,0,192,0,0,-0.003499053418636322,399.2143859863281,1.1781610250473022,0.00011393738532206044,0.0,0.3726974427700043
103,full_ca_hmappo,1,0.13133880101304385,63,0.395,0.0,0.125,0,448,0,0,-0.0031771021895110607,11.533706665039062,1.2815293073654175,0.002599103609099984,0.0,0.33765825629234314
104,full_ca_hmappo,1,0.06924440728471382,63,0.445,0.0,0.125,0,704,0,0,-0.0003293014015071094,3.4712677001953125,1.3067468404769897,0.0019749789498746395,0.0,0.33155548572540283
105,full_ca_hmappo,1,0.49443373438407434,63,0.519375,0.0,0.25,0,960,0,0,-0.0020771236158907413,92.00149536132812,1.320499062538147,0.0008994948002509773,0.0,0.3263004422187805
106,full_ca_hmappo,1,0.7513574656395576,65,0.21875,0.0,0.375,0,164,0,0,0.00030036893440410495,399.62823486328125,1.195525884628296,-0.0002597076818346977,0.0,0.3745284974575043
107,full_ca_hmappo,1,0.3213349884481431,65,0.265625,0.0,0.375,0,420,0,0,7.91816710261628e-05,32.8829460144043,1.2342731952667236,0.0006719789234921336,0.0,0.3593081831932068
108,full_ca_hmappo,1,0.46346724127579364,65,0.38875,0.0,0.5,0,676,0,0,-0.00045094703091308475,43.10612869262695,1.2590194940567017,-0.00014003072283230722,0.0,0.3415496349334717
109,full_ca_hmappo,1,0.47141651692959385,65,0.5125,0.0,0.625,0,932,0,0,-0.002133971778675914,28.49775505065918,1.2931861877441406,0.0009383972501382232,0.0,0.33826661109924316
110,full_ca_hmappo,1,0.6417900938213279,68,0.111875,0.0,0.375,0,80,0,0,-0.0006844382733106613,546.7197875976562,1.211617350578308,0.00014242701581679285,0.0,0.36198925971984863
111,full_ca_hmappo,1,0.549462678452528,68,0.349375,0.0,0.625,0,336,0,0,-7.336524868151173e-05,63.16026306152344,1.2814202308654785,0.0006977813318371773,0.0,0.32544833421707153
112,full_ca_hmappo,1,0.6448509767205906,68,0.64625,0.0,0.875,0,592,0,0,-0.001087712123990059,69.84021759033203,1.2868115901947021,-0.00028331097564660013,0.0,0.33433085680007935
113,full_ca_hmappo,1,0.4983383112148658,68,0.78375,0.0,0.875,0,848,0,0,-8.166208863258362e-05,36.26371765136719,1.290391445159912,0.00037539302138611674,0.0,0.32461053133010864
114,full_ca_hmappo,1,0.5935480136449769,69,0.110625,0.0,0.0,0,104,0,0,-0.00018769875168800354,105.94661712646484,1.2567358016967773,0.0003611012361943722,0.0,0.34631773829460144
115,full_ca_hmappo,1,0.23593071615505323,69,0.31875,0.0,0.125,0,360,0,0,-0.0013868387322872877,5.163531303405762,1.2898609638214111,0.0004062193329446018,0.0,0.32830560207366943
116,full_ca_hmappo,1,0.38596921695716446,69,0.428125,0.0,0.25,0,616,0,0,-0.0006189383566379547,29.637731552124023,1.2980425357818604,0.0004614894278347492,0.0,0.32961222529411316
117,full_ca_hmappo,1,0.5071306573445327,69,0.575,0.0,0.5,0,872,0,0,-0.001339850015938282,47.29502487182617,1.29627525806427,0.0005010866443626583,0.0,0.3321426510810852
118,full_ca_hmappo,1,0.7255597858456895,70,0.154375,0.0,0.25,0,128,0,0,-0.0004726226325146854,202.03073120117188,1.252347469329834,-0.00010174233466386795,0.0,0.34903085231781006
119,full_ca_hmappo,1,0.5524795394885587,70,0.24625,0.0,0.375,0,384,0,0,-0.0012041877489537,39.13782501220703,1.2724446058273315,0.0005495277000591159,0.0,0.3427591323852539
120,full_ca_hmappo,1,0.35140777296032866,70,0.275,0.0,0.375,0,640,0,0,0.0002892849443014711,13.830789566040039,1.2524884939193726,-0.00016555780894123018,0.0,0.34788867831230164
121,full_ca_hmappo,1,0.4120687557851852,70,0.43,0.0,0.625,0,896,0,0,-0.0002645400236360729,22.71045684814453,1.285090684890747,7.92479477240704e-05,0.0,0.3404369056224823
122,full_ca_hmappo,1,0.27521172770411795,71,0.035625,0.0,0.125,0,152,0,0,-0.0005776143516413867,82.4821548461914,1.2501182556152344,-0.00037147634429857135,0.0,0.33911943435668945
123,full_ca_hmappo,1,0.7419105875451351,71,0.40375,0.0,0.25,0,408,0,0,-0.00023446543491445482,166.03468322753906,1.2919104099273682,-0.00032109953463077545,0.0,0.33466285467147827
124,full_ca_hmappo,1,0.6144628021356766,71,0.548125,0.0,0.375,0,664,0,0,-0.0009690169245004654,85.69779968261719,1.2759644985198975,0.00041518406942486763,0.0,0.3474878668785095
125,full_ca_hmappo,1,0.22576792027894044,71,0.548125,0.0,0.375,0,920,0,0,-0.011163270100951195,3.426664352416992,1.2875347137451172,-0.00030578504083678126,0.0,0.333954781293869
126,full_ca_hmappo,1,-0.1841116200084798,75,0.008125,0.0,0.0,0,11,0,0,0.0006390264024958014,294.93658447265625,1.269411325454712,-0.00020378860062919557,0.0,0.3329939544200897
127,full_ca_hmappo,1,0.7986006497956168,75,0.248125,0.0,0.25,0,267,0,0,-0.001735913334414363,102.68290710449219,1.3098019361495972,0.0016666704323142767,0.0,0.325019508600235
128,full_ca_hmappo,1,0.4060199547675438,75,0.324375,0.0,0.375,0,523,0,0,0.0019380208104848862,15.772726058959961,1.3579849004745483,0.001108141033910215,0.0,0.2978746294975281
129,full_ca_hmappo,1,0.4367129352003758,75,0.345,0.0,0.375,0,779,0,0,-0.0005981003632768989,18.718063354492188,1.361146330833435,-0.0007362558390013874,0.0,0.2948957681655884
130,full_ca_hmappo,1,0.5491504344672649,76,0.055625,0.0,0.0,0,35,0,0,5.0907645345432684e-05,65.45099639892578,1.3717775344848633,-8.192569657694548e-05,0.0,0.2983228862285614
131,full_ca_hmappo,1,0.6002965659281472,76,0.335625,0.0,0.5,0,291,0,0,-0.000650314032100141,74.76819610595703,1.3526420593261719,8.77445563673973e-06,0.0,0.30325597524642944
132,full_ca_hmappo,1,0.4313265218224842,76,0.445625,0.0,0.75,0,547,0,0,-0.00181583350058645,21.48455810546875,1.3791065216064453,0.0007226014276966453,0.0,0.29146307706832886
133,full_ca_hmappo,1,0.5681557289644843,76,0.615,0.0,0.75,0,803,0,0,-0.002457329537719488,45.30017852783203,1.3942755460739136,8.362640801351517e-05,0.0,0.28162598609924316
134,full_ca_hmappo,1,0.8289642626241402,77,0.084375,0.0,0.25,0,59,0,0,-0.0002874620258808136,308.84246826171875,1.3809531927108765,0.0009035250986926258,0.0,0.2958303391933441
135,full_ca_hmappo,1,0.6273532341139116,77,0.325,0.0,0.625,0,315,0,0,-2.712942659854889e-05,64.29345703125,1.3577775955200195,-0.0001545497216284275,0.0,0.3001161217689514
136,full_ca_hmappo,1,0.5864287759291074,77,0.3425,0.125,0.625,0,571,0,0,-2.2202730178833008e-05,38.53115463256836,1.3769229650497437,-0.0003856318071484566,0.0,0.295096755027771
137,full_ca_hmappo,1,0.6761058974989282,77,0.53375,0.25,0.625,0,827,0,0,-0.0009734785999171436,78.62224578857422,1.379094123840332,0.0003353196079842746,0.0,0.29198992252349854
138,full_ca_hmappo,1,0.5999190416587226,78,0.0825,0.0,0.0,0,83,0,0,-0.00023789207625668496,78.88346862792969,1.3564822673797607,0.000373416900401935,0.0,0.2999817728996277
139,full_ca_hmappo,1,0.8205846436153479,78,0.369375,0.0,0.625,0,339,0,0,-0.0005886498838663101,128.9714813232422,1.3537471294403076,0.00011198548600077629,0.0,0.30340588092803955
140,full_ca_hmappo,1,0.604349640354485,78,0.45375,0.0,0.75,0,595,0,0,-0.0023326724767684937,41.1601676940918,1.3723210096359253,0.00023821601644158363,0.0,0.29625076055526733
141,full_ca_hmappo,1,0.6600335148007161,78,0.600625,0.0,0.875,0,851,0,0,-0.002353390445932746,60.26490783691406,1.379889726638794,0.00013238564133644104,0.0,0.28904852271080017
142,full_ca_hmappo,1,0.6165103279327013,79,0.095,0.0,0.25,0,107,0,0,-7.430340338032693e-05,208.71006774902344,1.338036298751831,-0.0003061549214180559,0.0,0.31148386001586914
143,full_ca_hmappo,1,0.6421564171319005,79,0.209375,0.0,0.25,0,363,0,0,-0.0011235171696171165,54.18632507324219,1.3516998291015625,-0.0004606020520441234,0.0,0.3056827187538147
144,full_ca_hmappo,1,0.26296508772566085,79,0.2525,0.0,0.25,0,619,0,0,-0.002807296346873045,3.1565840244293213,1.3521020412445068,4.769613497046521e-06,0.0,0.3073367476463318
145,full_ca_hmappo,1,0.4403983842466914,79,0.4275,0.0,0.5,0,875,0,0,-0.004113350063562393,26.537996292114258,1.3870878219604492,0.0012522742617875338,0.0,0.2979899048805237
146,full_ca_hmappo,1,0.7856072163986028,80,0.2425,0.0,0.25,0,131,0,0,-6.758452946087345e-05,197.46217346191406,1.3702983856201172,-0.001294917892664671,0.0,0.29403454065322876
147,full_ca_hmappo,1,0.519454203591522,80,0.411875,0.0,0.375,0,387,0,0,5.1404040277702734e-05,34.62822723388672,1.372899055480957,-0.0002575651742517948,0.0,0.2986906170845032
148,full_ca_hmappo,1,0.38338201547981043,80,0.459375,0.0,0.5,0,643,0,0,-0.001664328738115728,8.278251647949219,1.385545253753662,0.0008570809732191265,0.0,0.295399010181427
149,full_ca_hmappo,1,0.44023597272166626,80,0.509375,0.0,0.625,0,899,0,0,-0.002675611525774002,17.709619522094727,1.391911268234253,0.0009014732204377651,0.0,0.28798240423202515
150,full_ca_hmappo,1,0.4880235639411694,81,0.163125,0.0,0.125,0,155,0,0,1.7393380403518677e-05,76.42755889892578,1.3566577434539795,0.0004924081149511039,0.0,0.30064159631729126
151,full_ca_hmappo,1,0.1908747557863535,81,0.233125,0.0,0.125,0,411,0,0,-0.00252558384090662,3.928476572036743,1.364647626876831,0.0009771669283509254,0.0,0.2920273542404175
152,full_ca_hmappo,1,0.8381983944905187,81,0.415,0.0,0.625,0,667,0,0,-0.0008186493068933487,204.59616088867188,1.369736909866333,0.001979285851120949,0.0,0.2992309629917145
153,full_ca_hmappo,1,0.32782942545964033,81,0.473125,0.0,0.625,0,923,0,0,0.0005378811620175838,9.615800857543945,1.3774235248565674,-0.0003623160009738058,0.0,0.30648335814476013
154,full_ca_hmappo,1,0.29191578716563527,82,0.17625,0.0,0.125,0,179,0,0,-0.0026947956066578627,51.739349365234375,1.3280984163284302,-0.00055655901087448,0.0,0.3112969398498535
155,full_ca_hmappo,1,0.7584961312022642,82,0.40625,0.0,0.25,0,435,0,0,0.0018958778819069266,140.30258178710938,1.3615525960922241,-0.0002083047293126583,0.0,0.2995849847793579
156,full_ca_hmappo,1,0.3775175049813697,82,0.44375,0.0,0.25,0,691,0,0,-0.0014566767495125532,12.753496170043945,1.38125741481781,0.0009763505076989532,0.0,0.2920370399951935
157,full_ca_hmappo,1,0.3079508418450132,82,0.488125,0.0,0.25,0,947,0,0,-0.0048945932649075985,5.82369327545166,1.3929332494735718,0.004147296771407127,0.0,0.28878867626190186
158,full_ca_hmappo,1,0.25148717996739833,83,0.156875,0.0,0.0,0,203,0,0,-0.003916609566658735,80.46051025390625,1.3105562925338745,-0.0008140320423990488,0.0,0.3101765513420105
159,full_ca_hmappo,1,0.36417688171059126,83,0.305625,0.0,0.125,0,459,0,0,0.001259800512343645,9.056153297424316,1.3523890972137451,0.002391139045357704,0.0,0.3052501082420349
160,full_ca_hmappo,1,0.4927602793213737,83,0.445625,0.0,0.25,0,715,0,0,-0.0006416154792532325,41.318511962890625,1.3697360754013062,-0.0005111759528517723,0.0,0.29428577423095703
161,full_ca_hmappo,1,0.4481138948613079,83,0.454375,0.0,0.25,0,971,0,0,-0.0015827830648049712,16.54739761352539,1.3762096166610718,0.0007647976162843406,0.0,0.29083651304244995
162,full_ca_hmappo,1,0.45993348360639175,85,0.175625,0.0,0.125,0,211,0,0,-0.0006142942002043128,329.69097900390625,1.3239469528198242,-0.00043947514495812356,0.0,0.31042590737342834
163,full_ca_hmappo,1,0.23032014384807553,85,0.23125,0.0,0.125,0,467,0,0,-0.01334281824529171,2.1218321323394775,1.3290693759918213,0.018719827756285667,0.4895833432674408,0.29878565669059753
164,full_ca_hmappo,1,0.3812124602627591,85,0.27625,0.0,0.125,0,723,0,0,-0.011938153766095638,7.045415878295898,1.341346025466919,0.005408934783190489,0.0,0.30863136053085327
165,full_ca_hmappo,1,0.7290411616008896,86,0.058125,0.0,0.0,0,37,0,0,-0.0009538351441733539,282.8831481933594,1.3299143314361572,0.0016597871435806155,0.0,0.31787294149398804
166,full_ca_hmappo,1,0.8656691932446847,86,0.335,0.125,0.625,0,293,0,0,-0.001580681069754064,221.71702575683594,1.2744442224502563,0.0027362871915102005,0.0,0.32976362109184265
167,full_ca_hmappo,1,0.39385580932275843,87,0.095,0.0,0.0,0,75,0,0,-0.00111357681453228,195.52877807617188,1.2804899215698242,-7.978237408678979e-05,0.0,0.33279624581336975
168,full_ca_hmappo,1,0.8129414965860633,87,0.223125,0.0,0.25,0,331,0,0,-3.6319099308457226e-05,141.56820678710938,1.2559226751327515,0.00044182813144288957,0.0,0.355150431394577
169,full_ca_hmappo,1,0.3073112329511787,88,0.168125,0.0,0.0,0,240,0,0,-0.0010641671251505613,192.32144165039062,1.2659950256347656,0.0007122154347598553,0.0,0.34611353278160095
170,full_ca_hmappo,1,0.2628395908953962,88,0.400625,0.0,0.125,0,496,0,0,-0.009433882310986519,6.820858001708984,1.3911216259002686,0.01079555507749319,0.1419270932674408,0.2985681891441345
171,full_ca_hmappo,1,0.22260742533399025,88,0.43625,0.0,0.125,0,752,0,0,-0.01034437958151102,1.2573187351226807,1.4358320236206055,0.007854259572923183,0.3606770932674408,0.26721352338790894
172,full_ca_hmappo,1,0.21442785121030283,89,0.019375,0.0,0.0,0,8,0,0,-0.0023391691502183676,31.48563575744629,1.4361586570739746,0.0037108338437974453,0.0,0.26930052042007446
173,full_ca_hmappo,1,0.6273028540695123,89,0.314375,0.0,0.25,0,264,0,0,0.00020690480596385896,127.19506072998047,1.3878371715545654,0.004801702685654163,0.0,0.2745616137981415
174,full_ca_hmappo,1,0.5604037303855876,89,0.4475,0.0,0.375,0,520,0,0,0.0038595511578023434,31.998355865478516,1.4443912506103516,-0.000983786303550005,0.0,0.26454001665115356
175,full_ca_hmappo,1,0.4550240369817402,89,0.494375,0.0,0.375,0,776,0,0,0.001991312950849533,12.760560035705566,1.458884596824646,0.0017609450733289123,0.0,0.2596440315246582
176,full_ca_hmappo,1,0.45757201440937934,90,0.03875,0.0,0.125,0,32,0,0,-0.0004940269282087684,45.37032699584961,1.4618825912475586,3.1327053875429556e-05,0.0,0.2614295184612274
177,full_ca_hmappo,1,0.45239653574481054,90,0.1975,0.0,0.25,0,288,0,0,-0.0011110033374279737,93.49806213378906,1.3398005962371826,0.000421518663642928,0.0,0.3068467080593109
178,full_ca_hmappo,1,0.5386122907814297,90,0.489375,0.0,0.625,0,544,0,0,-0.0013181613758206367,32.81596374511719,1.4257822036743164,-0.00012176297605037689,0.0,0.2751604914665222
179,full_ca_hmappo,1,0.21890615901793353,90,0.539375,0.0,0.625,0,800,0,0,-0.00802178680896759,2.1819753646850586,1.4591574668884277,0.001599982613697648,0.0,0.2642000913619995
180,full_ca_hmappo,1,0.6261858522702823,91,0.054375,0.0,0.0,0,56,0,0,0.00034455955028533936,193.47068786621094,1.449949026107788,0.005214262288063765,0.0,0.2688430845737457
181,full_ca_hmappo,1,0.4184800794273542,91,0.26375,0.0,0.0,0,312,0,0,0.0027519965078681707,12.72291374206543,1.395382285118103,-0.0010813547996804118,0.0,0.28976738452911377
182,full_ca_hmappo,1,0.3693670536576974,91,0.29,0.0,0.25,0,568,0,0,-0.0007015482406131923,44.69548416137695,1.3803186416625977,0.0005556255346164107,0.0,0.2982160747051239
183,full_ca_hmappo,1,0.6114476079310407,91,0.38125,0.0,0.375,0,824,0,0,-0.002718942938372493,35.33674621582031,1.441044569015503,0.00033743586391210556,0.0,0.2836068868637085
184,full_ca_hmappo,1,0.34999077600150486,92,0.105625,0.0,0.0,0,80,0,0,-0.003899219213053584,30.190561294555664,1.4200236797332764,0.0004366259090602398,0.0,0.2786409556865692
185,full_ca_hmappo,1,0.5242441283995731,92,0.4125,0.0,0.125,0,336,0,0,5.3408246458275244e-05,77.21540832519531,1.3969981670379639,0.0014339364133775234,0.0,0.29068371653556824
186,full_ca_hmappo,1,0.10771801104783663,92,0.475625,0.0,0.125,0,592,0,0,-0.001164057059213519,8.199552536010742,1.4197280406951904,0.0008467327570542693,0.0,0.27825605869293213
187,full_ca_hmappo,1,0.10039879277792352,92,0.534375,0.0,0.125,0,848,0,0,-0.0017933740746229887,8.4969482421875,1.4372074604034424,-0.00023821275681257248,0.0,0.2738959789276123
188,full_ca_hmappo,1,0.3918522119965928,93,0.07125,0.0,0.0,0,104,0,0,-9.918212890625e-05,123.52755737304688,1.3993152379989624,-0.0001678817643551156,0.0,0.2857680320739746
189,full_ca_hmappo,1,0.5690829717811994,93,0.36125,0.0,0.375,0,360,0,0,-0.0010885335505008698,83.34907531738281,1.3631987571716309,-0.00012025082105537876,0.0,0.297763466835022
190,full_ca_hmappo,1,0.2759348655750955,93,0.42625,0.0,0.375,0,616,0,0,-0.01579957827925682,3.2056121826171875,1.4391049146652222,0.001510515226982534,0.0,0.2740311026573181
191,full_ca_hmappo,1,0.5124910920999355,93,0.51,0.125,0.375,0,872,0,0,-0.007139031775295734,47.709327697753906,1.4679034948349,0.003502875566482544,0.0260416679084301,0.2589535713195801
192,full_ca_hmappo,1,0.48666482783733045,94,0.0875,0.0,0.0,0,128,0,0,-0.00011311471462249756,86.2056884765625,1.4325206279754639,0.004282563459128141,0.0,0.2732628583908081
193,full_ca_hmappo,1,0.5582225665566511,94,0.321875,0.0,0.25,0,384,0,0,-0.002403768477961421,54.777469635009766,1.4141674041748047,0.0020065263379365206,0.0,0.265893816947937
194,full_ca_hmappo,1,0.4863980234486007,94,0.47125,0.0,0.375,0,640,0,0,0.002676295815035701,15.68474006652832,1.440806269645691,0.00017194286920130253,0.0,0.27298110723495483
195,full_ca_hmappo,1,0.38891659431646985,94,0.57375,0.0,0.5,0,896,0,0,0.000747628218960017,18.04358673095703,1.470893144607544,-0.000125957652926445,0.0,0.2596637010574341
196,full_ca_hmappo,1,0.44158513080287776,95,0.20375,0.0,0.125,0,152,0,0,-0.0006876389379613101,36.796077728271484,1.4016902446746826,-0.00023294314451050013,0.0,0.2810438871383667
197,full_ca_hmappo,1,0.41878941950380977,95,0.4475,0.0,0.25,0,408,0,0,-0.00037289224565029144,27.802032470703125,1.4279918670654297,0.00021098493016324937,0.0,0.27526113390922546
198,full_ca_hmappo,1,0.3479488729026343,95,0.605625,0.0,0.375,0,664,0,0,-0.00658482126891613,7.172937393188477,1.4652583599090576,-0.00022952337167225778,0.0,0.26045700907707214
199,full_ca_hmappo,1,0.46121479318026104,95,0.7125,0.125,0.375,0,920,0,0,-0.0002784294483717531,41.85542297363281,1.4865686893463135,0.0018711341544985771,0.0,0.25373995304107666
200,full_ca_hmappo,1,0.8227324414274335,96,0.22875,0.0,0.25,0,176,0,0,0.0006387196481227875,186.1873779296875,1.4242656230926514,0.0015562945045530796,0.0,0.27838343381881714
201,full_ca_hmappo,1,0.18036206419219525,96,0.341875,0.0,0.25,0,432,0,0,-0.0027720946818590164,5.937294960021973,1.4563112258911133,-0.00032399798510596156,0.0,0.2582114040851593
202,full_ca_hmappo,1,0.23228344801145795,96,0.49375,0.0,0.25,0,688,0,0,-0.00442529609426856,7.347943305969238,1.4821593761444092,0.0023317686282098293,0.0,0.25389373302459717
203,full_ca_hmappo,1,0.45832830439576355,96,0.605,0.0,0.375,0,944,0,0,-0.003353208303451538,20.250877380371094,1.4854354858398438,-0.0022027958184480667,0.0,0.2553078532218933
204,full_ca_hmappo,1,0.21278893460475956,98,0.118125,0.0,0.125,0,157,0,0,-0.00052500085439533,230.14752197265625,1.402492880821228,-0.00011608097702264786,0.0,0.28209373354911804
205,full_ca_hmappo,1,0.3749486979311314,98,0.370625,0.0,0.375,0,413,0,0,-0.001651974394917488,32.92230224609375,1.411585807800293,-0.0009263238171115518,0.0,0.2797044813632965
206,full_ca_hmappo,1,0.6029104264107445,98,0.510625,0.0,0.5,0,669,0,0,-0.0006515744025819004,37.500144958496094,1.46038818359375,-0.0003849951026495546,0.0,0.2672397494316101
207,full_ca_hmappo,1,0.6510372072370956,98,0.53375,0.25,0.5,0,925,0,0,0.00017129568732343614,88.36923217773438,1.466148853302002,0.00016582696116529405,0.0,0.25740084052085876
208,full_ca_hmappo,1,0.3974236660178576,100,0.153125,0.0,0.25,0,126,0,0,-0.0012563066557049751,306.4088439941406,1.4229695796966553,-0.00017537611711304635,0.0,0.27496564388275146
209,full_ca_hmappo,1,0.6420900311459263,100,0.38625,0.0,0.75,0,382,0,0,1.7969869077205658e-05,50.756126403808594,1.4397180080413818,0.0007703436422161758,0.0,0.2646067142486572
210,full_ca_hmappo,1,0.2919240050687222,100,0.479375,0.0,0.875,0,638,0,0,-0.004896013997495174,5.9262189865112305,1.4826221466064453,0.0011188586940988898,0.0,0.2515491843223572
211,full_ca_hmappo,1,0.5044688249654428,100,0.616875,0.0,1.0,0,894,0,0,0.0016013942658901215,21.108230590820312,1.4801902770996094,0.001845049555413425,0.0,0.25793683528900146
212,full_ca_hmappo,1,0.8332357615272485,101,0.169375,0.0,0.25,0,150,0,0,0.0002515589294489473,197.46713256835938,1.4515135288238525,-0.0013066580286249518,0.0,0.2594383656978607
213,full_ca_hmappo,1,0.5751603963162779,101,0.330625,0.0,0.375,0,406,0,0,0.0020767911337316036,36.35907745361328,1.4669902324676514,-5.0992704927921295e-05,0.0,0.256335973739624
214,full_ca_hmappo,1,0.3789392340872837,101,0.344375,0.0,0.375,0,662,0,0,-0.0004451405256986618,4.9004058837890625,1.4794648885726929,1.5349283785326406e-05,0.0,0.2518526017665863
215,full_ca_hmappo,1,0.29041754823856536,101,0.39625,0.0,0.375,0,918,0,0,-0.0029054114129394293,2.9260170459747314,1.477412223815918,0.0010643485002219677,0.0,0.2552063465118408
216,full_ca_hmappo,1,0.6896304689507815,102,0.213125,0.0,0.375,0,174,0,0,0.004113825038075447,176.6509246826172,1.4241470098495483,0.00021620173356495798,0.0,0.264930784702301
217,full_ca_hmappo,1,0.5167824565602928,102,0.40875,0.0,0.625,0,430,0,0,-0.003261368256062269,21.214216232299805,1.427914023399353,0.000503645627759397,0.0,0.2715817987918854
218,full_ca_hmappo,1,0.5754229243430018,102,0.665,0.0,0.75,0,686,0,0,-0.0021870839409530163,32.330787658691406,1.4392766952514648,0.0020262934267520905,0.0,0.26136648654937744
219,full_ca_hmappo,1,0.3888166227934562,102,0.769375,0.0,0.75,0,942,0,0,-0.00043415030813775957,5.2072343826293945,1.4405152797698975,-1.9304610759718344e-05,0.0,0.26334428787231445
220,full_ca_hmappo,1,0.3628798344752795,103,0.168125,0.0,0.125,0,198,0,0,-0.012498317286372185,110.7391128540039,1.3835487365722656,0.016530312597751617,0.30078125,0.27399611473083496
221,full_ca_hmappo,1,0.6862567214431579,103,0.368125,0.0,0.375,0,454,0,0,0.0013966806000098586,102.96786499023438,1.3758304119110107,0.011143389157950878,0.0,0.2826346158981323
222,full_ca_hmappo,1,0.4501321016723523,103,0.554375,0.0,0.5,0,710,0,0,-0.0033276318572461605,13.773900985717773,1.3626255989074707,0.0041445521637797356,0.0,0.3037618100643158
223,full_ca_hmappo,1,0.44906839394207054,103,0.58875,0.125,0.5,0,966,0,0,0.0017952162306755781,45.266334533691406,1.3510208129882812,0.001299885450862348,0.0,0.312707781791687
224,full_ca_hmappo,1,0.7778103296286645,105,0.33625,0.0,0.25,0,195,0,0,0.0009477089042775333,265.985107421875,1.312158465385437,-0.00200611911714077,0.0,0.34192222356796265
225,full_ca_hmappo,1,0.357493909794357,105,0.525,0.0,0.25,0,451,0,0,-0.0013590715825557709,6.0702643394470215,1.33900785446167,-0.0003225640393793583,0.0,0.32413989305496216
226,full_ca_hmappo,1,0.33749170525152294,105,0.651875,0.0,0.5,0,707,0,0,-0.000174476153915748,6.738856315612793,1.3405663967132568,0.0008866054704412818,0.0,0.3128082752227783
227,full_ca_hmappo,1,0.20528406967514456,105,0.656875,0.0,0.5,0,963,0,0,-0.0020713272970169783,4.226318359375,1.3528711795806885,0.0003533821436576545,0.0,0.3118617534637451
228,full_ca_hmappo,1,0.16062873158080038,106,0.284375,0.0,0.0,0,219,0,0,-0.0014333309372887015,43.163387298583984,1.2325445413589478,-0.000206394906854257,0.0,0.36596864461898804
229,full_ca_hmappo,1,0.7417622182038031,106,0.623125,0.0,0.5,0,475,0,0,-0.00047395192086696625,114.02407836914062,1.3358581066131592,0.00013452008715830743,0.0,0.3221432566642761
230,full_ca_hmappo,1,0.3995913634344106,106,0.6825,0.0,0.5,0,731,0,0,-0.0032751697581261396,10.371495246887207,1.3044179677963257,-0.00026803434593603015,0.0,0.33166858553886414
231,full_ca_hmappo,1,0.36733006071335694,106,0.71875,0.0,0.5,0,987,0,0,-0.0018951259553432465,5.136553764343262,1.3478622436523438,-0.0004940422950312495,0.0,0.30114611983299255
232,full_ca_hmappo,1,0.685099402184278,107,0.394375,0.0,0.25,0,243,0,0,4.243478178977966e-05,111.61189270019531,1.2769886255264282,-0.0012954635312780738,0.0,0.350230872631073
233,full_ca_hmappo,1,0.4045351866152487,107,0.513125,0.0,0.375,0,499,0,0,-0.0012663963716477156,7.715383529663086,1.3243499994277954,0.000463193457107991,0.0,0.3280044198036194
234,full_ca_hmappo,1,0.30705875440060026,107,0.549375,0.0,0.375,0,755,0,0,-0.010150345973670483,2.2658705711364746,1.3250449895858765,0.0041398596949875355,0.1067708358168602,0.3351556658744812
235,full_ca_hmappo,1,0.3524947279402113,108,0.021875,0.0,0.0,0,11,0,0,0.001291021704673767,29.56838035583496,1.3547080755233765,0.012942854315042496,0.15625,0.29062092304229736
236,full_ca_hmappo,1,0.3968386645792634,108,0.173125,0.0,0.0,0,267,0,0,-0.004106629639863968,92.30187225341797,1.2619993686676025,-0.000931896734982729,0.0,0.33840411901474
237,full_ca_hmappo,1,0.3193145496777561,108,0.4475,0.0,0.125,0,523,0,0,-0.0005446927389129996,17.320858001708984,1.2433397769927979,0.0029862667433917522,0.0,0.3548860549926758
238,full_ca_hmappo,1,0.37660142443064615,108,0.673125,0.0,0.375,0,779,0,0,-0.0017451681196689606,65.61861419677734,1.2396531105041504,-0.000804079812951386,0.0,0.37682217359542847
239,full_ca_hmappo,1,0.545899414417363,109,0.08625,0.0,0.25,0,35,0,0,-0.003681838046759367,325.519775390625,1.300699234008789,0.0005583878373727202,0.0,0.3408588767051697
240,full_ca_hmappo,1,0.5988741383043816,109,0.49125,0.125,0.375,0,291,0,0,0.003024575999006629,57.36797332763672,1.2714720964431763,-0.001239905832335353,0.0,0.3588981032371521
241,full_ca_hmappo,1,0.1637422073658854,109,0.664375,0.125,0.375,0,547,0,0,9.6907839179039e-05,9.36635971069336,1.4159431457519531,-0.0003819420817308128,0.0,0.2865128219127655
242,full_ca_hmappo,1,0.26220922112406697,109,0.713125,0.125,0.625,0,803,0,0,-0.0008602937450632453,19.200651168823242,1.3491290807724,0.0007032831199467182,0.0,0.32463741302490234
243,full_ca_hmappo,1,0.7315612912689176,110,0.2925,0.0,0.25,0,230,0,0,0.0003605115634854883,377.1776428222656,1.283142328262329,-0.00037078079185448587,0.0,0.342398464679718
244,full_ca_hmappo,1,0.32582616686204346,110,0.50625,0.0,0.625,0,486,0,0,-0.0042972257360816,35.87138366699219,1.40255868434906,0.0011748307151719928,0.0,0.30117660760879517
245,full_ca_hmappo,1,0.03523065825265803,110,0.701875,0.0,0.625,0,742,0,0,0.0013336476404219866,30.22103500366211,1.405083417892456,0.002980754477903247,0.0,0.2888742685317993
246,full_ca_hmappo,1,0.13950528141685936,110,0.741875,0.0,0.875,0,998,0,0,-0.0012941136956214905,8.069940567016602,1.4367246627807617,-0.0021749355364590883,0.0,0.2722906768321991
247,full_ca_hmappo,1,0.42264599078589526,112,0.184375,0.0,0.125,0,222,0,0,-0.0007406659424304962,245.68849182128906,1.3437721729278564,0.0008802316151559353,0.0,0.3065616488456726
248,full_ca_hmappo,1,0.08938213350847946,112,0.288125,0.0,0.125,0,478,0,0,2.283044159412384e-05,10.989230155944824,1.4464386701583862,-0.0004901873762719333,0.0,0.26654767990112305
249,full_ca_hmappo,1,0.3132997683983376,112,0.43875,0.0,0.375,0,734,0,0,-0.0012628657277673483,19.186328887939453,1.4873130321502686,2.8643913537962362e-05,0.0,0.25598499178886414
250,full_ca_hmappo,1,0.16579613732065468,112,0.465625,0.0,0.375,0,990,0,0,-0.0064982022158801556,5.117353439331055,1.4837064743041992,0.0020572422072291374,0.0,0.26110655069351196
251,full_ca_hmappo,1,0.6288772520701968,113,0.3,0.0,0.25,0,246,0,0,0.0007608825108036399,154.4398193359375,1.3826124668121338,-0.00036133918911218643,0.0,0.2973511815071106
252,full_ca_hmappo,1,0.5636442291479398,113,0.57375,0.0,0.75,0,502,0,0,-0.00014461732644122094,44.18669128417969,1.4675393104553223,0.000355853873770684,0.0,0.2617114782333374
253,full_ca_hmappo,1,0.23866285140547916,113,0.67,0.0,1.0,0,758,0,0,-0.0014007079880684614,7.44035530090332,1.499437689781189,0.0008264448260888457,0.0,0.2471289336681366
254,full_ca_hmappo,1,0.3859127174578134,114,0.03625,0.0,0.0,0,14,0,0,-0.0005821349914185703,96.94779968261719,1.4921244382858276,0.0008104615844786167,0.0,0.25153693556785583
255,full_ca_hmappo,1,0.26725089829051285,114,0.22,0.0,0.125,0,270,0,0,-0.002445204183459282,52.780189514160156,1.397347331047058,0.0005852036993019283,0.0,0.28962409496307373
256,full_ca_hmappo,1,0.11287728160277766,114,0.345625,0.0,0.125,0,526,0,0,-0.0023851662408560514,12.23935317993164,1.4707932472229004,0.0008530509658157825,0.0,0.25925198197364807
257,full_ca_hmappo,1,0.5023464437367693,114,0.454375,0.0,0.5,0,782,0,0,-0.0023498311638832092,54.736934661865234,1.4945590496063232,-2.185550329159014e-05,0.0,0.24337723851203918
258,full_ca_hmappo,1,0.24985804226707842,115,0.0475,0.0,0.0,0,38,0,0,-4.492855441640131e-05,41.24993133544922,1.4875428676605225,0.00020012368622701615,0.0,0.2561425566673279
259,full_ca_hmappo,1,0.6290037744929577,115,0.44125,0.0,0.25,0,294,0,0,-0.0001681043504504487,93.85848236083984,1.4019925594329834,-0.0005192151293158531,0.0,0.2826780080795288
260,full_ca_hmappo,1,0.4824233688445929,115,0.6375,0.0,0.625,0,550,0,0,0.0003703515976667404,28.385372161865234,1.4878032207489014,0.0003375507367309183,0.0,0.2529045641422272
261,full_ca_hmappo,1,0.27659270000003744,115,0.685625,0.0,0.625,0,806,0,0,-0.014703432098031044,3.9575369358062744,1.4868953227996826,0.004136606585234404,0.0,0.24797998368740082
262,full_ca_hmappo,1,0.38534333610732574,116,0.061875,0.0,0.0,0,62,0,0,-0.0029745304491370916,34.48710250854492,1.4447215795516968,0.001245084567926824,0.1640625,0.2674788534641266
263,full_ca_hmappo,1,0.3398820544498449,116,0.191875,0.0,0.125,0,318,0,0,-0.0006488437647931278,62.32520294189453,1.367584228515625,-0.0015948539366945624,0.0,0.29496219754219055
264,full_ca_hmappo,1,0.29401991946269845,117,0.0175,0.0,0.0,0,6,0,0,0.001900316565297544,129.01971435546875,1.4075464010238647,0.00012726383283734322,0.0,0.28796833753585815
265,full_ca_hmappo,1,0.44834723625172046,117,0.251875,0.0,0.125,0,262,0,0,0.0007705058669671416,73.56263732910156,1.3254084587097168,-0.0001363358460366726,0.0,0.3150249421596527
266,full_ca_hmappo,1,0.12239072910415416,117,0.386875,0.0,0.125,0,518,0,0,0.0005013272166252136,9.706555366516113,1.4318759441375732,0.0006343354471027851,0.0,0.2725919187068939
267,full_ca_hmappo,1,0.35313249429418647,117,0.434375,0.0,0.25,0,774,0,0,-0.0026875785551965237,25.79890251159668,1.4682412147521973,8.496797818224877e-05,0.0,0.26294803619384766
268,full_ca_hmappo,1,0.11332883198701893,119,0.010625,0.0,0.0,0,3,0,0,0.0005318016628734767,164.38084411621094,1.446527361869812,0.0005197665886953473,0.0,0.2702368497848511
269,full_ca_hmappo,1,0.7891257283014284,119,0.405,0.0,0.25,0,259,0,0,2.2821439415565692e-05,155.03982543945312,1.3747069835662842,-0.00031249294988811016,0.0,0.29326102137565613
270,full_ca_hmappo,1,0.6211660233816474,119,0.615625,0.0,1.0,0,515,0,0,-0.0005946587771177292,79.53266143798828,1.431262493133545,-0.00016558093193452805,0.0,0.26836514472961426
271,full_ca_hmappo,1,0.238826161689758,119,0.685,0.0,1.0,0,771,0,0,-0.005447416566312313,4.105612277984619,1.4916938543319702,-0.00024854563525877893,0.0,0.25239133834838867
272,full_ca_hmappo,1,0.3665712012152653,120,0.0525,0.0,0.0,0,27,0,0,-0.001566898776218295,28.509845733642578,1.493905782699585,-0.00016572372987866402,0.0,0.24971215426921844
273,full_ca_hmappo,1,0.29068018525867956,120,0.2,0.0,0.125,0,283,0,0,-0.0011526586022228003,74.65901184082031,1.3877261877059937,0.0003839530982077122,0.0,0.28787240386009216
274,full_ca_hmappo,1,0.14334644012842546,120,0.326875,0.0,0.125,0,539,0,0,-0.0016713713994249701,9.183298110961914,1.4457454681396484,0.00091904541477561,0.0,0.26543667912483215
275,full_ca_hmappo,1,0.16093960103171412,120,0.370625,0.0,0.125,0,795,0,0,-0.000732140033505857,6.320714473724365,1.4830703735351562,0.00043635055772028863,0.0,0.2483450472354889
276,full_ca_hmappo,1,0.4123415854464838,121,0.094375,0.0,0.125,0,51,0,0,-0.0012393312063068151,117.6907958984375,1.4413760900497437,0.0002746569807641208,0.0,0.27492576837539673
277,full_ca_hmappo,1,0.6076454602916783,121,0.435625,0.0,0.25,0,307,0,0,0.00015313799667637795,70.08296203613281,1.4119123220443726,0.00016659018001519144,0.0,0.2777188718318939
278,full_ca_hmappo,1,0.6680043462056346,121,0.54,0.0,0.5,0,563,0,0,-0.00019235412764828652,53.28558349609375,1.4510959386825562,0.0009539841557852924,0.0,0.2676008939743042
279,full_ca_hmappo,1,0.743334571883679,122,0.315625,0.0,0.25,0,221,0,0,0.00027739693177863955,283.57049560546875,1.3771429061889648,-0.00034029828384518623,0.0,0.29555994272232056
280,full_ca_hmappo,1,0.563403834103724,122,0.438125,0.0,0.625,0,477,0,0,-0.0001624903379706666,22.130218505859375,1.4429600238800049,7.311286026379094e-05,0.0,0.2708545923233032
281,full_ca_hmappo,1,0.5250759501600442,122,0.511875,0.125,0.625,0,733,0,0,-7.926300168037415e-05,47.73114013671875,1.4658176898956299,-0.0001092477104975842,0.0,0.2613033056259155
282,full_ca_hmappo,1,0.24786033608188518,122,0.511875,0.125,0.625,0,989,0,0,-0.0029070049058645964,6.483563423156738,1.4697566032409668,-0.0003551931004039943,0.0,0.2526177167892456
283,full_ca_hmappo,1,0.8757413225027904,123,0.346875,0.0,0.375,0,245,0,0,-0.0008046509465202689,149.56024169921875,1.385300636291504,0.0004664442385546863,0.0,0.29314398765563965
284,full_ca_hmappo,1,0.5274646091138493,123,0.591875,0.0,0.625,0,501,0,0,-0.001187790185213089,23.25701141357422,1.436104655265808,-0.0007245269371196628,0.0,0.2624572217464447
285,full_ca_hmappo,1,0.7565915528321057,124,0.245,0.0,0.25,0,239,0,0,0.00031619705259799957,337.52130126953125,1.4035825729370117,0.0001953979954123497,0.0,0.2793360948562622
286,full_ca_hmappo,1,0.45628292576611784,124,0.505,0.0,0.375,0,495,0,0,-0.002007023897022009,17.738445281982422,1.4652328491210938,0.0006872091325931251,0.0,0.25370752811431885
287,full_ca_hmappo,1,0.40721595091781637,124,0.6525,0.0,0.375,0,751,0,0,-0.0022897771559655666,12.379403114318848,1.4732102155685425,9.421724826097488e-06,0.0,0.2572161555290222
288,full_ca_hmappo,1,0.41462755113457206,125,0.019375,0.0,0.0,0,7,0,0,-0.011771920137107372,31.17280387878418,1.4972493648529053,0.0034979134798049927,0.0,0.2419603168964386
289,full_ca_hmappo,1,0.5860958486709933,125,0.256875,0.0,0.25,0,263,0,0,0.0015561053296551108,70.66838836669922,1.4626725912094116,0.004694831557571888,0.0,0.25798842310905457
290,full_ca_hmappo,1,0.5681350322138314,125,0.394375,0.0,0.5,0,519,0,0,-0.003710088785737753,31.097095489501953,1.4945015907287598,-0.00021717464551329613,0.0,0.24677297472953796
291,full_ca_hmappo,1,0.35799817621045804,125,0.4475,0.0,0.5,0,775,0,0,0.0003393621591385454,7.055178165435791,1.4696440696716309,0.0003741461259778589,0.0,0.2566572427749634
292,full_ca_hmappo,1,0.6162721990222053,126,0.029375,0.0,0.0,0,31,0,0,-0.0007226697052828968,117.01163482666016,1.4607274532318115,0.0007490323623642325,0.0,0.2595239281654358
293,full_ca_hmappo,1,0.7913184311328223,126,0.263125,0.0,0.375,0,287,0,0,-0.0004462873039301485,99.98516845703125,1.4407272338867188,0.0008528727339580655,0.0,0.27220994234085083
294,full_ca_hmappo,1,0.5849231277309741,126,0.4125,0.125,0.5,0,543,0,0,0.00016825585043989122,39.27862548828125,1.4710538387298584,0.0002864419366233051,0.0,0.2572537362575531
295,full_ca_hmappo,1,0.5468860135074465,126,0.555625,0.125,0.75,0,799,0,0,-0.00025394809199497104,20.72772979736328,1.469099760055542,0.0005868941079825163,0.0,0.25918495655059814
296,full_ca_hmappo,1,0.2791527268068421,127,0.0775,0.0,0.0,0,55,0,0,-0.001047187834046781,34.6238899230957,1.4631050825119019,-0.00033531058579683304,0.0,0.2668037712574005
297,full_ca_hmappo,1,0.5236633143604195,127,0.424375,0.0,0.125,0,311,0,0,0.00019165067351423204,34.019683837890625,1.4720807075500488,-0.0005480868276208639,0.0,0.26017680764198303
298,full_ca_hmappo,1,0.5617839035980978,127,0.55375,0.0,0.25,0,567,0,0,-0.00045341317309066653,73.07521057128906,1.440294623374939,-0.0001612059713806957,0.0,0.2600593566894531
299,full_ca_hmappo,1,0.25874056634484077,128,0.005625,0.0,0.0,0,0,0,0,-0.00033117522252723575,135.1464385986328,1.464219093322754,0.00016838544979691505,0.0,0.2601584196090698
300,full_ca_hmappo,1,0.9355222123072053,128,0.26375,0.0,0.25,0,256,0,0,-6.925252819200978e-05,268.7457580566406,1.4062622785568237,-0.00011395104229450226,0.0,0.28794199228286743
301,full_ca_hmappo,1,0.6740794921834095,128,0.364375,0.0,0.375,0,512,0,0,-0.00022601336240768433,34.609344482421875,1.4691705703735352,9.817071259021759e-06,0.0,0.26281172037124634
302,full_ca_hmappo,1,0.45165496708796127,128,0.47375,0.0,0.625,0,768,0,0,-0.0006471223896369338,15.39171314239502,1.4733264446258545,0.0004068127309437841,0.0,0.26505979895591736
303,full_ca_hmappo,1,0.3459454654393994,129,0.049375,0.0,0.0,0,24,0,0,-0.0005829818546772003,32.80635452270508,1.49379301071167,-0.0006478473078459501,0.0,0.24902161955833435
304,full_ca_hmappo,1,0.9561453113310563,129,0.335,0.0,0.375,0,280,0,0,-0.00040615908801555634,289.42767333984375,1.4225800037384033,0.0006479468429461122,0.0,0.2675516903400421
305,full_ca_hmappo,1,0.5539381971711919,129,0.4525,0.0,0.375,0,536,0,0,-0.0012730665039271116,17.965072631835938,1.4613932371139526,-0.00038439733907580376,0.0,0.2617793083190918
306,full_ca_hmappo,1,0.35317873212261475,129,0.481875,0.0,0.375,0,792,0,0,-0.003585809376090765,2.7855024337768555,1.4374961853027344,0.0020122667774558067,0.0,0.2656451463699341
307,full_ca_hmappo,1,0.5940263567846387,130,0.08875,0.0,0.0,0,48,0,0,-0.0019228160381317139,67.70769500732422,1.458428144454956,-0.0002749892883002758,0.0,0.27006229758262634
308,full_ca_hmappo,1,0.642944190968592,130,0.438125,0.0,0.375,0,304,0,0,-0.0009145333315245807,64.99567413330078,1.4087836742401123,0.0005350698484107852,0.0,0.280471533536911
309,full_ca_hmappo,1,0.6187193589248636,130,0.543125,0.0,0.5,0,560,0,0,-0.0013633811613544822,30.53498077392578,1.4189409017562866,0.0007959174690768123,0.0,0.2710026204586029
310,full_ca_hmappo,1,0.44314083218341693,130,0.61125,0.0,0.625,0,816,0,0,-0.0024467050097882748,7.480080604553223,1.4614200592041016,0.0009756896179169416,0.0,0.26095688343048096
311,full_ca_hmappo,1,0.47822159201496106,131,0.115,0.0,0.125,0,72,0,0,-0.0024296040646731853,118.78343963623047,1.4754317998886108,-0.00033299828646704555,0.0,0.25634634494781494
312,full_ca_hmappo,1,0.6312318348300323,131,0.385625,0.0,0.5,0,328,0,0,-0.0018495544791221619,120.99119567871094,1.388930320739746,0.0007368241203948855,0.0,0.28313443064689636
313,full_ca_hmappo,1,0.5470602196301115,131,0.603125,0.0,0.75,0,584,0,0,-0.0018776124343276024,17.47025489807129,1.486369013786316,-0.00037111560232006013,0.0,0.2529827058315277
314,full_ca_hmappo,1,0.4450802411834047,131,0.669375,0.0,0.875,0,840,0,0,-0.0021295822225511074,19.177875518798828,1.4944343566894531,0.0011865990236401558,0.0,0.24803102016448975
315,full_ca_hmappo,1,0.4784134741991579,132,0.086875,0.0,0.125,0,96,0,0,-0.002261108485981822,91.14529418945312,1.4246575832366943,0.0006087247165851295,0.0,0.2715289294719696
316,full_ca_hmappo,1,0.746301214993764,132,0.4725,0.0,0.5,0,352,0,0,-0.002290635136887431,94.99658966064453,1.4228887557983398,0.0013100593350827694,0.0,0.27308547496795654
317,full_ca_hmappo,1,0.5597213904216005,132,0.588125,0.0,0.5,0,608,0,0,-0.0034263301640748978,23.53253936767578,1.4345483779907227,0.0012731754686683416,0.0,0.2695101499557495
318,full_ca_hmappo,1,0.3017614998420868,132,0.608125,0.0,0.5,0,864,0,0,-0.0008352374425157905,16.312829971313477,1.4584286212921143,-0.00060030457098037,0.0,0.2621013820171356
319,full_ca_hmappo,1,0.5321050160382583,133,0.121875,0.0,0.125,0,120,0,0,-0.0023732720874249935,221.44635009765625,1.3708246946334839,0.0017702223267406225,0.0,0.2911089360713959
320,full_ca_hmappo,1,0.6472984611937136,133,0.436875,0.0,0.375,0,376,0,0,-0.0011459384113550186,106.71592712402344,1.374593734741211,0.0013015687000006437,0.0,0.28968796133995056
321,full_ca_hmappo,1,0.4725316206240677,133,0.55375,0.0,0.75,0,632,0,0,0.0008804932003840804,43.830291748046875,1.421837568283081,-0.00047229998745024204,0.0,0.2748556137084961
322,full_ca_hmappo,1,0.22408334271131025,133,0.571875,0.0,0.75,0,888,0,0,-0.0012881949078291655,9.922579765319824,1.4403855800628662,5.1596201956272125e-05,0.0,0.2683820128440857
323,full_ca_hmappo,1,0.5984763873020711,134,0.276875,0.0,0.25,0,144,0,0,-0.0006253520841710269,137.02154541015625,1.3645672798156738,0.00030142226023599505,0.0,0.30252620577812195
324,full_ca_hmappo,1,0.4070449637715683,134,0.3375,0.0,0.25,0,400,0,0,-0.0010495111346244812,6.939030647277832,1.4272207021713257,0.0010325966868549585,0.0,0.27939704060554504
325,full_ca_hmappo,1,0.40189411669689434,134,0.375625,0.0,0.25,0,656,0,0,-0.0073476857505738735,2.8587679862976074,1.4496691226959229,0.0016689598560333252,0.0,0.25348591804504395
326,full_ca_hmappo,1,0.5541169567847346,134,0.490625,0.0,0.5,0,912,0,0,-0.000426330923801288,27.39440155029297,1.4566318988800049,3.447492417762987e-05,0.0,0.25699955224990845
327,full_ca_hmappo,1,0.8455464004279065,135,0.341875,0.0,0.125,0,168,0,0,0.0008458377560600638,295.8369140625,1.413877010345459,6.171711720526218e-05,0.0,0.28766947984695435
328,full_ca_hmappo,1,0.7818555133389964,135,0.6075,0.0,0.875,0,424,0,0,-0.0008063893765211105,92.54959106445312,1.4289312362670898,0.0004750437510665506,0.0,0.2662280797958374
329,full_ca_hmappo,1,0.29008918257250116,135,0.6575,0.0,1.0,0,680,0,0,-0.0014431936433538795,5.728368282318115,1.4689395427703857,-0.0009632604196667671,0.0,0.26256391406059265
330,full_ca_hmappo,1,0.37585794951519347,135,0.698125,0.0,1.0,0,936,0,0,-0.0030654638539999723,2.552715301513672,1.4826406240463257,0.0003784609434660524,0.0,0.25326523184776306
331,full_ca_hmappo,1,0.6711337148954044,137,0.030625,0.0,0.0,0,33,0,0,2.5661042855062988e-06,327.65289306640625,1.3863886594772339,3.773990829358809e-05,0.0,0.28138643503189087
332,full_ca_hmappo,1,0.8694794954008103,137,0.34125,0.0,0.375,0,289,0,0,-0.0027761782985180616,101.05181121826172,1.4095888137817383,0.0022804606705904007,0.0,0.27740854024887085
333,full_ca_hmappo,1,0.4156821677897824,137,0.37875,0.0,0.375,0,545,0,0,-0.008686771616339684,4.266366481781006,1.4795169830322266,-0.0014331808779388666,0.0,0.25068399310112
334,full_ca_hmappo,1,0.36560824751450127,137,0.45,0.0,0.5,0,801,0,0,-0.014830674044787884,7.17380428314209,1.4933890104293823,0.00263165938667953,0.0,0.2422625720500946
335,full_ca_hmappo,1,0.4982411750247593,138,0.08,0.0,0.125,0,57,0,0,0.0003489777445793152,69.61198425292969,1.4688743352890015,0.007637731730937958,0.0221354179084301,0.2510920464992523
336,full_ca_hmappo,1,0.7489507580569921,138,0.3975,0.0,0.375,0,313,0,0,0.001002271194010973,75.93270874023438,1.4628534317016602,0.0027138334698975086,0.0,0.250062495470047
337,full_ca_hmappo,1,0.5270081313919945,138,0.613125,0.0,0.5,0,569,0,0,0.003923008218407631,16.558792114257812,1.486151099205017,0.0019507210236042738,0.0,0.24957138299942017
338,full_ca_hmappo,1,0.33375399848466714,138,0.64,0.0,0.625,0,825,0,0,-0.01222177967429161,4.347537994384766,1.4767112731933594,0.007362380623817444,0.0,0.24986329674720764
339,full_ca_hmappo,1,0.762614470079825,140,0.09625,0.0,0.25,0,53,0,0,-0.00655573233962059,312.64874267578125,1.3965615034103394,0.015330079942941666,0.2486979216337204,0.27222979068756104
340,full_ca_hmappo,1,0.6762789062795491,140,0.44375,0.0,0.5,0,309,0,0,0.007412381004542112,40.00666809082031,1.3814408779144287,0.0075935665518045425,0.0026041667442768812,0.2778069078922272
341,full_ca_hmappo,1,0.5194550625101328,140,0.57625,0.0,0.5,0,565,0,0,0.003445626702159643,17.70284652709961,1.4314186573028564,0.0037136157043278217,0.0,0.26337930560112
342,full_ca_hmappo,1,0.3623400504311576,140,0.603125,0.0,0.5,0,821,0,0,-0.002622075378894806,4.408017158508301,1.4413923025131226,-0.0009134855936281383,0.0,0.26506125926971436
343,full_ca_hmappo,1,0.42434272952596075,141,0.23375,0.0,0.125,0,137,0,0,0.0004116923955734819,266.2283935546875,1.3440399169921875,0.0011041287798434496,0.0,0.3101826608181
344,full_ca_hmappo,1,0.6621498710992455,141,0.510625,0.0,0.25,0,393,0,0,0.0006945350905880332,62.682071685791016,1.414332389831543,0.0018173664575442672,0.0,0.27661511301994324
345,full_ca_hmappo,1,0.7204223470389479,141,0.734375,0.0,0.375,0,649,0,0,-0.0011932806810364127,47.53466796875,1.4006680250167847,-5.876350769540295e-05,0.0,0.2841222584247589
346,full_ca_hmappo,1,0.553157430524152,141,0.86875,0.0,0.625,0,905,0,0,-7.972618186613545e-05,19.606403350830078,1.3998112678527832,0.0003656179178506136,0.0,0.28606167435646057
347,full_ca_hmappo,1,0.63342877589821,142,0.326875,0.0,0.125,0,161,0,0,-0.0013369073858484626,120.60379028320312,1.3795355558395386,0.0007635792717337608,0.0,0.2875170111656189
348,full_ca_hmappo,1,0.5039267625943467,142,0.53875,0.0,0.25,0,417,0,0,-0.00017674764967523515,29.311731338500977,1.3985780477523804,0.0006861506844870746,0.0,0.28086525201797485
349,full_ca_hmappo,1,0.5142459776543546,142,0.653125,0.0,0.25,0,673,0,0,2.8498470783233643e-06,16.183940887451172,1.3899078369140625,0.0007647794554941356,0.0,0.2900005280971527
350,full_ca_hmappo,1,0.36850772354591754,142,0.673125,0.0,0.25,0,929,0,0,-0.005649475380778313,2.67148494720459,1.392521858215332,0.0023899481166154146,0.0,0.2804056406021118
351,full_ca_hmappo,1,0.7389583711833438,145,0.130625,0.0,0.25,0,105,0,0,0.002670004963874817,365.8908386230469,1.3057197332382202,-0.00023840337235014886,0.0,0.31487390398979187
352,full_ca_hmappo,1,0.9380347353799152,145,0.49,0.125,0.375,0,361,0,0,0.0016144029796123505,130.87562561035156,1.343937635421753,0.0020881169475615025,0.0,0.3147866129875183
353,full_ca_hmappo,1,0.5580486467188166,145,0.708125,0.125,0.625,0,617,0,0,-0.0026580127887427807,15.861141204833984,1.4207133054733276,0.002165568992495537,0.0,0.2689593434333801
354,full_ca_hmappo,1,0.4324448743427638,145,0.7275,0.125,0.625,0,873,0,0,-0.0035588208120316267,4.019200801849365,1.404845118522644,0.0001010415144264698,0.0,0.28204020857810974
355,full_ca_hmappo,1,0.1929908973252168,146,0.140625,0.0,0.0,0,129,0,0,-0.0029100994579494,59.84592819213867,1.3161662817001343,0.0010171281173825264,0.0,0.30787861347198486
356,full_ca_hmappo,1,0.6811177516738098,146,0.349375,0.0,0.125,0,385,0,0,0.0016054145526140928,120.35089111328125,1.3066236972808838,-9.795496225706302e-06,0.0,0.31266093254089355
357,full_ca_hmappo,1,0.7573885000674636,146,0.52,0.125,0.25,0,641,0,0,-0.0001449516712455079,49.414268493652344,1.3825563192367554,2.228391167591326e-05,0.0,0.2779826521873474
358,full_ca_hmappo,1,0.39628729663672857,146,0.55375,0.125,0.25,0,897,0,0,-0.005749329924583435,6.278975486755371,1.3665781021118164,0.0012830549385398626,0.0,0.29524779319763184
359,full_ca_hmappo,1,1.0178439494338818,147,0.245,0.0,0.375,0,153,0,0,0.0007005296647548676,212.00039672851562,1.297424554824829,0.005834642797708511,0.0,0.33443793654441833
360,full_ca_hmappo,1,0.6892097199970522,147,0.40125,0.0,0.375,0,409,0,0,-0.0019447272643446922,43.7937126159668,1.3535070419311523,-0.00045585090992972255,0.0,0.2949156165122986
361,full_ca_hmappo,1,0.7398169933912868,147,0.611875,0.125,0.625,0,665,0,0,0.0005621978780254722,58.817291259765625,1.36703622341156,0.00012075994163751602,0.0,0.29551416635513306
362,full_ca_hmappo,1,0.5123019669190398,147,0.7775,0.125,0.875,0,921,0,0,0.0006977810407988727,19.892459869384766,1.406076431274414,-0.00013696542009711266,0.0,0.2758120000362396
363,full_ca_hmappo,1,0.1359271515891578,148,0.1325,0.0,0.0,0,177,0,0,-0.00015137034642975777,72.33450317382812,1.3299058675765991,0.0001234531810041517,0.0,0.30557599663734436
364,full_ca_hmappo,1,0.4381043954751931,148,0.28375,0.0,0.125,0,433,0,0,-0.0011601302539929748,58.67034912109375,1.3295785188674927,0.00022429243836086243,0.0,0.305549681186676
365,full_ca_hmappo,1,0.4809509994635164,148,0.454375,0.0,0.375,0,689,0,0,-0.0002679983153939247,49.37150573730469,1.3502202033996582,-0.0004066422989126295,0.0,0.29471302032470703
366,full_ca_hmappo,1,0.4918276276744109,148,0.5475,0.0,0.5,0,945,0,0,9.593616414349526e-05,11.540388107299805,1.366157054901123,-0.00039845844730734825,0.0,0.29561468958854675
367,full_ca_hmappo,1,0.37637647585506784,149,0.276875,0.0,0.125,0,201,0,0,-0.0001873945293482393,65.36557006835938,1.3069069385528564,0.0002181345334975049,0.0,0.31431838870048523
368,full_ca_hmappo,1,1.161417620901375,149,0.53625,0.25,0.25,0,457,0,0,-0.00028509338153526187,224.9659423828125,1.3682682514190674,0.0003790762275457382,0.0,0.3099532127380371
369,full_ca_hmappo,1,0.6366955370376672,149,0.71625,0.25,0.625,0,713,0,0,-0.0005871939356438816,21.902488708496094,1.3845313787460327,0.00012654252350330353,0.0,0.2905975580215454
370,full_ca_hmappo,1,0.4151072042041051,149,0.758125,0.25,0.625,0,969,0,0,-0.005049615632742643,8.167937278747559,1.3791818618774414,0.0029943357221782207,0.0,0.2860884666442871
371,full_ca_hmappo,1,1.1250934643433084,150,0.410625,0.0,0.5,0,225,0,0,0.0019171375315636396,320.1615905761719,1.346788763999939,0.0032972467597573996,0.0,0.3127250075340271
372,full_ca_hmappo,1,0.16142080556710425,151,0.17625,0.0,0.0,0,131,0,0,-7.993727922439575e-05,193.36148071289062,1.3296918869018555,-0.0011652669636532664,0.0,0.31049013137817383
373,full_ca_hmappo,1,0.3979587325884495,151,0.434375,0.0,0.125,0,387,0,0,-0.0026160413399338722,18.788387298583984,1.3393644094467163,0.004173835273832083,0.0,0.30996987223625183
374,full_ca_hmappo,1,0.4283464324516899,151,0.528125,0.0,0.25,0,643,0,0,-0.0024325773119926453,76.11920166015625,1.3739550113677979,-0.0005747386021539569,0.0,0.2896290421485901
375,full_ca_hmappo,1,0.30281149567235843,153,0.051875,0.0,0.125,0,69,0,0,-0.0012842528522014618,436.75714111328125,1.3526666164398193,0.0023366648238152266,0.0,0.293196439743042
376,full_ca_hmappo,1,0.6991793438131708,153,0.42875,0.0,0.25,0,325,0,0,-0.0005836496129631996,80.94644165039062,1.3785046339035034,-0.00014977421960793436,0.0,0.2936072051525116
377,full_ca_hmappo,1,0.3436506072002885,153,0.574375,0.0,0.25,0,581,0,0,-0.003423969028517604,4.642112731933594,1.4060171842575073,0.0013561786618083715,0.0,0.2870662808418274
378,full_ca_hmappo,1,0.29463216090152855,153,0.6225,0.0,0.25,0,837,0,0,-0.007688454352319241,4.489865779876709,1.4175879955291748,0.0007000683690421283,0.0,0.2797032594680786
379,full_ca_hmappo,1,0.8610176890442744,154,0.138125,0.125,0.25,0,93,0,0,-0.0003686286509037018,320.800048828125,1.3876327276229858,0.0007075974717736244,0.0,0.28208187222480774
380,full_ca_hmappo,1,0.5211386803894129,154,0.37625,0.125,0.375,0,349,0,0,-0.0007728009368292987,38.21466827392578,1.3982572555541992,0.0015347994631156325,0.0,0.2841666638851166
381,full_ca_hmappo,1,0.5480093302721798,154,0.58125,0.125,0.625,0,605,0,0,-8.301204070448875e-05,27.554336547851562,1.4154332876205444,-5.5159907788038254e-05,0.0,0.2677839398384094
382,full_ca_hmappo,1,0.5295205395068479,155,0.115,0.0,0.125,0,58,0,0,-0.0009039578726515174,261.0155029296875,1.4039525985717773,0.0003595976158976555,0.0,0.27976083755493164
383,full_ca_hmappo,1,0.9284983991983609,155,0.493125,0.0,0.625,0,314,0,0,-0.0008217463036999106,120.70816040039062,1.388454794883728,0.0003647017292678356,0.0,0.29128581285476685
384,full_ca_hmappo,1,0.28104072846326744,155,0.58125,0.0,0.625,0,570,0,0,-0.0018951173406094313,4.633443832397461,1.4271634817123413,0.0007609166204929352,0.0,0.27712875604629517
385,full_ca_hmappo,1,0.5208074996771757,155,0.819375,0.0,0.75,0,826,0,0,-0.0011090661864727736,15.999399185180664,1.4670789241790771,-0.0013889040565118194,0.0,0.2601659297943115
386,full_ca_hmappo,1,0.2542867348342952,156,0.0575,0.0,0.0,0,82,0,0,0.00012858491390943527,61.89044952392578,1.4158124923706055,-0.0007415697909891605,0.0,0.26893311738967896
387,full_ca_hmappo,1,0.2774699304954993,157,0.176875,0.0,0.125,0,239,0,0,6.1027705669403076e-05,230.52491760253906,1.3691480159759521,5.534430965781212e-05,0.0,0.29280176758766174
388,full_ca_hmappo,1,0.8473890198724803,157,0.59125,0.0,0.5,0,495,0,0,-3.851267319987528e-05,88.39207458496094,1.4124940633773804,-0.00024082015443127602,0.0,0.27332237362861633
389,full_ca_hmappo,1,0.5369124321982781,157,0.699375,0.0,0.625,0,751,0,0,-0.0007204985013231635,10.499584197998047,1.4353660345077515,0.00012765747669618577,0.0,0.2672937512397766
390,full_ca_hmappo,1,0.9086242904450046,158,0.445625,0.0,0.5,0,250,0,0,-1.304037868976593e-05,299.0985412597656,1.3417251110076904,-0.00022785784676671028,0.0,0.31101441383361816
391,full_ca_hmappo,1,0.5467824322076922,158,0.6375,0.0,0.5,0,506,0,0,-0.00019251897174399346,11.035867691040039,1.4359878301620483,1.7067883163690567e-05,0.0,0.26732733845710754
392,full_ca_hmappo,1,0.5047306277247117,158,0.710625,0.125,0.5,0,762,0,0,-0.0005092568462714553,34.810787200927734,1.425642967224121,-3.528439992805943e-05,0.0,0.2659188508987427
393,full_ca_hmappo,1,0.2927692123912493,159,0.041875,0.0,0.0,0,18,0,0,-4.0470313251717016e-05,60.968414306640625,1.427924633026123,0.00014578597620129585,0.0,0.26972419023513794
394,full_ca_hmappo,1,1.3021145786165107,159,0.493125,0.0,0.75,0,274,0,0,0.0001231649366673082,266.2838439941406,1.365247130393982,-0.0001440189516870305,0.0,0.29690665006637573
395,full_ca_hmappo,1,0.4346026676454642,159,0.644375,0.0,0.875,0,530,0,0,-0.0008223364129662514,11.854973793029785,1.430930495262146,0.00036356784403324127,0.0,0.2637875974178314
396,full_ca_hmappo,1,0.4950151608154556,159,0.68625,0.0,0.875,0,786,0,0,-2.598327955638524e-05,6.745658874511719,1.421295166015625,0.00042187393410131335,0.0,0.26488709449768066
397,full_ca_hmappo,1,0.23266733863965783,160,0.044375,0.0,0.0,0,42,0,0,2.791329097817652e-05,61.90797424316406,1.4129140377044678,-0.0003715947677846998,0.0,0.2742936611175537
398,full_ca_hmappo,1,0.9103483150056491,160,0.37125,0.0,0.5,0,298,0,0,-0.00015890164650045335,358.87054443359375,1.3592021465301514,-0.0003690685553010553,0.0,0.29306507110595703
399,full_ca_hmappo,1,0.45598965370299993,160,0.579375,0.0,0.5,0,554,0,0,-0.0020938804373145103,7.757375717163086,1.4301718473434448,5.77198043174576e-05,0.0,0.26643797755241394
400,full_ca_hmappo,1,0.5029376106949712,160,0.663125,0.0,0.5,0,810,0,0,-0.0011576507240533829,5.235111236572266,1.4449337720870972,0.0005785523680970073,0.0,0.25822633504867554
401,full_ca_hmappo,1,0.43298388341827376,161,0.035,0.0,0.0,0,66,0,0,-0.00036591727985069156,107.6020278930664,1.4100655317306519,8.294700819533318e-05,0.0,0.2791658639907837
402,full_ca_hmappo,1,0.6747423718721848,161,0.35375,0.0,0.25,0,322,0,0,-0.0002255793660879135,38.87673568725586,1.3892568349838257,-0.0001251036301255226,0.0,0.2838701009750366
403,full_ca_hmappo,1,0.5741055707221676,161,0.468125,0.0,0.25,0,578,0,0,-0.0011039571836590767,15.48873519897461,1.3782806396484375,0.0002828993310686201,0.0,0.2814345061779022
404,full_ca_hmappo,1,0.49513718135312956,161,0.518125,0.0,0.25,0,834,0,0,-0.004111964255571365,6.373262405395508,1.4205634593963623,-0.0006045929039828479,0.0,0.2752131223678589
405,full_ca_hmappo,1,0.8582877362168801,162,0.1325,0.0,0.25,0,90,0,0,-0.0015073096146807075,245.48947143554688,1.3562583923339844,0.001394628081470728,0.0,0.3021095395088196
406,full_ca_hmappo,1,0.7161209287896781,162,0.55125,0.0,0.625,0,346,0,0,-0.000506028241943568,31.87067413330078,1.3893531560897827,-0.0006440975121222436,0.0,0.28385722637176514
407,full_ca_hmappo,1,0.5141181022190722,162,0.715625,0.0,0.625,0,602,0,0,-0.0022168471477925777,33.20712661743164,1.4103946685791016,0.0028224072884768248,0.0,0.2669355571269989
408,full_ca_hmappo,1,0.5173080512649904,162,0.799375,0.0,0.625,0,858,0,0,-0.003287574276328087,8.046187400817871,1.4107639789581299,-0.0001624779251869768,0.0,0.2773250937461853
409,full_ca_hmappo,1,0.6146947263405309,163,0.218125,0.0,0.125,0,114,0,0,0.00026688756770454347,190.2379608154297,1.3462947607040405,-1.6928030163398944e-05,0.0,0.3091050088405609
410,full_ca_hmappo,1,0.8359317693339108,163,0.5,0.0,0.375,0,370,0,0,0.0003313484485261142,94.64450073242188,1.3756237030029297,-0.00035864225355908275,0.0,0.2942679822444916
411,full_ca_hmappo,1,0.5789892558932479,163,0.620625,0.0,0.625,0,626,0,0,-0.0003398725239094347,11.968730926513672,1.3876590728759766,-7.39946699468419e-05,0.0,0.2933100759983063
412,full_ca_hmappo,1,0.46976633648409916,163,0.73625,0.0,0.75,0,882,0,0,-0.0019312271615490317,16.843168258666992,1.39583420753479,0.002044559922069311,0.0,0.28147202730178833
413,full_ca_hmappo,1,0.8380605358718931,164,0.115625,0.0,0.0,0,138,0,0,-0.0022098436020314693,120.11569213867188,1.3507850170135498,0.00013751273218076676,0.0,0.30916738510131836
414,full_ca_hmappo,1,0.8804876265476196,164,0.41875,0.0,0.375,0,394,0,0,-0.00022834695118945092,87.85324096679688,1.3132330179214478,0.00024393279454670846,0.0,0.3191479444503784
415,full_ca_hmappo,1,0.49833088237210177,164,0.498125,0.0,0.375,0,650,0,0,-0.0064643146470189095,9.542673110961914,1.378419280052185,-0.0009483224712312222,0.0,0.2932339310646057
416,full_ca_hmappo,1,0.5841111936520065,164,0.661875,0.0,0.5,0,906,0,0,-0.005639886017888784,15.744333267211914,1.3999837636947632,-0.00010031958663603291,0.0,0.27962976694107056
417,full_ca_hmappo,1,1.0050451401111786,165,0.299375,0.0,0.25,0,162,0,0,-0.0017383415251970291,218.08731079101562,1.3052055835723877,0.0008880210807546973,0.0,0.33459270000457764
418,full_ca_hmappo,1,0.6432576477527618,165,0.515625,0.0,0.375,0,418,0,0,0.00034455861896276474,32.958290100097656,1.3694037199020386,0.0019921374041587114,0.0,0.2925800085067749
419,full_ca_hmappo,1,0.3584300302591146,165,0.645,0.0,0.375,0,674,0,0,-0.001056268229149282,3.6538162231445312,1.376613974571228,0.0019309232011437416,0.0,0.28756842017173767
420,full_ca_hmappo,1,0.451647628142382,165,0.736875,0.0,0.625,0,930,0,0,-0.005791257135570049,5.397417068481445,1.432126760482788,-0.00043846963671967387,0.0,0.26270923018455505
421,full_ca_hmappo,1,1.1015481286922295,166,0.391875,0.0,0.375,0,186,0,0,-0.0009477868443354964,365.56207275390625,1.3268566131591797,0.0035869376733899117,0.0325520858168602,0.3186538517475128
422,full_ca_hmappo,1,0.44190018169319956,166,0.579375,0.0,0.5,0,442,0,0,-0.00645227637141943,4.140894889831543,1.437989592552185,0.0027870405465364456,0.0,0.26297253370285034
423,full_ca_hmappo,1,0.5098228157773974,166,0.65,0.0,0.75,0,698,0,0,-0.0036165895871818066,9.328067779541016,1.4292800426483154,0.005897887051105499,0.0,0.25948983430862427
424,full_ca_hmappo,1,0.34216893196253295,166,0.700625,0.0,0.75,0,954,0,0,0.0009621717035770416,8.214877128601074,1.4240624904632568,0.0011953909415751696,0.0,0.26206204295158386
425,full_ca_hmappo,1,0.6966976996111498,167,0.21125,0.0,0.25,0,210,0,0,-0.0014485664432868361,160.44046020507812,1.4052823781967163,0.0017445789417251945,0.0,0.2720458507537842
426,full_ca_hmappo,1,0.6370900694282682,167,0.520625,0.0,0.625,0,466,0,0,8.103189611574635e-05,25.088947296142578,1.4249286651611328,0.0005886433646082878,0.0,0.26391637325286865
427,full_ca_hmappo,1,0.41290317823813893,167,0.630625,0.0,0.75,0,722,0,0,-0.007880454882979393,3.9825098514556885,1.4515013694763184,0.004825799725949764,0.0,0.2527956962585449
428,full_ca_hmappo,1,0.48771992478941684,167,0.63875,0.125,0.75,0,978,0,0,-0.007139846682548523,28.581623077392578,1.4211335182189941,0.0019562882371246815,0.0,0.2625992000102997
429,full_ca_hmappo,1,0.6215821887453785,168,0.159375,0.0,0.25,0,234,0,0,-0.002418722491711378,143.8411865234375,1.3809802532196045,0.00301474891602993,0.0,0.26960647106170654
430,full_ca_hmappo,1,0.47723619643056736,168,0.31625,0.0,0.25,0,490,0,0,-0.00044902972877025604,7.052373886108398,1.410980224609375,0.002900466788560152,0.0,0.26846691966056824
431,full_ca_hmappo,1,0.4380645735877806,168,0.469375,0.0,0.625,0,746,0,0,-0.009890392422676086,12.526298522949219,1.4485747814178467,0.0012407283065840602,0.0,0.25558704137802124
432,full_ca_hmappo,1,0.3751991542253563,169,0.0075,0.0,0.0,0,2,0,0,-0.0020619090646505356,73.51919555664062,1.455014944076538,-0.0003633142332546413,0.0403645858168602,0.25307878851890564
433,full_ca_hmappo,1,0.9302260464214669,169,0.414375,0.0,0.625,0,258,0,0,-0.0011552309151738882,199.15281677246094,1.4012908935546875,0.0025281128473579884,0.0,0.2808149456977844
434,full_ca_hmappo,1,0.3716637061597794,169,0.484375,0.0,0.625,0,514,0,0,0.0009782075649127364,4.892534255981445,1.4430441856384277,-0.0011522273998707533,0.0,0.26036331057548523
435,full_ca_hmappo,1,0.2922958103090423,169,0.48875,0.0,0.625,0,770,0,0,-0.0001358967274427414,6.637099266052246,1.471085548400879,-0.0015274675097316504,0.0,0.24427103996276855
436,full_ca_hmappo,1,0.489269212886029,170,0.05625,0.0,0.0,0,26,0,0,-0.00023264437913894653,86.58377838134766,1.442356824874878,0.0005503522115759552,0.0,0.2600880265235901
437,full_ca_hmappo,1,0.6686020941492643,170,0.23,0.0,0.25,0,282,0,0,-0.00026764534413814545,137.40289306640625,1.43678879737854,-0.0001590372994542122,0.0,0.2576223611831665
438,full_ca_hmappo,1,0.6853002417915377,170,0.4375,0.0,0.375,0,538,0,0,-0.0007712257793173194,23.014301300048828,1.4271706342697144,-0.0002606194466352463,0.0,0.2700994610786438
439,full_ca_hmappo,1,0.5901370473438874,170,0.6875,0.0,0.875,0,794,0,0,-0.0011801685905084014,18.306961059570312,1.4509665966033936,0.00043901041499339044,0.0,0.2575835883617401
440,full_ca_hmappo,1,0.4245376628489339,171,0.04,0.0,0.0,0,50,0,0,-0.0003951608086936176,79.92882537841797,1.4151724576950073,-5.045393481850624e-05,0.0,0.2800288200378418
441,full_ca_hmappo,1,1.2076062953992732,171,0.404375,0.0,0.5,0,306,0,0,0.0003022185410372913,413.68035888671875,1.3823308944702148,0.0002543441951274872,0.0,0.2933933734893799
442,full_ca_hmappo,1,0.6925239811698702,171,0.633125,0.125,0.625,0,562,0,0,-0.00032790564000606537,74.7359390258789,1.3965206146240234,0.0003099402820225805,0.0,0.28899332880973816
443,full_ca_hmappo,1,0.7121916252835945,171,0.8275,0.25,0.75,0,818,0,0,-0.0003408355114515871,53.586517333984375,1.4185724258422852,-0.00037852954119443893,0.0,0.2820855677127838
444,full_ca_hmappo,1,0.34255359318558476,172,0.134375,0.0,0.0,0,74,0,0,-0.00045892474008724093,74.37470245361328,1.4017291069030762,-5.943320502410643e-05,0.0,0.2817463278770447
445,full_ca_hmappo,1,1.0505066403666206,172,0.47125,0.0,0.375,0,330,0,0,-0.00016963854432106018,205.4017791748047,1.3893474340438843,0.00015329988673329353,0.0,0.28283488750457764
446,full_ca_hmappo,1,0.5245163752097142,172,0.65375,0.0,0.5,0,586,0,0,-0.0006205597892403603,12.081854820251465,1.3943555355072021,-0.00019729541963897645,0.0,0.28849610686302185
447,full_ca_hmappo,1,0.884054851714609,172,0.703125,0.25,0.75,0,842,0,0,-0.00013719717389903963,103.19499206542969,1.3709300756454468,-0.0006715815397910774,0.0,0.3048672676086426
448,full_ca_hmappo,1,0.46861209200142184,173,0.096875,0.0,0.125,0,98,0,0,-0.00020534048962872475,127.56129455566406,1.4440858364105225,0.0002897358499467373,0.0,0.2551153600215912
449,full_ca_hmappo,1,0.6807791791015916,173,0.38,0.0,0.5,0,354,0,0,-0.0009303739061579108,99.22947692871094,1.4095478057861328,-0.00020835254690609872,0.0,0.28431087732315063
450,full_ca_hmappo,1,0.49207070201737224,173,0.52875,0.0,0.625,0,610,0,0,-0.0009793558856472373,5.2430419921875,1.429060935974121,0.00022968588746152818,0.0,0.25988492369651794
451,full_ca_hmappo,1,0.5594217796251542,173,0.604375,0.125,0.75,0,866,0,0,-0.0004708062333520502,48.72808074951172,1.4277093410491943,0.00048135174438357353,0.0,0.27315613627433777
452,full_ca_hmappo,1,0.48903012955497616,174,0.10875,0.0,0.125,0,122,0,0,-0.00012849210179410875,159.00904846191406,1.3916629552841187,-9.467359632253647e-06,0.0,0.28341537714004517
453,full_ca_hmappo,1,0.5987582430632301,174,0.40625,0.0,0.375,0,378,0,0,-0.0002701565099414438,46.392173767089844,1.3844636678695679,-4.7315843403339386e-05,0.0,0.2847505807876587
454,full_ca_hmappo,1,0.5700482016909518,174,0.53125,0.0,0.5,0,634,0,0,-0.0006085137720219791,9.508283615112305,1.4239529371261597,0.00010557349014561623,0.0,0.26956284046173096
455,full_ca_hmappo,1,0.3021410074243249,174,0.559375,0.0,0.5,0,890,0,0,-0.0008690233225934207,7.996476650238037,1.4442099332809448,-0.0003938990121241659,0.0,0.2635010778903961
456,full_ca_hmappo,1,0.7589271392553201,175,0.261875,0.0,0.375,0,146,0,0,-0.000680902972817421,247.01165771484375,1.390878677368164,0.00017687857325654477,0.0,0.2812255322933197
457,full_ca_hmappo,1,0.507435212241603,175,0.466875,0.0,0.375,0,402,0,0,-0.0019490967970341444,13.794775009155273,1.4429888725280762,0.0004523225943557918,0.0,0.2580098509788513
458,full_ca_hmappo,1,0.4039448333378459,175,0.49375,0.125,0.375,0,658,0,0,-0.0012128663947805762,16.439964294433594,1.4723005294799805,-0.0010581305250525475,0.0,0.2398776262998581
459,full_ca_hmappo,1,0.38303890949464403,175,0.5125,0.25,0.375,0,914,0,0,0.00011819663632195443,14.842093467712402,1.4430041313171387,-0.0010447818785905838,0.0,0.2533063292503357
460,full_ca_hmappo,1,0.5064581979095237,176,0.298125,0.0,0.125,0,170,0,0,-0.0004806816577911377,162.39682006835938,1.4365367889404297,0.00025236670626327395,0.0,0.259465754032135
461,full_ca_hmappo,1,0.63781626762011,176,0.5625,0.0,0.375,0,426,0,0,0.00017141520220320672,72.701171875,1.3769029378890991,-0.00017386504623573273,0.0,0.297269344329834
462,full_ca_hmappo,1,0.48413556538253033,176,0.728125,0.0,0.5,0,682,0,0,-0.003631710773333907,6.212140083312988,1.4180281162261963,0.0009473226964473724,0.0,0.28264015913009644
463,full_ca_hmappo,1,0.4344086076566782,176,0.835625,0.0,0.625,0,938,0,0,-0.008674941956996918,4.328585147857666,1.4479320049285889,0.004374867305159569,0.1783854216337204,0.26001036167144775
464,full_ca_hmappo,1,0.8785859097456523,177,0.3225,0.0,0.125,0,194,0,0,-0.003438794519752264,167.5031280517578,1.3687763214111328,0.0030895895324647427,0.0026041667442768812,0.2866750955581665
465,full_ca_hmappo,1,0.7096771235756023,177,0.5625,0.0,0.375,0,450,0,0,0.005462936125695705,46.5450439453125,1.3453682661056519,0.002477681962773204,0.0,0.30631762742996216
466,full_ca_hmappo,1,0.5683837706947088,177,0.721875,0.0,0.75,0,706,0,0,-0.0002773090673144907,34.2614860534668,1.4022397994995117,-0.0005908808670938015,0.0,0.2825300395488739
467,full_ca_hmappo,1,0.31427965489456255,177,0.736875,0.0,0.75,0,962,0,0,0.001169241382740438,8.260973930358887,1.4499257802963257,0.0005912070046178997,0.0,0.2544299364089966
468,full_ca_hmappo,1,-0.0064251906296703964,179,0.101875,0.0,0.0,0,45,0,0,-0.00020055659115314484,328.24615478515625,1.4199212789535522,-0.0005498112877830863,0.0,0.26900410652160645
469,full_ca_hmappo,1,0.5230793837596366,179,0.41,0.0,0.125,0,301,0,0,-0.0003594234585762024,23.289886474609375,1.3648450374603271,-9.351565495308023e-06,0.0,0.2938006818294525
470,full_ca_hmappo,1,0.40373151476099167,179,0.505,0.0,0.25,0,557,0,0,-0.002109294291585684,45.28032684326172,1.404294729232788,-0.0009630552376620471,0.0,0.2774646580219269
471,full_ca_hmappo,1,0.3964425562589895,179,0.538125,0.0,0.25,0,813,0,0,-0.005826620385050774,5.311099052429199,1.4260694980621338,0.0032605535816401243,0.0,0.2646561563014984
472,full_ca_hmappo,1,0.5113429748307681,180,0.0875,0.0,0.0,0,69,0,0,-0.0025327312760055065,101.76344299316406,1.4183120727539062,0.0016805920749902725,0.0,0.2685534954071045
473,full_ca_hmappo,1,0.7510326682040613,180,0.380625,0.0,0.5,0,325,0,0,-0.00038124312413856387,111.69303894042969,1.3299522399902344,0.0038516949862241745,0.0,0.296790212392807
474,full_ca_hmappo,1,0.5387057067873684,180,0.578125,0.0,0.75,0,581,0,0,-0.0018975937273353338,9.578744888305664,1.3958972692489624,-0.0005276431329548359,0.0,0.2861270308494568
475,full_ca_hmappo,1,0.494124648838806,180,0.741875,0.0,1.0,0,837,0,0,-0.003436719998717308,7.299691677093506,1.3954895734786987,0.0024249085690826178,0.0,0.283966064453125
476,full_ca_hmappo,1,0.24990418627930922,181,0.05625,0.0,0.0,0,93,0,0,-0.000604900240432471,91.68253326416016,1.4076178073883057,0.001205979730002582,0.0,0.26862189173698425
477,full_ca_hmappo,1,0.835688577095425,181,0.26875,0.0,0.375,0,349,0,0,4.568820440908894e-05,194.056396484375,1.386673927307129,0.0003166724927723408,0.0,0.28203898668289185
478,full_ca_hmappo,1,0.6705234174287398,181,0.444375,0.0,0.375,0,605,0,0,-0.002022380707785487,20.11581039428711,1.3849772214889526,0.000492523773573339,0.0,0.2940022945404053
479,full_ca_hmappo,1,0.39882892388231994,181,0.50875,0.0,0.5,0,861,0,0,-0.004739327821880579,7.987504959106445,1.432848334312439,0.002039350802078843,0.0,0.2651503086090088
480,full_ca_hmappo,1,0.8867495266404148,183,0.088125,0.0,0.25,0,79,0,0,-0.004479022230952978,381.1083984375,1.3812860250473022,0.0010701478458940983,0.0,0.2895106077194214
481,full_ca_hmappo,1,0.5061116191433825,183,0.249375,0.0,0.5,0,335,0,0,-0.00019526886171661317,6.118899822235107,1.4177684783935547,0.0020725580397993326,0.0,0.2685818672180176
482,full_ca_hmappo,1,0.5874087016054546,183,0.38375,0.125,0.5,0,591,0,0,0.0004248727927915752,51.61170959472656,1.4321153163909912,0.000751015730202198,0.0,0.2650165557861328
483,full_ca_hmappo,1,0.4211828271750164,183,0.449375,0.125,0.875,0,847,0,0,-0.000837402418255806,9.593862533569336,1.4364452362060547,-0.00014364828530233353,0.0,0.2710419297218323
484,full_ca_hmappo,1,0.6310069580822528,184,0.196875,0.0,0.125,0,103,0,0,-0.00246612960472703,164.37667846679688,1.3566186428070068,0.00043408683268353343,0.0,0.3002831041812897
485,full_ca_hmappo,1,0.6058391523256432,184,0.495625,0.0,0.25,0,359,0,0,-0.0005585154285654426,49.682559967041016,1.3306164741516113,0.0014557079412043095,0.0,0.3095000684261322
486,full_ca_hmappo,1,0.45280006788652827,184,0.5925,0.0,0.25,0,615,0,0,-0.005551741924136877,7.515618324279785,1.4360966682434082,0.0006658746860921383,0.0,0.2650830149650574
487,full_ca_hmappo,1,0.7452057764094207,184,0.7375,0.25,0.75,0,871,0,0,0.0011239511659368873,83.32022094726562,1.4439328908920288,-0.0014275432331487536,0.0,0.2612508237361908
488,full_ca_hmappo,1,0.8874943528544463,185,0.22125,0.0,0.25,0,127,0,0,0.00010591931641101837,236.66358947753906,1.3733576536178589,0.001925104996189475,0.0,0.29625076055526733
489,full_ca_hmappo,1,0.6323743316922048,185,0.44625,0.0,0.625,0,383,0,0,0.0007164689595811069,13.69930648803711,1.406269907951355,0.001304011675529182,0.0,0.281189501285553
490,full_ca_hmappo,1,0.7058647234734963,185,0.750625,0.0,1.0,0,639,0,0,-0.0005554389208555222,44.602752685546875,1.4255971908569336,-0.0001172147094621323,0.0,0.2703498899936676
491,full_ca_hmappo,1,0.3682557726435789,185,0.843125,0.0,1.0,0,895,0,0,-0.0005929029430262744,4.026315212249756,1.4515371322631836,0.00020016280177515,0.0,0.2576957941055298
492,full_ca_hmappo,1,0.6847931479660474,186,0.27875,0.0,0.125,0,151,0,0,-0.00028472518897615373,102.90599822998047,1.3876508474349976,0.00029071298195049167,0.0,0.29367339611053467
493,full_ca_hmappo,1,0.6484648339137493,186,0.47,0.0,0.25,0,407,0,0,-0.0003540969337336719,54.92884063720703,1.4276692867279053,0.0003768472815863788,0.0,0.27352768182754517
494,full_ca_hmappo,1,0.6587969861316196,186,0.759375,0.0,0.375,0,663,0,0,0.00018922085291706026,37.84285354614258,1.4228122234344482,-3.2106880098581314e-05,0.0,0.2734370827674866
495,full_ca_hmappo,1,0.6113174100828473,186,0.7925,0.125,0.375,0,919,0,0,-0.0006582532078027725,24.25078582763672,1.439563512802124,0.0005015984061174095,0.0,0.27204328775405884
496,full_ca_hmappo,1,0.9324855432478216,187,0.22875,0.0,0.375,0,175,0,0,-0.0006330373580567539,367.09515380859375,1.4074370861053467,0.0009548650123178959,0.0,0.28509753942489624
497,full_ca_hmappo,1,0.4577900292861159,187,0.315,0.0,0.625,0,431,0,0,-0.0070096286945044994,3.9520316123962402,1.4482091665267944,0.020308658480644226,0.609375,0.24988386034965515
498,full_ca_hmappo,1,0.7962912405200768,188,0.194375,0.0,0.25,0,203,0,0,0.0024471315555274487,410.00225830078125,1.3905776739120483,0.004288593307137489,0.0807291716337204,0.2904973030090332
499,full_ca_hmappo,1,0.5351030201945832,188,0.400625,0.0,0.25,0,459,0,0,-0.0015055825933814049,11.701631546020508,1.4271849393844604,0.004408414475619793,0.0,0.2581188678741455
500,full_ca_hmappo,1,0.586663448571926,188,0.483125,0.125,0.375,0,715,0,0,0.00246383692137897,74.04129028320312,1.438049554824829,0.0009348697494715452,0.0,0.25788310170173645
501,full_ca_hmappo,1,0.29590163564080285,188,0.55125,0.125,0.375,0,971,0,0,0.000354766845703125,13.109378814697266,1.4127343893051147,-0.0004527776036411524,0.0,0.2736428380012512
502,full_ca_hmappo,1,0.893565121352367,189,0.255625,0.0,0.0,0,227,0,0,0.00036577571881935,183.13909912109375,1.3199002742767334,-0.00029900966910645366,0.0,0.32929444313049316
503,full_ca_hmappo,1,0.25047762952272024,190,0.038125,0.0,0.0,0,21,0,0,0.00013597248471342027,201.73873901367188,1.4418220520019531,0.00032728351652622223,0.0,0.25514280796051025
504,full_ca_hmappo,1,1.0315872090286575,190,0.30375,0.0,0.375,0,277,0,0,-0.0002484917640686035,136.20614624023438,1.3828072547912598,4.007178358733654e-05,0.0,0.2983734607696533
505,full_ca_hmappo,1,0.48298204166349024,190,0.480625,0.0,0.75,0,533,0,0,-0.005866210907697678,15.849248886108398,1.4192628860473633,0.0015985480276867747,0.0,0.2750709354877472
506,full_ca_hmappo,1,0.5824634055588831,190,0.55,0.125,0.875,0,789,0,0,0.0006729587912559509,28.681934356689453,1.4146201610565186,0.0025974062737077475,0.0,0.2702483832836151
507,full_ca_hmappo,1,0.31359324303593894,191,0.0675,0.0,0.0,0,45,0,0,0.00047628674656152725,89.89619445800781,1.4305219650268555,-0.0004938178462907672,0.0,0.2656349539756775
508,full_ca_hmappo,1,0.33439598252880387,192,0.218125,0.0,0.125,0,118,0,0,0.000559720559976995,185.90109252929688,1.302452802658081,-0.00035505866981111467,0.0,0.3336426615715027
509,full_ca_hmappo,1,0.7464292491449669,192,0.459375,0.0,0.25,0,374,0,0,0.00019953276205342263,57.28619384765625,1.3585052490234375,0.0003843707963824272,0.0,0.3097310960292816
510,full_ca_hmappo,1,0.6667857474067205,192,0.520625,0.125,0.375,0,630,0,0,8.564877498429269e-05,54.512840270996094,1.3677642345428467,2.067815512418747e-05,0.0,0.3118283748626709
511,full_ca_hmappo,1,0.3563343388314024,192,0.588125,0.125,0.375,0,886,0,0,-0.0022847610525786877,6.38733434677124,1.4585479497909546,-0.00014240946620702744,0.0,0.2603152394294739
512,full_ca_hmappo,1,0.8817339245906624,193,0.269375,0.0,0.25,0,142,0,0,-0.000498241453897208,190.1512451171875,1.329671025276184,-0.00028288643807172775,0.0,0.3227839171886444
513,full_ca_hmappo,1,0.6159075914620189,193,0.43125,0.0,0.375,0,398,0,0,0.0003677740169223398,27.714298248291016,1.4004933834075928,0.00018693212768994272,0.0,0.27277296781539917
514,full_ca_hmappo,1,0.39906607334319233,193,0.499375,0.0,0.625,0,654,0,0,-0.0007706222822889686,9.418817520141602,1.4119431972503662,0.00011082179844379425,0.0,0.280986487865448
515,full_ca_hmappo,1,0.25456830027997057,193,0.509375,0.0,0.625,0,910,0,0,-0.0020496947690844536,16.37973976135254,1.432692527770996,9.100371971726418e-05,0.0,0.27229875326156616
516,full_ca_hmappo,1,0.8512618446359284,194,0.244375,0.0,0.375,0,166,0,0,-0.0004501200164668262,191.05799865722656,1.3703827857971191,8.382648229598999e-05,0.0,0.29679951071739197
517,full_ca_hmappo,1,0.5660733482532976,194,0.45375,0.0,0.375,0,422,0,0,-0.002033224329352379,15.821833610534668,1.4244554042816162,0.0012593572027981281,0.0,0.27257323265075684
518,full_ca_hmappo,1,0.3414300701051616,194,0.5225,0.0,0.375,0,678,0,0,-0.001967854332178831,10.505454063415527,1.4485315084457397,-0.0007153029437176883,0.0,0.25498300790786743
519,full_ca_hmappo,1,0.3538494359145261,194,0.579375,0.0,0.5,0,934,0,0,-0.0035951833706349134,10.886377334594727,1.4561452865600586,-2.0187348127365112e-05,0.0,0.25680604577064514
520,full_ca_hmappo,1,0.8688940706920221,195,0.225625,0.0,0.25,0,190,0,0,-0.0006366813322529197,226.17498779296875,1.309070348739624,-1.0054092854261398e-05,0.0,0.3271854817867279
521,full_ca_hmappo,1,0.7255597343837508,195,0.456875,0.0,0.75,0,446,0,0,-0.00036145560443401337,32.196571350097656,1.4043757915496826,-9.978081652661785e-05,0.0,0.28123700618743896
522,full_ca_hmappo,1,0.40877775078661216,195,0.525625,0.0,0.75,0,702,0,0,-0.004771324805915356,3.441319704055786,1.4554040431976318,4.178844392299652e-05,0.0,0.25886064767837524
523,full_ca_hmappo,1,0.3536280585876739,195,0.535625,0.0,0.75,0,958,0,0,-0.00906446948647499,4.70997428894043,1.4625581502914429,0.0009274366311728954,0.0,0.2504580020904541
524,full_ca_hmappo,1,1.2340109298093012,196,0.340625,0.0,0.25,0,214,0,0,-0.002125738188624382,278.7696838378906,1.3097484111785889,0.0003543956554494798,0.0,0.3324885666370392
525,full_ca_hmappo,1,0.6345179971231119,196,0.418125,0.125,0.375,0,470,0,0,-0.0007955426117405295,111.05886840820312,1.4350731372833252,0.0015028815250843763,0.0,0.2583596706390381
526,full_ca_hmappo,1,0.2648578888747579,196,0.4975,0.25,0.375,0,726,0,0,0.00034084980143234134,22.515575408935547,1.4524600505828857,0.00016229087486863136,0.0,0.268235445022583
527,full_ca_hmappo,1,0.07937004563564187,196,0.499375,0.25,0.375,0,982,0,0,0.0003453126992098987,38.95881652832031,1.4517724514007568,-0.00033890613121911883,0.0,0.2608520984649658
528,full_ca_hmappo,1,0.619818599959217,198,0.123125,0.0,0.25,0,121,0,0,-0.0004216122324578464,565.4888305664062,1.357468605041504,0.0002102825528709218,0.0,0.29695287346839905
529,full_ca_hmappo,1,0.6400839964144325,198,0.36375,0.0,0.625,0,377,0,0,-0.0007712201913818717,40.05298614501953,1.4019511938095093,0.00056098448112607,0.0,0.2868746519088745
530,full_ca_hmappo,1,0.502696059604034,198,0.619375,0.0,0.75,0,633,0,0,-0.00206396309658885,6.527910232543945,1.4120463132858276,0.00036641600308939815,0.0,0.2807048559188843
531,full_ca_hmappo,1,0.3963658330467297,198,0.641875,0.0,0.75,0,889,0,0,-0.0068427082151174545,3.8115761280059814,1.4678008556365967,0.0004941059160046279,0.0,0.2601257264614105
532,full_ca_hmappo,1,0.6375170391183929,199,0.218125,0.0,0.125,0,145,0,0,-2.9183303922764026e-05,149.7591552734375,1.4436769485473633,0.0020072960760444403,0.0,0.26825568079948425
533,full_ca_hmappo,1,0.679634716819578,199,0.3625,0.0,0.25,0,401,0,0,0.0014658495783805847,45.54837417602539,1.4378280639648438,-0.0009743697009980679,0.0,0.270354300737381
534,full_ca_hmappo,1,0.35916781428568356,199,0.400625,0.125,0.25,0,657,0,0,-0.0005713682621717453,10.605453491210938,1.4717168807983398,0.0007199971005320549,0.0,0.25191372632980347
535,full_ca_hmappo,1,0.5292872549034655,199,0.484375,0.125,0.625,0,913,0,0,-0.00027963085449300706,83.71998596191406,1.4687074422836304,5.688689270755276e-05,0.0,0.25931447744369507
536,full_ca_hmappo,1,0.9512214843744005,201,0.198125,0.125,0.125,0,130,0,0,-0.0003880579024553299,495.63580322265625,1.4238276481628418,-0.00011683612683555111,0.0,0.26625633239746094
537,full_ca_hmappo,1,0.3125688603504386,201,0.338125,0.125,0.25,0,386,0,0,-0.00011915713548660278,26.877323150634766,1.437487006187439,-0.0002857321815099567,0.0,0.26499757170677185
538,full_ca_hmappo,1,0.16525698883287987,201,0.375625,0.125,0.25,0,642,0,0,-0.0012503869365900755,23.833099365234375,1.4593089818954468,0.0002985320461448282,0.0,0.25458604097366333
539,full_ca_hmappo,1,0.16026554114432656,201,0.395625,0.125,0.25,0,898,0,0,-0.0009047295898199081,24.039281845092773,1.4714322090148926,1.3123887583788019e-05,0.0,0.2590011954307556
540,full_ca_hmappo,1,0.45504962931590853,202,0.28125,0.0,0.125,0,154,0,0,-0.00016352659440599382,157.31463623046875,1.404623031616211,0.00022323825396597385,0.0,0.27970337867736816
541,full_ca_hmappo,1,0.7395414736206476,202,0.534375,0.0,0.75,0,410,0,0,-0.000215800479054451,98.74427032470703,1.4294686317443848,8.623224857728928e-05,0.0,0.26826366782188416
542,full_ca_hmappo,1,0.2928590230467307,202,0.555625,0.0,0.75,0,666,0,0,-0.0001273763773497194,12.37441635131836,1.4702677726745605,-5.3592491894960403e-05,0.0,0.252356618642807
543,full_ca_hmappo,1,0.31755795754622795,202,0.598125,0.0,0.75,0,922,0,0,-0.00043072988046333194,7.871621131896973,1.467581033706665,-4.73950058221817e-06,0.0,0.25215110182762146
544,full_ca_hmappo,1,1.0025928738864422,203,0.308125,0.0,0.375,0,178,0,0,-0.0003863039310090244,353.48602294921875,1.3799465894699097,-0.00021453753288369626,0.0,0.2914399802684784
545,full_ca_hmappo,1,0.6515557590373646,203,0.4925,0.25,0.375,0,434,0,0,-0.0003162200446240604,53.56063461303711,1.4198577404022217,5.3824856877326965e-05,0.0,0.27823302149772644
546,full_ca_hmappo,1,0.030971532250987366,204,0.068125,0.0,0.0,0,129,0,0,0.00022356584668159485,232.06356811523438,1.429701805114746,8.807254198472947e-05,0.0,0.27053868770599365
547,full_ca_hmappo,1,0.31437523948261514,204,0.179375,0.0,0.0,0,385,0,0,-0.0003678264911286533,54.242652893066406,1.4345450401306152,-0.0002708840183913708,0.0,0.2645486295223236
548,full_ca_hmappo,1,0.22403032988950144,204,0.2725,0.0,0.0,0,641,0,0,-0.0003320941177662462,14.802248001098633,1.4839811325073242,2.2401413843908813e-06,0.0,0.2535223066806793
549,full_ca_hmappo,1,0.5213531541699012,204,0.274375,0.0,0.0,0,897,0,0,-0.0006735408678650856,24.913837432861328,1.4372119903564453,5.8774683566298336e-05,0.0,0.2714717984199524
550,full_ca_hmappo,1,0.4339492657018127,205,0.101875,0.0,0.0,0,153,0,0,-0.0003993933496531099,97.21653747558594,1.4294164180755615,-5.4935306252446026e-05,0.0,0.2685304880142212
551,full_ca_hmappo,1,0.5985518595456369,205,0.294375,0.0,0.125,0,409,0,0,-0.0017383558442816138,66.28596496582031,1.4279248714447021,4.3526913941605017e-05,0.0,0.27089619636535645
552,full_ca_hmappo,1,0.7038189248814888,205,0.491875,0.0,0.5,0,665,0,0,-0.00013864289212506264,74.62813568115234,1.4243366718292236,0.0003847065381705761,0.0,0.2768344283103943
553,full_ca_hmappo,1,0.39392850295757853,205,0.506875,0.0,0.5,0,921,0,0,-0.004311807453632355,4.442922592163086,1.4589799642562866,0.0003316419606562704,0.0,0.2554081380367279
554,full_ca_hmappo,1,0.5659730321767711,206,0.315625,0.0,0.125,0,177,0,0,-0.0021739359945058823,126.15815734863281,1.4071121215820312,0.001637717243283987,0.0,0.27956053614616394
555,full_ca_hmappo,1,1.0274216099496698,207,0.350625,0.0,0.5,0,190,0,0,-1.7128264516941272e-05,488.6829528808594,1.3751029968261719,-0.00038404855877161026,0.0,0.28738313913345337
556,full_ca_hmappo,1,0.4645301904720327,207,0.454375,0.0,0.625,0,446,0,0,-0.004396733362227678,9.253616333007812,1.4306443929672241,0.002445798134431243,0.0,0.2615889310836792
557,full_ca_hmappo,1,0.3845467612009088,207,0.473125,0.0,0.625,0,702,0,0,-0.007756727747619152,4.572314739227295,1.4365371465682983,0.004812382161617279,0.0,0.26796209812164307
558,full_ca_hmappo,1,0.555568967738509,207,0.565,0.125,0.75,0,958,0,0,0.003725138958543539,44.17162322998047,1.4249662160873413,0.000570181873627007,0.0,0.26558077335357666
559,full_ca_hmappo,1,0.30394726431404706,208,0.114375,0.0,0.125,0,214,0,0,-0.004184432327747345,131.506591796875,1.436208963394165,-0.0012000827118754387,0.0,0.2600646913051605
560,full_ca_hmappo,1,0.6640364400800536,208,0.315,0.0,0.25,0,470,0,0,0.0014181751757860184,60.14833068847656,1.3750643730163574,-0.00046679790830239654,0.0,0.29639682173728943
561,full_ca_hmappo,1,0.41619337657584765,208,0.378125,0.0,0.25,0,726,0,0,-0.0016046669334173203,3.6845664978027344,1.459652304649353,5.879858508706093e-05,0.0,0.262508749961853
562,full_ca_hmappo,1,0.36278189150652906,208,0.446875,0.0,0.25,0,982,0,0,-0.005619543604552746,5.213047027587891,1.469825029373169,-0.000310543313389644,0.0,0.25442641973495483
563,full_ca_hmappo,1,0.8790889420160966,209,0.38625,0.0,0.375,0,238,0,0,-0.0007136153872124851,183.21530151367188,1.3359222412109375,-0.0002654904965311289,0.0,0.306208074092865
564,full_ca_hmappo,1,0.513800877022959,209,0.541875,0.0,0.5,0,494,0,0,-0.006450558081269264,8.884891510009766,1.4038853645324707,0.004385855980217457,0.0,0.2763245701789856
565,full_ca_hmappo,1,0.5347816991043146,209,0.613125,0.125,0.5,0,750,0,0,0.0001855716109275818,27.578407287597656,1.4421119689941406,-0.003541557816788554,0.0,0.27531394362449646
566,full_ca_hmappo,1,0.5982315798373747,210,0.01375,0.0,0.0,0,6,0,0,-0.0011727692326530814,87.98873901367188,1.453590750694275,0.0005634656990878284,0.0,0.2648059129714966
567,full_ca_hmappo,1,0.8296885195732102,210,0.406875,0.0,0.125,0,262,0,0,0.0006403836305253208,152.91346740722656,1.3205828666687012,0.00029751932015642524,0.0,0.3311474621295929
568,full_ca_hmappo,1,0.7810284854313068,210,0.5875,0.0,0.375,0,518,0,0,-0.0008988510817289352,71.47313690185547,1.4026927947998047,5.373591557145119e-05,0.0,0.2852852940559387
569,full_ca_hmappo,1,0.3601842281941572,210,0.598125,0.0,0.375,0,774,0,0,-0.00034933537244796753,6.271598815917969,1.432929515838623,-0.00037780808634124696,0.0,0.2682003676891327
570,full_ca_hmappo,1,0.5657390289088653,211,0.39875,0.0,0.125,0,235,0,0,-0.00020391929137986153,250.35818481445312,1.3092985153198242,-0.0005199976149015129,0.0,0.3315827250480652
571,full_ca_hmappo,1,0.606119260924288,211,0.4925,0.0,0.5,0,491,0,0,-0.0006274556508287787,84.5653076171875,1.420958399772644,0.00046208983985707164,0.0,0.2762722373008728
572,full_ca_hmappo,1,0.36099349180585705,211,0.495625,0.0,0.5,0,747,0,0,-0.0033435747027397156,3.542219638824463,1.442491888999939,0.0008475568029098213,0.0,0.26594090461730957
573,full_ca_hmappo,1,0.6099797093247616,212,0.00875,0.0,0.0,0,3,0,0,8.051594704738818e-06,83.67333984375,1.406435489654541,-0.0013087181141600013,0.0,0.2821602523326874
574,full_ca_hmappo,1,0.14656507921608863,213,0.101875,0.0,0.0,0,90,0,0,-0.0017649916699156165,231.23660278320312,1.3742361068725586,0.0032670870423316956,0.0,0.30764541029930115
575,full_ca_hmappo,1,0.9014171130638715,213,0.396875,0.0,0.375,0,346,0,0,-0.0014552350621670485,119.37106323242188,1.345534086227417,-0.00024360015231650323,0.0,0.31729650497436523
576,full_ca_hmappo,1,0.42806149649550207,213,0.510625,0.0,0.625,0,602,0,0,-0.004478420130908489,6.888186454772949,1.425384283065796,0.00015096087008714676,0.0,0.2711615562438965
577,full_ca_hmappo,1,0.43754866087738264,213,0.7275,0.0,0.75,0,858,0,0,-0.0038694492541253567,12.53864574432373,1.4501898288726807,0.0051308441907167435,0.0,0.2537540793418884
578,full_ca_hmappo,1,0.8994930037988524,214,0.2325,0.0,0.375,0,114,0,0,0.002828197320923209,240.6654052734375,1.3181045055389404,0.0027698695193976164,0.0,0.32017219066619873
579,full_ca_hmappo,1,0.7238421060616247,214,0.555,0.0,0.625,0,370,0,0,0.0003423132002353668,34.059486389160156,1.3480141162872314,0.0023434089962393045,0.0,0.3081286549568176
580,full_ca_hmappo,1,0.3951822126400657,214,0.655,0.0,0.625,0,626,0,0,-0.0020537457894533873,5.164604187011719,1.3970669507980347,-0.00014323477807920426,0.0,0.2800941467285156
581,full_ca_hmappo,1,0.41015560346932034,214,0.73875,0.0,0.875,0,882,0,0,-0.010416296310722828,5.088747501373291,1.373105764389038,0.005425488576292992,0.0,0.2850675582885742
582,full_ca_hmappo,1,0.2637578165692247,215,0.17375,0.0,0.0,0,138,0,0,-0.0021234562154859304,76.99595642089844,1.34663987159729,0.008824571967124939,0.0,0.303288996219635
583,full_ca_hmappo,1,0.4212365644016245,215,0.339375,0.0,0.0,0,394,0,0,6.159146869322285e-05,38.18687438964844,1.343918800354004,0.0029638800770044327,0.0,0.3046705722808838
584,full_ca_hmappo,1,0.34962794471357483,215,0.41,0.0,0.125,0,650,0,0,-0.0023954580537974834,6.280168533325195,1.3427302837371826,0.00033933608210645616,0.0,0.3165525496006012
585,full_ca_hmappo,1,0.1832267977297306,215,0.4125,0.0,0.125,0,906,0,0,-0.00011821091175079346,6.463361740112305,1.3729639053344727,5.112495273351669e-05,0.0,0.29323041439056396
586,full_ca_hmappo,1,0.8991936241145595,216,0.318125,0.0,0.875,0,162,0,0,-0.0002331603318452835,360.3966064453125,1.3084321022033691,-0.0007690975908190012,0.0,0.3240748643875122
587,full_ca_hmappo,1,0.3304504210880168,216,0.39,0.0,0.875,0,418,0,0,-0.0010606572031974792,3.1051716804504395,1.275476098060608,-0.0001260878925677389,0.0,0.33733177185058594
588,full_ca_hmappo,1,0.382841768493563,216,0.43375,0.0,0.875,0,674,0,0,-0.013428473845124245,3.827881336212158,1.290261149406433,0.0009850317146629095,0.0,0.3303591012954712
589,full_ca_hmappo,1,0.3917057493526954,216,0.531875,0.0,0.875,0,930,0,0,-0.007584781385958195,6.927861213684082,1.3263959884643555,0.00326037360355258,0.0,0.3178095817565918
590,full_ca_hmappo,1,0.658846722160888,217,0.34,0.0,0.25,0,186,0,0,0.00297270598821342,81.75009155273438,1.281912088394165,-0.0003941883333027363,0.0,0.3298661410808563
591,full_ca_hmappo,1,0.6449824858800639,217,0.535625,0.0,0.25,0,442,0,0,0.0011465847492218018,17.64249038696289,1.2843234539031982,0.0009181381901726127,0.0,0.3414660096168518
592,full_ca_hmappo,1,0.29397085922528277,217,0.5475,0.0,0.25,0,698,0,0,0.0011809866409748793,7.7989397048950195,1.311535120010376,0.0005927839083597064,0.0,0.318948894739151
593,full_ca_hmappo,1,0.5067650502169272,217,0.649375,0.0,0.5,0,954,0,0,-0.0007648064638487995,24.493694305419922,1.3485658168792725,-5.8361951232654974e-05,0.0,0.30637508630752563
594,full_ca_hmappo,1,0.6452628033475776,218,0.205,0.0,0.125,0,210,0,0,-0.00039325965917669237,126.50575256347656,1.2894847393035889,0.0002055304794339463,0.0,0.3363032937049866
595,full_ca_hmappo,1,0.16052176935045281,218,0.235,0.0,0.125,0,466,0,0,-0.00029016658663749695,16.408973693847656,1.3383878469467163,0.0004575485363602638,0.0,0.29410576820373535
596,full_ca_hmappo,1,0.19882571577181807,218,0.32625,0.0,0.125,0,722,0,0,-0.0003778149257414043,7.7840352058410645,1.3386715650558472,1.999146115849726e-05,0.0,0.31023335456848145
597,full_ca_hmappo,1,0.45395465449109906,218,0.4075,0.0,0.25,0,978,0,0,-0.0001058963462128304,64.89578247070312,1.359325885772705,0.00014017647481523454,0.0,0.29509225487709045
598,full_ca_hmappo,1,0.8924815501086414,220,0.11625,0.0,0.0,0,51,0,0,-0.00015211912977974862,185.6456298828125,1.2573182582855225,4.807642653759103e-06,0.0,0.3473118543624878
599,full_ca_hmappo,1,1.0471451631797208,220,0.498125,0.0,0.375,0,307,0,0,-0.00024153231061063707,177.65310668945312,1.2541403770446777,0.00014552040374837816,0.0,0.3506992757320404
600,full_ca_hmappo,1,0.3787767085168525,220,0.596875,0.0,0.375,0,563,0,0,-0.008631503209471703,4.828455924987793,1.3028640747070312,0.001854372094385326,0.0,0.3290989398956299
601,full_ca_hmappo,1,0.3197248508722623,220,0.658125,0.0,0.375,0,819,0,0,-0.01685199700295925,3.476318836212158,1.3021023273468018,0.00541341956704855,0.00911458395421505,0.3245278596878052
602,full_ca_hmappo,1,0.3735481522344344,221,0.121875,0.0,0.0,0,75,0,0,0.0066520171239972115,35.920841217041016,1.279732346534729,0.008575891144573689,0.2825520932674408,0.34310978651046753
603,full_ca_hmappo,1,0.9536123829093412,221,0.43875,0.0,0.25,0,331,0,0,0.004588501527905464,154.507080078125,1.2643094062805176,0.005528117995709181,0.0,0.34091752767562866
604,full_ca_hmappo,1,0.31516633924366033,221,0.45375,0.0,0.25,0,587,0,0,-0.0019891783595085144,1.7611013650894165,1.295654058456421,-0.0028871670365333557,0.0,0.3442312479019165
605,full_ca_hmappo,1,0.4717637947944695,221,0.4975,0.0,0.375,0,843,0,0,0.004714823327958584,17.291257858276367,1.28560471534729,0.0052561103366315365,0.16015625,0.3282715678215027
606,full_ca_hmappo,1,0.9948129320673615,222,0.183125,0.0,0.25,0,99,0,0,0.001118263928219676,196.68997192382812,1.26034677028656,0.0032407899852842093,0.0,0.3300972580909729
607,full_ca_hmappo,1,0.5776507804948778,222,0.40625,0.0,0.375,0,355,0,0,-0.0007206251611933112,8.07548713684082,1.2937111854553223,0.003210064023733139,0.0,0.3238670527935028
608,full_ca_hmappo,1,0.55025979350944,222,0.600625,0.0,0.5,0,611,0,0,-0.0018184527289122343,9.85757827758789,1.2902545928955078,-0.0003117509186267853,0.0,0.32771703600883484
609,full_ca_hmappo,1,0.3688028887445398,222,0.620625,0.0,0.5,0,867,0,0,-0.010858319699764252,4.8194756507873535,1.272693157196045,0.0011021222453564405,0.0,0.3406648337841034
610,full_ca_hmappo,1,0.6197878733237303,223,0.225625,0.0,0.25,0,123,0,0,-0.0011069446336477995,109.88409423828125,1.2694133520126343,-0.0017164329765364528,0.0,0.3274444341659546
611,full_ca_hmappo,1,0.8702581725597156,223,0.525,0.0,0.5,0,379,0,0,0.0011230444069951773,115.70956420898438,1.2425614595413208,0.00034968508407473564,0.0,0.3532586991786957
612,full_ca_hmappo,1,0.37042502596068516,223,0.565625,0.0,0.625,0,635,0,0,0.0009361918782815337,3.7691032886505127,1.2380763292312622,0.0004914401797577739,0.0,0.3611646592617035
613,full_ca_hmappo,1,0.510338406108076,223,0.716875,0.0,0.75,0,891,0,0,-0.00021783573902212083,14.555758476257324,1.3093030452728271,2.909451723098755e-06,0.0,0.32183563709259033
614,full_ca_hmappo,1,0.8797607543383492,224,0.264375,0.0,0.5,0,147,0,0,-0.00016286442405544221,199.56031799316406,1.1540814638137817,0.00031751301139593124,0.0,0.38833746314048767
615,full_ca_hmappo,1,0.4870640173494394,224,0.314375,0.0,0.5,0,403,0,0,-0.004446995444595814,4.878693103790283,1.1982976198196411,0.001647257711738348,0.0,0.3758215308189392
616,full_ca_hmappo,1,0.42809947806654236,224,0.354375,0.0,0.625,0,659,0,0,-0.020856022834777832,2.7738287448883057,1.1845401525497437,0.009830466471612453,0.1458333432674408,0.37659120559692383
617,full_ca_hmappo,1,0.42505756167247455,224,0.38125,0.0,0.625,0,915,0,0,-0.021102329716086388,2.145059585571289,1.1472570896148682,0.017506945878267288,0.2174479216337204,0.39488673210144043
618,full_ca_hmappo,1,0.9349024340335745,225,0.295625,0.0,0.375,0,171,0,0,0.0015122832264751196,240.54843139648438,1.1441035270690918,0.004169549327343702,0.0052083334885537624,0.38847815990448
619,full_ca_hmappo,1,0.5367293469407741,225,0.471875,0.0,0.5,0,427,0,0,0.00033639249159023166,9.317169189453125,1.1230829954147339,0.006061525549739599,0.0,0.40811285376548767
620,full_ca_hmappo,1,0.5597739029954028,225,0.720625,0.0,0.75,0,683,0,0,0.001495744101703167,10.494688034057617,1.2168242931365967,0.003856038209050894,0.0,0.3655824363231659
621,full_ca_hmappo,1,0.4847210670908453,225,0.808125,0.0,0.75,0,939,0,0,0.0015654787421226501,3.5612659454345703,1.263944149017334,-0.000195620275917463,0.0,0.3485385775566101
622,full_ca_hmappo,1,0.8283163291707751,226,0.321875,0.0,0.25,0,195,0,0,-0.0010321696754544973,187.44944763183594,1.1504173278808594,0.0017499146051704884,0.0,0.38160020112991333
623,full_ca_hmappo,1,0.6089730891490035,226,0.525,0.0,0.375,0,451,0,0,-0.004380197264254093,9.245393753051758,1.1393765211105347,-0.0010227931197732687,0.0,0.40710973739624023
624,full_ca_hmappo,1,0.6965804475603363,226,0.7375,0.125,0.375,0,707,0,0,-0.0007026828825473785,55.22210693359375,1.2148094177246094,0.001333317020907998,0.0,0.3776462972164154
625,full_ca_hmappo,1,0.4965994548406343,227,0.289375,0.0,0.125,0,178,0,0,-0.0013675665250048041,259.8765869140625,1.201387643814087,0.0006507760845124722,0.0,0.3715622127056122
626,full_ca_hmappo,1,0.9845973379760835,227,0.725625,0.0,0.625,0,434,0,0,-0.0005725380033254623,97.32771301269531,1.166384220123291,0.0009038380230776966,0.0,0.4048222005367279
627,full_ca_hmappo,1,0.37728467790748255,227,0.825,0.0,0.75,0,690,0,0,-0.0005759361083619297,2.8621914386749268,1.2471431493759155,0.0008411548915319145,0.0,0.36851319670677185
628,full_ca_hmappo,1,0.3856696278198797,227,0.874375,0.0,0.875,0,946,0,0,-0.0019227173179388046,1.9822497367858887,1.1632540225982666,-9.434143066755496e-06,0.0,0.4165751338005066
629,full_ca_hmappo,1,1.391850403873832,228,0.396875,0.0,0.375,0,202,0,0,0.001078096218407154,561.4979248046875,1.055358648300171,-0.00032697789720259607,0.0,0.4453534483909607
630,full_ca_hmappo,1,0.4711860512961721,228,0.535625,0.0,0.625,0,458,0,0,-0.003508887719362974,8.550317764282227,1.1369514465332031,0.0008690098184160888,0.0,0.4201103150844574
631,full_ca_hmappo,1,0.457913582386027,228,0.6075,0.125,0.625,0,714,0,0,-0.0011577786644920707,23.130767822265625,1.192210078239441,0.0019885299261659384,0.0,0.38269954919815063
632,full_ca_hmappo,1,0.28108843101790626,228,0.620625,0.125,0.625,0,970,0,0,-7.06802456988953e-05,5.020881652832031,1.156319499015808,0.00016534188762307167,0.0,0.41411900520324707
633,full_ca_hmappo,1,1.06216549431565,229,0.35375,0.0,0.25,0,226,0,0,-0.00019386566418688744,364.8679504394531,1.151641845703125,-0.0006195465102791786,0.0,0.40837764739990234
634,full_ca_hmappo,1,0.7021094026786159,229,0.626875,0.0,0.625,0,482,0,0,0.00035410220152698457,25.192089080810547,1.2230685949325562,-0.0002729799598455429,0.0,0.3715995252132416
635,full_ca_hmappo,1,0.6433150210887106,229,0.850625,0.0,0.875,0,738,0,0,-2.9826536774635315e-05,17.759033203125,1.257024884223938,-0.00010050026321550831,0.0,0.36093592643737793
636,full_ca_hmappo,1,0.41943425665613177,229,0.896875,0.0,1.0,0,994,0,0,-0.0018423497676849365,4.880562782287598,1.231170415878296,-8.427770808339119e-05,0.0,0.38367873430252075
637,full_ca_hmappo,1,0.9427110172691755,230,0.40875,0.0,0.25,0,250,0,0,-0.002693537622690201,248.69876098632812,1.122650146484375,0.0003786966553889215,0.0,0.4103257656097412
638,full_ca_hmappo,1,0.38187376733776546,230,0.49125,0.0,0.375,0,506,0,0,0.0008691527764312923,7.7015228271484375,1.201845407485962,0.0009838583646342158,0.0,0.39103934168815613
639,full_ca_hmappo,1,0.528506545395885,230,0.70125,0.0,0.625,0,762,0,0,-0.0002206328063039109,17.45659637451172,1.2621963024139404,-2.411302921245806e-05,0.0,0.33916914463043213
640,full_ca_hmappo,1,0.3201280032462819,231,0.030625,0.0,0.0,0,18,0,0,-5.182468885323033e-05,48.883094787597656,1.274296760559082,-0.00041373385465703905,0.0,0.34488445520401
641,full_ca_hmappo,1,0.9315903884144063,231,0.406875,0.0,0.625,0,274,0,0,-8.175925904652104e-05,139.8001708984375,1.2121727466583252,-0.00028976629255339503,0.0,0.3757273554801941
642,full_ca_hmappo,1,0.42642537420761073,231,0.515,0.0,0.75,0,530,0,0,-0.0033059041015803814,4.385673999786377,1.2675867080688477,0.0011076948139816523,0.0,0.35334786772727966
643,full_ca_hmappo,1,0.36870143561327495,231,0.515,0.0,0.75,0,786,0,0,-0.003925777971744537,3.5585546493530273,1.3360354900360107,0.00039080771966837347,0.0,0.310200572013855
644,full_ca_hmappo,1,0.3095200535865388,232,0.0775,0.0,0.0,0,42,0,0,0.0013216923689469695,42.46721267700195,1.3066593408584595,-2.3410035282722674e-05,0.0,0.31546029448509216
645,full_ca_hmappo,1,0.9605335748049129,232,0.471875,0.0,0.25,0,298,0,0,0.0002048133610514924,158.86856079101562,1.2040760517120361,-0.00021319091320037842,0.0,0.37508925795555115
646,full_ca_hmappo,1,0.6160215711447563,232,0.76125,0.0,0.625,0,554,0,0,-9.286528074881062e-05,19.553035736083984,1.2838736772537231,-8.330463606398553e-05,0.0,0.34200358390808105
647,full_ca_hmappo,1,0.35981488818333673,232,0.87375,0.0,1.0,0,810,0,0,-0.0003729332238435745,3.6366989612579346,1.331155776977539,-0.00024192300043068826,0.0,0.3042389154434204
648,full_ca_hmappo,1,0.5267795608456254,233,0.074375,0.0,0.125,0,66,0,0,-0.00020260736346244812,97.64901733398438,1.2869364023208618,-7.62992276577279e-05,0.0,0.3336971700191498
649,full_ca_hmappo,1,0.8436424336359778,233,0.416875,0.0,0.75,0,322,0,0,-0.0002424906415399164,74.29747009277344,1.2710299491882324,0.0002172878012061119,0.0,0.3372204303741455
650,full_ca_hmappo,1,0.5151441427697137,233,0.528125,0.0,0.875,0,578,0,0,-0.0008099479600787163,7.143213748931885,1.2696579694747925,0.00044047925621271133,0.0,0.3453030586242676
651,full_ca_hmappo,1,0.523331999957918,233,0.7,0.0,0.875,0,834,0,0,-0.0016594486078247428,7.341057777404785,1.2842624187469482,0.00021079803991597146,0.0,0.3343389928340912
652,full_ca_hmappo,1,0.5411723107563375,234,0.06875,0.0,0.0,0,90,0,0,-0.00086233951151371,88.93138122558594,1.3293014764785767,0.0016918526962399483,0.0,0.3102351427078247
653,full_ca_hmappo,1,0.7761780254659243,234,0.375625,0.0,0.125,0,346,0,0,-0.00127401330973953,83.666015625,1.3028759956359863,-1.8441740394337103e-05,0.0,0.3278680443763733
654,full_ca_hmappo,1,0.7631010647417042,234,0.626875,0.0,0.5,0,602,0,0,0.0005555699463002384,35.78232955932617,1.3266232013702393,-0.0006469522486440837,0.0,0.3068491518497467
655,full_ca_hmappo,1,0.4014752514904103,234,0.700625,0.0,0.625,0,858,0,0,-0.0008446797728538513,5.631044387817383,1.3699239492416382,-1.773595249687787e-05,0.0,0.2856866717338562
656,full_ca_hmappo,1,0.965952997426939,235,0.201875,0.0,0.25,0,114,0,0,1.8651287518878235e-06,280.8292236328125,1.259824514389038,0.0005183093016967177,0.0,0.3477410674095154
657,full_ca_hmappo,1,0.6121175667476564,235,0.453125,0.0,0.25,0,370,0,0,-0.0004394172574393451,9.64559555053711,1.2649914026260376,-7.146457210183144e-05,0.0,0.3447931706905365
658,full_ca_hmappo,1,0.4811059339656367,235,0.651875,0.0,0.375,0,626,0,0,-0.005142692476511002,12.224723815917969,1.3123376369476318,-4.0782149881124496e-05,0.0,0.32073935866355896
659,full_ca_hmappo,1,0.4417992223746694,235,0.689375,0.0,0.5,0,882,0,0,-0.020400095731019974,4.710436820983887,1.367861032485962,0.01212327927350998,0.3372395932674408,0.28721678256988525
660,full_ca_hmappo,1,0.6836559444536761,236,0.266875,0.0,0.125,0,138,0,0,-0.0008452236652374268,92.59403991699219,1.3062329292297363,0.012434694916009903,0.0221354179084301,0.3130223751068115
661,full_ca_hmappo,1,0.8300117884549252,236,0.498125,0.0,0.375,0,394,0,0,0.005269163753837347,44.61752700805664,1.2195360660552979,0.0036475355736911297,0.0,0.36695703864097595
662,full_ca_hmappo,1,0.5534082645399394,236,0.70625,0.0,0.75,0,650,0,0,0.0015926714986562729,17.231521606445312,1.3162933588027954,0.0026532765477895737,0.0,0.33346423506736755
663,full_ca_hmappo,1,0.4125010801535609,236,0.745,0.0,0.75,0,906,0,0,-0.008030753582715988,2.8987483978271484,1.3530840873718262,0.003269251435995102,0.0,0.30371811985969543
664,full_ca_hmappo,1,0.9359009454501575,237,0.3,0.0,0.375,0,162,0,0,0.0009985718643292785,190.89248657226562,1.3471235036849976,0.0022629459854215384,0.0,0.30264049768447876
665,full_ca_hmappo,1,0.595224077776038,237,0.5375,0.0,0.375,0,418,0,0,-0.006171736400574446,9.79310131072998,1.3072583675384521,0.003466167487204075,0.0,0.32505956292152405
666,full_ca_hmappo,1,0.5406672194512794,237,0.730625,0.0,0.75,0,674,0,0,-0.004953645635396242,4.756569862365723,1.3681495189666748,0.0009014903334900737,0.0,0.2929568290710449
667,full_ca_hmappo,1,0.32378782891532865,237,0.7625,0.0,0.75,0,930,0,0,0.00043942377669736743,5.3976945877075195,1.3658288717269897,-0.0011974320514127612,0.0,0.29011720418930054
668,full_ca_hmappo,1,0.6211995157109413,238,0.353125,0.0,0.0,0,186,0,0,-0.0017612961819395423,64.90200805664062,1.2991268634796143,-8.124877786030993e-05,0.0,0.33689403533935547
669,full_ca_hmappo,1,0.9135506928627137,238,0.651875,0.0,0.375,0,442,0,0,-0.001533021917566657,119.59095764160156,1.2469300031661987,0.0006398932891897857,0.0,0.37111586332321167
670,full_ca_hmappo,1,0.5112312179680885,238,0.7,0.125,0.5,0,698,0,0,-0.0005073467036709189,17.768478393554688,1.3662078380584717,5.627237260341644e-05,0.0,0.295646071434021
671,full_ca_hmappo,1,0.31812878801292754,238,0.71625,0.125,0.5,0,954,0,0,-0.0021678446792066097,6.477083683013916,1.3392642736434937,0.0002789648133330047,0.0,0.30501314997673035
672,full_ca_hmappo,1,0.79603416939608,239,0.338125,0.0,0.25,0,210,0,0,-0.0005404315888881683,125.91754913330078,1.30830717086792,0.0006287412252277136,0.0,0.31256288290023804
673,full_ca_hmappo,1,0.6430156371425255,239,0.53625,0.0,0.625,0,466,0,0,-0.0003307107836008072,13.599054336547852,1.3651565313339233,5.974434316158295e-05,0.0,0.29435738921165466
674,full_ca_hmappo,1,0.3915799843349532,239,0.689375,0.0,0.75,0,722,0,0,-0.0025463681668043137,4.458853721618652,1.3786897659301758,0.0002504950389266014,0.0,0.29909855127334595
675,full_ca_hmappo,1,0.3447717580538665,239,0.758125,0.0,0.875,0,978,0,0,-0.007120161317288876,3.5781946182250977,1.3734939098358154,0.003469889983534813,0.0,0.2889871299266815
676,full_ca_hmappo,1,0.9517869565825094,240,0.416875,0.0,0.375,0,234,0,0,-8.314925798913464e-05,153.116943359375,1.2348530292510986,-0.0009655788308009505,0.0,0.35532233119010925
677,full_ca_hmappo,1,0.44341052881918586,240,0.449375,0.0,0.375,0,490,0,0,-0.002566318493336439,2.0984385013580322,1.2680528163909912,0.0009929308434948325,0.0,0.3458712100982666
678,full_ca_hmappo,1,0.3903639800773817,240,0.514375,0.0,0.5,0,746,0,0,-0.0006937825819477439,4.728887557983398,1.3089402914047241,0.0016998832579702139,0.0,0.3191574215888977
679,full_ca_hmappo,1,0.6098700383699907,241,0.00875,0.0,0.0,0,2,0,0,-0.00037959343171678483,45.28350067138672,1.325024127960205,-0.0014311781851574779,0.0,0.3333229422569275
680,full_ca_hmappo,1,0.9673533035893342,241,0.42625,0.0,0.375,0,258,0,0,-0.0004638700629584491,156.048583984375,1.2436861991882324,-0.0004383439081721008,0.0,0.3500266969203949
681,full_ca_hmappo,1,0.45570485667667526,241,0.565,0.0,0.375,0,514,0,0,-0.003910837695002556,3.171271800994873,1.3683470487594604,0.0011982856085523963,0.0,0.3045472502708435
682,full_ca_hmappo,1,0.40121911822916445,241,0.626875,0.0,0.625,0,770,0,0,0.00048042245907709,7.085780143737793,1.370964765548706,0.002909906907007098,0.0,0.30162152647972107
683,full_ca_hmappo,1,0.4916032983801415,242,0.060625,0.0,0.125,0,26,0,0,-0.0003294423222541809,97.39640808105469,1.362183928489685,0.0005038736271671951,0.0,0.30093133449554443
684,full_ca_hmappo,1,0.652705834057997,242,0.28375,0.0,0.25,0,282,0,0,-0.001422487199306488,86.81954956054688,1.3126699924468994,0.0004265170427970588,0.0,0.32523488998413086
685,full_ca_hmappo,1,0.6489828542660234,242,0.5875,0.0,0.75,0,538,0,0,-0.0009203283116221428,25.125244140625,1.3778290748596191,0.0001044285818352364,0.0,0.29202890396118164
686,full_ca_hmappo,1,0.4085447436253844,242,0.689375,0.0,1.0,0,794,0,0,-0.003403216367587447,5.483669281005859,1.3657760620117188,0.00038576655788347125,0.0,0.2852158546447754
687,full_ca_hmappo,1,1.0093240443547984,243,0.408125,0.0,0.5,0,250,0,0,0.0007012381101958454,360.9040222167969,1.3093161582946777,0.0013574338518083096,0.0,0.3202012777328491
688,full_ca_hmappo,1,0.49272113477400126,243,0.638125,0.0,0.625,0,506,0,0,-0.012469761073589325,4.9120025634765625,1.3742129802703857,0.002533030929043889,0.0,0.29358169436454773
689,full_ca_hmappo,1,0.5203146954561362,243,0.754375,0.125,0.875,0,762,0,0,0.005103371571749449,48.680015563964844,1.365536093711853,0.005114602390676737,0.0013020833721384406,0.2952984571456909
690,full_ca_hmappo,1,0.6023689544956596,244,0.03375,0.0,0.0,0,18,0,0,-0.0030075523536652327,70.21421813964844,1.4266480207443237,0.0007928592967800796,0.0,0.2768495976924896
691,full_ca_hmappo,1,0.63653975269699,244,0.4575,0.0,0.125,0,274,0,0,-0.0029810951091349125,14.842632293701172,1.293467402458191,0.0007875554147176445,0.0,0.324388325214386
692,full_ca_hmappo,1,0.6083298167068278,244,0.585,0.0,0.375,0,530,0,0,-0.0002196698187617585,49.29527282714844,1.3236088752746582,0.0009142342023551464,0.0,0.3219633996486664
693,full_ca_hmappo,1,0.31835723052790854,244,0.62375,0.0,0.375,0,786,0,0,0.0015480549773201346,8.934955596923828,1.3739312887191772,-0.0003292006440460682,0.0,0.29216551780700684
694,full_ca_hmappo,1,0.7314798812003573,245,0.07,0.0,0.25,0,42,0,0,-0.0002303489891346544,194.72171020507812,1.3614625930786133,0.0005681519396603107,0.0,0.3128737807273865
695,full_ca_hmappo,1,0.5911043008436536,246,0.18625,0.0,0.125,0,93,0,0,6.959836173336953e-05,322.2587890625,1.4017984867095947,1.5569617971777916e-05,0.0,0.2730141878128052
696,full_ca_hmappo,1,0.6557831473546685,246,0.495,0.0,0.375,0,349,0,0,-0.0003978039021603763,52.80659866333008,1.3628171682357788,0.00012504961341619492,0.0,0.2928902506828308
697,full_ca_hmappo,1,0.6384974364518712,246,0.719375,0.0,0.75,0,605,0,0,-0.0005121709546074271,21.868698120117188,1.3936240673065186,8.102988067548722e-05,0.0,0.29871612787246704
698,full_ca_hmappo,1,0.37447770944345393,246,0.751875,0.0,0.75,0,861,0,0,-0.0049613541923463345,2.178349494934082,1.4271581172943115,0.0026714717969298363,0.0,0.2682127356529236
699,full_ca_hmappo,1,0.47444323704985436,247,0.239375,0.0,0.125,0,117,0,0,-0.0007147969445213675,141.037353515625,1.4116287231445312,-0.0008477705414406955,0.0,0.27453380823135376
700,full_ca_hmappo,1,0.5958520802669227,247,0.40375,0.0,0.25,0,373,0,0,-0.0011007823050022125,67.90431213378906,1.391282081604004,0.0016587807331234217,0.0,0.28638505935668945
701,full_ca_hmappo,1,0.5414669816896094,247,0.504375,0.0,0.375,0,629,0,0,-0.004310782067477703,2.606534957885742,1.4315016269683838,0.0006984592764638364,0.0,0.271079957485199
702,full_ca_hmappo,1,0.598253530397642,247,0.779375,0.0,0.75,0,885,0,0,0.0005109598860144615,11.139642715454102,1.436651587486267,0.0004463584045879543,0.0,0.26432836055755615
703,full_ca_hmappo,1,0.6677439491368204,248,0.264375,0.0,0.125,0,141,0,0,-0.0014282496413215995,88.37971496582031,1.3967256546020508,-0.00012064306065440178,0.0,0.278148353099823
704,full_ca_hmappo,1,0.9450899578951066,248,0.51625,0.125,0.375,0,397,0,0,-0.0018227945547550917,212.02027893066406,1.3837907314300537,2.992370536958333e-05,0.0,0.2865966260433197
705,full_ca_hmappo,1,0.5639082506595514,248,0.725,0.125,0.5,0,653,0,0,-0.0014121129643172026,9.307891845703125,1.453245997428894,0.0005594512331299484,0.0,0.2596544027328491
706,full_ca_hmappo,1,0.37338591026923496,248,0.756875,0.125,0.625,0,909,0,0,-0.000990353524684906,4.521505355834961,1.4254679679870605,-0.0010125435655936599,0.0,0.2743101119995117
707,full_ca_hmappo,1,0.9721068239450688,249,0.339375,0.0,0.375,0,165,0,0,-0.0006569512188434601,157.73941040039062,1.3612031936645508,-6.632025906583294e-05,0.0,0.29281261563301086
708,full_ca_hmappo,1,0.8104919900891474,249,0.53875,0.25,0.875,0,421,0,0,0.00026999879628419876,129.82449340820312,1.4197949171066284,0.000128490079077892,0.0,0.27631327509880066
709,full_ca_hmappo,1,0.3978083841714124,249,0.566875,0.25,1.0,0,677,0,0,-0.00041373385465703905,9.978336334228516,1.4406342506408691,1.6407731891376898e-05,0.0,0.2655397057533264
710,full_ca_hmappo,1,0.3146400568912213,249,0.596875,0.25,1.0,0,933,0,0,-0.001063978299498558,7.095290184020996,1.4392045736312866,0.0008497919770888984,0.0,0.26095837354660034
711,full_ca_hmappo,1,0.6893999945150426,250,0.291875,0.0,0.125,0,189,0,0,-0.0008108792826533318,43.58046340942383,1.3602485656738281,-0.00011294335126876831,0.0,0.29369229078292847
712,full_ca_hmappo,1,0.94829937180657,251,0.289375,0.0,0.125,0,168,0,0,5.249803507467732e-05,419.347900390625,1.3296256065368652,-2.3197228074423037e-05,0.0,0.3162616491317749
713,full_ca_hmappo,1,0.8087194057090983,251,0.599375,0.0,0.375,0,424,0,0,-0.00041455961763858795,69.2993392944336,1.4079827070236206,0.0001543626858619973,0.0,0.2689114212989807
714,full_ca_hmappo,1,0.44226639391945355,251,0.713125,0.0,0.625,0,680,0,0,-0.0028894017450511456,7.142182350158691,1.4351084232330322,0.000958975579123944,0.0,0.2671777307987213
715,full_ca_hmappo,1,0.7439317836390273,251,0.80625,0.25,0.875,0,936,0,0,0.00015374491340480745,98.41006469726562,1.4272146224975586,0.0006428295746445656,0.0,0.2712092995643616
716,full_ca_hmappo,1,0.9538457819689938,252,0.259375,0.0,0.5,0,192,0,0,-0.00013358271098695695,134.96298217773438,1.3531646728515625,0.000671788293402642,0.0,0.3020869791507721
717,full_ca_hmappo,1,0.7250389188557165,252,0.534375,0.125,0.625,0,448,0,0,-0.0011454091873019934,43.51498794555664,1.4567067623138428,-0.00030946143670007586,0.0,0.25014644861221313
718,full_ca_hmappo,1,0.7819462584520807,254,0.395625,0.0,0.625,0,202,0,0,-0.0002942100982181728,525.118896484375,1.297967791557312,0.0009439126588404179,0.0,0.33410513401031494
719,full_ca_hmappo,1,0.7254924126555125,254,0.63125,0.125,0.625,0,458,0,0,-0.0002843209949787706,29.909212112426758,1.3994991779327393,-0.00029282429022714496,0.0,0.2814861536026001
720,full_ca_hmappo,1,0.585029641228175,254,0.859375,0.125,0.75,0,714,0,0,-0.0006638480117544532,4.694730281829834,1.4419372081756592,0.0001927547564264387,0.0,0.2642260193824768
721,full_ca_hmappo,1,0.5226587753686545,254,0.876875,0.25,0.75,0,970,0,0,-0.0004375409334897995,29.90523910522461,1.4611985683441162,-0.00010354196274420246,0.0,0.2503141164779663
722,full_ca_hmappo,1,1.0691822054013755,255,0.49125,0.0,0.5,0,226,0,0,-0.0003959091263823211,212.3240509033203,1.2478961944580078,-0.00011285518849035725,0.0,0.36027711629867554
723,full_ca_hmappo,1,0.47813175418741594,255,0.511875,0.0,0.5,0,482,0,0,-0.0013741938164457679,5.315539360046387,1.4114620685577393,0.00012919213622808456,0.0,0.27940794825553894
724,full_ca_hmappo,1,0.3353990502173474,255,0.534375,0.0,0.625,0,738,0,0,-0.0028758279513567686,5.426823139190674,1.4122294187545776,6.981659680604935e-05,0.0,0.28492218255996704
725,full_ca_hmappo,1,0.3356295989717637,255,0.545,0.0,0.625,0,994,0,0,-0.006692762952297926,3.4815688133239746,1.4308967590332031,0.0011468082666397095,0.0,0.27081385254859924
726,full_ca_hmappo,1,1.0304355559105716,256,0.39,0.0,0.25,0,250,0,0,0.0005981214344501495,141.79600524902344,1.3591259717941284,-0.0002713022695388645,0.0,0.29122915863990784
727,full_ca_hmappo,1,0.9768386089367596,257,0.36625,0.0,0.625,0,224,0,0,-0.0010456157615408301,324.90936279296875,1.21504545211792,5.6863143981900066e-05,0.0,0.35513800382614136
728,full_ca_hmappo,1,0.28110501345196326,257,0.441875,0.0,0.625,0,480,0,0,0.00019613312906585634,16.056476593017578,1.4362883567810059,7.485117293981602e-06,0.0,0.2639728784561157
729,full_ca_hmappo,1,0.17837344863505677,257,0.443125,0.0,0.625,0,736,0,0,0.0006025930633768439,6.813995361328125,1.4332740306854248,-0.0002857681247405708,0.0,0.2628623843193054
730,full_ca_hmappo,1,0.2742600601554841,257,0.516875,0.0,0.625,0,992,0,0,-0.0004811367834918201,7.514718055725098,1.4700076580047607,0.0003188768750987947,0.0,0.25128230452537537
731,full_ca_hmappo,1,1.0107634054311347,258,0.489375,0.0,0.375,0,248,0,0,-0.00016659188258927315,129.52496337890625,1.3101298809051514,-2.697715535759926e-05,0.0,0.31233906745910645
732,full_ca_hmappo,1,0.4390560348510917,258,0.579375,0.0,0.375,0,504,0,0,-0.0005044822464697063,3.102961778640747,1.4526312351226807,-0.00013058136391919106,0.0,0.26084744930267334
733,full_ca_hmappo,1,0.32853525694372365,258,0.66875,0.0,0.5,0,760,0,0,-0.0022322169970721006,8.670735359191895,1.4676735401153564,0.0003964328207075596,0.0,0.2543404996395111
734,full_ca_hmappo,1,0.3961405419094035,259,0.035625,0.0,0.0,0,16,0,0,-0.0010993158211931586,31.638381958007812,1.4483298063278198,0.0007622501580044627,0.0,0.2610633373260498
735,full_ca_hmappo,1,1.235723133177089,259,0.443125,0.0,0.375,0,272,0,0,7.457006722688675e-05,211.862548828125,1.2655354738235474,0.0003708144067786634,0.0,0.3393414616584778
736,full_ca_hmappo,1,0.6830720806401587,259,0.605,0.125,0.5,0,528,0,0,-9.271006092603784e-06,31.931554794311523,1.441111445426941,0.0003105852229055017,0.0,0.2676657438278198
737,full_ca_hmappo,1,0.5279594888754673,260,0.318125,0.0,0.0,0,229,0,0,-9.960930037777871e-05,277.368408203125,1.3844866752624512,4.5358785428106785e-05,0.0,0.2847306728363037
738,full_ca_hmappo,1,0.875875669558809,260,0.49875,0.0,0.375,0,485,0,0,-0.00017283298075199127,151.54312133789062,1.3605432510375977,7.237323734443635e-05,0.0,0.29589805006980896
739,full_ca_hmappo,1,0.42013930003167843,260,0.699375,0.0,0.5,0,741,0,0,-0.0005120396381244063,7.055737495422363,1.441225528717041,0.00010438822209835052,0.0,0.2682228088378906
740,full_ca_hmappo,1,0.41300985254019906,260,0.735,0.125,0.5,0,997,0,0,-7.083515811245888e-05,28.11699676513672,1.4504776000976562,1.955358311533928e-05,0.0,0.2555828094482422
741,full_ca_hmappo,1,1.0197258341249835,261,0.3,0.0,0.5,0,253,0,0,-0.00016718171536922455,300.51446533203125,1.3756685256958008,0.0002453408087603748,0.0,0.28347527980804443
742,full_ca_hmappo,1,0.5851457729895628,261,0.58,0.0,0.625,0,509,0,0,-0.0005912694032303989,6.649157524108887,1.440546989440918,-0.0003069726226385683,0.0,0.26112914085388184
743,full_ca_hmappo,1,0.6246377959856773,261,0.76,0.125,0.75,0,765,0,0,-0.0018259771168231964,27.977235794067383,1.4386422634124756,-0.0004996523493900895,0.0,0.26006078720092773
744,full_ca_hmappo,1,0.5751441975662601,262,0.04625,0.0,0.125,0,21,0,0,-0.00018087122589349747,78.38496398925781,1.4257781505584717,0.00020912429317831993,0.0,0.26910868287086487
745,full_ca_hmappo,1,0.977607823057042,262,0.416875,0.0,0.625,0,277,0,0,3.617815673351288e-05,109.32005310058594,1.375040054321289,0.00012821191921830177,0.0,0.2988564372062683
746,full_ca_hmappo,1,0.5810543410211721,262,0.65875,0.0,0.875,0,533,0,0,-0.000869116629473865,13.338916778564453,1.4225139617919922,0.0007746938499622047,0.0,0.27489495277404785
747,full_ca_hmappo,1,0.46882625168325376,263,0.084375,0.0,0.125,0,39,0,0,0.0010164796840399504,189.885986328125,1.4245071411132812,0.0004509251448325813,0.0,0.27637815475463867
748,full_ca_hmappo,1,0.6804330797021976,263,0.45375,0.0,0.25,0,295,0,0,-0.0009992867708206177,73.98699951171875,1.4079078435897827,0.0005784212844446301,0.0,0.28014105558395386
749,full_ca_hmappo,1,0.6805534873674333,263,0.7475,0.0,0.75,0,551,0,0,-0.0013983119279146194,21.635229110717773,1.4322099685668945,-0.0007860040059313178,0.0,0.27062684297561646
750,full_ca_hmappo,1,0.34108265658414894,263,0.78375,0.0,0.75,0,807,0,0,-0.0016564857214689255,6.02718448638916,1.4490373134613037,-0.0009090257808566093,0.0,0.26266056299209595
751,full_ca_hmappo,1,1.059457696732352,264,0.350625,0.0,0.25,0,234,0,0,-0.00016448553651571274,410.6154479980469,1.3338788747787476,-0.0004222493153065443,0.0,0.3099325895309448
752,full_ca_hmappo,1,0.3457549489721714,264,0.47375,0.0,0.375,0,490,0,0,-0.0002989812637679279,12.983262062072754,1.4340771436691284,0.00012515438720583916,0.0,0.2643432021141052
753,full_ca_hmappo,1,0.48978638800053886,264,0.58125,0.125,0.625,0,746,0,0,-0.0006476479466073215,36.820045471191406,1.4194495677947998,-0.00013022746134083718,0.0,0.2728235721588135
754,full_ca_hmappo,1,0.44398682798203026,265,0.008125,0.0,0.0,0,2,0,0,-0.00034521520137786865,25.050827026367188,1.4555702209472656,-1.686640825937502e-05,0.0,0.2587796449661255
755,full_ca_hmappo,1,1.088173162414023,265,0.423125,0.0,0.25,0,258,0,0,2.0343810319900513e-05,188.9589385986328,1.3522698879241943,-0.00020687453798018396,0.0,0.3043439984321594
756,full_ca_hmappo,1,0.45249917379290583,265,0.526875,0.0,0.375,0,514,0,0,-0.0004891759599559009,5.797493934631348,1.4317879676818848,-5.0310976803302765e-05,0.0,0.26748451590538025
757,full_ca_hmappo,1,0.3313308134129329,265,0.573125,0.0,0.5,0,770,0,0,-0.00027319230139255524,2.730198860168457,1.45148503780365,-0.0006144236540421844,0.0,0.2546788454055786
758,full_ca_hmappo,1,0.6913880994770807,266,0.055,0.0,0.125,0,26,0,0,-0.0005852884496562183,109.40174865722656,1.4362070560455322,-0.00019256104133091867,0.0,0.26296985149383545
759,full_ca_hmappo,1,0.7237941534012862,266,0.270625,0.0,0.25,0,282,0,0,-0.0004392905975691974,70.78546142578125,1.4063113927841187,-0.00012403479195199907,0.0,0.264312207698822
760,full_ca_hmappo,1,0.4831460703014727,266,0.451875,0.125,0.25,0,538,0,0,-0.0003278721123933792,12.06583023071289,1.4420604705810547,-0.0002829159493558109,0.0,0.2665286660194397
761,full_ca_hmappo,1,0.40525112590330536,266,0.545625,0.125,0.375,0,794,0,0,7.021396595519036e-05,92.7303237915039,1.4286998510360718,-9.861154239843017e-07,0.0,0.2604544758796692
762,full_ca_hmappo,1,0.5613487036825973,267,0.075,0.0,0.0,0,50,0,0,-7.740408182144165e-05,39.94294738769531,1.4157207012176514,-0.00032757659209892154,0.0,0.2773855924606323
763,full_ca_hmappo,1,1.0683316050517533,267,0.30625,0.0,0.25,0,306,0,0,3.5314202250447124e-05,192.93902587890625,1.3552597761154175,-9.759585373103619e-05,0.0,0.3002716898918152
764,full_ca_hmappo,1,0.7333534188310296,267,0.618125,0.125,0.625,0,562,0,0,-9.834083903115243e-05,49.95159912109375,1.407892107963562,-7.238642865559086e-05,0.0,0.2772139012813568
765,full_ca_hmappo,1,0.7837124554703223,267,0.67875,0.375,0.625,0,818,0,0,-6.614563517359784e-06,70.88011932373047,1.3502590656280518,-4.7266483306884766e-05,0.0,0.3063242435455322
766,full_ca_hmappo,1,0.9713119049993111,268,0.121875,0.0,0.5,0,74,0,0,-0.00011297439777990803,303.4858093261719,1.3758811950683594,-9.128187957685441e-05,0.0,0.2939607799053192
767,full_ca_hmappo,1,0.5377536518532509,268,0.493125,0.0,0.625,0,330,0,0,-0.0005984610761515796,5.177478790283203,1.417506217956543,0.00023318656894844025,0.0,0.2749152183532715
768,full_ca_hmappo,1,0.4677818144691628,268,0.6575,0.0,0.75,0,586,0,0,-0.002001080196350813,8.259512901306152,1.4043080806732178,0.00010489028500160202,0.0,0.2708813548088074
769,full_ca_hmappo,1,0.3541594092203013,268,0.704375,0.0,0.875,0,842,0,0,-0.0015078381402418017,5.518619060516357,1.4331144094467163,0.0013508039992302656,0.0,0.2597353458404541
770,full_ca_hmappo,1,0.9159642022982553,269,0.2025,0.0,0.5,0,98,0,0,0.00031694708741270006,292.51678466796875,1.3697412014007568,-0.0007490770658478141,0.0,0.29491549730300903
771,full_ca_hmappo,1,0.49821317604073556,269,0.48,0.0,0.875,0,354,0,0,-0.0015675220638513565,6.6301445960998535,1.4283859729766846,-8.45903268782422e-05,0.0,0.2755863070487976
772,full_ca_hmappo,1,0.604173973615616,269,0.645,0.125,0.875,0,610,0,0,0.0009710534359328449,32.04526901245117,1.4311695098876953,0.0011987159959971905,0.0,0.26164644956588745
773,full_ca_hmappo,1,0.3334113504197376,269,0.71875,0.125,1.0,0,866,0,0,-0.0017105469014495611,4.479034423828125,1.426495909690857,0.00015257004997693002,0.0,0.26633650064468384
774,full_ca_hmappo,1,0.6469399187772069,270,0.184375,0.0,0.25,0,122,0,0,5.4642558097839355e-05,78.12461853027344,1.3704332113265991,0.0007514050230383873,0.0,0.30143940448760986
775,full_ca_hmappo,1,0.8953264312731335,271,0.304375,0.0,0.125,0,190,0,0,-0.0009625439415685833,181.88414001464844,1.2279703617095947,-0.00023903869441710413,0.0,0.37068378925323486
776,full_ca_hmappo,1,0.6773565321782371,271,0.42625,0.0,0.375,0,446,0,0,-0.0009498400613665581,31.372905731201172,1.3268550634384155,-0.00027410686016082764,0.0,0.31948694586753845
777,full_ca_hmappo,1,0.44686786212332663,271,0.465625,0.0,0.5,0,702,0,0,-0.003074747510254383,4.096440315246582,1.391058325767517,0.0005197059363126755,0.0,0.2822434902191162
778,full_ca_hmappo,1,0.6097536291372307,271,0.628125,0.125,0.625,0,958,0,0,-0.002829045755788684,29.60367774963379,1.4247435331344604,-0.0006039507570676506,0.0,0.28104934096336365
779,full_ca_hmappo,1,1.0072887902715593,273,0.05125,0.0,0.125,0,37,0,0,0.0009280077065341175,402.54449462890625,1.4078547954559326,-0.0001424116489943117,0.0,0.27713173627853394
780,full_ca_hmappo,1,0.7743445924279513,273,0.350625,0.0,0.25,0,293,0,0,-0.0002680427278392017,89.38817596435547,1.4149434566497803,0.00022899235773365945,0.0,0.27406740188598633
781,full_ca_hmappo,1,0.7235285509286769,273,0.58375,0.125,0.625,0,549,0,0,0.00012457463890314102,64.95744323730469,1.4440383911132812,-9.173372382065281e-05,0.0,0.2638135552406311
782,full_ca_hmappo,1,0.536259434506519,273,0.680625,0.25,0.625,0,805,0,0,-0.00040161609649658203,30.481090545654297,1.4230906963348389,0.00021996613941155374,0.0,0.26422882080078125
783,full_ca_hmappo,1,0.48881400433310773,274,0.1325,0.0,0.0,0,61,0,0,-0.0005549400812014937,48.48778533935547,1.3968751430511475,0.0008902321569621563,0.0,0.28051334619522095
784,full_ca_hmappo,1,1.0243401967054524,274,0.4175,0.0,0.625,0,317,0,0,-3.909381848643534e-05,232.08595275878906,1.2956719398498535,-0.00031143552041612566,0.0,0.34253332018852234
785,full_ca_hmappo,1,0.48889351464151787,274,0.58125,0.0,0.875,0,573,0,0,-0.0010739313438534737,11.656454086303711,1.4164037704467773,-0.0005513089126907289,0.0,0.27230241894721985
786,full_ca_hmappo,1,0.5738542408797684,274,0.65,0.125,1.0,0,829,0,0,-0.0007886517560109496,33.73295974731445,1.4287457466125488,0.00016435468569397926,0.0,0.26731741428375244
787,full_ca_hmappo,1,1.0887707450692687,275,0.200625,0.0,0.5,0,85,0,0,-0.00027107633650302887,235.18832397460938,1.3607772588729858,-0.0006133464630693197,0.0,0.2971087396144867
788,full_ca_hmappo,1,0.6634838062382187,275,0.498125,0.0,0.875,0,341,0,0,-0.0009179727057926357,16.4372501373291,1.3965692520141602,-0.00020679039880633354,0.0,0.28383588790893555
789,full_ca_hmappo,1,0.34401627569457105,275,0.659375,0.0,0.875,0,597,0,0,-0.00041620185947977006,14.900681495666504,1.415583610534668,0.00042692682472988963,0.0,0.27939391136169434
790,full_ca_hmappo,1,0.3929864214811687,275,0.795625,0.0,1.0,0,853,0,0,-0.00022161132073961198,4.980119705200195,1.4134998321533203,-0.00017236452549695969,0.0,0.2740815281867981
791,full_ca_hmappo,1,0.639242596407712,276,0.21375,0.0,0.125,0,109,0,0,-0.00025569647550582886,57.089778900146484,1.3934240341186523,-3.55357005901169e-05,0.0,0.2850375175476074
792,full_ca_hmappo,1,0.7894095489973552,276,0.46625,0.0,0.375,0,365,0,0,-0.0004238492692820728,130.10525512695312,1.3479745388031006,9.632405999582261e-05,0.0,0.3147693872451782
793,full_ca_hmappo,1,0.4895745596077177,276,0.721875,0.0,0.5,0,621,0,0,-0.014432983472943306,3.1915645599365234,1.4331233501434326,0.008440625853836536,0.0,0.278534471988678
794,full_ca_hmappo,1,0.5618615792818673,277,0.201875,0.0,0.0,0,101,0,0,-0.0022929466795176268,149.63186645507812,1.3530232906341553,0.004542480688542128,0.0390625,0.30303576588630676
795,full_ca_hmappo,1,1.0147523836340042,277,0.4775,0.0,0.5,0,357,0,0,0.003915170207619667,172.7432861328125,1.3486666679382324,0.0035818498581647873,0.0,0.30894649028778076
796,full_ca_hmappo,1,0.4282117761886184,277,0.67125,0.0,0.625,0,613,0,0,0.0012142639607191086,9.22120189666748,1.3974030017852783,0.00024291625595651567,0.0,0.28005343675613403
797,full_ca_hmappo,1,0.39923866231401917,277,0.71625,0.0,0.75,0,869,0,0,-0.005303555633872747,10.286243438720703,1.4221007823944092,0.0007819416932761669,0.0,0.26644444465637207
798,full_ca_hmappo,1,0.7015323177402024,278,0.130625,0.0,0.0,0,125,0,0,-0.0002462584525346756,186.41213989257812,1.3728688955307007,0.00031869843951426446,0.0,0.29307252168655396
799,full_ca_hmappo,1,0.8726951191520129,278,0.42375,0.125,0.375,0,381,0,0,-0.0005377376219257712,119.85224914550781,1.314084768295288,-0.00012591853737831116,0.0,0.31211134791374207
800,full_ca_hmappo,1,0.4163933116969929,278,0.489375,0.125,0.5,0,637,0,0,-0.0028094302397221327,4.517310619354248,1.3502607345581055,0.0006598535692319274,0.0,0.3095150887966156
801,full_ca_hmappo,1,0.4263753502364125,278,0.54375,0.25,0.5,0,893,0,0,-0.0002532731741666794,37.73957824707031,1.3477542400360107,-0.0005081522976979613,0.0,0.3114364743232727
802,full_ca_hmappo,1,1.0878679464003653,279,0.2625,0.0,0.25,0,149,0,0,-0.000799409463070333,283.0823974609375,1.299171805381775,0.0005687130615115166,0.0,0.32221561670303345
803,full_ca_hmappo,1,0.5753874301453834,279,0.565,0.0,0.75,0,405,0,0,-0.0027229166589677334,9.715651512145996,1.3582830429077148,0.0002419917582301423,0.0,0.3002434968948364
804,full_ca_hmappo,1,0.38090114263772534,279,0.698125,0.0,0.875,0,661,0,0,-0.0036819835659116507,11.611844062805176,1.3802932500839233,0.0009176306193694472,0.0,0.2918817698955536
805,full_ca_hmappo,1,0.46696816128041974,280,0.17375,0.0,0.0,0,84,0,0,-0.0002389239816693589,240.24436950683594,1.3331613540649414,0.0031209331937134266,0.0,0.3028120696544647
806,full_ca_hmappo,1,0.5914011895183648,280,0.42125,0.0,0.5,0,340,0,0,-3.3940501452889293e-05,82.75414276123047,1.2942137718200684,0.0006734905764460564,0.0,0.3175129294395447
807,full_ca_hmappo,1,0.3562126724937116,280,0.466875,0.0,0.5,0,596,0,0,-0.0005114199593663216,11.81743335723877,1.379714846611023,-0.0007216480444185436,0.0,0.2904336452484131
808,full_ca_hmappo,1,0.42556333992251894,280,0.665625,0.0,0.625,0,852,0,0,-0.002126239240169525,12.369865417480469,1.3733654022216797,0.0010109411086887121,0.0,0.29186734557151794
809,full_ca_hmappo,1,0.34043174846374313,281,0.21,0.0,0.0,0,108,0,0,-8.457837247988209e-05,14.28818130493164,1.3440310955047607,-0.00018374079081695527,0.0,0.30987927317619324
810,full_ca_hmappo,1,0.9286953288701625,282,0.1925,0.0,0.0,0,126,0,0,-0.001152304350398481,376.58856201171875,1.2873780727386475,-0.00029628071933984756,0.0,0.32180100679397583
811,full_ca_hmappo,1,0.8275292201496995,282,0.58625,0.0,0.25,0,382,0,0,-0.00029142078710719943,74.5986099243164,1.291017770767212,-0.00013981651864014566,0.0,0.329732745885849
812,full_ca_hmappo,1,0.7171968011721219,282,0.72625,0.125,0.625,0,638,0,0,-0.0004899415071122348,33.697853088378906,1.3492234945297241,5.3449224651558325e-05,0.0,0.3131633996963501
813,full_ca_hmappo,1,0.31755079594950075,282,0.770625,0.125,0.625,0,894,0,0,-0.0017512093763798475,3.520540714263916,1.3729074001312256,0.0008706177468411624,0.0,0.3089413046836853
814,full_ca_hmappo,1,0.7221158009670035,283,0.17125,0.0,0.125,0,150,0,0,-0.0005953162908554077,95.80970001220703,1.3643815517425537,5.5546097428305075e-05,0.0,0.2980442941188812
815,full_ca_hmappo,1,0.8189345886639785,283,0.51,0.0,0.375,0,406,0,0,-0.000260097294813022,77.55807495117188,1.3318476676940918,0.0002947229368146509,0.0,0.3123359680175781
816,full_ca_hmappo,1,0.5282820164193254,283,0.75,0.0,0.75,0,662,0,0,-0.001854910864494741,6.220710754394531,1.387902021408081,0.0014907395234331489,0.0,0.2899267077445984
817,full_ca_hmappo,1,0.42782859818044017,283,0.835,0.125,0.75,0,918,0,0,0.0010714475065469742,27.87335968017578,1.413456678390503,-0.0008898197556845844,0.0,0.28613507747650146
818,full_ca_hmappo,1,0.8621410089290293,284,0.305625,0.0,0.25,0,174,0,0,-0.0002214989362983033,114.0142593383789,1.3248350620269775,-9.795650839805603e-06,0.0,0.3207186460494995
819,full_ca_hmappo,1,0.44281835665424296,284,0.3725,0.0,0.25,0,430,0,0,-0.0005198298022150993,11.9896821975708,1.3657053709030151,0.00010867820674320683,0.0,0.29643648862838745
820,full_ca_hmappo,1,0.863050745032524,285,0.26625,0.125,0.25,0,233,0,0,-0.0007114435429684818,334.4637756347656,1.2934321165084839,-0.00021266285330057144,0.0,0.3407362401485443
821,full_ca_hmappo,1,0.6947974682116183,285,0.42,0.125,0.375,0,489,0,0,-0.0008534665103070438,22.690296173095703,1.3343217372894287,-0.00013302764273248613,0.0,0.3111293911933899
822,full_ca_hmappo,1,0.593356919784128,285,0.63125,0.25,0.5,0,745,0,0,-0.00034949061227962375,33.50376892089844,1.3981927633285522,0.0001653417421039194,0.0,0.2952638268470764
823,full_ca_hmappo,1,0.4323185221796848,286,0.006875,0.0,0.0,0,1,0,0,3.7365905882325023e-05,17.759855270385742,1.3919651508331299,-7.641036063432693e-06,0.0,0.28309905529022217
824,full_ca_hmappo,1,0.8665594059712021,286,0.281875,0.125,0.25,0,257,0,0,-7.200738036772236e-05,105.52987670898438,1.3417279720306396,-8.057465311139822e-05,0.0,0.29754072427749634
825,full_ca_hmappo,1,0.7156334434134806,286,0.519375,0.125,0.375,0,513,0,0,-0.0002934069780167192,71.88859558105469,1.3638379573822021,5.532366685656598e-06,0.0,0.29425477981567383
826,full_ca_hmappo,1,0.49902483149071486,286,0.7175,0.125,0.75,0,769,0,0,-0.0014141848077997565,7.572207450866699,1.3830413818359375,0.000639868900179863,0.0,0.28212815523147583
827,full_ca_hmappo,1,0.6886110395327023,287,0.0475,0.0,0.125,0,25,0,0,-0.0013499328633770347,98.95197296142578,1.3622463941574097,0.0010060274507850409,0.0,0.29160836338996887
828,full_ca_hmappo,1,0.864166344217665,287,0.391875,0.0,0.25,0,281,0,0,-3.1535204470856115e-05,77.80342102050781,1.3746092319488525,-0.00025666956207714975,0.0,0.2810628414154053
829,full_ca_hmappo,1,0.5621241008284414,287,0.5525,0.0,0.375,0,537,0,0,-0.005525047890841961,9.738041877746582,1.3894367218017578,0.0011262664338573813,0.0,0.28283199667930603
830,full_ca_hmappo,1,0.45495621839472733,287,0.71625,0.0,0.625,0,793,0,0,-0.002948877401649952,9.936147689819336,1.4039299488067627,0.004937079735100269,0.0,0.27781009674072266
831,full_ca_hmappo,1,0.8522080770244429,288,0.085,0.0,0.125,0,49,0,0,-0.0011005464475601912,122.20912170410156,1.3312599658966064,0.00020522935665212572,0.0,0.31500568985939026
832,full_ca_hmappo,1,0.7873833875213094,288,0.366875,0.0,0.625,0,305,0,0,0.000375908799469471,45.79377746582031,1.333168864250183,0.0001361969334539026,0.0,0.30306240916252136
833,full_ca_hmappo,1,0.7402525704146683,288,0.546875,0.25,1.0,0,561,0,0,-0.0003529684618115425,50.34535217285156,1.4125902652740479,0.000692565634381026,0.0,0.27464357018470764
834,full_ca_hmappo,1,0.34674082333515344,288,0.6875,0.25,1.0,0,817,0,0,0.0003091519174631685,6.563851356506348,1.3834203481674194,-2.2809797883383e-05,0.0,0.2875257134437561
835,full_ca_hmappo,1,0.6864463719130072,289,0.11625,0.0,0.25,0,73,0,0,-0.00027170529938302934,111.76664733886719,1.3837287425994873,0.0002980359713546932,0.0,0.28707510232925415
836,full_ca_hmappo,1,0.7145895372032101,289,0.370625,0.0,0.375,0,329,0,0,-0.0016593802720308304,19.07498550415039,1.3627653121948242,0.0003582427161745727,0.0,0.3007536828517914
837,full_ca_hmappo,1,0.6415211751568677,289,0.565625,0.0,0.875,0,585,0,0,-0.0019760550931096077,9.568233489990234,1.4049558639526367,-0.0009958636946976185,0.0,0.2757929563522339
838,full_ca_hmappo,1,0.573090783100497,289,0.6975,0.125,1.0,0,841,0,0,-0.004248843528330326,40.00349807739258,1.4037731885910034,-0.0003995492006652057,0.0,0.28262072801589966
839,full_ca_hmappo,1,1.0598656999309242,290,0.204375,0.0,0.25,0,97,0,0,0.00048417970538139343,231.91561889648438,1.349644422531128,0.0006106707151047885,0.0,0.29729971289634705
840,full_ca_hmappo,1,0.3873250339365768,290,0.34,0.0,0.5,0,353,0,0,-0.0011082757264375687,27.147119522094727,1.3837436437606812,0.0010039347689598799,0.0,0.2899184226989746
841,full_ca_hmappo,1,0.3521912410724326,290,0.48,0.0,0.75,0,609,0,0,-5.8668047131504864e-05,15.500654220581055,1.4062728881835938,0.00035173044307157397,0.0,0.270880788564682
842,full_ca_hmappo,1,0.28877390912293777,290,0.56,0.0,0.75,0,865,0,0,0.00016699731349945068,11.161255836486816,1.4053332805633545,0.000514617539010942,0.0,0.2826784551143646
843,full_ca_hmappo,1,0.7364608306761511,291,0.19375,0.0,0.25,0,121,0,0,-0.000547663017641753,228.44903564453125,1.3799424171447754,-0.00020620273426175117,0.0,0.28802165389060974
844,full_ca_hmappo,1,0.6808612401327991,291,0.5175,0.0,0.5,0,377,0,0,-0.00036964722676202655,32.99884796142578,1.364286184310913,8.696488657733425e-05,0.0,0.29801487922668457
845,full_ca_hmappo,1,0.859177532326953,291,0.704375,0.25,0.75,0,633,0,0,-0.0003823647275567055,72.38362121582031,1.3656013011932373,2.4285633116960526e-05,0.0,0.2905062735080719
846,full_ca_hmappo,1,0.6206105495502925,291,0.758125,0.5,0.75,0,889,0,0,-8.577294647693634e-05,52.71824645996094,1.3599056005477905,0.0001916427572723478,0.0,0.30958878993988037
847,full_ca_hmappo,1,0.8842796893368359,292,0.233125,0.0,0.25,0,145,0,0,-0.00021465992904268205,153.38995361328125,1.299468755722046,1.181770767288981e-05,0.0,0.33195456862449646
848,full_ca_hmappo,1,0.7253444538595204,292,0.4775,0.125,0.5,0,401,0,0,-0.001383509486913681,29.209890365600586,1.372035264968872,0.000169108941918239,0.0,0.30504298210144043
849,full_ca_hmappo,1,0.7801979049333454,293,0.235625,0.0,0.5,0,116,0,0,-0.0004966016858816147,402.4224548339844,1.3832356929779053,0.0013281793799251318,0.0,0.29145580530166626
850,full_ca_hmappo,1,0.8109774340600779,293,0.57875,0.125,0.75,0,372,0,0,-0.0009938683360815048,51.251399993896484,1.3826186656951904,-0.0003853372181765735,0.0,0.2942342162132263
851,full_ca_hmappo,1,0.5386842329216961,293,0.681875,0.25,0.875,0,628,0,0,-0.0010123619576916099,21.918657302856445,1.392012357711792,0.0004601882246788591,0.0,0.29233646392822266
852,full_ca_hmappo,1,0.33867287732437035,293,0.770625,0.25,0.875,0,884,0,0,-0.0017926798900589347,2.37412166595459,1.4176280498504639,2.772624975477811e-05,0.0,0.27865689992904663
853,full_ca_hmappo,1,1.0207655044841886,294,0.18,0.0,0.25,0,140,0,0,-0.00030937575502321124,199.66207885742188,1.3450431823730469,7.997158536454663e-05,0.0,0.29955917596817017
854,full_ca_hmappo,1,0.9259510396295809,294,0.54625,0.125,0.5,0,396,0,0,0.0013091781875118613,85.76233673095703,1.3930377960205078,9.30928363231942e-05,0.0,0.28600913286209106
855,full_ca_hmappo,1,0.6965933354938443,294,0.684375,0.25,0.875,0,652,0,0,0.00026194690144620836,19.671457290649414,1.4141157865524292,0.0006129897083155811,0.0,0.2783977687358856
856,full_ca_hmappo,1,0.3866485275511877,294,0.75375,0.25,0.875,0,908,0,0,-0.00029289600206539035,4.272783279418945,1.428124189376831,-4.45879231847357e-05,0.0,0.2752901017665863
857,full_ca_hmappo,1,1.0197469814465876,295,0.23625,0.0,0.375,0,164,0,0,-0.00021406884479802102,174.11160278320312,1.3814853429794312,5.8186862588627264e-05,0.0,0.28422948718070984
858,full_ca_hmappo,1,0.6295892754860688,295,0.491875,0.125,0.75,0,420,0,0,-0.0022873650304973125,44.666778564453125,1.429418921470642,0.0005197608843445778,0.0,0.27079057693481445
859,full_ca_hmappo,1,0.5766677736176575,295,0.543125,0.25,0.75,0,676,0,0,-0.00017442430544178933,27.20424461364746,1.4192073345184326,0.0006973053095862269,0.0,0.26675689220428467
860,full_ca_hmappo,1,0.5103258586977972,295,0.665625,0.375,0.875,0,932,0,0,-0.0006342240376397967,29.853553771972656,1.4210833311080933,0.0006633074954152107,0.0,0.2694898247718811
861,full_ca_hmappo,1,0.9262499006108555,296,0.27375,0.0,0.25,0,188,0,0,-0.0005565726896747947,145.49346923828125,1.3750975131988525,-0.00041978838271461427,0.0,0.2983040511608124
862,full_ca_hmappo,1,0.606907185039745,296,0.554375,0.0,0.5,0,444,0,0,-0.00039643500349484384,29.70665740966797,1.4104703664779663,-0.0001281589939026162,0.0,0.297091007232666
863,full_ca_hmappo,1,0.5507639088154974,296,0.615,0.125,0.75,0,700,0,0,-0.0018910428043454885,29.459857940673828,1.4205082654953003,0.0005977596156299114,0.0,0.2790547013282776
864,full_ca_hmappo,1,0.8281126168221817,296,0.733125,0.5,0.75,0,956,0,0,-0.0013649743050336838,145.4244384765625,1.412231206893921,-0.00040215736953541636,0.0,0.2935522794723511
865,full_ca_hmappo,1,0.7577819152593293,297,0.374375,0.0,0.375,0,248,0,0,3.755341094802134e-05,157.50408935546875,1.3379275798797607,0.00013124870019964874,0.0,0.3084564507007599
866,full_ca_hmappo,1,0.6606383035630188,297,0.47,0.25,0.375,0,504,0,0,-0.00103103369474411,32.17104721069336,1.365886926651001,0.0006908163195475936,0.0,0.31249427795410156
867,full_ca_hmappo,1,0.9236722754112634,297,0.63,0.375,0.75,0,760,0,0,-0.0005010016029700637,118.30247497558594,1.3858121633529663,0.000997277325950563,0.0,0.2835792005062103
868,full_ca_hmappo,1,0.8611439853302727,298,0.32375,0.0,0.25,0,145,0,0,-0.0003780617262236774,364.00433349609375,1.3852938413619995,0.00011927743616979569,0.0,0.28911909461021423
869,full_ca_hmappo,1,0.7998203808219841,298,0.503125,0.0,0.625,0,401,0,0,-0.00024490244686603546,94.94355773925781,1.3735580444335938,-0.00027871443307958543,0.0,0.2975713014602661
870,full_ca_hmappo,1,0.6027585778028879,299,0.06125,0.0,0.125,0,31,0,0,-1.0972842574119568e-05,261.23541259765625,1.4045828580856323,-9.731979662319645e-05,0.0,0.28090208768844604
871,full_ca_hmappo,1,0.8275017685373314,299,0.366875,0.0,0.625,0,287,0,0,-0.0019883117638528347,25.15863037109375,1.3898481130599976,9.039261931320652e-05,0.0,0.28144919872283936
872,full_ca_hmappo,1,0.5644100271820207,299,0.50125,0.125,0.625,0,543,0,0,0.0011199682485312223,24.86358642578125,1.40932035446167,-0.0015923026949167252,0.0,0.2768712043762207
873,full_ca_hmappo,1,0.41070780381096483,299,0.679375,0.125,0.75,0,799,0,0,-0.00047803111374378204,4.261336326599121,1.447018027305603,-0.0004927452537231147,0.0,0.27168887853622437
874,full_ca_hmappo,1,0.5558710302611871,300,0.128125,0.0,0.125,0,55,0,0,-0.0009864370804280043,54.164161682128906,1.4092515707015991,0.0012684942921623588,0.0,0.28375983238220215
875,full_ca_hmappo,1,0.7444505070379819,300,0.43875,0.0,0.625,0,311,0,0,-0.0010606305440887809,84.41775512695312,1.4252204895019531,0.0004922272637486458,0.0,0.28280436992645264
876,full_ca_hmappo,1,0.6236274058287563,300,0.59625,0.125,0.75,0,567,0,0,-0.00018743923283182085,44.425819396972656,1.3898913860321045,0.000602393876761198,0.0,0.2854219675064087
877,full_ca_hmappo,1,0.6484900514333276,300,0.690625,0.25,0.75,0,823,0,0,0.000806748284958303,50.06803894042969,1.405471682548523,-0.0008466250146739185,0.0,0.27794206142425537
878,full_ca_hmappo,1,0.9189304713581805,301,0.06625,0.0,0.0,0,79,0,0,-0.00016170616436284035,186.5565948486328,1.4431403875350952,-0.0005020901444368064,0.0,0.26326972246170044
879,full_ca_hmappo,1,0.8160230490284448,301,0.36,0.0,0.25,0,335,0,0,-0.0017658397555351257,141.37506103515625,1.3402994871139526,0.0002964771701954305,0.0,0.31428050994873047
880,full_ca_hmappo,1,0.7208623320611878,301,0.5525,0.125,0.625,0,591,0,0,0.0005791200092062354,13.259933471679688,1.396433711051941,0.00029622222064062953,0.0,0.28314539790153503
881,full_ca_hmappo,1,0.432131068821036,301,0.594375,0.125,0.75,0,847,0,0,-0.0007515171309933066,4.933436393737793,1.4401814937591553,0.0002185986377298832,0.0,0.26729273796081543
882,full_ca_hmappo,1,0.9845419009689067,302,0.2125,0.0,0.25,0,103,0,0,-0.0009066223865374923,98.3347396850586,1.4273418188095093,-0.00023858195345383137,0.0,0.27104103565216064
883,full_ca_hmappo,1,0.841902531084088,302,0.416875,0.125,0.875,0,359,0,0,-0.0005959722911939025,86.06034088134766,1.3959100246429443,-0.00046677252976223826,0.0,0.2841665744781494
884,full_ca_hmappo,1,0.7946973305479332,302,0.55125,0.5,0.875,0,615,0,0,-0.000462554395198822,74.45518493652344,1.4305580854415894,-0.00022171236923895776,0.0,0.27572447061538696
885,full_ca_hmappo,1,0.7815434287876997,302,0.6975,0.625,1.0,0,871,0,0,-0.0009153255959972739,31.027233123779297,1.4155864715576172,-0.00017703045159578323,0.0,0.28197988867759705
886,full_ca_hmappo,1,0.755745135491452,303,0.263125,0.0,0.25,0,127,0,0,-0.0002502824063412845,86.01557922363281,1.4425933361053467,-0.00022304074082057923,0.0,0.2665383219718933
887,full_ca_hmappo,1,0.9914579689939274,303,0.4825,0.125,0.375,0,383,0,0,9.069468069355935e-05,150.32049560546875,1.340969443321228,-1.5190569683909416e-05,0.0,0.30498266220092773
888,full_ca_hmappo,1,0.46370262168002796,303,0.574375,0.125,0.5,0,639,0,0,-0.0013057298492640257,8.801521301269531,1.4692113399505615,-2.135134673153516e-05,0.0,0.26193588972091675
889,full_ca_hmappo,1,0.40660512289650796,303,0.656875,0.125,0.625,0,895,0,0,-0.0010216658702120185,3.7981040477752686,1.4583308696746826,-0.0003935072454623878,0.0,0.26122429966926575
890,full_ca_hmappo,1,0.8863817232268048,304,0.28625,0.0,0.25,0,151,0,0,-0.0010774912079796195,180.14608764648438,1.3901424407958984,0.0006587120005860925,0.0,0.2879353165626526
891,full_ca_hmappo,1,0.758232048249738,304,0.45875,0.125,0.375,0,407,0,0,-0.0006557678570970893,33.46502685546875,1.3748220205307007,-0.0002405580598860979,0.0,0.2990776300430298
892,full_ca_hmappo,1,1.2071677131420984,304,0.694375,0.375,0.75,0,663,0,0,-0.000388942047720775,297.67083740234375,1.314721941947937,-0.00034464168129488826,0.0,0.3181360363960266
893,full_ca_hmappo,1,0.47601542826487275,304,0.785625,0.375,0.875,0,919,0,0,-0.0017696681898087263,7.838606357574463,1.47635817527771,0.0003795239026658237,0.0,0.264815092086792
894,full_ca_hmappo,1,0.9687417815803201,305,0.25125,0.0,0.25,0,175,0,0,0.0002986869658343494,308.1994934082031,1.4377288818359375,-0.0003960480389650911,0.0,0.2749585509300232
895,full_ca_hmappo,1,0.7118818481708331,305,0.53375,0.125,0.5,0,431,0,0,-0.00038282573223114014,37.95414733886719,1.432337999343872,0.00024189645773731172,0.0,0.2688877582550049
896,full_ca_hmappo,1,0.669017351767252,305,0.703125,0.25,0.625,0,687,0,0,-0.0014088511234149337,40.622398376464844,1.39982008934021,0.00029872110462747514,0.0,0.29940760135650635
897,full_ca_hmappo,1,0.5551047619628662,305,0.75875,0.5,0.625,0,943,0,0,-0.0017370203277096152,31.37714195251465,1.3910584449768066,0.00044640357373282313,0.0,0.29228800535202026
898,full_ca_hmappo,1,1.0724506367378126,306,0.184375,0.0,0.0,0,199,0,0,0.0004653955693356693,275.67449951171875,1.394752025604248,-0.0009390797931700945,0.0,0.28870895504951477
899,full_ca_hmappo,1,0.900076321187953,306,0.42,0.0,0.5,0,455,0,0,-0.001128615578636527,49.28106689453125,1.2967634201049805,-0.000584400724619627,0.0,0.32657408714294434
900,full_ca_hmappo,1,0.3869207093903242,306,0.514375,0.0,0.625,0,711,0,0,0.00013622424739878625,16.54252052307129,1.4695606231689453,-5.5417418479919434e-05,0.0,0.2534997761249542
901,full_ca_hmappo,1,0.5187515269421965,306,0.546875,0.125,0.625,0,967,0,0,-0.0015445004682987928,22.4261531829834,1.4557390213012695,0.0005509626935236156,0.0,0.25827091932296753
902,full_ca_hmappo,1,0.5242289616435301,308,0.12125,0.0,0.125,0,136,0,0,-0.001743366359733045,502.4744873046875,1.393083095550537,-0.0003471262753009796,0.0,0.28245049715042114
903,full_ca_hmappo,1,0.9115579154195075,308,0.5125,0.0,1.0,0,392,0,0,-0.00034445463097654283,104.32844543457031,1.4243348836898804,0.00036630331305786967,0.0,0.2744543254375458
904,full_ca_hmappo,1,0.686883592263257,308,0.686875,0.25,1.0,0,648,0,0,-0.001233655377291143,45.070281982421875,1.4316623210906982,0.0008085677400231361,0.0,0.27606678009033203
905,full_ca_hmappo,1,0.5040075119413814,308,0.7675,0.375,1.0,0,904,0,0,-0.00011644854384940118,26.597389221191406,1.465226173400879,0.00015465830801986158,0.0,0.254138708114624
906,full_ca_hmappo,1,0.5920645542682905,309,0.18875,0.0,0.125,0,160,0,0,-5.455812060972676e-05,119.90125274658203,1.4392675161361694,6.434585429815343e-06,0.0,0.27301308512687683
907,full_ca_hmappo,1,1.1130204454202612,309,0.364375,0.375,0.375,0,416,0,0,-0.00023189187049865723,275.02557373046875,1.376891851425171,5.850646266480908e-05,0.0,0.3153148591518402
908,full_ca_hmappo,1,0.5110460448995582,309,0.41,0.5,0.5,0,672,0,0,-0.0005020906100980937,164.21096801757812,1.470942735671997,8.31414945423603e-05,0.0,0.2586274743080139
909,full_ca_hmappo,1,0.2503033598222828,309,0.508125,0.5,0.625,0,928,0,0,0.00013154993939679116,30.658111572265625,1.4574143886566162,-0.00023229754879139364,0.0,0.2639716565608978
910,full_ca_hmappo,1,0.9844169665302616,310,0.326875,0.0,0.375,0,184,0,0,-9.949567902367562e-05,274.3992614746094,1.307113766670227,2.7206804588786326e-05,0.0,0.3188800513744354
911,full_ca_hmappo,1,0.6729547496374835,310,0.504375,0.125,0.5,0,440,0,0,-0.002648381283506751,41.47406005859375,1.446067214012146,0.00012477596465032548,0.0,0.26277321577072144
912,full_ca_hmappo,1,0.5721181132521451,310,0.635625,0.25,0.75,0,696,0,0,-0.004111636430025101,30.952425003051758,1.4454288482666016,0.0014747425448149443,0.0,0.26488175988197327
913,full_ca_hmappo,1,0.845312785500937,310,0.65875,0.625,0.75,0,952,0,0,0.00037599977804347873,76.45336151123047,1.3836605548858643,0.001011769170872867,0.0,0.2995481491088867
914,full_ca_hmappo,1,0.7798260652198223,311,0.360625,0.0,0.0,0,208,0,0,0.0005098780384287238,44.476173400878906,1.301352620124817,0.0002960174751933664,0.0,0.3251004219055176
915,full_ca_hmappo,1,0.5477698445611168,311,0.545,0.0,0.125,0,464,0,0,0.0001947299315361306,61.25889205932617,1.3835115432739258,-0.0005198756116442382,0.0,0.2980384826660156
916,full_ca_hmappo,1,0.9406324851970567,311,0.72375,0.125,0.625,0,720,0,0,-0.0003943027404602617,136.35997009277344,1.4041564464569092,-0.0003812414070125669,0.0,0.2914102375507355
917,full_ca_hmappo,1,0.43207128559618013,311,0.754375,0.25,0.75,0,976,0,0,-6.432334771488968e-07,27.469310760498047,1.491612434387207,-0.00023092345509212464,0.0,0.24840283393859863
918,full_ca_hmappo,1,0.82601281711095,312,0.274375,0.0,0.25,0,232,0,0,-0.0005941548151895404,120.79763793945312,1.391905665397644,-0.0001284313329961151,0.0,0.2829706072807312
919,full_ca_hmappo,1,0.8909136013396051,312,0.474375,0.25,0.25,0,488,0,0,-0.0002988738415297121,153.4232635498047,1.4483412504196167,9.804793808143586e-05,0.0,0.2652917802333832
920,full_ca_hmappo,1,0.3466098127573787,312,0.588125,0.25,0.375,0,744,0,0,-3.4940119803650305e-05,30.235170364379883,1.4080747365951538,-0.0001246806641574949,0.0,0.27652859687805176
921,full_ca_hmappo,1,0.9769837588464725,313,0.3175,0.0,0.25,0,187,0,0,-0.00015321746468544006,297.4146728515625,1.2954133749008179,0.0002701944322325289,0.0,0.3316074013710022
922,full_ca_hmappo,1,0.5425105182912375,313,0.5425,0.0,0.375,0,443,0,0,-0.0008712743292562664,12.391740798950195,1.4308717250823975,0.0001480567007092759,0.0,0.2827260196208954
923,full_ca_hmappo,1,0.1502427062496281,314,0.1975,0.0,0.0,0,159,0,0,0.0001220759004354477,272.5579833984375,1.4272761344909668,0.00018083366740029305,0.0,0.2748638987541199
924,full_ca_hmappo,1,1.3240546248562168,314,0.666875,0.0,0.5,0,415,0,0,-6.885252514621243e-05,237.44036865234375,1.2810229063034058,-0.0001952049060491845,0.0,0.37823185324668884
925,full_ca_hmappo,1,0.8124096325482242,314,0.831875,0.25,0.75,0,671,0,0,-5.824708932777867e-05,92.7257080078125,1.4692275524139404,8.722255006432533e-05,0.0,0.2622121274471283
926,full_ca_hmappo,1,0.46361743283614487,314,0.88125,0.375,0.75,0,927,0,0,-0.0005304217338562012,26.114765167236328,1.469961166381836,5.1163915486540645e-05,0.0,0.2646118402481079
927,full_ca_hmappo,1,0.5896905051558861,315,0.360625,0.0,0.125,0,183,0,0,-0.0004452353750821203,132.04286193847656,1.3315600156784058,0.0006840679561719298,0.0,0.3118516802787781
928,full_ca_hmappo,1,0.8782625629778522,315,0.57125,0.125,0.625,0,439,0,0,-0.0010076165199279785,91.7932357788086,1.4272531270980835,0.00021702695812564343,0.0,0.2690572440624237
929,full_ca_hmappo,1,0.307926626119297,315,0.678125,0.125,0.75,0,695,0,0,-0.00030806692666374147,17.371131896972656,1.4614019393920898,-0.00033641778281889856,0.0,0.261874794960022
930,full_ca_hmappo,1,0.46344303706791834,315,0.7575,0.25,0.75,0,951,0,0,2.1877389372093603e-05,31.06975555419922,1.4510644674301147,-0.0003663118404801935,0.0,0.26201364398002625
931,full_ca_hmappo,1,0.9829898690331902,316,0.338125,0.0,0.5,0,207,0,0,2.5797326088650152e-05,135.91949462890625,1.2482441663742065,-2.88568753603613e-05,0.0,0.3422853946685791
932,full_ca_hmappo,1,0.9426860994408344,316,0.595,0.25,0.75,0,463,0,0,-0.0001070220023393631,87.72769927978516,1.4253510236740112,-8.479909593006596e-05,0.0,0.274630069732666
933,full_ca_hmappo,1,0.7354595471297216,316,0.7675,0.5,0.875,0,719,0,0,-2.1496167391887866e-05,63.858116149902344,1.455805778503418,1.5530269593000412e-05,0.0,0.2763110101222992
934,full_ca_hmappo,1,0.6504502512671024,316,0.81625,0.625,0.875,0,975,0,0,-9.856373071670532e-05,35.22737503051758,1.4251048564910889,-6.508160004159436e-05,0.0,0.29351502656936646
935,full_ca_hmappo,1,1.0554979913576972,317,0.38,0.0,0.5,0,231,0,0,-0.00027356483042240143,171.79177856445312,1.3252700567245483,-7.030321285128593e-05,0.0,0.3269084692001343
936,full_ca_hmappo,1,1.043586079902525,317,0.571875,0.375,0.625,0,487,0,0,-0.00032372897840104997,107.90579223632812,1.4132657051086426,0.0002854267950169742,0.0,0.28787750005722046
937,full_ca_hmappo,1,0.7484113334867288,318,0.109375,0.0,0.125,0,48,0,0,-0.0003936446155421436,383.82147216796875,1.4696195125579834,0.0003404507879167795,0.0,0.2583358883857727
938,full_ca_hmappo,1,1.0542849765042774,318,0.400625,0.0,0.5,0,304,0,0,-0.0003595252928789705,99.67803955078125,1.3221096992492676,0.00015641283243894577,0.0,0.33686599135398865
939,full_ca_hmappo,1,0.717473100216921,318,0.54875,0.25,0.625,0,560,0,0,-0.00015919096767902374,52.75104522705078,1.4489110708236694,0.00011095590889453888,0.0,0.27255791425704956
940,full_ca_hmappo,1,0.4666520999689965,318,0.6025,0.375,0.75,0,816,0,0,-0.000657450407743454,31.135303497314453,1.4909608364105225,0.00046825315803289413,0.0,0.2599359154701233
941,full_ca_hmappo,1,0.8017315133911325,319,0.124375,0.0,0.0,0,72,0,0,-0.000124608792248182,149.92190551757812,1.3799896240234375,0.00018072687089443207,0.0,0.3122488856315613
942,full_ca_hmappo,1,0.5100555311782955,319,0.36375,0.0,0.125,0,328,0,0,-0.0006206128746271133,35.04069137573242,1.4204596281051636,0.00023668678477406502,0.0,0.29621708393096924
943,full_ca_hmappo,1,0.6141518434924365,319,0.4925,0.125,0.125,0,584,0,0,-0.00024128302175085992,177.49559020996094,1.4699128866195679,0.00015497053391300142,0.0,0.2621730864048004
944,full_ca_hmappo,1,0.6970536252774764,319,0.731875,0.125,0.375,0,840,0,0,-0.00011228490620851517,84.91648864746094,1.387686014175415,0.0003430188517086208,0.0,0.2979584336280823
945,full_ca_hmappo,1,1.1775768820939447,320,0.223125,0.0,0.25,0,96,0,0,-9.356066584587097e-06,211.95193481445312,1.3703927993774414,-3.550201654434204e-06,0.0,0.308968722820282
946,full_ca_hmappo,1,0.6833024196675979,320,0.4525,0.0,0.25,0,352,0,0,-0.0008794923196546733,27.961803436279297,1.3859927654266357,0.0001854997535701841,0.0,0.29531580209732056
947,full_ca_hmappo,1,0.8128106639978796,320,0.57625,0.25,0.625,0,608,0,0,-0.0006353954668156803,61.653892517089844,1.4503962993621826,-0.00034270575270056725,0.0,0.26800093054771423
948,full_ca_hmappo,1,0.3550476271102525,320,0.656875,0.25,0.875,0,864,0,0,0.0002783102390822023,20.967002868652344,1.487349510192871,-1.3707516473004944e-06,0.0,0.2544485926628113
949,full_ca_hmappo,1,0.8034807440417353,321,0.156875,0.0,0.25,0,120,0,0,-0.0001693262456683442,316.795654296875,1.4386863708496094,0.00020730504184029996,0.0,0.28011107444763184
950,full_ca_hmappo,1,0.9070336884433345,321,0.46,0.25,0.75,0,376,0,0,-0.0007929675048217177,83.42726135253906,1.4533898830413818,-8.250393148045987e-05,0.0,0.27568912506103516
951,full_ca_hmappo,1,0.9815565606587597,321,0.615625,0.625,0.875,0,632,0,0,0.00023694895207881927,121.45486450195312,1.4020264148712158,3.829807974398136e-05,0.0,0.2903851568698883
952,full_ca_hmappo,1,0.4981847608651151,321,0.69625,0.75,0.875,0,888,0,0,-0.00036092009395360947,16.801485061645508,1.4361402988433838,-0.0001883726508822292,0.0,0.2866808772087097
953,full_ca_hmappo,1,0.8233136680555617,322,0.20375,0.0,0.0,0,144,0,0,5.592840534518473e-05,134.46902465820312,1.3819859027862549,-0.0002036132791545242,0.0,0.2916974127292633
954,full_ca_hmappo,1,0.7040566439391114,322,0.425625,0.125,0.125,0,400,0,0,-0.0019707195460796356,141.47799682617188,1.4116166830062866,-0.0001600813993718475,0.0,0.2855057120323181
955,full_ca_hmappo,1,0.9253651706318351,322,0.59625,0.25,0.625,0,656,0,0,0.0009194202721118927,115.04574584960938,1.3736299276351929,0.0014129027258604765,0.0,0.3071135878562927
956,full_ca_hmappo,1,0.4996513228604158,322,0.613125,0.375,0.625,0,912,0,0,-5.8377161622047424e-05,40.09104919433594,1.4949328899383545,0.0005559558048844337,0.0,0.261750191450119
957,full_ca_hmappo,1,0.9089252505852983,323,0.275625,0.125,0.25,0,168,0,0,0.0001405660732416436,225.1529541015625,1.4540585279464722,-4.609161987900734e-05,0.0,0.26568078994750977
958,full_ca_hmappo,1,1.3008391724160902,323,0.47375,0.625,0.875,0,424,0,0,-0.00031742206192575395,233.6566162109375,1.46272611618042,-0.00010096289770444855,0.0,0.26590362191200256
959,full_ca_hmappo,1,0.40578468318381056,323,0.698125,0.625,0.875,0,680,0,0,-0.0005898544332012534,16.642736434936523,1.499638557434082,0.00011806648399215192,0.0,0.250728577375412
960,full_ca_hmappo,1,0.36478688455849806,323,0.7425,0.625,0.875,0,936,0,0,-0.0009025487815961242,8.277173042297363,1.5109193325042725,0.0005723849171772599,0.0,0.2510759234428406
961,full_ca_hmappo,1,1.0045767978413096,324,0.231875,0.0,0.25,0,192,0,0,5.0118815124733374e-05,115.1373062133789,1.4158114194869995,-0.00034012598916888237,0.0,0.28632089495658875
962,full_ca_hmappo,1,1.3006569048857273,324,0.448125,0.5,0.75,0,448,0,0,1.8484890460968018e-05,257.6199951171875,1.4042959213256836,-0.00010482524521648884,0.0,0.2943909764289856
963,full_ca_hmappo,1,0.5150395711066267,325,0.17125,0.0,0.0,0,79,0,0,-0.00024226742971222848,268.9997863769531,1.4622936248779297,-2.5533450752845965e-05,0.0,0.2618808150291443
964,full_ca_hmappo,1,1.0787841150158783,325,0.40875,0.125,0.375,0,335,0,0,-0.0003339943359605968,75.35845184326172,1.3012109994888306,1.4500848010357004e-05,0.0,0.32937175035476685
965,full_ca_hmappo,1,0.5912428907085996,325,0.56,0.25,0.625,0,591,0,0,-0.0009275557240471244,100.84906005859375,1.501188039779663,0.00025474242283962667,0.0,0.26399266719818115
966,full_ca_hmappo,1,0.1771399542249128,325,0.586875,0.25,0.625,0,847,0,0,0.0001515587791800499,14.983133316040039,1.5963672399520874,-0.0002157842682208866,0.0,0.22541038691997528
967,full_ca_hmappo,1,1.0440299060719553,326,0.201875,0.0,0.375,0,103,0,0,-7.520740473410115e-05,207.92913818359375,1.3403161764144897,0.00012813680223189294,0.0,0.3301340341567993
968,full_ca_hmappo,1,0.8313398987565961,326,0.52625,0.125,0.625,0,359,0,0,-0.0012172771384939551,63.57683563232422,1.4670801162719727,0.00021779537200927734,0.0,0.26656389236450195
969,full_ca_hmappo,1,0.8501579877120093,326,0.64375,0.5,0.75,0,615,0,0,-0.00014095133519731462,75.2888412475586,1.4943116903305054,5.8259738580090925e-05,0.0,0.258540540933609
970,full_ca_hmappo,1,0.6024784951678157,326,0.698125,0.625,0.875,0,871,0,0,0.0002893209457397461,51.140716552734375,1.504335880279541,0.0001470940187573433,0.0,0.25693950057029724
971,full_ca_hmappo,1,0.8395053793137777,327,0.199375,0.0,0.25,0,127,0,0,-0.00029848827398382127,168.23388671875,1.435990571975708,-8.073425851762295e-05,0.0,0.28083521127700806
972,full_ca_hmappo,1,0.7834391674041399,327,0.446875,0.25,0.375,0,383,0,0,-0.001666344702243805,95.43632507324219,1.5050065517425537,-0.0006797155365347862,0.0,0.254158079624176
973,full_ca_hmappo,1,0.9478538283801754,327,0.551875,0.5,0.5,0,639,0,0,0.0008003935217857361,433.9218444824219,1.5260121822357178,0.0003974810242652893,0.0,0.245722696185112
974,full_ca_hmappo,1,0.2410126001905155,327,0.561875,0.5,0.625,0,895,0,0,0.00046002556337043643,52.31871795654297,1.4627679586410522,-0.0002955941890832037,0.0,0.27586162090301514
975,full_ca_hmappo,1,0.8581532405296457,328,0.123125,0.125,0.25,0,151,0,0,-7.632499182363972e-05,66.17462158203125,1.4927289485931396,-6.457511335611343e-05,0.0,0.247672438621521
976,full_ca_hmappo,1,1.0790339986506297,328,0.4,0.375,0.5,0,407,0,0,-0.00041911317384801805,271.84423828125,1.329913854598999,0.00010764319449663162,0.0,0.3200739026069641
977,full_ca_hmappo,1,0.5794713761606545,328,0.570625,0.375,0.625,0,663,0,0,-0.0015845764428377151,43.90687942504883,1.44551682472229,8.37602055980824e-05,0.0,0.26874545216560364
978,full_ca_hmappo,1,0.39042610015167156,328,0.579375,0.375,0.625,0,919,0,0,-0.004908823408186436,2.876842737197876,1.5537328720092773,0.001803194172680378,0.0,0.23723554611206055
979,full_ca_hmappo,1,1.0137040701947626,329,0.231875,0.125,0.375,0,175,0,0,0.0011012095492333174,184.59844970703125,1.4355361461639404,-0.001062195748090744,0.0,0.27681541442871094
980,full_ca_hmappo,1,0.9264249446005124,329,0.54,0.375,0.875,0,431,0,0,-0.0011782050132751465,98.71395874023438,1.4840892553329468,0.00019775563850998878,0.0,0.26519572734832764
981,full_ca_hmappo,1,0.6910976788503831,329,0.636875,0.625,0.875,0,687,0,0,-0.00029499115771614015,75.25234985351562,1.5104138851165771,0.0010413327254354954,0.0,0.2568545639514923
982,full_ca_hmappo,1,0.37470738307638385,329,0.69875,0.625,0.875,0,943,0,0,-6.127047527115792e-05,14.336462020874023,1.4823729991912842,-0.00016186122957151383,0.0,0.2643159031867981
983,full_ca_hmappo,1,0.47253163969253364,330,0.21875,0.0,0.125,0,199,0,0,-0.0006994903087615967,67.59903717041016,1.4302222728729248,-2.415835297142621e-05,0.0,0.2830362319946289
984,full_ca_hmappo,1,1.1293465297076182,330,0.511875,0.25,0.5,0,455,0,0,-0.00014713841665070504,167.7298583984375,1.476262092590332,0.0003154811856802553,0.0,0.27396276593208313
985,full_ca_hmappo,1,0.9003015536982275,330,0.65,0.625,0.75,0,711,0,0,-0.00025827810168266296,61.534339904785156,1.4519351720809937,0.00046415426186285913,0.0,0.2776966691017151
986,full_ca_hmappo,1,0.7008154529767125,330,0.675625,0.75,0.75,0,967,0,0,-1.495548895036336e-05,133.43838500976562,1.4598840475082397,-4.39171381003689e-05,0.0,0.2729714512825012
987,full_ca_hmappo,1,0.8966700869193005,331,0.349375,0.0,0.375,0,223,0,0,-0.00016147270798683167,157.2647705078125,1.4457401037216187,5.931779742240906e-05,0.0,0.2758638262748718
988,full_ca_hmappo,1,0.9294330110124065,331,0.483125,0.25,0.5,0,479,0,0,-0.0009684569085948169,44.413978576660156,1.412766456604004,1.229904592037201e-05,0.0,0.2895224690437317
989,full_ca_hmappo,1,0.6508375836820051,331,0.565,0.375,0.75,0,735,0,0,-0.00025097531033679843,93.35171508789062,1.5141582489013672,-0.0005710503901354969,0.0,0.2510167956352234
990,full_ca_hmappo,1,0.28207182702954015,331,0.639375,0.375,0.75,0,991,0,0,-0.0005945749580860138,6.63140344619751,1.545370101928711,0.000466613273601979,0.0,0.24033169448375702
991,full_ca_hmappo,1,0.5465952692065912,332,0.193125,0.0,0.0,0,247,0,0,-0.00045320455683395267,140.16116333007812,1.4576261043548584,0.000300549523672089,0.0,0.26685771346092224
992,full_ca_hmappo,1,0.7833689823959276,332,0.4775,0.0,0.25,0,503,0,0,-0.0019426749786362052,71.59734344482422,1.428093671798706,0.0003981006739195436,0.0,0.29047179222106934
993,full_ca_hmappo,1,0.6319972208057152,333,0.240625,0.0,0.5,0,183,0,0,6.048257273505442e-05,555.930419921875,1.4336650371551514,6.090337410569191e-05,0.0,0.28290483355522156
994,full_ca_hmappo,1,0.6696923659110325,333,0.3775,0.25,0.5,0,439,0,0,-0.0018866360187530518,50.75188446044922,1.4979135990142822,0.0008206867496483028,0.0,0.2528991103172302
995,full_ca_hmappo,1,0.4211417483497826,333,0.478125,0.375,0.625,0,695,0,0,-0.0004516902263276279,93.43122863769531,1.5145199298858643,0.0016685336595401168,0.0,0.24227982759475708
996,full_ca_hmappo,1,0.6210680251970189,333,0.560625,0.625,0.75,0,951,0,0,-6.913518154760823e-05,57.844268798828125,1.4712789058685303,0.00023870838049333543,0.0,0.26270321011543274
997,full_ca_hmappo,1,0.7847742812555225,334,0.3,0.0,0.25,0,207,0,0,-0.0006626546382904053,109.10535430908203,1.4594539403915405,0.0007622278644703329,0.0,0.2739020586013794
998,full_ca_hmappo,1,0.6422150227479619,334,0.568125,0.125,0.5,0,463,0,0,-0.0014414992183446884,20.886898040771484,1.5307183265686035,0.00038423328078351915,0.0,0.24806752800941467
999,full_ca_hmappo,1,0.5018865440615627,334,0.68375,0.125,0.75,0,719,0,0,-0.0016643579583615065,7.100612640380859,1.5120725631713867,0.0014563057338818908,0.0,0.2507542073726654
1000,full_ca_hmappo,1,0.6685872607215515,334,0.7925,0.375,0.75,0,975,0,0,-0.0013924306258559227,55.44736862182617,1.4976123571395874,0.0014854068867862225,0.0,0.26099008321762085
