update,ablation,scenario,rollout_reward_mean,episode_count,coverage_ratio,inspection_success_rate,target_detection_rate,mission_success,mission_time,collision_count,invalid_action_count,policy_loss,value_loss,entropy,approx_kl,clip_fraction,mean_action_probability
1,guidance_0_capability_0_safety_0,1,-0.0679980446548143,1,0.04375,0.0,0.0,0,119,0,0,-0.009343302808701992,3.4920239448547363,1.7874101400375366,-0.0039690895937383175,0.1171875,0.168122336268425
2,guidance_0_capability_0_safety_0,1,-0.05053710726133431,1,0.0625,0.0,0.125,0,375,0,0,-0.007131705991923809,1.6217267513275146,1.7865519523620605,0.00178260519169271,0.0,0.16826193034648895
3,guidance_0_capability_0_safety_0,1,-0.12253906397381797,5,0.009375,0.0,0.0,0,6,0,0,-0.006432828959077597,4.1957879066467285,1.7792295217514038,0.0005061764968559146,0.0,0.17011988162994385
4,guidance_0_capability_0_safety_0,1,-0.09225586149841547,7,0.016875,0.0,0.0,0,214,0,0,-0.0023263085167855024,2.1087989807128906,1.7673624753952026,-0.001780458027496934,0.0,0.17555837333202362
5,guidance_0_capability_0_safety_0,1,-0.04413086132990429,8,0.023125,0.0,0.0,0,212,0,0,-0.003939827438443899,0.7801011800765991,1.7599766254425049,-0.0007455493323504925,0.0,0.1779424548149109
6,guidance_0_capability_0_safety_0,1,-0.06831054530630354,10,0.02625,0.0,0.0,0,109,0,0,-0.002415874507278204,1.741349458694458,1.737217903137207,0.004478407558053732,0.0,0.17949657142162323
7,guidance_0_capability_0_safety_0,1,0.0083300789592613,11,0.085,0.0,0.125,0,250,0,0,-0.002708067884668708,2.8264522552490234,1.7184646129608154,-1.0545831173658371e-05,0.0,0.18931910395622253
8,guidance_0_capability_0_safety_0,1,-0.04415039073865046,13,0.011875,0.0,0.0,0,29,0,0,-0.010196633636951447,0.7237553000450134,1.687992811203003,0.0018853176152333617,0.0,0.19761596620082855
9,guidance_0_capability_0_safety_0,1,-0.01447265551541932,13,0.045,0.0,0.0,0,285,0,0,-0.009425612166523933,0.13070181012153625,1.626955270767212,0.009711897000670433,0.0,0.21188560128211975
10,guidance_0_capability_0_safety_0,1,-0.006025390528520802,13,0.08,0.0,0.0,0,541,0,0,-0.0026310733519494534,0.3484388589859009,1.5669822692871094,0.0032380043994635344,0.0,0.2380976676940918
11,guidance_0_capability_0_safety_0,1,0.0035937503853347152,13,0.130625,0.0,0.0,0,797,0,0,0.001029888167977333,0.9461328983306885,1.5353202819824219,-0.0008430648595094681,0.0,0.25733086466789246
12,guidance_0_capability_0_safety_0,1,0.04004882801382337,14,0.0825,0.0,0.0,0,98,0,0,-0.0018415194936096668,2.0761141777038574,1.5157346725463867,-0.0005795974284410477,0.0,0.2608054578304291
13,guidance_0_capability_0_safety_0,1,-0.021640624858264346,14,0.08875,0.0,0.0,0,354,0,0,-0.0053355819545686245,0.05360952019691467,1.4827499389648438,0.0028332832735031843,0.0,0.26523494720458984
14,guidance_0_capability_0_safety_0,1,0.021337890917493496,14,0.1525,0.0,0.125,0,610,0,0,-0.0006317393854260445,2.2593274116516113,1.4632824659347534,-0.0015930025838315487,0.0,0.2854979634284973
15,guidance_0_capability_0_safety_0,1,-0.025947265396098373,14,0.1525,0.0,0.125,0,866,0,0,-0.004675017669796944,0.07364622503519058,1.4424775838851929,0.0026379793416708708,0.0,0.2868289053440094
16,guidance_0_capability_0_safety_0,1,0.1250683577854943,15,0.1575,0.0,0.125,0,122,0,0,-0.0036284648813307285,8.224807739257812,1.3969831466674805,0.004739056807011366,0.0,0.29965540766716003
17,guidance_0_capability_0_safety_0,1,-0.00537109359720489,15,0.195,0.0,0.125,0,378,0,0,-0.005720175802707672,0.469624400138855,1.3742618560791016,0.002519702073186636,0.0,0.31286484003067017
18,guidance_0_capability_0_safety_0,1,0.053740233757707756,15,0.3375,0.0,0.125,0,634,0,0,0.0027210558764636517,2.1553659439086914,1.3774760961532593,-0.00041067818528972566,0.0,0.31608378887176514
19,guidance_0_capability_0_safety_0,1,0.12646484223660082,15,0.60375,0.0,0.125,0,890,0,0,-0.001899557188153267,8.66454792022705,1.3797931671142578,0.0005268633249215782,0.0,0.30592969059944153
20,guidance_0_capability_0_safety_0,1,0.18557617046462838,16,0.24,0.0,0.125,0,146,0,0,0.0013575262855738401,12.699688911437988,1.3631701469421387,0.0018088830402120948,0.0,0.3083428740501404
21,guidance_0_capability_0_safety_0,1,0.050449217698769644,16,0.39125,0.0,0.125,0,402,0,0,-0.00011137686669826508,2.147310733795166,1.3506994247436523,-0.00044306833297014236,0.0,0.3192894756793976
22,guidance_0_capability_0_safety_0,1,-0.018125000191503204,16,0.4325,0.0,0.125,0,658,0,0,-0.001269773580133915,0.6811003684997559,1.3515565395355225,-0.0002907455782406032,0.0,0.31587469577789307
23,guidance_0_capability_0_safety_0,1,0.03626953029015567,16,0.53875,0.0,0.25,0,914,0,0,-0.0005822585662826896,2.4304826259613037,1.3582643270492554,0.001143395435065031,0.0,0.31236886978149414
24,guidance_0_capability_0_safety_0,1,0.13322265550959855,17,0.23125,0.0,0.25,0,170,0,0,-0.00013415981084108353,9.880515098571777,1.3444894552230835,0.0013481839559972286,0.0,0.3276953399181366
25,guidance_0_capability_0_safety_0,1,0.04506835838401457,17,0.325,0.0,0.5,0,426,0,0,-0.0018072209786623716,2.686985969543457,1.349461555480957,0.0013859705068171024,0.0,0.31226983666419983
26,guidance_0_capability_0_safety_0,1,0.03478515529423021,17,0.438125,0.0,0.5,0,682,0,0,-0.0020204265601933002,1.6407856941223145,1.3689115047454834,0.0011640379671007395,0.0,0.31018680334091187
27,guidance_0_capability_0_safety_0,1,-0.023554687490104698,17,0.466875,0.0,0.5,0,938,0,0,-0.0007259423728100955,0.7190026044845581,1.4019112586975098,-0.0016063472721725702,0.0,0.29453417658805847
28,guidance_0_capability_0_safety_0,1,0.052792968723224476,18,0.149375,0.0,0.125,0,194,0,0,-0.000605509034357965,3.6958794593811035,1.3781278133392334,0.001694625010713935,0.0,0.3096989393234253
29,guidance_0_capability_0_safety_0,1,0.026855468153371476,18,0.245,0.0,0.25,0,450,0,0,-0.0009715321357361972,2.527944564819336,1.3828777074813843,0.0009883081074804068,0.0,0.30775079131126404
30,guidance_0_capability_0_safety_0,1,0.005351562474970706,18,0.305625,0.0,0.375,0,706,0,0,-0.0013065605890005827,1.3104188442230225,1.387324333190918,-0.0007258473779074848,0.0,0.3046404719352722
31,guidance_0_capability_0_safety_0,1,0.04987304608221166,18,0.4425,0.0,0.375,0,962,0,0,-0.000709880143404007,2.5654354095458984,1.3926986455917358,0.0008000967791303992,0.0,0.3011823892593384
32,guidance_0_capability_0_safety_0,1,0.13884765577677172,19,0.2125,0.0,0.5,0,218,0,0,0.0001433948054909706,6.828852653503418,1.3601831197738647,-0.0002932602947112173,0.0,0.3185120224952698
33,guidance_0_capability_0_safety_0,1,0.08933593635447323,19,0.42625,0.0,0.5,0,474,0,0,-0.00032551464391872287,3.0188465118408203,1.3526496887207031,6.7194923758506775e-06,0.0,0.3149697482585907
34,guidance_0_capability_0_safety_0,1,0.029746092986897565,19,0.544375,0.0,0.5,0,730,0,0,-0.004646709188818932,2.083669662475586,1.3539130687713623,0.000637099496088922,0.0,0.3112214207649231
35,guidance_0_capability_0_safety_0,1,-0.01868164110055659,19,0.566875,0.0,0.625,0,986,0,0,0.0010372556280344725,1.5946438312530518,1.3499345779418945,0.0036434209905564785,0.0,0.32218411564826965
36,guidance_0_capability_0_safety_0,1,0.11747070319688646,20,0.226875,0.0,0.125,0,242,0,0,-0.001132707460783422,4.994511604309082,1.3043386936187744,0.00017699552699923515,0.0,0.34862494468688965
37,guidance_0_capability_0_safety_0,1,0.009179687207506504,20,0.296875,0.0,0.125,0,498,0,0,-0.006962956395000219,0.7242745161056519,1.2974014282226562,0.0031059549655765295,0.0,0.35364842414855957
38,guidance_0_capability_0_safety_0,1,0.11043945233541308,20,0.4675,0.0,0.625,0,754,0,0,-0.0016417534789070487,5.324463844299316,1.2776473760604858,0.0006634480087086558,0.0,0.37537139654159546
39,guidance_0_capability_0_safety_0,1,-0.04070312515250407,21,0.0175,0.0,0.0,0,10,0,0,0.0018942784518003464,1.5388363599777222,1.2741358280181885,0.0032516622450202703,0.0,0.37518784403800964
40,guidance_0_capability_0_safety_0,1,0.12410156159603503,21,0.270625,0.0,0.25,0,266,0,0,0.0008376926998607814,6.068318843841553,1.2101577520370483,0.00032938862568698823,0.0,0.4182157516479492
41,guidance_0_capability_0_safety_0,1,0.009023436898132786,21,0.355,0.0,0.25,0,522,0,0,-0.0008399648359045386,0.6353430151939392,1.2194297313690186,-0.00023534506908617914,0.0,0.41310375928878784
42,guidance_0_capability_0_safety_0,1,0.03491210791980848,21,0.461875,0.0,0.375,0,778,0,0,-0.0017957265954464674,2.7289175987243652,1.2400987148284912,-0.0002631267416290939,0.0,0.40703973174095154
43,guidance_0_capability_0_safety_0,1,-0.002382812846917659,22,0.04625,0.0,0.0,0,34,0,0,-0.0010361482854932547,1.5791106224060059,1.2641544342041016,0.0002359271456953138,0.0,0.3820810914039612
44,guidance_0_capability_0_safety_0,1,0.1461328120494727,22,0.28375,0.0,0.375,0,290,0,0,-0.0007643243297934532,10.498588562011719,1.2246869802474976,-0.00037701320252381265,0.0,0.4151737689971924
45,guidance_0_capability_0_safety_0,1,0.03563476441195235,22,0.410625,0.0,0.375,0,546,0,0,-0.003050476312637329,1.0454390048980713,1.2619565725326538,0.0003405183961149305,0.0,0.3969149589538574
46,guidance_0_capability_0_safety_0,1,-0.006191406835569069,22,0.470625,0.0,0.375,0,802,0,0,-0.0004115446354262531,0.9031167030334473,1.3242151737213135,-0.002473430708050728,0.0,0.3455713987350464
47,guidance_0_capability_0_safety_0,1,-0.025468750231084414,23,0.024375,0.0,0.0,0,58,0,0,0.0006948827649466693,1.28786301612854,1.3463629484176636,0.0007765262271277606,0.0,0.3423508107662201
48,guidance_0_capability_0_safety_0,1,0.06676757714740233,23,0.178125,0.0,0.0,0,314,0,0,0.00015876255929470062,3.2748188972473145,1.309640645980835,0.0010107369162142277,0.0,0.3598353862762451
49,guidance_0_capability_0_safety_0,1,0.16137695169527433,23,0.423125,0.0,0.5,0,570,0,0,-0.000714343972504139,11.711780548095703,1.3331654071807861,-0.00012485295883379877,0.0,0.33579859137535095
50,guidance_0_capability_0_safety_0,1,0.015673828311264515,23,0.51875,0.0,0.5,0,826,0,0,-0.0011866965796798468,1.3518333435058594,1.35489821434021,7.046697191981366e-06,0.0,0.3489701449871063
51,guidance_0_capability_0_safety_0,1,0.17735351299052127,24,0.1575,0.0,0.375,0,82,0,0,1.6782432794570923e-05,9.871212005615234,1.3519091606140137,-0.00022965902462601662,0.0,0.3367639482021332
52,guidance_0_capability_0_safety_0,1,0.08218749870138709,24,0.35625,0.0,0.375,0,338,0,0,-0.0015215178718790412,2.4180526733398438,1.3270354270935059,-0.000905888038687408,0.0,0.34704726934432983
53,guidance_0_capability_0_safety_0,1,0.006523437554278644,24,0.389375,0.0,0.5,0,594,0,0,-0.0025393615942448378,0.4928368926048279,1.3326833248138428,0.0009384867735207081,0.0,0.344187468290329
54,guidance_0_capability_0_safety_0,1,0.007490233732823981,24,0.446875,0.0,0.5,0,850,0,0,-0.0014096064260229468,0.5503436326980591,1.3599095344543457,0.00019583696848712862,0.0,0.35153812170028687
55,guidance_0_capability_0_safety_0,1,0.1632031214539893,25,0.11875,0.0,0.125,0,106,0,0,0.00037246476858854294,9.186163902282715,1.3614675998687744,-0.00016840423631947488,0.0,0.3426235616207123
56,guidance_0_capability_0_safety_0,1,0.11882812352996552,25,0.295625,0.0,0.625,0,362,0,0,0.00018355902284383774,8.318397521972656,1.3487870693206787,-0.0009606066159904003,0.0,0.3374556005001068
57,guidance_0_capability_0_safety_0,1,0.0509472651174292,25,0.42875,0.0,0.75,0,618,0,0,-0.0052743395790457726,1.7408475875854492,1.3711605072021484,-0.002698647789657116,0.0,0.339552104473114
58,guidance_0_capability_0_safety_0,1,-0.03403320338111371,25,0.443125,0.0,0.75,0,874,0,0,-0.0024713221937417984,1.3764455318450928,1.3857187032699585,-0.0003301925025880337,0.0,0.3411283493041992
59,guidance_0_capability_0_safety_0,1,0.10064453060476808,26,0.16,0.0,0.25,0,130,0,0,-0.0006203819066286087,4.833856582641602,1.3642585277557373,0.0028771529905498028,0.0,0.3405991792678833
60,guidance_0_capability_0_safety_0,1,0.15273437327414285,26,0.40875,0.0,0.625,0,386,0,0,0.002640425693243742,10.172804832458496,1.3538293838500977,-0.00015512466779910028,0.0,0.34569165110588074
61,guidance_0_capability_0_safety_0,1,0.07083984198106918,26,0.591875,0.0,0.625,0,642,0,0,-0.0028438265435397625,1.0796053409576416,1.3649024963378906,-0.00013560631487052888,0.0,0.34815654158592224
62,guidance_0_capability_0_safety_0,1,0.028427734068827704,26,0.688125,0.0,0.75,0,898,0,0,-0.002313390839844942,2.233067035675049,1.362074375152588,0.001128035131841898,0.0,0.33103060722351074
63,guidance_0_capability_0_safety_0,1,0.14752929509268142,28,0.244375,0.0,0.5,0,147,0,0,-0.0015656703617423773,13.253934860229492,1.2977972030639648,-0.0017346319509670138,0.0,0.38057956099510193
64,guidance_0_capability_0_safety_0,1,0.0021191415726207197,28,0.29875,0.0,0.625,0,403,0,0,-0.00039221782935783267,1.8651533126831055,1.268178939819336,0.0002264096401631832,0.0,0.38132143020629883
65,guidance_0_capability_0_safety_0,1,0.07573242142098024,28,0.490625,0.0,0.625,0,659,0,0,-0.0017991603817790747,2.350132942199707,1.277327299118042,0.0014320852933451533,0.0,0.3793891370296478
66,guidance_0_capability_0_safety_0,1,0.037851561544812284,28,0.62125,0.0,0.625,0,915,0,0,-0.004089662805199623,2.489319324493408,1.273705005645752,0.0016453241696581244,0.0,0.37736600637435913
67,guidance_0_capability_0_safety_0,1,0.21132812317227945,30,0.295625,0.0,0.125,0,162,0,0,-0.002365101594477892,14.359251022338867,1.2020148038864136,0.003879644675180316,0.0,0.4060003161430359
68,guidance_0_capability_0_safety_0,1,0.052431638789130375,30,0.3925,0.0,0.375,0,418,0,0,-0.0012554547283798456,4.595138072967529,1.1722910404205322,0.0015466432087123394,0.0,0.4187919497489929
69,guidance_0_capability_0_safety_0,1,0.14129882553243078,30,0.633125,0.0,0.75,0,674,0,0,0.0016498103505000472,5.599709510803223,1.1661546230316162,0.0012642056681215763,0.0,0.44267749786376953
70,guidance_0_capability_0_safety_0,1,0.05745117043989012,31,0.088125,0.0,0.0,0,42,0,0,-0.0010441401973366737,3.5268144607543945,1.1709545850753784,0.0003110971301794052,0.0,0.4374959170818329
71,guidance_0_capability_0_safety_0,1,0.20943359019292984,31,0.399375,0.0,0.625,0,298,0,0,-0.00020066028810106218,9.18503189086914,1.1385211944580078,-0.0005608740029856563,0.0,0.46635740995407104
72,guidance_0_capability_0_safety_0,1,0.1849023405884509,31,0.71875,0.0,0.875,0,554,0,0,-0.000644385814666748,7.774226665496826,1.1639479398727417,3.927123543689959e-05,0.0,0.4420044422149658
73,guidance_0_capability_0_safety_0,1,-0.0037011724343756214,31,0.7825,0.0,0.875,0,810,0,0,4.8500178309041075e-06,1.3271875381469727,1.1847255229949951,0.0004081117804162204,0.0,0.41837868094444275
74,guidance_0_capability_0_safety_0,1,0.04116210866050096,32,0.050625,0.0,0.125,0,66,0,0,-0.0008362618973478675,2.3063933849334717,1.1818349361419678,-0.00010986983397742733,0.0,0.4306780695915222
75,guidance_0_capability_0_safety_0,1,0.17668945118202828,32,0.3425,0.0,0.5,0,322,0,0,-0.000429441686719656,9.828460693359375,1.1306504011154175,0.00037903012707829475,0.0,0.45475226640701294
76,guidance_0_capability_0_safety_0,1,0.10243163850827841,32,0.545,0.0,0.625,0,578,0,0,-0.0008103931322693825,2.645348072052002,1.1481026411056519,-0.0005605890182778239,0.0,0.44523724913597107
77,guidance_0_capability_0_safety_0,1,0.03167968723573722,32,0.646875,0.0,0.75,0,834,0,0,-0.0011473174672573805,3.115450859069824,1.1733542680740356,0.001121504115872085,0.0,0.44634348154067993
78,guidance_0_capability_0_safety_0,1,0.06958984231459908,33,0.14875,0.0,0.125,0,90,0,0,-0.0013714995002374053,4.993926048278809,1.172928810119629,0.00016869045794010162,0.0,0.4342862069606781
79,guidance_0_capability_0_safety_0,1,0.05524414034152869,33,0.273125,0.0,0.25,0,346,0,0,-0.0009354607900604606,1.8955310583114624,1.1394758224487305,0.0011653628898784518,0.0,0.4507187604904175
80,guidance_0_capability_0_safety_0,1,0.08523437382973498,33,0.446875,0.0,0.375,0,602,0,0,-0.0005660740425810218,5.000185489654541,1.1388394832611084,0.0004071625880897045,0.0,0.4543553590774536
81,guidance_0_capability_0_safety_0,1,0.07310546754160896,33,0.605625,0.0,0.5,0,858,0,0,-0.0009772697230800986,5.4791107177734375,1.1470978260040283,-9.121823677560315e-05,0.0,0.4544476270675659
82,guidance_0_capability_0_safety_0,1,0.0894140625387081,34,0.075,0.0,0.25,0,142,0,0,-0.0028282112907618284,3.0563583374023438,1.1366002559661865,-0.0003925628843717277,0.0,0.46195077896118164
83,guidance_0_capability_0_safety_0,1,0.13021484173077624,34,0.314375,0.0,0.5,0,398,0,0,0.002642738400027156,5.508156776428223,1.1505954265594482,-0.00024393387138843536,0.0,0.44200217723846436
84,guidance_0_capability_0_safety_0,1,0.053212889994028956,34,0.4675,0.0,0.5,0,654,0,0,-0.0012793855275958776,3.2792062759399414,1.1772911548614502,0.0012560687027871609,0.0,0.44663485884666443
85,guidance_0_capability_0_safety_0,1,-0.01302734396449523,34,0.50625,0.0,0.5,0,910,0,0,0.001843911362811923,1.2151681184768677,1.1864488124847412,0.000621723011136055,0.0,0.4313403069972992
86,guidance_0_capability_0_safety_0,1,0.12486328069644514,36,0.21125,0.0,0.375,0,152,0,0,-0.0010684741428121924,12.14038372039795,1.152531385421753,8.172448724508286e-05,0.0,0.44565388560295105
87,guidance_0_capability_0_safety_0,1,0.12789062374213245,36,0.468125,0.0,0.5,0,408,0,0,-6.97650684742257e-05,5.501314163208008,1.1479084491729736,-0.0011287748347967863,0.0,0.4415125250816345
88,guidance_0_capability_0_safety_0,1,0.11691406008321792,36,0.67,0.0,0.875,0,664,0,0,1.8204252683062805e-06,5.740209102630615,1.184173583984375,0.0006152576534077525,0.0,0.4464716613292694
89,guidance_0_capability_0_safety_0,1,0.06182617058948381,36,0.813125,0.0,1.0,0,920,0,0,-0.004060182720422745,1.6201181411743164,1.223413109779358,-0.0012300254311412573,0.0,0.4317930340766907
90,guidance_0_capability_0_safety_0,1,0.15685546816530405,37,0.295,0.0,0.375,0,176,0,0,0.0012280563823878765,8.865962982177734,1.1946392059326172,-0.00013510696589946747,0.0,0.4364205002784729
91,guidance_0_capability_0_safety_0,1,0.15450195123412414,37,0.586875,0.0,0.5,0,432,0,0,0.0005505410954356194,3.205174684524536,1.1943391561508179,0.001268617226742208,0.0,0.4242405891418457
92,guidance_0_capability_0_safety_0,1,0.022998047090368345,37,0.666875,0.0,0.625,0,688,0,0,-0.0004787081852555275,1.9311962127685547,1.224090576171875,0.0003804774023592472,0.0,0.40230807662010193
93,guidance_0_capability_0_safety_0,1,-0.018828125321306288,37,0.706875,0.0,0.625,0,944,0,0,0.0007136610220186412,1.637174129486084,1.2411459684371948,-0.0005956118693575263,0.0,0.4037654399871826
94,guidance_0_capability_0_safety_0,1,0.1370898419772857,38,0.241875,0.0,0.25,0,200,0,0,-0.0003693190810736269,7.333418369293213,1.1938166618347168,-0.0003611616266425699,0.0,0.4208012521266937
95,guidance_0_capability_0_safety_0,1,-0.0029296875254658516,38,0.2825,0.0,0.25,0,456,0,0,-0.0002442318946123123,0.9668744802474976,1.205457329750061,0.0004962623934261501,0.0,0.39640945196151733
96,guidance_0_capability_0_safety_0,1,0.027255858803982846,38,0.39625,0.0,0.25,0,712,0,0,-0.0006636750767938793,1.1301518678665161,1.2097300291061401,-0.00011136243119835854,0.0,0.409149706363678
97,guidance_0_capability_0_safety_0,1,0.08249023283133283,38,0.5575,0.0,0.5,0,968,0,0,-0.0012261401861906052,7.14335823059082,1.249907374382019,0.0006945505738258362,0.0,0.3997744023799896
98,guidance_0_capability_0_safety_0,1,0.13775390423688805,39,0.26625,0.0,0.125,0,224,0,0,0.00020454823970794678,6.279916763305664,1.1502712965011597,-0.0009716823697090149,0.0,0.45424288511276245
99,guidance_0_capability_0_safety_0,1,0.08452148402284365,39,0.41625,0.0,0.375,0,480,0,0,-0.0008942025597207248,3.1778221130371094,1.1747090816497803,0.0004788176156580448,0.0,0.4344261586666107
100,guidance_0_capability_0_safety_0,1,0.03973632748966338,39,0.53875,0.0,0.375,0,736,0,0,-0.005221791565418243,1.7804691791534424,1.1622107028961182,0.001541184145025909,0.0,0.4346766173839569
101,guidance_0_capability_0_safety_0,1,-0.001005859739962034,39,0.58875,0.0,0.5,0,992,0,0,-0.0013223800342530012,1.6432509422302246,1.0931906700134277,0.0018536749994382262,0.0,0.46787405014038086
102,guidance_0_capability_0_safety_0,1,0.21378905963501893,40,0.3725,0.0,0.25,0,248,0,0,-0.00010941736400127411,10.91221809387207,0.9630541801452637,0.002335555385798216,0.0,0.5333977937698364
103,guidance_0_capability_0_safety_0,1,0.05247070122277364,40,0.48875,0.0,0.5,0,504,0,0,-0.00012259154755156487,3.7257864475250244,0.9418115019798279,-0.00043387230834923685,0.0,0.5631144046783447
104,guidance_0_capability_0_safety_0,1,0.06876953002938535,40,0.65,0.0,0.625,0,760,0,0,-0.002104204846546054,1.8174450397491455,0.9857263565063477,0.0002764201199170202,0.0,0.5476865768432617
105,guidance_0_capability_0_safety_0,1,0.031777342868736014,41,0.113125,0.0,0.0,0,174,0,0,0.0006575500592589378,2.605689525604248,0.976284384727478,0.0007668688776902854,0.0,0.5331707000732422
106,guidance_0_capability_0_safety_0,1,0.11652343547029886,41,0.3325,0.0,0.25,0,430,0,0,-0.000751216895878315,3.635499954223633,0.9650105237960815,0.0004924351233057678,0.0,0.538045346736908
107,guidance_0_capability_0_safety_0,1,0.03235351512557827,41,0.455,0.0,0.25,0,686,0,0,-0.0019053429132327437,2.321152687072754,1.0040018558502197,-0.0006380476988852024,0.0,0.54288250207901
108,guidance_0_capability_0_safety_0,1,0.2014843712822767,41,0.771875,0.0,0.75,0,942,0,0,-0.0007002276252023876,11.999140739440918,1.0390046834945679,0.00028469477547332644,0.0,0.5181516408920288
109,guidance_0_capability_0_safety_0,1,0.15013671618362423,43,0.24625,0.0,0.25,0,165,0,0,-0.0007829837268218398,12.378168106079102,0.9706792235374451,-0.0003420465509407222,0.0,0.549597442150116
110,guidance_0_capability_0_safety_0,1,0.05881835867330665,43,0.386875,0.0,0.375,0,421,0,0,-0.0021245377138257027,1.950382947921753,0.9650594592094421,0.0002578512649051845,0.0,0.565628707408905
111,guidance_0_capability_0_safety_0,1,0.06856445186713245,43,0.566875,0.0,0.375,0,677,0,0,-0.0022158161737024784,2.102005958557129,0.9795836210250854,0.0036032393109053373,0.0,0.5426902174949646
112,guidance_0_capability_0_safety_0,1,0.027148437351570465,43,0.661875,0.0,0.5,0,933,0,0,-5.51808625459671e-05,2.2171549797058105,1.017737865447998,0.002601349726319313,0.0,0.5233044624328613
113,guidance_0_capability_0_safety_0,1,-0.04484375096944859,47,0.055,0.0,0.0,0,107,0,0,0.00015137158334255219,19.36556053161621,0.9947866797447205,-0.0004980972735211253,0.0,0.529775857925415
114,guidance_0_capability_0_safety_0,1,0.027597655607678462,47,0.16,0.0,0.0,0,363,0,0,-0.0006625447422266006,1.5278998613357544,1.0046963691711426,0.001198801095597446,0.0,0.5557332038879395
115,guidance_0_capability_0_safety_0,1,0.0672460939240409,47,0.291875,0.0,0.25,0,619,0,0,-0.0008259363239631057,3.544229030609131,1.0656795501708984,0.00015801191329956055,0.0,0.4906562268733978
116,guidance_0_capability_0_safety_0,1,0.10790038858976914,47,0.465625,0.0,0.625,0,875,0,0,-0.0008641108870506287,3.302741527557373,1.1162482500076294,-0.000831148587167263,0.0,0.4650307595729828
117,guidance_0_capability_0_safety_0,1,0.06753906230733264,48,0.184375,0.0,0.0,0,131,0,0,-0.001757135963998735,3.900749683380127,1.0962457656860352,-0.0010469870176166296,0.0,0.47629737854003906
118,guidance_0_capability_0_safety_0,1,0.2325292937530321,48,0.5425,0.0,0.5,0,387,0,0,-0.0006731757894158363,12.004313468933105,1.0608735084533691,0.0010349135845899582,0.0,0.5201382637023926
119,guidance_0_capability_0_safety_0,1,0.04612304618785856,48,0.669375,0.0,0.5,0,643,0,0,-0.0028076765593141317,1.0367224216461182,1.1547183990478516,0.0012568117817863822,0.0,0.45561683177948
120,guidance_0_capability_0_safety_0,1,0.025312499674328137,48,0.7425,0.0,0.625,0,899,0,0,-0.0009567700326442719,1.0702528953552246,1.2603216171264648,0.0012737935176119208,0.0,0.40471071004867554
121,guidance_0_capability_0_safety_0,1,0.14484374917810783,49,0.235,0.0,0.25,0,155,0,0,0.0020866345148533583,8.243268966674805,1.252966284751892,0.000525867915712297,0.0,0.39973506331443787
122,guidance_0_capability_0_safety_0,1,0.07221679530630354,49,0.400625,0.0,0.375,0,411,0,0,-0.0033039748668670654,2.9583277702331543,1.2497150897979736,0.0024455501697957516,0.0,0.4103137254714966
123,guidance_0_capability_0_safety_0,1,-0.01583984403987415,49,0.445,0.0,0.375,0,667,0,0,-0.0007299656863324344,1.3817774057388306,1.3086870908737183,-0.0013550277799367905,0.0,0.37583670020103455
124,guidance_0_capability_0_safety_0,1,0.05878906154248398,49,0.58375,0.0,0.5,0,923,0,0,-0.0022299569100141525,3.019010543823242,1.3510031700134277,0.0014193676179274917,0.0,0.34260091185569763
125,guidance_0_capability_0_safety_0,1,0.12659179432375822,50,0.1875,0.0,0.125,0,179,0,0,-0.00218616402707994,3.925492286682129,1.305639386177063,0.0006221657386049628,0.0,0.3725261092185974
126,guidance_0_capability_0_safety_0,1,0.1447460920753656,50,0.450625,0.0,0.375,0,435,0,0,-0.0012823529541492462,3.5170652866363525,1.2795785665512085,0.000554252415895462,0.0,0.36969193816185
127,guidance_0_capability_0_safety_0,1,0.0473144522838993,50,0.5775,0.0,0.5,0,691,0,0,-0.0032856841571629047,3.112863540649414,1.292456030845642,0.0014079823158681393,0.0,0.3663652837276459
128,guidance_0_capability_0_safety_0,1,0.08432617196376668,50,0.7275,0.0,0.75,0,947,0,0,0.0007859176839701831,3.583054542541504,1.301764965057373,0.0024392446503043175,0.0,0.3572327792644501
129,guidance_0_capability_0_safety_0,1,0.16551757668639766,51,0.243125,0.0,0.375,0,203,0,0,-0.0004721855220850557,5.16878080368042,1.2368425130844116,0.00043452702811919153,0.0,0.40709826350212097
130,guidance_0_capability_0_safety_0,1,0.1318359360593604,51,0.486875,0.0,0.625,0,459,0,0,-0.0006932755932211876,5.228690147399902,1.2158472537994385,-0.0008249892853200436,0.0,0.42194485664367676
131,guidance_0_capability_0_safety_0,1,0.012050780700519681,51,0.5525,0.0,0.625,0,715,0,0,-6.985788786550984e-05,1.4115126132965088,1.2480876445770264,0.0002260594628751278,0.0,0.39737558364868164
132,guidance_0_capability_0_safety_0,1,0.025048827625141712,51,0.656875,0.0,0.625,0,971,0,0,-0.0011724736541509628,1.1323753595352173,1.2558774948120117,-0.0004022197681479156,0.0,0.4068078398704529
133,guidance_0_capability_0_safety_0,1,0.21832031130907126,52,0.405,0.0,0.125,0,227,0,0,-0.00016558109200559556,9.155036926269531,1.1479462385177612,0.00033390725729987025,0.0,0.44338902831077576
134,guidance_0_capability_0_safety_0,1,0.11658203006663825,52,0.60375,0.0,0.5,0,483,0,0,-0.0006226638215593994,4.531498432159424,1.1510305404663086,0.00013259891420602798,0.0,0.43890580534935
135,guidance_0_capability_0_safety_0,1,0.026132812330615707,52,0.7125,0.0,0.5,0,739,0,0,-8.089344191830605e-05,1.477644920349121,1.1619266271591187,5.7147350162267685e-05,0.0,0.45265161991119385
136,guidance_0_capability_0_safety_0,1,0.09147460713575128,52,0.841875,0.0,1.0,0,995,0,0,-0.00032924674451351166,9.452598571777344,1.2075717449188232,0.0004082254017703235,0.0,0.4292517900466919
137,guidance_0_capability_0_safety_0,1,0.09635742178943474,53,0.23125,0.0,0.125,0,251,0,0,-0.002253726590424776,5.305002212524414,1.1465611457824707,0.0007138997316360474,0.0,0.4631495177745819
138,guidance_0_capability_0_safety_0,1,0.18238281209778506,53,0.555625,0.0,0.375,0,507,0,0,-5.4202042520046234e-05,5.957081317901611,1.1879175901412964,-0.000498693436384201,0.0,0.4288797378540039
139,guidance_0_capability_0_safety_0,1,0.10841796678869287,53,0.75875,0.0,0.625,0,763,0,0,-7.920712232589722e-05,2.693798542022705,1.229862928390503,0.00023647786292713135,0.0,0.40878844261169434
140,guidance_0_capability_0_safety_0,1,0.005195312056457624,55,0.014375,0.0,0.0,0,7,0,0,-0.00028511820710264146,9.9673433303833,1.2531771659851074,0.000371106609236449,0.0,0.40479227900505066
141,guidance_0_capability_0_safety_0,1,0.15005859392113052,56,0.30625,0.0,0.25,0,253,0,0,-1.6437223166576587e-05,8.29587459564209,1.1712007522583008,0.0002429058513371274,0.0,0.44307082891464233
142,guidance_0_capability_0_safety_0,1,0.08790038905863184,56,0.479375,0.0,0.5,0,509,0,0,-0.0022378633730113506,6.0573410987854,1.207937240600586,0.001037210924550891,0.0,0.4319857954978943
143,guidance_0_capability_0_safety_0,1,0.09795898329321062,56,0.66375,0.0,0.75,0,765,0,0,0.0009601404890418053,3.3178529739379883,1.2707695960998535,0.0017079007811844349,0.0,0.39532470703125
144,guidance_0_capability_0_safety_0,1,0.030097655384452082,57,0.03375,0.0,0.0,0,21,0,0,0.00040897540748119354,3.1119091510772705,1.3009285926818848,0.0005835703341290355,0.0,0.3631918430328369
145,guidance_0_capability_0_safety_0,1,0.060595702336286195,57,0.18125,0.0,0.125,0,277,0,0,-0.0007816003635525703,3.1431946754455566,1.2517049312591553,0.0007196862134151161,0.0,0.4026408791542053
146,guidance_0_capability_0_safety_0,1,0.17680663845385425,57,0.47125,0.0,0.5,0,533,0,0,-0.0010929747950285673,6.204078197479248,1.2874090671539307,0.00030013779178261757,0.0,0.3775601387023926
147,guidance_0_capability_0_safety_0,1,0.08597656216443283,57,0.653125,0.0,0.625,0,789,0,0,-0.0028695124201476574,1.1175845861434937,1.3235270977020264,0.001375438878312707,0.0,0.34921902418136597
148,guidance_0_capability_0_safety_0,1,0.04440429661917733,58,0.065,0.0,0.0,0,45,0,0,-0.0018680248176679015,2.9102110862731934,1.3202446699142456,0.0026602556463330984,0.0,0.3562543988227844
149,guidance_0_capability_0_safety_0,1,0.1659570266783703,58,0.334375,0.0,0.375,0,301,0,0,-0.00077747309114784,6.179416656494141,1.273521900177002,0.0010099339997395873,0.0,0.3644119203090668
150,guidance_0_capability_0_safety_0,1,0.12907226382230874,58,0.56125,0.0,0.625,0,557,0,0,-0.0009204488014802337,3.7158854007720947,1.2859352827072144,0.0007899798220023513,0.0,0.3684556484222412
151,guidance_0_capability_0_safety_0,1,-0.028779296946595423,58,0.585625,0.0,0.625,0,813,0,0,0.00030752335442230105,3.4125890731811523,1.2848234176635742,0.0005762185901403427,0.0,0.3617740571498871
152,guidance_0_capability_0_safety_0,1,0.11916991962061729,59,0.1525,0.0,0.0,0,69,0,0,0.00013453389692585915,5.837629318237305,1.2945142984390259,0.00011311875277897343,0.0,0.349804162979126
153,guidance_0_capability_0_safety_0,1,0.15792968503956217,59,0.456875,0.0,0.125,0,325,0,0,-0.0003103853086940944,4.297028064727783,1.264711856842041,0.00010841479524970055,0.0,0.36856767535209656
154,guidance_0_capability_0_safety_0,1,0.07019531112746336,59,0.62,0.0,0.25,0,581,0,0,-0.0016297021647915244,1.2330749034881592,1.2793841361999512,0.00043190689757466316,0.0,0.3493313491344452
155,guidance_0_capability_0_safety_0,1,0.018242186248244252,59,0.676875,0.0,0.5,0,837,0,0,0.0005456932703964412,1.5521899461746216,1.2890433073043823,-0.00035989750176668167,0.0,0.36280545592308044
156,guidance_0_capability_0_safety_0,1,0.05327148346987087,60,0.163125,0.0,0.0,0,93,0,0,-0.00023286542273126543,4.277093410491943,1.2778477668762207,1.2491675079218112e-05,0.0,0.3584471642971039
157,guidance_0_capability_0_safety_0,1,0.23587890471389983,60,0.49875,0.0,0.75,0,349,0,0,1.7248094081878662e-06,12.684759140014648,1.2464792728424072,-2.5557510525686666e-05,0.0,0.37711378931999207
158,guidance_0_capability_0_safety_0,1,0.023281248882994987,60,0.588125,0.0,0.875,0,605,0,0,-0.00040316645754501224,1.2988522052764893,1.2604045867919922,-0.00014579063281416893,0.0,0.3599478602409363
159,guidance_0_capability_0_safety_0,1,0.09001953179540578,60,0.76125,0.0,1.0,0,861,0,0,-0.00043411803198978305,4.145008563995361,1.286881446838379,0.000646710570435971,0.0,0.36466798186302185
160,guidance_0_capability_0_safety_0,1,0.04213867098587798,61,0.11625,0.0,0.125,0,117,0,0,-0.000740720599424094,3.344573974609375,1.286567211151123,5.154311656951904e-05,0.0,0.35010001063346863
161,guidance_0_capability_0_safety_0,1,0.19919921524706297,61,0.4275,0.0,0.625,0,373,0,0,0.0001979240623768419,8.543888092041016,1.2764248847961426,-0.00023677339777350426,0.0,0.3420105576515198
162,guidance_0_capability_0_safety_0,1,0.10280273198441137,61,0.62125,0.0,0.875,0,629,0,0,-0.00045375898480415344,2.3228745460510254,1.2904914617538452,0.0001427492534276098,0.0,0.35436519980430603
163,guidance_0_capability_0_safety_0,1,-0.014531250082654878,61,0.669375,0.0,0.875,0,885,0,0,-0.0006579117616638541,1.7191256284713745,1.2991042137145996,-0.0002101265563396737,0.0,0.34612107276916504
164,guidance_0_capability_0_safety_0,1,0.1345019511427381,62,0.208125,0.0,0.5,0,141,0,0,-0.00015725474804639816,11.150672912597656,1.2852845191955566,3.533515700837597e-05,0.0,0.34790465235710144
165,guidance_0_capability_0_safety_0,1,0.07510741995065473,62,0.380625,0.0,0.625,0,397,0,0,-0.0026957206428050995,2.8858234882354736,1.2714650630950928,6.230144936125726e-05,0.0,0.36179208755493164
166,guidance_0_capability_0_safety_0,1,0.0719921865966171,62,0.541875,0.0,0.75,0,653,0,0,-0.002352203009650111,1.791025161743164,1.2735317945480347,-0.00017403454694431275,0.0,0.3450140655040741
167,guidance_0_capability_0_safety_0,1,0.07364257770677796,62,0.7075,0.0,0.875,0,909,0,0,-0.0005824842373840511,2.222973585128784,1.2509032487869263,0.0010073338635265827,0.0,0.37193089723587036
168,guidance_0_capability_0_safety_0,1,0.16284179507783847,63,0.26875,0.0,0.375,0,165,0,0,-0.00014576657849829644,7.365140914916992,1.2050272226333618,0.0003479289298411459,0.0,0.39295095205307007
169,guidance_0_capability_0_safety_0,1,-0.002353515781578608,63,0.33625,0.0,0.375,0,421,0,0,0.00041959667578339577,3.921433210372925,1.1776635646820068,0.0010335452388972044,0.0,0.4067155122756958
170,guidance_0_capability_0_safety_0,1,-0.04379882822104264,63,0.336875,0.0,0.375,0,677,0,0,-0.00021118919539730996,2.617030620574951,1.1898521184921265,2.5587001800886355e-05,0.0,0.41086339950561523
171,guidance_0_capability_0_safety_0,1,0.04659179560985649,63,0.48,0.0,0.375,0,933,0,0,-0.00017597123223822564,2.0713067054748535,1.2111504077911377,0.0002324247470824048,0.0,0.4020092487335205
172,guidance_0_capability_0_safety_0,1,0.2575976547523169,64,0.350625,0.0,0.625,0,207,0,0,-0.0005417739739641547,12.105194091796875,1.1912837028503418,9.583945939084515e-05,0.0,0.4041503369808197
173,guidance_0_capability_0_safety_0,1,0.06033203023253009,64,0.5175,0.0,0.625,0,463,0,0,-0.0007390437531284988,2.104973793029785,1.1778974533081055,6.608758121728897e-05,0.0,0.4159201383590698
174,guidance_0_capability_0_safety_0,1,0.047226561087882146,64,0.63,0.0,0.875,0,719,0,0,-0.001107148127630353,6.57862663269043,1.180135726928711,-0.0002559761924203485,0.0,0.43266209959983826
175,guidance_0_capability_0_safety_0,1,0.01047851543262368,64,0.71,0.0,0.875,0,975,0,0,-0.0008532439242117107,0.5928730964660645,1.207230567932129,-0.00015404028818011284,0.0,0.4179232716560364
176,guidance_0_capability_0_safety_0,1,0.1592187474889215,65,0.25125,0.0,0.5,0,231,0,0,-0.0008488564635626972,5.721094131469727,1.1416038274765015,0.00036857620580121875,0.0,0.4352337718009949
177,guidance_0_capability_0_safety_0,1,0.03383788977225777,65,0.34875,0.0,0.625,0,487,0,0,-0.00033940779394470155,2.9141416549682617,1.1435198783874512,-0.0014570228522643447,0.0,0.4529902935028076
178,guidance_0_capability_0_safety_0,1,0.021914062454015948,65,0.425625,0.0,0.75,0,743,0,0,-0.0008454680209979415,1.1506471633911133,1.1710453033447266,0.0002807644195854664,0.0,0.426097571849823
179,guidance_0_capability_0_safety_0,1,0.04513671762106242,65,0.56875,0.0,0.75,0,999,0,0,-0.0006821546703577042,1.6912801265716553,1.2167147397994995,0.0020823620725423098,0.0,0.4202162027359009
180,guidance_0_capability_0_safety_0,1,0.17853515470778802,66,0.334375,0.0,0.5,0,255,0,0,-0.0011399267241358757,7.6597900390625,1.1867609024047852,-9.485427290201187e-05,0.0,0.4162023067474365
181,guidance_0_capability_0_safety_0,1,0.04942382725130301,66,0.48375,0.0,0.5,0,511,0,0,-0.0009912867099046707,1.2047392129898071,1.2254714965820312,-0.0005763880908489227,0.0,0.38521942496299744
182,guidance_0_capability_0_safety_0,1,-0.011210937023861334,66,0.526875,0.0,0.5,0,767,0,0,-0.0015942532336339355,1.6252580881118774,1.2586402893066406,1.7288606613874435e-05,0.0,0.3754127621650696
183,guidance_0_capability_0_safety_0,1,0.12186523380660219,67,0.245625,0.0,0.125,0,126,0,0,0.000466005876660347,5.022292613983154,1.259562373161316,-9.059875446837395e-05,0.0,0.36917874217033386
184,guidance_0_capability_0_safety_0,1,0.13457031045982148,67,0.494375,0.0,0.375,0,382,0,0,-0.0005933204665780067,5.393035888671875,1.2461868524551392,0.00032959645614027977,0.0,0.3980885446071625
185,guidance_0_capability_0_safety_0,1,0.01928710919310106,67,0.57625,0.0,0.5,0,638,0,0,-0.0016993837198242545,1.2744957208633423,1.2872745990753174,0.0007238234393298626,0.0,0.37406837940216064
186,guidance_0_capability_0_safety_0,1,0.04980468680878403,67,0.69375,0.0,0.625,0,894,0,0,-0.0006453717942349613,1.4787132740020752,1.3270108699798584,-0.0007690098136663437,0.0,0.3406659960746765
187,guidance_0_capability_0_safety_0,1,0.11012695193494437,68,0.176875,0.0,0.25,0,150,0,0,-0.00028458674205467105,5.11221981048584,1.3217554092407227,-0.0008377909543924034,0.0,0.33987364172935486
188,guidance_0_capability_0_safety_0,1,0.03546875039319275,68,0.30125,0.0,0.25,0,406,0,0,-0.0004074846801813692,3.4574079513549805,1.333351969718933,-0.0006247045239433646,0.0,0.3319927752017975
189,guidance_0_capability_0_safety_0,1,0.04755859361466719,68,0.429375,0.0,0.375,0,662,0,0,-0.003904275130480528,1.8294259309768677,1.3764699697494507,0.0033551533706486225,0.0,0.3313196897506714
190,guidance_0_capability_0_safety_0,1,0.04225585822860012,68,0.5625,0.0,0.375,0,918,0,0,-0.0008114166557788849,2.2384731769561768,1.4486573934555054,-0.0017535638762637973,0.0,0.2895488440990448
191,guidance_0_capability_0_safety_0,1,-0.028749998491548467,70,0.061875,0.0,0.0,0,211,0,0,-0.0002571002987679094,10.508992195129395,1.4558913707733154,-0.001535144168883562,0.0,0.28101474046707153
192,guidance_0_capability_0_safety_0,1,0.006982422011788003,70,0.135,0.0,0.0,0,467,0,0,-0.0009383118594996631,1.579160213470459,1.4847071170806885,-0.0006720231613144279,0.0,0.27117183804512024
193,guidance_0_capability_0_safety_0,1,0.10181640427617822,70,0.2925,0.0,0.375,0,723,0,0,-0.0011286474764347076,4.083760738372803,1.509582281112671,0.000997072784230113,0.0,0.26424795389175415
194,guidance_0_capability_0_safety_0,1,0.10797851393726887,70,0.494375,0.0,0.625,0,979,0,0,-0.0009211031720042229,4.988402366638184,1.532221794128418,-0.0012407016474753618,0.0,0.24971994757652283
195,guidance_0_capability_0_safety_0,1,0.1153124994089012,71,0.2575,0.0,0.0,0,239,0,0,-0.003036723006516695,2.894333600997925,1.483901023864746,0.001561303623020649,0.0,0.27786970138549805
196,guidance_0_capability_0_safety_0,1,0.07345703063765541,71,0.384375,0.0,0.25,0,495,0,0,-0.0008105402812361717,2.4655098915100098,1.5109895467758179,0.0005752993747591972,0.0,0.25775545835494995
197,guidance_0_capability_0_safety_0,1,0.11435546733264346,71,0.600625,0.0,0.5,0,751,0,0,-0.0022157940547913313,4.972321510314941,1.5169084072113037,0.0014069931348785758,0.0,0.259563148021698
198,guidance_0_capability_0_safety_0,1,-0.01898437485215254,72,0.0175,0.0,0.0,0,7,0,0,0.0001182258129119873,1.561019778251648,1.5326850414276123,-0.0008154282113537192,0.0,0.2567249536514282
199,guidance_0_capability_0_safety_0,1,0.11731445104669547,72,0.25125,0.0,0.125,0,263,0,0,-0.0018455166136845946,2.3539350032806396,1.5047855377197266,-2.8637394279940054e-05,0.0,0.27159419655799866
200,guidance_0_capability_0_safety_0,1,0.06554687340394594,72,0.40875,0.0,0.25,0,519,0,0,-0.0031219995580613613,2.820744752883911,1.522504210472107,0.0020443061366677284,0.0,0.2635560631752014
201,guidance_0_capability_0_safety_0,1,0.005927733305725269,72,0.47,0.0,0.375,0,775,0,0,-0.0005657598376274109,1.5025312900543213,1.5431126356124878,0.0016094089951366186,0.0,0.248040109872818
202,guidance_0_capability_0_safety_0,1,0.10532226385112153,73,0.03375,0.0,0.0,0,31,0,0,-0.00229337508790195,6.047920227050781,1.5681865215301514,-0.0017553854268044233,0.0,0.24038895964622498
203,guidance_0_capability_0_safety_0,1,0.1833496078834287,73,0.356875,0.0,0.25,0,287,0,0,0.00017480428505223244,3.914984941482544,1.5446962118148804,-0.0001476902252761647,0.0,0.2551729679107666
204,guidance_0_capability_0_safety_0,1,0.09702148323412985,73,0.526875,0.0,0.625,0,543,0,0,-2.915940058301203e-05,4.635882377624512,1.5426974296569824,0.00039704982191324234,0.0,0.25561416149139404
205,guidance_0_capability_0_safety_0,1,0.09971679575392045,73,0.7325,0.0,0.75,0,799,0,0,-0.00022261962294578552,4.544119834899902,1.563374400138855,-1.6167759895324707e-06,0.0,0.2391151636838913
206,guidance_0_capability_0_safety_0,1,0.0683496094570728,74,0.13625,0.0,0.125,0,64,0,0,-8.111602801363915e-05,4.330002784729004,1.56797456741333,-7.068086415529251e-05,0.0,0.24785420298576355
207,guidance_0_capability_0_safety_0,1,0.23461913820938207,74,0.5225,0.0,0.625,0,320,0,0,-0.00015906617045402527,8.060636520385742,1.5548242330551147,-3.825019666692242e-05,0.0,0.25226861238479614
208,guidance_0_capability_0_safety_0,1,0.10002929699840024,74,0.711875,0.0,0.875,0,576,0,0,-0.0009076340938918293,2.4972751140594482,1.5648469924926758,0.0002524977026041597,0.0,0.24665924906730652
209,guidance_0_capability_0_safety_0,1,0.05260742125756224,74,0.858125,0.0,0.875,0,832,0,0,-0.0034917183220386505,1.0394845008850098,1.5685943365097046,0.0036649834364652634,0.0,0.24339137971401215
210,guidance_0_capability_0_safety_0,1,0.0677246084305807,76,0.153125,0.0,0.25,0,81,0,0,0.0005082680727355182,10.7745361328125,1.5652660131454468,0.0007303382153622806,0.0,0.25080767273902893
211,guidance_0_capability_0_safety_0,1,0.12303710872220108,76,0.40625,0.0,0.375,0,337,0,0,0.0007065568934194744,3.1589560508728027,1.5579860210418701,0.00027092796517536044,0.0,0.25233107805252075
212,guidance_0_capability_0_safety_0,1,0.08083007772802375,76,0.568125,0.0,0.625,0,593,0,0,-0.002421278040856123,1.6597827672958374,1.5640082359313965,-4.127528518438339e-05,0.0,0.2484455555677414
213,guidance_0_capability_0_safety_0,1,0.12854491890175268,76,0.786875,0.0,1.0,0,849,0,0,-0.0034286542795598507,3.868618965148926,1.5917662382125854,-0.0006380819249898195,0.0,0.2360273003578186
214,guidance_0_capability_0_safety_0,1,0.018037109744909685,79,0.075,0.0,0.0,0,58,0,0,-0.0012351492187008262,19.7004451751709,1.618154525756836,0.0006192037835717201,0.0,0.22499653697013855
215,guidance_0_capability_0_safety_0,1,0.09572265562019311,79,0.216875,0.0,0.375,0,314,0,0,-0.002266807248815894,5.390041351318359,1.6033439636230469,0.00039928779006004333,0.0,0.22290019690990448
216,guidance_0_capability_0_safety_0,1,0.1574609346644138,79,0.49875,0.0,0.625,0,570,0,0,-0.0010929254349321127,4.648741245269775,1.5874699354171753,0.0011918294476345181,0.0,0.2324383556842804
217,guidance_0_capability_0_safety_0,1,0.0695507804339286,79,0.66,0.0,0.75,0,826,0,0,-0.0029218043200671673,1.719571590423584,1.5908353328704834,0.0013771848753094673,0.0,0.2383490800857544
218,guidance_0_capability_0_safety_0,1,0.013935545342974365,80,0.143125,0.0,0.125,0,219,0,0,-0.0014963855501264334,2.37784481048584,1.5886149406433105,-0.00016133347526192665,0.0,0.23269495368003845
219,guidance_0_capability_0_safety_0,1,0.1245703122804116,80,0.38,0.0,0.25,0,475,0,0,-0.0006395013770088553,3.614058494567871,1.581352949142456,-0.00048229502863250673,0.0,0.2376941740512848
220,guidance_0_capability_0_safety_0,1,0.033476561853603926,80,0.509375,0.0,0.375,0,731,0,0,-0.0003781688283197582,2.3778247833251953,1.5978221893310547,0.0007531390292569995,0.0,0.22596678137779236
221,guidance_0_capability_0_safety_0,1,0.04778320337209152,82,0.013125,0.0,0.0,0,6,0,0,-0.0018805514555424452,6.084961891174316,1.600950002670288,-0.00024798777303658426,0.0,0.2280205935239792
222,guidance_0_capability_0_safety_0,1,0.098300781166472,82,0.1975,0.0,0.25,0,262,0,0,-0.0013035595184192061,3.022677183151245,1.5921791791915894,0.00040204994729720056,0.0,0.2276182770729065
223,guidance_0_capability_0_safety_0,1,0.11260742026206572,82,0.3825,0.0,0.625,0,518,0,0,-0.0012050237273797393,4.579894065856934,1.5938785076141357,0.0001349755038972944,0.0,0.22769120335578918
224,guidance_0_capability_0_safety_0,1,0.07624023353855591,82,0.5375,0.0,0.875,0,774,0,0,0.00020669246441684663,4.262126922607422,1.5972012281417847,0.0008993958472274244,0.0,0.23234471678733826
225,guidance_0_capability_0_safety_0,1,0.1373046860389877,83,0.044375,0.0,0.0,0,30,0,0,-0.00018069706857204437,4.495909690856934,1.5967271327972412,0.000896408106200397,0.0,0.23104676604270935
226,guidance_0_capability_0_safety_0,1,0.24319335773179773,83,0.426875,0.0,0.5,0,286,0,0,-0.00013461957860272378,7.383974075317383,1.5759177207946777,-0.0002864434791263193,0.0,0.2347050905227661
227,guidance_0_capability_0_safety_0,1,0.022792968040448613,83,0.52875,0.0,0.5,0,542,0,0,-0.0004059315542690456,2.129545211791992,1.5806844234466553,0.0003857482224702835,0.0,0.23506741225719452
228,guidance_0_capability_0_safety_0,1,0.017041015435097506,83,0.611875,0.0,0.5,0,798,0,0,-0.0006184019148349762,1.4312416315078735,1.5899614095687866,-2.5574895516911056e-06,0.0,0.2324507087469101
229,guidance_0_capability_0_safety_0,1,0.18301757776498562,84,0.1175,0.0,0.0,0,54,0,0,-1.2192254871479236e-05,6.335286617279053,1.579412817955017,-0.000250279059400782,0.0,0.24159559607505798
230,guidance_0_capability_0_safety_0,1,0.121718749156571,84,0.363125,0.0,0.125,0,310,0,0,-0.0030964547768235207,3.194899320602417,1.563780665397644,0.0006137582822702825,0.0,0.2446492612361908
231,guidance_0_capability_0_safety_0,1,0.030253906497819116,84,0.459375,0.0,0.125,0,566,0,0,0.00023234201944433153,2.0911455154418945,1.57614266872406,0.0007010325789451599,0.0,0.23623180389404297
232,guidance_0_capability_0_safety_0,1,0.0902246081532212,84,0.655625,0.0,0.25,0,822,0,0,-4.920146238873713e-05,1.7404539585113525,1.5723962783813477,-0.0006541760521940887,0.0,0.24023973941802979
233,guidance_0_capability_0_safety_0,1,0.0023828126504668035,86,0.04,0.0,0.125,0,63,0,0,0.00014250539243221283,7.897153854370117,1.5771043300628662,0.00010339466098230332,0.0,0.23259255290031433
234,guidance_0_capability_0_safety_0,1,0.2362304658672656,86,0.425625,0.0,0.5,0,319,0,0,-0.000383260048693046,10.612032890319824,1.5580819845199585,-0.00018598264432512224,0.0,0.24761991202831268
235,guidance_0_capability_0_safety_0,1,0.057070312155701686,86,0.543125,0.0,0.625,0,575,0,0,-0.0012588398531079292,1.6527366638183594,1.5702252388000488,0.0004944486427120864,0.0,0.23169252276420593
236,guidance_0_capability_0_safety_0,1,-0.01683593746929546,86,0.571875,0.0,0.625,0,831,0,0,-0.0014988284092396498,0.7948194742202759,1.5723451375961304,0.0002212085237260908,0.0,0.2429773509502411
237,guidance_0_capability_0_safety_0,1,0.12916991968086222,87,0.25125,0.0,0.125,0,224,0,0,-0.000610589049756527,4.531290054321289,1.5620468854904175,0.0003346064477227628,0.0,0.24430254101753235
238,guidance_0_capability_0_safety_0,1,0.16607421629305463,87,0.55,0.0,0.375,0,480,0,0,-0.00046749445027671754,6.523360252380371,1.5486196279525757,0.00041821040213108063,0.0,0.24402806162834167
239,guidance_0_capability_0_safety_0,1,0.1178417964183609,87,0.74875,0.0,0.75,0,736,0,0,-0.0006204703822731972,3.51135516166687,1.557586669921875,0.00018801982514560223,0.0,0.2444467544555664
240,guidance_0_capability_0_safety_0,1,0.029316405489225872,87,0.86,0.0,0.75,0,992,0,0,-0.0026942300610244274,1.309804916381836,1.5804446935653687,-0.00043960599577985704,0.0,0.23677822947502136
241,guidance_0_capability_0_safety_0,1,0.1394140608899761,88,0.254375,0.0,0.375,0,248,0,0,-0.002206958830356598,6.91644287109375,1.5526599884033203,-0.0003184292872902006,0.0,0.24802228808403015
242,guidance_0_capability_0_safety_0,1,-0.020742187567520887,88,0.291875,0.0,0.375,0,504,0,0,-0.0015862516593188047,3.722825050354004,1.5652068853378296,0.0019918824546039104,0.0,0.2461588978767395
243,guidance_0_capability_0_safety_0,1,0.04032226525305305,88,0.426875,0.0,0.375,0,760,0,0,-0.0008409681613557041,2.732903480529785,1.5968230962753296,0.0003865844046231359,0.0,0.23094725608825684
244,guidance_0_capability_0_safety_0,1,-0.031855468689172994,89,0.02375,0.0,0.0,0,16,0,0,-0.0014131510397419333,0.5768632888793945,1.6081018447875977,-0.0008585666655562818,0.0,0.2289312183856964
245,guidance_0_capability_0_safety_0,1,0.07315429646405391,89,0.190625,0.0,0.125,0,272,0,0,-3.8477592170238495e-06,4.564253807067871,1.595964789390564,-7.345527410507202e-05,0.0,0.22488008439540863
246,guidance_0_capability_0_safety_0,1,0.23088866770558525,89,0.555625,0.0,0.625,0,528,0,0,-0.0001116547136916779,10.753823280334473,1.6192162036895752,-0.00047554512275382876,0.0,0.21841880679130554
247,guidance_0_capability_0_safety_0,1,-0.01447265648675966,89,0.600625,0.0,0.625,0,784,0,0,-0.0010926628019660711,0.6269755363464355,1.6230143308639526,8.96149686013814e-06,0.0,0.21990910172462463
248,guidance_0_capability_0_safety_0,1,0.0711132805881789,90,0.0925,0.0,0.0,0,40,0,0,-0.0011559044942259789,1.7737946510314941,1.6398754119873047,0.0005731742712669075,0.0,0.20933029055595398
249,guidance_0_capability_0_safety_0,1,0.1714648416163982,90,0.375,0.0,0.375,0,296,0,0,-0.0009064888581633568,4.722691535949707,1.6219816207885742,0.0003354682994540781,0.0,0.22006487846374512
250,guidance_0_capability_0_safety_0,1,0.042011717552668415,90,0.47,0.0,0.625,0,552,0,0,-0.0020738965831696987,1.5316152572631836,1.6396331787109375,0.00020108403987251222,0.0,0.21067987382411957
251,guidance_0_capability_0_safety_0,1,0.15129882685141638,90,0.72625,0.0,1.0,0,808,0,0,-0.001446302980184555,6.053136348724365,1.6486839056015015,0.0008384074899367988,0.0,0.21184830367565155
252,guidance_0_capability_0_safety_0,1,0.10433593745983671,91,0.13125,0.0,0.25,0,64,0,0,-0.0012057246640324593,3.735121488571167,1.6424529552459717,-0.0010647879680618644,0.0,0.21233592927455902
253,guidance_0_capability_0_safety_0,1,0.09626953034603503,91,0.331875,0.0,0.375,0,320,0,0,-0.009139126166701317,1.775349736213684,1.6417802572250366,-0.0009931654203683138,0.0,0.21210750937461853
254,guidance_0_capability_0_safety_0,1,-0.012763672188157216,91,0.381875,0.0,0.375,0,576,0,0,-0.0022350652143359184,1.8845293521881104,1.6425213813781738,0.004636356141418219,0.0,0.21565179526805878
255,guidance_0_capability_0_safety_0,1,0.03136718641326297,91,0.5025,0.0,0.375,0,832,0,0,-0.0043520014733076096,2.3936104774475098,1.6431560516357422,0.0027332499157637358,0.0,0.2146320343017578
256,guidance_0_capability_0_safety_0,1,0.25065429486858193,92,0.2125,0.0,0.25,0,105,0,0,-0.0012372182682156563,13.136324882507324,1.6303828954696655,0.004039352759718895,0.0,0.21667252480983734
257,guidance_0_capability_0_safety_0,1,0.14030273231037427,92,0.48875,0.0,0.375,0,361,0,0,-0.0006450678920373321,2.1138153076171875,1.6092708110809326,0.0033704829402267933,0.0,0.2203262746334076
258,guidance_0_capability_0_safety_0,1,0.05856445161043666,92,0.621875,0.0,0.625,0,617,0,0,-0.003211110830307007,1.9615254402160645,1.605224609375,0.0015434583183377981,0.0,0.22657343745231628
259,guidance_0_capability_0_safety_0,1,-0.017529297139844857,92,0.67375,0.0,0.625,0,873,0,0,-0.000819507404230535,1.3203644752502441,1.6065458059310913,-0.0014147976180538535,0.0,0.2285274714231491
260,guidance_0_capability_0_safety_0,1,0.12146484382537892,93,0.21625,0.0,0.25,0,154,0,0,0.0006691794842481613,3.1382546424865723,1.6047725677490234,0.0013503374066203833,0.0,0.2359676957130432
261,guidance_0_capability_0_safety_0,1,0.06308593616995495,93,0.36,0.0,0.5,0,410,0,0,-0.0021442435681819916,3.8634085655212402,1.5922813415527344,0.0005344945238903165,0.0,0.2313598394393921
262,guidance_0_capability_0_safety_0,1,-0.041699218898429535,93,0.36375,0.0,0.5,0,666,0,0,-0.0018787439912557602,0.7009234428405762,1.5875749588012695,0.000567057344596833,0.0,0.2283281534910202
263,guidance_0_capability_0_safety_0,1,-0.01196289098879788,93,0.415,0.0,0.5,0,922,0,0,-0.001881268573924899,1.3511191606521606,1.603707194328308,0.00024539598962292075,0.0,0.2304149568080902
264,guidance_0_capability_0_safety_0,1,0.13758789109124336,95,0.293125,0.0,0.375,0,226,0,0,-0.00024200107145588845,12.04781436920166,1.6075223684310913,0.0003129226970486343,0.0,0.22453078627586365
265,guidance_0_capability_0_safety_0,1,0.07124999973166268,95,0.459375,0.0,0.5,0,482,0,0,-0.00470526609569788,1.494614839553833,1.5916365385055542,0.002802823204547167,0.0,0.23617184162139893
266,guidance_0_capability_0_safety_0,1,0.018740233397693373,95,0.540625,0.0,0.625,0,738,0,0,-0.002594294724985957,2.4140260219573975,1.6114435195922852,0.0027205839287489653,0.0,0.22670242190361023
267,guidance_0_capability_0_safety_0,1,0.0048144526008400135,96,0.066875,0.0,0.125,0,71,0,0,-0.005713650491088629,1.4652376174926758,1.6212763786315918,0.004879551008343697,0.0,0.21414810419082642
268,guidance_0_capability_0_safety_0,1,0.11648437445546733,96,0.298125,0.0,0.25,0,327,0,0,-0.0006648479029536247,3.150517463684082,1.6080831289291382,0.0015076620038598776,0.0,0.2217603325843811
269,guidance_0_capability_0_safety_0,1,0.005947264740825631,96,0.375625,0.0,0.25,0,583,0,0,-0.0007263242150656879,0.9088226556777954,1.5702279806137085,0.0017834508325904608,0.0,0.23285216093063354
270,guidance_0_capability_0_safety_0,1,0.06355468722176738,96,0.488125,0.0,0.625,0,839,0,0,-0.002240631263703108,7.409524917602539,1.5533088445663452,0.0006828027544543147,0.0,0.237552210688591
271,guidance_0_capability_0_safety_0,1,0.10321288727573119,97,0.1575,0.0,0.375,0,95,0,0,-0.00010829202074091882,4.468566417694092,1.5505304336547852,0.0006882426096126437,0.0,0.23862628638744354
272,guidance_0_capability_0_safety_0,1,0.07161132774490397,97,0.27375,0.0,0.75,0,351,0,0,-0.0008103832369670272,3.2490556240081787,1.5556434392929077,0.00017584674060344696,0.0,0.2390824258327484
273,guidance_0_capability_0_safety_0,1,0.0206933595945884,97,0.365,0.0,0.75,0,607,0,0,-0.0004270586068741977,1.0780969858169556,1.5484819412231445,-4.072627052664757e-05,0.0,0.2411872148513794
274,guidance_0_capability_0_safety_0,1,0.19173828011844307,97,0.72,0.0,0.875,0,863,0,0,-0.0005271431873552501,10.743173599243164,1.550861120223999,0.0010371999815106392,0.0,0.23741579055786133
275,guidance_0_capability_0_safety_0,1,0.11227539001993136,98,0.13875,0.0,0.0,0,119,0,0,-0.0016256788512691855,3.3034627437591553,1.5270512104034424,0.0005342296208254993,0.0,0.25443604588508606
276,guidance_0_capability_0_safety_0,1,0.11284179778886028,98,0.366875,0.0,0.125,0,375,0,0,-0.0013876333832740784,3.1610097885131836,1.4821184873580933,0.0022763521410524845,0.0,0.26818856596946716
277,guidance_0_capability_0_safety_0,1,-0.017666016254224814,98,0.405,0.0,0.125,0,631,0,0,0.000568325340282172,1.4502754211425781,1.4744312763214111,0.000912892515771091,0.0,0.26696592569351196
278,guidance_0_capability_0_safety_0,1,-0.0009375008085044101,98,0.46875,0.0,0.125,0,887,0,0,-0.0033070179633796215,1.4229170083999634,1.4945802688598633,0.0007943750242702663,0.0,0.26560360193252563
279,guidance_0_capability_0_safety_0,1,0.1881542971568706,99,0.16625,0.0,0.125,0,143,0,0,-0.0006003165617585182,6.042721271514893,1.5461523532867432,0.002886317204684019,0.0,0.2435557097196579
280,guidance_0_capability_0_safety_0,1,0.1922949212967069,99,0.4575,0.0,0.625,0,399,0,0,-0.0009156763553619385,7.200550079345703,1.5441234111785889,-0.0001713973470032215,0.0,0.24490444362163544
281,guidance_0_capability_0_safety_0,1,0.03274413995677605,99,0.57625,0.0,0.625,0,655,0,0,-0.00232205493375659,1.6140626668930054,1.552665114402771,-4.030267518828623e-05,0.0,0.2488853931427002
282,guidance_0_capability_0_safety_0,1,0.06667968590409146,99,0.720625,0.0,0.75,0,911,0,0,-0.001354709966108203,1.881047248840332,1.5982999801635742,-0.0003876493719872087,0.0,0.22665417194366455
283,guidance_0_capability_0_safety_0,1,0.06510742156388005,103,0.216875,0.0,0.125,0,122,0,0,-0.001624610275030136,32.59259796142578,1.5783345699310303,0.0007745253387838602,0.0,0.23587238788604736
284,guidance_0_capability_0_safety_0,1,0.17991210745822173,103,0.495625,0.0,0.625,0,378,0,0,-5.161048466106877e-05,5.782599449157715,1.57358717918396,-0.0005114356754347682,0.0,0.2361569106578827
285,guidance_0_capability_0_safety_0,1,0.048945311707939254,103,0.610625,0.0,0.75,0,634,0,0,-3.915838897228241e-05,2.000082015991211,1.5934200286865234,-0.000845530244987458,0.0,0.22427164018154144
286,guidance_0_capability_0_safety_0,1,-0.00779296923064976,103,0.66,0.0,0.75,0,890,0,0,-0.0009842924773693085,0.43600142002105713,1.6171083450317383,0.00015704303223174065,0.0,0.21834728121757507
287,guidance_0_capability_0_safety_0,1,0.19769531265774276,104,0.308125,0.0,0.5,0,146,0,0,-0.0008494990761391819,10.426671028137207,1.5808894634246826,-0.00015197850007098168,0.0,0.2437867373228073
288,guidance_0_capability_0_safety_0,1,0.08886718736903276,104,0.49875,0.0,0.625,0,402,0,0,-0.005567030515521765,2.7925963401794434,1.5939973592758179,0.0031730271875858307,0.0,0.2261400818824768
289,guidance_0_capability_0_safety_0,1,-0.029384766035946086,104,0.519375,0.0,0.625,0,658,0,0,-0.0005432106554508209,1.2312462329864502,1.6195008754730225,-0.0002538934350013733,0.0,0.21621082723140717
290,guidance_0_capability_0_safety_0,1,0.12264648237032816,104,0.745625,0.0,0.875,0,914,0,0,-0.00023920461535453796,6.0629143714904785,1.6201539039611816,0.0021896841935813427,0.0,0.223229318857193
291,guidance_0_capability_0_safety_0,1,0.15030273320007836,106,0.250625,0.0,0.25,0,166,0,0,-0.0019075933378189802,9.121939659118652,1.6177473068237305,-0.0006073159165680408,0.0,0.22065827250480652
292,guidance_0_capability_0_safety_0,1,0.12429687527765054,106,0.466875,0.0,0.5,0,422,0,0,-0.0003168008697684854,1.8850191831588745,1.626241683959961,0.00037588179111480713,0.0,0.21242722868919373
293,guidance_0_capability_0_safety_0,1,-0.003251953537983354,106,0.520625,0.0,0.5,0,678,0,0,-0.00031912451959215105,2.4423179626464844,1.6250388622283936,0.0012232069857418537,0.0,0.21816585958003998
294,guidance_0_capability_0_safety_0,1,-0.01492187488838681,106,0.555625,0.0,0.5,0,934,0,0,5.302950739860535e-05,1.2417916059494019,1.638933539390564,-0.00010991888120770454,0.0,0.2099968045949936
295,guidance_0_capability_0_safety_0,1,0.13908202865786734,108,0.28,0.0,0.125,0,166,0,0,-0.002085084794089198,13.013198852539062,1.609601378440857,0.0005448003066703677,0.0,0.22144436836242676
296,guidance_0_capability_0_safety_0,1,0.14636718617839506,108,0.540625,0.0,0.5,0,422,0,0,-0.0019218686502426863,4.172110080718994,1.6120507717132568,-0.00011115071538370103,0.0,0.22486484050750732
297,guidance_0_capability_0_safety_0,1,-0.02173828119339305,108,0.549375,0.0,0.5,0,678,0,0,-0.0004017353057861328,2.198269844055176,1.6324326992034912,0.0004952657036483288,0.0,0.21110570430755615
298,guidance_0_capability_0_safety_0,1,-0.013789062471914804,108,0.57125,0.0,0.5,0,934,0,0,-0.0009158806642517447,0.40915918350219727,1.6392202377319336,-0.00031119989580474794,0.0,0.21614128351211548
299,guidance_0_capability_0_safety_0,1,0.1746386704762699,109,0.30625,0.0,0.25,0,190,0,0,-0.0005244550993666053,4.510920524597168,1.6171913146972656,-0.00027731311274692416,0.0,0.2216397523880005
300,guidance_0_capability_0_safety_0,1,0.09841796918044565,109,0.513125,0.0,0.375,0,446,0,0,-0.00107501947786659,2.6961231231689453,1.5978440046310425,4.2912863136734813e-05,0.0,0.23397070169448853
301,guidance_0_capability_0_safety_0,1,0.059677733181160875,109,0.64,0.0,0.625,0,702,0,0,-0.00042980568832717836,2.444396495819092,1.6120071411132812,-0.0004791407845914364,0.0,0.22751939296722412
302,guidance_0_capability_0_safety_0,1,0.07268554557231255,109,0.806875,0.0,0.75,0,958,0,0,-0.0005946435849182308,4.1374382972717285,1.6281269788742065,0.000837871280964464,0.0,0.21950790286064148
303,guidance_0_capability_0_safety_0,1,0.11465820373268798,110,0.196875,0.0,0.25,0,214,0,0,-0.0013842129847034812,3.7842373847961426,1.6133397817611694,0.0010959748178720474,0.0,0.22067224979400635
304,guidance_0_capability_0_safety_0,1,0.1195214841318375,110,0.424375,0.0,0.375,0,470,0,0,-0.001011459855362773,4.401465892791748,1.6176953315734863,0.00047998185618780553,0.0,0.21934768557548523
305,guidance_0_capability_0_safety_0,1,0.1387109354545828,110,0.65875,0.0,0.75,0,726,0,0,-0.0001557764335302636,3.150771141052246,1.6304492950439453,0.000868810573592782,0.0,0.22605662047863007
306,guidance_0_capability_0_safety_0,1,-0.0217480467617861,111,0.060625,0.0,0.0,0,45,0,0,0.00013375903654377908,2.705789089202881,1.6478008031845093,-0.00022811070084571838,0.0,0.2106916606426239
307,guidance_0_capability_0_safety_0,1,0.17182617086655227,111,0.36,0.0,0.25,0,301,0,0,-0.00040118180913850665,5.844088554382324,1.6202735900878906,-0.0003188815899193287,0.0,0.22378644347190857
308,guidance_0_capability_0_safety_0,1,0.13543945307901595,111,0.62625,0.0,0.375,0,557,0,0,-0.0010314404498785734,3.2842600345611572,1.6289409399032593,-0.00013769627548754215,0.0,0.21872705221176147
309,guidance_0_capability_0_safety_0,1,0.03381835875552497,111,0.748125,0.0,0.375,0,813,0,0,-0.00036235712468624115,2.272845506668091,1.6463525295257568,0.0010476266033947468,0.0,0.2129734754562378
310,guidance_0_capability_0_safety_0,1,0.08927734363533091,112,0.188125,0.0,0.125,0,100,0,0,-0.0001602222619112581,3.6127796173095703,1.6435669660568237,0.0005667185178026557,0.0,0.21084508299827576
311,guidance_0_capability_0_safety_0,1,0.10256835712789325,112,0.345,0.0,0.5,0,356,0,0,-0.0010863959323614836,3.3580284118652344,1.6298116445541382,6.002932786941528e-05,0.0,0.21290378272533417
312,guidance_0_capability_0_safety_0,1,-0.022275390820141183,112,0.3575,0.0,0.5,0,612,0,0,0.00032722949981689453,1.5419554710388184,1.6374300718307495,0.00014481678954325616,0.0,0.2129075527191162
313,guidance_0_capability_0_safety_0,1,-0.034169921702414285,112,0.3575,0.0,0.5,0,868,0,0,-0.0012697919737547636,0.660118579864502,1.6468017101287842,0.00027435459196567535,0.0,0.21284636855125427
314,guidance_0_capability_0_safety_0,1,0.1560839817757369,113,0.18,0.0,0.25,0,124,0,0,2.5432556867599487e-05,8.891897201538086,1.6283323764801025,-0.00042968615889549255,0.0,0.21910761296749115
315,guidance_0_capability_0_safety_0,1,0.07041015596769284,113,0.344375,0.0,0.25,0,380,0,0,-0.0019036829471588135,2.3048276901245117,1.6161750555038452,0.00014809767890255898,0.0,0.21821177005767822
316,guidance_0_capability_0_safety_0,1,0.02600585902837338,113,0.43375,0.0,0.375,0,636,0,0,0.00054129958152771,2.254586696624756,1.6246131658554077,-0.000563577632419765,0.0,0.21444395184516907
317,guidance_0_capability_0_safety_0,1,0.14796874824969564,113,0.701875,0.0,0.625,0,892,0,0,0.0008220679010264575,10.7962646484375,1.6230897903442383,-0.0002303916699020192,0.0,0.22626112401485443
318,guidance_0_capability_0_safety_0,1,0.10259765547380084,114,0.215,0.0,0.125,0,148,0,0,-0.0009051011875271797,2.582210063934326,1.614896535873413,-0.0004529794096015394,0.0,0.22711428999900818
319,guidance_0_capability_0_safety_0,1,0.0008203125034924597,114,0.285,0.0,0.125,0,404,0,0,4.9155205488204956e-05,3.961625099182129,1.6069788932800293,-0.00023631550720892847,0.0,0.2301088273525238
320,guidance_0_capability_0_safety_0,1,0.21200195133133093,114,0.63125,0.0,0.5,0,660,0,0,-0.0009387899190187454,10.103805541992188,1.6151235103607178,0.0002773012383840978,0.0,0.22382144629955292
321,guidance_0_capability_0_safety_0,1,0.009443359664146556,114,0.680625,0.0,0.625,0,916,0,0,-0.0018084626644849777,1.005315899848938,1.629070520401001,-2.8669990570051596e-05,0.0,0.21698419749736786
322,guidance_0_capability_0_safety_0,1,0.13757812314725015,115,0.23,0.0,0.25,0,172,0,0,-0.0023298959713429213,4.780205726623535,1.596861720085144,0.0008553750813007355,0.0,0.22394172847270966
323,guidance_0_capability_0_safety_0,1,-0.019121093457215466,115,0.258125,0.0,0.25,0,428,0,0,-0.000499628484249115,4.697882175445557,1.5893306732177734,0.0010282289003953338,0.0,0.2267099916934967
324,guidance_0_capability_0_safety_0,1,0.1585644519800553,115,0.54375,0.0,0.5,0,684,0,0,-0.0008726803353056312,3.9955217838287354,1.5841529369354248,3.142980858683586e-05,0.0,0.23280861973762512
325,guidance_0_capability_0_safety_0,1,-0.014492187954601832,115,0.59,0.0,0.5,0,940,0,0,-0.0006659229984506965,1.5758196115493774,1.5799064636230469,-0.00014549493789672852,0.0,0.2411738634109497
326,guidance_0_capability_0_safety_0,1,0.0976953119825339,116,0.22375,0.0,0.0,0,196,0,0,-0.0022255433723330498,3.2228033542633057,1.5506210327148438,0.00040204933611676097,0.0,0.24206875264644623
327,guidance_0_capability_0_safety_0,1,0.04291015559283551,116,0.343125,0.0,0.125,0,452,0,0,0.0014772440772503614,2.575377941131592,1.539554476737976,-0.0002753239532466978,0.0,0.25008127093315125
328,guidance_0_capability_0_safety_0,1,0.15841796809399966,116,0.635625,0.0,0.25,0,708,0,0,0.00023285641509573907,6.211289405822754,1.5662076473236084,-0.00013987766578793526,0.0,0.2399362027645111
329,guidance_0_capability_0_safety_0,1,-0.007060546966386028,116,0.69375,0.0,0.25,0,964,0,0,-0.001497784978710115,0.6216232180595398,1.5618647336959839,-0.00036939792335033417,0.0,0.24452409148216248
330,guidance_0_capability_0_safety_0,1,0.1612890613178024,117,0.299375,0.0,0.375,0,220,0,0,-0.00021443206060212106,5.857648849487305,1.5317553281784058,0.0007833461277186871,0.0,0.2396118938922882
331,guidance_0_capability_0_safety_0,1,0.0566406245197868,117,0.459375,0.0,0.375,0,476,0,0,-0.003628397826105356,1.8391730785369873,1.5299209356307983,-0.0009345839498564601,0.0,0.25545841455459595
332,guidance_0_capability_0_safety_0,1,0.031035156371217454,117,0.54375,0.0,0.5,0,732,0,0,-0.000683718710206449,1.5589115619659424,1.5424140691757202,-0.00144374486990273,0.0,0.2442622184753418
333,guidance_0_capability_0_safety_0,1,-0.029101562686264515,117,0.55625,0.0,0.5,0,988,0,0,-0.0011057860683649778,0.4142787456512451,1.534576416015625,0.0014222112949937582,0.0,0.24325671792030334
334,guidance_0_capability_0_safety_0,1,0.17567382601555437,118,0.315,0.0,0.375,0,244,0,0,-0.0011586423497647047,4.859735012054443,1.4787778854370117,0.0005460738902911544,0.0,0.26004838943481445
335,guidance_0_capability_0_safety_0,1,0.08212890560389496,118,0.48125,0.0,0.5,0,500,0,0,-3.100031608482823e-05,2.0811915397644043,1.4881858825683594,-0.0013910508714616299,0.0,0.26094576716423035
336,guidance_0_capability_0_safety_0,1,0.046933593752328306,118,0.585625,0.0,0.625,0,756,0,0,-0.0010957176564261317,2.899036407470703,1.4906600713729858,-0.0002401381207164377,0.0,0.2588338255882263
337,guidance_0_capability_0_safety_0,1,-0.025068359722354217,119,0.018125,0.0,0.0,0,12,0,0,-0.0017109948676079512,0.8289937973022461,1.4942302703857422,-0.0003753624332603067,0.0,0.26195237040519714
338,guidance_0_capability_0_safety_0,1,0.15211914054088993,119,0.285625,0.0,0.25,0,268,0,0,-7.120892405509949e-06,4.324934959411621,1.4314674139022827,0.0005227524670772254,0.0,0.27786320447921753
339,guidance_0_capability_0_safety_0,1,-0.03805664097308181,119,0.293125,0.0,0.25,0,524,0,0,-0.00020777124154847115,1.5503449440002441,1.4379805326461792,0.00024646957172080874,0.0,0.2786254286766052
340,guidance_0_capability_0_safety_0,1,0.09908203047234565,119,0.501875,0.0,0.375,0,780,0,0,-0.0009577808668836951,3.6510910987854004,1.465814471244812,-0.000177798792719841,0.0,0.2635193467140198
341,guidance_0_capability_0_safety_0,1,0.09131835867083282,120,0.044375,0.0,0.0,0,36,0,0,6.872633093735203e-05,3.6744813919067383,1.475346326828003,-0.0002859143423847854,0.0,0.267015278339386
342,guidance_0_capability_0_safety_0,1,0.15197265514871106,120,0.304375,0.0,0.25,0,292,0,0,-0.0012325079878792167,4.192451477050781,1.4531621932983398,-0.0005166413029655814,0.0,0.27057766914367676
343,guidance_0_capability_0_safety_0,1,0.13054687398835085,120,0.563125,0.0,0.375,0,548,0,0,-0.001140662468969822,3.9896247386932373,1.463026762008667,-0.0006777181988582015,0.0,0.264876127243042
344,guidance_0_capability_0_safety_0,1,-0.006269531571888365,120,0.621875,0.0,0.375,0,804,0,0,-0.0006613036384806037,2.2494382858276367,1.4736385345458984,0.0009499180014245212,0.0,0.2639474868774414
345,guidance_0_capability_0_safety_0,1,0.022656248842395144,121,0.07875,0.0,0.0,0,60,0,0,-0.001558402320370078,1.2512348890304565,1.492154836654663,4.595518112182617e-05,0.0,0.25993871688842773
346,guidance_0_capability_0_safety_0,1,0.16973632731242105,121,0.374375,0.0,0.25,0,316,0,0,-0.00047041321522556245,4.272217750549316,1.4665021896362305,-0.0008181645534932613,0.0,0.2642415761947632
347,guidance_0_capability_0_safety_0,1,0.09967773087555543,121,0.565,0.0,0.5,0,572,0,0,-0.000796034000813961,3.6215980052948,1.5128881931304932,-0.0007518348284065723,0.0,0.24972346425056458
348,guidance_0_capability_0_safety_0,1,0.06114257804802037,121,0.70375,0.0,0.625,0,828,0,0,-0.002559105632826686,1.6769367456436157,1.5333117246627808,0.00037613947642967105,0.0,0.24364201724529266
349,guidance_0_capability_0_safety_0,1,0.006640624749707058,122,0.06125,0.0,0.0,0,84,0,0,-0.001164243440143764,1.119213581085205,1.5241360664367676,0.000719582661986351,0.0,0.2517566382884979
350,guidance_0_capability_0_safety_0,1,0.14325195234414423,122,0.304375,0.0,0.25,0,340,0,0,-2.8744030714733526e-05,4.005506992340088,1.5161168575286865,0.0016717201797291636,0.0,0.24652919173240662
351,guidance_0_capability_0_safety_0,1,0.06271484324315679,122,0.448125,0.0,0.375,0,596,0,0,-0.0015684112440794706,3.8338985443115234,1.5359138250350952,-8.44762398628518e-05,0.0,0.2473057508468628
352,guidance_0_capability_0_safety_0,1,0.04200195342855295,122,0.554375,0.0,0.5,0,852,0,0,-0.0021002895664423704,2.947232961654663,1.5440220832824707,0.001712988130748272,0.0,0.24295660853385925
353,guidance_0_capability_0_safety_0,1,0.13488281295940396,123,0.211875,0.0,0.25,0,108,0,0,-0.0006854509701952338,5.414057731628418,1.5254920721054077,-0.0001774197444319725,0.0,0.24854159355163574
354,guidance_0_capability_0_safety_0,1,0.10861327876045834,123,0.41625,0.0,0.5,0,364,0,0,0.00020050273451488465,5.217978000640869,1.5143213272094727,0.0002605904301162809,0.0,0.2598731219768524
355,guidance_0_capability_0_safety_0,1,0.04380859317097929,123,0.546875,0.0,0.5,0,620,0,0,-0.0011139493435621262,1.1969515085220337,1.5099961757659912,-0.0005267476662993431,0.0,0.25750958919525146
356,guidance_0_capability_0_safety_0,1,0.12251953175291419,123,0.77375,0.0,0.75,0,876,0,0,-0.0005588968051597476,6.9256815910339355,1.5442650318145752,1.8167465896112844e-05,0.0,0.247548446059227
357,guidance_0_capability_0_safety_0,1,0.10597656163008651,125,0.2125,0.0,0.25,0,170,0,0,-0.00014607174671255052,10.13692855834961,1.5081095695495605,0.00027472060173749924,0.0,0.25277644395828247
358,guidance_0_capability_0_safety_0,1,0.10517577931750566,125,0.393125,0.0,0.625,0,426,0,0,-0.0016891686245799065,1.3611171245574951,1.5255823135375977,0.0006661874940618873,0.0,0.2523510456085205
359,guidance_0_capability_0_safety_0,1,0.022851561981951818,125,0.498125,0.0,0.625,0,682,0,0,-0.0014024830888956785,1.550607681274414,1.5329350233078003,0.00026241037994623184,0.0,0.2478858083486557
360,guidance_0_capability_0_safety_0,1,0.07622070335855824,125,0.660625,0.0,0.75,0,938,0,0,0.0012471077498048544,2.9482648372650146,1.5496506690979004,0.0004213494248688221,0.0,0.24208329617977142
361,guidance_0_capability_0_safety_0,1,0.1248144538330962,126,0.2425,0.0,0.25,0,216,0,0,-0.0016598928486928344,3.944762945175171,1.4971694946289062,-0.00017167627811431885,0.0,0.2606423795223236
362,guidance_0_capability_0_safety_0,1,0.13984374910069164,126,0.515625,0.0,0.375,0,472,0,0,-0.0005324363592080772,2.6646125316619873,1.5264487266540527,0.0011147146578878164,0.0,0.2506747841835022
363,guidance_0_capability_0_safety_0,1,0.12570312405296136,126,0.748125,0.0,0.625,0,728,0,0,0.0002487364108674228,6.422365188598633,1.53856360912323,0.00029995106160640717,0.0,0.25009122490882874
364,guidance_0_capability_0_safety_0,1,0.056835937404684955,126,0.856875,0.0,0.875,0,984,0,0,-0.00016951188445091248,2.2387845516204834,1.544677734375,-0.00025260247639380395,0.0,0.2394624948501587
365,guidance_0_capability_0_safety_0,1,0.08939453037601197,127,0.17875,0.0,0.125,0,240,0,0,9.156065061688423e-05,3.2284696102142334,1.5124996900558472,0.0002525082672946155,0.0,0.24345344305038452
366,guidance_0_capability_0_safety_0,1,0.22230468697671313,127,0.500625,0.0,0.75,0,496,0,0,0.0002902218548115343,8.264933586120605,1.5193027257919312,-0.0003208252601325512,0.0,0.2545942962169647
367,guidance_0_capability_0_safety_0,1,0.060244138876441866,127,0.64625,0.0,0.875,0,752,0,0,-0.0009322284604422748,2.6277730464935303,1.539284586906433,0.0007304266910068691,0.0,0.2487015575170517
368,guidance_0_capability_0_safety_0,1,-0.019824219121801434,129,0.04,0.0,0.0,0,29,0,0,-0.0013935926835983992,7.552554130554199,1.5346359014511108,0.00026735494611784816,0.0,0.24434348940849304
369,guidance_0_capability_0_safety_0,1,0.2647949189558858,129,0.4525,0.0,0.5,0,285,0,0,-0.00025456896401010454,7.001960754394531,1.4954519271850586,0.0009249906870536506,0.0,0.25892776250839233
370,guidance_0_capability_0_safety_0,1,0.06629882719062152,129,0.5925,0.0,0.625,0,541,0,0,-0.0002716484887059778,3.2725863456726074,1.5140255689620972,0.00013174334890209138,0.0,0.2518331706523895
371,guidance_0_capability_0_safety_0,1,-0.01542968806825229,129,0.6075,0.0,0.75,0,797,0,0,8.843715477269143e-05,1.3242799043655396,1.5302369594573975,0.00012447561312001199,0.0,0.2395070195198059
372,guidance_0_capability_0_safety_0,1,0.11217773333919467,130,0.0725,0.0,0.0,0,53,0,0,-0.0002555906248744577,4.0003767013549805,1.515378475189209,-3.759143874049187e-05,0.0,0.25207003951072693
373,guidance_0_capability_0_safety_0,1,0.1396777337649837,130,0.30625,0.0,0.25,0,309,0,0,-0.0026483885012567043,6.298351287841797,1.4999501705169678,0.0014449639711529016,0.0,0.25728917121887207
374,guidance_0_capability_0_safety_0,1,0.011972655716817826,130,0.37,0.0,0.25,0,565,0,0,-0.002893878845497966,3.155003070831299,1.5124491453170776,-0.00046697151265107095,0.0,0.2522141635417938
375,guidance_0_capability_0_safety_0,1,0.08190429635578766,130,0.549375,0.0,0.375,0,821,0,0,-0.0019338044803589582,2.235415458679199,1.5304863452911377,-0.00025367442867718637,0.0,0.2490358203649521
376,guidance_0_capability_0_safety_0,1,0.11375976427007117,131,0.174375,0.0,0.125,0,90,0,0,-0.0014661162858828902,2.853837490081787,1.5265830755233765,-0.0005815667100250721,0.0,0.24920198321342468
377,guidance_0_capability_0_safety_0,1,0.17978515464346856,131,0.486875,0.0,0.375,0,346,0,0,-0.000294550321996212,2.9859282970428467,1.515655755996704,-0.0007969541475176811,0.0,0.25471845269203186
378,guidance_0_capability_0_safety_0,1,-0.013183593942812877,131,0.508125,0.0,0.375,0,602,0,0,7.642991840839386e-05,3.2027902603149414,1.497309684753418,-0.0001103912218241021,0.0,0.25650784373283386
379,guidance_0_capability_0_safety_0,1,0.005908202801947482,131,0.556875,0.0,0.5,0,858,0,0,-0.0014525165315717459,2.190591335296631,1.4993805885314941,0.00033655608422122896,0.0,0.25506865978240967
380,guidance_0_capability_0_safety_0,1,0.10678710826323368,132,0.151875,0.0,0.0,0,114,0,0,-0.002878646133467555,1.9297525882720947,1.4947789907455444,0.0009987351950258017,0.0,0.26049041748046875
381,guidance_0_capability_0_safety_0,1,0.12239257582405116,132,0.3475,0.0,0.375,0,370,0,0,-0.004232276231050491,5.073736190795898,1.4968411922454834,0.0023838230408728123,0.0,0.256865918636322
382,guidance_0_capability_0_safety_0,1,0.022187499605934136,132,0.44,0.0,0.375,0,626,0,0,-0.001216615317389369,2.3448543548583984,1.4908288717269897,1.951136437128298e-05,0.0,0.25709864497184753
383,guidance_0_capability_0_safety_0,1,0.15926757556735538,132,0.7025,0.0,0.75,0,882,0,0,0.00041608884930610657,8.8159818649292,1.5063161849975586,0.0021046774927526712,0.0,0.25658655166625977
384,guidance_0_capability_0_safety_0,1,0.19901366863632575,133,0.31625,0.0,0.375,0,195,0,0,-0.00014734393334947526,6.070147514343262,1.461056113243103,0.0005317676695995033,0.0,0.271098256111145
385,guidance_0_capability_0_safety_0,1,0.09851562248513801,133,0.51125,0.0,0.5,0,451,0,0,-0.0016072753351181746,3.243579626083374,1.4639909267425537,-0.0005750566488131881,0.0,0.26498574018478394
386,guidance_0_capability_0_safety_0,1,0.08315429618960479,133,0.69,0.0,0.625,0,707,0,0,-0.0010156845673918724,3.478652238845825,1.500563621520996,0.0005408264696598053,0.0,0.25740620493888855
387,guidance_0_capability_0_safety_0,1,0.034804685950803105,133,0.783125,0.0,0.75,0,963,0,0,-0.0014215894043445587,2.313211441040039,1.4950778484344482,-0.00018652933067642152,0.0,0.26087242364883423
388,guidance_0_capability_0_safety_0,1,0.1936425771782524,134,0.304375,0.0,0.5,0,250,0,0,-0.00012329345918260515,7.43597936630249,1.4423307180404663,-0.0005354016902856529,0.0,0.28172004222869873
389,guidance_0_capability_0_safety_0,1,0.08925781180732884,134,0.508125,0.0,0.5,0,506,0,0,-0.0018266486003994942,2.384644031524658,1.4762358665466309,0.00168927654158324,0.0,0.2629625201225281
390,guidance_0_capability_0_safety_0,1,0.05182616971433163,134,0.6225,0.0,0.75,0,762,0,0,-0.0035095452331006527,2.1142654418945312,1.485114336013794,0.0017273410921916366,0.0,0.26692885160446167
391,guidance_0_capability_0_safety_0,1,0.02060546796565177,135,0.04,0.0,0.125,0,18,0,0,0.00018096715211868286,0.9731184244155884,1.490060567855835,0.0002468475140631199,0.0,0.2680411636829376
392,guidance_0_capability_0_safety_0,1,0.16405273414420662,135,0.35,0.0,0.25,0,274,0,0,-0.0019866556394845247,5.170447826385498,1.4224380254745483,-0.0005701567861251533,0.0,0.29253214597702026
393,guidance_0_capability_0_safety_0,1,0.12733398257842055,135,0.579375,0.0,0.5,0,530,0,0,-0.00035788770765066147,5.058686256408691,1.4435175657272339,0.0014556553214788437,0.0,0.27413490414619446
394,guidance_0_capability_0_safety_0,1,0.055234374580322765,135,0.699375,0.0,0.75,0,786,0,0,-0.0007739275461062789,2.7123188972473145,1.4432101249694824,-0.0005884626880288124,0.0,0.28501075506210327
395,guidance_0_capability_0_safety_0,1,0.06476562340685632,136,0.089375,0.0,0.0,0,42,0,0,-0.0010570026934146881,2.6007237434387207,1.4420549869537354,0.0017723188502714038,0.0,0.2861577570438385
396,guidance_0_capability_0_safety_0,1,0.22360351236420684,136,0.43875,0.0,0.5,0,298,0,0,0.000636868819128722,4.350198745727539,1.424508810043335,0.00025417283177375793,0.0,0.2953730821609497
397,guidance_0_capability_0_safety_0,1,0.11117187311174348,136,0.648125,0.0,0.75,0,554,0,0,-0.0029166857711970806,2.6406660079956055,1.419353723526001,-0.00010683884465834126,0.0,0.2876826226711273
398,guidance_0_capability_0_safety_0,1,0.010351562435971573,136,0.715,0.0,0.875,0,810,0,0,-0.0017001883825287223,1.3723487854003906,1.4194846153259277,0.00037737423554062843,0.0,0.28637734055519104
399,guidance_0_capability_0_safety_0,1,0.05393554549664259,137,0.08375,0.0,0.0,0,66,0,0,-0.004320576321333647,1.1439003944396973,1.3583024740219116,0.005040734075009823,0.0,0.29877910017967224
400,guidance_0_capability_0_safety_0,1,0.056904296259745024,137,0.244375,0.0,0.0,0,322,0,0,-0.0024994518607854843,3.5393311977386475,1.3085764646530151,0.0006396148237399757,0.0,0.3263076841831207
401,guidance_0_capability_0_safety_0,1,0.10515624856634531,137,0.445,0.0,0.25,0,578,0,0,-0.0018851461354643106,6.277163028717041,1.3197433948516846,0.0005220164312049747,0.0,0.32345160841941833
402,guidance_0_capability_0_safety_0,1,0.12346679477195721,137,0.673125,0.0,0.5,0,834,0,0,-0.0002179369330406189,2.749875068664551,1.3010177612304688,0.0011921306140720844,0.0,0.3295912444591522
403,guidance_0_capability_0_safety_0,1,0.19215819936653133,138,0.1825,0.0,0.5,0,90,0,0,-0.00047052372246980667,7.121455192565918,1.2722342014312744,0.000832463032566011,0.0,0.3417147994041443
404,guidance_0_capability_0_safety_0,1,0.04740234302880708,138,0.328125,0.0,0.5,0,346,0,0,-0.00022493614233098924,3.1525216102600098,1.2748546600341797,0.0001992054021684453,0.0,0.33724042773246765
405,guidance_0_capability_0_safety_0,1,0.04855468642199412,138,0.47625,0.0,0.5,0,602,0,0,-0.000543912872672081,3.4089531898498535,1.2772269248962402,0.0007298041018657386,0.0,0.3368335962295532
406,guidance_0_capability_0_safety_0,1,0.13574218616849976,138,0.73875,0.0,0.625,0,858,0,0,-3.567337989807129e-05,4.8090620040893555,1.2710987329483032,9.816139936447144e-06,0.0,0.3470451235771179
407,guidance_0_capability_0_safety_0,1,0.08450195125624305,139,0.16875,0.0,0.25,0,114,0,0,-0.0011034779017791152,1.776047706604004,1.244713544845581,0.0008950835908763111,0.0,0.35958433151245117
408,guidance_0_capability_0_safety_0,1,0.11892577930120751,139,0.390625,0.0,0.5,0,370,0,0,-0.008747967891395092,5.618815898895264,1.250697135925293,0.0050690933130681515,0.0,0.3553578555583954
409,guidance_0_capability_0_safety_0,1,0.13607421732740477,139,0.63125,0.0,0.75,0,626,0,0,4.0104612708091736e-05,4.922629356384277,1.3167362213134766,0.004577415995299816,0.0,0.3323705792427063
410,guidance_0_capability_0_safety_0,1,0.020859374169958755,139,0.720625,0.0,0.75,0,882,0,0,-0.0019368294160813093,0.8820158243179321,1.3178746700286865,0.0014492552727460861,0.0,0.3345491886138916
411,guidance_0_capability_0_safety_0,1,0.09113281058671419,140,0.164375,0.0,0.125,0,138,0,0,-0.0028566287364810705,2.526589870452881,1.2883269786834717,0.0007540046935901046,0.0,0.34497687220573425
412,guidance_0_capability_0_safety_0,1,0.16310546753084054,140,0.455625,0.0,0.375,0,394,0,0,-0.003912477754056454,2.7593765258789062,1.3379828929901123,-0.0010097946505993605,0.0,0.3263551592826843
413,guidance_0_capability_0_safety_0,1,-0.0026953126034641173,140,0.478125,0.0,0.5,0,650,0,0,0.001914365915581584,3.410390853881836,1.378084659576416,-0.000770962331444025,0.0,0.3073224127292633
414,guidance_0_capability_0_safety_0,1,-0.007558594101283234,140,0.52625,0.0,0.5,0,906,0,0,0.0004140964592806995,1.1433680057525635,1.3907517194747925,-0.00021391501650214195,0.0,0.30803999304771423
415,guidance_0_capability_0_safety_0,1,0.20340820137425908,141,0.303125,0.0,0.5,0,162,0,0,0.00032315216958522797,6.187911033630371,1.383886694908142,0.0007265759631991386,0.0,0.3136305809020996
416,guidance_0_capability_0_safety_0,1,0.08904296800028533,141,0.515625,0.0,0.5,0,418,0,0,-0.0022380459122359753,2.821671485900879,1.4160828590393066,0.0007598271477036178,0.0,0.3026900887489319
417,guidance_0_capability_0_safety_0,1,0.07152343519919668,141,0.644375,0.0,0.75,0,674,0,0,-0.0019799186848104,0.8763033151626587,1.4266738891601562,-0.00032053142786026,0.0,0.2889164388179779
418,guidance_0_capability_0_safety_0,1,0.0467675769541529,141,0.765625,0.0,0.875,0,930,0,0,-3.174382072756998e-05,1.9906151294708252,1.4526755809783936,-0.00041794375283643603,0.0,0.2798645794391632
419,guidance_0_capability_0_safety_0,1,0.10686523196636699,142,0.1875,0.0,0.25,0,186,0,0,-0.0014139985432848334,3.5887956619262695,1.4290484189987183,-0.00034279594547115266,0.0,0.2880370020866394
420,guidance_0_capability_0_safety_0,1,0.010039062552095857,142,0.258125,0.0,0.25,0,442,0,0,-0.001079955487512052,3.878471851348877,1.4315780401229858,0.0006128669483587146,0.0,0.28645986318588257
421,guidance_0_capability_0_safety_0,1,0.16384765207476448,142,0.510625,0.0,0.75,0,698,0,0,-0.00022605186677537858,7.768109321594238,1.4556560516357422,0.00023206029436551034,0.0,0.28204500675201416
422,guidance_0_capability_0_safety_0,1,-0.004697265896538738,142,0.564375,0.0,0.75,0,954,0,0,-0.001191253773868084,0.5469754934310913,1.4580974578857422,-0.00016950878489296883,0.0,0.2807198166847229
423,guidance_0_capability_0_safety_0,1,0.11064453040307853,144,0.274375,0.0,0.125,0,200,0,0,9.860347199719399e-05,12.62496280670166,1.3966710567474365,-6.0984864830970764e-05,0.0,0.30145081877708435
424,guidance_0_capability_0_safety_0,1,0.08403320211800747,144,0.44625,0.0,0.25,0,456,0,0,-0.0002113782538799569,3.7387547492980957,1.407639980316162,-0.0002580806612968445,0.0,0.3011222779750824
425,guidance_0_capability_0_safety_0,1,0.02862304552400019,144,0.54,0.0,0.375,0,712,0,0,-5.887712904950604e-05,2.571798801422119,1.436031699180603,-0.00013676736853085458,0.0,0.29813438653945923
426,guidance_0_capability_0_safety_0,1,-0.006191406704601832,144,0.59875,0.0,0.375,0,968,0,0,-0.0006698397919535637,1.0445873737335205,1.4404692649841309,-1.5374429494841024e-05,0.0,0.28829053044319153
427,guidance_0_capability_0_safety_0,1,0.10887695294513833,145,0.201875,0.0,0.25,0,224,0,0,-0.002245289972051978,3.0826563835144043,1.3927428722381592,0.0020839720964431763,0.0,0.29917749762535095
428,guidance_0_capability_0_safety_0,1,0.009824217544519342,145,0.24875,0.0,0.5,0,480,0,0,-0.0011070843320339918,2.0910463333129883,1.412097454071045,-0.0003433707170188427,0.0,0.3003835380077362
429,guidance_0_capability_0_safety_0,1,0.26188476198149147,145,0.69375,0.0,0.75,0,736,0,0,0.00037117800093255937,18.410478591918945,1.4106683731079102,-0.00010024927178164944,0.0,0.2965972423553467
430,guidance_0_capability_0_safety_0,1,0.021835937164723873,145,0.79,0.0,0.75,0,992,0,0,-0.00038309520459733903,0.804551899433136,1.420952320098877,-0.0001470698043704033,0.0,0.28771287202835083
431,guidance_0_capability_0_safety_0,1,0.08530273435462732,146,0.136875,0.0,0.375,0,248,0,0,-0.000687462161295116,3.4227654933929443,1.370854377746582,1.9992392481071874e-05,0.0,0.3189283609390259
432,guidance_0_capability_0_safety_0,1,0.13123046821419848,146,0.368125,0.0,0.625,0,504,0,0,-0.0008138725534081459,3.462214469909668,1.372736930847168,0.00020508779562078416,0.0,0.31699514389038086
433,guidance_0_capability_0_safety_0,1,0.04236328004481038,146,0.485,0.0,0.75,0,760,0,0,-0.004527428187429905,2.281574249267578,1.3904666900634766,0.0013137559872120619,0.0,0.3046605587005615
434,guidance_0_capability_0_safety_0,1,0.007119139903807081,147,0.033125,0.0,0.0,0,16,0,0,-0.0025569754652678967,0.49831661581993103,1.3690040111541748,-0.0009601553902029991,0.0,0.3236371874809265
435,guidance_0_capability_0_safety_0,1,0.24792968299880158,147,0.4225,0.0,0.5,0,272,0,0,0.0013377396389842033,6.43247127532959,1.3584141731262207,0.003756114048883319,0.0,0.33759474754333496
436,guidance_0_capability_0_safety_0,1,0.10262695069104666,147,0.616875,0.0,0.75,0,528,0,0,-0.0007753229583613575,2.9189529418945312,1.3797309398651123,0.0014439517399296165,0.0,0.31003716588020325
437,guidance_0_capability_0_safety_0,1,0.03604492150770966,147,0.725,0.0,0.875,0,784,0,0,-0.002205796539783478,1.045867681503296,1.3822230100631714,-0.0013016395969316363,0.0,0.32274970412254333
438,guidance_0_capability_0_safety_0,1,0.10518554503505584,148,0.084375,0.0,0.0,0,40,0,0,-0.0001707629708107561,2.379042148590088,1.3610615730285645,0.0007014998700469732,0.0,0.3292805850505829
439,guidance_0_capability_0_safety_0,1,0.17368163922219537,148,0.43125,0.0,0.0,0,296,0,0,-0.0011863911058753729,2.6230740547180176,1.3446242809295654,0.0019232826307415962,0.0,0.3421260714530945
440,guidance_0_capability_0_safety_0,1,0.07039062447438482,148,0.57375,0.0,0.25,0,552,0,0,-0.0020002182573080063,1.897684097290039,1.4069223403930664,0.0005599069409072399,0.0,0.3190796375274658
441,guidance_0_capability_0_safety_0,1,0.0702734358565067,148,0.70875,0.0,0.5,0,808,0,0,-0.002628247020766139,1.648638129234314,1.454347014427185,0.0003504644555505365,0.0,0.2882481515407562
442,guidance_0_capability_0_safety_0,1,0.1762011701357551,149,0.244375,0.0,0.375,0,113,0,0,0.001126512885093689,5.019508361816406,1.4278329610824585,0.0005247684894129634,0.0,0.30968669056892395
443,guidance_0_capability_0_safety_0,1,0.15502929560170742,149,0.510625,0.0,0.625,0,369,0,0,0.00048727294779382646,3.319477081298828,1.4305369853973389,0.00016194069758057594,0.0,0.2973974943161011
444,guidance_0_capability_0_safety_0,1,0.028867186556453817,149,0.600625,0.0,0.75,0,625,0,0,-0.0014650400262326002,2.479339599609375,1.4437649250030518,-0.001240130397491157,0.0,0.297294020652771
445,guidance_0_capability_0_safety_0,1,0.02512695131372311,149,0.685,0.0,0.875,0,881,0,0,-0.00217835302464664,2.4186904430389404,1.4549802541732788,-0.0011746053351089358,0.0,0.2864762246608734
446,guidance_0_capability_0_safety_0,1,0.12871093524154276,151,0.256875,0.0,0.25,0,131,0,0,0.00035750120878219604,12.016533851623535,1.4134938716888428,-0.0008686191285960376,0.0,0.3093342185020447
447,guidance_0_capability_0_safety_0,1,0.07447265535665792,151,0.43375,0.0,0.25,0,387,0,0,-0.0031239986419677734,2.387099504470825,1.396746039390564,0.002159161027520895,0.0,0.3022010922431946
448,guidance_0_capability_0_safety_0,1,0.05914062301599188,151,0.54625,0.0,0.5,0,643,0,0,-0.0011895510833710432,1.0871467590332031,1.4298005104064941,0.0003595672023948282,0.0,0.30107471346855164
449,guidance_0_capability_0_safety_0,1,-0.007138672339351615,151,0.591875,0.0,0.5,0,899,0,0,-0.000992652028799057,0.8174113035202026,1.4155445098876953,0.0005357025074772537,0.0,0.3111042380332947
450,guidance_0_capability_0_safety_0,1,0.15356445204815827,152,0.214375,0.0,0.0,0,155,0,0,-0.0016185357235372066,5.757260799407959,1.3863099813461304,-0.0002772861043922603,0.0,0.31768256425857544
451,guidance_0_capability_0_safety_0,1,-0.04262695356737822,152,0.214375,0.0,0.0,0,411,0,0,-0.00018961883324664086,6.881266117095947,1.4158432483673096,8.169344800990075e-05,0.0,0.30828821659088135
452,guidance_0_capability_0_safety_0,1,0.027617187151918188,152,0.309375,0.0,0.125,0,667,0,0,-0.0006398266996257007,1.8684134483337402,1.4483556747436523,-0.0012442198349162936,0.0,0.2821788489818573
453,guidance_0_capability_0_safety_0,1,0.00980468672059942,152,0.37625,0.0,0.25,0,923,0,0,-0.0008890032768249512,2.28397536277771,1.4648501873016357,-0.00021621445193886757,0.0,0.28672319650650024
454,guidance_0_capability_0_safety_0,1,0.1505664037904353,153,0.21625,0.0,0.25,0,179,0,0,-0.0024093776009976864,5.805091381072998,1.4372923374176025,-0.0006786755984649062,0.0,0.295524924993515
455,guidance_0_capability_0_safety_0,1,0.09981445196899585,153,0.408125,0.0,0.5,0,435,0,0,-0.0018106380011886358,3.6629672050476074,1.4604542255401611,-0.0005618799477815628,0.0,0.29423829913139343
456,guidance_0_capability_0_safety_0,1,-0.0002539078413974494,153,0.458125,0.0,0.625,0,691,0,0,-0.0016556903719902039,1.5100923776626587,1.4753755331039429,0.0008859659428708255,0.0,0.2930843234062195
457,guidance_0_capability_0_safety_0,1,-0.03092773476964794,153,0.478125,0.0,0.625,0,947,0,0,-0.00340905855409801,0.2092723846435547,1.4875377416610718,2.7754966140491888e-05,0.0,0.28442656993865967
458,guidance_0_capability_0_safety_0,1,0.12700195124489255,154,0.245625,0.0,0.25,0,203,0,0,9.179705375572667e-05,3.6797688007354736,1.4517555236816406,0.0002663523773662746,0.0013020833721384406,0.3166283071041107
459,guidance_0_capability_0_safety_0,1,0.12860351341078058,154,0.445625,0.0,0.75,0,459,0,0,-0.0007595538045279682,6.298320293426514,1.466040849685669,-0.0007543872925452888,0.0,0.2979421615600586
460,guidance_0_capability_0_safety_0,1,0.027568358680582605,154,0.559375,0.0,0.75,0,715,0,0,-0.003942206036299467,2.0236306190490723,1.5121641159057617,0.0005644339835271239,0.0,0.2755642831325531
461,guidance_0_capability_0_safety_0,1,0.12961913911567535,154,0.808125,0.0,0.875,0,971,0,0,-0.0019844635389745235,7.004831790924072,1.5350139141082764,0.0018041019793599844,0.0,0.27039825916290283
462,guidance_0_capability_0_safety_0,1,0.15480468548776116,155,0.26625,0.0,0.125,0,227,0,0,-0.0032497781794518232,4.887444972991943,1.5177786350250244,0.003454511985182762,0.0,0.27155277132987976
463,guidance_0_capability_0_safety_0,1,0.1944433566495718,155,0.56,0.0,0.625,0,483,0,0,0.0010561080416664481,5.571935653686523,1.5513920783996582,0.0029082857072353363,0.0,0.26345956325531006
464,guidance_0_capability_0_safety_0,1,-0.00852539110564976,155,0.595625,0.0,0.625,0,739,0,0,0.00029083341360092163,1.134866714477539,1.5730003118515015,-0.0001473674492444843,0.0,0.23934905230998993
465,guidance_0_capability_0_safety_0,1,0.04992187354218913,155,0.689375,0.0,0.875,0,995,0,0,-0.0006627117982134223,2.5920543670654297,1.5629699230194092,-0.00046484716585837305,0.0,0.2488483488559723
466,guidance_0_capability_0_safety_0,1,0.17359374774969183,156,0.29625,0.0,0.25,0,251,0,0,-0.001037544454447925,5.2978363037109375,1.5339397192001343,0.00016517331823706627,0.0,0.2532970905303955
467,guidance_0_capability_0_safety_0,1,0.04916015630442416,156,0.433125,0.0,0.25,0,507,0,0,-0.0007564875995740294,1.4181642532348633,1.5649659633636475,5.098331530462019e-05,0.0,0.24571511149406433
468,guidance_0_capability_0_safety_0,1,-0.0037597656664729584,156,0.459375,0.0,0.375,0,763,0,0,-0.0008588222553953528,0.9208375215530396,1.564427375793457,0.0011696533765643835,0.0,0.2513394057750702
469,guidance_0_capability_0_safety_0,1,0.0144238281318394,157,0.035,0.0,0.0,0,19,0,0,-0.0033807624131441116,0.46889159083366394,1.5794224739074707,-0.0004826484655495733,0.0,0.23539385199546814
470,guidance_0_capability_0_safety_0,1,0.22022460697917268,157,0.398125,0.0,0.375,0,275,0,0,-0.00016772188246250153,3.273716449737549,1.5926196575164795,-0.0025105117820203304,0.0,0.23083698749542236
471,guidance_0_capability_0_safety_0,1,0.04613281201818609,157,0.51375,0.0,0.5,0,531,0,0,-0.001167338341474533,1.7313436269760132,1.6038835048675537,-0.001039180438965559,0.0,0.23038236796855927
472,guidance_0_capability_0_safety_0,1,0.0261035150688258,157,0.611875,0.0,0.5,0,787,0,0,-0.002168867737054825,1.806826114654541,1.612680196762085,0.0011083261342719197,0.0,0.23155872523784637
473,guidance_0_capability_0_safety_0,1,0.007636718903086148,159,0.055,0.0,0.0,0,23,0,0,-0.0008519770344719291,13.293521881103516,1.6019341945648193,0.002467904705554247,0.0,0.22623954713344574
474,guidance_0_capability_0_safety_0,1,0.2254199210947263,159,0.398125,0.0,0.625,0,279,0,0,-5.6736793339950964e-05,4.512664794921875,1.604417324066162,0.0005853229085914791,0.0,0.23044928908348083
475,guidance_0_capability_0_safety_0,1,0.07523437419877155,159,0.52125,0.0,1.0,0,535,0,0,-0.0009858416160568595,2.51383638381958,1.6090043783187866,0.0010293165687471628,0.0,0.2285192310810089
476,guidance_0_capability_0_safety_0,1,0.03534179639245849,159,0.645625,0.0,1.0,0,791,0,0,-0.002063786145299673,0.8256518840789795,1.6287555694580078,-0.00017069405294023454,0.0,0.22031521797180176
477,guidance_0_capability_0_safety_0,1,0.005117186748975655,160,0.043125,0.0,0.0,0,47,0,0,-0.0028137422632426023,0.9829476475715637,1.6417236328125,0.00435525830835104,0.0,0.21872594952583313
478,guidance_0_capability_0_safety_0,1,0.2549804669470177,160,0.438125,0.0,0.5,0,303,0,0,-0.00038486736593768,7.653926849365234,1.6151151657104492,0.0021252683363854885,0.0,0.22040840983390808
479,guidance_0_capability_0_safety_0,1,0.06826171789725777,160,0.60375,0.0,0.625,0,559,0,0,-0.00021252906299196184,2.1312496662139893,1.6385211944580078,0.0001236915122717619,0.0,0.22018396854400635
480,guidance_0_capability_0_safety_0,1,0.12130859254102688,160,0.829375,0.0,0.875,0,815,0,0,0.00013635090726893395,5.14484977722168,1.6577372550964355,0.00024119624868035316,0.0,0.20902399718761444
481,guidance_0_capability_0_safety_0,1,0.04611328044120455,161,0.1225,0.0,0.125,0,71,0,0,-0.0010376734426245093,1.217187762260437,1.643310546875,-0.00032211802317760885,0.0,0.2223215103149414
482,guidance_0_capability_0_safety_0,1,0.16629882669076324,161,0.414375,0.0,0.375,0,327,0,0,-0.0009871609508991241,1.5269908905029297,1.6386164426803589,6.285061681410298e-05,0.0,0.21376846730709076
483,guidance_0_capability_0_safety_0,1,0.14118163974490017,161,0.665,0.0,0.875,0,583,0,0,-0.0009658898925408721,4.353560447692871,1.6540067195892334,-0.0008001429960131645,0.0,0.2085452377796173
484,guidance_0_capability_0_safety_0,1,0.07565429546230007,161,0.835625,0.0,1.0,0,839,0,0,-0.0009684764663688838,2.287564277648926,1.669238805770874,-0.00022007175721228123,0.0,0.20216870307922363
485,guidance_0_capability_0_safety_0,1,0.06658202902326593,162,0.150625,0.0,0.125,0,95,0,0,-0.0006909333169460297,1.9693435430526733,1.6604325771331787,0.0016424990026280284,0.0,0.20901629328727722
486,guidance_0_capability_0_safety_0,1,0.17106445211538812,162,0.464375,0.0,0.625,0,351,0,0,-0.0018597026355564594,2.642425537109375,1.6588170528411865,-0.0005115775275044143,0.0,0.2091640681028366
487,guidance_0_capability_0_safety_0,1,0.06424804570997367,162,0.68,0.0,0.625,0,607,0,0,0.0005448557203635573,4.621377944946289,1.6675338745117188,0.00031979879713617265,0.0,0.20531271398067474
488,guidance_0_capability_0_safety_0,1,0.05156249973515514,164,0.200625,0.0,0.0,0,97,0,0,9.162848436972126e-05,19.294118881225586,1.6585426330566406,-0.0005052178166806698,0.0,0.20824341475963593
489,guidance_0_capability_0_safety_0,1,0.08755859183293069,165,0.189375,0.0,0.125,0,108,0,0,0.0006269887089729309,17.783802032470703,1.6477030515670776,0.0001938031055033207,0.0,0.2060924470424652
490,guidance_0_capability_0_safety_0,1,0.21632812351890607,167,0.115625,0.0,0.5,0,53,0,0,-0.00018261621880810708,30.843231201171875,1.6449222564697266,-4.993239417672157e-05,0.0,0.21032898128032684
491,guidance_0_capability_0_safety_0,1,0.2215234369796235,170,0.086875,0.0,0.0,0,39,0,0,-0.0005001811077818274,30.68842315673828,1.6372971534729004,-7.932912558317184e-05,0.0,0.2144104689359665
492,guidance_0_capability_0_safety_0,1,0.1472851516737137,171,0.261875,0.0,0.375,0,236,0,0,-0.000930915935896337,16.504161834716797,1.6455209255218506,-6.233062595129013e-05,0.0,0.21050965785980225
493,guidance_0_capability_0_safety_0,1,0.09126952997758053,172,0.31125,0.0,0.0,0,205,0,0,-0.001712219207547605,7.407858371734619,1.6446079015731812,9.653158485889435e-06,0.0,0.21305128931999207
494,guidance_0_capability_0_safety_0,1,0.054052732506534085,172,0.4875,0.0,0.25,0,461,0,0,-0.002601680113002658,2.643869400024414,1.6530570983886719,-0.0011032575275748968,0.0,0.211177796125412
495,guidance_0_capability_0_safety_0,1,0.056249997920531314,172,0.62875,0.0,0.5,0,717,0,0,-0.0019811904057860374,4.772055149078369,1.654447317123413,0.00016108466661535203,0.0,0.208092600107193
496,guidance_0_capability_0_safety_0,1,0.028789060626877472,173,0.1175,0.0,0.0,0,58,0,0,-0.005349715705960989,2.9525389671325684,1.6363270282745361,-0.0010762279853224754,0.0,0.21510404348373413
497,guidance_0_capability_0_safety_0,1,0.17021484275028342,173,0.401875,0.0,0.375,0,314,0,0,0.00020956931984983385,3.857593536376953,1.6140124797821045,-0.000668945605866611,0.0,0.22205105423927307
498,guidance_0_capability_0_safety_0,1,-0.020859375381405698,173,0.44,0.0,0.375,0,570,0,0,-0.0014317259192466736,1.5777924060821533,1.6095530986785889,0.00039713489240966737,0.0,0.2230185568332672
499,guidance_0_capability_0_safety_0,1,0.06089843730296707,173,0.5825,0.0,0.5,0,826,0,0,-0.0010373577242717147,4.029055595397949,1.605107069015503,0.0007044685771688819,0.0,0.2219085544347763
500,guidance_0_capability_0_safety_0,1,0.13323241932084784,174,0.183125,0.0,0.375,0,82,0,0,-0.0005483528366312385,3.810298442840576,1.600702166557312,-0.00085502490401268,0.0,0.2333059310913086
501,guidance_0_capability_0_safety_0,1,0.04460937417752575,174,0.325,0.0,0.375,0,338,0,0,-0.0010592633625492454,1.8818717002868652,1.5854734182357788,0.00016732965013943613,0.0,0.23825637996196747
502,guidance_0_capability_0_safety_0,1,0.0900195298017934,174,0.49,0.0,0.625,0,594,0,0,-0.0006747134029865265,1.3087302446365356,1.5888431072235107,-0.0004224078729748726,0.0,0.23707738518714905
503,guidance_0_capability_0_safety_0,1,0.020292968431022018,174,0.585,0.0,0.625,0,850,0,0,-0.004331621341407299,0.9539636373519897,1.5983245372772217,0.00048397266073152423,0.0,0.2291179597377777
504,guidance_0_capability_0_safety_0,1,0.0873242165253032,175,0.21875,0.0,0.125,0,106,0,0,-0.0025735441595315933,1.4618892669677734,1.597085952758789,0.0035278189461678267,0.0,0.2319335639476776
505,guidance_0_capability_0_safety_0,1,0.12212890566661372,175,0.42,0.0,0.5,0,362,0,0,-0.0015073505928739905,2.0014593601226807,1.5838788747787476,-0.0023107260931283236,0.0,0.23342423141002655
506,guidance_0_capability_0_safety_0,1,0.004335936813731678,175,0.499375,0.0,0.5,0,618,0,0,0.0005173466051928699,1.7768590450286865,1.6025069952011108,0.00018657883629202843,0.0,0.22665826976299286
507,guidance_0_capability_0_safety_0,1,-0.017138671792054083,175,0.53625,0.0,0.5,0,874,0,0,-0.0010708235204219818,0.3521789312362671,1.5922572612762451,-1.5584442735416815e-05,0.0,0.22310742735862732
508,guidance_0_capability_0_safety_0,1,0.07928710797204985,176,0.149375,0.0,0.125,0,130,0,0,-0.004124756902456284,1.446885347366333,1.5623891353607178,0.0015112723922356963,0.0,0.23453807830810547
509,guidance_0_capability_0_safety_0,1,0.016884765009308467,176,0.225625,0.0,0.25,0,386,0,0,-0.003342593088746071,2.208991289138794,1.5458314418792725,0.0017468200530856848,0.0,0.25092610716819763
510,guidance_0_capability_0_safety_0,1,-0.015458984686119948,176,0.25875,0.0,0.25,0,642,0,0,-0.00039377622306346893,0.8877534866333008,1.5523314476013184,-0.0018298582872375846,0.0,0.2486981451511383
511,guidance_0_capability_0_safety_0,1,0.08048828057872015,176,0.436875,0.0,0.5,0,898,0,0,-0.000325499742757529,6.230157852172852,1.5545697212219238,-2.1721547454944812e-05,0.0,0.24341265857219696
512,guidance_0_capability_0_safety_0,1,0.19887695342185907,177,0.2875,0.0,0.5,0,154,0,0,-0.00033073252416215837,7.255029678344727,1.5273866653442383,-0.0001253072841791436,0.0,0.2557300329208374
513,guidance_0_capability_0_safety_0,1,0.05450195260709734,177,0.42,0.0,0.625,0,410,0,0,-0.003226132597774267,1.7509138584136963,1.5091912746429443,-0.0024431864731013775,0.0,0.26953423023223877
514,guidance_0_capability_0_safety_0,1,0.16564452955208253,177,0.700625,0.0,1.0,0,666,0,0,-0.0007647735765203834,8.774575233459473,1.500539779663086,0.0016058788169175386,0.0,0.2644186019897461
515,guidance_0_capability_0_safety_0,1,0.03517578094397322,177,0.8175,0.0,1.0,0,922,0,0,-0.001497040269896388,0.8709238767623901,1.477053165435791,0.002191615989431739,0.0,0.27120164036750793
516,guidance_0_capability_0_safety_0,1,0.13896484556244104,178,0.25625,0.0,0.25,0,178,0,0,-0.0003802170976996422,3.9795570373535156,1.4466159343719482,0.0017436034977436066,0.0,0.2833578288555145
517,guidance_0_capability_0_safety_0,1,0.08985351400042418,178,0.445625,0.0,0.375,0,434,0,0,-0.000222214192035608,2.994711399078369,1.433964729309082,-1.9840121240122244e-05,0.0,0.3005037009716034
518,guidance_0_capability_0_safety_0,1,0.181376954249572,178,0.74375,0.0,0.75,0,690,0,0,-1.3873912394046783e-05,8.240581512451172,1.45073401927948,-0.00010488973930478096,0.0,0.2914028763771057
519,guidance_0_capability_0_safety_0,1,0.003701171215652721,178,0.781875,0.0,0.875,0,946,0,0,-0.009046101942658424,0.44462209939956665,1.4392344951629639,0.010998310521245003,0.0,0.27096492052078247
520,guidance_0_capability_0_safety_0,1,0.16944335827065515,179,0.278125,0.0,0.25,0,202,0,0,0.000686038751155138,3.93949818611145,1.362234115600586,0.005617978982627392,0.0,0.32661598920822144
521,guidance_0_capability_0_safety_0,1,0.08775390578375664,179,0.483125,0.0,0.375,0,458,0,0,-0.0034884996712207794,3.149442434310913,1.306609034538269,-0.0011514171492308378,0.0,0.37461137771606445
522,guidance_0_capability_0_safety_0,1,0.09786132866793196,179,0.681875,0.0,0.5,0,714,0,0,-0.0024923509918153286,2.7699785232543945,1.285262107849121,0.004485140088945627,0.0,0.3768611550331116
523,guidance_0_capability_0_safety_0,1,0.026044922644359758,180,0.02875,0.0,0.0,0,17,0,0,-0.000676366500556469,2.6760196685791016,1.2584482431411743,0.0001024367957143113,0.0,0.40198010206222534
524,guidance_0_capability_0_safety_0,1,0.09854492332306108,180,0.2375,0.0,0.125,0,273,0,0,-0.000618675141595304,2.1589760780334473,1.213435411453247,-8.536037057638168e-05,0.0,0.43199485540390015
525,guidance_0_capability_0_safety_0,1,0.02895507833454758,180,0.31375,0.0,0.25,0,529,0,0,-0.0011332420399412513,2.6805293560028076,1.2268134355545044,0.0005248346133157611,0.0,0.4161958694458008
526,guidance_0_capability_0_safety_0,1,0.0869921869089012,180,0.4825,0.0,0.375,0,785,0,0,-0.0003619187918957323,4.1660966873168945,1.217868447303772,-0.00036903563886880875,0.0,0.4321683347225189
527,guidance_0_capability_0_safety_0,1,0.14326171863649506,181,0.091875,0.0,0.0,0,41,0,0,0.00015884700405877084,4.474255561828613,1.214890718460083,0.00030399890965782106,0.0,0.4261603355407715
528,guidance_0_capability_0_safety_0,1,0.21840820400393568,181,0.4475,0.0,0.625,0,297,0,0,-0.00025209662271663547,5.854495048522949,1.1814329624176025,0.0002018415107158944,0.0,0.4604836106300354
529,guidance_0_capability_0_safety_0,1,0.07759765608716407,182,0.17625,0.0,0.0,0,99,0,0,-0.00042529002530500293,5.508632183074951,1.1866925954818726,5.669860911439173e-05,0.0,0.4430152177810669
530,guidance_0_capability_0_safety_0,1,0.15367187712035957,182,0.440625,0.0,0.25,0,355,0,0,-0.000512984290253371,5.939619541168213,1.1881718635559082,-0.0003128590469714254,0.0,0.44876933097839355
531,guidance_0_capability_0_safety_0,1,0.08639648360258434,182,0.599375,0.0,0.5,0,611,0,0,-0.0006187263643369079,1.7837889194488525,1.1774346828460693,0.00041150953620672226,0.0,0.4630683660507202
532,guidance_0_capability_0_safety_0,1,0.045234375676955096,182,0.7325,0.0,0.625,0,867,0,0,-0.0025008709635585546,2.992119312286377,1.1862531900405884,0.000649920548312366,0.0,0.4411715865135193
533,guidance_0_capability_0_safety_0,1,0.13682617190715973,183,0.225625,0.0,0.25,0,123,0,0,-0.0012733502080664039,3.7768330574035645,1.1484324932098389,-0.00201470497995615,0.0,0.481005996465683
534,guidance_0_capability_0_safety_0,1,0.08082031226877007,183,0.41375,0.0,0.375,0,379,0,0,-0.00020965375006198883,2.621804714202881,1.1206610202789307,0.0007249345071613789,0.0,0.46793925762176514
535,guidance_0_capability_0_safety_0,1,0.16031249903608114,183,0.653125,0.0,0.875,0,635,0,0,-6.511683750431985e-05,4.457314491271973,1.1251800060272217,-8.312729187309742e-05,0.0,0.4729141592979431
536,guidance_0_capability_0_safety_0,1,-0.03322265644965228,183,0.66,0.0,0.875,0,891,0,0,-0.000700098171364516,0.9759770631790161,1.1226880550384521,0.00016344308096449822,0.0,0.4823811650276184
537,guidance_0_capability_0_safety_0,1,0.10761718726280378,184,0.229375,0.0,0.125,0,147,0,0,-0.004584898706525564,1.786595344543457,1.1295764446258545,0.0003723825793713331,0.0,0.48099029064178467
538,guidance_0_capability_0_safety_0,1,0.20997070417070063,184,0.605625,0.0,0.25,0,403,0,0,0.002495243214070797,5.332786560058594,1.1970973014831543,0.001796490279957652,0.0,0.45100733637809753
539,guidance_0_capability_0_safety_0,1,0.05787109275479452,184,0.745,0.0,0.375,0,659,0,0,-0.002643862273544073,1.5469584465026855,1.2407344579696655,-0.0009228530107066035,0.0,0.40990108251571655
540,guidance_0_capability_0_safety_0,1,0.04253906175654265,184,0.855,0.0,0.75,0,915,0,0,-0.0015009846538305283,1.5384488105773926,1.2462236881256104,-0.0004470725543797016,0.0,0.4111177325248718
541,guidance_0_capability_0_safety_0,1,0.1295507799986808,186,0.165,0.0,0.125,0,74,0,0,0.0003687562420964241,17.89063835144043,1.1722023487091064,0.0014386227121576667,0.0,0.4306497573852539
542,guidance_0_capability_0_safety_0,1,0.1623925787571352,186,0.465,0.0,0.25,0,330,0,0,2.3437742129317485e-05,4.093843460083008,1.1682333946228027,5.370689177652821e-05,0.0,0.44837236404418945
543,guidance_0_capability_0_safety_0,1,0.04443359324068297,186,0.589375,0.0,0.25,0,586,0,0,-0.0005499820108525455,1.0995770692825317,1.1809308528900146,8.391006849706173e-05,0.0,0.4440303444862366
544,guidance_0_capability_0_safety_0,1,0.10828125176703907,186,0.73375,0.0,0.75,0,842,0,0,-5.77680766582489e-05,3.8071911334991455,1.228226661682129,9.796954691410065e-05,0.0,0.42421936988830566
545,guidance_0_capability_0_safety_0,1,0.1424316405900754,187,0.194375,0.0,0.375,0,98,0,0,-0.00038038258207961917,4.119660377502441,1.219972848892212,5.349532511900179e-05,0.0,0.41485804319381714
546,guidance_0_capability_0_safety_0,1,0.11426757906156126,187,0.41875,0.0,0.5,0,354,0,0,-0.000882517546415329,2.1633682250976562,1.203819990158081,-0.00012645234528463334,0.0,0.4232878088951111
547,guidance_0_capability_0_safety_0,1,0.1122265622325358,187,0.64875,0.0,0.5,0,610,0,0,-0.0002989232016261667,1.6945325136184692,1.2652645111083984,-0.0001360283640678972,0.0,0.40662917494773865
548,guidance_0_capability_0_safety_0,1,0.05458007826018729,187,0.738125,0.0,0.875,0,866,0,0,-0.0007039740448817611,4.396334171295166,1.289551854133606,-4.7280918806791306e-06,0.0,0.39273130893707275
549,guidance_0_capability_0_safety_0,1,0.16313476659342996,188,0.201875,0.0,0.375,0,122,0,0,-0.0010765695478767157,4.001181125640869,1.2473244667053223,0.0008913718047551811,0.0,0.41034024953842163
550,guidance_0_capability_0_safety_0,1,0.18431640433846042,188,0.515625,0.0,0.625,0,378,0,0,-0.00035380045301280916,1.9256088733673096,1.296286940574646,-0.00038613760261796415,0.0,0.3836614489555359
551,guidance_0_capability_0_safety_0,1,0.06458984334676643,188,0.656875,0.0,0.75,0,634,0,0,-0.0007874580915085971,1.7214891910552979,1.32035493850708,-0.0014027709839865565,0.0,0.3553246855735779
552,guidance_0_capability_0_safety_0,1,-0.006015625065629138,188,0.70375,0.0,0.75,0,890,0,0,-0.0010205473517999053,1.0307493209838867,1.3607680797576904,0.00023894789046607912,0.0,0.35721319913864136
553,guidance_0_capability_0_safety_0,1,0.10612304700407549,189,0.258125,0.0,0.0,0,146,0,0,-0.0009291259339079261,1.36260187625885,1.3510732650756836,-9.392124775331467e-05,0.0,0.3488174378871918
554,guidance_0_capability_0_safety_0,1,0.14964843968118657,189,0.4925,0.0,0.375,0,402,0,0,-0.002320293802767992,4.45285177230835,1.371498465538025,0.002384783234447241,0.0,0.34748825430870056
555,guidance_0_capability_0_safety_0,1,0.019374999581486918,189,0.58625,0.0,0.375,0,658,0,0,-0.0014991580974310637,1.647135853767395,1.3963513374328613,-0.0009660042705945671,0.0,0.32750147581100464
556,guidance_0_capability_0_safety_0,1,0.011582031729631126,189,0.660625,0.0,0.375,0,914,0,0,-0.0006997799500823021,0.6643460988998413,1.4292144775390625,0.0003365149605087936,0.0,0.3177926540374756
557,guidance_0_capability_0_safety_0,1,0.09025390697934199,190,0.199375,0.0,0.0,0,170,0,0,-0.000973513990174979,0.8220869302749634,1.407116174697876,0.0006059082224965096,0.0,0.32795947790145874
558,guidance_0_capability_0_safety_0,1,0.242353516696312,190,0.583125,0.0,0.375,0,426,0,0,0.000424403406213969,8.348289489746094,1.3794082403182983,-0.00046686394489370286,0.0,0.33838793635368347
559,guidance_0_capability_0_safety_0,1,0.02331054771639174,190,0.6575,0.0,0.5,0,682,0,0,-0.00044625005102716386,1.7202441692352295,1.381709098815918,-6.249935540836304e-05,0.0,0.3429943025112152
560,guidance_0_capability_0_safety_0,1,0.026318359858123586,190,0.72625,0.0,0.625,0,938,0,0,-0.0017265134956687689,1.2992475032806396,1.3705861568450928,0.0008496121736243367,0.0,0.3509688377380371
561,guidance_0_capability_0_safety_0,1,0.061650389681744855,192,0.085625,0.0,0.0,0,172,0,0,-0.0009756883373484015,18.916004180908203,1.3497517108917236,-8.66667105583474e-05,0.0,0.3486441969871521
562,guidance_0_capability_0_safety_0,1,0.21645507843641099,192,0.398125,0.0,0.625,0,428,0,0,0.0009817394893616438,5.766708850860596,1.3028600215911865,0.0010842892806977034,0.0,0.3674013614654541
563,guidance_0_capability_0_safety_0,1,0.12673828009792487,192,0.635625,0.0,0.75,0,684,0,0,-7.070073479553685e-05,3.0820469856262207,1.3125905990600586,-0.00027933911769650877,0.0,0.3767477869987488
564,guidance_0_capability_0_safety_0,1,0.02543945348224952,192,0.728125,0.0,0.75,0,940,0,0,-0.0015236146282404661,1.1972622871398926,1.3498501777648926,0.00013790900993626565,0.0,0.35834169387817383
565,guidance_0_capability_0_safety_0,1,0.1159179704154667,193,0.2325,0.0,0.125,0,196,0,0,-0.01351932343095541,0.9692291021347046,1.3917310237884521,0.012782663106918335,0.05859375,0.35966795682907104
566,guidance_0_capability_0_safety_0,1,0.14344726492345217,193,0.47125,0.0,0.5,0,452,0,0,4.012293175037485e-06,7.248785495758057,1.493685007095337,0.008606500923633575,0.1184895858168602,0.30319151282310486
567,guidance_0_capability_0_safety_0,1,0.0220996080461191,193,0.543125,0.0,0.625,0,708,0,0,-0.0035320459865033627,2.0059947967529297,1.5755805969238281,0.005051742307841778,0.0,0.2503606081008911
568,guidance_0_capability_0_safety_0,1,0.11050781249650754,193,0.758125,0.0,0.75,0,964,0,0,-0.0028331009671092033,6.163643836975098,1.5948731899261475,0.001114599872380495,0.0,0.23664110898971558
569,guidance_0_capability_0_safety_0,1,0.14436523420954472,194,0.260625,0.0,0.25,0,220,0,0,-0.0012779710814356804,2.7435035705566406,1.5719091892242432,0.00031778900302015245,0.0,0.24685215950012207
570,guidance_0_capability_0_safety_0,1,0.08094726433773758,194,0.4325,0.0,0.375,0,476,0,0,0.00013794749975204468,2.2745301723480225,1.6134557723999023,0.0009818852413445711,0.0,0.23265866935253143
571,guidance_0_capability_0_safety_0,1,0.021474608991411515,194,0.504375,0.0,0.5,0,732,0,0,-0.0008158503915183246,0.706489086151123,1.619908332824707,0.0005786385154351592,0.0,0.22784802317619324
572,guidance_0_capability_0_safety_0,1,0.12599609332391992,194,0.726875,0.0,0.75,0,988,0,0,0.0001432664430467412,8.294011116027832,1.6366627216339111,-8.751250425120816e-05,0.0,0.2197815477848053
573,guidance_0_capability_0_safety_0,1,0.17530273272495833,195,0.311875,0.0,0.25,0,244,0,0,-0.0011658323928713799,4.678698539733887,1.614811658859253,0.0007054462330415845,0.0,0.22763828933238983
574,guidance_0_capability_0_safety_0,1,0.18272460842854343,195,0.630625,0.0,0.5,0,500,0,0,-0.0009267001296393573,2.436645030975342,1.6285464763641357,0.00043213460594415665,0.0,0.22054529190063477
575,guidance_0_capability_0_safety_0,1,0.022402343012799975,195,0.7225,0.0,0.5,0,756,0,0,-0.0015698423376306891,0.5927187204360962,1.629549503326416,9.522214531898499e-05,0.0,0.22121106088161469
576,guidance_0_capability_0_safety_0,1,-0.016806640036520548,197,0.006875,0.0,0.0,0,1,0,0,-0.000950029119849205,14.478387832641602,1.623299479484558,0.00033536492264829576,0.0,0.22912006080150604
577,guidance_0_capability_0_safety_0,1,0.15157226366864052,199,0.15625,0.0,0.0,0,135,0,0,-0.0007498214836232364,23.83132553100586,1.572037935256958,-0.00015553305274806917,0.0,0.23844818770885468
578,guidance_0_capability_0_safety_0,1,0.17150390650203917,199,0.440625,0.0,0.375,0,391,0,0,-0.001134517602622509,4.869377613067627,1.589700698852539,-0.0011774783488363028,0.0,0.24428194761276245
579,guidance_0_capability_0_safety_0,1,0.11323242154321633,199,0.669375,0.0,0.5,0,647,0,0,-0.0011698545422405005,3.387230396270752,1.6076873540878296,0.00103984703309834,0.0,0.2300223559141159
580,guidance_0_capability_0_safety_0,1,0.1502148417494027,200,0.274375,0.0,0.5,0,171,0,0,-0.00216521299444139,7.910056114196777,1.5951852798461914,0.0006611986900679767,0.0,0.23770126700401306
581,guidance_0_capability_0_safety_0,1,0.10824218815469067,200,0.484375,0.0,0.625,0,427,0,0,-0.002550121396780014,1.3672761917114258,1.6015727519989014,-0.0004914618330076337,0.0,0.23264080286026
582,guidance_0_capability_0_safety_0,1,0.10231445276076556,200,0.68375,0.0,0.75,0,683,0,0,-0.0007525651599280536,2.6788549423217773,1.6096827983856201,0.00044090859591960907,0.0,0.2299584150314331
583,guidance_0_capability_0_safety_0,1,-0.006279297376750037,200,0.73625,0.0,0.75,0,939,0,0,-0.0007946438854560256,0.5045244097709656,1.6202785968780518,-0.000815427047200501,0.0,0.22172704339027405
584,guidance_0_capability_0_safety_0,1,0.2275585917486751,201,0.348125,0.0,0.625,0,195,0,0,-0.0007536296616308391,7.436875343322754,1.5907196998596191,0.0008457849617116153,0.0,0.2447529435157776
585,guidance_0_capability_0_safety_0,1,0.051523436850402504,201,0.49,0.0,0.625,0,451,0,0,-0.0016401162138208747,1.8344964981079102,1.5975769758224487,-0.00023437850177288055,0.0,0.2350136935710907
586,guidance_0_capability_0_safety_0,1,-0.011503906709549483,201,0.535,0.0,0.625,0,707,0,0,0.00010704839223762974,0.7292253971099854,1.6066064834594727,-0.001080663176253438,0.0,0.23294560611248016
587,guidance_0_capability_0_safety_0,1,0.03588867162761744,201,0.639375,0.0,0.75,0,963,0,0,-0.0014036347856745124,2.1010289192199707,1.620940089225769,-0.00031440271413885057,0.0,0.23036091029644012
588,guidance_0_capability_0_safety_0,1,0.2513085910650261,202,0.35375,0.0,0.75,0,219,0,0,-0.00036870193434879184,4.6244730949401855,1.5755914449691772,-6.129499524831772e-06,0.0,0.24242280423641205
589,guidance_0_capability_0_safety_0,1,0.04096679676149506,202,0.485,0.0,0.75,0,475,0,0,-0.0008205396006815135,0.903830349445343,1.5937093496322632,-0.0007633534260094166,0.0,0.2433934211730957
590,guidance_0_capability_0_safety_0,1,0.07893554658949142,202,0.66875,0.0,0.75,0,731,0,0,-0.0011833596508949995,3.167201519012451,1.5916948318481445,-0.0005847487482242286,0.0,0.24342072010040283
591,guidance_0_capability_0_safety_0,1,-0.012705079676379682,202,0.691875,0.0,0.875,0,987,0,0,-0.0032645463943481445,0.47769129276275635,1.5723867416381836,0.0018075605621561408,0.0,0.24374139308929443
592,guidance_0_capability_0_safety_0,1,0.30379882811030257,203,0.41875,0.0,0.875,0,243,0,0,0.0016263003926724195,6.637578964233398,1.535445213317871,0.0011515035293996334,0.0,0.258104532957077
593,guidance_0_capability_0_safety_0,1,0.04637695256678853,203,0.5575,0.0,0.875,0,499,0,0,-0.008756909519433975,0.5459269285202026,1.5438563823699951,0.001278461655601859,0.015625,0.26626378297805786
594,guidance_0_capability_0_safety_0,1,-0.0025683601743367035,203,0.6125,0.0,0.875,0,755,0,0,-0.0012806266313418746,0.572211503982544,1.5359256267547607,0.003233074676245451,0.0013020833721384406,0.2646516263484955
595,guidance_0_capability_0_safety_0,1,-0.021171876665903255,205,0.01125,0.0,0.0,0,5,0,0,-0.002930981572717428,9.035713195800781,1.490307331085205,-0.0022382759489119053,0.0026041667442768812,0.2910463213920593
596,guidance_0_capability_0_safety_0,1,0.20128906246100087,206,0.38,0.0,0.25,0,244,0,0,0.0006433799862861633,18.15442657470703,1.489903450012207,0.0004671310889534652,0.0,0.2866331934928894
597,guidance_0_capability_0_safety_0,1,0.10356445320940111,206,0.575,0.0,0.5,0,500,0,0,-0.0007721520960330963,3.245136260986328,1.4906740188598633,0.0018442515283823013,0.0,0.28308045864105225
598,guidance_0_capability_0_safety_0,1,-0.019658203837025212,206,0.611875,0.0,0.5,0,756,0,0,-0.0002835439518094063,0.6580403447151184,1.4760103225708008,0.0008070747135207057,0.0,0.2841324806213379
599,guidance_0_capability_0_safety_0,1,-0.008710937712749,207,0.024375,0.0,0.0,0,12,0,0,-0.0024720095098018646,0.35053959488868713,1.4987666606903076,0.0001149343661381863,0.0,0.27923834323883057
600,guidance_0_capability_0_safety_0,1,0.11023437384574208,207,0.22375,0.0,0.25,0,268,0,0,-0.0006645414978265762,4.058534622192383,1.4481568336486816,-0.00031428923830389977,0.0,0.3177435100078583
601,guidance_0_capability_0_safety_0,1,0.08565429721784312,207,0.406875,0.0,0.375,0,524,0,0,-0.00039988383650779724,4.131382942199707,1.4770574569702148,0.0002380694932071492,0.0,0.2867792248725891
602,guidance_0_capability_0_safety_0,1,-0.040273438033182174,207,0.406875,0.0,0.375,0,780,0,0,-0.0014741824707016349,0.6879740357398987,1.4847676753997803,0.0002143553865607828,0.0,0.28292524814605713
603,guidance_0_capability_0_safety_0,1,-0.006220703609869815,208,0.056875,0.0,0.0,0,36,0,0,-0.0031160488724708557,0.18818378448486328,1.504838228225708,0.0012232521548867226,0.0,0.27799779176712036
604,guidance_0_capability_0_safety_0,1,0.10315429758338723,208,0.248125,0.0,0.25,0,292,0,0,-0.0028463955968618393,3.0379109382629395,1.5173600912094116,0.0022095150779932737,0.00390625,0.28201448917388916
605,guidance_0_capability_0_safety_0,1,0.15131835904321633,209,0.201875,0.0,0.0,0,100,0,0,0.0001277203409699723,8.352750778198242,1.5526351928710938,-0.0018121693283319473,0.0,0.25890108942985535
606,guidance_0_capability_0_safety_0,1,0.062207030481658876,209,0.3325,0.0,0.25,0,356,0,0,-0.0010068255942314863,3.0390379428863525,1.548003077507019,0.0004987887805327773,0.0,0.2563665807247162
607,guidance_0_capability_0_safety_0,1,-0.011318359545839485,209,0.37625,0.0,0.25,0,612,0,0,-0.002207305748015642,0.408758282661438,1.5505317449569702,0.0010903049260377884,0.0,0.252059668302536
608,guidance_0_capability_0_safety_0,1,0.05553710903041065,209,0.49875,0.0,0.5,0,868,0,0,0.0005225427448749542,5.939435005187988,1.5431506633758545,0.0007813390111550689,0.0,0.2567359209060669
609,guidance_0_capability_0_safety_0,1,0.1883007802789507,210,0.246875,0.0,0.125,0,124,0,0,0.0002569711650721729,6.230647087097168,1.532967448234558,-0.0008755619637668133,0.0,0.2651080787181854
610,guidance_0_capability_0_safety_0,1,0.17028320381359663,210,0.5275,0.0,0.5,0,380,0,0,-0.0009549702517688274,4.219677925109863,1.5039100646972656,0.0003066819626837969,0.0,0.27891167998313904
611,guidance_0_capability_0_safety_0,1,0.05117187566065695,210,0.64625,0.0,0.75,0,636,0,0,-0.0006311141769401729,2.604628562927246,1.4969180822372437,0.0009585181251168251,0.0,0.2769518792629242
612,guidance_0_capability_0_safety_0,1,-0.04287109509459697,210,0.67,0.0,0.75,0,892,0,0,-0.0012009709607809782,0.6675335168838501,1.5007884502410889,0.0008933059289120138,0.0,0.2885201871395111
613,guidance_0_capability_0_safety_0,1,0.15780273273412604,211,0.250625,0.0,0.125,0,148,0,0,-0.0007646139711141586,2.479120969772339,1.502407431602478,0.0008026231080293655,0.0,0.2793765068054199
614,guidance_0_capability_0_safety_0,1,0.08676757878856733,211,0.415,0.0,0.375,0,404,0,0,-0.002131942193955183,2.1287198066711426,1.4991134405136108,-0.0006478982977569103,0.0,0.28058451414108276
615,guidance_0_capability_0_safety_0,1,0.12741210882086307,211,0.6675,0.0,0.5,0,660,0,0,0.00027022449648939073,5.267323017120361,1.5209100246429443,-0.000352961418684572,0.0,0.2723483741283417
616,guidance_0_capability_0_safety_0,1,-0.014111328418948688,211,0.71,0.0,0.5,0,916,0,0,-0.0035520063247531652,0.21366305649280548,1.5004591941833496,0.0015085374470800161,0.0,0.27757418155670166
617,guidance_0_capability_0_safety_0,1,0.08617187463460141,213,0.208125,0.0,0.125,0,145,0,0,-0.001691352343186736,22.848033905029297,1.469069242477417,0.0007925544632598758,0.0,0.2908310890197754
618,guidance_0_capability_0_safety_0,1,0.14488281331432518,213,0.466875,0.0,0.375,0,401,0,0,-0.001643611816689372,3.053494453430176,1.4187649488449097,0.0012985554058104753,0.0,0.3105388283729553
619,guidance_0_capability_0_safety_0,1,0.07608398329466581,213,0.614375,0.0,0.625,0,657,0,0,-0.0013240498956292868,5.000444412231445,1.4064964056015015,-0.00035986764123663306,0.0,0.3298632502555847
620,guidance_0_capability_0_safety_0,1,0.00570312460695277,213,0.68375,0.0,0.625,0,913,0,0,-0.0021000122651457787,0.8205099105834961,1.4234237670898438,0.0005188271170482039,0.0,0.3263390362262726
621,guidance_0_capability_0_safety_0,1,0.17676757996378,214,0.296875,0.0,0.125,0,169,0,0,-0.0023402059450745583,3.0922422409057617,1.446446418762207,-0.0012824144214391708,0.0,0.3099449574947357
622,guidance_0_capability_0_safety_0,1,0.13041992068610853,214,0.53875,0.0,0.375,0,425,0,0,-0.004460758995264769,1.7627170085906982,1.4716012477874756,-0.00011619475844781846,0.01171875,0.2985917925834656
623,guidance_0_capability_0_safety_0,1,-0.009326172468718141,214,0.5875,0.0,0.375,0,681,0,0,-0.0013562801759690046,1.7190287113189697,1.4950135946273804,-0.00017269421368837357,0.0,0.28940096497535706
624,guidance_0_capability_0_safety_0,1,0.0687988274221425,214,0.734375,0.0,0.5,0,937,0,0,-0.0011283917119726539,2.0527751445770264,1.4905555248260498,-0.00016807657084427774,0.0,0.28663408756256104
625,guidance_0_capability_0_safety_0,1,0.13579101518189418,215,0.23125,0.0,0.25,0,193,0,0,-0.0007955801556818187,1.988374948501587,1.4898937940597534,-0.0007073362357914448,0.0,0.300592303276062
626,guidance_0_capability_0_safety_0,1,0.10477538915802143,216,0.226875,0.0,0.25,0,131,0,0,-0.0007066525286063552,14.852485656738281,1.4815824031829834,-0.00011288483801763505,0.0,0.29101499915122986
627,guidance_0_capability_0_safety_0,1,0.2400488287785265,216,0.5775,0.0,0.875,0,387,0,0,6.200652569532394e-05,5.806097507476807,1.4912223815917969,-0.0005118786357343197,0.0,0.3031129837036133
628,guidance_0_capability_0_safety_0,1,0.05591796922089998,216,0.7525,0.0,0.875,0,643,0,0,-0.0016201657708734274,1.954864740371704,1.4844434261322021,0.0006786648882552981,0.0,0.2880592346191406
629,guidance_0_capability_0_safety_0,1,-0.002460938078002073,216,0.8225,0.0,0.875,0,899,0,0,-0.0013530668802559376,0.5726101994514465,1.4864248037338257,0.0007205707370303571,0.0,0.28207331895828247
630,guidance_0_capability_0_safety_0,1,0.1518847666993679,217,0.299375,0.0,0.125,0,155,0,0,-0.003149296622723341,1.9067344665527344,1.4653024673461914,0.0012704429682344198,0.0,0.2976808547973633
631,guidance_0_capability_0_safety_0,1,0.0688183589190885,217,0.455,0.0,0.125,0,411,0,0,-0.00012316803622525185,2.2265591621398926,1.4357900619506836,-0.0005287065869197249,0.0,0.30173033475875854
632,guidance_0_capability_0_safety_0,1,0.12538085799315013,217,0.595625,0.0,0.875,0,667,0,0,-0.00047835521399974823,3.7926104068756104,1.441666603088379,3.423929956625216e-05,0.0,0.3189629912376404
633,guidance_0_capability_0_safety_0,1,-0.024765625512372935,217,0.631875,0.0,0.875,0,923,0,0,-0.0010448036482557654,0.5266013145446777,1.4456157684326172,-7.998322689672932e-05,0.0,0.31593218445777893
634,guidance_0_capability_0_safety_0,1,0.09903320349621936,218,0.251875,0.0,0.125,0,179,0,0,-0.0005760733038187027,4.365931510925293,1.4307000637054443,0.0008868271834217012,0.0,0.31640714406967163
635,guidance_0_capability_0_safety_0,1,0.09757812436873792,218,0.4275,0.0,0.375,0,435,0,0,3.609185660025105e-05,1.8431566953659058,1.4336376190185547,0.00010523557284614071,0.0,0.3115060329437256
636,guidance_0_capability_0_safety_0,1,-0.010302734473953024,218,0.480625,0.0,0.375,0,691,0,0,-1.9895844161510468e-05,1.1168851852416992,1.4373663663864136,-5.803288513561711e-05,0.0,0.31559646129608154
637,guidance_0_capability_0_safety_0,1,0.05589843767666025,218,0.610625,0.0,0.5,0,947,0,0,-0.0005728158866986632,4.336523056030273,1.4392237663269043,-0.00036657354212366045,0.0,0.3125768303871155
638,guidance_0_capability_0_safety_0,1,0.25472656430792995,219,0.3425,0.0,0.375,0,203,0,0,-0.0006348944152705371,4.6192731857299805,1.4385511875152588,-0.00039388908771798015,0.0,0.32044756412506104
639,guidance_0_capability_0_safety_0,1,0.07885742160578957,219,0.511875,0.0,0.5,0,459,0,0,-0.0006688634748570621,1.800520658493042,1.443233847618103,-0.00018295677728019655,0.0,0.31105005741119385
640,guidance_0_capability_0_safety_0,1,0.10990234606651939,219,0.68625,0.0,0.875,0,715,0,0,-0.0003294938651379198,6.335563659667969,1.4460012912750244,-0.0001356556749669835,0.0,0.30526870489120483
641,guidance_0_capability_0_safety_0,1,0.022128905566205503,219,0.7825,0.0,0.875,0,971,0,0,-0.0009704490075819194,0.7978321313858032,1.4625015258789062,0.00045199444866739213,0.0,0.30809542536735535
642,guidance_0_capability_0_safety_0,1,0.2374707022900111,220,0.368125,0.0,0.5,0,227,0,0,-0.0021635834127664566,4.594962120056152,1.4675190448760986,-0.002763478783890605,0.0,0.28492945432662964
643,guidance_0_capability_0_safety_0,1,0.14175781105586793,220,0.584375,0.0,1.0,0,483,0,0,0.0001310175284743309,3.0806713104248047,1.4993581771850586,0.000141859520226717,0.0,0.2794182002544403
644,guidance_0_capability_0_safety_0,1,0.02429687444237061,220,0.685,0.0,1.0,0,739,0,0,-0.0009627705439925194,1.2710752487182617,1.5091092586517334,0.0004161365795880556,0.0,0.2828701138496399
645,guidance_0_capability_0_safety_0,1,0.0020507808221736923,220,0.74875,0.0,1.0,0,995,0,0,-0.008258153684437275,0.5037975311279297,1.5045652389526367,0.0007744972826912999,0.0,0.2749614715576172
646,guidance_0_capability_0_safety_0,1,0.09871093756009941,221,0.20125,0.0,0.0,0,251,0,0,0.000969431537669152,4.966258525848389,1.4362378120422363,0.002608346752822399,0.109375,0.3024217188358307
647,guidance_0_capability_0_safety_0,1,0.1210058557226148,221,0.363125,0.0,0.625,0,507,0,0,-0.0008498979732394218,2.3404808044433594,1.3956413269042969,0.005184509791433811,0.0,0.3070138990879059
648,guidance_0_capability_0_safety_0,1,0.04298828116588993,221,0.48875,0.0,0.625,0,763,0,0,-0.003411030163988471,0.7610276341438293,1.3446910381317139,0.005527428351342678,0.0,0.3241712152957916
649,guidance_0_capability_0_safety_0,1,-0.06863281450932845,222,0.03375,0.0,0.0,0,19,0,0,-0.0003329676983412355,2.301722764968872,1.3013956546783447,0.002351297065615654,0.0,0.3638283610343933
650,guidance_0_capability_0_safety_0,1,0.1949902326123265,222,0.37,0.0,0.375,0,275,0,0,0.0008013223996385932,2.472731590270996,1.2640079259872437,-0.0003909156657755375,0.0,0.38651689887046814
651,guidance_0_capability_0_safety_0,1,0.12682617230166215,222,0.593125,0.0,0.625,0,531,0,0,-0.0010605491697788239,2.746084690093994,1.2671583890914917,0.0001483989617554471,0.0,0.4087492823600769
652,guidance_0_capability_0_safety_0,1,0.05005859259108547,222,0.69625,0.0,0.875,0,787,0,0,-0.0014313447754830122,3.9925124645233154,1.2790443897247314,0.00039266663952730596,0.0,0.39306244254112244
653,guidance_0_capability_0_safety_0,1,0.05209960791398771,223,0.08875,0.0,0.125,0,43,0,0,-1.7988806575885974e-05,1.3656561374664307,1.3050267696380615,0.00020159719861112535,0.0,0.37929028272628784
654,guidance_0_capability_0_safety_0,1,0.22089843948560883,223,0.415,0.0,0.625,0,299,0,0,-0.0011286258231848478,3.5078518390655518,1.3140144348144531,0.0007780148880556226,0.0,0.3699367940425873
655,guidance_0_capability_0_safety_0,1,0.08441406226484105,223,0.5925,0.0,0.75,0,555,0,0,-0.0012653910089284182,2.1321630477905273,1.3250993490219116,0.0005375672481022775,0.0,0.36979812383651733
656,guidance_0_capability_0_safety_0,1,-0.025449219305301085,223,0.613125,0.0,0.75,0,811,0,0,-0.00035963644040748477,0.7658677101135254,1.3320631980895996,0.0010941039072349668,0.0,0.35697147250175476
657,guidance_0_capability_0_safety_0,1,0.022773437169234967,226,0.068125,0.0,0.125,0,32,0,0,6.0595571994781494e-05,41.271446228027344,1.347564697265625,0.0003474240656942129,0.0,0.36206871271133423
658,guidance_0_capability_0_safety_0,1,0.23036132773631834,226,0.485625,0.0,0.25,0,288,0,0,-0.0003655950422398746,3.49542236328125,1.343599796295166,-0.00018950924277305603,0.0,0.3534322679042816
659,guidance_0_capability_0_safety_0,1,0.13331054722948465,226,0.698125,0.0,0.625,0,544,0,0,-0.0025086167734116316,2.538691997528076,1.340400218963623,-0.0002648297231644392,0.0,0.3582340180873871
660,guidance_0_capability_0_safety_0,1,0.24580077957944013,227,0.386875,0.0,0.75,0,242,0,0,-0.001889734878204763,9.13803482055664,1.315070629119873,-0.00043425787589512765,0.0,0.36700162291526794
661,guidance_0_capability_0_safety_0,1,0.037324218206777005,227,0.56,0.0,0.75,0,498,0,0,-0.0008324335212819278,2.627920389175415,1.3055717945098877,-0.0007451522396877408,0.0,0.375687837600708
662,guidance_0_capability_0_safety_0,1,0.1233984375721775,227,0.780625,0.0,1.0,0,754,0,0,-0.0006063768523745239,4.605124473571777,1.296714186668396,0.0014127441681921482,0.0,0.37633585929870605
663,guidance_0_capability_0_safety_0,1,0.008789061805146048,228,0.02125,0.0,0.0,0,10,0,0,-0.005839421413838863,0.48210203647613525,1.2559552192687988,0.0011554851662367582,0.0,0.39578840136528015
664,guidance_0_capability_0_safety_0,1,0.22522460902109742,228,0.46,0.0,0.25,0,266,0,0,-0.002921041799709201,7.774258136749268,1.1751582622528076,0.0012305767741054296,0.0,0.43178486824035645
665,guidance_0_capability_0_safety_0,1,0.07861328158469405,228,0.626875,0.0,0.375,0,522,0,0,6.885702896397561e-05,1.8432714939117432,1.1548994779586792,0.0019242465496063232,0.0,0.44555553793907166
666,guidance_0_capability_0_safety_0,1,0.07504882836292381,228,0.76375,0.0,0.625,0,778,0,0,-0.0035856137983500957,1.3852438926696777,1.1522870063781738,0.002313898177817464,0.0,0.4585772156715393
667,guidance_0_capability_0_safety_0,1,0.046992188017611625,229,0.06125,0.0,0.0,0,34,0,0,-0.007157513871788979,0.3846350312232971,1.203743815422058,0.0014602573355659842,0.00390625,0.42165297269821167
668,guidance_0_capability_0_safety_0,1,0.11694336013897555,229,0.284375,0.0,0.125,0,290,0,0,-0.002238841261714697,3.026426076889038,1.246311068534851,0.004315320402383804,0.01692708395421505,0.3985746502876282
669,guidance_0_capability_0_safety_0,1,0.10647461093685706,229,0.5075,0.0,0.125,0,546,0,0,0.0006074275588616729,3.4203758239746094,1.2778475284576416,0.001086600124835968,0.0,0.3789573311805725
670,guidance_0_capability_0_safety_0,1,0.06044921855573193,229,0.64125,0.0,0.25,0,802,0,0,0.0017589488998055458,2.4470913410186768,1.2919142246246338,0.0001967733260244131,0.0,0.3626978397369385
671,guidance_0_capability_0_safety_0,1,-0.017421874646970537,231,0.013125,0.0,0.0,0,7,0,0,-0.0012028422206640244,24.201128005981445,1.3053959608078003,0.00028073889552615583,0.0,0.3509678244590759
672,guidance_0_capability_0_safety_0,1,0.2093847663672932,231,0.365625,0.0,0.75,0,263,0,0,-1.3968907296657562e-05,7.020327568054199,1.295867919921875,-0.0005483757704496384,0.0,0.3571871221065521
673,guidance_0_capability_0_safety_0,1,0.019853515463182703,231,0.425,0.0,0.875,0,519,0,0,-0.0003240133519284427,0.970553994178772,1.3078502416610718,0.00044146025902591646,0.0,0.35468730330467224
674,guidance_0_capability_0_safety_0,1,0.08312499944440788,231,0.61,0.0,0.875,0,775,0,0,-0.0007578227669000626,2.9497599601745605,1.3048133850097656,0.0004142409597989172,0.0,0.36401066184043884
675,guidance_0_capability_0_safety_0,1,0.018789061810821295,233,0.04375,0.0,0.0,0,18,0,0,-6.107240915298462e-05,16.650909423828125,1.3062795400619507,-6.342291453620419e-05,0.0,0.35344982147216797
676,guidance_0_capability_0_safety_0,1,0.12817382827415713,233,0.280625,0.0,0.125,0,274,0,0,-0.00029254023684188724,2.6768250465393066,1.3068867921829224,5.2493222028715536e-05,0.0,0.346510648727417
677,guidance_0_capability_0_safety_0,1,0.10762695374432951,233,0.448125,0.0,0.5,0,530,0,0,-0.0011856274213641882,3.9801738262176514,1.3145920038223267,4.1716113628353924e-05,0.0,0.3471596837043762
678,guidance_0_capability_0_safety_0,1,0.01736328098922968,233,0.5225,0.0,0.5,0,786,0,0,-0.000738261267542839,0.5870224833488464,1.3054144382476807,-0.0004531675949692726,0.0,0.35714054107666016
679,guidance_0_capability_0_safety_0,1,0.07596679594280431,234,0.095,0.0,0.25,0,42,0,0,-0.003183759516105056,2.2430286407470703,1.3092976808547974,0.00013218882668297738,0.0,0.354992151260376
680,guidance_0_capability_0_safety_0,1,0.14201172030516318,234,0.37875,0.0,0.25,0,298,0,0,-0.0011809304123744369,3.0963246822357178,1.3016231060028076,-0.0005538738332688808,0.0,0.36062824726104736
681,guidance_0_capability_0_safety_0,1,0.01578124965817551,234,0.44875,0.0,0.25,0,554,0,0,-0.0006243096431717277,1.1104806661605835,1.313595175743103,-0.0009286836721003056,0.0,0.3385705351829529
682,guidance_0_capability_0_safety_0,1,0.08679687423500582,234,0.6275,0.0,0.375,0,810,0,0,-0.0008602288435213268,2.717442512512207,1.3231056928634644,0.0003376923850737512,0.0,0.33898600935935974
683,guidance_0_capability_0_safety_0,1,0.1568066399777308,235,0.115625,0.0,0.125,0,66,0,0,0.00015220108616631478,5.887519836425781,1.3111767768859863,0.00019785607582889497,0.0,0.3477969169616699
684,guidance_0_capability_0_safety_0,1,0.1837109368207166,235,0.369375,0.0,0.75,0,322,0,0,-0.0007825798238627613,5.034964561462402,1.3174679279327393,0.00020043630502186716,0.0,0.34294676780700684
685,guidance_0_capability_0_safety_0,1,0.010117187441210262,235,0.443125,0.0,0.75,0,578,0,0,-0.000635748147033155,1.2734076976776123,1.3326351642608643,-0.00037456228164955974,0.0,0.32582148909568787
686,guidance_0_capability_0_safety_0,1,0.04872070298733888,235,0.58125,0.0,0.75,0,834,0,0,-0.0006261639064177871,1.3923532962799072,1.309424638748169,-0.0004934067837893963,0.0,0.3408735990524292
687,guidance_0_capability_0_safety_0,1,0.10740234460899956,236,0.183125,0.0,0.125,0,90,0,0,-0.0009162795613519847,2.7391254901885986,1.319803237915039,-0.0007375170243903995,0.0,0.33838486671447754
688,guidance_0_capability_0_safety_0,1,0.15666992230035248,236,0.4575,0.0,0.375,0,346,0,0,-0.0027467324398458004,2.596450090408325,1.3335494995117188,0.0018619394395500422,0.0,0.3419397473335266
689,guidance_0_capability_0_safety_0,1,0.016142577791470103,236,0.525,0.0,0.5,0,602,0,0,-0.0008193975081667304,3.1207854747772217,1.353719711303711,0.0005260707694105804,0.0,0.3261086642742157
690,guidance_0_capability_0_safety_0,1,0.0937402355739323,236,0.695625,0.0,0.75,0,858,0,0,-4.323665052652359e-05,5.460168361663818,1.3451671600341797,-8.910614997148514e-05,0.0,0.3325991630554199
691,guidance_0_capability_0_safety_0,1,0.10553710916065029,237,0.213125,0.0,0.25,0,114,0,0,-0.0016197252552956343,2.9281835556030273,1.3693630695343018,0.0010142007376998663,0.0,0.32172608375549316
692,guidance_0_capability_0_safety_0,1,0.08526367217564257,237,0.3925,0.0,0.375,0,370,0,0,-0.0003917589783668518,3.8106770515441895,1.388846755027771,-0.0007263201987370849,0.0,0.31042203307151794
693,guidance_0_capability_0_safety_0,1,0.04976562410956831,237,0.49375,0.0,0.625,0,626,0,0,-0.0005916360532864928,4.607003211975098,1.3793119192123413,0.00034959142794832587,0.0,0.317047119140625
694,guidance_0_capability_0_safety_0,1,0.06113281089346856,237,0.61625,0.0,0.875,0,882,0,0,-0.0005047296872362494,1.5319064855575562,1.3918266296386719,0.0005878800875507295,0.0,0.2983991205692291
695,guidance_0_capability_0_safety_0,1,0.06692382813707809,239,0.16375,0.0,0.25,0,125,0,0,-0.0005834003677591681,17.090564727783203,1.3775891065597534,0.00010007744276663288,0.0,0.3012486696243286
696,guidance_0_capability_0_safety_0,1,0.12265624932479113,239,0.366875,0.0,0.625,0,381,0,0,-0.0006620629574172199,5.491692543029785,1.375174880027771,0.0001274365931749344,0.0,0.30961179733276367
697,guidance_0_capability_0_safety_0,1,0.0728906262665987,239,0.528125,0.0,0.75,0,637,0,0,-0.001187968417070806,3.1654248237609863,1.3686007261276245,-0.0008210157975554466,0.0,0.3111056983470917
698,guidance_0_capability_0_safety_0,1,0.05453124969426426,239,0.661875,0.0,0.75,0,893,0,0,-0.0026550646871328354,2.3450844287872314,1.3765944242477417,0.0004247656906954944,0.0,0.2985895872116089
699,guidance_0_capability_0_safety_0,1,0.08903320234821877,240,0.159375,0.0,0.125,0,149,0,0,0.00036576748243533075,2.382713794708252,1.338998794555664,0.001230941154062748,0.0,0.3171865940093994
700,guidance_0_capability_0_safety_0,1,0.14887695230572717,240,0.385,0.0,0.625,0,405,0,0,-0.0011341674253344536,4.636889934539795,1.3399152755737305,0.00037763919681310654,0.0,0.32685387134552
701,guidance_0_capability_0_safety_0,1,0.01867187455718522,240,0.47625,0.0,0.625,0,661,0,0,-0.0006815474480390549,1.883633017539978,1.3691315650939941,0.0004856869054492563,0.0,0.31043678522109985
702,guidance_0_capability_0_safety_0,1,0.07224609353579581,240,0.6175,0.0,0.875,0,917,0,0,-0.0006826551398262382,3.6931843757629395,1.3683828115463257,0.00013674888759851456,0.0,0.31616732478141785
703,guidance_0_capability_0_safety_0,1,0.1493749993533129,241,0.251875,0.0,0.25,0,173,0,0,-0.0010449358960613608,2.5815277099609375,1.360662817955017,-0.0001791209651855752,0.0,0.3130895495414734
704,guidance_0_capability_0_safety_0,1,0.09828124928026227,241,0.44,0.0,0.375,0,429,0,0,-0.0007924673845991492,2.45001220703125,1.3713563680648804,0.0007269016350619495,0.0,0.3057595193386078
705,guidance_0_capability_0_safety_0,1,0.07993164049912593,241,0.628125,0.0,0.375,0,685,0,0,-0.0005862393300049007,2.297492027282715,1.3784925937652588,-0.0009134779684245586,0.0,0.29955101013183594
706,guidance_0_capability_0_safety_0,1,0.06962890509748831,241,0.765,0.0,0.625,0,941,0,0,-0.0010388658847659826,1.7083511352539062,1.386929988861084,0.001413834048435092,0.0,0.3039265275001526
707,guidance_0_capability_0_safety_0,1,0.04557617186583229,243,0.165625,0.0,0.0,0,183,0,0,-0.00022991871810518205,18.673887252807617,1.384610891342163,-0.00028475173166953027,0.0,0.3037082850933075
708,guidance_0_capability_0_safety_0,1,0.07773437413561624,243,0.335,0.0,0.125,0,439,0,0,-0.0005855291965417564,5.266994476318359,1.3748891353607178,0.0005215861601755023,0.0,0.3099435567855835
709,guidance_0_capability_0_safety_0,1,0.11946289023035206,243,0.5525,0.0,0.375,0,695,0,0,-0.0024212393909692764,3.321343421936035,1.384084701538086,0.0007760560838505626,0.0,0.3037259876728058
710,guidance_0_capability_0_safety_0,1,0.0610253897466464,243,0.67625,0.0,0.625,0,951,0,0,0.0004649815964512527,4.970602035522461,1.3847029209136963,0.0003945959615521133,0.0,0.29977738857269287
711,guidance_0_capability_0_safety_0,1,0.08593749927240424,244,0.213125,0.0,0.0,0,207,0,0,-0.00016296438116114587,4.193922519683838,1.3667750358581543,9.570581823936664e-06,0.0,0.3209431767463684
712,guidance_0_capability_0_safety_0,1,0.18056640606664587,244,0.50875,0.0,0.375,0,463,0,0,-0.000722808763384819,4.466914176940918,1.40802001953125,-0.00015147651720326394,0.0,0.2979166805744171
713,guidance_0_capability_0_safety_0,1,0.14473632851149887,244,0.725,0.0,0.875,0,719,0,0,-0.000914967036806047,5.230710983276367,1.3829209804534912,0.00013657085946761072,0.0,0.315779447555542
714,guidance_0_capability_0_safety_0,1,0.002275390190334292,244,0.790625,0.0,0.875,0,975,0,0,-0.0019209872698411345,0.9541373252868652,1.4022682905197144,0.0006142828497104347,0.0,0.2998289465904236
715,guidance_0_capability_0_safety_0,1,0.14906250058265869,245,0.308125,0.0,0.25,0,231,0,0,-0.0014339167391881347,3.4170567989349365,1.3724925518035889,0.001255691982805729,0.0,0.3094353675842285
716,guidance_0_capability_0_safety_0,1,0.14627929677953944,245,0.58625,0.0,0.375,0,487,0,0,-0.0007382342591881752,2.8289222717285156,1.4030427932739258,0.0011735102161765099,0.0,0.30449995398521423
717,guidance_0_capability_0_safety_0,1,0.08587890651324415,245,0.7475,0.0,0.625,0,743,0,0,-0.0009257536148652434,2.408842086791992,1.3913946151733398,0.0002701076155062765,0.0,0.3041769862174988
718,guidance_0_capability_0_safety_0,1,0.02882812421012204,245,0.84,0.0,0.75,0,999,0,0,-0.001285245642066002,0.5580552816390991,1.397990107536316,0.0012227133847773075,0.0,0.2985304296016693
719,guidance_0_capability_0_safety_0,1,0.19739257687979261,246,0.356875,0.0,0.375,0,255,0,0,-0.002225706819444895,5.484197616577148,1.4106144905090332,0.002601523417979479,0.0,0.2938573360443115
720,guidance_0_capability_0_safety_0,1,0.11223632465771516,246,0.520625,0.0,0.875,0,511,0,0,-0.0025384798645973206,2.5000648498535156,1.4036762714385986,0.0024292171001434326,0.0,0.311460018157959
721,guidance_0_capability_0_safety_0,1,0.037138671534194145,246,0.643125,0.0,0.875,0,767,0,0,-0.0042194221168756485,2.1382575035095215,1.3939576148986816,0.0035767494700849056,0.0,0.29399147629737854
722,guidance_0_capability_0_safety_0,1,0.008837890130962478,247,0.0125,0.0,0.0,0,23,0,0,-0.0030460632406175137,1.2737380266189575,1.4057512283325195,-0.000921926461160183,0.0,0.30153560638427734
723,guidance_0_capability_0_safety_0,1,0.14852538945706328,247,0.269375,0.0,0.25,0,279,0,0,0.0016254156362265348,3.3964030742645264,1.3698638677597046,-0.00275392085313797,0.0,0.32581013441085815
724,guidance_0_capability_0_safety_0,1,0.1271582024091913,247,0.4625,0.0,0.75,0,535,0,0,-0.0028836175333708525,5.023193359375,1.408121943473816,-0.00017744861543178558,0.0,0.3048430383205414
725,guidance_0_capability_0_safety_0,1,0.056318358594580786,247,0.615,0.0,0.75,0,791,0,0,-0.001619019079953432,3.9319026470184326,1.407377004623413,-0.0006436249241232872,0.0,0.31416475772857666
726,guidance_0_capability_0_safety_0,1,0.12785156158497557,248,0.10625,0.0,0.125,0,47,0,0,-0.0014640267472714186,3.2250993251800537,1.4040393829345703,-0.0005139954155310988,0.0,0.3209039568901062
727,guidance_0_capability_0_safety_0,1,0.15931640507551492,248,0.3975,0.0,0.25,0,303,0,0,-0.0010715866228565574,3.4869565963745117,1.3831733465194702,0.0007773465476930141,0.0,0.31473594903945923
728,guidance_0_capability_0_safety_0,1,0.16163085735752247,248,0.666875,0.0,0.625,0,559,0,0,-0.00022854004055261612,2.429896831512451,1.376156210899353,0.00011133930820506066,0.0,0.33635419607162476
729,guidance_0_capability_0_safety_0,1,0.022285155318968464,248,0.765625,0.0,0.625,0,815,0,0,1.3144686818122864e-05,1.771014928817749,1.3747634887695312,-0.00019261552370153368,0.0,0.33075451850891113
730,guidance_0_capability_0_safety_0,1,0.0038769513703300618,250,0.11,0.0,0.0,0,60,0,0,-0.00016439272440038621,15.614022254943848,1.3816593885421753,1.9058119505643845e-05,0.0,0.32094305753707886
731,guidance_0_capability_0_safety_0,1,0.22548827926220838,250,0.458125,0.0,0.5,0,316,0,0,-0.00027120549930259585,5.500342845916748,1.3574317693710327,7.288988854270428e-05,0.0,0.3434690833091736
732,guidance_0_capability_0_safety_0,1,0.1179296876071021,250,0.675,0.0,0.75,0,572,0,0,-0.0016022793715819716,1.8960285186767578,1.353458285331726,8.890561002772301e-05,0.0,0.34466618299484253
733,guidance_0_capability_0_safety_0,1,0.017246092917048372,250,0.765,0.0,0.75,0,828,0,0,-0.00029883719980716705,0.5479332804679871,1.3544028997421265,0.0007063954835757613,0.0,0.3421170115470886
734,guidance_0_capability_0_safety_0,1,0.02078124936815584,251,0.118125,0.0,0.125,0,84,0,0,-0.0006876668776385486,1.2238280773162842,1.3411242961883545,-0.0006067742360755801,0.0,0.35439205169677734
735,guidance_0_capability_0_safety_0,1,0.21995117070764536,251,0.500625,0.0,0.375,0,340,0,0,4.731988155981526e-05,3.1326680183410645,1.312298059463501,0.00022823954350315034,0.0,0.38096070289611816
736,guidance_0_capability_0_safety_0,1,0.14083984251192305,251,0.734375,0.0,0.75,0,596,0,0,-0.001344176009297371,1.7666802406311035,1.3290956020355225,-0.00030914414674043655,0.0,0.35372400283813477
737,guidance_0_capability_0_safety_0,1,-8.789119601715356e-05,251,0.7975,0.0,0.75,0,852,0,0,-0.0007208781316876411,1.0811519622802734,1.3375861644744873,5.891282853554003e-05,0.0,0.36330944299697876
738,guidance_0_capability_0_safety_0,1,0.1083007790366537,252,0.180625,0.0,0.25,0,108,0,0,-0.00010850963735720143,3.298275947570801,1.3348586559295654,-0.00031872870749793947,0.0,0.3545410633087158
739,guidance_0_capability_0_safety_0,1,0.14239257685403572,252,0.45,0.0,0.375,0,364,0,0,-0.0002097652031807229,2.064412832260132,1.3262686729431152,0.0007932122680358589,0.0,0.3550020456314087
740,guidance_0_capability_0_safety_0,1,0.06266601513198111,252,0.618125,0.0,0.375,0,620,0,0,-0.0007336944108828902,2.818692207336426,1.3345187902450562,0.0005106278695166111,0.0,0.3679370880126953
741,guidance_0_capability_0_safety_0,1,0.029287108496646397,252,0.7275,0.0,0.375,0,876,0,0,-0.0016656182706356049,0.7605873346328735,1.3349508047103882,0.0016310041537508368,0.0,0.35586875677108765
742,guidance_0_capability_0_safety_0,1,0.13335937240844942,254,0.259375,0.0,0.375,0,124,0,0,-0.000173044711118564,15.1983003616333,1.3006752729415894,0.0009673753520473838,0.0,0.3615143895149231
743,guidance_0_capability_0_safety_0,1,0.12474609272612724,254,0.5075,0.0,0.5,0,380,0,0,-0.00018856364476960152,3.0162248611450195,1.2934503555297852,-0.00039882989949546754,0.0,0.3714292049407959
744,guidance_0_capability_0_safety_0,1,0.03448242138256319,254,0.618125,0.0,0.5,0,636,0,0,-0.0003984676150139421,1.1129883527755737,1.3022758960723877,-0.0002841766399797052,0.0,0.36876046657562256
745,guidance_0_capability_0_safety_0,1,0.01975585930631496,254,0.68,0.0,0.75,0,892,0,0,-0.0014563712757080793,1.2723586559295654,1.3063313961029053,0.00019239634275436401,0.0,0.36115771532058716
746,guidance_0_capability_0_safety_0,1,0.07540038916340563,255,0.17625,0.0,0.125,0,148,0,0,-0.0022126745898276567,2.4010446071624756,1.2557896375656128,-0.00027237803442403674,0.0,0.38675937056541443
747,guidance_0_capability_0_safety_0,1,0.19296874811698217,255,0.496875,0.0,0.5,0,404,0,0,0.0013127088313922286,3.368966579437256,1.2771573066711426,0.00013194249186199158,0.0,0.39601001143455505
748,guidance_0_capability_0_safety_0,1,0.1363085930061061,255,0.770625,0.0,0.5,0,660,0,0,-0.0003876586852129549,3.258661985397339,1.2721723318099976,-0.00034422753378748894,0.0,0.3846946954727173
749,guidance_0_capability_0_safety_0,1,0.055458982242271304,255,0.871875,0.0,0.875,0,916,0,0,-0.0014228976797312498,2.9926886558532715,1.280029535293579,0.0011606634361669421,0.0,0.3734574317932129
750,guidance_0_capability_0_safety_0,1,0.0311425767140463,257,0.133125,0.0,0.0,0,153,0,0,-0.0003122196940239519,21.14322853088379,1.2438722848892212,0.00029393332079052925,0.0,0.39486443996429443
751,guidance_0_capability_0_safety_0,1,0.23736327678489033,257,0.505625,0.0,0.5,0,409,0,0,-0.0002908424357883632,3.1962687969207764,1.2058017253875732,0.0005588812637142837,0.0,0.41370028257369995
752,guidance_0_capability_0_safety_0,1,0.08215820162149612,257,0.6675,0.0,0.75,0,665,0,0,-0.0012117981677874923,1.6326533555984497,1.2112219333648682,-0.0009642631630413234,0.0,0.43267524242401123
753,guidance_0_capability_0_safety_0,1,0.03845703028491698,257,0.775625,0.0,0.875,0,921,0,0,-0.0006013140082359314,3.0418810844421387,1.2110522985458374,-0.0004688346234615892,0.0,0.4221125543117523
754,guidance_0_capability_0_safety_0,1,0.23854492005193606,258,0.31875,0.0,0.625,0,177,0,0,0.0007521351799368858,5.936306476593018,1.178393840789795,-0.00030136527493596077,0.0,0.4425581693649292
755,guidance_0_capability_0_safety_0,1,0.10372070199809968,258,0.530625,0.0,0.75,0,433,0,0,-0.00023775982845108956,3.76693058013916,1.176793098449707,2.5921346605173312e-05,0.0,0.4564177393913269
756,guidance_0_capability_0_safety_0,1,0.11643554612237494,258,0.748125,0.0,1.0,0,689,0,0,-0.000507343269418925,3.008817434310913,1.1986255645751953,-0.00022443896159529686,0.0,0.44596943259239197
757,guidance_0_capability_0_safety_0,1,0.026259764985297807,258,0.85,0.0,1.0,0,945,0,0,-0.002296440303325653,0.7886662483215332,1.21052885055542,-0.0007147169671952724,0.0,0.41235917806625366
758,guidance_0_capability_0_safety_0,1,0.2562597625947092,259,0.349375,0.0,0.625,0,201,0,0,-0.0011330898851156235,7.067229270935059,1.2338550090789795,-0.0012255499605089426,0.0,0.40911537408828735
759,guidance_0_capability_0_safety_0,1,0.13082031038356945,259,0.565,0.0,1.0,0,457,0,0,-0.002798677422106266,3.3143110275268555,1.266497015953064,0.000424258119892329,0.0,0.39650702476501465
760,guidance_0_capability_0_safety_0,1,0.03578124990599463,259,0.688125,0.0,1.0,0,713,0,0,-0.00012110918760299683,1.0833089351654053,1.3143188953399658,-0.0013764749746769667,0.0,0.3750700354576111
761,guidance_0_capability_0_safety_0,1,-0.01711914099723799,259,0.7275,0.0,1.0,0,969,0,0,-0.000311228446662426,0.2789140045642853,1.349252700805664,-0.00014542555436491966,0.0,0.36004599928855896
762,guidance_0_capability_0_safety_0,1,0.1595507796300808,260,0.32625,0.0,0.0,0,225,0,0,-0.004013560712337494,2.1241023540496826,1.357401728630066,0.004151547327637672,0.0,0.3647313714027405
763,guidance_0_capability_0_safety_0,1,0.20842773380718427,260,0.63125,0.0,0.625,0,481,0,0,-0.004133228212594986,5.663130283355713,1.4100549221038818,0.0007865786319598556,0.0,0.31942927837371826
764,guidance_0_capability_0_safety_0,1,0.030234374422434485,260,0.738125,0.0,0.625,0,737,0,0,-0.004306413233280182,0.7208300828933716,1.4531733989715576,0.0029918327927589417,0.0,0.3077866733074188
765,guidance_0_capability_0_safety_0,1,0.01856445196972345,260,0.808125,0.0,0.75,0,993,0,0,-0.00388936884701252,1.0868921279907227,1.4900095462799072,-0.00018836667004507035,0.0,0.27885115146636963
766,guidance_0_capability_0_safety_0,1,0.22843749746971298,261,0.37875,0.0,0.375,0,249,0,0,-0.002868093317374587,1.5925410985946655,1.5034006834030151,0.0024187860544770956,0.0,0.2709014415740967
767,guidance_0_capability_0_safety_0,1,0.0918066393060144,261,0.55625,0.0,0.625,0,505,0,0,0.0012215295573696494,3.8761394023895264,1.5355041027069092,0.0005555916577577591,0.0,0.25429078936576843
768,guidance_0_capability_0_safety_0,1,0.03446289036219241,261,0.655,0.0,0.75,0,761,0,0,-0.0003125034272670746,1.2719905376434326,1.536843180656433,-3.067590296268463e-05,0.0,0.2506042718887329
769,guidance_0_capability_0_safety_0,1,-0.008837891517032403,262,0.02875,0.0,0.0,0,17,0,0,-0.001026864512823522,0.3437594473361969,1.5515121221542358,-0.0003222980012651533,0.0,0.2605816125869751
770,guidance_0_capability_0_safety_0,1,0.26071288881939836,262,0.451875,0.0,0.375,0,273,0,0,-0.00035019125789403915,4.055727481842041,1.538290023803711,0.0011321937199681997,0.0,0.2576724588871002
771,guidance_0_capability_0_safety_0,1,0.09976562233350705,262,0.594375,0.0,0.875,0,529,0,0,-0.0009081099997274578,2.7170019149780273,1.5397409200668335,0.0020818281918764114,0.0,0.26624804735183716
772,guidance_0_capability_0_safety_0,1,0.018134765054128366,262,0.68125,0.0,0.875,0,785,0,0,-0.004416835028678179,0.3953624367713928,1.5664485692977905,0.001711032586172223,0.0,0.2546551525592804
773,guidance_0_capability_0_safety_0,1,0.0007324217294808477,264,0.02875,0.0,0.0,0,18,0,0,0.0002477659727446735,19.40414810180664,1.5989450216293335,-0.0012694867327809334,0.0,0.23913483321666718
774,guidance_0_capability_0_safety_0,1,0.19818359211058123,264,0.334375,0.0,0.5,0,274,0,0,-0.00028360605938360095,4.037329196929932,1.5811357498168945,0.0006160565535537899,0.0,0.240223690867424
775,guidance_0_capability_0_safety_0,1,0.10874999901716365,264,0.53125,0.0,0.75,0,530,0,0,0.0005153042147867382,1.8650896549224854,1.602391004562378,0.0007957937195897102,0.0,0.23705868422985077
776,guidance_0_capability_0_safety_0,1,-0.00028320310957496986,264,0.588125,0.0,0.75,0,786,0,0,-0.0016869313549250364,0.6324899196624756,1.6099495887756348,-0.0008472436456941068,0.0,0.23404446244239807
777,guidance_0_capability_0_safety_0,1,0.0921386694026296,265,0.17125,0.0,0.375,0,75,0,0,-0.0007357075810432434,3.0322117805480957,1.5949430465698242,-0.0007488119881600142,0.0,0.24995484948158264
778,guidance_0_capability_0_safety_0,1,0.12808593536465196,265,0.419375,0.0,0.5,0,331,0,0,-0.0015688070561736822,2.5203003883361816,1.6012067794799805,0.001556888921186328,0.0,0.23804637789726257
779,guidance_0_capability_0_safety_0,1,0.11815429529815447,265,0.665625,0.0,0.75,0,587,0,0,-0.0014940183609724045,4.444333076477051,1.5669689178466797,0.0007801527972333133,0.0,0.24840132892131805
780,guidance_0_capability_0_safety_0,1,0.07379882616078248,265,0.8125,0.0,1.0,0,843,0,0,-0.00112217478454113,2.510725498199463,1.58279550075531,0.0007963852258399129,0.0,0.24154090881347656
781,guidance_0_capability_0_safety_0,1,0.049921874844585545,266,0.14125,0.0,0.125,0,102,0,0,-0.0018048444762825966,1.6179895401000977,1.5471404790878296,0.0005362053634598851,0.0,0.24985367059707642
782,guidance_0_capability_0_safety_0,1,0.16647460757667432,266,0.45,0.0,0.25,0,358,0,0,-0.00207712734118104,1.8470520973205566,1.5689105987548828,-8.671451359987259e-05,0.0,0.24549517035484314
783,guidance_0_capability_0_safety_0,1,0.07527343695255695,266,0.575,0.0,0.625,0,614,0,0,-0.0003184288216289133,2.805788516998291,1.5754859447479248,7.07401613908587e-06,0.0,0.23743300139904022
784,guidance_0_capability_0_safety_0,1,0.014824218065768946,266,0.6675,0.0,0.625,0,870,0,0,-0.005572186782956123,0.6619207859039307,1.5933998823165894,0.0011295366566628218,0.0,0.23578667640686035
785,guidance_0_capability_0_safety_0,1,0.15968749764579115,267,0.220625,0.0,0.25,0,126,0,0,7.754005491733551e-05,5.058719635009766,1.564835548400879,0.0006472652312368155,0.0,0.24192044138908386
786,guidance_0_capability_0_safety_0,1,0.1475292962277308,267,0.4875,0.0,0.5,0,382,0,0,0.0007750820368528366,1.395378828048706,1.5785101652145386,0.0007510199211537838,0.0,0.24196606874465942
787,guidance_0_capability_0_safety_0,1,0.022421874360588845,267,0.598125,0.0,0.5,0,638,0,0,-0.0010802485048770905,1.8448208570480347,1.584564447402954,0.0009263711399398744,0.0,0.24650907516479492
788,guidance_0_capability_0_safety_0,1,-0.020605469471774995,267,0.641875,0.0,0.5,0,894,0,0,-0.0007475038873963058,0.5790871977806091,1.573853850364685,-0.0002311791031388566,0.0,0.25382548570632935
789,guidance_0_capability_0_safety_0,1,0.1397460928419605,268,0.271875,0.0,0.125,0,150,0,0,-0.001990123651921749,1.6786303520202637,1.5459413528442383,-0.000987167819403112,0.0,0.2599642276763916
790,guidance_0_capability_0_safety_0,1,0.24548828089609742,268,0.601875,0.0,1.0,0,406,0,0,-0.0012740943348035216,8.357515335083008,1.5719170570373535,-0.0004733117239084095,0.0,0.2452538013458252
791,guidance_0_capability_0_safety_0,1,0.02730468708614353,268,0.713125,0.0,1.0,0,662,0,0,-0.006421010475605726,1.1165978908538818,1.5851821899414062,-0.0009252188028767705,0.0,0.2370603084564209
792,guidance_0_capability_0_safety_0,1,-0.017470703649451025,268,0.7525,0.0,1.0,0,918,0,0,-0.004068006295710802,0.5774828195571899,1.6116549968719482,0.005163243971765041,0.0,0.22951817512512207
793,guidance_0_capability_0_safety_0,1,0.12331054468086222,269,0.1675,0.0,0.375,0,174,0,0,-0.0014810345601290464,3.1987175941467285,1.6297147274017334,-0.002228765282779932,0.0,0.22310948371887207
794,guidance_0_capability_0_safety_0,1,0.14772460894891992,269,0.43875,0.0,0.625,0,430,0,0,-0.001153768738731742,4.246059894561768,1.6201188564300537,-0.0007736838888376951,0.0,0.22908084094524384
795,guidance_0_capability_0_safety_0,1,0.07887695303361397,269,0.613125,0.0,0.75,0,686,0,0,-0.001780286431312561,2.000769853591919,1.6395585536956787,0.0013736637774854898,0.0,0.2182818055152893
796,guidance_0_capability_0_safety_0,1,0.03282226370356511,269,0.72625,0.0,0.875,0,942,0,0,-0.00019438783056102693,2.153005599975586,1.633048415184021,-0.0008176460396498442,0.0,0.2177165448665619
797,guidance_0_capability_0_safety_0,1,0.16772460752690677,271,0.231875,0.0,0.5,0,175,0,0,-0.00013385403144638985,21.44426727294922,1.6159217357635498,0.0008549282210879028,0.0,0.2276904582977295
798,guidance_0_capability_0_safety_0,1,0.07642578062950633,271,0.4025,0.0,0.625,0,431,0,0,-0.002076179487630725,3.1244075298309326,1.638828992843628,-0.0001660596317378804,0.0,0.2164156138896942
799,guidance_0_capability_0_safety_0,1,0.16478515512426384,271,0.67625,0.0,1.0,0,687,0,0,-0.00019650658941827714,3.39729642868042,1.6387412548065186,0.00044395271106623113,0.0,0.22472429275512695
800,guidance_0_capability_0_safety_0,1,0.0024804674612823874,271,0.756875,0.0,1.0,0,943,0,0,-0.0013593723997473717,1.5860826969146729,1.6272677183151245,-0.0004379283054731786,0.0,0.22296592593193054
801,guidance_0_capability_0_safety_0,1,0.0993554664455587,274,0.166875,0.0,0.125,0,114,0,0,-0.0009044973994605243,37.70995330810547,1.6105302572250366,0.00047354603884741664,0.0,0.23332270979881287
802,guidance_0_capability_0_safety_0,1,0.14334960907581262,274,0.406875,0.0,0.5,0,370,0,0,-0.0015420641284435987,4.706671714782715,1.640761137008667,0.0008070580661296844,0.0,0.21660646796226501
803,guidance_0_capability_0_safety_0,1,0.11918945296201855,274,0.625625,0.0,0.75,0,626,0,0,-0.00039659347385168076,3.009845495223999,1.6417615413665771,0.0006668608984909952,0.0,0.2187047004699707
804,guidance_0_capability_0_safety_0,1,-0.009521485262666829,274,0.705625,0.0,0.875,0,882,0,0,-0.0007668600301258266,1.5732779502868652,1.6494210958480835,0.00027224072255194187,0.0,0.21316568553447723
805,guidance_0_capability_0_safety_0,1,0.15462890474009328,275,0.288125,0.0,0.125,0,138,0,0,-0.0004365661588963121,2.410027027130127,1.6433589458465576,0.0005751457065343857,0.0,0.21386411786079407
806,guidance_0_capability_0_safety_0,1,0.24355468613066478,276,0.335,0.0,0.625,0,217,0,0,-0.0018349358579143882,16.19325828552246,1.6299247741699219,0.001177650992758572,0.0,0.21687917411327362
807,guidance_0_capability_0_safety_0,1,0.12190429774636868,276,0.555625,0.0,0.875,0,473,0,0,-0.004870843142271042,1.4559763669967651,1.626544713973999,-0.0030427349265664816,0.0,0.22646737098693848
808,guidance_0_capability_0_safety_0,1,0.062431639333226485,276,0.715,0.0,1.0,0,729,0,0,-0.0006107452209107578,2.6210265159606934,1.6344255208969116,-0.0011338222539052367,0.0,0.2128504365682602
809,guidance_0_capability_0_safety_0,1,-0.011728516488801688,276,0.77,0.0,1.0,0,985,0,0,-0.003539422992616892,0.7335719466209412,1.6352849006652832,-0.0011329611297696829,0.0,0.21812033653259277
810,guidance_0_capability_0_safety_0,1,0.21799804581678472,278,0.395625,0.0,0.25,0,231,0,0,-0.0022656265646219254,17.081186294555664,1.6108157634735107,0.0003822058788500726,0.0,0.22390644252300262
811,guidance_0_capability_0_safety_0,1,0.08229492008103989,278,0.555625,0.0,0.5,0,487,0,0,-7.44645221857354e-05,4.311832427978516,1.6018714904785156,-0.00041726030758582056,0.0,0.23196643590927124
812,guidance_0_capability_0_safety_0,1,0.08281249961873982,278,0.735,0.0,0.625,0,743,0,0,5.243967279966455e-06,2.179126024246216,1.6084773540496826,-0.00021799863316118717,0.0,0.23079296946525574
813,guidance_0_capability_0_safety_0,1,0.05607421832246473,278,0.846875,0.0,0.875,0,999,0,0,-0.00010395422577857971,2.9401655197143555,1.587268590927124,-0.0005673975683748722,0.0,0.2363022416830063
814,guidance_0_capability_0_safety_0,1,0.20761718738867785,280,0.385,0.0,0.375,0,240,0,0,-0.0016096725594252348,23.583581924438477,1.5699647665023804,0.0008425784180872142,0.0,0.23765751719474792
815,guidance_0_capability_0_safety_0,1,0.10756836002110504,280,0.565625,0.0,0.75,0,496,0,0,-0.0011529646581038833,2.662207841873169,1.5804448127746582,-0.00021771606407128274,0.0,0.23883645236492157
816,guidance_0_capability_0_safety_0,1,0.019374999585124897,280,0.640625,0.0,0.875,0,752,0,0,-0.0008250034297816455,1.6416360139846802,1.5728014707565308,0.00041756912833079696,0.0,0.23642849922180176
817,guidance_0_capability_0_safety_0,1,-0.027675781813741196,281,0.013125,0.0,0.0,0,8,0,0,-0.0012719290098175406,0.27637141942977905,1.5903362035751343,-0.00018263973470311612,0.0,0.2367270439863205
818,guidance_0_capability_0_safety_0,1,0.24475585745312856,281,0.390625,0.0,0.5,0,264,0,0,-0.000560333370231092,4.401988506317139,1.5639561414718628,-0.0004175503272563219,0.0,0.24444735050201416
819,guidance_0_capability_0_safety_0,1,0.09183593815032509,281,0.5825,0.0,0.625,0,520,0,0,-0.0004926376859657466,0.971109926700592,1.581233024597168,6.680920341750607e-05,0.0,0.2416740357875824
820,guidance_0_capability_0_safety_0,1,-0.0041406254094908945,281,0.6425,0.0,0.625,0,776,0,0,0.00032701127929612994,0.5332555770874023,1.5784223079681396,-0.00023617129772901535,0.0,0.24052923917770386
821,guidance_0_capability_0_safety_0,1,-0.042500000963627826,283,0.04,0.0,0.0,0,23,0,0,-0.0004000465269200504,13.795858383178711,1.5728607177734375,0.0006307492731139064,0.0,0.24283508956432343
822,guidance_0_capability_0_safety_0,1,0.22410156322439434,283,0.405,0.0,0.375,0,279,0,0,-0.0010169129818677902,4.353976726531982,1.56662118434906,-0.00045710313133895397,0.0,0.24204513430595398
823,guidance_0_capability_0_safety_0,1,0.12500976427691057,283,0.62625,0.0,0.625,0,535,0,0,-0.00027537549613043666,2.2838058471679688,1.5509846210479736,0.0002315860183443874,0.0,0.24335072934627533
824,guidance_0_capability_0_safety_0,1,0.08686523455980932,283,0.80125,0.0,0.875,0,791,0,0,-0.0007123138639144599,3.792900800704956,1.5710530281066895,5.136205436429009e-05,0.0,0.2437019944190979
825,guidance_0_capability_0_safety_0,1,0.030244139910792,284,0.103125,0.0,0.0,0,47,0,0,-0.0028943053912371397,0.6514066457748413,1.566178798675537,-0.00042290048440918326,0.0,0.24507620930671692
826,guidance_0_capability_0_safety_0,1,0.18842773423239123,284,0.41375,0.0,0.375,0,303,0,0,-0.001398873864673078,5.302547931671143,1.5359071493148804,0.0017468465957790613,0.0,0.2441643923521042
827,guidance_0_capability_0_safety_0,1,0.06816406072175596,284,0.569375,0.0,0.5,0,559,0,0,0.000321588187944144,0.7577598690986633,1.526519775390625,0.0005886293365620077,0.0,0.25173312425613403
828,guidance_0_capability_0_safety_0,1,0.041376953271537786,284,0.699375,0.0,0.5,0,815,0,0,-0.0013654365902766585,1.3092104196548462,1.5063490867614746,0.0003620857314672321,0.0,0.2643120288848877
829,guidance_0_capability_0_safety_0,1,0.06663085917170974,285,0.125625,0.0,0.25,0,71,0,0,4.390875801618677e-06,1.5346282720565796,1.5114482641220093,0.0005293553695082664,0.0,0.265506386756897
830,guidance_0_capability_0_safety_0,1,0.19160156216821633,285,0.458125,0.0,0.5,0,327,0,0,-0.0023654866963624954,3.1387171745300293,1.5194404125213623,0.0005341451033018529,0.0,0.26006263494491577
831,guidance_0_capability_0_safety_0,1,0.1417968738824129,285,0.675625,0.0,1.0,0,583,0,0,0.000720997981261462,6.674744606018066,1.5439651012420654,-0.0015094091650098562,0.0,0.24587778747081757
832,guidance_0_capability_0_safety_0,1,0.04714843680267222,285,0.8175,0.0,1.0,0,839,0,0,-0.0009789904579520226,2.9460959434509277,1.5612291097640991,-0.0005152322701178491,0.0,0.24620138108730316
833,guidance_0_capability_0_safety_0,1,0.05911132776236627,287,0.10875,0.0,0.125,0,85,0,0,-0.0007750267977826297,16.629539489746094,1.5475492477416992,-4.535432526608929e-05,0.0,0.24784699082374573
834,guidance_0_capability_0_safety_0,1,0.07860351531417109,287,0.300625,0.0,0.125,0,341,0,0,-0.00013928147382102907,4.685884475708008,1.5680866241455078,0.0006233489839360118,0.0,0.24700233340263367
835,guidance_0_capability_0_safety_0,1,-0.028203125362779247,287,0.3175,0.0,0.125,0,597,0,0,-0.000430242478614673,5.949877738952637,1.5680207014083862,-0.000123483594506979,0.0,0.24184899032115936
836,guidance_0_capability_0_safety_0,1,0.11961914019775577,287,0.526875,0.0,0.375,0,853,0,0,-0.0005181056330911815,6.014166355133057,1.5697133541107178,0.00046226446283981204,0.0,0.24201583862304688
837,guidance_0_capability_0_safety_0,1,0.15087890485301614,288,0.214375,0.0,0.25,0,109,0,0,-0.0005409395089372993,2.353593111038208,1.5575623512268066,-0.000205551041290164,0.0,0.2426547259092331
838,guidance_0_capability_0_safety_0,1,0.14829101410578005,288,0.4625,0.0,0.625,0,365,0,0,-0.0012118074810132384,2.537416934967041,1.5785984992980957,0.0009662595111876726,0.0,0.24400225281715393
839,guidance_0_capability_0_safety_0,1,0.039990234556171345,288,0.584375,0.0,0.625,0,621,0,0,-0.002766363089904189,0.4581075608730316,1.5808866024017334,-0.0013482391368597746,0.0,0.23220881819725037
840,guidance_0_capability_0_safety_0,1,0.09040039106912445,288,0.75375,0.0,0.875,0,877,0,0,3.759656101465225e-05,5.175894737243652,1.5777528285980225,0.002523075556382537,0.014322916977107525,0.23940300941467285
841,guidance_0_capability_0_safety_0,1,0.1468749978885171,289,0.22375,0.0,0.25,0,133,0,0,-0.0002688703534658998,1.630689024925232,1.5760730504989624,5.987317854305729e-05,0.0,0.23470959067344666
842,guidance_0_capability_0_safety_0,1,0.10641601602037554,289,0.398125,0.0,0.625,0,389,0,0,-8.788456761976704e-05,1.9738869667053223,1.5815351009368896,0.0005227039800956845,0.0,0.23559623956680298
843,guidance_0_capability_0_safety_0,1,0.015957031198922778,289,0.475,0.0,0.625,0,645,0,0,-0.0002745666424743831,1.1563546657562256,1.5796645879745483,0.00027133332332596183,0.0,0.22697332501411438
844,guidance_0_capability_0_safety_0,1,-0.018261718982103048,289,0.49875,0.0,0.625,0,901,0,0,-0.0004630535840988159,0.3162136375904083,1.582526683807373,-0.0009232005104422569,0.0,0.23111554980278015
845,guidance_0_capability_0_safety_0,1,0.17198242061567726,290,0.255625,0.0,0.5,0,157,0,0,-0.0010848402744159102,3.6304702758789062,1.5813844203948975,2.6812467694981024e-05,0.0,0.22823624312877655
846,guidance_0_capability_0_safety_0,1,0.07478515588081791,290,0.411875,0.0,0.625,0,413,0,0,-0.0019427097868174314,1.5725219249725342,1.5714294910430908,-0.00013254179793875664,0.0,0.23844227194786072
847,guidance_0_capability_0_safety_0,1,0.028466796695283847,290,0.519375,0.0,0.625,0,669,0,0,-0.0026462594978511333,0.6391249895095825,1.5635056495666504,-0.0006625146488659084,0.0,0.24069373309612274
848,guidance_0_capability_0_safety_0,1,0.06818359358294401,290,0.644375,0.0,0.875,0,925,0,0,-0.0021913275122642517,5.140684127807617,1.5497322082519531,0.0019476693123579025,0.0,0.24076764285564423
849,guidance_0_capability_0_safety_0,1,0.16094726406299742,291,0.264375,0.0,0.375,0,181,0,0,-0.004182297736406326,2.7774345874786377,1.5323948860168457,0.0026604896411299706,0.0,0.24487775564193726
850,guidance_0_capability_0_safety_0,1,0.13461913981154794,291,0.519375,0.0,0.5,0,437,0,0,-0.0028727748431265354,1.7762348651885986,1.5144962072372437,0.00021870450291316956,0.0,0.2587633728981018
851,guidance_0_capability_0_safety_0,1,-0.0011132811632705852,291,0.581875,0.0,0.5,0,693,0,0,0.00018591775733511895,1.8312498331069946,1.508776068687439,-0.0005876526120118797,0.0,0.2602221965789795
852,guidance_0_capability_0_safety_0,1,-0.007792969234287739,291,0.63375,0.0,0.5,0,949,0,0,-0.0010894699953496456,0.7556157112121582,1.490954875946045,-6.342089909594506e-05,0.0,0.26828259229660034
853,guidance_0_capability_0_safety_0,1,0.16716796843684278,292,0.279375,0.0,0.25,0,205,0,0,-0.0022178608924150467,1.1190552711486816,1.4642938375473022,-0.00011450487363617867,0.0,0.2738460898399353
854,guidance_0_capability_0_safety_0,1,0.05833984243508894,292,0.399375,0.0,0.5,0,461,0,0,-0.0007574328919872642,4.066164970397949,1.4370664358139038,0.0013536205515265465,0.0,0.2839199900627136
855,guidance_0_capability_0_safety_0,1,0.017802733382268343,292,0.47125,0.0,0.625,0,717,0,0,-0.0020834836177527905,1.34775710105896,1.4269933700561523,0.0006096932920627296,0.0,0.2944321930408478
856,guidance_0_capability_0_safety_0,1,0.05193359368422534,292,0.598125,0.0,0.75,0,973,0,0,0.0010615065693855286,4.563842296600342,1.405156135559082,-0.0011653057299554348,0.0,0.32154712080955505
857,guidance_0_capability_0_safety_0,1,0.1922167973680189,294,0.31,0.0,0.5,0,211,0,0,-0.001223881496116519,20.355899810791016,1.3624433279037476,7.225557783385739e-05,0.0,0.3305715322494507
858,guidance_0_capability_0_safety_0,1,0.06935546778549906,294,0.4825,0.0,0.5,0,467,0,0,-0.0020400199573487043,1.1332221031188965,1.3781459331512451,-0.0008204290643334389,0.0,0.3161205053329468
859,guidance_0_capability_0_safety_0,1,-0.01257812522817403,294,0.52,0.0,0.5,0,723,0,0,-0.0011349990963935852,0.7301111221313477,1.3622392416000366,-0.0014504160499200225,0.0,0.33722612261772156
860,guidance_0_capability_0_safety_0,1,-0.0304101568472106,294,0.5325,0.0,0.5,0,979,0,0,-0.00042587582720443606,0.2906174659729004,1.368801474571228,0.0006451310473494232,0.0,0.339402973651886
861,guidance_0_capability_0_safety_0,1,0.2606054688949371,295,0.406875,0.0,0.5,0,235,0,0,-0.0006980597972869873,6.6660990715026855,1.3313605785369873,0.00012239007628522813,0.0,0.3480488657951355
862,guidance_0_capability_0_safety_0,1,0.04149414047788014,295,0.514375,0.0,0.625,0,491,0,0,-0.002575146732851863,2.0984957218170166,1.3357523679733276,0.0014892773469910026,0.0,0.3352115750312805
863,guidance_0_capability_0_safety_0,1,0.026845701737329364,295,0.600625,0.0,0.75,0,747,0,0,-0.0008051702752709389,0.8327051401138306,1.348726511001587,1.2339791283011436e-05,0.0013020833721384406,0.33667320013046265
864,guidance_0_capability_0_safety_0,1,-0.01746093779001967,296,0.00875,0.0,0.0,0,3,0,0,-0.0038487266283482313,0.37883758544921875,1.3485420942306519,-0.00034410180523991585,0.01953125,0.3379879593849182
865,guidance_0_capability_0_safety_0,1,0.1646874986254261,296,0.24375,0.0,0.5,0,259,0,0,-0.00016009311366360635,3.069399118423462,1.364557147026062,-0.0024419655092060566,0.0,0.3321881890296936
866,guidance_0_capability_0_safety_0,1,0.10027343822002877,296,0.435,0.0,0.625,0,515,0,0,0.0012999975588172674,2.49587345123291,1.387606143951416,0.0008371085859835148,0.0,0.32471930980682373
867,guidance_0_capability_0_safety_0,1,0.02347656267011189,296,0.5125,0.0,0.75,0,771,0,0,-0.0036494347732514143,1.0474525690078735,1.410170316696167,0.003689879085868597,0.0,0.32272085547447205
868,guidance_0_capability_0_safety_0,1,0.030253906807047315,297,0.05875,0.0,0.125,0,27,0,0,-0.006315946578979492,0.3763471841812134,1.4647302627563477,0.002697676420211792,0.0,0.2816125750541687
869,guidance_0_capability_0_safety_0,1,0.25470703274186235,297,0.435,0.0,0.75,0,283,0,0,0.004147467669099569,4.542611122131348,1.4867808818817139,0.0018496534321457148,0.0,0.2667352855205536
870,guidance_0_capability_0_safety_0,1,0.07081054597801995,297,0.586875,0.0,0.875,0,539,0,0,0.000277654587989673,1.7810003757476807,1.505782127380371,9.774044156074524e-05,0.0,0.25334906578063965
871,guidance_0_capability_0_safety_0,1,-0.011630859786237124,297,0.625625,0.0,0.875,0,795,0,0,-0.0048995353281497955,0.41537725925445557,1.5125689506530762,0.0011542742140591145,0.0,0.24984847009181976
872,guidance_0_capability_0_safety_0,1,0.06182617133890744,298,0.113125,0.0,0.125,0,51,0,0,-0.0025963280349969864,1.411299467086792,1.515432596206665,0.00546965142711997,0.0,0.2434525191783905
873,guidance_0_capability_0_safety_0,1,0.1299023456267605,298,0.32375,0.0,0.5,0,307,0,0,-0.0007505659013986588,3.995015859603882,1.5030710697174072,0.0028578422497957945,0.0,0.24748504161834717
874,guidance_0_capability_0_safety_0,1,0.06660156325960997,298,0.468125,0.0,0.625,0,563,0,0,0.0005972323706373572,2.2661075592041016,1.499138593673706,0.00018428731709718704,0.0,0.25301361083984375
875,guidance_0_capability_0_safety_0,1,-0.0007128909419407137,298,0.51875,0.0,0.625,0,819,0,0,-0.001587051898241043,0.37028729915618896,1.5140546560287476,0.0002545894531067461,0.0,0.25228404998779297
876,guidance_0_capability_0_safety_0,1,0.08565429622103693,299,0.120625,0.0,0.125,0,75,0,0,-1.0473653674125671e-05,1.6178396940231323,1.4971153736114502,0.0001440742053091526,0.0,0.25302520394325256
877,guidance_0_capability_0_safety_0,1,0.18294921948836418,299,0.4375,0.0,0.375,0,331,0,0,-0.001466553658246994,2.2844138145446777,1.5096099376678467,0.0006041362648829818,0.0,0.2608763575553894
878,guidance_0_capability_0_safety_0,1,0.14670898455005954,299,0.679375,0.0,0.75,0,587,0,0,0.0007143359398469329,3.6692161560058594,1.5076220035552979,0.0008713174611330032,0.0,0.25738662481307983
879,guidance_0_capability_0_safety_0,1,-0.014091797362198122,299,0.7175,0.0,0.75,0,843,0,0,-0.00023152089852374047,0.33380985260009766,1.5312989950180054,-0.00011222359898965806,0.0,0.24586467444896698
880,guidance_0_capability_0_safety_0,1,0.09221679519396275,300,0.163125,0.0,0.125,0,99,0,0,-0.0016079619526863098,0.9423190355300903,1.5316604375839233,6.686469714622945e-05,0.0,0.24481993913650513
881,guidance_0_capability_0_safety_0,1,0.09819336050350103,300,0.334375,0.0,0.375,0,355,0,0,-0.0017252583056688309,2.5216002464294434,1.5247924327850342,0.0018611089326441288,0.0,0.2432868331670761
882,guidance_0_capability_0_safety_0,1,0.07346679475813289,300,0.47375,0.0,0.625,0,611,0,0,-0.0011183787137269974,1.6831793785095215,1.5300201177597046,-1.7814338207244873e-05,0.0,0.2415141463279724
883,guidance_0_capability_0_safety_0,1,0.05125976442286628,300,0.600625,0.0,0.75,0,867,0,0,0.00011485225695651025,2.7091827392578125,1.5141627788543701,-3.9441511034965515e-05,0.0,0.251495897769928
884,guidance_0_capability_0_safety_0,1,0.14106445495781372,301,0.113125,0.0,0.125,0,123,0,0,-0.0005941049894317985,6.220019817352295,1.5231080055236816,0.0005828827852383256,0.0,0.24879074096679688
885,guidance_0_capability_0_safety_0,1,0.22297851606708718,301,0.51125,0.0,0.25,0,379,0,0,-0.0005219709128141403,1.2571508884429932,1.5095351934432983,-0.00044614015496335924,0.0,0.2564217448234558
886,guidance_0_capability_0_safety_0,1,0.03287109213124495,301,0.605,0.0,0.375,0,635,0,0,-0.00023824101663194597,1.8662159442901611,1.5284655094146729,3.205876419087872e-05,0.0,0.24932822585105896
887,guidance_0_capability_0_safety_0,1,0.034550780670542736,301,0.701875,0.0,0.5,0,891,0,0,-0.0018088904907926917,1.6204081773757935,1.5110620260238647,0.0003499012382235378,0.0,0.2547527253627777
888,guidance_0_capability_0_safety_0,1,0.13568359372584382,302,0.229375,0.0,0.375,0,147,0,0,-0.001238115830346942,2.94920015335083,1.4980475902557373,0.0005670017562806606,0.0,0.2609367370605469
889,guidance_0_capability_0_safety_0,1,0.12260742082435172,302,0.445,0.0,0.625,0,403,0,0,-0.0012559968745335937,2.696622371673584,1.5078853368759155,9.065944323083386e-05,0.0,0.2540479600429535
890,guidance_0_capability_0_safety_0,1,0.08321289019295364,302,0.6,0.0,0.875,0,659,0,0,-0.000393819238524884,4.053735256195068,1.518018126487732,-0.00010704800661187619,0.0,0.2546956539154053
891,guidance_0_capability_0_safety_0,1,0.03725585887877969,302,0.719375,0.0,0.875,0,915,0,0,-0.005679849535226822,0.6946380138397217,1.5314757823944092,-0.0006600060733035207,0.0,0.24884216487407684
892,guidance_0_capability_0_safety_0,1,0.1457910167009686,303,0.21,0.0,0.125,0,171,0,0,0.004586484283208847,4.313658237457275,1.485282301902771,0.002024413086473942,0.0026041667442768812,0.2657681703567505
893,guidance_0_capability_0_safety_0,1,0.12972656334750354,303,0.465625,0.0,0.25,0,427,0,0,0.0008811634033918381,1.831170678138733,1.4580087661743164,0.0027463827282190323,0.0,0.285378098487854
894,guidance_0_capability_0_safety_0,1,0.10381835882435553,303,0.661875,0.0,0.5,0,683,0,0,-0.0010189616587013006,2.5359201431274414,1.4666837453842163,-0.000162713389727287,0.0,0.28041642904281616
895,guidance_0_capability_0_safety_0,1,0.03409179656227934,303,0.779375,0.0,0.5,0,939,0,0,-0.002355793258175254,0.9465196132659912,1.4667627811431885,0.0026520718820393085,0.0,0.2855030298233032
896,guidance_0_capability_0_safety_0,1,0.2472363254346419,304,0.41,0.0,0.375,0,195,0,0,-0.0011584495659917593,2.7192137241363525,1.4765071868896484,-0.0009798785904422402,0.0,0.27220895886421204
897,guidance_0_capability_0_safety_0,1,0.034345701526035555,304,0.515,0.0,0.5,0,451,0,0,-0.0005003390833735466,4.442621231079102,1.496835470199585,-0.0008898156229406595,0.0,0.273600310087204
898,guidance_0_capability_0_safety_0,1,0.06888671855267603,304,0.67375,0.0,0.625,0,707,0,0,-0.0035623102448880672,2.8354649543762207,1.4888747930526733,0.0014626700431108475,0.0,0.27087706327438354
899,guidance_0_capability_0_safety_0,1,-0.016738281905418262,304,0.715625,0.0,0.625,0,963,0,0,-0.0023670499213039875,0.9032535552978516,1.4793046712875366,-0.0005404841504059732,0.0,0.2869764566421509
900,guidance_0_capability_0_safety_0,1,0.19537109207885806,305,0.345625,0.0,0.25,0,219,0,0,-0.0015094892587512732,2.420480251312256,1.3739681243896484,0.0024888860061764717,0.0,0.31115806102752686
901,guidance_0_capability_0_safety_0,1,0.12837890387163498,305,0.563125,0.0,0.625,0,475,0,0,-0.0003967937082052231,1.8719875812530518,1.3909224271774292,0.0009987277444452047,0.0,0.3217497169971466
902,guidance_0_capability_0_safety_0,1,0.05786132639332209,305,0.705,0.0,0.75,0,731,0,0,-0.0021430994383990765,1.4797086715698242,1.400051474571228,-0.0013350569643080235,0.0,0.31591010093688965
903,guidance_0_capability_0_safety_0,1,0.04794921865686774,305,0.825625,0.0,0.875,0,987,0,0,-0.0001123224719776772,2.6562161445617676,1.4320753812789917,-0.0005047923186793923,0.0,0.29950952529907227
904,guidance_0_capability_0_safety_0,1,0.23863280976365786,306,0.384375,0.0,0.375,0,243,0,0,-0.0011812075972557068,2.708106279373169,1.40976881980896,-0.0004725963226519525,0.0,0.30658578872680664
905,guidance_0_capability_0_safety_0,1,0.11603515570459422,306,0.615,0.0,0.5,0,499,0,0,-0.0009769307216629386,2.378765106201172,1.410334587097168,0.00041072111343964934,0.0,0.2978246808052063
906,guidance_0_capability_0_safety_0,1,0.03528320220357273,306,0.718125,0.0,0.625,0,755,0,0,-0.0021950684022158384,1.728290319442749,1.430242896080017,-0.0005416639032773674,0.0,0.29093173146247864
907,guidance_0_capability_0_safety_0,1,-0.002441406461002771,307,0.0175,0.0,0.0,0,11,0,0,-0.0018781614489853382,0.35812780261039734,1.4073982238769531,-0.0006383522413671017,0.0,0.3010764718055725
908,guidance_0_capability_0_safety_0,1,0.24345703126164153,307,0.359375,0.0,0.75,0,267,0,0,0.0002004513517022133,10.007718086242676,1.3298187255859375,-0.0001698976120678708,0.0,0.340448796749115
909,guidance_0_capability_0_safety_0,1,0.12351562261756044,307,0.6025,0.0,0.875,0,523,0,0,-0.0006039462750777602,5.160467147827148,1.369964599609375,-0.00022846119827590883,0.0,0.32248491048812866
910,guidance_0_capability_0_safety_0,1,0.009023437123687472,307,0.681875,0.0,0.875,0,779,0,0,-0.0016930883284658194,0.4070447087287903,1.3748924732208252,-0.0004024864174425602,0.0,0.32359540462493896
911,guidance_0_capability_0_safety_0,1,0.0012988274829695001,308,0.060625,0.0,0.0,0,35,0,0,-0.0015651214634999633,0.36701786518096924,1.31425142288208,-0.00043475767597556114,0.0,0.34751424193382263
912,guidance_0_capability_0_safety_0,1,0.12699218676425517,308,0.29375,0.0,0.25,0,291,0,0,0.00039659783942624927,3.7692766189575195,1.2656331062316895,0.00116909749340266,0.0,0.3603585660457611
913,guidance_0_capability_0_safety_0,1,0.05095703119513928,308,0.39875,0.0,0.5,0,547,0,0,-0.0008130049100145698,5.063569068908691,1.291357398033142,-0.0001965584233403206,0.0,0.36392277479171753
914,guidance_0_capability_0_safety_0,1,-0.010673828946892172,308,0.44875,0.0,0.5,0,803,0,0,-0.0006615064921788871,0.7047090530395508,1.264601469039917,8.785755926510319e-05,0.0,0.37962445616722107
915,guidance_0_capability_0_safety_0,1,0.1253906236961484,309,0.188125,0.0,0.25,0,99,0,0,-0.0006368799949996173,1.7631970643997192,1.3081916570663452,-0.0004875514132436365,0.0,0.34812936186790466
916,guidance_0_capability_0_safety_0,1,0.10830078091385076,309,0.385625,0.0,0.5,0,355,0,0,-0.0014750392874702811,2.2568278312683105,1.3137989044189453,0.0008018733933568001,0.0,0.35128268599510193
917,guidance_0_capability_0_safety_0,1,-0.028125000513682608,309,0.40625,0.0,0.5,0,611,0,0,-0.0013572953175753355,0.6570436954498291,1.3366636037826538,-0.0004907539114356041,0.0,0.34239792823791504
918,guidance_0_capability_0_safety_0,1,0.054794920586573426,309,0.53875,0.0,0.625,0,867,0,0,0.00011421662929933518,4.270317077636719,1.3264025449752808,-0.000190589897101745,0.0,0.35363802313804626
919,guidance_0_capability_0_safety_0,1,0.11882812406111043,310,0.24,0.0,0.125,0,123,0,0,-0.0010773310204967856,0.7656261920928955,1.3284581899642944,0.0005951550556346774,0.0,0.33804458379745483
920,guidance_0_capability_0_safety_0,1,0.16216796729713678,310,0.471875,0.0,0.75,0,379,0,0,-0.0017853369936347008,6.012263298034668,1.3131147623062134,-0.00013876613229513168,0.0,0.3545982241630554
921,guidance_0_capability_0_safety_0,1,0.0387988279981073,310,0.59875,0.0,0.75,0,635,0,0,-0.002557320287451148,1.6295864582061768,1.3025214672088623,0.0011974185472354293,0.0,0.3554081320762634
922,guidance_0_capability_0_safety_0,1,0.02600585844993475,310,0.7,0.0,0.75,0,891,0,0,-0.0007483628578484058,0.9237347841262817,1.322035312652588,0.00010019028559327126,0.0,0.3564080595970154
923,guidance_0_capability_0_safety_0,1,0.06677734058030182,312,0.190625,0.0,0.125,0,139,0,0,-0.0009035039693117142,17.386302947998047,1.2921628952026367,0.0009657194605097175,0.0,0.3579425811767578
924,guidance_0_capability_0_safety_0,1,0.17160156222962542,312,0.455625,0.0,0.625,0,395,0,0,0.0004569276643451303,3.469115972518921,1.2493914365768433,0.0012220958014950156,0.0,0.3903422951698303
925,guidance_0_capability_0_safety_0,1,0.006054687364667188,312,0.52875,0.0,0.625,0,651,0,0,-0.0014340024208649993,1.329777479171753,1.2468862533569336,0.0006049517542123795,0.0,0.40327149629592896
926,guidance_0_capability_0_safety_0,1,0.04737304568698164,312,0.64875,0.0,0.75,0,907,0,0,-0.002281811088323593,3.2290523052215576,1.2725780010223389,0.0007680421695113182,0.0,0.3929712772369385
927,guidance_0_capability_0_safety_0,1,0.060791014569986146,313,0.16125,0.0,0.0,0,163,0,0,-0.00044939498184248805,2.297999858856201,1.2429087162017822,0.0016178240766748786,0.0,0.3829978406429291
928,guidance_0_capability_0_safety_0,1,0.09772460734893684,313,0.38125,0.0,0.0,0,419,0,0,0.0005247357184998691,0.9952231645584106,1.2923263311386108,0.00011262111365795135,0.0,0.38169169425964355
929,guidance_0_capability_0_safety_0,1,0.1327832021343056,313,0.56625,0.0,0.625,0,675,0,0,-0.0007931314175948501,6.855583667755127,1.3059991598129272,6.679259240627289e-05,0.0,0.36313924193382263
930,guidance_0_capability_0_safety_0,1,0.042187498682324076,313,0.67125,0.0,0.75,0,931,0,0,-0.0011014004703611135,2.9796853065490723,1.3093611001968384,-0.0008038453524932265,0.0,0.36131343245506287
931,guidance_0_capability_0_safety_0,1,0.11378906086611096,314,0.231875,0.0,0.125,0,187,0,0,-0.0029527402948588133,0.7694523334503174,1.230802059173584,0.0012892362428829074,0.0,0.39130863547325134
932,guidance_0_capability_0_safety_0,1,0.09767577923776116,314,0.431875,0.0,0.25,0,443,0,0,4.450107735465281e-05,2.584197521209717,1.2089252471923828,1.6901642084121704e-05,0.0,0.4066750407218933
933,guidance_0_capability_0_safety_0,1,0.028378905582940206,314,0.515,0.0,0.375,0,699,0,0,-0.0013423345517367125,0.89595627784729,1.2522495985031128,0.0002421923854853958,0.0,0.3859705626964569
934,guidance_0_capability_0_safety_0,1,0.03288085874373792,314,0.63125,0.0,0.375,0,955,0,0,0.0001200484111905098,1.9679208993911743,1.2497892379760742,-0.0012383006978780031,0.0,0.39457711577415466
935,guidance_0_capability_0_safety_0,1,0.26403320332610747,315,0.3725,0.0,0.375,0,211,0,0,-0.00011061131954193115,4.018800258636475,1.1944315433502197,-8.871592581272125e-05,0.0,0.4318084120750427
936,guidance_0_capability_0_safety_0,1,0.11311523320546257,315,0.57375,0.0,0.625,0,467,0,0,-0.00017088807362597436,1.690000295639038,1.2007060050964355,0.0004008837859146297,0.0,0.431950181722641
937,guidance_0_capability_0_safety_0,1,0.03850585955296992,315,0.693125,0.0,0.625,0,723,0,0,-0.002425958402454853,1.2931138277053833,1.2639915943145752,0.0010590278543531895,0.0,0.37964385747909546
938,guidance_0_capability_0_safety_0,1,-0.014931641329894774,315,0.723125,0.0,0.625,0,979,0,0,-0.0019273553043603897,0.5059931874275208,1.2565287351608276,8.015365892788395e-05,0.0,0.39806851744651794
939,guidance_0_capability_0_safety_0,1,0.21680663908773568,316,0.336875,0.0,0.5,0,235,0,0,-0.00103098526597023,2.7072319984436035,1.2108285427093506,-0.0001950782461790368,0.0,0.41418203711509705
940,guidance_0_capability_0_safety_0,1,0.0873925786363543,316,0.515625,0.0,0.625,0,491,0,0,-0.0010743995662778616,3.517148017883301,1.2460147142410278,0.0009437526459805667,0.0,0.39649698138237
941,guidance_0_capability_0_safety_0,1,0.044619139458518475,316,0.63625,0.0,0.75,0,747,0,0,-0.0012455170508474112,2.4312989711761475,1.283332347869873,-0.00032876324257813394,0.0,0.3699663579463959
942,guidance_0_capability_0_safety_0,1,0.012167967775894795,317,0.010625,0.0,0.0,0,3,0,0,-0.003968843724578619,0.928463876247406,1.2865521907806396,3.0734576284885406e-05,0.0,0.37601351737976074
943,guidance_0_capability_0_safety_0,1,0.26009765616981895,317,0.428125,0.0,0.375,0,259,0,0,0.0016605767887085676,3.738365411758423,1.2619160413742065,0.0024883891455829144,0.0,0.37637871503829956
944,guidance_0_capability_0_safety_0,1,0.07044921849592356,317,0.5875,0.0,0.5,0,515,0,0,-0.001707401592284441,3.294898271560669,1.2883892059326172,0.00016687531024217606,0.0,0.37822937965393066
945,guidance_0_capability_0_safety_0,1,-0.010390625193394953,317,0.630625,0.0,0.5,0,771,0,0,0.00038173049688339233,0.5362457036972046,1.2964136600494385,0.0009285229025408626,0.0,0.3842746913433075
946,guidance_0_capability_0_safety_0,1,0.0025292960744991433,318,0.063125,0.0,0.0,0,27,0,0,-0.0017445541452616453,0.33994024991989136,1.3067283630371094,-4.5030225010123104e-05,0.0,0.383077472448349
947,guidance_0_capability_0_safety_0,1,0.2363671869825339,318,0.44875,0.0,0.375,0,283,0,0,7.598660886287689e-05,2.7240633964538574,1.2881033420562744,0.0009151501581072807,0.0,0.39099884033203125
948,guidance_0_capability_0_safety_0,1,0.055117187250289135,318,0.5775,0.0,0.5,0,539,0,0,-0.0007828216766938567,1.7617324590682983,1.2989718914031982,0.0004269825294613838,0.0,0.3685447573661804
949,guidance_0_capability_0_safety_0,1,0.024189452808059286,318,0.663125,0.0,0.625,0,795,0,0,-0.0035906012635678053,1.6804237365722656,1.338963270187378,0.001034832326695323,0.0,0.36702096462249756
950,guidance_0_capability_0_safety_0,1,0.003808593100984581,319,0.07,0.0,0.0,0,51,0,0,-0.002408713800832629,0.3495040535926819,1.3919932842254639,0.0006990572437644005,0.0,0.34159916639328003
951,guidance_0_capability_0_safety_0,1,0.20674804582813522,319,0.40625,0.0,0.375,0,307,0,0,-0.0010351678356528282,2.342271566390991,1.4128024578094482,-0.00018663782975636423,0.0,0.32821935415267944
952,guidance_0_capability_0_safety_0,1,0.061181639808637556,319,0.5475,0.0,0.5,0,563,0,0,0.00020155435777269304,2.162874460220337,1.44809091091156,-0.00152100482955575,0.0,0.3098810911178589
953,guidance_0_capability_0_safety_0,1,0.040263671085995156,319,0.674375,0.0,0.5,0,819,0,0,-0.0010034287115558982,2.0109481811523438,1.4709194898605347,-1.4214621842256747e-05,0.0,0.29945433139801025
954,guidance_0_capability_0_safety_0,1,0.0880761700173025,320,0.09625,0.0,0.125,0,75,0,0,-0.0012242574011906981,2.7901365756988525,1.4495667219161987,-0.00029484540573321283,0.0,0.3084076941013336
955,guidance_0_capability_0_safety_0,1,0.19033202921127668,320,0.441875,0.0,0.25,0,331,0,0,-0.002444187179207802,1.1094136238098145,1.4273890256881714,0.00020941192633472383,0.0,0.3237878680229187
956,guidance_0_capability_0_safety_0,1,0.12359374681545887,320,0.651875,0.0,0.625,0,587,0,0,0.0003039517323486507,3.6898021697998047,1.456913709640503,0.0008299573673866689,0.0,0.31706902384757996
957,guidance_0_capability_0_safety_0,1,0.030332030190038495,320,0.765,0.0,0.625,0,843,0,0,-0.002187115140259266,0.7984969019889832,1.466260313987732,-0.0001174524295493029,0.0,0.31314632296562195
958,guidance_0_capability_0_safety_0,1,0.07079101354611339,321,0.155625,0.0,0.125,0,99,0,0,-0.0014334842562675476,0.7274236083030701,1.394311785697937,-0.002040900057181716,0.0,0.33951687812805176
959,guidance_0_capability_0_safety_0,1,0.17680664094223175,321,0.450625,0.0,0.5,0,355,0,0,0.001649961806833744,3.318746566772461,1.3731513023376465,0.0006812118226662278,0.0,0.3389121890068054
960,guidance_0_capability_0_safety_0,1,0.08646484302880708,321,0.6575,0.0,0.5,0,611,0,0,-0.0016275516245514154,4.072228908538818,1.3764715194702148,-9.122646588366479e-05,0.0,0.33506321907043457
961,guidance_0_capability_0_safety_0,1,0.03933593698457116,321,0.788125,0.0,0.5,0,867,0,0,-0.004272059071809053,0.9213894605636597,1.348039150238037,-1.564808189868927e-05,0.0,0.35131508111953735
962,guidance_0_capability_0_safety_0,1,0.1511621075333096,322,0.24625,0.0,0.25,0,123,0,0,0.0011043334379792213,2.007073163986206,1.301160454750061,0.0038310345262289047,0.0,0.36060771346092224
963,guidance_0_capability_0_safety_0,1,0.21609374867693987,322,0.58625,0.0,0.75,0,379,0,0,-0.0013484188821166754,2.9192731380462646,1.2647813558578491,-0.0004036578757222742,0.0,0.3912753760814667
964,guidance_0_capability_0_safety_0,1,0.034980468240974005,322,0.705625,0.0,0.75,0,635,0,0,-0.0006737479707226157,0.5284781455993652,1.256283164024353,0.0006096662837080657,0.0,0.4041394591331482
965,guidance_0_capability_0_safety_0,1,0.024589843167632353,322,0.799375,0.0,0.75,0,891,0,0,-0.005576138850301504,0.5734662413597107,1.2276681661605835,0.0013355219271034002,0.0,0.4138081967830658
966,guidance_0_capability_0_safety_0,1,0.18594726260198513,323,0.268125,0.0,0.5,0,147,0,0,0.00146386434789747,3.7080795764923096,1.1479278802871704,0.0021324013359844685,0.0,0.4466873109340668
967,guidance_0_capability_0_safety_0,1,0.12118163910054136,323,0.490625,0.0,0.75,0,403,0,0,-0.0011062461417168379,2.8527605533599854,1.0876400470733643,-0.000764664146117866,0.0,0.4933919906616211
968,guidance_0_capability_0_safety_0,1,0.022353514988935785,323,0.5925,0.0,0.75,0,659,0,0,-0.003154295962303877,1.080911636352539,1.0680932998657227,0.002126808511093259,0.0,0.48770421743392944
969,guidance_0_capability_0_safety_0,1,0.02372070262208581,323,0.696875,0.0,0.75,0,915,0,0,-0.007868989370763302,0.9299640655517578,0.9908250570297241,0.0035542433615773916,0.0911458358168602,0.5248827338218689
970,guidance_0_capability_0_safety_0,1,0.1985253893362824,324,0.284375,0.0,0.5,0,171,0,0,0.002542340662330389,3.0792734622955322,0.9067689180374146,0.001171075040474534,0.0,0.5766690969467163
971,guidance_0_capability_0_safety_0,1,0.016054686580901034,324,0.380625,0.0,0.5,0,427,0,0,-0.0013553646858781576,4.377386569976807,0.8843066096305847,0.0008669206872582436,0.0,0.58512282371521
972,guidance_0_capability_0_safety_0,1,0.17769531170779373,324,0.673125,0.0,0.875,0,683,0,0,0.0007756678387522697,7.415093421936035,0.8603782057762146,0.0014295196160674095,0.0,0.5845121741294861
973,guidance_0_capability_0_safety_0,1,0.01597656199010089,324,0.769375,0.0,0.875,0,939,0,0,-0.0038108895532786846,1.2007267475128174,0.8435046076774597,0.002167115220800042,0.0,0.6101040840148926
974,guidance_0_capability_0_safety_0,1,0.13813476290670224,325,0.261875,0.0,0.0,0,195,0,0,-0.002063023392111063,2.062981605529785,0.8222650289535522,-9.754672646522522e-06,0.0,0.623344898223877
975,guidance_0_capability_0_safety_0,1,0.18992187327239662,325,0.576875,0.0,0.375,0,451,0,0,-0.00025562167866155505,2.696143388748169,0.8337891101837158,0.0005911156767979264,0.0,0.6328724026679993
976,guidance_0_capability_0_safety_0,1,0.11716796686232556,325,0.775625,0.0,0.75,0,707,0,0,8.653849363327026e-05,2.4801859855651855,0.8279368281364441,-0.000940065598115325,0.0,0.6102519035339355
977,guidance_0_capability_0_safety_0,1,0.023261718146386556,325,0.86375,0.0,0.875,0,963,0,0,-0.004514113999903202,0.6669071912765503,0.8002296686172485,0.0007260874845087528,0.0,0.6314483880996704
978,guidance_0_capability_0_safety_0,1,0.19163085651234724,326,0.338125,0.0,0.25,0,219,0,0,-0.004315321799367666,1.6247979402542114,0.767898678779602,0.0024984644260257483,0.0052083334885537624,0.6456043720245361
979,guidance_0_capability_0_safety_0,1,0.14134765340713784,326,0.578125,0.0,0.625,0,475,0,0,-0.0009389016777276993,2.41812801361084,0.7488457560539246,0.0012240872019901872,0.0,0.6579990386962891
980,guidance_0_capability_0_safety_0,1,0.028437499364372343,326,0.69375,0.0,0.625,0,731,0,0,0.0005916934460401535,1.448193073272705,0.7443515062332153,0.0018160443287342787,0.0,0.6571633219718933
981,guidance_0_capability_0_safety_0,1,0.09927734304801561,327,0.131875,0.0,0.125,0,97,0,0,-0.0021581994369626045,2.2347915172576904,0.740282416343689,-0.0002802666276693344,0.0,0.6652306914329529
982,guidance_0_capability_0_safety_0,1,0.184013668949774,327,0.45,0.0,0.375,0,353,0,0,-0.0003384590963833034,5.366420745849609,0.7540974617004395,-0.0007227705791592598,0.0,0.649550199508667
983,guidance_0_capability_0_safety_0,1,0.06295898382086307,327,0.6,0.0,0.5,0,609,0,0,-0.0007194277714006603,2.1141529083251953,0.7596855163574219,0.0008713445859029889,0.0,0.6619694828987122
984,guidance_0_capability_0_safety_0,1,0.02997070230776444,327,0.696875,0.0,0.625,0,865,0,0,-0.00035146562731824815,2.1199469566345215,0.7604712247848511,-0.0003067609795834869,0.0,0.6579972505569458
985,guidance_0_capability_0_safety_0,1,0.10119140515598701,328,0.184375,0.0,0.0,0,121,0,0,-0.0014915646752342582,0.9581263661384583,0.7368180155754089,0.001315111992880702,0.0,0.6666977405548096
986,guidance_0_capability_0_safety_0,1,0.0855175770848291,328,0.371875,0.0,0.125,0,377,0,0,-0.0011370707070454955,4.7566022872924805,0.7429856061935425,0.00039303521043621004,0.0,0.6665103435516357
987,guidance_0_capability_0_safety_0,1,0.1304492172494065,328,0.5825,0.0,0.5,0,633,0,0,-0.0013485228409990668,1.806000828742981,0.7720100283622742,0.000661878555547446,0.0,0.6457436084747314
988,guidance_0_capability_0_safety_0,1,0.02021484296710696,328,0.661875,0.0,0.625,0,889,0,0,-0.004261430352926254,1.3777134418487549,0.7795603275299072,0.0003470041265245527,0.0,0.6494430899620056
989,guidance_0_capability_0_safety_0,1,0.14716796750144567,329,0.259375,0.0,0.125,0,145,0,0,-0.0009215641766786575,0.6949366331100464,0.8093581199645996,0.002508761826902628,0.00390625,0.6526490449905396
990,guidance_0_capability_0_safety_0,1,0.20327148061187472,329,0.569375,0.0,0.625,0,401,0,0,-0.0016983477398753166,1.614558458328247,0.8782198429107666,0.005043353885412216,0.0,0.6294536590576172
991,guidance_0_capability_0_safety_0,1,0.023007812043942977,329,0.674375,0.0,0.625,0,657,0,0,0.0014732703566551208,2.2285187244415283,0.9173434972763062,-0.00033029005862772465,0.0,0.5820181965827942
992,guidance_0_capability_0_safety_0,1,-0.02774414065788733,329,0.690625,0.0,0.625,0,913,0,0,0.0007400053436867893,0.4769538640975952,0.91555255651474,-0.00015275336045306176,0.0,0.5818004012107849
993,guidance_0_capability_0_safety_0,1,0.12083984242781298,330,0.2075,0.0,0.375,0,169,0,0,-0.000923697545658797,3.225001811981201,0.9384946823120117,3.5869888961315155e-05,0.0,0.5701379776000977
994,guidance_0_capability_0_safety_0,1,0.15302734113356564,330,0.495625,0.0,0.5,0,425,0,0,-0.001446281559765339,2.463034152984619,0.9448150396347046,0.0004232272913213819,0.0,0.5559430718421936
995,guidance_0_capability_0_safety_0,1,0.0531738270947244,330,0.593125,0.0,0.875,0,681,0,0,-0.001515468000434339,2.889692783355713,0.9110665321350098,0.0012049120850861073,0.0,0.5796518325805664
996,guidance_0_capability_0_safety_0,1,-0.021093750328873284,330,0.63,0.0,0.875,0,937,0,0,-0.0010895654559135437,0.2790931463241577,0.8828520774841309,-0.0006780269322916865,0.0,0.6056657433509827
997,guidance_0_capability_0_safety_0,1,0.17313476451818133,331,0.286875,0.0,0.375,0,193,0,0,0.0001852046698331833,2.1605687141418457,0.8523716926574707,-0.00035651144571602345,0.0,0.6083933115005493
998,guidance_0_capability_0_safety_0,1,0.14647460701235104,331,0.535,0.0,0.75,0,449,0,0,-0.00032472642487846315,2.1647865772247314,0.8616163730621338,0.0002703084610402584,0.0,0.6089354753494263
999,guidance_0_capability_0_safety_0,1,0.005488280701683834,331,0.6125,0.0,0.75,0,705,0,0,-0.000956570147536695,0.7236461639404297,0.8640238046646118,0.00047077107592485845,0.0,0.61762535572052
1000,guidance_0_capability_0_safety_0,1,0.028808593240682967,331,0.7225,0.0,0.75,0,961,0,0,-0.00018110747623723,1.514805555343628,0.8663781881332397,0.000523917842656374,0.0,0.6054582595825195
