update,episode_count,rollout_reward_mean,coverage_ratio,target_detection_rate,inspection_success_rate,mission_success,collision_count,invalid_action_count,policy_loss,value_loss,entropy
1,1,0.1718113354363595,0.125,0.0,0.0,0,0,0,-0.00573583273217082,1099.02294921875,1.3197532892227173
2,1,1.0738081367890118,0.34,0.125,0.125,0,0,0,-0.001984325470402837,295.03631591796875,1.4381316900253296
3,1,1.1695044704611064,0.595625,0.375,0.25,0,0,0,-0.0005298753385432065,276.51544189453125,1.3249632120132446
4,1,2.6600099964634865,0.696875,0.5,0.375,0,0,0,-0.00025398656725883484,1576.843017578125,1.2733653783798218
5,2,1.0363292833026208,0.100625,0.0,0.0,0,0,0,-0.00017053564079105854,574.3173828125,1.3635402917861938
6,2,1.3716387593522086,0.3025,0.25,0.25,0,0,0,-0.001009870902635157,185.51910400390625,1.3674720525741577
7,2,1.2482754914999532,0.520625,0.625,0.25,0,0,0,-0.0011766329407691956,173.90850830078125,1.3536525964736938
8,2,1.3174615213974903,0.67625,0.75,0.625,0,0,0,0.0016101925866678357,157.50674438476562,1.3621978759765625
9,5,1.9548073201076477,0.3975,0.5,0.125,0,0,0,8.383797103306279e-05,1774.446044921875,1.2952576875686646
10,5,0.9357371347663275,0.581875,0.5,0.25,0,0,0,-0.00028313262737356126,66.23793029785156,1.4413485527038574
11,5,1.0424453566411103,0.665625,0.625,0.5,0,0,0,-0.00038633248186670244,371.3666076660156,1.4465155601501465
12,5,9.365650420397287,0.730625,0.625,0.625,0,0,0,0.00045126862823963165,18419.6015625,1.1561135053634644
13,6,3.062959597704321,0.211875,0.375,0.125,0,0,0,-3.104780989815481e-05,1855.034423828125,1.3249799013137817
14,6,0.4755098279820231,0.406875,0.375,0.125,0,0,0,-0.0003815293312072754,146.74362182617188,1.5166679620742798
15,6,2.726618769761785,0.436875,0.5,0.5,0,0,0,-0.00011983016884187236,1789.6083984375,1.419988989830017
16,6,7.341852424720855,0.5675,0.5,0.5,0,0,0,-0.00033346874988637865,11981.013671875,1.2423828840255737
17,7,2.745215416820429,0.27,0.25,0.25,0,0,0,-2.361554652452469e-05,892.7715454101562,1.3006113767623901
18,7,2.783629645004112,0.5975,0.5,0.375,0,0,0,-0.00015866632747929543,1667.1097412109375,1.3577076196670532
19,7,1.3852157249602897,0.71125,0.75,0.625,0,0,0,-0.0004812696424778551,189.88253784179688,1.4172372817993164
20,7,2.35814925253635,0.7275,0.75,0.75,0,0,0,-6.0794252931373194e-05,1098.1527099609375,1.3433828353881836
21,8,1.2780063425270782,0.160625,0.125,0.0,0,0,0,3.422548252274282e-05,476.86224365234375,1.396182656288147
22,8,0.9549508271047671,0.2975,0.25,0.125,0,0,0,-0.0005923316930420697,274.62481689453125,1.404281735420227
23,8,3.9225016949326346,0.495625,0.375,0.375,0,0,0,-0.0002571791410446167,3374.711669921875,1.3656682968139648
24,9,3.3578686159817153,0.011875,0.0,0.0,0,0,0,-5.2187591791152954e-05,3468.6240234375,1.293008804321289
25,9,1.256019604773428,0.205,0.125,0.125,0,0,0,-0.00028341947472654283,462.19024658203125,1.4282903671264648
26,9,2.221222621828929,0.501875,0.375,0.125,0,0,0,-4.209578037261963e-07,871.388671875,1.394311785697937
27,9,4.388918216805905,0.6575,0.5,0.5,0,0,0,-0.0001054095700965263,4960.3759765625,1.2950345277786255
28,10,0.2771531713515287,0.024375,0.0,0.0,0,0,0,-7.382035255432129e-05,608.9144287109375,1.430428385734558
29,10,2.2393766584330024,0.26875,0.25,0.125,0,0,0,-0.0003227380511816591,949.3394775390625,1.3455244302749634
30,10,1.7592177676269785,0.624375,0.5,0.375,0,0,0,-0.00022329513740260154,225.9381866455078,1.3263658285140991
31,10,5.307329445329742,0.771875,0.5,0.5,0,0,0,-0.00044459104537963867,7357.8408203125,1.3041108846664429
32,12,7.668186705192056,0.009375,0.0,0.0,0,0,0,-0.00020931164908688515,15185.31640625,1.126222014427185
33,13,1.4547349238491734,0.401875,0.375,0.125,0,0,0,-0.0020494218915700912,1171.49609375,1.3708629608154297
34,13,2.4062711902079172,0.481875,0.375,0.375,0,0,0,-0.00027328109717927873,1575.8797607421875,1.366633415222168
35,13,5.438799338029639,0.655625,0.5,0.5,0,0,0,0.00016183282423298806,7387.232421875,1.2948702573776245
36,13,4.91556649944323,0.75,0.625,0.625,0,0,0,-0.0004896894097328186,6978.96484375,1.3443355560302734
37,15,1.611252511053408,0.29625,0.5,0.375,0,0,0,-0.0009169367258436978,1286.2996826171875,1.38679838180542
38,15,2.3473681877512718,0.45,0.75,0.625,0,0,0,-0.000726848840713501,878.4739990234375,1.2785552740097046
39,15,1.984763527951145,0.566875,0.875,0.75,0,0,0,-8.69731138664065e-06,583.6490478515625,1.3780382871627808
40,17,1.388534853602323,0.406875,0.5,0.125,0,0,0,-0.00013756628322880715,1267.9073486328125,1.255876898765564
41,17,1.6450643706484698,0.61875,0.875,0.625,0,0,0,-0.0008450585301034153,150.69357299804688,1.3878164291381836
42,17,1.3875063788436819,0.7225,0.875,0.875,0,0,0,-0.0010597935179248452,332.0898132324219,1.345947265625
43,17,9.68948616920352,0.760625,0.875,0.875,0,0,0,-0.0006176077877171338,20052.392578125,1.043969750404358
44,18,1.0206840175060279,0.25875,0.25,0.125,0,0,0,-4.603962224791758e-05,370.1857604980469,1.3125773668289185
45,18,1.3244972055208564,0.490625,0.5,0.375,0,0,0,-0.0030373067129403353,535.7384643554688,1.4315294027328491
46,18,1.1958966859770044,0.511875,0.5,0.5,0,0,0,-0.005594514776021242,401.5277404785156,1.4891091585159302
47,19,9.292222876174492,0.02875,0.0,0.0,0,0,0,-0.0005198704893700778,19156.818359375,1.0319039821624756
48,19,1.1634097598071094,0.375625,0.25,0.125,0,0,0,-0.004717743024230003,68.22633361816406,1.3549543619155884
49,20,1.2069513568858383,0.0175,0.0,0.0,0,0,0,-0.0008951400523073971,967.1898803710938,1.2737380266189575
50,20,2.0303232353326166,0.414375,0.5,0.25,0,0,0,-0.00011485318100312725,533.106201171875,1.2439402341842651
51,20,1.6898195949252113,0.4525,0.625,0.625,0,0,0,0.0011634392431005836,327.2146301269531,1.3297103643417358
52,22,1.6838792535781977,0.128125,0.0,0.0,0,0,0,-0.0009215579484589398,1979.4703369140625,1.3464759588241577
53,22,1.249590532228467,0.490625,0.25,0.125,0,0,0,-0.002190313069149852,143.95175170898438,1.3915334939956665
54,22,5.150293432994658,0.59375,0.5,0.25,0,0,0,-0.0002997505071107298,6957.1357421875,1.15460205078125
55,22,1.4856970972887211,0.70625,0.875,0.75,0,0,0,-0.0008587054908275604,301.7428894042969,1.376402497291565
56,23,2.037758109454444,0.16125,0.125,0.125,0,0,0,0.0005930655752308667,971.77978515625,1.3501081466674805
57,23,1.7158994802412053,0.4425,0.625,0.5,0,0,0,-0.0003019481373485178,350.34423828125,1.3074736595153809
58,23,0.9434195285896294,0.538125,0.625,0.625,0,0,0,3.545793515513651e-05,362.5284118652344,1.402692198753357
59,23,0.33009614277398214,0.634375,0.75,0.625,0,0,0,-3.783528882195242e-05,216.53726196289062,1.482502818107605
60,24,0.9586209595872788,0.26875,0.25,0.0,0,0,0,2.3990869522094727e-05,499.1568908691406,1.4093478918075562
61,24,1.401598296103657,0.506875,0.5,0.375,0,0,0,-0.0006790061597712338,107.4285659790039,1.3767369985580444
62,24,1.2351541808402544,0.541875,0.5,0.5,0,0,0,-0.0003558192402124405,281.55426025390625,1.4457460641860962
63,24,0.4860112456626666,0.69125,0.625,0.5,0,0,0,-0.0001549391745356843,156.9560089111328,1.4688372611999512
64,25,4.683348879960249,0.085625,0.0,0.0,0,0,0,-1.4729176655237097e-05,4325.421875,1.3250163793563843
65,25,3.774563020361711,0.234375,0.375,0.375,0,0,0,-9.01383682503365e-05,2806.739501953125,1.261507511138916
66,25,9.979011686751619,0.291875,0.375,0.375,0,0,0,-1.9894292563549243e-05,19688.68359375,1.0021684169769287
67,25,4.091178529211902,0.430625,0.875,0.375,0,0,0,-0.00018582741904538125,3981.76416015625,1.1909507513046265
68,26,2.1694367948002764,0.365625,0.5,0.25,0,0,0,-0.00010025842493632808,1086.4503173828125,1.2412009239196777
69,26,1.0226451995713433,0.5925,0.625,0.5,0,0,0,-0.0006869174540042877,84.37437438964844,1.4261201620101929
70,26,0.6572464965574909,0.645625,0.75,0.625,0,0,0,-0.0002551153302192688,292.9914245605469,1.5153623819351196
71,26,0.21067119398503564,0.699375,0.75,0.625,0,0,0,0.00015040797006804496,186.99844360351562,1.5196186304092407
72,27,3.2725936561788984,0.275625,0.25,0.125,0,0,0,3.0493363738059998e-05,2420.66162109375,1.258012056350708
73,27,1.6194943972222973,0.485625,0.5,0.375,0,0,0,-0.0006262225215323269,209.8325653076172,1.2211202383041382
74,27,0.8720699434516064,0.554375,0.625,0.375,0,0,0,-0.00019125889230053872,61.661033630371094,1.4132952690124512
75,28,0.9020660797941673,0.028125,0.0,0.0,0,0,0,-0.00038376948214136064,82.5527114868164,1.4258252382278442
76,29,0.9068470849888399,0.10125,0.0,0.0,0,0,0,-0.0003590201959013939,1372.9940185546875,1.3425006866455078
77,29,0.12036458489455981,0.2775,0.0,0.0,0,0,0,-0.00011044461280107498,324.1846618652344,1.4860334396362305
78,29,1.126907212244987,0.450625,0.0,0.0,0,0,0,-0.0013283975422382355,224.2403106689453,1.3672152757644653
79,30,3.2655100556003163,0.205,0.125,0.125,0,0,0,-0.0015498176217079163,3402.8291015625,1.2856215238571167
80,30,2.440961357674496,0.49625,0.5,0.375,0,0,0,0.0003780316037591547,2081.333740234375,1.3503799438476562
81,30,0.9192005913846515,0.654375,0.625,0.5,0,0,0,-0.00026838979101739824,394.95233154296875,1.4333195686340332
82,31,1.1671861501963576,0.018125,0.0,0.0,0,0,0,-0.0004432207497302443,200.7076416015625,1.3956772089004517
83,31,3.628680994302158,0.258125,0.0,0.0,0,0,0,0.0001732908858684823,2583.232421875,1.291571021080017
84,31,5.380262191900329,0.349375,0.0,0.0,0,0,0,-0.00033252438879571855,6231.0966796875,1.2426835298538208
85,31,3.0918524086591788,0.508125,0.375,0.25,0,0,0,-0.0001376718282699585,2522.61376953125,1.2724732160568237
86,32,5.981314427746838,0.071875,0.0,0.0,0,0,0,5.923972275923006e-05,8903.65625,1.1830414533615112
87,32,3.3762313558877395,0.3675,0.125,0.0,0,0,0,-7.849931716918945e-05,2567.3779296875,1.351740837097168
88,33,1.632726712571639,0.040625,0.0,0.0,0,0,0,-0.000909196853172034,1187.671142578125,1.2312439680099487
89,33,4.227372918303445,0.18375,0.0,0.0,0,0,0,-3.2583873235125793e-06,3142.768798828125,1.3395441770553589
90,33,2.305453323187976,0.539375,0.875,0.25,0,0,0,-0.0001383771450491622,520.3977661132812,1.2782001495361328
91,33,1.3037190320355876,0.601875,0.875,0.625,0,0,0,-0.00046864524483680725,79.99418640136719,1.4114351272583008
92,34,0.7277285716700135,0.09375,0.125,0.0,0,0,0,-0.000290518015390262,189.9593505859375,1.4693304300308228
93,34,1.3958541980564405,0.364375,0.375,0.125,0,0,0,-0.00011991212522843853,293.19842529296875,1.3863681554794312
94,34,1.5478949311559518,0.624375,0.875,0.375,0,0,0,-0.0003098460438195616,385.8668212890625,1.3599815368652344
95,34,0.7826495332067225,0.719375,0.875,0.5,0,0,0,-3.0986033380031586e-05,80.28128051757812,1.488653540611267
96,35,1.1558457775063289,0.170625,0.125,0.0,0,0,0,-0.00016795098781585693,247.91912841796875,1.360113263130188
97,35,1.5842882935830858,0.47125,0.625,0.125,0,0,0,-7.75990411057137e-05,505.0198974609375,1.3625856637954712
98,35,1.4339581150416052,0.583125,0.75,0.625,0,0,0,1.021847128868103e-05,167.27989196777344,1.3074135780334473
99,35,1.43276975597837,0.73875,0.875,0.875,0,0,0,-3.505994754959829e-05,428.8320617675781,1.3044921159744263
100,36,2.5963623181514777,0.195625,0.5,0.125,0,0,0,-4.471590273169568e-06,1170.7203369140625,1.227696418762207
101,36,2.5262256380956387,0.398125,0.625,0.625,0,0,0,-9.331479668617249e-05,1391.4156494140625,1.3215603828430176
102,36,8.432111529844406,0.5075,0.75,0.625,0,0,0,-9.194016456604004e-05,16131.29296875,1.0143452882766724
103,36,1.0168191728444071,0.68875,0.875,0.75,0,0,0,-0.00017219393339473754,167.7504425048828,1.397971510887146
104,37,1.2679433215671452,0.210625,0.25,0.125,0,0,0,8.453397458652034e-05,847.5380249023438,1.3566850423812866
105,37,7.075611794134602,0.41875,0.25,0.25,0,0,0,-1.237789820152102e-05,12664.869140625,1.1697219610214233
106,37,9.830248837950876,0.4275,0.25,0.25,0,0,0,-4.7502417146461084e-05,19633.08203125,1.0059864521026611
107,37,8.654177441218053,0.473125,0.375,0.25,0,0,0,-3.366855162312277e-05,15929.9453125,1.0497580766677856
108,38,1.546121822500936,0.3325,0.25,0.0,0,0,0,-0.0005736847524531186,883.6092529296875,1.3853741884231567
109,38,4.481707945386006,0.395,0.375,0.375,0,0,0,-0.00028874477720819414,4889.458984375,1.2624138593673706
110,38,7.459210104770136,0.46375,0.5,0.375,0,0,0,3.993511199951172e-06,13428.228515625,1.0915623903274536
111,38,8.569068297874765,0.515625,0.5,0.5,0,0,0,-0.00010564256081124768,16079.908203125,1.0400937795639038
112,39,2.796675968405907,0.38625,0.625,0.5,0,0,0,-7.321840530494228e-05,1591.39990234375,1.2917060852050781
113,39,0.913085674867034,0.559375,0.75,0.5,0,0,0,-0.0007705502212047577,163.808349609375,1.4184566736221313
114,40,1.2149480215043695,0.29875,0.25,0.125,0,0,0,-0.00044001700007356703,1035.9327392578125,1.2764588594436646
115,41,2.001556139821332,0.005625,0.0,0.0,0,0,0,-0.0004833005368709564,1389.32958984375,1.2372570037841797
116,41,1.6730730670460616,0.346875,0.375,0.125,0,0,0,-0.0001885689125629142,395.0362243652344,1.372176170349121
117,41,1.2414661419243203,0.500625,0.5,0.25,0,0,0,-0.0012289979495108128,181.73635864257812,1.3692952394485474
118,41,2.0355311476814677,0.806875,0.75,0.75,0,0,0,-6.508035585284233e-05,424.6206359863281,1.3219643831253052
119,42,7.162855622713323,0.051875,0.125,0.0,0,0,0,-0.0008897259831428528,11062.041015625,1.0951085090637207
120,42,1.6844259598728968,0.320625,0.25,0.25,0,0,0,0.0001236287207575515,527.7984008789062,1.3498398065567017
121,42,0.6417812020517886,0.523125,0.375,0.25,0,0,0,-8.983537554740906e-05,156.373291015625,1.3910884857177734
122,42,5.028950735504623,0.618125,0.5,0.375,0,0,0,7.685646414756775e-05,8006.166015625,1.2301477193832397
123,43,5.272276221985521,0.051875,0.0,0.0,0,0,0,-4.027535396744497e-05,5196.54931640625,1.229426383972168
124,43,1.3878236741411456,0.316875,0.25,0.25,0,0,0,-0.00010683449363568798,542.4038696289062,1.3742738962173462
125,43,0.6660004284235583,0.539375,0.25,0.25,0,0,0,-0.0007435993175022304,98.39257049560547,1.5154021978378296
126,43,0.5080547190773359,0.653125,0.375,0.25,0,0,0,-0.00028978599584661424,169.69326782226562,1.4309226274490356
127,44,6.052059026158531,0.071875,0.125,0.125,0,0,0,-8.618956053396687e-05,9360.1962890625,1.1483136415481567
128,45,1.495629242665018,0.14125,0.25,0.0,0,0,0,-0.00039927661418914795,1009.3389892578125,1.2665587663650513
129,45,2.5857352124294266,0.313125,0.375,0.25,0,0,0,-0.0004091834125574678,1193.247802734375,1.308935284614563
130,45,0.9739481013893965,0.449375,0.375,0.375,0,0,0,-0.0009943520417436957,419.699951171875,1.4525047540664673
131,45,1.5236764273722656,0.575625,0.625,0.5,0,0,0,-0.00012877707195002586,285.1534729003906,1.2691785097122192
132,46,1.4684113566036103,0.1325,0.125,0.125,0,0,0,-0.0005549732595682144,408.0248718261719,1.4038200378417969
133,46,1.4238037211762276,0.239375,0.375,0.375,0,0,0,-0.0001130575910792686,403.6968688964844,1.4105571508407593
134,46,5.798779922848553,0.57625,0.375,0.375,0,0,0,6.186962127685547e-05,9078.435546875,1.2506409883499146
135,46,7.589527682037442,0.626875,0.375,0.375,0,0,0,4.595983773469925e-05,11810.3642578125,1.1310553550720215
136,47,4.043705939009669,0.24875,0.25,0.125,0,0,0,-2.3512791358371032e-06,2606.9755859375,1.2168794870376587
137,47,1.9361549541645218,0.660625,0.875,0.375,0,0,0,-0.00035700263106264174,299.6558837890625,1.312607765197754
138,47,1.0529600938534713,0.734375,0.875,0.625,0,0,0,-0.00012071244418621063,81.22158813476562,1.4601606130599976
139,47,0.3163838872569613,0.80875,0.875,0.75,0,0,0,4.585956412483938e-05,33.348854064941406,1.4840081930160522
140,48,0.7717109002114739,0.23125,0.0,0.0,0,0,0,3.443409877945669e-05,387.1617431640625,1.3759655952453613
141,48,1.5898079764156137,0.5475,0.25,0.25,0,0,0,-0.00017394560563843697,397.3800964355469,1.3093724250793457
142,48,5.8926959871532745,0.583125,0.25,0.25,0,0,0,1.448020339012146e-05,8326.8291015625,1.1848620176315308
143,48,5.5165744782170805,0.795625,0.625,0.25,0,0,0,1.6264617443084717e-05,8367.4404296875,1.1095669269561768
144,49,1.5825836850854103,0.155,0.125,0.0,0,0,0,6.210369519976666e-06,409.14996337890625,1.4078030586242676
145,49,1.8454994567437097,0.323125,0.375,0.375,0,0,0,-0.00015085314225871116,1055.3292236328125,1.427606463432312
146,49,7.237225028889952,0.49625,0.5,0.375,0,0,0,-0.00030831494950689375,14191.1796875,1.0709062814712524
147,49,5.366720504935074,0.520625,0.5,0.5,0,0,0,-8.491923654219136e-05,7540.0693359375,1.248207688331604
148,51,2.6479051462883945,0.04875,0.0,0.0,0,0,0,-1.8017987031271332e-06,3162.285400390625,1.2595795392990112
149,51,1.278958209499251,0.215625,0.0,0.0,0,0,0,-0.001376574276946485,470.44549560546875,1.3802332878112793
150,51,1.2020395848830958,0.4775,0.25,0.0,0,0,0,-0.0006847754120826721,222.6322021484375,1.3774151802062988
151,51,1.9817060732214031,0.6875,0.5,0.5,0,0,0,0.0003219018690288067,487.7191162109375,1.3097561597824097
152,52,2.792790263596544,0.05875,0.0,0.0,0,0,0,0.00037175664328970015,1441.3475341796875,1.334277629852295
153,52,3.7606695405120263,0.430625,0.375,0.375,0,0,0,-5.8462221204536036e-05,2845.3330078125,1.237947940826416
154,52,2.0928952085378114,0.566875,0.625,0.5,0,0,0,-0.00020861315715592355,1033.0626220703125,1.3452497720718384
155,52,3.8439959967217874,0.581875,0.625,0.625,0,0,0,8.553514635423198e-05,3175.2841796875,1.301171898841858
156,53,4.082835216202511,0.10125,0.0,0.0,0,0,0,1.2310842976148706e-05,4514.73828125,1.251542568206787
157,53,1.206976891218801,0.40875,0.375,0.0,0,0,0,-0.008654291741549969,475.1062927246094,1.3819589614868164
158,53,1.2398421401558153,0.699375,0.625,0.25,0,0,0,-0.007171389181166887,67.02505493164062,1.4197131395339966
159,53,0.6561151049245382,0.768125,0.625,0.25,0,0,0,0.0034055125433951616,106.3871078491211,1.4688259363174438
160,54,0.8455075753063284,0.196875,0.125,0.0,0,0,0,0.0037332132924348116,180.53350830078125,1.405664324760437
161,54,1.4727966100799676,0.5025,0.375,0.125,0,0,0,-0.0007935625617392361,119.15302276611328,1.288507103919983
162,55,1.2242712879451574,0.0725,0.125,0.0,0,0,0,-0.00012836093083024025,1234.670654296875,1.3174911737442017
163,56,1.619288682136812,0.183125,0.625,0.0,0,0,0,0.0007774920086376369,1350.44775390625,1.3786616325378418
164,56,0.5723726787546184,0.38625,0.75,0.0,0,0,0,0.0003437578270677477,131.64642333984375,1.52034330368042
165,56,0.5647472801847471,0.441875,0.75,0.125,0,0,0,2.6890387744060718e-05,162.10067749023438,1.5220483541488647
166,56,1.6986615952773718,0.628125,0.875,0.625,0,0,0,-0.00016622617840766907,140.87359619140625,1.2500379085540771
167,57,1.3496437155627063,0.143125,0.25,0.0,0,0,0,-4.83396761410404e-05,240.77964782714844,1.267629623413086
168,57,0.57789323611496,0.345,0.25,0.0,0,0,0,-0.00015319883823394775,121.85304260253906,1.514452576637268
169,57,0.9768073238155921,0.54375,0.375,0.25,0,0,0,-0.0005404663388617337,92.97472381591797,1.3739423751831055
170,57,0.8126575430014782,0.729375,0.625,0.25,0,0,0,-1.932183977260138e-06,183.26341247558594,1.4576562643051147
171,58,0.21034668507127208,0.0625,0.0,0.0,0,0,0,-0.00016100953507702798,338.78802490234375,1.3655627965927124
172,59,1.84140352079703,0.27375,0.5,0.25,0,0,0,-0.0025061897467821836,1481.6046142578125,1.3165292739868164
173,59,1.2306587712446344,0.535625,0.75,0.5,0,0,0,-0.006623394787311554,115.77616119384766,1.3525358438491821
174,59,1.0496072350439363,0.6125,0.875,0.75,0,0,0,-0.001274404930882156,68.80339050292969,1.3530915975570679
175,59,0.25264026782440396,0.66,0.875,0.75,0,0,0,-0.002145063830539584,81.29664611816406,1.4514703750610352
176,60,0.7282131874362676,0.20625,0.125,0.0,0,0,0,0.0007723526214249432,127.35661315917969,1.4379709959030151
177,60,1.8241954744780742,0.4525,0.5,0.125,0,0,0,-0.00039906552410684526,420.4182434082031,1.3892103433609009
178,60,1.4358079827361507,0.49875,0.625,0.625,0,0,0,4.954822361469269e-05,292.78765869140625,1.4064048528671265
179,60,0.9496309759415453,0.61,0.75,0.625,0,0,0,-5.285317820380442e-05,445.9666442871094,1.460249900817871
180,62,1.170575224528875,0.233125,0.375,0.125,0,0,0,0.0001596330403117463,1677.8739013671875,1.3296823501586914
181,62,1.900767900287974,0.578125,0.75,0.5,0,0,0,-0.0005206682835705578,340.6124572753906,1.3847559690475464
182,62,0.6177713576762471,0.623125,0.75,0.625,0,0,0,0.0001310595980612561,108.2762451171875,1.4678491353988647
183,62,0.2685534872689459,0.686875,0.75,0.625,0,0,0,-0.0001190441325888969,113.372314453125,1.5181173086166382
184,63,0.7919897195315571,0.241875,0.125,0.0,0,0,0,-7.897600153228268e-05,101.74040222167969,1.4252451658248901
185,63,1.8710462326853303,0.38625,0.375,0.25,0,0,0,-1.1713554158632178e-05,447.6089782714844,1.3569477796554565
186,64,2.7593905041139806,0.1175,0.125,0.125,0,0,0,-0.0001268659980269149,3091.38818359375,1.3751869201660156
187,64,2.8001166485773865,0.278125,0.375,0.375,0,0,0,-0.00010287513578077778,2708.48291015625,1.3273167610168457
188,64,10.746106116799638,0.3,0.375,0.375,0,0,0,-0.00012710255396086723,23132.98828125,0.9275066256523132
189,64,10.290395356047156,0.320625,0.375,0.375,0,0,0,-0.00013262778520584106,20783.0625,0.9321654438972473
190,66,5.05720903720794,0.014375,0.0,0.0,0,0,0,-2.9691029340028763e-05,5632.0654296875,1.244789958000183
191,66,4.786127198909526,0.3875,0.125,0.0,0,0,0,-5.828092616866343e-05,4625.009765625,1.2332861423492432
192,66,1.1265874746022746,0.661875,0.375,0.0,0,0,0,-0.0006962763145565987,116.98634338378906,1.3835428953170776
193,66,1.1442320300679967,0.71125,0.625,0.375,0,0,0,-0.001042888849042356,98.98878479003906,1.4488872289657593
194,67,0.5946971342877987,0.0725,0.0,0.0,0,0,0,-2.1696090698242188e-05,47.834320068359375,1.478226661682129
195,68,2.2902212586195674,0.2675,0.625,0.5,0,0,0,-0.00011586630716919899,1701.6429443359375,1.344443917274475
196,68,1.5497197402613097,0.519375,0.75,0.75,0,0,0,-0.0004879757761955261,459.3729248046875,1.3556714057922363
197,68,0.5479740516393576,0.5425,0.75,0.75,0,0,0,3.0046949177631177e-05,140.1737060546875,1.5077190399169922
198,68,3.5641772528797446,0.56875,0.75,0.75,0,0,0,0.00011641889432212338,3893.796142578125,1.3055167198181152
199,69,2.0792406777254655,0.340625,0.5,0.375,0,0,0,-0.00011188288772245869,414.07086181640625,1.1462370157241821
200,69,1.4513776452222373,0.485625,0.625,0.625,0,0,0,-0.00029033920145593584,372.7194519042969,1.3592787981033325
201,69,5.5565773161970355,0.526875,0.75,0.75,0,0,0,5.4458778322441503e-05,7034.279296875,1.188853144645691
202,70,7.414769353432348,0.096875,0.25,0.125,0,0,0,-6.508827209472656e-05,13008.58984375,1.073250651359558
203,70,1.2763608147542982,0.38,0.25,0.25,0,0,0,-0.0017410354921594262,138.48281860351562,1.406304955482483
204,70,4.79219802722946,0.51125,0.375,0.25,0,0,0,-0.0016160769155249,7944.703125,1.1608753204345703
205,70,5.764020813308889,0.5475,0.375,0.375,0,0,0,-0.0012963426997885108,8603.646484375,1.197278380393982
206,71,6.75017425709666,0.096875,0.0,0.0,0,0,0,-0.00021085888147354126,13002.3125,1.0663374662399292
207,71,1.936702519155915,0.283125,0.25,0.25,0,0,0,-0.0005307567189447582,405.045654296875,1.3007012605667114
208,71,6.206216668149864,0.385625,0.5,0.25,0,0,0,-0.00013424083590507507,10983.345703125,1.1022685766220093
209,71,3.813109875172813,0.580625,0.625,0.625,0,0,0,0.00015936419367790222,4647.578125,1.273275375366211
210,72,6.311750562752422,0.1125,0.125,0.125,0,0,0,-0.00011295577132841572,10402.384765625,1.087499737739563
211,72,1.8946201809012564,0.446875,0.5,0.125,0,0,0,-7.954752072691917e-05,784.4124755859375,1.3166636228561401
212,72,0.9961928443808574,0.580625,0.625,0.375,0,0,0,-0.00023212718951981515,198.5991973876953,1.4716640710830688
213,72,0.6370790615892474,0.623125,0.625,0.375,0,0,0,-0.000281989254290238,110.86429595947266,1.4937225580215454
214,73,1.2398858029300754,0.273125,0.25,0.125,0,0,0,-0.00011812088632723317,359.4927062988281,1.347320556640625
215,73,6.123405944919796,0.499375,0.5,0.375,0,0,0,-4.220505434204824e-05,11595.5888671875,1.167662262916565
216,73,9.269009484502021,0.566875,0.5,0.5,0,0,0,4.760439696838148e-05,20403.98828125,0.9740390777587891
217,73,11.343441320816055,0.570625,0.5,0.5,0,0,0,-2.1590540200122632e-05,26036.04296875,0.8219061493873596
218,75,4.069114568563236,0.1475,0.0,0.0,0,0,0,-3.730816024472006e-05,7253.7783203125,1.2275384664535522
219,75,2.89613247437228,0.249375,0.25,0.25,0,0,0,-7.287847256520763e-05,1619.663818359375,1.3392726182937622
220,76,1.9742508859671943,0.103125,0.125,0.125,0,0,0,-0.00030097892158664763,2060.72607421875,1.3215678930282593
221,76,1.9905766745650908,0.559375,0.875,0.25,0,0,0,-0.00018712133169174194,424.442138671875,1.2876018285751343
222,76,1.1617543767861207,0.7375,0.875,0.5,0,0,0,1.224130392074585e-05,62.26836395263672,1.3806015253067017
223,76,0.5203727925218118,0.823125,0.875,0.5,0,0,0,2.0069381207576953e-05,81.33311462402344,1.5058118104934692
224,77,1.2521753227920271,0.294375,0.25,0.0,0,0,0,-0.00045395022607408464,325.5703125,1.3836641311645508
225,79,1.8759666726691648,0.25125,0.125,0.0,0,0,0,-8.969489863375202e-05,1999.273193359375,1.2736297845840454
226,79,3.701157775140018,0.371875,0.125,0.125,0,0,0,-2.8212864435772644e-06,3933.61572265625,1.3256961107254028
227,79,10.392087356885895,0.414375,0.125,0.125,0,0,0,-2.878345549106598e-05,22088.404296875,0.9122822880744934
228,79,11.382786640257109,0.474375,0.125,0.125,0,0,0,-6.644675977440784e-06,26512.267578125,0.8416903018951416
229,80,4.838166743284091,0.075,0.0,0.0,0,0,0,-2.6038536816486157e-05,8085.8779296875,1.1749366521835327
230,80,1.698877266549971,0.469375,0.5,0.125,0,0,0,-0.00013429950922727585,287.9201965332031,1.3280848264694214
231,80,1.6866246777954075,0.663125,0.625,0.5,0,0,0,-0.00011333885049680248,445.9811706542969,1.2897428274154663
232,80,0.3529847202007659,0.743125,0.625,0.5,0,0,0,-1.8537044525146484e-05,149.9610137939453,1.4926414489746094
233,82,1.1876294201574638,0.23125,0.125,0.125,0,0,0,1.775349119270686e-05,1452.1929931640625,1.3605836629867554
234,83,1.872048217072006,0.25375,0.0,0.0,0,0,0,-0.0003466876223683357,1001.845458984375,1.373274803161621
235,83,2.694401072782057,0.455625,0.125,0.0,0,0,0,-5.309780317475088e-05,3143.917724609375,1.2876505851745605
236,83,5.684609038566123,0.465,0.125,0.125,0,0,0,5.0170037866337225e-05,5607.3623046875,1.1935213804244995
237,83,9.851212079942343,0.479375,0.125,0.125,0,0,0,-8.101264393189922e-05,19579.2734375,0.9164555072784424
238,84,3.812882103200536,0.28125,0.5,0.25,0,0,0,-7.380606984952465e-05,2510.225341796875,1.2332056760787964
239,84,1.642885996185214,0.556875,0.75,0.5,0,0,0,-0.0002259996981592849,426.6236572265625,1.2388153076171875
240,84,0.7753372803767888,0.624375,0.75,0.625,0,0,0,4.5399803639156744e-05,100.57159423828125,1.4402183294296265
241,84,3.9668118582922034,0.740625,0.75,0.75,0,0,0,0.00015147775411605835,5797.64453125,1.1111568212509155
242,85,2.6679903660751734,0.358125,0.625,0.25,0,0,0,4.3800100684165955e-06,629.17919921875,1.2673592567443848
243,85,1.4907169741854887,0.471875,0.75,0.625,0,0,0,-0.0005625381018035114,210.07553100585938,1.2938402891159058
244,85,5.242808428854914,0.515625,0.75,0.75,0,0,0,-0.00018326938152313232,6707.25146484375,1.1932356357574463
245,86,6.047059762398931,0.0125,0.0,0.0,0,0,0,-0.00012497231364250183,5721.16455078125,1.136928677558899
246,86,2.1845219251408707,0.37875,0.5,0.375,0,0,0,-1.4276864931161981e-05,526.905517578125,1.2368290424346924
247,86,5.09582594827225,0.525625,0.5,0.5,0,0,0,-6.420165300369263e-05,7355.509765625,1.1453577280044556
248,86,11.301063835504465,0.55875,0.5,0.5,0,0,0,-1.1177112355653662e-05,25644.189453125,0.8271849751472473
249,87,8.1222358259256,0.0625,0.0,0.0,0,0,0,-2.135088107024785e-05,12940.5791015625,1.0098071098327637
250,87,2.1380306008504704,0.426875,0.5,0.25,0,0,0,-0.00010228095197817311,311.4769592285156,1.2453211545944214
251,87,1.0801485350584699,0.675625,0.625,0.5,0,0,0,-5.360071736504324e-05,168.12022399902344,1.3896347284317017
252,87,0.7160188239904528,0.746875,0.75,0.625,0,0,0,3.4564949601190165e-05,180.41427612304688,1.4813824892044067
253,88,1.6747894272994017,0.1225,0.0,0.0,0,0,0,2.2520622223964892e-05,890.983642578125,1.4357801675796509
254,88,9.317732996576524,0.255625,0.0,0.0,0,0,0,-1.6434738654425018e-06,18737.85546875,1.004348635673523
255,88,4.393152543217184,0.568125,0.375,0.125,0,0,0,-7.762884342810139e-05,4813.84765625,1.158760666847229
256,88,1.3344486502655855,0.65,0.375,0.375,0,0,0,-0.0009113491396419704,223.991455078125,1.3781118392944336
257,89,3.32855211748938,0.15875,0.25,0.125,0,0,0,0.0002935615775641054,2111.3525390625,1.32832932472229
258,89,1.1256433634116547,0.27375,0.5,0.375,0,0,0,-0.0003721298126038164,401.82476806640625,1.4520092010498047
259,89,6.768342140081586,0.32125,0.5,0.5,0,0,0,3.5337481676833704e-05,10447.9091796875,1.0990710258483887
260,89,11.621663939207792,0.408125,0.5,0.5,0,0,0,-0.00010334948456147686,27486.8984375,0.8202330470085144
261,91,7.563286283650086,0.156875,0.375,0.0,0,0,0,-4.0420640289084986e-05,15859.8349609375,0.9712938666343689
262,91,2.046325816969329,0.4825,1.0,0.5,0,0,0,-0.00027241805219091475,314.52764892578125,1.3070675134658813
263,92,1.3466918763297144,0.06625,0.0,0.0,0,0,0,-0.0003386580792721361,188.95437622070312,1.3857489824295044
264,92,1.5019376995842322,0.21625,0.25,0.25,0,0,0,-0.00084733433322981,527.587890625,1.4026137590408325
265,92,2.9841295543933484,0.351875,0.625,0.5,0,0,0,0.0005545380408875644,2691.927490234375,1.2615599632263184
266,92,8.435753346384445,0.45875,0.625,0.625,0,0,0,-0.00011258696758886799,18354.1015625,0.9898114204406738
267,93,9.035922716386267,0.059375,0.0,0.0,0,0,0,-4.733602054329822e-06,20166.97265625,0.9068042635917664
268,93,2.0104734752239892,0.424375,0.625,0.375,0,0,0,-3.900006413459778e-05,639.6195678710938,1.3212971687316895
269,93,1.3018390396837276,0.716875,0.75,0.625,0,0,0,-0.00021737068891525269,94.14460754394531,1.352981448173523
270,93,5.441289666814555,0.7975,0.875,0.875,0,0,0,3.9283186197280884e-05,6437.8779296875,1.1746106147766113
271,94,8.198405816576269,0.07,0.0,0.0,0,0,0,4.2567651689751074e-05,18711.537109375,0.9597530961036682
272,94,6.501973498248844,0.265,0.125,0.125,0,0,0,6.661316001554951e-05,10511.2548828125,1.1785454750061035
273,94,9.278134742057773,0.448125,0.125,0.125,0,0,0,-7.578792519780109e-06,17926.060546875,0.9841656684875488
274,98,6.446966796342167,0.259375,0.0,0.0,0,0,0,-4.7427911340491846e-05,8180.205078125,1.1433051824569702
275,98,2.5344891042113886,0.485,0.5,0.375,0,0,0,-6.374716758728027e-05,647.1640625,1.1504751443862915
276,98,1.3708850241964683,0.523125,0.5,0.5,0,0,0,-0.00032220035791397095,647.1132202148438,1.433210015296936
277,98,4.621851823467296,0.57875,0.625,0.625,0,0,0,-7.227311289170757e-05,4532.53662109375,1.2345207929611206
278,99,5.04444878812501,0.250625,0.375,0.125,0,0,0,-1.1309981346130371e-05,5443.54931640625,1.1781187057495117
279,99,0.5035141188650414,0.43,0.375,0.375,0,0,0,-2.8500953703769483e-05,210.08566284179688,1.47686767578125
280,99,2.3658225780018256,0.465,0.375,0.375,0,0,0,-8.541097486158833e-05,1582.08935546875,1.365269660949707
281,99,1.8879232164472342,0.50125,0.5,0.375,0,0,0,2.8908252716064453e-06,954.110107421875,1.2658292055130005
282,100,1.5033596458224565,0.159375,0.25,0.25,0,0,0,-1.320398132520495e-05,539.337646484375,1.3424710035324097
283,100,4.001282429744606,0.323125,0.5,0.375,0,0,0,-2.6127943783649243e-05,4577.5625,1.2631621360778809
284,100,1.3305222225098987,0.51125,0.75,0.625,0,0,0,-0.00039517879486083984,193.9953155517578,1.3476347923278809
285,100,3.925235362883541,0.519375,0.75,0.75,0,0,0,-0.0005760733038187027,3261.6865234375,1.3110204935073853
286,101,3.3798373528479715,0.356875,0.625,0.25,0,0,0,0.00019327427435200661,1331.39111328125,1.211154818534851
287,101,2.261427349949372,0.493125,0.625,0.625,0,0,0,5.097687244415283e-05,921.7540283203125,1.3412799835205078
288,101,10.247201102618419,0.621875,0.625,0.625,0,0,0,-0.00012088318908354267,21025.3984375,0.8720571398735046
289,101,9.765953698952217,0.6225,0.625,0.625,0,0,0,-1.095483730750857e-05,18913.15625,0.8990899920463562
290,102,3.218764730190742,0.305,0.375,0.25,0,0,0,-8.799756869848352e-06,1334.8055419921875,1.1167597770690918
291,102,3.1790672593961062,0.545,0.625,0.625,0,0,0,-6.477721035480499e-05,1909.8155517578125,1.3083945512771606
292,102,0.4792468300111068,0.714375,0.75,0.625,0,0,0,-7.44226053939201e-05,200.2310333251953,1.4610055685043335
293,103,1.645158579769486,0.10875,0.0,0.0,0,0,0,-2.559398672019597e-05,821.3086547851562,1.4040312767028809
294,103,2.451100866353954,0.374375,0.375,0.375,0,0,0,-6.336843216558918e-05,858.4453125,1.3341418504714966
295,103,1.4614347513343091,0.52125,0.625,0.375,0,0,0,-0.0010251402854919434,348.612060546875,1.384290099143982
296,103,0.5105878272006521,0.55125,0.625,0.5,0,0,0,-0.0007165850256569684,185.39044189453125,1.4979749917984009
297,104,1.6492513099656207,0.1475,0.5,0.375,0,0,0,-0.0002968981862068176,1255.5257568359375,1.429449200630188
298,104,3.310648202088487,0.409375,0.75,0.625,0,0,0,-0.000278376042842865,2651.478515625,1.2814230918884277
299,104,0.9400213481870878,0.5625,0.875,0.75,0,0,0,-0.0001370590180158615,467.5366516113281,1.4020458459854126
300,104,0.41413857464067405,0.67875,0.875,0.75,0,0,0,0.00013851933181285858,203.08755493164062,1.4779142141342163
301,105,0.2332544069213327,0.13375,0.0,0.0,0,0,0,-6.364410364767537e-05,139.9914093017578,1.4625927209854126
302,106,-0.12396532136335736,0.105,0.0,0.0,0,0,0,-5.375966429710388e-05,1528.0286865234375,1.4356740713119507
303,107,1.6995891408369062,0.095625,0.0,0.0,0,0,0,-0.00023902735847514123,1623.107666015625,1.3968015909194946
304,107,1.6946551979922333,0.42,0.375,0.125,0,0,0,-0.00011219503358006477,191.0479736328125,1.1808685064315796
305,108,2.2087365328115993,0.28125,0.375,0.25,0,0,0,-0.00011519528925418854,1043.5626220703125,1.2140963077545166
306,108,1.074333747070341,0.529375,0.5,0.375,0,0,0,-0.0004617534577846527,68.56658935546875,1.3727645874023438
307,108,8.544200257209013,0.630625,0.5,0.5,0,0,0,-0.0001547609717817977,18698.6328125,0.981071949005127
308,108,11.579739920794964,0.7425,0.5,0.5,0,0,0,-1.2839833516409271e-06,27167.6171875,0.7910370230674744
309,109,2.8404784029407892,0.30625,0.5,0.375,0,0,0,5.155491453479044e-05,1235.3096923828125,1.1774619817733765
310,109,9.354038309189491,0.409375,0.5,0.5,0,0,0,-2.485389586581732e-06,18804.759765625,0.9464182257652283
311,109,7.044034692313289,0.48125,0.625,0.5,0,0,0,-8.396804332733154e-06,14099.765625,0.990513265132904
312,109,0.684352668486099,0.636875,0.75,0.625,0,0,0,-1.6014711945899762e-05,188.80416870117188,1.4627660512924194
313,110,1.6366469409913407,0.443125,0.5,0.125,0,0,0,-3.731561082531698e-05,498.2593078613281,1.3013449907302856
314,110,1.8773957677694852,0.63125,0.625,0.625,0,0,0,-5.2625004173023626e-05,445.6499328613281,1.3316001892089844
315,110,9.923182833881583,0.719375,0.75,0.625,0,0,0,1.6763806343078613e-05,23278.3515625,0.8202040791511536
316,111,5.441992130607105,0.01625,0.0,0.0,0,0,0,-3.201762956450693e-05,9837.619140625,1.1673331260681152
317,111,1.5954106500357739,0.12375,0.0,0.0,0,0,0,-0.00014594197273254395,717.9793701171875,1.3891335725784302
318,111,1.9894998513937026,0.51375,0.375,0.0,0,0,0,-0.00012830644845962524,427.3380432128906,1.2509404420852661
319,111,1.0965923176481738,0.596875,0.5,0.25,0,0,0,-4.0084123611450195e-05,82.27363586425781,1.403569221496582
320,112,1.135924267295195,0.070625,0.0,0.0,0,0,0,-8.805344259599224e-05,251.86036682128906,1.3620243072509766
321,113,0.6846442462192499,0.281875,0.125,0.0,0,0,0,-0.00019523005175869912,1009.9445190429688,1.370829701423645
322,113,1.4734216413326067,0.569375,0.5,0.25,0,0,0,-0.00310906651429832,116.58971405029297,1.4074636697769165
323,113,0.8542351054882147,0.66875,0.5,0.25,0,0,0,-0.0009672368760220706,68.7480239868164,1.3938926458358765
324,113,0.4440844458495121,0.67375,0.5,0.25,0,0,0,0.00024217616009991616,17.12091636657715,1.5225688219070435
325,114,1.804906098783249,0.26375,0.25,0.0,0,0,0,-0.0006199839408509433,1706.677490234375,1.2800419330596924
326,114,1.4977443845382368,0.579375,0.625,0.375,0,0,0,-0.0010207617888227105,105.32778930664062,1.3703460693359375
327,114,1.2825578764022794,0.699375,0.75,0.625,0,0,0,0.00044629970216192305,84.54026794433594,1.2202726602554321
328,115,2.9086764430812764,0.039375,0.0,0.0,0,0,0,-0.000201551869395189,3073.275390625,1.3390130996704102
329,115,1.6599652285658522,0.463125,0.5,0.25,0,0,0,-0.00021046742040198296,219.37168884277344,1.323272466659546
330,115,2.5688621345520914,0.69625,1.0,0.75,0,0,0,-5.3665291488869116e-05,739.193359375,1.1946784257888794
331,116,1.6583187878859462,0.153125,0.25,0.0,0,0,0,-3.970786929130554e-05,250.39578247070312,1.3271549940109253
332,116,1.1785615853777927,0.365,0.375,0.25,0,0,0,-0.0005748036201111972,73.06534576416016,1.3168339729309082
333,116,7.549773883809394,0.499375,0.375,0.375,0,0,0,0.00035723112523555756,16177.421875,1.073337435722351
334,116,10.353118344792165,0.5375,0.625,0.375,0,0,0,0.00020041938114445657,22924.603515625,0.7962048649787903
335,117,1.3610890715572168,0.186875,0.125,0.0,0,0,0,0.0001987135037779808,541.0797729492188,1.2549090385437012
336,117,1.3029885781252233,0.458125,0.375,0.0,0,0,0,-0.0008578759734518826,124.40797424316406,1.334891676902771
337,117,0.5566505869901448,0.571875,0.375,0.0,0,0,0,-0.0008472471381537616,146.81219482421875,1.516677737236023
338,117,0.5917558203809676,0.723125,0.5,0.0,0,0,0,0.0003488383663352579,127.88462829589844,1.5068154335021973
339,118,1.1340993336370957,0.076875,0.0,0.0,0,0,0,-6.548423698404804e-05,282.91943359375,1.4024525880813599
340,118,4.715945861884393,0.174375,0.25,0.0,0,0,0,2.065300941467285e-05,5510.38916015625,1.2205114364624023
341,118,2.71202685215394,0.458125,0.5,0.375,0,0,0,-0.00018833267677109689,1894.46630859375,1.2417157888412476
342,118,0.4134469295240706,0.54125,0.5,0.375,0,0,0,-0.00016476276505272835,235.46624755859375,1.462961196899414
343,119,1.5517641156548052,0.355,0.25,0.25,0,0,0,3.228895366191864e-05,467.5682373046875,1.2545462846755981
344,119,1.2394943861290812,0.55375,0.5,0.375,0,0,0,-4.004438596894033e-05,132.88723754882812,1.2761489152908325
345,119,5.294318521067908,0.669375,0.5,0.5,0,0,0,-1.8945584088214673e-05,9785.9306640625,1.1421552896499634
346,119,9.918743519345298,0.706875,0.625,0.5,0,0,0,5.342811346054077e-05,24195.88671875,0.8384130597114563
347,120,0.9218033836127688,0.186875,0.125,0.0,0,0,0,-2.245015093649272e-05,574.5511474609375,1.3873964548110962
348,120,6.240036666058586,0.3875,0.125,0.125,0,0,0,-2.5960616767406464e-05,7352.91650390625,1.1492252349853516
349,120,8.570906154520344,0.41,0.125,0.125,0,0,0,-3.0357390642166138e-05,14956.8369140625,0.9637358784675598
350,120,10.88265148983919,0.448125,0.125,0.125,0,0,0,-7.696449756622314e-06,24397.443359375,0.8453061580657959
351,121,3.798967248578265,0.34,0.375,0.375,0,0,0,-3.8853537262184545e-05,2436.136474609375,1.2205698490142822
352,121,2.619394868168456,0.563125,0.5,0.5,0,0,0,-7.027387619018555e-05,1470.6846923828125,1.3223928213119507
353,121,8.624255808691487,0.65375,0.5,0.5,0,0,0,-2.1288791685947217e-05,15334.787109375,0.9821905493736267
354,121,5.82870159448521,0.715625,0.875,0.625,0,0,0,1.1071562767028809e-05,8252.5966796875,1.0888639688491821
355,122,1.800665941227635,0.28375,0.375,0.25,0,0,0,-0.00011200861627003178,406.63165283203125,1.2986794710159302
356,123,5.229966264271752,0.034375,0.0,0.0,0,0,0,-0.000132828950881958,9849.8642578125,1.1703500747680664
357,123,5.34857555454073,0.29375,0.125,0.0,0,0,0,3.9227306842803955e-06,9180.318359375,1.1389530897140503
358,123,1.6704487087090456,0.591875,0.375,0.25,0,0,0,-0.0005008243024349213,227.65579223632812,1.3085964918136597
359,123,3.428104475933651,0.726875,0.75,0.625,0,0,0,-6.208382546901703e-05,2425.78466796875,1.2304730415344238
360,124,2.562005960542592,0.16125,0.25,0.125,0,0,0,-7.941139483591542e-05,987.9698486328125,1.2962757349014282
361,124,1.2946057928766095,0.433125,0.5,0.375,0,0,0,-0.004647826310247183,239.25592041015625,1.4325898885726929
362,124,0.5483175105036935,0.48,0.625,0.5,0,0,0,0.0017012270400300622,254.34808349609375,1.4362258911132812
363,124,0.5939147218377911,0.555625,0.75,0.5,0,0,0,0.0007544967229478061,213.6160125732422,1.3980835676193237
364,125,0.5452839099668836,0.123125,0.0,0.0,0,0,0,-0.0005793633754365146,117.17577362060547,1.4214531183242798
365,126,0.983817240150529,0.1275,0.0,0.0,0,0,0,0.0010295858373865485,1854.59130859375,1.4421907663345337
366,126,2.252480206940163,0.435625,0.25,0.125,0,0,0,-0.000297582388157025,804.3876342773438,1.301665186882019
367,126,0.9520306472786615,0.56625,0.375,0.25,0,0,0,-0.00017571325588505715,225.25839233398438,1.4684885740280151
368,126,0.7723566308341105,0.668125,0.5,0.25,0,0,0,0.000298171624308452,222.14710998535156,1.472303032875061
369,128,0.9594543472776422,0.12125,0.125,0.0,0,0,0,-0.0003753282653633505,1098.581298828125,1.4683419466018677
370,130,4.472493518755073,0.14625,0.25,0.0,0,0,0,0.0001560893579153344,6442.54052734375,1.3053165674209595
371,130,0.9430484147937932,0.375625,0.25,0.125,0,0,0,-0.0007878833566792309,57.63254165649414,1.4329735040664673
372,130,0.9989235681059654,0.451875,0.375,0.125,0,0,0,-0.0001279370189877227,105.04884338378906,1.4168338775634766
373,130,0.5362128231354291,0.515,0.375,0.25,0,0,0,0.0001267882325919345,167.5599365234375,1.4002785682678223
374,131,1.1048280845570844,0.183125,0.125,0.125,0,0,0,6.370743358274922e-05,334.0953369140625,1.4541677236557007
375,133,1.0514296792971436,0.178125,0.0,0.0,0,0,0,-0.00013969163410365582,2212.47607421875,1.3764806985855103
376,133,3.565115997684188,0.28875,0.25,0.125,0,0,0,-0.00013531123113352805,3577.154541015625,1.3128403425216675
377,134,1.6453654310898855,0.09625,0.0,0.0,0,0,0,-0.0006924110348336399,1274.36962890625,1.3831971883773804
378,134,2.635338603708078,0.256875,0.25,0.125,0,0,0,-5.3675223171012476e-05,1566.879150390625,1.3207226991653442
379,134,7.292198090239253,0.424375,0.25,0.25,0,0,0,-4.1579827666282654e-05,12947.93359375,1.1375271081924438
380,135,3.872203148674089,0.319375,0.75,0.125,0,0,0,-7.013976573944092e-05,2521.1328125,1.156807780265808
381,135,1.0664171976229113,0.458125,0.875,0.375,0,0,0,-0.001846250263042748,88.93733215332031,1.5038963556289673
382,135,0.548088468334754,0.4825,0.875,0.375,0,0,0,0.00023114681243896484,125.1723403930664,1.5228700637817383
383,135,1.087239880249399,0.509375,0.875,0.75,0,0,0,-0.00013955247413832694,197.65960693359375,1.445090651512146
384,137,1.8028508655697806,0.00875,0.0,0.0,0,0,0,-6.065082925488241e-05,2128.068115234375,1.3776731491088867
385,138,0.5854698869916319,0.223125,0.125,0.0,0,0,0,-0.00010606119030853733,1232.303955078125,1.444604754447937
386,138,2.351720604558068,0.2625,0.125,0.125,0,0,0,7.903451478341594e-05,1555.0914306640625,1.433967113494873
387,139,3.6950056325804326,0.0975,0.25,0.125,0,0,0,-2.1879872292629443e-05,2734.115234375,1.2977840900421143
388,139,0.8239980345824733,0.22375,0.375,0.25,0,0,0,-8.539544796803966e-05,245.26654052734375,1.4780410528182983
389,139,2.8587923412960663,0.389375,0.375,0.375,0,0,0,1.8005570154855377e-06,2959.107421875,1.3947619199752808
390,139,7.662961196132528,0.41,0.375,0.375,0,0,0,-2.6947507649310865e-05,11409.5751953125,1.0698384046554565
391,140,2.9730848005965527,0.285625,0.125,0.0,0,0,0,-5.029141902923584e-06,1648.22705078125,1.277712106704712
392,141,1.6302581928975997,0.24125,0.5,0.25,0,0,0,-0.00449076434597373,1425.0,1.3574029207229614
393,141,3.773557240507216,0.330625,0.625,0.5,0,0,0,-0.001408092095516622,3320.64892578125,1.2981005907058716
394,141,3.5053055771841173,0.53625,0.625,0.625,0,0,0,0.0024626702070236206,2764.7666015625,1.3195840120315552
395,142,7.381900030311954,0.05375,0.0,0.0,0,0,0,-0.000756939232815057,11444.125,1.0642368793487549
396,143,1.2130031766246248,0.305625,0.25,0.0,0,0,0,-0.00039949113852344453,725.7166748046875,1.3488069772720337
397,143,0.8970766368074692,0.491875,0.375,0.125,0,0,0,-5.326296013663523e-05,133.7012176513672,1.3925366401672363
398,143,0.8744449594578327,0.53625,0.5,0.25,0,0,0,-0.0004635391233023256,150.48947143554688,1.4266749620437622
399,143,0.7085896778044116,0.66625,0.75,0.25,0,0,0,-0.0011337902396917343,13.513690948486328,1.4963849782943726
400,144,1.5265132326803723,0.363125,0.625,0.125,0,0,0,-0.00029633785015903413,356.09088134765625,1.3966755867004395
401,144,1.0448844606653438,0.503125,0.875,0.375,0,0,0,-0.00029495605849660933,94.12540435791016,1.4856616258621216
402,144,1.3233888231952733,0.7125,0.875,0.75,0,0,0,-5.5282067478401586e-05,63.71187973022461,1.403768539428711
403,146,2.03621756465418,0.023125,0.0,0.0,0,0,0,-0.00014912337064743042,1908.8621826171875,1.417291283607483
404,148,3.45946774022741,0.053125,0.0,0.0,0,0,0,-0.00019751954823732376,3162.64306640625,1.2719234228134155
405,148,1.241061750028166,0.31125,0.25,0.125,0,0,0,-0.003124754875898361,338.48492431640625,1.3999090194702148
406,151,1.066926021812833,0.1475,0.375,0.0,0,0,0,-0.0004680392739828676,3346.869140625,1.3708263635635376
407,151,2.487529318599627,0.35875,0.375,0.375,0,0,0,-0.0017833225429058075,1213.546875,1.3699008226394653
408,151,7.145093110794733,0.373125,0.375,0.375,0,0,0,-0.0005938804824836552,9440.201171875,1.1204569339752197
409,152,1.4512064028240275,0.005625,0.0,0.0,0,0,0,-9.816884994506836e-05,1258.711669921875,1.3637733459472656
410,153,1.1707876156579005,0.17875,0.0,0.0,0,0,0,-0.00011329818516969681,1218.691162109375,1.4308123588562012
411,153,2.259233480110197,0.39375,0.5,0.5,0,0,0,-0.00031238453811965883,567.467041015625,1.2635647058486938
412,153,10.403267524001421,0.47625,0.5,0.5,0,0,0,-8.484845602652058e-05,23532.08203125,0.9033408761024475
413,153,10.542377049132483,0.50125,0.5,0.5,0,0,0,5.6852586567401886e-05,22860.486328125,0.8869139552116394
414,154,4.498208364166203,0.333125,0.625,0.125,0,0,0,4.803451520274393e-05,4288.9462890625,1.174623966217041
415,154,1.5301209318131441,0.483125,0.75,0.625,0,0,0,-0.0012322701513767242,104.4339828491211,1.3276395797729492
416,155,2.194451898263651,0.026875,0.0,0.0,0,0,0,0.0002583228051662445,1985.631591796875,1.329347014427185
417,155,1.5538837918575155,0.48375,0.375,0.125,0,0,0,-0.000616585195530206,245.58755493164062,1.2516582012176514
418,155,1.335620228008338,0.666875,0.5,0.375,0,0,0,-0.00048120939754880965,77.64501190185547,1.344396710395813
419,155,3.1115920687029757,0.735625,0.625,0.5,0,0,0,-0.0003655310720205307,2593.63427734375,1.2653015851974487
420,156,2.4585499774493655,0.06625,0.0,0.0,0,0,0,-0.00013252922508399934,2105.320068359375,1.3344181776046753
421,157,0.8282718749833293,0.205,0.125,0.0,0,0,0,-2.283230423927307e-05,1532.934326171875,1.389743447303772
422,157,2.752841001005436,0.353125,0.125,0.125,0,0,0,-1.7012158650686615e-06,2027.4512939453125,1.3527377843856812
423,157,8.493574385764987,0.3825,0.125,0.125,0,0,0,-5.296742074278882e-06,15795.09375,1.0438491106033325
424,157,10.853493330534548,0.496875,0.125,0.125,0,0,0,-1.7371028661727905e-05,23313.98046875,0.8970581889152527
425,158,5.497025815378947,0.186875,0.125,0.125,0,0,0,-4.0858983993530273e-05,5639.80859375,1.2308775186538696
426,159,2.140797731834027,0.115,0.0,0.0,0,0,0,-0.00024576360010541975,1240.7889404296875,1.4193296432495117
427,160,5.390111446075025,0.028125,0.0,0.0,0,0,0,-0.00012262242671567947,6450.5322265625,1.1949268579483032
428,160,3.3756907284277986,0.319375,0.25,0.25,0,0,0,-4.3122097849845886e-05,2234.63330078125,1.292902946472168
429,160,2.8041200873994967,0.58875,0.625,0.5,0,0,0,1.5409663319587708e-05,1555.18798828125,1.2681692838668823
430,160,4.629397093216539,0.6675,0.75,0.75,0,0,0,-4.135817289352417e-05,6018.50390625,1.2376371622085571
431,161,9.336954679849441,0.023125,0.0,0.0,0,0,0,-4.666547101805918e-05,19507.158203125,0.9334515929222107
432,162,3.587273002289294,0.16,0.0,0.0,0,0,0,-5.9279922425048426e-05,2516.82470703125,1.341349482536316
433,163,7.623784776844332,0.028125,0.0,0.0,0,0,0,2.1008154362789355e-05,15425.2255859375,1.0212459564208984
434,163,2.071809930199379,0.401875,0.5,0.375,0,0,0,-7.002800703048706e-05,392.6069641113281,1.2328444719314575
435,163,7.428877254889812,0.551875,0.5,0.5,0,0,0,-4.154505950282328e-05,13535.404296875,1.0772881507873535
436,165,1.2430450393803767,0.15,0.0,0.0,0,0,0,-5.308321487973444e-05,1938.50390625,1.327194333076477
437,165,0.8434452766159666,0.43,0.25,0.125,0,0,0,-0.00021346721041481942,278.01055908203125,1.4173359870910645
438,165,2.1985761978089613,0.693125,0.75,0.75,0,0,0,-8.745118975639343e-06,446.729248046875,1.3435612916946411
439,165,7.517181403061841,0.850625,0.875,0.75,0,0,0,2.709869295358658e-05,13370.826171875,0.9472355842590332
440,166,1.2589366443426115,0.215625,0.0,0.0,0,0,0,-3.582487624953501e-05,290.5250244140625,1.367045283317566
441,166,2.3661125826783973,0.479375,0.5,0.25,0,0,0,-4.6831246436340734e-05,718.2518920898438,1.2892982959747314
442,166,1.195657941600075,0.540625,0.75,0.625,0,0,0,-5.245767533779144e-05,276.7572021484375,1.3499304056167603
443,166,7.447914358621347,0.57625,0.875,0.875,0,0,0,-3.563612699508667e-05,13353.0751953125,1.0781102180480957
444,167,6.432521575894498,0.17125,0.25,0.125,0,0,0,-2.361088991165161e-05,10921.02734375,1.1065832376480103
445,167,2.0531081443964467,0.43875,0.625,0.375,0,0,0,-7.331836968660355e-05,667.1178588867188,1.3047958612442017
446,167,2.6584377495400986,0.57875,0.75,0.75,0,0,0,1.1349717397024506e-06,1316.8638916015625,1.3519549369812012
447,167,9.840075681888266,0.604375,0.875,0.75,0,0,0,-1.3966733831694e-06,24637.37890625,0.8943781852722168
448,168,2.4748905216838466,0.34,0.375,0.25,0,0,0,-2.468004822731018e-05,1033.386962890625,1.2942856550216675
449,168,1.8711686243041186,0.62125,1.0,0.625,0,0,0,-0.0002194003463955596,337.809814453125,1.285898208618164
450,170,2.934511346007639,0.20375,0.0,0.0,0,0,0,3.707657378981821e-05,2332.89697265625,1.3889074325561523
451,170,3.0585221983837982,0.37625,0.625,0.5,0,0,0,-2.2231601178646088e-05,2314.494140625,1.259344220161438
452,170,6.683644528809964,0.479375,0.625,0.625,0,0,0,8.52470566314878e-06,12475.333984375,1.1437925100326538
453,170,9.47802039612725,0.49125,0.625,0.625,0,0,0,-3.322679549455643e-05,17415.08203125,0.954181432723999
454,171,5.475420521659544,0.188125,0.0,0.0,0,0,0,-1.0654330253601074e-06,9917.7802734375,1.1489830017089844
455,171,2.157911262125708,0.39,0.5,0.5,0,0,0,-0.00010979206854244694,864.4163818359375,1.4359782934188843
456,171,9.70512822616729,0.44375,0.5,0.5,0,0,0,-6.981255864957348e-05,19855.572265625,0.9560872912406921
457,171,11.342073996274848,0.44875,0.5,0.5,0,0,0,9.170423254545312e-06,25928.798828125,0.8651520609855652
458,173,4.113585314909869,0.076875,0.0,0.0,0,0,0,-2.2172927856445312e-05,8512.244140625,1.19646418094635
459,174,2.518522344624216,0.205625,0.0,0.0,0,0,0,-0.0002146344631910324,2323.208740234375,1.3519541025161743
460,175,1.9293378512447816,0.1675,0.375,0.25,0,0,0,-0.0011988816550001502,1055.4288330078125,1.322419285774231
461,175,1.64346735502113,0.415,0.75,0.625,0,0,0,0.00011045299470424652,261.23089599609375,1.35824453830719
462,175,3.5903393890664574,0.62125,0.75,0.75,0,0,0,0.0003850031644105911,2541.056640625,1.3155220746994019
463,175,6.522793849464506,0.716875,0.75,0.75,0,0,0,-1.730024814605713e-05,7266.41796875,1.123565435409546
464,178,1.6392815646759118,0.026875,0.0,0.0,0,0,0,-0.0001413719728589058,2752.8974609375,1.357579231262207
465,178,0.9547448244702537,0.324375,0.375,0.0,0,0,0,-0.00022252400231081992,524.052978515625,1.3619362115859985
466,178,1.7751424976395356,0.579375,0.625,0.5,0,0,0,-0.0003316085785627365,320.4443054199219,1.307071566581726
467,178,3.999214254038634,0.6525,0.625,0.625,0,0,0,0.0002311194984940812,3230.75634765625,1.2628332376480103
468,179,4.326328392060532,0.084375,0.25,0.0,0,0,0,4.254716259310953e-05,4264.05712890625,1.2112404108047485
469,179,2.3185899576492375,0.424375,0.375,0.375,0,0,0,-7.59089962230064e-05,950.3828735351562,1.3288646936416626
470,179,5.577972004866751,0.5625,0.625,0.375,0,0,0,-5.289912223815918e-07,6193.7841796875,1.1304277181625366
471,179,7.251854085203377,0.615625,0.625,0.625,0,0,0,-1.4835968613624573e-05,12841.6640625,1.1017906665802002
472,180,9.039072490821127,0.129375,0.0,0.0,0,0,0,-4.837413507630117e-05,19393.05078125,0.9657273888587952
473,180,1.7541376187364222,0.4675,0.375,0.125,0,0,0,-4.9051519454224035e-05,204.39187622070312,1.2710281610488892
474,180,2.586744760941656,0.535,0.5,0.5,0,0,0,-0.00018042884767055511,1888.9510498046875,1.330180048942566
475,180,4.0491509344919905,0.65875,0.625,0.625,0,0,0,-4.092852122994373e-06,3958.8486328125,1.1986438035964966
476,181,6.959160865568265,0.075,0.0,0.0,0,0,0,1.6351541489711963e-05,12761.564453125,1.0744653940200806
477,181,3.24532345298212,0.285,0.25,0.125,0,0,0,-2.117268741130829e-05,3333.865966796875,1.292686939239502
478,181,1.1863500066538109,0.453125,0.375,0.25,0,0,0,-0.000959085940849036,45.63801574707031,1.3312420845031738
479,181,3.2719663731841138,0.55125,0.375,0.375,0,0,0,-8.632615208625793e-05,2887.277587890625,1.3177467584609985
480,182,5.559902904147748,0.231875,0.25,0.0,0,0,0,0.00013891980051994324,9460.62109375,1.0871667861938477
481,182,1.5991457043965056,0.578125,0.5,0.375,0,0,0,-0.0007185768336057663,485.0352478027344,1.4113270044326782
482,182,7.590493405383313,0.610625,0.5,0.5,0,0,0,-0.00020303700875956565,16026.0068359375,1.0697613954544067
483,182,11.545832816394977,0.641875,0.5,0.5,0,0,0,-0.00019909068942070007,26823.84765625,0.7795672416687012
484,183,5.641340930094884,0.189375,0.125,0.0,0,0,0,0.00017178431153297424,9034.865234375,1.0960054397583008
485,184,2.6870595922109715,0.061875,0.0,0.0,0,0,0,-2.3002425223239698e-05,1836.04736328125,1.355453610420227
486,184,3.4467775146040367,0.28125,0.125,0.0,0,0,0,-2.7406960725784302e-05,2313.58349609375,1.292116641998291
487,184,2.274017000963795,0.51875,0.5,0.5,0,0,0,-9.067977225640789e-05,552.0203247070312,1.2990121841430664
488,184,5.179032578518672,0.64,0.625,0.5,0,0,0,1.3732661500398535e-05,9146.9453125,1.123742938041687
489,185,0.8421309019631735,0.16625,0.125,0.0,0,0,0,-4.522409290075302e-05,661.2373657226562,1.3651591539382935
490,185,2.1420425844262354,0.464375,0.75,0.375,0,0,0,-6.0361500800354406e-05,302.13751220703125,1.2946735620498657
491,185,5.060503713432809,0.57,0.75,0.75,0,0,0,1.4116366401140112e-05,6702.84619140625,1.1798162460327148
492,185,8.07148908542149,0.671875,0.75,0.75,0,0,0,-2.282857894897461e-05,14836.1884765625,1.003829836845398
493,186,6.192690828167542,0.074375,0.0,0.0,0,0,0,-2.0029644929309143e-06,8394.490234375,1.1833603382110596
494,186,2.9604077101994335,0.313125,0.25,0.125,0,0,0,-8.533956861356273e-05,1791.6783447265625,1.3019577264785767
495,186,1.0053143261829973,0.531875,0.375,0.25,0,0,0,-0.0007596549694426358,130.85415649414062,1.4094656705856323
496,187,1.5538544122682652,0.244375,0.125,0.125,0,0,0,0.00012389710173010826,945.4775390625,1.4544363021850586
497,187,6.3069288226397475,0.450625,0.125,0.125,0,0,0,-0.00025948541588149965,6728.1337890625,1.136570930480957
498,187,1.0025885251161526,0.565,0.375,0.25,0,0,0,-0.0003788346948567778,108.83732604980469,1.2945903539657593
499,187,1.480945518014778,0.659375,0.5,0.375,0,0,0,-0.0004098148492630571,345.35125732421875,1.3215852975845337
500,188,1.0565745628628065,0.235625,0.375,0.0,0,0,0,5.533670264412649e-05,944.85107421875,1.4039777517318726
501,188,2.1739149858476594,0.533125,0.875,0.5,0,0,0,2.2850310415378772e-05,507.0270690917969,1.3057535886764526
502,188,4.004926519110086,0.549375,0.875,0.875,0,0,0,-2.863506415451411e-05,5389.7177734375,1.270486831665039
503,188,11.716971925576217,0.605,0.875,0.875,0,0,0,7.268538320204243e-05,27645.427734375,0.7940704822540283
504,189,2.1521941868086287,0.2425,0.25,0.125,0,0,0,-0.00042722313082776964,680.3185424804688,1.39263916015625
505,189,1.8682456730457488,0.503125,0.625,0.375,0,0,0,-7.85325319156982e-05,228.49114990234375,1.2376145124435425
506,189,1.5192082164612657,0.63625,0.75,0.75,0,0,0,-0.0002648507652338594,376.54754638671875,1.422647476196289
507,190,4.514636551088188,0.00625,0.0,0.0,0,0,0,-8.485279977321625e-05,4104.63818359375,1.227328896522522
508,191,1.773381989554764,0.22125,0.375,0.25,0,0,0,-0.0021648674737662077,1178.372802734375,1.364003300666809
509,192,3.189947906304951,0.195,0.125,0.125,0,0,0,-0.00044061863445676863,2676.40771484375,1.3628371953964233
510,192,4.33484945055352,0.383125,0.375,0.375,0,0,0,9.154155850410461e-05,5664.01318359375,1.2080250978469849
511,192,1.5613021612334705,0.409375,0.5,0.5,0,0,0,-0.000545139133464545,443.8360595703125,1.3293911218643188
512,192,10.873390697874129,0.41125,0.5,0.5,0,0,0,-9.863948071142659e-05,24683.8515625,0.8500759601593018
513,193,2.2103653530302836,0.20875,0.125,0.125,0,0,0,-0.00027668848633766174,1114.9329833984375,1.276123046875
514,193,2.5563638932101185,0.480625,0.375,0.375,0,0,0,-0.0004845683870371431,1189.1702880859375,1.3450571298599243
515,193,9.149385297576373,0.575625,0.375,0.375,0,0,0,-0.0001645606680540368,17819.419921875,0.9517914652824402
516,194,3.4023290249169804,0.006875,0.0,0.0,0,0,0,2.6367604732513428e-05,4779.0712890625,1.2320395708084106
517,194,1.2650318834057543,0.411875,0.25,0.125,0,0,0,-0.008018109016120434,177.70614624023438,1.2602051496505737
518,194,2.1517711515480187,0.61,0.875,0.625,0,0,0,-0.0014277845621109009,307.2445068359375,1.2465591430664062
519,194,1.4720574804669013,0.74875,1.0,0.875,0,0,0,0.003294753609225154,172.58421325683594,1.2403639554977417
520,195,1.267198008539708,0.025625,0.0,0.0,0,0,0,0.00015827144670765847,1289.4571533203125,1.4313234090805054
521,195,6.7152673586970195,0.290625,0.5,0.125,0,0,0,0.00022070978593546897,11765.09375,0.9424813389778137
522,195,0.7480847233455279,0.519375,0.625,0.125,0,0,0,0.0008359414641745389,104.74684143066406,1.4784170389175415
523,195,0.53732188757931,0.605625,0.625,0.125,0,0,0,0.00032408410334028304,169.672607421875,1.5036388635635376
524,196,0.8107578557926445,0.069375,0.0,0.0,0,0,0,-0.0001712654047878459,819.9595947265625,1.4417691230773926
525,196,0.9819108333495024,0.336875,0.25,0.125,0,0,0,-0.00015153735876083374,266.5410461425781,1.4015454053878784
526,196,0.9768119835080142,0.55,0.75,0.125,0,0,0,-3.2468389690620825e-05,194.6597137451172,1.3860384225845337
527,196,0.6212762649844876,0.716875,0.875,0.125,0,0,0,-6.433296948671341e-05,138.7847900390625,1.4896368980407715
528,198,0.1505826247771438,0.03,0.0,0.0,0,0,0,-5.303695797920227e-05,1758.0147705078125,1.4673808813095093
529,198,0.46802795716939727,0.22625,0.125,0.125,0,0,0,-0.00011201792949577793,455.3907165527344,1.4147754907608032
530,198,1.2230826691520633,0.496875,0.375,0.25,0,0,0,-0.0006802628631703556,635.884033203125,1.4123896360397339
531,198,0.9177053790626815,0.6525,0.5,0.25,0,0,0,-0.0005504644359461963,82.28507232666016,1.382292628288269
532,199,0.4514880976967106,0.091875,0.0,0.0,0,0,0,0.0004216426459606737,757.1832275390625,1.4410463571548462
533,199,0.7468278317501245,0.33625,0.125,0.0,0,0,0,-0.00045519755803979933,211.52651977539062,1.4088544845581055
534,199,0.9501962047147572,0.47375,0.125,0.125,0,0,0,8.904033893486485e-05,320.27374267578125,1.4494374990463257
535,199,6.205480228335546,0.605,0.125,0.125,0,0,0,-2.8293579816818237e-05,6479.99560546875,1.0752042531967163
536,200,7.918109386460856,0.15,0.0,0.0,0,0,0,-2.0831823348999023e-05,10580.646484375,0.9921744465827942
537,200,6.470202267744753,0.3825,0.375,0.125,0,0,0,1.2601415619428735e-05,11484.8798828125,0.9933851361274719
538,200,1.0433964030808056,0.51875,0.625,0.375,0,0,0,-9.54462811932899e-05,168.24754333496094,1.4464739561080933
539,200,0.5299222848680074,0.633125,0.875,0.375,0,0,0,-7.968457794049755e-05,165.95310974121094,1.4976658821105957
540,201,1.169141681619294,0.138125,0.25,0.125,0,0,0,-3.477061909507029e-05,805.9655151367188,1.3847360610961914
541,201,1.319794109398572,0.428125,0.5,0.25,0,0,0,-0.007333969697356224,229.44288635253906,1.3492093086242676
542,201,1.4359406450203096,0.67,0.875,0.5,0,0,0,-0.004032544791698456,61.28656768798828,1.320946216583252
543,201,1.4279218352548924,0.698125,0.875,0.875,0,0,0,-0.0003311100008431822,153.73704528808594,1.2818487882614136
544,202,7.1129085526190465,0.1325,0.125,0.0,0,0,0,-0.0014887787401676178,12631.341796875,1.0294057130813599
545,202,1.6423193030786933,0.395625,0.375,0.25,0,0,0,0.00018125353381037712,341.9659423828125,1.19688081741333
546,202,3.333540720581368,0.528125,0.375,0.375,0,0,0,0.0001770531089277938,3748.06689453125,1.212120532989502
547,202,4.801036845063209,0.621875,0.5,0.5,0,0,0,0.00012168040120741352,5975.72021484375,1.0574569702148438
548,203,4.24363456188803,0.1475,0.125,0.125,0,0,0,-3.2262254535453394e-05,3576.377197265625,1.2119437456130981
549,203,1.046262185111118,0.3825,0.25,0.25,0,0,0,2.7867654353030957e-05,404.0565185546875,1.4562495946884155
550,203,7.409881683503045,0.57375,0.375,0.375,0,0,0,-2.6829540729522705e-05,14981.861328125,1.097504734992981
551,203,4.239673807758663,0.604375,0.5,0.5,0,0,0,-6.756807124475017e-05,4627.970703125,1.196125864982605
552,205,3.859979361790465,0.1325,0.125,0.0,0,0,0,-8.1673264503479e-05,6046.916015625,1.1073325872421265
553,206,1.581327379521099,0.176875,0.375,0.125,0,0,0,-5.872051042388193e-05,1422.169921875,1.2618694305419922
554,206,2.304640423026285,0.254375,0.375,0.375,0,0,0,-5.5596232414245605e-05,1018.545654296875,1.3371435403823853
555,207,3.732325545810454,0.234375,0.375,0.0,0,0,0,-2.0885219782940112e-05,2979.59033203125,1.132147192955017
556,208,1.498291920775955,0.336875,0.125,0.0,0,0,0,-6.21238723397255e-05,1028.1468505859375,1.208770990371704
557,208,7.055570618613274,0.4925,0.125,0.125,0,0,0,6.667462730547413e-05,13052.853515625,1.0454593896865845
558,209,8.37117665162441,0.0375,0.0,0.0,0,0,0,-4.9198665692529175e-06,16123.146484375,0.9121301770210266
559,209,2.037440761065227,0.295625,0.375,0.375,0,0,0,-5.365442484617233e-05,629.9296264648438,1.3073935508728027
560,209,9.377118267584592,0.3125,0.375,0.375,0,0,0,6.2646963669976685e-06,19630.470703125,0.9258725047111511
561,209,11.332096254453063,0.369375,0.375,0.375,0,0,0,-3.3096100651164306e-06,25694.2578125,0.8126056790351868
562,211,3.0830602225469192,0.03875,0.0,0.0,0,0,0,-0.00010912740981439129,3699.8056640625,1.062137484550476
563,211,1.0089403150122962,0.26,0.125,0.0,0,0,0,-3.764033317565918e-05,282.7493896484375,1.2484817504882812
564,211,1.411398549680598,0.596875,0.25,0.125,0,0,0,-0.000317257217830047,388.2458801269531,1.3801459074020386
565,212,1.7323337295974852,0.213125,0.125,0.125,0,0,0,-0.0004279273562133312,1594.1790771484375,1.3797134160995483
566,212,3.3229801186316763,0.24375,0.25,0.25,0,0,0,0.00016333907842636108,4971.17919921875,1.282280445098877
567,213,10.924175800319063,0.020625,0.0,0.0,0,0,0,6.353234493872151e-05,24167.197265625,0.8037097454071045
568,213,2.5483209896920016,0.306875,0.375,0.25,0,0,0,0.00019829410302918404,1081.6929931640625,1.2071744203567505
569,213,4.28076190239517,0.468125,0.5,0.375,0,0,0,-4.968419671058655e-05,5454.71044921875,1.1678370237350464
570,213,4.030498768261168,0.55125,0.625,0.625,0,0,0,6.783381104469299e-05,4268.2802734375,1.1953134536743164
571,214,8.651542543506366,0.030625,0.0,0.0,0,0,0,-4.114459079573862e-05,18988.509765625,0.8666797280311584
572,214,5.99096781820117,0.273125,0.25,0.0,0,0,0,-7.675339475099463e-06,7638.12255859375,1.1494168043136597
573,214,2.000634905296465,0.6075,0.75,0.25,0,0,0,-3.156686943839304e-05,437.08233642578125,1.2586042881011963
574,214,1.6458818569190043,0.76375,0.875,0.75,0,0,0,-5.562479418586008e-05,297.92523193359375,1.3310545682907104
575,215,6.64298522604804,0.096875,0.125,0.0,0,0,0,-1.8461296349414624e-05,13626.96875,1.0380682945251465
576,215,2.365971834951779,0.431875,0.75,0.375,0,0,0,-6.407996261259541e-05,356.91168212890625,1.1100873947143555
577,215,6.119526838767342,0.520625,0.75,0.75,0,0,0,9.57399606704712e-07,8560.2607421875,0.9888806343078613
578,215,11.01258136855904,0.553125,0.75,0.75,0,0,0,-5.5596232414245605e-05,24071.326171875,0.7372415661811829
579,218,6.944733537631691,0.12,0.0,0.0,0,0,0,6.699313871649792e-06,16759.703125,0.9505558013916016
580,218,1.7922723879783007,0.46625,0.375,0.125,0,0,0,-4.611164331436157e-05,391.339111328125,1.2487074136734009
581,218,1.7539250632271433,0.630625,0.75,0.5,0,0,0,-0.00010384867346147075,211.44326782226562,1.2965527772903442
582,218,4.538712285197107,0.666875,0.75,0.75,0,0,0,-3.9517879486083984e-05,7540.4755859375,1.1583876609802246
583,219,7.292122638107685,0.085625,0.0,0.0,0,0,0,2.2028882540325867e-06,12729.873046875,0.9702925682067871
584,219,6.152416999964771,0.279375,0.0,0.0,0,0,0,1.35861337184906e-05,10585.759765625,1.0262078046798706
585,219,5.986303937213961,0.46875,0.5,0.25,0,0,0,-1.7994394511333667e-05,8911.443359375,1.1132619380950928
586,219,1.1765093522844836,0.53875,0.625,0.5,0,0,0,-0.0001900121569633484,53.130455017089844,1.2864998579025269
587,220,1.9761180879431777,0.14375,0.0,0.0,0,0,0,2.368663808738347e-05,1468.8956298828125,1.3331010341644287
588,220,2.9008728901681025,0.348125,0.25,0.125,0,0,0,-0.00022159081709105521,2775.236572265625,1.2380529642105103
589,220,6.6512634716928005,0.37625,0.25,0.25,0,0,0,-4.85318414575886e-05,13404.6337890625,1.096623420715332
590,220,4.872441675461232,0.488125,0.375,0.375,0,0,0,1.0653088793333154e-05,4331.74853515625,1.169725775718689
591,221,5.598407519992179,0.206875,0.0,0.0,0,0,0,-1.879719457065221e-05,6415.3955078125,1.128767728805542
592,221,6.247492889291607,0.471875,0.5,0.0,0,0,0,-5.801518909720471e-06,8166.51171875,1.0066324472427368
593,221,1.937441225600196,0.641875,0.75,0.5,0,0,0,-9.335406502941623e-05,246.1656951904297,1.2452120780944824
594,221,3.5676813670634147,0.7,0.75,0.75,0,0,0,-2.2277235984802246e-06,4716.4208984375,1.2014623880386353
595,222,5.877230982305264,0.16,0.0,0.0,0,0,0,1.7600754290469922e-05,8442.3603515625,1.1259361505508423
596,222,2.208420511407894,0.525625,0.5,0.375,0,0,0,-3.739570456673391e-05,473.38824462890625,1.3526368141174316
597,222,0.8864262411680102,0.645,0.5,0.5,0,0,0,-8.043026173254475e-05,395.5271911621094,1.386757731437683
598,222,9.104231752789929,0.65,0.5,0.5,0,0,0,9.029482498590369e-06,18787.69921875,0.9027812480926514
599,223,4.476110553281615,0.24375,0.25,0.125,0,0,0,-9.610007509763818e-06,4266.74462890625,1.1455549001693726
600,223,2.6090336264969665,0.469375,0.375,0.375,0,0,0,4.798328973265598e-06,2137.318115234375,1.2960939407348633
601,223,4.777053930010879,0.5725,0.625,0.625,0,0,0,-1.7079213648685254e-05,7655.8994140625,1.1445776224136353
602,223,11.941993096261285,0.61375,0.625,0.625,0,0,0,-3.2571454084973084e-06,28714.83984375,0.7607060074806213
603,224,4.092066451783467,0.30625,0.5,0.25,0,0,0,-3.715946149895899e-05,2692.73681640625,1.051949143409729
604,224,3.091942258834024,0.345,0.5,0.5,0,0,0,-5.733718353440054e-05,3089.865234375,1.1854828596115112
605,225,6.090002272867423,0.18875,0.125,0.125,0,0,0,8.617837920610327e-06,10465.109375,1.0455697774887085
606,225,6.016605767654255,0.2825,0.5,0.25,0,0,0,-1.2099742889404297e-05,8576.875,1.108356237411499
607,225,1.6185422666894738,0.43625,0.75,0.625,0,0,0,-7.140388333937153e-05,603.0505981445312,1.3073464632034302
608,225,7.9820077321674034,0.51875,0.75,0.75,0,0,0,1.7822409063228406e-05,15446.79296875,0.980319082736969
609,226,5.819558332776069,0.28875,0.25,0.0,0,0,0,8.883575901563745e-06,7638.0966796875,1.0086982250213623
610,226,2.0171767596912105,0.53375,0.625,0.5,0,0,0,-6.485854828497395e-05,702.056884765625,1.3238108158111572
611,226,7.785349404177396,0.601875,0.625,0.625,0,0,0,-6.192177534103394e-05,14976.8154296875,0.9904360771179199
612,226,3.3084942118875915,0.665,0.75,0.75,0,0,0,-0.0001051872968673706,2725.4091796875,1.237818717956543
613,227,4.5779191738402005,0.32375,0.25,0.0,0,0,0,-7.246372842928395e-05,4715.10546875,1.0529614686965942
614,227,1.8554991480777971,0.575625,0.625,0.375,0,0,0,-9.553382551530376e-05,333.5600280761719,1.2646983861923218
615,227,8.183337914801086,0.638125,0.625,0.625,0,0,0,3.132534402539022e-05,18105.955078125,0.93967205286026
616,227,12.000922219827771,0.655,0.625,0.625,0,0,0,-2.0060688257217407e-05,29232.443359375,0.6796474456787109
617,228,3.8414746828348143,0.27,0.125,0.0,0,0,0,-8.94349068403244e-06,3267.12353515625,1.1349260807037354
618,228,2.1934065275709145,0.440625,0.25,0.25,0,0,0,-3.048637881875038e-05,1071.7060546875,1.321008563041687
619,228,10.713712931334157,0.4825,0.25,0.25,0,0,0,-7.141381502151489e-06,25343.15234375,0.8332772254943848
620,228,11.43899985961616,0.510625,0.25,0.25,0,0,0,-9.442369446333032e-06,25811.435546875,0.7866082191467285
621,229,2.4497435406156,0.310625,0.125,0.125,0,0,0,-0.00010710054630180821,711.5482177734375,1.146523356437683
622,229,3.659808484313544,0.4175,0.25,0.25,0,0,0,7.898608600953594e-05,4396.376953125,1.1149646043777466
623,229,4.512257508686162,0.60375,0.875,0.5,0,0,0,1.642480492591858e-05,5029.34033203125,1.1050361394882202
624,229,1.4724883525705081,0.66375,0.875,0.875,0,0,0,-0.0008921492844820023,97.09387969970703,1.2647432088851929
625,230,5.0301257506735055,0.344375,0.375,0.375,0,0,0,0.0001442842185497284,6319.5283203125,1.1836796998977661
626,230,3.1086631201324053,0.435625,0.5,0.5,0,0,0,6.74364491715096e-05,1500.48876953125,1.227625846862793
627,230,7.88782395987073,0.563125,0.625,0.625,0,0,0,-0.00012805189180653542,15032.8095703125,1.047347903251648
628,231,6.8360444139980245,0.028125,0.0,0.0,0,0,0,6.786236917832866e-05,11778.71484375,1.0391316413879395
629,231,1.5601787662380957,0.27375,0.375,0.375,0,0,0,-0.000423189252614975,204.80638122558594,1.322091817855835
630,231,1.3598464523956864,0.366875,0.5,0.5,0,0,0,-0.0016791410744190216,310.0557556152344,1.3480725288391113
631,231,6.823697820131201,0.40875,0.5,0.5,0,0,0,0.0005703407223336399,12529.775390625,1.1165765523910522
632,233,6.319186899760098,0.1675,0.125,0.0,0,0,0,-0.0003399662673473358,10569.9423828125,1.074776530265808
633,234,2.0992919528725906,0.029375,0.0,0.0,0,0,0,-0.0010899429908022285,1396.2664794921875,1.1679046154022217
634,234,2.660056715583778,0.39,0.625,0.5,0,0,0,0.00028197094798088074,917.0018310546875,1.1915767192840576
635,234,7.9305826958261605,0.445,0.75,0.625,0,0,0,4.6404700697166845e-05,16875.216796875,0.9456813335418701
636,234,4.834399608487729,0.615625,1.0,0.75,0,0,0,0.00039720660424791276,7729.40625,1.1240261793136597
637,236,0.5816000350096147,0.128125,0.0,0.0,0,0,0,-9.893005335470662e-05,1503.744873046875,1.3727226257324219
638,237,2.415533618303016,0.155625,0.5,0.375,0,0,0,-8.826392149785534e-05,2011.658935546875,1.2157772779464722
639,237,1.9157295722397976,0.396875,0.75,0.75,0,0,0,-3.416494655539282e-05,311.59490966796875,1.248967170715332
640,240,0.32211394776823,0.214375,0.0,0.0,0,0,0,-0.00012136747682234272,3199.53173828125,1.34156334400177
641,240,5.162026463120128,0.31375,0.0,0.0,0,0,0,-1.2001643881376367e-05,7268.4130859375,1.1464524269104004
642,240,9.430497414490674,0.4625,0.0,0.0,0,0,0,3.975288200308569e-05,18055.529296875,0.9160418510437012
643,240,10.584780013654381,0.495,0.0,0.0,0,0,0,1.8774842828861438e-05,22710.822265625,0.8403167724609375
644,241,5.053096044975973,0.15375,0.125,0.0,0,0,0,3.5626192129711853e-06,8036.5107421875,1.178202748298645
645,241,1.8020580287411576,0.345625,0.375,0.125,0,0,0,-8.489315951010212e-05,695.3659057617188,1.329023003578186
646,242,1.7257960160422954,0.175,0.125,0.125,0,0,0,-0.00016095458704512566,1110.397216796875,1.338199257850647
647,242,0.8663892074687283,0.245625,0.125,0.125,0,0,0,-0.0005557170952670276,276.7080993652344,1.5112916231155396
648,242,3.178413208308484,0.315625,0.375,0.125,0,0,0,-6.196523463586345e-05,1602.756103515625,1.2210904359817505
649,242,2.0048162716193474,0.574375,0.75,0.625,0,0,0,-4.4162385165691376e-05,471.44012451171875,1.3092676401138306
650,244,1.4926723336902796,0.026875,0.0,0.0,0,0,0,-1.7185075193992816e-05,1626.2945556640625,1.2994022369384766
651,245,1.3085824663430685,0.283125,0.25,0.125,0,0,0,-9.230959221895318e-06,1247.3973388671875,1.2371608018875122
652,246,1.5846621061355108,0.2825,0.375,0.125,0,0,0,-7.529059803346172e-05,1252.5322265625,1.3014899492263794
653,246,2.6644462081821985,0.475,0.5,0.375,0,0,0,-8.634974801680073e-05,1315.1798095703125,1.218536376953125
654,246,1.375911300034204,0.57375,0.625,0.625,0,0,0,-0.0012543791672214866,330.92950439453125,1.3768916130065918
655,246,3.22515968118023,0.67125,0.875,0.875,0,0,0,0.00038837516331113875,2320.046875,1.1820838451385498
656,247,6.089324448832485,0.11375,0.0,0.0,0,0,0,0.0005843296530656517,5845.89453125,1.1597527265548706
657,247,1.606062465973082,0.29125,0.25,0.125,0,0,0,-0.0006539772148244083,317.30059814453125,1.1506870985031128
658,247,3.316531251417473,0.53,0.625,0.5,0,0,0,0.0003605842066463083,2451.40576171875,1.1901284456253052
659,247,7.264974158199038,0.580625,0.625,0.625,0,0,0,-3.592545908759348e-05,12462.037109375,0.9368717074394226
660,248,4.320428042090498,0.334375,0.5,0.25,0,0,0,-2.2819885998615064e-05,3149.260009765625,1.0855616331100464
661,248,1.6823536771953513,0.534375,0.75,0.75,0,0,0,-0.00013815022248309106,425.8365478515625,1.3773428201675415
662,248,9.266867819016625,0.64875,0.75,0.75,0,0,0,3.2048050343291834e-05,20762.65234375,0.8393437266349792
663,248,11.957303298288025,0.6775,0.75,0.75,0,0,0,-6.0949474573135376e-05,28781.3125,0.6917984485626221
664,249,3.4528560339676915,0.35375,0.5,0.25,0,0,0,-4.00661192543339e-05,1483.9947509765625,1.1690067052841187
665,249,2.6163796668138275,0.665625,0.75,0.75,0,0,0,-0.00010987123096128926,985.0609130859375,1.2226754426956177
666,249,5.83276855625445,0.7475,0.875,0.875,0,0,0,-4.564722530631116e-06,7448.033203125,1.0715781450271606
667,249,5.195590813760646,0.81375,1.0,0.875,0,0,0,9.655952453613281e-06,5611.857421875,1.105920672416687
668,250,2.0951057532365667,0.38375,0.5,0.25,0,0,0,-7.509502029279247e-05,611.7947998046875,1.1609538793563843
669,250,1.9814917810144834,0.628125,0.875,0.625,0,0,0,-5.124990639160387e-05,390.22772216796875,1.2145624160766602
670,251,2.965878519869875,0.14,0.0,0.0,0,0,0,-1.9998600691906177e-05,2550.66357421875,1.2239418029785156
671,251,3.776699437192292,0.375625,0.25,0.125,0,0,0,-3.8868747651576996e-05,2702.1943359375,1.1679801940917969
672,251,3.215603339005611,0.439375,0.5,0.25,0,0,0,-2.987434527312871e-05,2726.470458984375,1.311730980873108
673,251,9.301638502116475,0.45,0.5,0.5,0,0,0,-6.895822934893658e-06,20651.4375,0.926628589630127
674,252,6.9226899395289365,0.22875,0.25,0.125,0,0,0,-8.283804163511377e-06,11352.3955078125,0.9912144541740417
675,252,1.8788317642174661,0.43375,0.5,0.375,0,0,0,-9.896606206893921e-05,566.93408203125,1.4065327644348145
676,252,5.791616539339884,0.546875,0.5,0.5,0,0,0,-1.911446452140808e-05,9285.2275390625,1.1360231637954712
677,252,11.536484429962002,0.634375,0.5,0.5,0,0,0,-4.2890507756965235e-05,26482.701171875,0.7777236104011536
678,253,5.018946285556012,0.06875,0.0,0.0,0,0,0,-2.2100904971011914e-05,7767.98095703125,1.1752541065216064
679,253,1.2394756108078582,0.22125,0.125,0.125,0,0,0,-0.0005647428333759308,244.61148071289062,1.272623062133789
680,253,6.731767700108321,0.405,0.125,0.125,0,0,0,-0.0007198837702162564,9433.927734375,1.1031495332717896
681,253,10.546338398766238,0.46,0.125,0.125,0,0,0,-0.00030467534088529646,22183.375,0.8440702557563782
682,254,3.8035532711073756,0.26875,0.0,0.0,0,0,0,-0.00012190515553811565,4973.296875,1.198309063911438
683,254,2.393510393994802,0.49125,0.375,0.375,0,0,0,8.153806993504986e-05,752.6242065429688,1.1979178190231323
684,254,9.72923356805768,0.535625,0.375,0.375,0,0,0,-8.250431710621342e-05,21841.64453125,0.8409058451652527
685,254,11.986537115997635,0.550625,0.375,0.375,0,0,0,-2.7892490834346972e-05,28633.7578125,0.6859868168830872
686,255,2.903902547179314,0.16625,0.0,0.0,0,0,0,-0.0001370714307995513,3687.091064453125,1.2527879476547241
687,255,1.089066852495307,0.329375,0.25,0.125,0,0,0,-5.6088902056217194e-05,111.01544189453125,1.3462084531784058
688,255,0.9101237928880437,0.475,0.375,0.25,0,0,0,-0.00016359116125386208,157.47451782226562,1.3663078546524048
689,255,1.5070336015633075,0.579375,0.625,0.5,0,0,0,-0.0001765886991051957,70.09779357910156,1.1732134819030762
690,258,0.10773915264871903,0.16375,0.0,0.0,0,0,0,4.078199344803579e-05,3077.25830078125,1.362371563911438
691,258,2.7987363730571815,0.38125,0.125,0.0,0,0,0,-4.553298276732676e-05,1243.4053955078125,1.2764825820922852
692,258,2.033368761622114,0.520625,0.375,0.25,0,0,0,-5.884903293917887e-05,379.3955078125,1.2831178903579712
693,258,8.287673248443753,0.55125,0.375,0.375,0,0,0,2.828054130077362e-05,17354.630859375,0.9658094048500061
694,259,5.210472048725933,0.32875,0.375,0.0,0,0,0,-1.0189290151174646e-05,7312.1259765625,1.0343743562698364
695,259,3.938797569469898,0.466875,0.375,0.375,0,0,0,-3.032138010894414e-05,2859.1591796875,1.1137559413909912
696,260,3.6794605532704736,0.294375,0.375,0.25,0,0,0,-2.828302422130946e-05,2907.49951171875,1.1584628820419312
697,260,4.053196397435386,0.37875,0.375,0.375,0,0,0,-5.279978267935803e-06,3794.15771484375,1.1395586729049683
698,260,11.98384989053011,0.415625,0.375,0.375,0,0,0,1.913060805236455e-05,28752.0078125,0.6939586997032166
699,260,4.5203035990834906,0.674375,0.625,0.5,0,0,0,-2.8467426091083325e-05,6700.3173828125,1.1384013891220093
700,261,1.9672432570660021,0.4625,0.375,0.25,0,0,0,-0.00039199399179778993,993.5885009765625,1.2231616973876953
701,261,5.458587148947117,0.5775,0.375,0.375,0,0,0,-7.7810138463974e-05,7245.59130859375,1.0796815156936646
702,261,3.477280304003216,0.676875,0.5,0.5,0,0,0,-6.282081358222058e-06,2910.99267578125,1.1911033391952515
703,263,0.9978652237332426,0.123125,0.0,0.0,0,0,0,-0.00012806958693545312,1743.60888671875,1.3098047971725464
704,263,6.0050796630675904,0.3575,0.0,0.0,0,0,0,-1.955777406692505e-06,8373.19140625,1.0382500886917114
705,263,9.87685632046123,0.4825,0.0,0.0,0,0,0,4.15944195992779e-05,19141.8671875,0.8982207775115967
706,263,3.2430898267484736,0.555,0.125,0.125,0,0,0,-3.981093686888926e-05,2028.49951171875,1.1818349361419678
707,264,6.716608190035913,0.17125,0.375,0.125,0,0,0,-6.669759750366211e-05,13188.4892578125,0.9558391571044922
708,264,2.828708977169299,0.55,0.375,0.375,0,0,0,-3.3348798751831055e-05,1236.312744140625,1.1385911703109741
709,264,9.623796669649892,0.6575,0.375,0.375,0,0,0,1.9890876501449384e-05,19202.234375,0.856972873210907
710,264,1.138882611230656,0.76,0.75,0.5,0,0,0,-0.00010759755969047546,296.7604064941406,1.3362140655517578
711,265,1.9115481943808845,0.059375,0.0,0.0,0,0,0,-6.696457421639934e-05,1793.3336181640625,1.3550885915756226
712,265,4.506759685944417,0.4325,0.5,0.125,0,0,0,-1.2088567018508911e-05,4612.13330078125,1.0406707525253296
713,265,2.0092595482959723,0.475625,0.5,0.5,0,0,0,-6.988147652009502e-05,653.9798583984375,1.2580167055130005
714,265,10.001553483278258,0.51375,0.5,0.5,0,0,0,-4.5711174607276917e-05,20632.83203125,0.8236436247825623
715,266,6.641903974057641,0.2325,0.125,0.0,0,0,0,-7.407491648336872e-05,12117.5478515625,0.9696972966194153
716,266,1.5513372397690546,0.41375,0.375,0.375,0,0,0,-0.00017114293586928397,205.98709106445312,1.3731236457824707
717,266,1.8086828793602763,0.498125,0.5,0.5,0,0,0,-0.0002552295627538115,372.6630859375,1.2017661333084106
718,266,4.226019262408954,0.625625,0.75,0.625,0,0,0,4.409005123306997e-05,6291.4912109375,1.1681147813796997
719,268,1.3410798344411887,0.25875,0.125,0.0,0,0,0,-0.0002152534871129319,1590.4140625,1.2159326076507568
720,268,4.725661582677276,0.54625,0.375,0.125,0,0,0,8.121753489831463e-05,5758.0576171875,1.1649532318115234
721,268,1.0078392151917797,0.718125,0.625,0.25,0,0,0,-5.8448873460292816e-05,180.92465209960938,1.3774032592773438
722,268,3.0425180146958155,0.743125,0.625,0.625,0,0,0,-7.080286741256714e-05,3342.90673828125,1.176016926765442
723,270,5.9248347107823065,0.224375,0.25,0.0,0,0,0,-3.276144343544729e-05,9658.8505859375,1.0983301401138306
724,270,0.7298204298228939,0.413125,0.375,0.125,0,0,0,-8.497759699821472e-05,266.08056640625,1.4812740087509155
725,271,3.759862234173397,0.40625,0.5,0.125,0,0,0,8.101264938886743e-06,3924.3310546875,1.1038752794265747
726,271,4.657647516834004,0.4625,0.5,0.5,0,0,0,1.0922551155090332e-05,7230.10546875,1.1239326000213623
727,271,12.218912299722433,0.60625,0.5,0.5,0,0,0,-2.656504511833191e-05,29805.341796875,0.6859219074249268
728,272,3.3996112028544303,0.018125,0.0,0.0,0,0,0,-0.0001385795621899888,1980.4119873046875,1.1949700117111206
729,272,2.8932109295006967,0.37,0.25,0.25,0,0,0,-5.6979555665748194e-05,1434.3203125,1.2165907621383667
730,272,8.637603445276909,0.379375,0.25,0.25,0,0,0,-5.498528480529785e-06,14922.4921875,0.8834463953971863
731,272,4.41571542568272,0.55375,0.5,0.5,0,0,0,-8.190423250198364e-05,4225.40185546875,1.1531782150268555
732,273,10.201200980023714,0.061875,0.0,0.0,0,0,0,-1.4379620552062988e-06,22482.8203125,0.7572056651115417
733,273,4.265864109067479,0.308125,0.0,0.0,0,0,0,-8.558668196201324e-05,4351.9345703125,1.249308466911316
734,274,1.8793642389355227,0.236875,0.25,0.125,0,0,0,-0.00017654460680205375,1430.82666015625,1.2767468690872192
735,275,3.1797773319412954,0.005625,0.0,0.0,0,0,0,-7.122879469534382e-05,2434.61767578125,1.078576683998108
736,275,1.290388594577962,0.32375,0.625,0.125,0,0,0,-0.0006213833694346249,412.4852294921875,1.2131918668746948
737,275,1.858604317108984,0.503125,0.75,0.625,0,0,0,-0.0002518780529499054,433.3846435546875,1.2289962768554688
738,275,8.401633657274942,0.55625,0.75,0.75,0,0,0,9.718475484987721e-05,17888.626953125,0.8985645771026611
739,276,11.370563213858986,0.05875,0.25,0.0,0,0,0,-3.256648778915405e-05,24173.0625,0.7219605445861816
740,276,1.5904517213966756,0.3625,0.5,0.375,0,0,0,-0.00012043615424772725,204.13043212890625,1.254921317100525
741,276,3.8762221709330333,0.5325,0.625,0.625,0,0,0,9.147325908998027e-05,2366.600830078125,1.2129238843917847
742,276,10.032685125945136,0.58375,0.625,0.625,0,0,0,-0.0001511623413534835,21477.2578125,0.8167557716369629
743,277,9.346065718971658,0.120625,0.125,0.0,0,0,0,-3.583729267120361e-05,19271.0,0.8313042521476746
744,277,1.7798834132554475,0.388125,0.5,0.375,0,0,0,-0.00022717192769050598,292.25714111328125,1.2576804161071777
745,277,5.63897640540381,0.505,0.625,0.625,0,0,0,1.3899058103561401e-05,8748.927734375,1.1545592546463013
746,277,7.159083211539837,0.621875,0.75,0.75,0,0,0,-0.00012597069144248962,13099.4375,0.9953301548957825
747,278,7.351838251197478,0.11375,0.0,0.0,0,0,0,5.3634244977729395e-05,15608.939453125,0.9694857001304626
748,278,1.5348693015475874,0.373125,0.25,0.25,0,0,0,-0.00017914890486281365,143.00306701660156,1.25819730758667
749,278,1.9443998952046968,0.5175,0.375,0.25,0,0,0,-0.00013880680489819497,711.8052978515625,1.2121220827102661
750,279,2.3532384357567935,0.20375,0.25,0.25,0,0,0,-0.00017060153186321259,1182.630859375,1.3039780855178833
751,279,7.8473062466146075,0.378125,0.25,0.25,0,0,0,-5.4117292165756226e-05,15716.3720703125,0.9738561511039734
752,279,11.64734372869134,0.433125,0.25,0.25,0,0,0,-8.343160152435303e-05,27091.220703125,0.7374381422996521
753,280,10.808465777488891,0.05125,0.0,0.0,0,0,0,2.33513619605219e-05,23816.4453125,0.7869656682014465
754,280,5.884282330625865,0.29,0.0,0.0,0,0,0,6.983677394600818e-06,7989.92919921875,1.020073652267456
755,280,2.6922835225996096,0.619375,0.625,0.25,0,0,0,-6.767610466340557e-05,643.370849609375,1.1445903778076172
756,280,1.1059864361741347,0.683125,0.75,0.625,0,0,0,-0.00037934319698251784,131.35195922851562,1.3962626457214355
757,281,1.9705487960054597,0.113125,0.0,0.0,0,0,0,1.968194965229486e-06,1471.580078125,1.3128801584243774
758,281,0.9959550102394132,0.318125,0.25,0.125,0,0,0,-8.609207725385204e-05,70.58363342285156,1.3083964586257935
759,281,1.7942335937841563,0.335625,0.25,0.25,0,0,0,-6.104633212089539e-05,543.5572509765625,1.3103924989700317
760,281,5.968283472800977,0.621875,0.5,0.25,0,0,0,1.7347434777548187e-06,10177.8603515625,1.0111279487609863
761,282,2.1764654300841357,0.10375,0.125,0.0,0,0,0,-0.00015631939459126443,546.1805419921875,1.1923550367355347
762,282,1.6013340504578082,0.35,0.25,0.25,0,0,0,-0.00011532256758073345,535.8572998046875,1.359660029411316
763,282,9.49584843555931,0.539375,0.25,0.25,0,0,0,-3.745624053408392e-05,19029.009765625,0.8773007392883301
764,282,5.24817729757342,0.71625,0.5,0.375,0,0,0,3.9691727579338476e-05,6905.5966796875,1.0398906469345093
765,283,4.0291112194390735,0.121875,0.125,0.125,0,0,0,-6.495043635368347e-06,3382.45263671875,1.2053881883621216
766,283,2.56215706401872,0.215,0.375,0.25,0,0,0,-1.6147270798683167e-05,1433.726318359375,1.2800577878952026
767,283,2.056663908315386,0.563125,0.875,0.75,0,0,0,-6.210245192050934e-05,471.11236572265625,1.2615211009979248
768,284,2.493134655924223,0.1925,0.375,0.125,0,0,0,-0.00012051997327944264,627.449462890625,1.2367957830429077
769,284,1.8778677991767836,0.321875,0.375,0.375,0,0,0,-0.00012274831533432007,374.27301025390625,1.2190558910369873
770,286,2.295633723944775,0.319375,0.25,0.25,0,0,0,-0.00014365495007950813,2135.73583984375,1.2732187509536743
771,287,1.5191664645808487,0.176875,0.0,0.0,0,0,0,-0.00021849572658538818,1439.918212890625,1.3708337545394897
772,287,8.412378137756605,0.41125,0.125,0.0,0,0,0,6.549743557116017e-05,14488.62109375,0.9185581803321838
773,288,2.764236657094443,0.3625,0.5,0.375,0,0,0,-0.00031128773116506636,1517.0947265625,1.110737681388855
774,288,2.1868857543740887,0.479375,0.625,0.5,0,0,0,-0.0001378878951072693,992.14404296875,1.270822525024414
775,288,7.684215637860387,0.50125,0.625,0.625,0,0,0,-0.0002129164058715105,16170.0302734375,0.9693713188171387
776,289,4.366552566505561,0.2,0.25,0.0,0,0,0,-7.238704711198807e-05,5759.521484375,1.0792194604873657
777,289,4.722169000873691,0.503125,0.375,0.25,0,0,0,-3.001342156494502e-05,5481.7880859375,1.1812664270401
778,289,4.035572559834691,0.630625,0.5,0.5,0,0,0,-6.506840236397693e-06,4922.69580078125,1.2335871458053589
779,289,10.357998630366637,0.675625,0.625,0.5,0,0,0,1.809746026992798e-05,23159.98828125,0.7908032536506653
780,290,1.6717564033751842,0.27375,0.375,0.25,0,0,0,-0.00021424517035484314,1088.4970703125,1.2619277238845825
781,290,1.760248636983306,0.483125,0.625,0.375,0,0,0,-0.00040317513048648834,423.617919921875,1.257888913154602
782,290,5.79348537165788,0.615,0.75,0.625,0,0,0,-4.339839142630808e-05,10788.970703125,1.0479193925857544
783,290,9.108867958013434,0.62375,0.75,0.75,0,0,0,-7.314421236515045e-05,20364.857421875,0.8886001706123352
784,291,4.459987021255074,0.416875,0.375,0.125,0,0,0,-5.785593020846136e-05,4149.310546875,1.065703272819519
785,291,0.7508739545355638,0.60375,0.375,0.375,0,0,0,-6.221731746336445e-05,216.89788818359375,1.393630862236023
786,294,1.4604482027934864,0.21125,0.125,0.125,0,0,0,-4.6742457925574854e-05,2847.841064453125,1.2150440216064453
787,294,4.310702249815222,0.39125,0.25,0.25,0,0,0,-2.9231110602268018e-05,4405.73828125,1.0926417112350464
788,294,11.21656611788785,0.391875,0.25,0.25,0,0,0,-9.189669981424231e-06,26145.1484375,0.6785464286804199
789,294,7.31609122880036,0.625,0.5,0.25,0,0,0,-5.0080320761480834e-06,14474.021484375,0.9049903750419617
790,295,5.272141909191305,0.241875,0.125,0.0,0,0,0,-1.422688364982605e-05,10106.884765625,1.167211651802063
791,295,1.7705650977004552,0.5175,0.375,0.25,0,0,0,-0.0004185674188192934,242.58856201171875,1.1474043130874634
792,295,4.662362286704592,0.64625,0.375,0.375,0,0,0,-5.997965854476206e-05,6431.98193359375,1.021435260772705
793,295,11.222841646289453,0.675625,0.375,0.375,0,0,0,-4.9193698941962793e-05,24557.626953125,0.7413004040718079
794,296,3.6631157951269415,0.160625,0.0,0.0,0,0,0,-2.8712054700008593e-05,5456.84619140625,1.2328137159347534
795,296,2.131661719540716,0.583125,0.875,0.375,0,0,0,-7.038811600068584e-05,419.91143798828125,1.3055659532546997
796,296,1.1839225252406322,0.6875,0.875,0.75,0,0,0,-0.0001996873616008088,207.812255859375,1.3288286924362183
797,296,5.559062541866297,0.765,0.875,0.875,0,0,0,7.484480738639832e-05,9383.5576171875,1.0930064916610718
798,297,3.3262149623237747,0.2325,0.125,0.125,0,0,0,-5.930507086304715e-06,2077.6328125,1.173200011253357
799,297,5.500986423459835,0.553125,0.25,0.125,0,0,0,-7.284805178642273e-05,8941.0703125,1.0834869146347046
800,297,1.3806191998010036,0.64625,0.5,0.375,0,0,0,-0.007374797016382217,313.3640441894531,1.3428846597671509
801,297,6.936336385057075,0.659375,0.5,0.5,0,0,0,-0.002066011307761073,10529.8720703125,1.057971477508545
802,298,7.654399560027741,0.190625,0.0,0.0,0,0,0,-0.0009719083900563419,10370.9521484375,1.0184521675109863
803,298,5.891106162140204,0.52625,0.25,0.0,0,0,0,1.428027900374218e-07,10440.322265625,0.9412579536437988
804,298,1.9291071369007113,0.73125,0.875,0.5,0,0,0,0.0008079021354205906,201.46507263183594,1.3218088150024414
805,298,0.6804961124871625,0.78125,0.875,0.75,0,0,0,0.0008873448823578656,295.62298583984375,1.4463297128677368
806,299,1.0365190761149279,0.27125,0.125,0.0,0,0,0,-0.00027286572731100023,903.1595458984375,1.2525238990783691
807,299,2.4951224067590374,0.360625,0.625,0.375,0,0,0,0.00015329507004935294,1449.61865234375,1.3321040868759155
808,299,0.592866148599569,0.501875,0.625,0.375,0,0,0,0.00024097163986880332,192.09823608398438,1.4993243217468262
809,300,0.7427968198726376,0.015625,0.125,0.0,0,0,0,-3.672887760330923e-05,1067.5921630859375,1.49517023563385
810,300,2.557542153117538,0.421875,0.75,0.5,0,0,0,-4.52287495136261e-05,877.0992431640625,1.236423134803772
811,300,1.1088566555063153,0.526875,0.875,0.75,0,0,0,-7.378309965133667e-05,336.50048828125,1.3607683181762695
812,300,6.264807594372542,0.65625,0.875,0.875,0,0,0,-6.061171370674856e-05,9653.490234375,1.0666477680206299
813,301,5.377173782806494,0.069375,0.0,0.0,0,0,0,-5.680695176124573e-05,9254.841796875,0.9933908581733704
814,301,1.1541934936467442,0.323125,0.25,0.125,0,0,0,-0.00027457004762254655,174.446044921875,1.3810943365097046
815,301,0.6565595621214015,0.36875,0.375,0.25,0,0,0,-0.0003293106856290251,232.75509643554688,1.429697036743164
816,301,0.9243823674332816,0.556875,0.5,0.375,0,0,0,-0.0001690390781732276,107.27168273925781,1.297080636024475
817,302,0.2762905693598441,0.09375,0.0,0.0,0,0,0,-0.00010365620255470276,1080.199951171875,1.481885313987732
818,302,1.763641544537677,0.38,0.625,0.25,0,0,0,-0.000608871050644666,278.84051513671875,1.25432288646698
819,302,0.7072123788238969,0.57125,0.75,0.25,0,0,0,9.277462959289551e-05,159.45632934570312,1.483758568763733
820,302,0.5624473001539627,0.679375,0.75,0.25,0,0,0,-0.0003666253760457039,196.97402954101562,1.5022664070129395
821,303,1.0504907169561193,0.163125,0.125,0.0,0,0,0,-5.120846253703348e-05,855.0728759765625,1.4113966226577759
822,303,2.5461524562560953,0.398125,0.375,0.25,0,0,0,-0.00012239192437846214,1131.915771484375,1.2206711769104004
823,303,7.928563060369925,0.560625,0.5,0.375,0,0,0,-3.052440661122091e-05,15302.7783203125,0.9879603981971741
824,303,0.9630176655264222,0.624375,0.625,0.375,0,0,0,-0.00022447854280471802,99.3880615234375,1.2958272695541382
825,304,1.6773026403825497,0.183125,0.5,0.125,0,0,0,-0.0001864396035671234,1287.38623046875,1.3692125082015991
826,304,5.581854283926077,0.23375,0.625,0.625,0,0,0,-4.973262548446655e-05,5404.076171875,1.112845540046692
827,304,8.085191837453749,0.39125,0.75,0.625,0,0,0,-2.6983520001522265e-05,16346.3359375,0.9122176170349121
828,304,0.8748393992955243,0.474375,0.875,0.75,0,0,0,-0.00020840267825406045,285.4908752441406,1.3758502006530762
829,305,1.8224316762589297,0.21125,0.25,0.125,0,0,0,-7.063709199428558e-05,1208.8310546875,1.3809555768966675
830,307,1.6187779238771327,0.130625,0.25,0.0,0,0,0,-2.3655593395233154e-05,2408.5283203125,1.3221185207366943
831,308,0.6488094262022059,0.230625,0.125,0.0,0,0,0,-1.1815379366453271e-05,1391.51708984375,1.3933156728744507
832,308,1.0694505866777035,0.4575,0.25,0.125,0,0,0,-0.00010389151429990306,98.49825286865234,1.355752944946289
833,308,1.1005219531234616,0.52875,0.25,0.25,0,0,0,-0.0002054814249277115,193.10560607910156,1.3770390748977661
834,308,1.9911438184062717,0.534375,0.25,0.25,0,0,0,-0.00033328961580991745,962.7952880859375,1.3751435279846191
835,310,1.6072427928083926,0.151875,0.375,0.125,0,0,0,-7.782131433486938e-05,2654.9130859375,1.3480342626571655
836,310,1.477082195400726,0.508125,0.875,0.25,0,0,0,-0.00406580651178956,104.06891632080078,1.2995696067810059
837,310,1.9160668684344273,0.56375,0.875,0.875,0,0,0,-0.00016295041132252663,224.31155395507812,1.255159616470337
838,310,9.382965568671352,0.5725,0.875,0.875,0,0,0,-0.00023616508406121284,20012.009765625,0.8559487462043762
839,311,7.992660209391033,0.108125,0.25,0.0,0,0,0,-0.00016874696302693337,15980.392578125,0.898608386516571
840,313,1.6407645150047756,0.174375,0.25,0.25,0,0,0,0.0003601977077778429,2729.20166015625,1.2338250875473022
841,314,2.646948052744847,0.359375,0.625,0.5,0,0,0,0.0004410375840961933,1959.65234375,1.1995643377304077
842,314,1.4914691561862128,0.606875,0.875,0.75,0,0,0,-0.0005480392719618976,259.43304443359375,1.3223164081573486
843,314,7.8262946790782735,0.700625,0.875,0.875,0,0,0,0.0002970310451928526,11612.7568359375,0.962681770324707
844,314,10.210239282620023,0.770625,1.0,0.875,0,0,0,0.00023066748690325767,23769.630859375,0.7432084679603577
845,315,0.9943996434885776,0.250625,0.125,0.125,0,0,0,-0.00011438721412559971,769.3857421875,1.342259407043457
846,315,1.6196484961747046,0.46125,0.375,0.375,0,0,0,-0.00020356538880150765,126.06611633300781,1.2055307626724243
847,315,7.6985157990129665,0.544375,0.375,0.375,0,0,0,6.344044959405437e-05,11971.8310546875,0.8833844661712646
848,316,7.970506469981046,0.02125,0.0,0.0,0,0,0,6.2237181737145875e-06,14810.6552734375,0.9377562999725342
849,316,3.1797738497698447,0.4975,0.375,0.125,0,0,0,4.459777846932411e-05,1628.987060546875,1.2603559494018555
850,316,6.199785929187783,0.618125,0.375,0.375,0,0,0,-2.892191150749568e-05,11083.205078125,1.077724575996399
851,316,3.762912814745505,0.788125,0.625,0.5,0,0,0,-4.3014373659389094e-05,3313.872802734375,1.225217342376709
852,317,5.081875908566872,0.07375,0.125,0.0,0,0,0,-2.1904086679569446e-05,6808.61376953125,1.1928240060806274
853,317,2.0597385682049207,0.445625,0.5,0.25,0,0,0,-2.395734190940857e-05,326.217041015625,1.2030378580093384
854,317,1.6380784085777123,0.591875,0.75,0.625,0,0,0,-0.00016100052744150162,152.3329315185547,1.2028979063034058
855,317,9.418769977564807,0.705625,0.75,0.75,0,0,0,-7.701851427555084e-05,20212.140625,0.8438618183135986
856,318,10.005590238080913,0.125625,0.125,0.125,0,0,0,3.777444362640381e-06,21155.435546875,0.7786908149719238
857,318,8.958397686539683,0.190625,0.125,0.125,0,0,0,-3.5474076867103577e-06,16800.607421875,0.8954381942749023
858,318,8.061668518581428,0.305,0.25,0.125,0,0,0,1.5308460206142627e-05,17235.8984375,0.8959895968437195
859,318,4.306264105305672,0.415,0.75,0.25,0,0,0,5.472451448440552e-06,3442.155517578125,1.1992545127868652
860,319,2.351364999081852,0.1825,0.0,0.0,0,0,0,-6.600283086299896e-05,1125.554443359375,1.253857135772705
861,319,3.103671273558575,0.36625,0.125,0.125,0,0,0,-2.216547727584839e-05,1425.612060546875,1.180116057395935
862,319,7.03420638787793,0.490625,0.25,0.125,0,0,0,-1.816327312553767e-05,10890.8681640625,0.9843952059745789
863,319,1.4827576616262377,0.670625,0.5,0.375,0,0,0,-0.00067887082695961,177.92022705078125,1.287307620048523
864,321,1.81928125858758,0.064375,0.125,0.125,0,0,0,-0.00040983129292726517,1386.3582763671875,1.3401541709899902
865,323,3.01160269245338,0.02875,0.0,0.0,0,0,0,-0.00041124472045339644,4328.302734375,1.266390323638916
866,323,0.9220867728799931,0.2425,0.0,0.0,0,0,0,-0.00029446929693222046,287.09808349609375,1.3204773664474487
867,323,4.915419868382742,0.41875,0.125,0.0,0,0,0,0.000153321772813797,8595.466796875,1.0684301853179932
868,323,8.893291776767,0.42375,0.125,0.125,0,0,0,-0.0001258201227756217,17961.61328125,0.8980128765106201
869,324,10.327787954134692,0.056875,0.0,0.0,0,0,0,-2.384185791015625e-06,23080.66015625,0.7962477803230286
870,324,1.8413054016855313,0.480625,0.75,0.125,0,0,0,-7.203469431260601e-05,217.3787841796875,1.1747772693634033
871,324,1.964804089293466,0.63375,1.0,0.75,0,0,0,-0.00021508894860744476,214.8421630859375,1.2646962404251099
872,325,2.2997375275663217,0.24375,0.625,0.375,0,0,0,-0.0003342429699841887,968.6446533203125,1.3400073051452637
873,325,2.3737213025597157,0.546875,0.75,0.75,0,0,0,7.038315288809827e-06,906.796142578125,1.1849322319030762
874,325,10.34501284302678,0.5925,0.75,0.75,0,0,0,-8.892764890333638e-05,21311.84375,0.777485191822052
875,325,9.580640807184864,0.626875,0.75,0.75,0,0,0,-1.5667639672756195e-05,17504.1015625,0.8309952616691589
876,326,7.028213204321219,0.246875,0.375,0.125,0,0,0,-9.86953546089353e-06,11381.3984375,0.9165294170379639
877,326,1.1769672749906022,0.496875,0.5,0.375,0,0,0,-0.00011827113485196605,322.53594970703125,1.3705779314041138
878,326,6.725720019763685,0.595,0.5,0.5,0,0,0,-3.1502295314567164e-05,11294.4765625,1.0373858213424683
879,326,3.7611556054180255,0.626875,0.75,0.75,0,0,0,2.0739933461300097e-05,2692.71630859375,1.1988071203231812
880,327,4.149845955886121,0.0875,0.0,0.0,0,0,0,-3.056228160858154e-05,7174.20947265625,1.1834144592285156
881,327,1.4589549502416048,0.3975,0.375,0.0,0,0,0,-0.0008315320010297,459.2747497558594,1.1941535472869873
882,327,1.79162363701289,0.5825,0.375,0.375,0,0,0,-9.054442489286885e-05,146.45443725585938,1.224915862083435
883,327,2.8681686216732487,0.65625,0.5,0.5,0,0,0,9.895736729959026e-05,1628.055419921875,1.183329701423645
884,328,3.643154588942707,0.40625,0.5,0.375,0,0,0,-0.00011022823309758678,1303.264404296875,1.1702364683151245
885,328,1.4972048585987068,0.588125,0.75,0.5,0,0,0,-0.0006115638534538448,131.14353942871094,1.1591492891311646
886,328,1.0829783300796407,0.620625,0.875,0.75,0,0,0,0.00034089013934135437,199.71591186523438,1.3359276056289673
887,328,1.9630284070784256,0.69875,0.875,0.875,0,0,0,-0.0002093401999445632,361.8829650878906,1.138938069343567
888,329,2.4480578557413537,0.329375,0.125,0.0,0,0,0,-7.21725300536491e-05,846.339111328125,1.1804264783859253
889,330,2.048437173856655,0.43625,0.625,0.25,0,0,0,-0.00030179182067513466,913.66162109375,1.1733688116073608
890,330,1.5866403650124994,0.645,0.75,0.625,0,0,0,-0.0014350948622450233,76.62744140625,1.2202268838882446
891,331,1.8064695697648858,0.010625,0.0,0.0,0,0,0,0.0002171074302168563,623.4779052734375,1.3668559789657593
892,331,0.9961030229897005,0.2075,0.25,0.0,0,0,0,-0.00046756365918554366,605.9301147460938,1.374710202217102
893,331,2.1368902439644444,0.595625,0.625,0.5,0,0,0,-0.00034011155366897583,214.37130737304688,1.1707061529159546
894,331,4.417024675873108,0.69375,0.625,0.625,0,0,0,-0.00012972454715054482,6251.2333984375,1.1782798767089844
895,332,5.631839657733508,0.040625,0.0,0.0,0,0,0,-0.0001871424465207383,10450.47265625,0.9589974284172058
896,332,1.8085298262813012,0.450625,0.375,0.125,0,0,0,-0.00016928557306528091,219.63485717773438,1.2730257511138916
897,332,1.0183007808664115,0.619375,0.5,0.375,0,0,0,6.022552497597644e-06,283.15838623046875,1.36904776096344
898,332,5.294842222952866,0.713125,0.625,0.5,0,0,0,-3.118192034889944e-05,9681.09375,1.1409891843795776
899,334,8.525866317715554,0.058125,0.125,0.125,0,0,0,-1.5482306480407715e-05,16713.046875,0.9681835174560547
900,334,1.3018880488912146,0.2325,0.625,0.375,0,0,0,-0.0006448213825933635,249.0477752685547,1.4360100030899048
901,334,2.006567048592842,0.3425,0.75,0.75,0,0,0,-0.0006441486184485257,787.69873046875,1.3454440832138062
902,334,11.283105601090938,0.53125,0.75,0.75,0,0,0,-2.356556615268346e-05,25986.9296875,0.7511264681816101
903,335,9.930063075880753,0.1375,0.25,0.0,0,0,0,0.0001295730471611023,20610.248046875,0.82016921043396
904,335,1.7295737450622255,0.364375,0.375,0.375,0,0,0,-0.00038024908280931413,390.0137023925781,1.3025463819503784
905,335,1.7765144637523917,0.488125,0.5,0.375,0,0,0,-0.0006559696048498154,645.9252319335938,1.3026341199874878
906,336,1.5275821783579886,0.338125,0.375,0.0,0,0,0,9.384192526340485e-05,1398.37548828125,1.2119150161743164
907,336,1.7016119823383633,0.47875,0.375,0.375,0,0,0,-0.0003981947374995798,180.38034057617188,1.1627265214920044
908,336,3.8182416254421696,0.599375,0.5,0.5,0,0,0,-3.2422442473034607e-06,3065.38720703125,1.18077552318573
909,336,2.172415960179933,0.740625,0.875,0.875,0,0,0,-0.00019331493240315467,435.847412109375,1.2408812046051025
910,337,1.554600323921477,0.39,0.125,0.125,0,0,0,-0.00023437089112121612,392.1795959472656,1.3020505905151367
911,337,8.500709602376446,0.458125,0.125,0.125,0,0,0,-7.693469524383545e-05,15198.458984375,0.8217996954917908
912,338,7.382332506920648,0.104375,0.0,0.0,0,0,0,6.0129910707473755e-05,15484.9580078125,0.953139066696167
913,338,6.372161613973731,0.375625,0.375,0.0,0,0,0,-3.467251735855825e-05,10628.4638671875,0.976330578327179
914,338,1.6098482013767352,0.5625,0.625,0.5,0,0,0,-0.0003717107174452394,260.22222900390625,1.3529151678085327
915,338,4.800128951057559,0.75875,0.875,0.625,0,0,0,0.00021013554942328483,6794.8935546875,1.10466468334198
916,339,1.1303371915128082,0.104375,0.0,0.0,0,0,0,-4.55236695415806e-05,362.5765380859375,1.3642998933792114
917,339,5.169900350600074,0.24,0.375,0.375,0,0,0,0.00012041876470902935,5983.8662109375,1.142221450805664
918,339,10.034595718723722,0.34,0.375,0.375,0,0,0,-1.255422830581665e-05,20402.90234375,0.8343754410743713
919,339,6.029452412738465,0.561875,0.625,0.625,0,0,0,-1.5440085917362012e-05,9291.859375,0.9193199276924133
920,340,4.851395800336832,0.229375,0.375,0.125,0,0,0,-3.66189815395046e-05,5628.29931640625,1.116969347000122
921,340,6.162820134617505,0.4275,0.5,0.375,0,0,0,-5.088746547698975e-06,9875.08203125,1.0583791732788086
922,340,1.747052086995609,0.69625,0.875,0.75,0,0,0,-0.0002660693135112524,317.4521179199219,1.2567921876907349
923,340,1.7902341775497916,0.78625,0.875,0.875,0,0,0,-0.0002993028610944748,363.16448974609375,1.2599139213562012
924,341,6.095798971524346,0.14,0.125,0.0,0,0,0,-2.527981996536255e-05,10895.8720703125,1.090767741203308
925,341,2.1621104450168787,0.5425,0.625,0.5,0,0,0,-0.00013569679867941886,354.541748046875,1.2520238161087036
926,341,3.910698448540643,0.650625,0.625,0.625,0,0,0,-2.701828816498164e-05,5441.6650390625,1.1808449029922485
927,341,7.108461014780914,0.7875,0.75,0.75,0,0,0,-1.2936691746290307e-05,11724.80859375,1.0421302318572998
928,342,7.943332780720084,0.275,0.0,0.0,0,0,0,-2.629558184708003e-05,11566.8623046875,1.0269711017608643
929,342,3.2242724600073416,0.475,0.375,0.25,0,0,0,-8.285511285066605e-06,1373.49853515625,1.2515476942062378
930,342,1.070692103850888,0.605625,0.5,0.375,0,0,0,-0.00016920331108849496,385.008544921875,1.3214061260223389
931,342,7.811359605926555,0.686875,0.5,0.5,0,0,0,-5.7265784562332556e-05,16041.2509765625,0.9946513175964355
932,343,5.1860286876617465,0.3075,0.5,0.25,0,0,0,3.473895412753336e-05,4571.203125,0.9741061329841614
933,343,4.3837457786430605,0.45625,0.75,0.5,0,0,0,-1.6946345567703247e-05,5861.81201171875,1.0829139947891235
934,343,5.181800086516887,0.6725,0.875,0.875,0,0,0,-7.147590167733142e-06,6756.9853515625,1.1191908121109009
935,343,11.938714656978846,0.754375,0.875,0.875,0,0,0,-6.818523161200574e-06,28077.6328125,0.6571592688560486
936,345,4.096179726839182,0.056875,0.125,0.125,0,0,0,-5.212302130530588e-05,4402.587890625,1.1040104627609253
937,345,4.214002639550017,0.30625,0.25,0.25,0,0,0,-2.4352222681045532e-05,3150.23876953125,1.2053381204605103
938,345,1.8440497050129352,0.4475,0.5,0.5,0,0,0,-0.00016546621918678284,293.7974853515625,1.1533092260360718
939,345,6.5079287899134215,0.64875,0.625,0.5,0,0,0,-6.839136040071025e-05,12768.1953125,0.9811517596244812
940,346,0.5643768134032143,0.14875,0.0,0.0,0,0,0,7.286667823791504e-06,1485.3331298828125,1.381231427192688
941,346,3.1043573130009463,0.54,0.375,0.125,0,0,0,-2.7898699045181274e-05,1511.7877197265625,1.0285258293151855
942,346,4.737142349549686,0.578125,0.5,0.5,0,0,0,3.183881517543341e-06,6922.8544921875,1.1754213571548462
943,346,5.917411432470544,0.749375,0.625,0.5,0,0,0,-9.759019121702295e-06,11169.2177734375,1.0052868127822876
944,347,2.131929354480235,0.269375,0.25,0.0,0,0,0,-0.0003004521131515503,454.49163818359375,1.2348333597183228
945,347,1.619006054219426,0.43875,0.375,0.375,0,0,0,-0.0008597895503044128,345.74127197265625,1.324515461921692
946,347,3.8551563788641943,0.599375,0.75,0.75,0,0,0,-0.0003595485759433359,2058.29150390625,1.3002681732177734
947,347,11.5580520555377,0.618125,0.75,0.75,0,0,0,-0.0001290260552195832,26146.75390625,0.6881406307220459
948,348,4.293307814086802,0.360625,0.625,0.375,0,0,0,-0.0001388521195622161,2663.201904296875,1.041384220123291
949,348,2.7244227415121713,0.613125,0.875,0.75,0,0,0,6.152937658043811e-06,1396.294677734375,1.2570902109146118
950,348,9.806484457358238,0.69125,0.875,0.875,0,0,0,0.0001027323305606842,21388.041015625,0.8159191608428955
951,348,11.942458976060152,0.721875,0.875,0.875,0,0,0,2.2852173060528003e-05,28138.00390625,0.6356428861618042
952,350,1.9756530320373713,0.16375,0.0,0.0,0,0,0,-6.949622184038162e-05,1580.9110107421875,1.2213994264602661
953,350,0.6108928571820798,0.3025,0.0,0.0,0,0,0,-5.187032002140768e-05,246.48907470703125,1.337978482246399
954,350,1.530634887778433,0.5925,0.375,0.0,0,0,0,-0.0010081678628921509,71.60523986816406,1.2097563743591309
955,350,5.093569687331183,0.7175,0.5,0.375,0,0,0,0.00043785074376501143,8480.8251953125,1.124111294746399
956,351,2.8287387358941487,0.17625,0.0,0.0,0,0,0,-0.0003281185927335173,2595.096435546875,1.1651291847229004
957,351,1.5042275756859453,0.414375,0.25,0.125,0,0,0,-0.00024392269551753998,156.61431884765625,1.252002477645874
958,351,4.881234364147531,0.62375,0.5,0.375,0,0,0,0.00012623891234397888,6625.82861328125,1.1361362934112549
959,352,2.0995112669843365,0.3075,0.375,0.25,0,0,0,-0.0006373873329721391,1846.041259765625,1.2696951627731323
960,353,1.8326670736714732,0.10875,0.375,0.0,0,0,0,-0.0003046896308660507,1936.728515625,1.3172093629837036
961,353,1.9137433920168405,0.421875,0.75,0.375,0,0,0,-8.090678602457047e-05,194.56666564941406,1.272844910621643
962,353,2.101329408760648,0.613125,0.875,0.875,0,0,0,0.00012784823775291443,682.9241943359375,1.2959485054016113
963,353,11.132857994834922,0.741875,0.875,0.875,0,0,0,-9.429516649106517e-05,25673.419921875,0.7170539498329163
964,355,9.290043058463198,0.13375,0.125,0.0,0,0,0,-1.3103087439958472e-05,19590.587890625,0.8643503189086914
965,355,0.9421900477973395,0.355,0.25,0.125,0,0,0,-0.00017490579921286553,173.04891967773438,1.3887332677841187
966,355,4.730412216114928,0.524375,0.25,0.25,0,0,0,-5.394468826125376e-05,4831.5361328125,1.0728908777236938
967,356,3.6194514937924396,0.194375,0.0,0.0,0,0,0,-2.9530376195907593e-05,3631.216552734375,1.2207285165786743
968,356,2.5341059746569954,0.28375,0.375,0.375,0,0,0,-0.00017386053514201194,870.81298828125,1.2165460586547852
969,356,10.148258436005563,0.3075,0.375,0.375,0,0,0,3.893580287694931e-05,21201.265625,0.8353527188301086
970,356,11.971718240529299,0.32,0.375,0.375,0,0,0,-3.621975702117197e-05,28290.716796875,0.7112465500831604
971,357,6.9798383109832685,0.25375,0.375,0.125,0,0,0,-2.588952520454768e-05,11124.7177734375,0.9462106227874756
972,357,1.9263994953216752,0.479375,0.5,0.5,0,0,0,-0.00015816465020179749,828.8851318359375,1.3114280700683594
973,357,5.733818026033987,0.610625,0.625,0.625,0,0,0,-6.0473880694189575e-06,7795.62841796875,1.1106078624725342
974,357,11.837258795276284,0.66875,0.625,0.625,0,0,0,-2.775713801383972e-05,27608.966796875,0.6835818290710449
975,358,7.134796033060411,0.215,0.0,0.0,0,0,0,-2.579266765678767e-05,8607.75390625,1.0849443674087524
976,358,4.870476121291176,0.481875,0.125,0.0,0,0,0,-2.4160990506061353e-05,5538.6591796875,1.0926737785339355
977,358,2.0669818708629464,0.689375,0.625,0.375,0,0,0,-0.00010816954454639927,363.5224304199219,1.2298283576965332
978,358,4.514818198906141,0.73625,0.625,0.625,0,0,0,-3.597140312194824e-05,6458.66259765625,1.119944453239441
979,361,4.081167215023015,0.026875,0.0,0.0,0,0,0,-4.151960092713125e-05,7682.71875,1.1737478971481323
980,361,1.928340411526733,0.47625,0.5,0.125,0,0,0,-0.0001352472900180146,265.9935607910156,1.1404310464859009
981,361,1.8217794684605906,0.714375,0.75,0.625,0,0,0,-0.00011433536565164104,286.8100280761719,1.2784579992294312
982,361,5.174507733841892,0.87625,0.875,0.75,0,0,0,-0.0001272435038117692,5507.1064453125,1.1444798707962036
983,362,3.6837871567586262,0.071875,0.0,0.0,0,0,0,1.2162762686784845e-05,3505.835693359375,1.2359682321548462
984,362,1.4091956817392202,0.410625,0.25,0.125,0,0,0,-0.0005888094310648739,373.61962890625,1.3616619110107422
985,362,6.778915472714289,0.489375,0.25,0.25,0,0,0,-7.381165778497234e-05,13917.2197265625,1.0627646446228027
986,362,10.707357854349539,0.625625,0.5,0.25,0,0,0,0.00026738643646240234,23498.5078125,0.7373443245887756
987,363,1.9315568859256018,0.12625,0.125,0.0,0,0,0,-0.00020353806030470878,804.5609130859375,1.2841731309890747
988,363,2.213552958739456,0.458125,0.625,0.375,0,0,0,-5.261569094727747e-05,157.8038330078125,1.0950742959976196
989,363,2.0970786874804617,0.680625,0.75,0.75,0,0,0,-6.968047091504559e-05,536.1316528320312,1.3291617631912231
990,363,12.283228199928999,0.780625,0.75,0.75,0,0,0,-3.6098062992095947e-06,29963.09765625,0.6233227849006653
991,364,8.856577104044845,0.129375,0.125,0.0,0,0,0,-8.288522803923115e-05,18346.732421875,0.866291344165802
992,364,2.2065741565384087,0.500625,0.625,0.5,0,0,0,-7.962062954902649e-05,364.54754638671875,1.2325841188430786
993,364,5.513173165954868,0.6825,0.625,0.625,0,0,0,-1.0239581570203882e-05,7094.9501953125,1.0028367042541504
994,364,9.04627982492093,0.725,0.75,0.75,0,0,0,1.7354885130771436e-05,19010.810546875,0.8911481499671936
995,365,6.58426904463704,0.141875,0.125,0.0,0,0,0,-1.4211982488632202e-05,12471.26171875,1.0387089252471924
996,365,4.617660558111311,0.468125,0.375,0.25,0,0,0,-1.6046533346525393e-05,5121.81005859375,1.2242379188537598
997,365,1.705999433677107,0.703125,0.5,0.375,0,0,0,-0.00011081000411650166,586.2545776367188,1.3521629571914673
998,365,3.272968972063609,0.8225,0.75,0.625,0,0,0,4.3489038944244385e-05,2048.916015625,1.238121509552002
999,367,2.40871034652082,0.175,0.375,0.125,0,0,0,-0.00035304948687553406,2733.755615234375,1.3528032302856445
1000,367,1.9278597508964594,0.466875,0.75,0.625,0,0,0,-6.666903937002644e-05,160.830322265625,1.2244397401809692
