update,ablation,scenario,rollout_reward_mean,episode_count,coverage_ratio,inspection_success_rate,target_detection_rate,mission_success,mission_time,collision_count,invalid_action_count,policy_loss,value_loss,entropy,approx_kl,clip_fraction,mean_action_probability
1,guidance_0_capability_0_safety_0,1,-0.12290039023355348,4,0.014375,0.0,0.0,0,7,0,0,-0.00658993748947978,6.608807563781738,1.7818896770477295,0.0007755933329463005,0.0,0.17077216506004333
2,guidance_0_capability_0_safety_0,1,-0.09541992106096586,9,0.008125,0.0,0.0,0,2,0,0,-0.005856053438037634,3.6947202682495117,1.7766294479370117,0.003350137500092387,0.0,0.16927796602249146
3,guidance_0_capability_0_safety_0,1,-0.07805663979161181,12,0.014375,0.0,0.0,0,28,0,0,-0.002393480855971575,4.453225135803223,1.765962839126587,0.001410922035574913,0.0,0.1749836653470993
4,guidance_0_capability_0_safety_0,1,-0.016933593524299795,12,0.035625,0.0,0.0,0,284,0,0,-0.005944717209786177,0.10320762544870377,1.7475242614746094,-0.0005836569471284747,0.0,0.18002662062644958
5,guidance_0_capability_0_safety_0,1,-0.003906250101863407,12,0.065,0.0,0.0,0,540,0,0,-0.010062368586659431,0.04883120581507683,1.7190669775009155,0.0030077125411480665,0.0,0.1867465227842331
6,guidance_0_capability_0_safety_0,1,0.020361327780847205,12,0.13375,0.0,0.0,0,796,0,0,-0.004218291025608778,0.882375180721283,1.6826194524765015,0.0006872173398733139,0.0,0.20270094275474548
7,guidance_0_capability_0_safety_0,1,-0.023388671925204108,14,0.025625,0.0,0.0,0,41,0,0,-0.004453535191714764,0.9461092948913574,1.6462206840515137,0.009736290201544762,0.0,0.203777477145195
8,guidance_0_capability_0_safety_0,1,0.21567382686771452,14,0.10375,0.25,0.0,0,297,0,0,-0.0020996276289224625,45.35897445678711,1.588129997253418,-0.0015290221199393272,0.0,0.2477721869945526
9,guidance_0_capability_0_safety_0,1,0.007919921838038135,14,0.1525,0.25,0.0,0,553,0,0,-0.002365168184041977,0.1360701024532318,1.563922643661499,0.0008391193114221096,0.0,0.25755199790000916
10,guidance_0_capability_0_safety_0,1,0.013437499987048795,14,0.210625,0.25,0.0,0,809,0,0,-0.0021286073606461287,0.7708945274353027,1.5883522033691406,0.0011652742978185415,0.0,0.250555157661438
11,guidance_0_capability_0_safety_0,1,-0.000527343807334546,15,0.040625,0.0,0.0,0,65,0,0,-0.0018573319539427757,0.2984029948711395,1.5960911512374878,0.00012652156874537468,0.0,0.23913481831550598
12,guidance_0_capability_0_safety_0,1,0.03174804702575784,15,0.16125,0.0,0.0,0,321,0,0,-0.0007813973352313042,1.0237079858779907,1.5628962516784668,0.0004683233273681253,0.0,0.2543483078479767
13,guidance_0_capability_0_safety_0,1,-0.004091796890861588,15,0.190625,0.0,0.0,0,577,0,0,-0.0023476104252040386,0.08134409785270691,1.5552911758422852,-0.0006355677614919841,0.0,0.2609432637691498
14,guidance_0_capability_0_safety_0,1,-0.01651367193335318,15,0.200625,0.0,0.0,0,833,0,0,-0.0006040732259862125,0.057064395397901535,1.558171272277832,0.0007080882787704468,0.0,0.26009202003479004
15,guidance_0_capability_0_safety_0,1,0.07798827967781108,18,0.03625,0.0,0.0,0,51,0,0,-0.0006338333478197455,10.702997207641602,1.5709260702133179,-0.0009432169608771801,0.0,0.24979564547538757
16,guidance_0_capability_0_safety_0,1,0.14885741893886006,18,0.15375,0.125,0.0,0,307,0,0,-0.0007058649207465351,24.643417358398438,1.5547517538070679,-0.0002462179400026798,0.0,0.249765545129776
17,guidance_0_capability_0_safety_0,1,0.03028320355952019,18,0.20125,0.125,0.25,0,563,0,0,-0.001560663222335279,2.4344067573547363,1.5581965446472168,-0.0006313696503639221,0.0,0.2552989423274994
18,guidance_0_capability_0_safety_0,1,-0.014863281350699253,18,0.21375,0.125,0.25,0,819,0,0,-0.0017221173038706183,0.1254940927028656,1.577620029449463,0.0017702486366033554,0.0,0.25981050729751587
19,guidance_0_capability_0_safety_0,1,0.04521484333236003,19,0.1025,0.0,0.0,0,75,0,0,-0.0005827568238601089,1.9214385747909546,1.5911959409713745,8.43141879158793e-06,0.0,0.24544700980186462
20,guidance_0_capability_0_safety_0,1,0.23478515750684892,19,0.33125,0.125,0.25,0,331,0,0,0.0003156184102408588,33.82754135131836,1.5656681060791016,-0.0009812850039452314,0.0,0.25222766399383545
21,guidance_0_capability_0_safety_0,1,-0.013847656449797796,19,0.348125,0.125,0.25,0,587,0,0,-0.0014806421240791678,0.13617007434368134,1.5853757858276367,-0.0015066409250721335,0.0,0.24359261989593506
22,guidance_0_capability_0_safety_0,1,-0.015820312641153578,19,0.36375,0.125,0.25,0,843,0,0,-0.003501851111650467,0.07683864235877991,1.6015725135803223,0.0015188592951744795,0.0,0.23570725321769714
23,guidance_0_capability_0_safety_0,1,-0.03835937477197149,22,0.028125,0.0,0.0,0,15,0,0,5.402912847785046e-06,11.43062973022461,1.5784010887145996,-0.0005096566746942699,0.0,0.24078500270843506
24,guidance_0_capability_0_safety_0,1,0.15344726268813247,22,0.15375,0.125,0.0,0,271,0,0,3.9145972550613806e-05,26.122386932373047,1.5676727294921875,-0.00031108022085390985,0.0,0.24285762012004852
25,guidance_0_capability_0_safety_0,1,0.22677734449098352,23,0.046875,0.125,0.25,0,57,0,0,0.0001245060411747545,36.67304992675781,1.56594979763031,0.0017834764439612627,0.0,0.2480049431324005
26,guidance_0_capability_0_safety_0,1,0.2545214796118671,25,0.066875,0.0,0.0,0,73,0,0,-0.0002992845547851175,50.645606994628906,1.5531752109527588,0.0007521403022110462,0.0,0.24411898851394653
27,guidance_0_capability_0_safety_0,1,0.29172851066323346,25,0.41625,0.125,0.125,0,329,0,0,-0.00044933147728443146,41.627830505371094,1.559189796447754,0.0002409808075753972,0.0,0.2491752803325653
28,guidance_0_capability_0_safety_0,1,0.04502929678710643,25,0.50375,0.125,0.375,0,585,0,0,-0.0023833862505853176,0.9052077531814575,1.572005271911621,0.0011282258201390505,0.0,0.23971502482891083
29,guidance_0_capability_0_safety_0,1,0.009208985426084837,29,0.006875,0.0,0.0,0,1,0,0,-0.0025317480321973562,7.028303146362305,1.5681867599487305,-0.004008559510111809,0.0,0.24011313915252686
30,guidance_0_capability_0_safety_0,1,0.19498046901935595,29,0.220625,0.125,0.25,0,257,0,0,0.001243906794115901,35.247886657714844,1.5671260356903076,-2.6758450985653326e-05,0.0,0.23927628993988037
31,guidance_0_capability_0_safety_0,1,0.09056640416019945,30,0.025625,0.0,0.0,0,24,0,0,-0.00023151344794314355,8.781048774719238,1.5627801418304443,-0.0017747882520779967,0.0,0.2436756193637848
32,guidance_0_capability_0_safety_0,1,0.08609374931984348,30,0.200625,0.0,0.0,0,280,0,0,3.998260945081711e-05,1.5959913730621338,1.5620849132537842,-0.0005046998849138618,0.0,0.2430000752210617
33,guidance_0_capability_0_safety_0,1,0.1469238299614517,30,0.329375,0.125,0.0,0,536,0,0,-2.2330012143356726e-05,22.805828094482422,1.5399580001831055,-0.00015308507136069238,0.0,0.2524970471858978
34,guidance_0_capability_0_safety_0,1,0.05679687494193786,31,0.168125,0.0,0.0,0,252,0,0,-0.0018606323283165693,1.7190990447998047,1.5522494316101074,-0.0002688059466890991,0.0,0.2454812228679657
35,guidance_0_capability_0_safety_0,1,0.07357421909182449,31,0.291875,0.0,0.25,0,508,0,0,6.630551069974899e-05,1.4304413795471191,1.5354408025741577,0.0006735703791491687,0.0,0.2510000467300415
36,guidance_0_capability_0_safety_0,1,0.10954101489551249,31,0.443125,0.0,0.75,0,764,0,0,7.313800597330555e-05,6.50703763961792,1.5312484502792358,-8.091594645520672e-05,0.0,0.25723111629486084
37,guidance_0_capability_0_safety_0,1,0.07384765387541847,32,0.218125,0.0,0.0,0,241,0,0,-0.000995491398498416,6.164636611938477,1.5580013990402222,-1.2658536434173584e-05,0.0,0.23979304730892181
38,guidance_0_capability_0_safety_0,1,0.22097656185360393,32,0.445,0.125,0.125,0,497,0,0,-0.000302405416732654,26.979496002197266,1.549748420715332,0.0002736523747444153,0.0,0.24955318868160248
39,guidance_0_capability_0_safety_0,1,0.0748730444611283,33,0.09375,0.125,0.125,0,67,0,0,-0.00030774003244005144,40.60199737548828,1.5441725254058838,0.00021040471619926393,0.0,0.2542651891708374
40,guidance_0_capability_0_safety_0,1,0.20957031092984835,33,0.291875,0.25,0.25,0,323,0,0,-0.00014643713075201958,31.020774841308594,1.5619176626205444,-0.0003323671407997608,0.0,0.2355186939239502
41,guidance_0_capability_0_safety_0,1,0.06719726403025561,33,0.4425,0.25,0.375,0,579,0,0,-0.0006370805203914642,2.0085105895996094,1.5577096939086914,0.000253391161095351,0.0,0.24638640880584717
42,guidance_0_capability_0_safety_0,1,0.08669921776163392,34,0.095,0.125,0.0,0,110,0,0,-0.0010918925981968641,31.808563232421875,1.560965895652771,0.0006946229259483516,0.0,0.2565590739250183
43,guidance_0_capability_0_safety_0,1,0.3336914053215878,34,0.37625,0.375,0.0,0,366,0,0,8.175398397725075e-05,54.23923873901367,1.5663681030273438,0.00039805518463253975,0.0,0.24603353440761566
44,guidance_0_capability_0_safety_0,1,0.004619140730937943,34,0.406875,0.375,0.125,0,622,0,0,-0.0003475152770988643,1.0156079530715942,1.5589981079101562,0.0001551501190988347,0.0,0.24994096159934998
45,guidance_0_capability_0_safety_0,1,-0.021757812886789907,36,0.06125,0.0,0.0,0,47,0,0,-0.00030937790870666504,12.110617637634277,1.559870719909668,6.570310506504029e-05,0.0,0.24466395378112793
46,guidance_0_capability_0_safety_0,1,0.21073241981503088,38,0.2125,0.125,0.0,0,189,0,0,0.00019181892275810242,40.56462860107422,1.5580909252166748,0.0003530437534209341,0.0,0.2376515120267868
47,guidance_0_capability_0_safety_0,1,0.21115234114404302,38,0.3975,0.25,0.25,0,445,0,0,-0.00031851170933805406,35.228614807128906,1.5668461322784424,0.0001644225267227739,0.0,0.23836290836334229
48,guidance_0_capability_0_safety_0,1,0.10166015494178282,38,0.565625,0.25,0.625,0,701,0,0,-0.00044631463242694736,2.4163851737976074,1.5655144453048706,-0.00012102987238904461,0.0,0.24237167835235596
49,guidance_0_capability_0_safety_0,1,-0.08451171858905582,42,0.0475,0.0,0.0,0,60,0,0,-5.7183828175766394e-05,26.179529190063477,1.5608938932418823,8.791002619545907e-05,0.0,0.24402187764644623
50,guidance_0_capability_0_safety_0,1,0.31828124486492015,42,0.24875,0.25,0.25,0,316,0,0,-2.5122426450252533e-05,54.46100616455078,1.5621341466903687,-2.8496919185272418e-05,0.0,0.24124619364738464
51,guidance_0_capability_0_safety_0,1,0.10502929548965767,42,0.4675,0.25,0.25,0,572,0,0,-0.0005651923711411655,2.3217086791992188,1.5568459033966064,8.533475920557976e-05,0.0,0.2487960308790207
52,guidance_0_capability_0_safety_0,1,0.03694335982436314,44,0.2,0.0,0.0,0,235,0,0,-0.0006525671924464405,8.595739364624023,1.561810851097107,-0.0007621524855494499,0.0,0.23974645137786865
53,guidance_0_capability_0_safety_0,1,0.10467773375057732,44,0.3925,0.0,0.125,0,491,0,0,-0.0013039376353845,2.6600937843322754,1.5715219974517822,-0.0008935127407312393,0.0,0.2348223328590393
54,guidance_0_capability_0_safety_0,1,-0.05506835928099463,46,0.033125,0.0,0.0,0,56,0,0,-0.0008275490254163742,12.072132110595703,1.5671460628509521,1.1205363080080133e-05,0.0,0.2426142692565918
55,guidance_0_capability_0_safety_0,1,0.269687496311235,46,0.19375,0.25,0.125,0,312,0,0,-0.000550615310203284,34.61761474609375,1.57767915725708,-0.0006640590727329254,0.0,0.23238146305084229
56,guidance_0_capability_0_safety_0,1,0.1346972543906304,48,0.074375,0.0,0.0,0,91,0,0,-0.002028548624366522,23.51925277709961,1.5771435499191284,-0.0004559455846901983,0.0,0.23425132036209106
57,guidance_0_capability_0_safety_0,1,0.09414062368523446,48,0.2425,0.0,0.125,0,347,0,0,-0.0009043102036230266,2.864720344543457,1.575888991355896,0.0009155936422757804,0.0,0.23446926474571228
58,guidance_0_capability_0_safety_0,1,0.008320312223077053,48,0.29625,0.0,0.125,0,603,0,0,0.00034234393388032913,0.5727415680885315,1.5776962041854858,8.79724248079583e-05,0.0,0.23307707905769348
59,guidance_0_capability_0_safety_0,1,0.1708398463742924,52,0.133125,0.125,0.25,0,121,0,0,-0.002037993399426341,51.885719299316406,1.5679285526275635,0.00021369662135839462,0.0,0.23206090927124023
60,guidance_0_capability_0_safety_0,1,0.23166015485912794,52,0.375625,0.25,0.625,0,377,0,0,0.00011524527508299798,29.582260131835938,1.5758569240570068,8.16366355138598e-06,0.0,0.2343757003545761
61,guidance_0_capability_0_safety_0,1,0.28100586110303993,53,0.15,0.125,0.125,0,150,0,0,-0.0001328153011854738,37.150978088378906,1.574215292930603,0.000167028047144413,0.0,0.22976073622703552
62,guidance_0_capability_0_safety_0,1,0.08728515525581315,53,0.375,0.125,0.125,0,406,0,0,-0.0012492714449763298,1.6531906127929688,1.5689516067504883,0.00012990631512366235,0.0,0.23349718749523163
63,guidance_0_capability_0_safety_0,1,0.33844727584073553,53,0.495625,0.5,0.125,0,662,0,0,-0.001797134755179286,67.66464233398438,1.5643730163574219,0.0010715210810303688,0.0,0.2295084297657013
64,guidance_0_capability_0_safety_0,1,-0.03466796750581125,58,0.16125,0.0,0.25,0,102,0,0,-0.0004348202492110431,38.27149963378906,1.5450738668441772,0.0006464868783950806,0.0,0.2423698604106903
65,guidance_0_capability_0_safety_0,1,0.15781249813517206,58,0.315,0.125,0.25,0,358,0,0,-0.000301647320156917,20.306446075439453,1.5480372905731201,-0.00011595431715250015,0.0,0.24042348563671112
66,guidance_0_capability_0_safety_0,1,0.1607324322721979,59,0.06375,0.0,0.0,0,48,0,0,-2.9549624741775915e-05,24.207462310791016,1.543047308921814,3.345543518662453e-05,0.0,0.24317464232444763
67,guidance_0_capability_0_safety_0,1,0.06815429622656666,59,0.208125,0.0,0.0,0,304,0,0,-0.0014960169792175293,1.051039218902588,1.5365073680877686,0.0007779278676025569,0.0,0.23709022998809814
68,guidance_0_capability_0_safety_0,1,0.28219726296447334,60,0.02125,0.0,0.0,0,24,0,0,-0.0002570382202975452,72.33251953125,1.5308728218078613,-0.0002822692913468927,0.0,0.24281685054302216
69,guidance_0_capability_0_safety_0,1,0.1397558602693607,62,0.153125,0.125,0.25,0,168,0,0,-0.002067970810458064,35.93455505371094,1.5111610889434814,-0.00010990475857397541,0.0,0.25386843085289
70,guidance_0_capability_0_safety_0,1,0.14026367057522293,62,0.411875,0.125,0.5,0,424,0,0,-0.0011354865273460746,6.490196228027344,1.5206859111785889,0.0018730009905993938,0.0,0.24581311643123627
71,guidance_0_capability_0_safety_0,1,-0.006943360662262421,64,0.06625,0.0,0.0,0,128,0,0,0.0005758858169429004,20.007017135620117,1.5083345174789429,0.000703857745975256,0.0,0.2535193860530853
72,guidance_0_capability_0_safety_0,1,0.13369140522263478,65,0.236875,0.0,0.5,0,242,0,0,-0.000978893949650228,14.850717544555664,1.495589256286621,-0.00017650162044446915,0.0,0.2607383131980896
73,guidance_0_capability_0_safety_0,1,0.13570312370575266,66,0.060625,0.0,0.0,0,64,0,0,-0.0003224493411835283,10.965965270996094,1.506967544555664,0.0002548179472796619,0.0,0.2500913441181183
74,guidance_0_capability_0_safety_0,1,0.09368163888575509,66,0.305625,0.0,0.25,0,320,0,0,-0.0021315966732800007,3.058988094329834,1.4946308135986328,0.0005712178535759449,0.0,0.2591743469238281
75,guidance_0_capability_0_safety_0,1,0.016308594000292942,67,0.086875,0.0,0.0,0,47,0,0,0.00016357688582502306,9.951507568359375,1.5146970748901367,-0.0006713105249218643,0.0,0.24923712015151978
76,guidance_0_capability_0_safety_0,1,0.13347656152109266,69,0.3025,0.0,0.25,0,244,0,0,7.596611976623535e-05,11.099333763122559,1.4867780208587646,-0.00018023187294602394,0.0,0.268807053565979
77,guidance_0_capability_0_safety_0,1,0.15410156125653884,69,0.564375,0.0,0.5,0,500,0,0,-0.0006837801774963737,4.032483100891113,1.5229456424713135,-1.0542882591835223e-05,0.0,0.24587997794151306
78,guidance_0_capability_0_safety_0,1,0.052919921232387424,69,0.676875,0.0,0.75,0,756,0,0,-0.0007461117347702384,3.342827320098877,1.5481007099151611,0.00015625203377567232,0.0,0.23725247383117676
79,guidance_0_capability_0_safety_0,1,0.10864257919456577,71,0.175,0.0,0.125,0,125,0,0,-0.000562623783480376,15.050193786621094,1.4969972372055054,-0.00020010210573673248,0.0,0.2619635760784149
80,guidance_0_capability_0_safety_0,1,0.13999999906809535,71,0.428125,0.0,0.375,0,381,0,0,-0.0007401534239761531,3.858036994934082,1.5096642971038818,2.8593156002898468e-06,0.0,0.25240451097488403
81,guidance_0_capability_0_safety_0,1,0.03179687459487468,72,0.024375,0.0,0.0,0,45,0,0,-0.0005426438292488456,8.91948413848877,1.5308635234832764,0.0009441656875424087,0.0,0.24957388639450073
82,guidance_0_capability_0_safety_0,1,0.12492187180760084,74,0.075625,0.0,0.25,0,32,0,0,-0.00018700274813454598,24.051738739013672,1.4817273616790771,-0.0004393956623971462,0.0,0.27173635363578796
83,guidance_0_capability_0_safety_0,1,0.1940917859064939,74,0.28875,0.125,0.25,0,288,0,0,-0.00025216181529685855,20.383953094482422,1.4948066473007202,-0.00020609330385923386,0.0,0.26474159955978394
84,guidance_0_capability_0_safety_0,1,0.016435546582215466,74,0.36125,0.125,0.25,0,544,0,0,-0.00035383677459321916,1.1968661546707153,1.5343645811080933,0.0002959451521746814,0.0,0.24162006378173828
85,guidance_0_capability_0_safety_0,1,-0.008750000313739292,74,0.4125,0.125,0.25,0,800,0,0,-0.00020789573318324983,1.7134535312652588,1.5530394315719604,-0.000129957843455486,0.0,0.23668812215328217
86,guidance_0_capability_0_safety_0,1,0.02470702992286533,76,0.1575,0.0,0.125,0,77,0,0,-0.0003856318071484566,14.151002883911133,1.5401585102081299,-8.83516258909367e-05,0.0,0.24434570968151093
87,guidance_0_capability_0_safety_0,1,0.10010742054146249,76,0.37625,0.0,0.125,0,333,0,0,-0.0006122548948042095,1.993072509765625,1.4997648000717163,0.00031153252348303795,0.0,0.2574631869792938
88,guidance_0_capability_0_safety_0,1,0.17391602656061877,78,0.14125,0.0,0.25,0,66,0,0,-0.0002818306384142488,36.310333251953125,1.5126703977584839,-0.0006012556841596961,0.0,0.26001641154289246
89,guidance_0_capability_0_safety_0,1,0.12844727509946097,78,0.27125,0.125,0.375,0,322,0,0,-0.0008855623891577125,18.32105827331543,1.4965547323226929,-3.9964139432413504e-05,0.0,0.2694339454174042
90,guidance_0_capability_0_safety_0,1,-0.0018652351864147931,79,0.073125,0.0,0.25,0,60,0,0,-0.00035526230931282043,11.733430862426758,1.5192773342132568,0.001016096561215818,0.0,0.2549820840358734
91,guidance_0_capability_0_safety_0,1,0.201201171730645,79,0.459375,0.0,0.25,0,316,0,0,-0.00020519582903943956,6.399651527404785,1.5012469291687012,0.0002649640664458275,0.0,0.2658170461654663
92,guidance_0_capability_0_safety_0,1,0.06275390499649802,79,0.620625,0.0,0.25,0,572,0,0,-0.001716345432214439,2.546252727508545,1.5296766757965088,-0.0005368301644921303,0.0,0.24406135082244873
93,guidance_0_capability_0_safety_0,1,0.02086914285973762,80,0.038125,0.0,0.0,0,27,0,0,-0.0004714305396191776,6.5793304443359375,1.5546448230743408,0.000986928935162723,0.0,0.24321073293685913
94,guidance_0_capability_0_safety_0,1,0.2032324196989066,80,0.341875,0.0,0.375,0,283,0,0,0.0005698790773749352,8.332704544067383,1.5118039846420288,-2.6478743166080676e-05,0.0,0.258798211812973
95,guidance_0_capability_0_safety_0,1,0.28980469376256224,80,0.52125,0.25,0.625,0,539,0,0,7.61554911150597e-05,80.40226745605469,1.551910161972046,9.474655234953389e-05,0.0,0.2442849576473236
96,guidance_0_capability_0_safety_0,1,0.019677734115248313,80,0.608125,0.25,0.625,0,795,0,0,-0.000447376020019874,1.8716483116149902,1.5840766429901123,3.724949056049809e-05,0.0,0.23020106554031372
97,guidance_0_capability_0_safety_0,1,-0.06311523674594355,81,0.071875,0.0,0.0,0,68,0,0,0.00018535181879997253,7.885570526123047,1.5744866132736206,7.263974839588627e-05,0.0,0.2376740425825119
98,guidance_0_capability_0_safety_0,1,0.26341798145949724,83,0.329375,0.125,0.25,0,192,0,0,-0.0004348345100879669,41.58853530883789,1.5124876499176025,-8.453258487861603e-05,0.0,0.2555712163448334
99,guidance_0_capability_0_safety_0,1,0.10844726471987087,83,0.411875,0.25,0.25,0,448,0,0,-0.0002224311901954934,17.80832862854004,1.5409352779388428,-4.9943726480705664e-05,0.0,0.24703995883464813
100,guidance_0_capability_0_safety_0,1,0.05068359267170308,83,0.535625,0.25,0.375,0,704,0,0,-0.0036437497474253178,2.679410219192505,1.573901891708374,0.000799451838247478,0.0,0.23605838418006897
101,guidance_0_capability_0_safety_0,1,0.008613280260760803,83,0.6125,0.25,0.375,0,960,0,0,-0.0012461233418434858,1.5605707168579102,1.5861082077026367,0.004746493883430958,0.0,0.22889718413352966
102,guidance_0_capability_0_safety_0,1,0.28225586121334345,84,0.339375,0.125,0.0,0,216,0,0,-0.0002569674397818744,38.80364990234375,1.5407395362854004,0.0010628117015585303,0.0,0.2418583631515503
103,guidance_0_capability_0_safety_0,1,0.2778613225382287,86,0.205625,0.125,0.25,0,198,0,0,-0.0004680560377892107,32.595943450927734,1.5274178981781006,-0.0003000502474606037,0.0,0.24751639366149902
104,guidance_0_capability_0_safety_0,1,0.07066406257581548,86,0.363125,0.125,0.375,0,454,0,0,-0.010053381323814392,1.493652105331421,1.5627689361572266,0.006904135458171368,0.0,0.23596177995204926
105,guidance_0_capability_0_safety_0,1,0.23415038727034698,86,0.6375,0.25,0.625,0,710,0,0,-0.0027177862357348204,33.78106689453125,1.5748777389526367,0.004283097572624683,0.0,0.23324188590049744
106,guidance_0_capability_0_safety_0,1,-0.043447266398288775,86,0.64625,0.25,0.625,0,966,0,0,0.00044692930532619357,1.160499095916748,1.5315406322479248,0.0034827818162739277,0.0,0.25719404220581055
107,guidance_0_capability_0_safety_0,1,0.10560546644046553,89,0.0175,0.0,0.0,0,22,0,0,0.0004590076277963817,14.73987865447998,1.5485188961029053,0.001990421675145626,0.0,0.241242453455925
108,guidance_0_capability_0_safety_0,1,0.2566601540092961,89,0.42625,0.0,0.375,0,278,0,0,-0.0011076601222157478,12.070306777954102,1.556650161743164,0.0013956421753391623,0.0,0.2389632761478424
109,guidance_0_capability_0_safety_0,1,-0.008095701774436748,90,0.018125,0.0,0.125,0,15,0,0,0.0007259448757395148,8.708147048950195,1.5295815467834473,-0.000504929746966809,0.0,0.25995078682899475
110,guidance_0_capability_0_safety_0,1,0.3267089913279051,95,0.150625,0.125,0.125,0,74,0,0,-0.0005826512351632118,69.37590026855469,1.5499696731567383,4.3402425944805145e-05,0.0,0.24120157957077026
111,guidance_0_capability_0_safety_0,1,0.11180663917184575,96,0.066875,0.0,0.25,0,30,0,0,-0.0011941231787204742,7.06726598739624,1.5466620922088623,-2.1762214601039886e-05,0.0,0.24259984493255615
112,guidance_0_capability_0_safety_0,1,0.16287109329277882,96,0.370625,0.0,0.375,0,286,0,0,-0.000515968247782439,6.144055366516113,1.5479729175567627,-0.00010562517854850739,0.0,0.24854199588298798
113,guidance_0_capability_0_safety_0,1,0.1638867195470084,97,0.404375,0.0,0.0,0,252,0,0,0.00027417641831561923,7.381249904632568,1.526275634765625,0.0004700174031313509,0.0,0.25243866443634033
114,guidance_0_capability_0_safety_0,1,0.16319335981825134,97,0.550625,0.125,0.0,0,508,0,0,-0.00022886693477630615,26.447921752929688,1.5122439861297607,0.0002686227671802044,0.0,0.2649734914302826
115,guidance_0_capability_0_safety_0,1,0.19159180587666924,101,0.18,0.125,0.0,0,137,0,0,-0.0004369976813904941,46.14735412597656,1.5293138027191162,7.196826481958851e-05,0.0,0.2580895721912384
116,guidance_0_capability_0_safety_0,1,0.15666015633178176,102,0.05375,0.0,0.0,0,41,0,0,-0.0003611622378230095,12.221444129943848,1.4948581457138062,0.00020029055303893983,0.0,0.27317509055137634
117,guidance_0_capability_0_safety_0,1,0.20387696095713181,102,0.244375,0.125,0.125,0,297,0,0,-0.0001904151140479371,17.810623168945312,1.521985411643982,-0.00010852500417968258,0.0,0.26092004776000977
118,guidance_0_capability_0_safety_0,1,-0.023691407099249773,102,0.32875,0.125,0.125,0,553,0,0,-3.709302836796269e-05,6.275921821594238,1.4849685430526733,-0.0002934741787612438,0.0,0.2866785228252411
119,guidance_0_capability_0_safety_0,1,-0.017675781156867743,102,0.36375,0.125,0.125,0,809,0,0,-0.0006868386408314109,1.7752372026443481,1.4748915433883667,0.00022514676675200462,0.0,0.286266565322876
120,guidance_0_capability_0_safety_0,1,0.08434570168174105,103,0.130625,0.0,0.25,0,65,0,0,-0.0004164495912846178,4.740672588348389,1.4915060997009277,-0.00011636829003691673,0.0,0.2759706377983093
121,guidance_0_capability_0_safety_0,1,0.3563574151121429,103,0.4,0.25,0.5,0,321,0,0,1.4570231542165857e-05,48.334449768066406,1.5319269895553589,0.0002474651555530727,0.0,0.2536002993583679
122,guidance_0_capability_0_safety_0,1,0.24320311927294824,105,0.158125,0.125,0.25,0,75,0,0,-0.00010525559628149495,57.61539840698242,1.523796796798706,9.188785770675167e-05,0.0,0.2583500146865845
123,guidance_0_capability_0_safety_0,1,0.3108300872918335,105,0.393125,0.375,0.25,0,331,0,0,-0.0003020726144313812,40.58660125732422,1.5173652172088623,0.00015124803758226335,0.0,0.25871461629867554
124,guidance_0_capability_0_safety_0,1,0.03396484308541403,105,0.47125,0.375,0.375,0,587,0,0,-0.0020357267931103706,2.0796725749969482,1.4785792827606201,-0.0002081518468912691,0.0,0.29363906383514404
125,guidance_0_capability_0_safety_0,1,-0.02591796906926902,105,0.48375,0.375,0.375,0,843,0,0,-0.0015273535391315818,1.282477855682373,1.443773627281189,0.000232123929890804,0.0,0.29274463653564453
126,guidance_0_capability_0_safety_0,1,0.09008788821665803,106,0.138125,0.0,0.125,0,99,0,0,-5.714409053325653e-05,4.602550506591797,1.4439666271209717,0.0011909583117812872,0.0,0.29457569122314453
127,guidance_0_capability_0_safety_0,1,0.15817382589375484,106,0.4225,0.0,0.25,0,355,0,0,-0.0013622598489746451,3.9532647132873535,1.471942663192749,-0.00024038925766944885,0.0,0.2813531160354614
128,guidance_0_capability_0_safety_0,1,-0.013994140233990038,106,0.46625,0.0,0.25,0,611,0,0,-0.0002799748326651752,2.585564374923706,1.4317150115966797,0.0009869455825537443,0.0,0.29421207308769226
129,guidance_0_capability_0_safety_0,1,0.0024999995875987224,107,0.06375,0.0,0.0,0,116,0,0,0.00021335980272851884,2.3391804695129395,1.4575780630111694,0.00027171545661985874,0.0,0.2874547839164734
130,guidance_0_capability_0_safety_0,1,0.24912109085562406,107,0.305625,0.125,0.375,0,372,0,0,-0.0003193735028617084,25.50497817993164,1.4527987241744995,-0.00017068395391106606,0.0,0.28042954206466675
131,guidance_0_capability_0_safety_0,1,-0.014267578244471224,107,0.320625,0.125,0.375,0,628,0,0,-0.0005556090618483722,0.5196938514709473,1.4236468076705933,-0.0003856512194033712,0.0,0.30104339122772217
132,guidance_0_capability_0_safety_0,1,-0.06374999902982381,108,0.025625,0.0,0.0,0,10,0,0,-0.000327330082654953,2.7440004348754883,1.4325207471847534,-9.899323049467057e-05,0.0,0.3136975169181824
133,guidance_0_capability_0_safety_0,1,0.40335936431074515,108,0.358125,0.25,0.25,0,266,0,0,-5.107559263706207e-05,56.47173309326172,1.4776217937469482,-9.595276787877083e-05,0.0,0.27762147784233093
134,guidance_0_capability_0_safety_0,1,0.07211913996434305,108,0.51625,0.25,0.25,0,522,0,0,-0.00019033378339372575,2.9585814476013184,1.4125245809555054,3.0452385544776917e-05,0.0,0.3229030668735504
135,guidance_0_capability_0_safety_0,1,0.013232421653810889,108,0.585625,0.25,0.25,0,778,0,0,-0.0007583542610518634,1.2435708045959473,1.4059127569198608,0.00027197677991352975,0.0,0.32761478424072266
136,guidance_0_capability_0_safety_0,1,0.27762694037301117,110,0.15,0.0,0.0,0,66,0,0,-0.00018644891679286957,25.72051239013672,1.4617998600006104,-0.00011920851829927415,0.0,0.2867962718009949
137,guidance_0_capability_0_safety_0,1,0.11090820138633717,110,0.34875,0.0,0.25,0,322,0,0,-0.001589301973581314,3.083951711654663,1.4733502864837646,-0.00044441985664889216,0.0,0.2783832550048828
138,guidance_0_capability_0_safety_0,1,0.06927734029886778,112,0.021875,0.0,0.125,0,12,0,0,-0.001968167256563902,25.92090606689453,1.4733428955078125,0.00010669961193343624,0.0,0.277776300907135
139,guidance_0_capability_0_safety_0,1,0.3064355492242612,112,0.37,0.125,0.375,0,268,0,0,0.0006208656122907996,43.237037658691406,1.5051867961883545,0.0005969688063487411,0.0,0.26415595412254333
140,guidance_0_capability_0_safety_0,1,0.040498045964341145,114,0.0225,0.0,0.0,0,16,0,0,0.00027313147438690066,11.950672149658203,1.484821081161499,0.0003374931402504444,0.0,0.2722838819026947
141,guidance_0_capability_0_safety_0,1,0.06296875026237103,115,0.01,0.0,0.0,0,4,0,0,-0.00019089195120614022,6.011402606964111,1.5127309560775757,0.00010510565334698185,0.0,0.26058948040008545
142,guidance_0_capability_0_safety_0,1,0.19270508720364887,116,0.264375,0.125,0.125,0,238,0,0,-0.00028503997600637376,33.68593215942383,1.4982150793075562,-5.098121982882731e-05,0.0,0.2640764117240906
143,guidance_0_capability_0_safety_0,1,0.15833984404162038,116,0.380625,0.25,0.25,0,494,0,0,-0.000695847615133971,17.89961051940918,1.492218017578125,1.8310733139514923e-05,0.0,0.26930636167526245
144,guidance_0_capability_0_safety_0,1,0.061982420873391675,116,0.518125,0.25,0.375,0,750,0,0,0.00012943785986863077,5.508832931518555,1.496803641319275,0.0005525723099708557,0.0,0.27166324853897095
145,guidance_0_capability_0_safety_0,1,0.27156250391271897,118,0.35375,0.125,0.0,0,167,0,0,-0.00011339473712723702,47.63044738769531,1.4977993965148926,-1.965944466064684e-05,0.0,0.2660808563232422
146,guidance_0_capability_0_safety_0,1,0.3489257788132818,120,0.02,0.0,0.0,0,21,0,0,-7.25512727512978e-05,45.51972961425781,1.5215153694152832,6.698134529870003e-05,0.0,0.25381916761398315
147,guidance_0_capability_0_safety_0,1,0.21124999691164703,120,0.358125,0.0,0.25,0,277,0,0,-0.0008672652766108513,5.0372114181518555,1.5021960735321045,0.0004159075615461916,0.0,0.2590765357017517
148,guidance_0_capability_0_safety_0,1,0.24061522310148575,120,0.56125,0.125,0.75,0,533,0,0,0.00041257840348407626,24.73548698425293,1.4860328435897827,-0.000421189412008971,0.0,0.2832473814487457
149,guidance_0_capability_0_safety_0,1,0.001552734145661816,121,0.053125,0.0,0.0,0,84,0,0,-0.00029785497463308275,5.086254596710205,1.474973201751709,1.459506711398717e-05,0.0,0.2728350758552551
150,guidance_0_capability_0_safety_0,1,0.3190527333863429,124,0.176875,0.125,0.125,0,87,0,0,-0.0007392248953692615,73.02597045898438,1.4825098514556885,6.0566700994968414e-05,0.0,0.2734217345714569
151,guidance_0_capability_0_safety_0,1,0.05936523378477432,124,0.33875,0.125,0.125,0,343,0,0,-0.0020765692461282015,2.126312732696533,1.4668776988983154,0.0005430618184618652,0.0,0.2716480493545532
152,guidance_0_capability_0_safety_0,1,0.06749023328666226,124,0.485,0.125,0.125,0,599,0,0,-8.01263377070427e-05,1.8125003576278687,1.4607250690460205,0.001415460603311658,0.0,0.2801068425178528
153,guidance_0_capability_0_safety_0,1,0.052968749798310455,125,0.150625,0.0,0.125,0,75,0,0,-0.0008020208915695548,6.032978057861328,1.4504040479660034,0.00029964576242491603,0.0,0.2908937335014343
154,guidance_0_capability_0_safety_0,1,0.1744531244621612,125,0.471875,0.0,0.375,0,331,0,0,-0.0006538642337545753,4.149384498596191,1.457362174987793,5.736947059631348e-06,0.0,0.2907896339893341
155,guidance_0_capability_0_safety_0,1,0.07462890460374183,125,0.620625,0.0,0.5,0,587,0,0,-9.613174188416451e-05,2.644155502319336,1.3877899646759033,0.0004659795085899532,0.0,0.3235843777656555
156,guidance_0_capability_0_safety_0,1,0.06391601472205366,125,0.724375,0.0,0.75,0,843,0,0,-0.0013545919209718704,0.9147098660469055,1.4059275388717651,-0.0002687615342438221,0.0,0.3273657560348511
157,guidance_0_capability_0_safety_0,1,0.076874998598214,126,0.178125,0.0,0.0,0,120,0,0,-0.0009251873707398772,3.5586154460906982,1.4564661979675293,-5.8958154113497585e-05,0.0,0.3024619519710541
158,guidance_0_capability_0_safety_0,1,0.23065429099733592,126,0.385625,0.125,0.375,0,376,0,0,0.000519638299010694,35.33595275878906,1.4777123928070068,0.00021555679268203676,0.0,0.28217390179634094
159,guidance_0_capability_0_safety_0,1,0.2375195314816665,127,0.375,0.0,0.375,0,223,0,0,-0.00035579255199991167,11.408607482910156,1.473860740661621,0.0005487517337314785,0.0,0.30228185653686523
160,guidance_0_capability_0_safety_0,1,0.2028710923405015,128,0.394375,0.0,0.25,0,250,0,0,-4.0855880797607824e-05,13.223501205444336,1.4856075048446655,0.0002240743488073349,0.0,0.2763606309890747
161,guidance_0_capability_0_safety_0,1,0.12479491083649918,128,0.505,0.125,0.25,0,506,0,0,-0.002620215993374586,18.20883560180664,1.4627416133880615,2.887565642595291e-05,0.0,0.28932303190231323
162,guidance_0_capability_0_safety_0,1,0.13449218557434506,129,0.125625,0.0,0.25,0,65,0,0,-0.002311243675649166,9.977972984313965,1.5036648511886597,0.0012174732983112335,0.0,0.2821856439113617
163,guidance_0_capability_0_safety_0,1,0.21087890620401595,129,0.335625,0.125,0.5,0,321,0,0,-0.0005381213268265128,25.049949645996094,1.5157802104949951,-0.0009011178044602275,0.0,0.26299726963043213
164,guidance_0_capability_0_safety_0,1,0.1664160127438663,130,0.018125,0.0,0.0,0,24,0,0,-0.000591520220041275,26.867656707763672,1.5424259901046753,-0.00011153209197800606,0.0,0.2573363184928894
165,guidance_0_capability_0_safety_0,1,0.16440429477370344,130,0.305,0.0,0.25,0,280,0,0,-0.0012373419012874365,5.477177143096924,1.5498216152191162,0.0003083159099332988,0.0,0.2582511007785797
166,guidance_0_capability_0_safety_0,1,0.01762695405705017,130,0.385625,0.0,0.375,0,536,0,0,-0.0002040856925304979,3.4257192611694336,1.5714830160140991,9.658187627792358e-05,0.0,0.2510605454444885
167,guidance_0_capability_0_safety_0,1,0.11296875066909706,131,0.325625,0.0,0.625,0,220,0,0,-1.3317912817001343e-05,15.364603042602539,1.5614436864852905,8.630380034446716e-05,0.0,0.24960732460021973
168,guidance_0_capability_0_safety_0,1,0.036757811743882485,131,0.446875,0.0,0.625,0,476,0,0,1.69553495652508e-05,1.4832608699798584,1.5646429061889648,-0.00013782628229819238,0.0,0.24899201095104218
169,guidance_0_capability_0_safety_0,1,0.04436523381082225,133,0.12875,0.0,0.25,0,67,0,0,-0.00029181194258853793,13.293163299560547,1.5543626546859741,0.0002887898008339107,0.0,0.24940328299999237
170,guidance_0_capability_0_safety_0,1,0.12741211101820227,133,0.359375,0.0,0.5,0,323,0,0,-0.001703927991911769,2.696411609649658,1.5517362356185913,0.0006225357647053897,0.0,0.2575574815273285
171,guidance_0_capability_0_safety_0,1,0.06136718776906491,133,0.5125,0.0,0.5,0,579,0,0,-0.00029641948640346527,1.3642568588256836,1.550350546836853,-0.00033034602529369295,0.0,0.25337159633636475
172,guidance_0_capability_0_safety_0,1,0.01689452825303306,135,0.048125,0.0,0.0,0,59,0,0,-0.0002614380791783333,15.468921661376953,1.5523593425750732,0.0010228658793494105,0.0,0.2595955431461334
173,guidance_0_capability_0_safety_0,1,0.06115234289973159,135,0.208125,0.0,0.0,0,315,0,0,-0.0007827834924682975,3.2005856037139893,1.5825529098510742,-3.565506631275639e-05,0.0,0.24326255917549133
174,guidance_0_capability_0_safety_0,1,0.047197265150316525,135,0.324375,0.0,0.0,0,571,0,0,-0.0008490048348903656,1.2076096534729004,1.561859130859375,-0.0002856136707123369,0.0,0.24244044721126556
175,guidance_0_capability_0_safety_0,1,0.24332030315781594,136,0.3125,0.125,0.25,0,194,0,0,-7.593569898745045e-05,29.499292373657227,1.5542418956756592,-0.0009337225928902626,0.0,0.2514563500881195
176,guidance_0_capability_0_safety_0,1,0.15724609439712367,136,0.4525,0.25,0.25,0,450,0,0,5.5667635024292395e-05,19.951148986816406,1.5646671056747437,-0.0002545116876717657,0.0,0.24213509261608124
177,guidance_0_capability_0_safety_0,1,0.09117187418814865,137,0.014375,0.0,0.0,0,7,0,0,-0.0002467508311383426,3.863271713256836,1.5592944622039795,-0.00028119454509578645,0.0,0.24285131692886353
178,guidance_0_capability_0_safety_0,1,0.4948339690345165,137,0.308125,0.375,0.625,0,263,0,0,-0.00034247650182805955,96.18555450439453,1.567305564880371,0.00015940300363581628,0.0,0.24593278765678406
179,guidance_0_capability_0_safety_0,1,0.12286133566158242,137,0.391875,0.5,0.625,0,519,0,0,-0.0003076475113630295,20.7872314453125,1.568385124206543,0.00017551518976688385,0.0,0.24842731654644012
180,guidance_0_capability_0_safety_0,1,0.02266601627707132,138,0.17625,0.0,0.0,0,206,0,0,8.641835302114487e-05,5.2381086349487305,1.581344485282898,0.00017685024067759514,0.0,0.24063222110271454
181,guidance_0_capability_0_safety_0,1,0.2608984356193105,138,0.58875,0.0,0.375,0,462,0,0,-0.0002569429052527994,10.426027297973633,1.5654208660125732,-0.0002160108124371618,0.0,0.25776416063308716
182,guidance_0_capability_0_safety_0,1,0.025927734011929715,138,0.6525,0.0,0.5,0,718,0,0,-0.0011132312938570976,0.9228477478027344,1.5876445770263672,-0.00043141114292666316,0.0,0.2391289919614792
183,guidance_0_capability_0_safety_0,1,0.03213867151498562,138,0.738125,0.0,0.625,0,974,0,0,-0.0013801896711811423,1.0085067749023438,1.5904449224472046,-0.00018867035396397114,0.0,0.24442914128303528
184,guidance_0_capability_0_safety_0,1,0.08855468671754352,139,0.204375,0.0,0.0,0,230,0,0,-0.0007939601200632751,1.9497535228729248,1.5927385091781616,7.477620238205418e-05,0.0,0.2289680689573288
185,guidance_0_capability_0_safety_0,1,0.1423046972049633,139,0.32,0.125,0.0,0,486,0,0,-0.0007577072829008102,19.818130493164062,1.5925023555755615,0.0007897589239291847,0.0,0.23806020617485046
186,guidance_0_capability_0_safety_0,1,0.05213867201746325,139,0.4025,0.125,0.25,0,742,0,0,-0.0010534059256315231,3.265012502670288,1.6081717014312744,0.00013725196185987443,0.0,0.2259892076253891
187,guidance_0_capability_0_safety_0,1,0.011171873953571776,139,0.498125,0.125,0.25,0,998,0,0,-0.0023962552659213543,0.8973952531814575,1.6249159574508667,-0.001122237998060882,0.0,0.2256135195493698
188,guidance_0_capability_0_safety_0,1,0.1061425776060787,140,0.255625,0.0,0.125,0,254,0,0,-0.0009716181084513664,5.304093360900879,1.5736593008041382,0.0013253901852294803,0.0,0.2509576082229614
189,guidance_0_capability_0_safety_0,1,0.09381835846943432,140,0.46375,0.0,0.125,0,510,0,0,-0.00010817156726261601,2.137800931930542,1.6200671195983887,4.537481436273083e-05,0.0,0.21980492770671844
190,guidance_0_capability_0_safety_0,1,-0.00340820388373686,140,0.504375,0.0,0.125,0,766,0,0,-0.0008210937376134098,0.7321692109107971,1.6355971097946167,-9.218014020007104e-05,0.0,0.2171921730041504
191,guidance_0_capability_0_safety_0,1,0.06620116853446234,144,0.10625,0.0,0.25,0,44,0,0,0.00015353597700595856,43.85403060913086,1.6283286809921265,-0.000555141712538898,0.0,0.21650271117687225
192,guidance_0_capability_0_safety_0,1,0.13247070331999566,144,0.365625,0.0,0.375,0,300,0,0,-0.0016138231148943305,3.9095754623413086,1.6072089672088623,-0.00027416180819272995,0.0,0.2335725724697113
193,guidance_0_capability_0_safety_0,1,0.11336914098501438,144,0.525625,0.0,0.875,0,556,0,0,-0.0004740612057503313,7.841949939727783,1.6401567459106445,0.0002504435833543539,0.0,0.2173023521900177
194,guidance_0_capability_0_safety_0,1,0.28302733806776814,145,0.216875,0.125,0.5,0,172,0,0,4.1575483919586986e-05,28.133146286010742,1.6307085752487183,-0.0003073929692618549,0.0,0.22136783599853516
195,guidance_0_capability_0_safety_0,1,0.10637695168770733,145,0.423125,0.125,0.625,0,428,0,0,-0.0016966791590675712,2.372469425201416,1.637887954711914,0.0008339709020219743,0.0,0.21728387475013733
196,guidance_0_capability_0_safety_0,1,0.11869140544513357,147,0.0275,0.0,0.0,0,12,0,0,0.0001782359031494707,15.201959609985352,1.642054796218872,-0.0018147388473153114,0.0,0.20858173072338104
197,guidance_0_capability_0_safety_0,1,0.1535058581721387,149,0.37,0.0,0.125,0,236,0,0,-0.0007153376936912537,13.535860061645508,1.6184295415878296,0.00013086262333672494,0.0,0.22778008878231049
198,guidance_0_capability_0_safety_0,1,0.1095996077201562,152,0.0775,0.0,0.0,0,51,0,0,-0.0002829904551617801,32.52537536621094,1.628669261932373,0.0005093091167509556,0.0,0.22498133778572083
199,guidance_0_capability_0_safety_0,1,0.1409082004611264,153,0.129375,0.125,0.125,0,236,0,0,-0.0015459682326763868,28.30837059020996,1.6492841243743896,0.00042672938434407115,0.0,0.2109988033771515
200,guidance_0_capability_0_safety_0,1,0.2546581954920839,153,0.39625,0.25,0.375,0,492,0,0,-0.0015093206893652678,42.34036636352539,1.6374523639678955,-0.00022779669961892068,0.0,0.21534514427185059
201,guidance_0_capability_0_safety_0,1,0.020664061969000613,153,0.46375,0.25,0.375,0,748,0,0,-0.0011728847166523337,1.8566210269927979,1.6601548194885254,-0.0004704548919107765,0.0,0.20887288451194763
202,guidance_0_capability_0_safety_0,1,-3.9062764699338004e-05,154,0.01125,0.0,0.0,0,4,0,0,-0.0034671127796173096,0.7134572267532349,1.6636569499969482,0.00010096134792547673,0.0,0.20478032529354095
203,guidance_0_capability_0_safety_0,1,0.3829589741581003,156,0.02125,0.0,0.0,0,18,0,0,0.0011397346388548613,66.4482650756836,1.6211650371551514,-0.00044673163210973144,0.0,0.21892230212688446
204,guidance_0_capability_0_safety_0,1,0.10466796750915819,156,0.209375,0.0,0.125,0,274,0,0,-0.0007769211078993976,3.5052428245544434,1.6220290660858154,4.918578633805737e-05,0.0,0.22230979800224304
205,guidance_0_capability_0_safety_0,1,0.20259765327136847,156,0.393125,0.125,0.25,0,530,0,0,-0.0005721704801544547,21.295669555664062,1.638759970664978,-0.0006151054985821247,0.0,0.2179044783115387
206,guidance_0_capability_0_safety_0,1,0.043984374573483365,156,0.485625,0.125,0.375,0,786,0,0,-0.0021839493419975042,0.751294732093811,1.6467630863189697,0.00018348514277022332,0.0,0.21316203474998474
207,guidance_0_capability_0_safety_0,1,0.17379882613022346,157,0.07375,0.0,0.125,0,42,0,0,-0.0023539364337921143,9.575292587280273,1.6721572875976562,-0.0002421954122837633,0.0,0.2018812596797943
208,guidance_0_capability_0_safety_0,1,0.5085254070836527,157,0.415,0.375,0.5,0,298,0,0,0.000809135555755347,81.59502410888672,1.6344518661499023,0.0009813983924686909,0.0,0.22007904946804047
209,guidance_0_capability_0_safety_0,1,0.08101562412412022,157,0.551875,0.375,0.75,0,554,0,0,-0.0002929689362645149,3.2767066955566406,1.6477410793304443,-0.00038174091605469584,0.0,0.21141323447227478
210,guidance_0_capability_0_safety_0,1,0.19545898010983365,158,0.17375,0.0,0.0,0,179,0,0,-0.0010157227516174316,15.218902587890625,1.6431903839111328,0.0002697940799407661,0.0,0.20743636786937714
211,guidance_0_capability_0_safety_0,1,-0.03651367042402853,160,0.065,0.0,0.125,0,61,0,0,0.00042988237692043185,24.627212524414062,1.633339285850525,-0.0003495262935757637,0.0,0.2169823944568634
212,guidance_0_capability_0_safety_0,1,0.11302734230775968,163,0.176875,0.0,0.125,0,81,0,0,6.634432065766305e-05,41.877159118652344,1.6061185598373413,0.0002523164148442447,0.0,0.22093966603279114
213,guidance_0_capability_0_safety_0,1,0.2153710929233057,163,0.541875,0.0,0.375,0,337,0,0,-7.27139413356781e-05,3.550471305847168,1.6243324279785156,0.0001542481331853196,0.0,0.21689638495445251
214,guidance_0_capability_0_safety_0,1,0.08768554437119747,165,0.10125,0.0,0.125,0,47,0,0,-0.00011272418487351388,25.48236656188965,1.6227487325668335,-5.5971402616705745e-05,0.0,0.2169504016637802
215,guidance_0_capability_0_safety_0,1,0.09174804721624241,167,0.255,0.0,0.125,0,188,0,0,-0.00030465301824733615,30.92560577392578,1.5997461080551147,7.682557770749554e-05,0.0,0.23114114999771118
216,guidance_0_capability_0_safety_0,1,0.20265624189778464,167,0.44,0.125,0.375,0,444,0,0,-0.0017771621933206916,11.81359577178955,1.6426761150360107,-0.00033774817711673677,0.0,0.21288001537322998
217,guidance_0_capability_0_safety_0,1,0.09615234303782927,167,0.65125,0.125,0.375,0,700,0,0,-0.0027688664849847555,1.304796576499939,1.6554083824157715,0.0001160353422164917,0.0,0.2108391374349594
218,guidance_0_capability_0_safety_0,1,0.1754199223469186,167,0.780625,0.25,0.625,0,956,0,0,-0.0006934963166713715,21.776138305664062,1.6792383193969727,0.0026578539982438087,0.0,0.20262190699577332
219,guidance_0_capability_0_safety_0,1,0.13582030967154424,170,0.28,0.0,0.25,0,186,0,0,-0.0017495130887255073,20.112834930419922,1.6414302587509155,-0.00044191133929416537,0.0,0.2130942940711975
220,guidance_0_capability_0_safety_0,1,0.044921874188730726,170,0.480625,0.0,0.25,0,442,0,0,0.0003097055887337774,4.627752304077148,1.645190715789795,0.0015420540003105998,0.0,0.2050267904996872
221,guidance_0_capability_0_safety_0,1,0.086025390879513,174,0.23625,0.0,0.125,0,107,0,0,-0.001426240778528154,44.78927993774414,1.6418002843856812,-0.00042361830128356814,0.0,0.2125629186630249
222,guidance_0_capability_0_safety_0,1,0.17436523398646386,174,0.53,0.0,0.375,0,363,0,0,9.625839993532281e-06,3.5428318977355957,1.6423869132995605,0.00010288724297424778,0.0,0.22135606408119202
223,guidance_0_capability_0_safety_0,1,0.09575195282741333,174,0.584375,0.125,0.375,0,619,0,0,-0.0010557572823017836,16.484346389770508,1.6556587219238281,-0.0003862584417220205,0.0,0.20946471393108368
224,guidance_0_capability_0_safety_0,1,0.07422851427691057,174,0.728125,0.125,0.5,0,875,0,0,-0.001687999814748764,2.967639446258545,1.6593923568725586,0.0009364619618281722,0.0,0.20723724365234375
225,guidance_0_capability_0_safety_0,1,0.10413085807886091,175,0.18625,0.0,0.125,0,131,0,0,-0.0008088536560535431,2.6485719680786133,1.6413583755493164,0.001359164947643876,0.0,0.2133367955684662
226,guidance_0_capability_0_safety_0,1,0.24742187281663064,175,0.558125,0.0,0.625,0,387,0,0,0.0004833228886127472,7.860201835632324,1.6366174221038818,0.0008676801808178425,0.0,0.21288518607616425
227,guidance_0_capability_0_safety_0,1,0.023369141446892172,177,0.143125,0.0,0.125,0,101,0,0,-0.0002658367156982422,23.068042755126953,1.6336956024169922,-0.00011961488053202629,0.0,0.2125055491924286
228,guidance_0_capability_0_safety_0,1,0.08379882701046881,179,0.175625,0.0,0.0,0,184,0,0,-0.0002590840158518404,23.398433685302734,1.623954176902771,0.00026658442220650613,0.0,0.21922235190868378
229,guidance_0_capability_0_safety_0,1,0.13305663874052698,179,0.400625,0.0,0.25,0,440,0,0,-0.0010039580520242453,6.159389495849609,1.6423143148422241,0.00021561546600423753,0.0,0.21030470728874207
230,guidance_0_capability_0_safety_0,1,0.03037109296201379,179,0.484375,0.0,0.375,0,696,0,0,-0.0004236350650899112,1.5617841482162476,1.635006308555603,0.000707015860825777,0.0,0.20819449424743652
231,guidance_0_capability_0_safety_0,1,0.17157226628114586,179,0.63,0.125,0.5,0,952,0,0,-3.838290922431042e-06,25.58454132080078,1.660292625427246,0.0005043574492447078,0.0,0.20432040095329285
232,guidance_0_capability_0_safety_0,1,0.02855468673806172,182,0.04,0.0,0.0,0,22,0,0,-0.0008706692606210709,27.87282943725586,1.6186517477035522,5.577194315264933e-05,0.0,0.22231611609458923
233,guidance_0_capability_0_safety_0,1,0.15966796733482624,183,0.020625,0.0,0.0,0,18,0,0,-0.0006251279264688492,18.025959014892578,1.6102304458618164,-0.0003621891955845058,0.0,0.22220942378044128
234,guidance_0_capability_0_safety_0,1,0.1060449201722804,183,0.240625,0.0,0.25,0,274,0,0,-0.0025109131820499897,4.160915851593018,1.6001813411712646,-0.000487718905787915,0.0,0.22521547973155975
235,guidance_0_capability_0_safety_0,1,0.16570312889962224,183,0.37,0.125,0.375,0,530,0,0,-0.0004016651655547321,21.463451385498047,1.6197866201400757,0.0015205161180347204,0.0,0.21311235427856445
236,guidance_0_capability_0_safety_0,1,0.1866406205626845,183,0.509375,0.25,0.625,0,786,0,0,0.0006000747671350837,15.382550239562988,1.6128435134887695,-9.203748777508736e-05,0.0,0.2213965356349945
237,guidance_0_capability_0_safety_0,1,0.07567382769775577,184,0.075625,0.0,0.0,0,42,0,0,-0.001309758983552456,2.858660936355591,1.6172568798065186,0.0007858171011321247,0.0,0.21296951174736023
238,guidance_0_capability_0_safety_0,1,0.10591796665175934,188,0.28125,0.0,0.375,0,215,0,0,-0.0016093006124719977,31.045867919921875,1.5494122505187988,7.383059710264206e-05,0.0,0.2453666627407074
239,guidance_0_capability_0_safety_0,1,0.2085937492956873,188,0.623125,0.0,0.75,0,471,0,0,-0.00054183229804039,10.125377655029297,1.5785799026489258,0.0009293342009186745,0.0,0.23033539950847626
240,guidance_0_capability_0_safety_0,1,0.19104491745383712,189,0.2325,0.125,0.0,0,174,0,0,-0.00025744986487552524,26.59723472595215,1.5635814666748047,-0.0006039658328518271,0.0,0.2375091016292572
241,guidance_0_capability_0_safety_0,1,0.3429687480784196,189,0.580625,0.25,0.625,0,430,0,0,-0.00041309636435471475,38.264556884765625,1.5652732849121094,-4.54514920420479e-05,0.0,0.23979799449443817
242,guidance_0_capability_0_safety_0,1,0.0771289057447575,189,0.60375,0.375,0.625,0,686,0,0,-0.002153189852833748,16.818920135498047,1.55745267868042,0.0015525229973718524,0.0,0.23973342776298523
243,guidance_0_capability_0_safety_0,1,0.11964844796602847,189,0.6925,0.5,0.625,0,942,0,0,-0.0009634848684072495,25.304588317871094,1.5826787948608398,-0.0010503230150789022,0.0,0.24059998989105225
244,guidance_0_capability_0_safety_0,1,0.2603417887839896,190,0.31,0.125,0.25,0,198,0,0,-0.0015675686299800873,25.965110778808594,1.5318090915679932,-0.0004220277478452772,0.0,0.2541382312774658
245,guidance_0_capability_0_safety_0,1,0.28459960542750196,190,0.48125,0.375,0.375,0,454,0,0,-0.0010013363789767027,43.88328552246094,1.543662428855896,-6.996079901000485e-05,0.0,0.24868860840797424
246,guidance_0_capability_0_safety_0,1,0.20984375019179424,191,0.24875,0.0,0.25,0,160,0,0,-0.00045912404311820865,17.247100830078125,1.512098789215088,0.00021351221948862076,0.0,0.2536052465438843
247,guidance_0_capability_0_safety_0,1,0.208144531265134,191,0.584375,0.0,0.625,0,416,0,0,-0.00045530451461672783,11.085813522338867,1.522438406944275,0.0002072571514872834,0.0,0.2524842917919159
248,guidance_0_capability_0_safety_0,1,0.2644042935644393,191,0.74625,0.25,0.625,0,672,0,0,-0.0007363706827163696,36.847900390625,1.5344947576522827,0.00024659233167767525,0.0,0.24720245599746704
249,guidance_0_capability_0_safety_0,1,0.12286132843291853,191,0.826875,0.375,0.75,0,928,0,0,-0.0001994650810956955,18.179170608520508,1.5698508024215698,3.7657875509466976e-05,0.0,0.2369488924741745
250,guidance_0_capability_0_safety_0,1,0.06624023446784122,194,0.07125,0.0,0.125,0,65,0,0,3.74428927898407e-05,22.023256301879883,1.5245931148529053,0.00023000221699476242,0.0,0.25116658210754395
251,guidance_0_capability_0_safety_0,1,0.16558593590161763,194,0.333125,0.0,0.375,0,321,0,0,-0.0008490309119224548,5.3935017585754395,1.5192201137542725,-0.0001412282435921952,0.0,0.25902119278907776
252,guidance_0_capability_0_safety_0,1,0.1908593749612919,194,0.680625,0.0,0.5,0,577,0,0,0.00035881903022527695,3.05098557472229,1.522876501083374,-0.0005850612069480121,0.0,0.2541033625602722
253,guidance_0_capability_0_safety_0,1,0.01051757724781055,194,0.761875,0.0,0.5,0,833,0,0,-0.0006941411411389709,4.861836910247803,1.5397813320159912,-0.00015408717445097864,0.0,0.25414612889289856
254,guidance_0_capability_0_safety_0,1,-0.029804689314914867,195,0.161875,0.0,0.0,0,89,0,0,0.00022692202765028924,9.510226249694824,1.5054844617843628,0.000294036086415872,0.0,0.26005813479423523
255,guidance_0_capability_0_safety_0,1,0.1181640620197868,195,0.396875,0.0,0.125,0,345,0,0,-0.0016030499245971441,4.613770008087158,1.492797613143921,0.00010186604777118191,0.0,0.2711220383644104
256,guidance_0_capability_0_safety_0,1,0.15404297831992153,195,0.545625,0.125,0.125,0,601,0,0,-0.002956980373710394,18.08156394958496,1.540783405303955,-8.304556831717491e-05,0.0,0.250352144241333
257,guidance_0_capability_0_safety_0,1,0.0565136705081386,195,0.669375,0.125,0.25,0,857,0,0,-0.00328128132969141,3.007709264755249,1.559701681137085,0.0015245263930410147,0.0,0.24258320033550262
258,guidance_0_capability_0_safety_0,1,-0.056093752009473974,199,0.0275,0.0,0.125,0,14,0,0,0.00016506823885720223,50.73998260498047,1.5540050268173218,0.000849385978654027,0.0,0.24289321899414062
259,guidance_0_capability_0_safety_0,1,0.07974609298980795,200,0.276875,0.0,0.0,0,232,0,0,-0.0014753261348232627,16.145435333251953,1.4954569339752197,0.0014856396010145545,0.0,0.26245278120040894
260,guidance_0_capability_0_safety_0,1,0.25353514356538653,200,0.436875,0.25,0.0,0,488,0,0,-0.00043907141662202775,56.7520751953125,1.5325579643249512,-0.0008797027985565364,0.0,0.2516220808029175
261,guidance_0_capability_0_safety_0,1,0.2699414099843125,200,0.65875,0.375,0.75,0,744,0,0,-0.00010712941730162129,31.104965209960938,1.5888535976409912,-0.0002483171410858631,0.0,0.2321416586637497
262,guidance_0_capability_0_safety_0,1,0.19120116851991042,202,0.230625,0.125,0.25,0,100,0,0,7.910467684268951e-05,46.31962966918945,1.5664641857147217,0.00018415143131278455,0.0,0.23219989240169525
263,guidance_0_capability_0_safety_0,1,0.3029199192969827,202,0.5725,0.25,0.5,0,356,0,0,-0.0003629866987466812,23.866018295288086,1.5363502502441406,0.0002731843269430101,0.0,0.24581114947795868
264,guidance_0_capability_0_safety_0,1,0.05796874949737685,202,0.725,0.25,0.5,0,612,0,0,-0.0006188300321809947,2.300950050354004,1.5719517469406128,0.000341951847076416,0.0,0.23897778987884521
265,guidance_0_capability_0_safety_0,1,0.15999023185577244,204,0.131875,0.0,0.0,0,67,0,0,-0.0012958087027072906,15.891901016235352,1.5367553234100342,-0.0007456316379830241,0.0,0.2477508783340454
266,guidance_0_capability_0_safety_0,1,0.1991992174880579,204,0.46125,0.0,0.25,0,323,0,0,-0.0005587463965639472,5.037113189697266,1.535370111465454,-0.0002770741411950439,0.0,0.2545822858810425
267,guidance_0_capability_0_safety_0,1,0.09926757677021669,204,0.64625,0.0,0.375,0,579,0,0,-0.0002489108592271805,2.2199249267578125,1.5720934867858887,0.0004951028386130929,0.0,0.236429363489151
268,guidance_0_capability_0_safety_0,1,0.2481933604904043,204,0.749375,0.25,0.5,0,835,0,0,-0.0007100540096871555,32.902198791503906,1.568129301071167,-0.00014844878751318902,0.0,0.2470117062330246
269,guidance_0_capability_0_safety_0,1,0.11503906263533281,205,0.198125,0.0,0.25,0,91,0,0,-0.0011170519283041358,5.9930009841918945,1.5686089992523193,0.0005249277455732226,0.0,0.24340340495109558
270,guidance_0_capability_0_safety_0,1,0.27565429532842245,205,0.510625,0.125,0.5,0,347,0,0,-0.00012167170643806458,23.206605911254883,1.5202312469482422,-0.0002352513838559389,0.0,0.25872790813446045
271,guidance_0_capability_0_safety_0,1,0.009511718788417056,206,0.0125,0.0,0.0,0,6,0,0,-0.00018799802637659013,10.393426895141602,1.5645354986190796,0.0002912483178079128,0.0,0.24709920585155487
272,guidance_0_capability_0_safety_0,1,0.14744140698530828,208,0.30375,0.0,0.25,0,250,0,0,-0.003283253638073802,11.397222518920898,1.5016224384307861,0.0002618290891405195,0.0,0.26143693923950195
273,guidance_0_capability_0_safety_0,1,0.13067382723966148,208,0.535,0.0,0.5,0,506,0,0,0.0010270942002534866,5.468798637390137,1.491837501525879,0.00018659140914678574,0.0,0.26993483304977417
274,guidance_0_capability_0_safety_0,1,0.1429003884732083,209,0.248125,0.0,0.25,0,130,0,0,-0.0004133271868340671,9.995450973510742,1.5097116231918335,-0.0011217831633985043,0.0,0.2689525783061981
275,guidance_0_capability_0_safety_0,1,0.3662890709019848,209,0.54375,0.25,0.5,0,386,0,0,0.0003182565269526094,50.314361572265625,1.433303713798523,-0.00012954208068549633,0.0,0.29102855920791626
276,guidance_0_capability_0_safety_0,1,0.11263671664346475,209,0.763125,0.25,0.625,0,642,0,0,-0.0019134212052449584,4.046982288360596,1.5365794897079468,0.0006556074949912727,0.0,0.26347577571868896
277,guidance_0_capability_0_safety_0,1,0.060781250282161636,209,0.915625,0.25,0.625,0,898,0,0,0.00017287458467762917,1.5723824501037598,1.5467900037765503,3.2891832233872265e-05,0.0,0.25394439697265625
278,guidance_0_capability_0_safety_0,1,0.2236621102420031,210,0.368125,0.0,0.625,0,224,0,0,7.086899131536484e-05,11.71405029296875,1.453468680381775,-0.0001677431573625654,0.0,0.29136645793914795
279,guidance_0_capability_0_safety_0,1,0.04563476498151431,210,0.4725,0.0,0.75,0,480,0,0,-0.00021330174058675766,3.906599998474121,1.4861176013946533,-0.00019102831720374525,0.0,0.2740944027900696
280,guidance_0_capability_0_safety_0,1,-0.03788085967244115,213,0.095,0.0,0.0,0,42,0,0,-0.0006622389773838222,22.358840942382812,1.5053033828735352,-6.37845805613324e-05,0.0,0.2686387598514557
281,guidance_0_capability_0_safety_0,1,0.18140624741499778,213,0.294375,0.125,0.0,0,298,0,0,-0.00035089440643787384,25.410526275634766,1.4585328102111816,2.6103265554411337e-05,0.0,0.28652775287628174
282,guidance_0_capability_0_safety_0,1,0.15231445277458988,213,0.558125,0.125,0.25,0,554,0,0,-0.001233079470694065,5.5846710205078125,1.5436276197433472,-0.000585404341109097,0.0,0.24605998396873474
283,guidance_0_capability_0_safety_0,1,0.02945312460360583,213,0.659375,0.125,0.25,0,810,0,0,-0.00044185545993968844,1.8253884315490723,1.58457350730896,0.0008109710179269314,0.0,0.24759702384471893
284,guidance_0_capability_0_safety_0,1,0.1711523449739616,215,0.126875,0.0,0.0,0,55,0,0,0.00017091911286115646,34.372520446777344,1.5139176845550537,-0.00013203841808717698,0.0,0.26339656114578247
285,guidance_0_capability_0_safety_0,1,0.18455078150873305,215,0.465625,0.0,0.0,0,311,0,0,-0.0015062749153003097,2.245105743408203,1.5175931453704834,0.00020199704158585519,0.0,0.26349613070487976
286,guidance_0_capability_0_safety_0,1,0.20260742154277978,215,0.765625,0.0,0.5,0,567,0,0,-0.0007230615010485053,5.959081649780273,1.5717830657958984,-0.0004038082843180746,0.0,0.24282006919384003
287,guidance_0_capability_0_safety_0,1,-0.018261719942529453,215,0.845625,0.0,0.625,0,823,0,0,-0.0016948425909504294,3.7538323402404785,1.6244457960128784,-0.0005062525160610676,0.0,0.22407174110412598
288,guidance_0_capability_0_safety_0,1,0.09507812316951458,216,0.15875,0.0,0.25,0,79,0,0,-3.755403304239735e-05,3.741584062576294,1.5766633749008179,0.0006451235967688262,0.0,0.24240927398204803
289,guidance_0_capability_0_safety_0,1,0.1266308596714225,216,0.398125,0.0,0.375,0,335,0,0,-0.000129314765217714,2.905733823776245,1.5438737869262695,0.0002274246362503618,0.0,0.2466086596250534
290,guidance_0_capability_0_safety_0,1,0.2846289120243455,217,0.22875,0.25,0.25,0,177,0,0,-1.4871358871459961e-05,77.86524963378906,1.510197401046753,-0.00014046704745851457,0.0,0.25882360339164734
291,guidance_0_capability_0_safety_0,1,0.24309569997421931,217,0.534375,0.375,0.5,0,433,0,0,-0.00045620123273693025,30.74376106262207,1.5542529821395874,7.435881707351655e-05,0.0,0.24575531482696533
292,guidance_0_capability_0_safety_0,1,0.062226560756244,217,0.73625,0.375,0.75,0,689,0,0,-0.0014855768531560898,4.910131454467773,1.5808277130126953,-0.00011531667405506596,0.0,0.2457347959280014
293,guidance_0_capability_0_safety_0,1,0.01505859387543751,217,0.803125,0.375,0.875,0,945,0,0,-0.0010964691173285246,0.6727551817893982,1.6043281555175781,0.0006467717466875911,0.0,0.23287932574748993
294,guidance_0_capability_0_safety_0,1,0.1523828120007238,221,0.028125,0.0,0.0,0,16,0,0,-3.882373493979685e-05,38.39091491699219,1.5151194334030151,0.0007403283379971981,0.0,0.2636527717113495
295,guidance_0_capability_0_safety_0,1,0.17720702915175934,222,0.320625,0.0,0.375,0,225,0,0,-0.002286383882164955,24.70148468017578,1.5012983083724976,0.000600423663854599,0.0,0.27094200253486633
296,guidance_0_capability_0_safety_0,1,-0.00022460937179857865,222,0.360625,0.0,0.375,0,481,0,0,-0.00031894445419311523,4.302679538726807,1.5652873516082764,0.0014190447982400656,0.0,0.2379225492477417
297,guidance_0_capability_0_safety_0,1,0.16240234404540388,222,0.62875,0.0,0.625,0,737,0,0,-0.00078528345329687,9.855674743652344,1.5969833135604858,0.0011710890103131533,0.0,0.22975103557109833
298,guidance_0_capability_0_safety_0,1,0.04161132606532192,222,0.70125,0.0,0.875,0,993,0,0,-0.0009608126129023731,3.6037380695343018,1.6188443899154663,7.53609201638028e-05,0.0,0.22684964537620544
299,guidance_0_capability_0_safety_0,1,0.1803515613755735,224,0.306875,0.0,0.375,0,236,0,0,-0.001526668667793274,16.96588134765625,1.5074361562728882,3.604808443924412e-05,0.0,0.26945585012435913
300,guidance_0_capability_0_safety_0,1,0.13128906028578058,224,0.54875,0.0,0.5,0,492,0,0,-0.004180147312581539,3.0424747467041016,1.6014690399169922,0.002065923996269703,0.0,0.22976917028427124
301,guidance_0_capability_0_safety_0,1,-0.011279297086730367,224,0.57,0.0,0.5,0,748,0,0,-0.000696315139066428,2.2730886936187744,1.6233139038085938,0.0018430175259709358,0.0,0.2282153069972992
302,guidance_0_capability_0_safety_0,1,0.013525390168069862,225,0.013125,0.0,0.0,0,4,0,0,-0.005457868799567223,1.2299046516418457,1.5909593105316162,0.001537537551485002,0.0,0.2439083456993103
303,guidance_0_capability_0_safety_0,1,0.3228027356999519,226,0.40875,0.125,0.125,0,237,0,0,-0.0015235270839184523,40.0783576965332,1.4685044288635254,0.0010368225630372763,0.0,0.2891150414943695
304,guidance_0_capability_0_safety_0,1,-0.022871094231959432,226,0.43875,0.125,0.125,0,493,0,0,0.001856999471783638,5.471796989440918,1.4875075817108154,-0.0009679212234914303,0.0,0.2876657247543335
305,guidance_0_capability_0_safety_0,1,0.11164063507749233,226,0.5275,0.25,0.125,0,749,0,0,-0.0003004071186296642,16.813358306884766,1.5533106327056885,0.00066723907366395,0.0,0.2593764066696167
306,guidance_0_capability_0_safety_0,1,0.21279296369175427,227,0.154375,0.125,0.0,0,134,0,0,-0.0009400332346558571,21.191303253173828,1.5374407768249512,9.2932881671004e-05,0.0,0.26715490221977234
307,guidance_0_capability_0_safety_0,1,0.17403320141602308,227,0.45125,0.125,0.25,0,390,0,0,-0.0012661035871133208,4.364948272705078,1.4908418655395508,-0.0002773028681986034,0.0,0.29238027334213257
308,guidance_0_capability_0_safety_0,1,0.11344726491370238,229,0.249375,0.0,0.25,0,173,0,0,-0.0005912116612307727,24.812841415405273,1.4856278896331787,0.000666289241053164,0.0,0.28622186183929443
309,guidance_0_capability_0_safety_0,1,0.09048828087179572,230,0.080625,0.0,0.125,0,50,0,0,-0.00048052179045043886,21.620243072509766,1.5293328762054443,-5.767618858953938e-05,0.0,0.27962881326675415
310,guidance_0_capability_0_safety_0,1,0.15286132714754785,230,0.32875,0.0,0.5,0,306,0,0,-0.0009282573009841144,6.6374616622924805,1.4753589630126953,0.00022559519857168198,0.0,0.303001344203949
311,guidance_0_capability_0_safety_0,1,0.11066406236568582,232,0.206875,0.0,0.0,0,143,0,0,-0.0003694910556077957,22.843835830688477,1.4851654767990112,-0.00031412532553076744,0.0,0.2892966866493225
312,guidance_0_capability_0_safety_0,1,0.12764648296069936,232,0.39625,0.0,0.375,0,399,0,0,-0.0018913259264081717,5.01923942565918,1.5546835660934448,-0.0012083027977496386,0.0,0.2622682452201843
313,guidance_0_capability_0_safety_0,1,0.025957031197322067,232,0.494375,0.0,0.375,0,655,0,0,0.001858829869888723,2.1381845474243164,1.5508592128753662,-0.0009333138586953282,0.0,0.27066370844841003
314,guidance_0_capability_0_safety_0,1,0.043613281417492544,236,0.15125,0.0,0.0,0,70,0,0,-0.00013434793800115585,41.67498779296875,1.474653959274292,-8.700508624315262e-05,0.0,0.298950731754303
315,guidance_0_capability_0_safety_0,1,0.10651367151149316,236,0.3825,0.0,0.125,0,326,0,0,-0.0006679762154817581,2.3156163692474365,1.4351820945739746,-0.00042800730443559587,0.0,0.3158071041107178
316,guidance_0_capability_0_safety_0,1,0.011503905159770511,237,0.0775,0.0,0.125,0,34,0,0,0.000511830672621727,2.3587827682495117,1.5104894638061523,4.839912799070589e-05,0.0,0.2942040264606476
317,guidance_0_capability_0_safety_0,1,0.38288085903332103,237,0.41375,0.25,0.375,0,290,0,0,-5.798352503916249e-05,57.84416198730469,1.4244413375854492,-0.00021890862262807786,0.0,0.31431907415390015
318,guidance_0_capability_0_safety_0,1,0.11385741872436483,238,0.039375,0.0,0.0,0,36,0,0,-0.0007628811290487647,4.7894816398620605,1.5312142372131348,-6.801767449360341e-05,0.0,0.27729564905166626
319,guidance_0_capability_0_safety_0,1,0.17249999530031346,240,0.315625,0.0,0.125,0,210,0,0,-0.0001847477105911821,24.886018753051758,1.411249041557312,0.00011665622878354043,0.0,0.31948843598365784
320,guidance_0_capability_0_safety_0,1,0.13387695213896222,240,0.533125,0.0,0.5,0,466,0,0,-0.0004344776680227369,4.490302085876465,1.4805490970611572,2.739718183875084e-05,0.0,0.3111013174057007
321,guidance_0_capability_0_safety_0,1,0.08944336784406914,241,0.03625,0.0,0.0,0,14,0,0,-0.0008638991857878864,18.87445831298828,1.5591166019439697,0.00035774390562437475,0.0,0.2648789584636688
322,guidance_0_capability_0_safety_0,1,0.11619140399125172,243,0.270625,0.0,0.25,0,148,0,0,-0.0008316791499964893,31.412410736083984,1.4000155925750732,0.0004214567015878856,0.0,0.34081339836120605
323,guidance_0_capability_0_safety_0,1,0.1522363252879586,243,0.51125,0.0,0.625,0,404,0,0,-0.0005618399009108543,5.220306396484375,1.540845274925232,0.0006625127862207592,0.0,0.27142220735549927
324,guidance_0_capability_0_safety_0,1,0.045205076967249624,244,0.069375,0.0,0.125,0,30,0,0,-0.000925669795833528,4.829889297485352,1.5787099599838257,0.0008129238849505782,0.0,0.2603095769882202
325,guidance_0_capability_0_safety_0,1,0.11654296746928594,244,0.30625,0.0,0.125,0,286,0,0,-0.0006941402098163962,1.9667162895202637,1.5015122890472412,0.000373580027371645,0.0,0.2997332811355591
326,guidance_0_capability_0_safety_0,1,-0.006220703053259058,244,0.334375,0.0,0.125,0,542,0,0,-0.0006995406001806259,0.7132570743560791,1.5478754043579102,-4.485793033381924e-05,0.0,0.2627389132976532
327,guidance_0_capability_0_safety_0,1,0.10660156075027771,244,0.540625,0.0,0.25,0,798,0,0,0.00010343983012717217,8.25019645690918,1.571070909500122,-0.00037564695230685174,0.0,0.2629091441631317
328,guidance_0_capability_0_safety_0,1,0.1646484350603714,245,0.13,0.0,0.0,0,54,0,0,-0.0005236569559201598,9.11574935913086,1.5794398784637451,3.6510173231363297e-05,0.0,0.2533140182495117
329,guidance_0_capability_0_safety_0,1,0.3711327998971683,248,0.29,0.125,0.25,0,131,0,0,-0.0006471282686106861,69.44501495361328,1.3903777599334717,-3.9820872189011425e-05,0.0,0.3334585130214691
330,guidance_0_capability_0_safety_0,1,0.2716406178078614,250,0.163125,0.0,0.0,0,78,0,0,-0.0003385879099369049,45.223655700683594,1.4822168350219727,0.00019193845218978822,0.0,0.2862468957901001
331,guidance_0_capability_0_safety_0,1,0.2716503985830059,250,0.445625,0.125,0.375,0,334,0,0,-0.00033271004213020205,21.492084503173828,1.502309799194336,-6.9771585913258605e-06,0.0,0.2779046893119812
332,guidance_0_capability_0_safety_0,1,0.0690820305935631,255,0.066875,0.0,0.0,0,28,0,0,-0.00011478675151010975,58.63389587402344,1.4253095388412476,-7.655331864953041e-05,0.0,0.3233657777309418
333,guidance_0_capability_0_safety_0,1,0.24694335766980657,255,0.455625,0.0,0.5,0,284,0,0,-0.0005909602041356266,4.892063140869141,1.4578008651733398,0.00016446001245640218,0.0,0.3005997836589813
334,guidance_0_capability_0_safety_0,1,0.01102538987470325,255,0.520625,0.0,0.625,0,540,0,0,-0.0004017638857476413,3.0386295318603516,1.4648778438568115,-0.0002790425787679851,0.0,0.3067486882209778
335,guidance_0_capability_0_safety_0,1,-0.0024316410017490853,255,0.566875,0.0,0.625,0,796,0,0,-0.0001630159094929695,0.9963177442550659,1.5262267589569092,-4.108576104044914e-05,0.0,0.2763909101486206
336,guidance_0_capability_0_safety_0,1,0.14604492084254161,257,0.1075,0.0,0.0,0,46,0,0,-6.964679050724953e-05,13.069269180297852,1.5818259716033936,-0.00018508112407289445,0.0,0.2469010353088379
337,guidance_0_capability_0_safety_0,1,0.23998046962879016,257,0.51125,0.0,0.25,0,302,0,0,-0.0002340007049497217,4.138654708862305,1.4775102138519287,0.0001229685003636405,0.0,0.2952443063259125
338,guidance_0_capability_0_safety_0,1,0.24075195085606538,257,0.71,0.125,0.875,0,558,0,0,-0.00021100975573062897,23.446044921875,1.5397218465805054,-4.2761988879647106e-05,0.0,0.2717578113079071
339,guidance_0_capability_0_safety_0,1,0.10813476296243607,257,0.7675,0.25,0.875,0,814,0,0,-0.00051029899623245,17.966096878051758,1.606856346130371,-2.671964466571808e-06,0.0,0.2409299612045288
340,guidance_0_capability_0_safety_0,1,-0.004755859245051397,259,0.065,0.0,0.0,0,41,0,0,-0.0004545195843093097,21.626056671142578,1.57368803024292,0.00019659506506286561,0.0,0.24936458468437195
341,guidance_0_capability_0_safety_0,1,0.11480468766239937,260,0.23875,0.0,0.125,0,128,0,0,-0.0001434109581168741,30.36661720275879,1.4529597759246826,-0.0002665465581230819,0.0,0.30719420313835144
342,guidance_0_capability_0_safety_0,1,0.23458984240642167,260,0.5775,0.0,0.75,0,384,0,0,-0.0009469635551795363,10.2606840133667,1.5322585105895996,0.0008260158356279135,0.0,0.2597214877605438
343,guidance_0_capability_0_safety_0,1,0.04682617185608251,260,0.673125,0.0,0.875,0,640,0,0,-0.0016247829189524055,2.23279070854187,1.557246446609497,-0.000392120738979429,0.0,0.25928211212158203
344,guidance_0_capability_0_safety_0,1,0.031835936821153155,261,0.04125,0.0,0.0,0,19,0,0,-7.488485425710678e-05,3.520749568939209,1.5711209774017334,-0.0013856282457709312,0.0,0.26137515902519226
345,guidance_0_capability_0_safety_0,1,0.20503906244266545,261,0.43,0.0,0.0,0,275,0,0,-0.0014689452946186066,5.2218828201293945,1.4335769414901733,-0.00017110476619563997,0.0,0.3182118833065033
346,guidance_0_capability_0_safety_0,1,0.13603515366412466,261,0.625,0.0,0.5,0,531,0,0,-0.000557269318960607,4.471038818359375,1.5235118865966797,0.00020382367074489594,0.0,0.2790287733078003
347,guidance_0_capability_0_safety_0,1,0.12133788893697783,261,0.8225,0.0,0.875,0,787,0,0,-7.560042286058888e-05,3.0323681831359863,1.6016329526901245,-0.0007631212356500328,0.0,0.24023638665676117
348,guidance_0_capability_0_safety_0,1,0.10973632629247732,262,0.2025,0.0,0.25,0,140,0,0,-0.0005575235700234771,5.031428337097168,1.487473487854004,0.00041941151721403003,0.0,0.2952343821525574
349,guidance_0_capability_0_safety_0,1,0.16257812499679858,262,0.49,0.0,0.625,0,396,0,0,-0.0025740889832377434,7.766158103942871,1.480007529258728,0.000385933555662632,0.0,0.2994926869869232
350,guidance_0_capability_0_safety_0,1,0.02634765553739271,262,0.583125,0.0,0.625,0,652,0,0,0.0007016584277153015,2.0678915977478027,1.5201780796051025,-0.00033569452352821827,0.0,0.27553269267082214
351,guidance_0_capability_0_safety_0,1,0.07108398297714302,262,0.73,0.0,0.875,0,908,0,0,-0.001926794066093862,2.9993841648101807,1.6022924184799194,0.0003499955346342176,0.0,0.24214689433574677
352,guidance_0_capability_0_safety_0,1,0.04545897789284936,266,0.005625,0.0,0.0,0,0,0,0,0.0001803077757358551,43.58030319213867,1.4618308544158936,-9.978826710721478e-05,0.0,0.29796144366264343
353,guidance_0_capability_0_safety_0,1,0.20679687002848368,268,0.256875,0.0,0.375,0,187,0,0,-1.7374753952026367e-05,27.980445861816406,1.307126522064209,-0.00018739949155133218,0.0,0.3633362054824829
354,guidance_0_capability_0_safety_0,1,0.132490233729186,268,0.3975,0.125,0.375,0,443,0,0,-0.001068414538167417,18.084293365478516,1.493025541305542,-0.0008026160066947341,0.0,0.27560925483703613
355,guidance_0_capability_0_safety_0,1,0.09918945025128778,271,0.331875,0.0,0.25,0,171,0,0,-0.0007672286592423916,36.475341796875,1.3816808462142944,-0.000834881211631,0.0,0.3321845531463623
356,guidance_0_capability_0_safety_0,1,0.2650976540608099,271,0.62125,0.125,0.5,0,427,0,0,-0.00021053417003713548,31.18451690673828,1.5377038717269897,0.0004734815447591245,0.0,0.26496219635009766
357,guidance_0_capability_0_safety_0,1,-5.820766091346741e-11,271,0.68125,0.125,0.5,0,683,0,0,-7.550418376922607e-05,1.7768014669418335,1.605850100517273,-0.00022669175814371556,0.0,0.23794996738433838
358,guidance_0_capability_0_safety_0,1,-0.02189453176833922,272,0.005625,0.0,0.0,0,0,0,0,-0.0006844531744718552,1.6012020111083984,1.6080536842346191,0.0002906927256844938,0.0,0.2390364408493042
359,guidance_0_capability_0_safety_0,1,0.19217773226773716,273,0.35875,0.0,0.25,0,239,0,0,-0.0028222445398569107,18.464887619018555,1.3998496532440186,0.0008631817763671279,0.0,0.3186033368110657
360,guidance_0_capability_0_safety_0,1,0.14836914055194939,273,0.609375,0.0,0.5,0,495,0,0,-0.00026395375607535243,3.446779489517212,1.5102393627166748,0.0007091047009453177,0.0,0.27299872040748596
361,guidance_0_capability_0_safety_0,1,-0.057861327193677425,277,0.0425,0.0,0.0,0,55,0,0,0.0011368580162525177,51.6406364440918,1.3493359088897705,0.0004613602941390127,0.0,0.3489331007003784
362,guidance_0_capability_0_safety_0,1,0.19399413935752818,277,0.393125,0.0,0.125,0,311,0,0,-0.0005185244372114539,3.488081932067871,1.4198944568634033,-0.0001277923583984375,0.0,0.3168254494667053
363,guidance_0_capability_0_safety_0,1,0.14393554674097686,277,0.65625,0.0,0.25,0,567,0,0,-0.0006032813107594848,3.474081516265869,1.495845079421997,-0.0001701923756627366,0.0,0.2932548224925995
364,guidance_0_capability_0_safety_0,1,0.07529296840220923,277,0.824375,0.0,0.375,0,823,0,0,-0.0007487625698558986,2.23587703704834,1.5545029640197754,0.00048645175411365926,0.0,0.26387619972229004
365,guidance_0_capability_0_safety_0,1,0.08322265526294359,279,0.17875,0.0,0.125,0,70,0,0,-0.0006388463079929352,13.678727149963379,1.4908536672592163,-0.0004081241204403341,0.0,0.28338098526000977
366,guidance_0_capability_0_safety_0,1,0.1573242179074441,279,0.544375,0.0,0.375,0,326,0,0,-0.004041594918817282,4.607553482055664,1.4220566749572754,0.003501980332657695,0.0,0.30919337272644043
367,guidance_0_capability_0_safety_0,1,0.04962890691240318,280,0.0325,0.0,0.0,0,17,0,0,0.0021294616162776947,5.9424591064453125,1.4461028575897217,0.004191174637526274,0.0,0.29085487127304077
368,guidance_0_capability_0_safety_0,1,0.1816503893242043,280,0.40875,0.0,0.125,0,273,0,0,-0.0025469446554780006,3.5399699211120605,1.270521640777588,0.0012157086748629808,0.0,0.3827541768550873
369,guidance_0_capability_0_safety_0,1,0.17407226426075795,280,0.67375,0.0,0.625,0,529,0,0,-0.001193024218082428,4.576916694641113,1.3886488676071167,0.0003296738432254642,0.0,0.33677011728286743
370,guidance_0_capability_0_safety_0,1,0.05953124938241672,280,0.815625,0.0,0.75,0,785,0,0,-0.000460602343082428,2.493243932723999,1.399936556816101,-0.0002026180736720562,0.0,0.33740538358688354
371,guidance_0_capability_0_safety_0,1,-0.04233398456199211,281,0.020625,0.0,0.0,0,41,0,0,0.0003187991678714752,2.6860268115997314,1.4519546031951904,0.00032859653583727777,0.0,0.3255651295185089
372,guidance_0_capability_0_safety_0,1,0.26701171749300556,281,0.448125,0.0,0.375,0,297,0,0,-0.00023663169122301042,8.384645462036133,1.2711966037750244,-6.270113954087719e-05,0.0,0.396260142326355
373,guidance_0_capability_0_safety_0,1,0.12254882698471192,281,0.655,0.0,0.75,0,553,0,0,-0.0009166517993435264,1.737907886505127,1.386831521987915,-0.0006914238329045475,0.0,0.35256338119506836
374,guidance_0_capability_0_safety_0,1,0.022080077149439603,281,0.73625,0.0,0.875,0,809,0,0,-0.0007420250913128257,1.8179956674575806,1.4229100942611694,0.0006423451704904437,0.0,0.31339746713638306
375,guidance_0_capability_0_safety_0,1,0.016582030035351636,283,0.06625,0.0,0.0,0,25,0,0,-0.00011666864156723022,20.77463150024414,1.3458049297332764,0.0006300350651144981,0.0,0.35666951537132263
376,guidance_0_capability_0_safety_0,1,0.1131640586318099,285,0.1,0.0,0.0,0,44,0,0,-9.071982640307397e-05,32.97211456298828,1.1484184265136719,-0.00011856388300657272,0.0,0.44846484065055847
377,guidance_0_capability_0_safety_0,1,0.11710937263706,288,0.095,0.0,0.25,0,38,0,0,-0.0002253974525956437,42.50862503051758,1.095890760421753,-0.00036856532096862793,0.0,0.4960505962371826
378,guidance_0_capability_0_safety_0,1,0.1253906255151378,288,0.421875,0.0,0.5,0,294,0,0,-0.0006887948838993907,3.3922929763793945,1.2249646186828613,0.00018341591930948198,0.0,0.42629730701446533
379,guidance_0_capability_0_safety_0,1,0.05657226414041361,294,0.18125,0.0,0.125,0,86,0,0,-0.00011419318616390228,70.90283966064453,1.089416265487671,0.00021913880482316017,0.0,0.4657529294490814
380,guidance_0_capability_0_safety_0,1,0.24920898095297161,295,0.23375,0.0,0.5,0,119,0,0,4.5627355575561523e-05,14.18928050994873,1.1639082431793213,-5.902714838157408e-05,0.0,0.4356135129928589
381,guidance_0_capability_0_safety_0,1,0.0984863258927362,298,0.02,0.0,0.0,0,37,0,0,1.4114504665485583e-05,46.404563903808594,1.1646881103515625,7.296120747923851e-05,0.0,0.44271689653396606
382,guidance_0_capability_0_safety_0,1,0.30793945219920715,298,0.461875,0.0,0.75,0,293,0,0,-0.00021690316498279572,15.659858703613281,1.2334160804748535,0.00016143344691954553,0.0,0.40997815132141113
383,guidance_0_capability_0_safety_0,1,0.09005859385069925,298,0.635625,0.0,1.0,0,549,0,0,-0.000211203470826149,4.688687324523926,1.3441827297210693,0.00011132013605674729,0.0,0.3758630156517029
384,guidance_0_capability_0_safety_0,1,-0.023701172482105903,298,0.67125,0.0,1.0,0,805,0,0,-0.0038072250317782164,0.1321674883365631,1.4255449771881104,0.0005214344128035009,0.0,0.33200350403785706
385,guidance_0_capability_0_safety_0,1,0.07541992030019173,299,0.1525,0.0,0.25,0,61,0,0,-0.0016426516231149435,3.465580940246582,1.4101532697677612,-9.92656423477456e-05,0.0,0.3416619300842285
386,guidance_0_capability_0_safety_0,1,0.12783202810169314,300,0.0875,0.0,0.125,0,35,0,0,-0.001782262697815895,11.947421073913574,1.2484276294708252,-0.0001334143744315952,0.0,0.40480178594589233
387,guidance_0_capability_0_safety_0,1,0.1356738269314519,301,0.035625,0.0,0.0,0,29,0,0,-0.0011591408401727676,5.8977532386779785,1.250900149345398,0.0007591682951897383,0.0,0.41014596819877625
388,guidance_0_capability_0_safety_0,1,0.12617186906572897,306,0.155625,0.0,0.125,0,61,0,0,-0.00018215614545624703,59.45830535888672,1.1119683980941772,0.0015530034434050322,0.0,0.47396907210350037
389,guidance_0_capability_0_safety_0,1,0.2058203133456118,307,0.0975,0.0,0.0,0,76,0,0,-0.00036036036908626556,9.302617073059082,1.2940356731414795,-0.0005848645232617855,0.0,0.3696065843105316
390,guidance_0_capability_0_safety_0,1,0.21117187390336767,308,0.114375,0.0,0.375,0,59,0,0,-0.0010895266896113753,11.048673629760742,1.2842001914978027,-0.0002319319173693657,0.0,0.3913075923919678
391,guidance_0_capability_0_safety_0,1,0.2010156222677324,309,0.006875,0.0,0.0,0,1,0,0,-0.001420192769728601,9.088786125183105,1.3706321716308594,-0.0003836394171230495,0.0,0.34185704588890076
392,guidance_0_capability_0_safety_0,1,0.19661132465625997,311,0.095,0.0,0.25,0,91,0,0,-0.000340419530402869,31.14752769470215,1.2151724100112915,0.0002645566128194332,0.0,0.4220486879348755
393,guidance_0_capability_0_safety_0,1,0.17386718277339241,313,0.050625,0.0,0.0,0,35,0,0,-0.0011395644396543503,38.481204986572266,1.3258954286575317,-0.00044574798084795475,0.0,0.3608371615409851
394,guidance_0_capability_0_safety_0,1,0.14035156051249942,313,0.3575,0.0,0.25,0,291,0,0,-4.042002183268778e-05,3.590794563293457,1.4178670644760132,-4.034326411783695e-05,0.0,0.3209734559059143
395,guidance_0_capability_0_safety_0,1,0.24671874914201908,314,0.339375,0.0,0.375,0,197,0,0,2.255011349916458e-05,9.728538513183594,1.3825563192367554,0.00015415577217936516,0.0,0.33857500553131104
396,guidance_0_capability_0_safety_0,1,-0.031044923038280103,319,0.12875,0.0,0.0,0,125,0,0,-0.0003014846588484943,47.86619567871094,1.361128568649292,0.00044293166138231754,0.0,0.34922361373901367
397,guidance_0_capability_0_safety_0,1,0.18720703049984877,319,0.445,0.0,0.375,0,381,0,0,-0.0002770337159745395,5.245844841003418,1.470459222793579,-0.00033588241785764694,0.0,0.29342329502105713
398,guidance_0_capability_0_safety_0,1,0.19587890225375304,321,0.348125,0.0,0.625,0,210,0,0,-0.0003570194239728153,24.05120849609375,1.3366200923919678,-0.00016206099826376885,0.0,0.3540670871734619
399,guidance_0_capability_0_safety_0,1,0.15700194958844804,323,0.353125,0.0,0.375,0,217,0,0,-0.00030935960239730775,25.991073608398438,1.341393232345581,0.00015114093548618257,0.0,0.3675680160522461
400,guidance_0_capability_0_safety_0,1,0.25917968527937774,324,0.245625,0.0,0.25,0,119,0,0,-0.0006643186206929386,10.605789184570312,1.4145150184631348,-0.0004761238524224609,0.0,0.318971186876297
401,guidance_0_capability_0_safety_0,1,-0.07493163954859483,331,0.0625,0.0,0.0,0,103,0,0,3.434779864619486e-05,81.88287353515625,1.3112386465072632,0.0009705679840408266,0.0,0.39067602157592773
402,guidance_0_capability_0_safety_0,1,0.12020507654597168,332,0.088125,0.0,0.0,0,66,0,0,-0.0007624039426445961,4.123291015625,1.4392422437667847,0.0008397408528253436,0.0,0.32223451137542725
403,guidance_0_capability_0_safety_0,1,0.05047851518611424,332,0.22375,0.0,0.0,0,322,0,0,-0.0003143546055071056,2.0922083854675293,1.4884614944458008,7.583154365420341e-05,0.0,0.2811853289604187
404,guidance_0_capability_0_safety_0,1,-0.03106445210869424,333,0.09125,0.0,0.0,0,141,0,0,0.0005195079138502479,5.918288230895996,1.455643653869629,-0.00010227900929749012,0.0,0.3022117018699646
405,guidance_0_capability_0_safety_0,1,0.2664746048831148,333,0.490625,0.0,0.625,0,397,0,0,0.00016180115926545113,14.505243301391602,1.5141773223876953,0.0001267806364921853,0.0,0.28281906247138977
406,guidance_0_capability_0_safety_0,1,0.11249999853316694,334,0.329375,0.0,0.0,0,218,0,0,-0.0006090318784117699,3.6428236961364746,1.4336389303207397,-0.0001739404833642766,0.0,0.30280348658561707
407,guidance_0_capability_0_safety_0,1,0.1754785159282619,335,0.066875,0.0,0.0,0,29,0,0,-0.00011551248462637886,9.278820991516113,1.5357335805892944,-5.888364830752835e-05,0.0,0.25633907318115234
408,guidance_0_capability_0_safety_0,1,0.23861327919439645,336,0.165625,0.0,0.0,0,89,0,0,-0.0002461438998579979,12.513788223266602,1.3758147954940796,-0.0003714351332746446,0.0,0.3401145935058594
409,guidance_0_capability_0_safety_0,1,0.12082031206591637,336,0.39125,0.0,0.125,0,345,0,0,-0.0006099619786255062,2.833681583404541,1.5084235668182373,-0.00033806575811468065,0.0,0.28601938486099243
410,guidance_0_capability_0_safety_0,1,0.03991210909225629,337,0.13,0.0,0.0,0,187,0,0,-0.0013858899474143982,3.2179994583129883,1.423593521118164,-0.00033462815918028355,0.0,0.3145958185195923
411,guidance_0_capability_0_safety_0,1,0.12415038944891421,338,0.278125,0.0,0.0,0,233,0,0,-0.001183581305667758,6.006365776062012,1.398292899131775,-0.0015778401866555214,0.0,0.34218335151672363
412,guidance_0_capability_0_safety_0,1,0.09967773441894678,341,0.013125,0.0,0.0,0,5,0,0,-0.0005968480254523456,24.288663864135742,1.3593597412109375,0.0012162213679403067,0.0,0.3305734395980835
413,guidance_0_capability_0_safety_0,1,0.147226560391573,342,0.31375,0.0,0.125,0,247,0,0,-0.0007848175009712577,12.742905616760254,1.3407256603240967,-0.00017641609883867204,0.0,0.36418086290359497
414,guidance_0_capability_0_safety_0,1,0.1804882789219846,343,0.419375,0.0,0.25,0,213,0,0,-0.0006993165006861091,6.324245929718018,1.3862097263336182,-0.0006522947805933654,0.0,0.33717235922813416
415,guidance_0_capability_0_safety_0,1,0.16479491831705673,344,0.274375,0.0,0.375,0,186,0,0,-0.0006538092857226729,3.9296441078186035,1.3660401105880737,-0.00011457743676146492,0.0,0.3386288583278656
416,guidance_0_capability_0_safety_0,1,0.15506835824271548,346,0.23375,0.0,0.125,0,114,0,0,-0.0010432408889755607,12.49864673614502,1.3507322072982788,-0.00030299703939817846,0.0,0.3448713421821594
417,guidance_0_capability_0_safety_0,1,0.17569335864391178,349,0.03625,0.0,0.0,0,23,0,0,-8.64320172695443e-05,27.707674026489258,1.3789043426513672,0.0002536549582146108,0.0,0.346090167760849
418,guidance_0_capability_0_safety_0,1,0.1891503877050127,350,0.360625,0.0,0.25,0,255,0,0,-0.0007226839661598206,7.390816688537598,1.3700306415557861,7.131447637220845e-05,0.0,0.33010560274124146
419,guidance_0_capability_0_safety_0,1,0.20038085869600764,352,0.306875,0.0,0.5,0,150,0,0,-0.0005785863613709807,22.998502731323242,1.3363717794418335,-0.0006177315954118967,0.0,0.33530569076538086
420,guidance_0_capability_0_safety_0,1,0.1488769548777782,353,0.084375,0.0,0.25,0,47,0,0,-0.0008848924189805984,5.224593162536621,1.4233283996582031,-0.00010842426854651421,0.0,0.3106144368648529
421,guidance_0_capability_0_safety_0,1,0.1979003905034915,353,0.451875,0.0,0.625,0,303,0,0,-0.0004531348531600088,9.24311351776123,1.3807286024093628,-0.0004368458758108318,0.0,0.32470807433128357
422,guidance_0_capability_0_safety_0,1,0.22999999818785,354,0.374375,0.0,0.625,0,239,0,0,-0.000616303994320333,6.935885429382324,1.3539279699325562,-5.62394689040957e-06,0.0,0.33285510540008545
423,guidance_0_capability_0_safety_0,1,0.02759765512746526,354,0.48,0.0,0.75,0,495,0,0,-0.0007600424578413367,3.104283094406128,1.4888075590133667,-0.0006724604754708707,0.0,0.28137242794036865
424,guidance_0_capability_0_safety_0,1,0.1467675766616594,355,0.260625,0.0,0.0,0,142,0,0,-0.0009389417245984077,4.532897472381592,1.386936902999878,0.00028488770476542413,0.0,0.324947714805603
425,guidance_0_capability_0_safety_0,1,0.13701171662614797,356,0.289375,0.0,0.125,0,207,0,0,-0.000876187055837363,18.563243865966797,1.3530863523483276,1.7159230992547236e-05,0.0,0.3328622579574585
426,guidance_0_capability_0_safety_0,1,0.08175781287718564,361,0.128125,0.0,0.0,0,51,0,0,-4.043057560920715e-05,64.62278747558594,1.3336267471313477,0.0001050538121489808,0.0,0.34312137961387634
427,guidance_0_capability_0_safety_0,1,0.36774414075989625,362,0.196875,0.125,0.375,0,121,0,0,4.9184389354195446e-05,36.987937927246094,1.3235993385314941,-3.848659616778605e-05,0.0,0.3492578864097595
428,guidance_0_capability_0_safety_0,1,0.16203124865933205,365,0.02375,0.0,0.0,0,28,0,0,-0.00010855185973923653,36.293392181396484,1.2963672876358032,0.00014349725097417831,0.0,0.3763173520565033
429,guidance_0_capability_0_safety_0,1,0.2582128895264759,365,0.47375,0.0,0.125,0,284,0,0,-0.00016887206584215164,6.862644672393799,1.3941566944122314,-0.00020643984316848218,0.0,0.3087254762649536
430,guidance_0_capability_0_safety_0,1,0.23297851390088908,366,0.375,0.0,0.375,0,186,0,0,-0.00019041821360588074,10.093012809753418,1.3809471130371094,0.00011697225272655487,0.0,0.3344517648220062
431,guidance_0_capability_0_safety_0,1,0.16406249850115273,367,0.1525,0.0,0.5,0,115,0,0,-0.0001616481167729944,9.280183792114258,1.394910216331482,-0.00010248731996398419,0.0,0.325681209564209
432,guidance_0_capability_0_safety_0,1,0.12992187251802534,369,0.146875,0.0,0.125,0,57,0,0,-0.00043273408664390445,11.45599365234375,1.3744090795516968,-0.00011052036279579625,0.0,0.33399486541748047
433,guidance_0_capability_0_safety_0,1,0.08641601400086074,370,0.005625,0.0,0.0,0,0,0,0,-0.000935165851842612,4.021575927734375,1.4344432353973389,0.00029871397418901324,0.0,0.3086548447608948
434,guidance_0_capability_0_safety_0,1,0.3076171855645953,371,0.22875,0.0,0.0,0,124,0,0,0.0001789350062608719,11.237998962402344,1.3175171613693237,-0.0001559864467708394,0.0,0.3540348410606384
435,guidance_0_capability_0_safety_0,1,0.11639648406708147,373,0.05875,0.0,0.0,0,77,0,0,-0.001438270090147853,9.41507339477539,1.4238981008529663,0.000385848805308342,0.0,0.3068907856941223
436,guidance_0_capability_0_safety_0,1,0.23549804474168923,376,0.025,0.0,0.125,0,15,0,0,0.0006994841387495399,39.01344299316406,1.3423051834106445,0.0017788438126444817,0.0,0.35361021757125854
437,guidance_0_capability_0_safety_0,1,0.09972656267200364,379,0.146875,0.0,0.125,0,137,0,0,-0.000423705845605582,47.171756744384766,1.3284722566604614,-0.0001972445024875924,0.0,0.33827003836631775
438,guidance_0_capability_0_safety_0,1,0.1823046851568506,379,0.4525,0.0,0.5,0,393,0,0,-7.823932537576184e-05,11.619945526123047,1.5149606466293335,-0.0001567743456689641,0.0,0.26199591159820557
439,guidance_0_capability_0_safety_0,1,0.05944335675667389,384,0.07625,0.0,0.0,0,48,0,0,-5.827968561789021e-05,52.47343826293945,1.3482656478881836,0.00035778171150013804,0.0,0.3477879464626312
440,guidance_0_capability_0_safety_0,1,0.19738280876117642,385,0.311875,0.0,0.125,0,224,0,0,-0.0010367166250944138,13.900028228759766,1.4037498235702515,-0.0002607237547636032,0.0,0.31731972098350525
441,guidance_0_capability_0_safety_0,1,0.12116210944077466,387,0.04125,0.0,0.0,0,17,0,0,-0.001081495895050466,22.409221649169922,1.5233176946640015,-0.00023021711967885494,0.0,0.2753445506095886
442,guidance_0_capability_0_safety_0,1,0.3697070346279361,387,0.3275,0.25,0.375,0,273,0,0,0.00011304331565042958,43.84319305419922,1.4524807929992676,-0.0005893596680834889,0.0,0.28647786378860474
443,guidance_0_capability_0_safety_0,1,0.12170898056501755,390,0.220625,0.0,0.125,0,86,0,0,-0.00024844551808200777,32.06609344482422,1.4072374105453491,0.0001282310113310814,0.0,0.3186381757259369
444,guidance_0_capability_0_safety_0,1,0.10861328002647497,390,0.490625,0.0,0.5,0,342,0,0,-0.0009065624326467514,4.774355888366699,1.5104949474334717,0.0009134243591688573,0.0,0.27490347623825073
445,guidance_0_capability_0_safety_0,1,0.1440429611102445,392,0.215625,0.125,0.375,0,125,0,0,-0.0001716421393211931,32.1400032043457,1.4927985668182373,0.0005757181788794696,0.0,0.2773493826389313
446,guidance_0_capability_0_safety_0,1,0.15564453077240614,393,0.319375,0.0,0.125,0,217,0,0,-0.0002721535856835544,10.785552978515625,1.4614962339401245,0.0015602040803059936,0.0,0.29478949308395386
447,guidance_0_capability_0_safety_0,1,0.07712890482071089,395,0.201875,0.0,0.0,0,111,0,0,-0.00015361855912487954,12.338700294494629,1.4663631916046143,0.00012280489318072796,0.0,0.286647230386734
448,guidance_0_capability_0_safety_0,1,-0.041269535504397936,401,0.1225,0.0,0.125,0,99,0,0,8.40798020362854e-06,72.58362579345703,1.3933439254760742,-3.830219429801218e-05,0.0,0.3082095980644226
449,guidance_0_capability_0_safety_0,1,0.1899121069618559,403,0.241875,0.0,0.25,0,173,0,0,-0.00020222242164891213,25.58587646484375,1.4071028232574463,-0.00014252192340791225,0.0,0.3117188811302185
450,guidance_0_capability_0_safety_0,1,-0.0006152348505565897,403,0.308125,0.0,0.25,0,429,0,0,-0.0011397891212254763,1.8657212257385254,1.5633357763290405,6.739112723153085e-05,0.0,0.24319636821746826
451,guidance_0_capability_0_safety_0,1,0.20298827806982445,405,0.32,0.0,0.25,0,150,0,0,0.00016216530639212579,22.461162567138672,1.4771007299423218,0.0014874943299219012,0.0,0.28356605768203735
452,guidance_0_capability_0_safety_0,1,0.22657226305818767,406,0.441875,0.0,0.375,0,249,0,0,-0.0004979645600542426,8.272560119628906,1.4842609167099,-2.084424158965703e-05,0.0,0.2737261652946472
453,guidance_0_capability_0_safety_0,1,0.19624999919324182,407,0.336875,0.0,0.25,0,227,0,0,-0.00021219812333583832,3.9031198024749756,1.4759905338287354,0.0002398565411567688,0.0,0.27580904960632324
454,guidance_0_capability_0_safety_0,1,0.19986327871811227,409,0.17875,0.0,0.0,0,81,0,0,-0.001162304892204702,11.455076217651367,1.4539350271224976,-9.719849185785279e-05,0.0,0.28991156816482544
455,guidance_0_capability_0_safety_0,1,0.2910644413022965,410,0.230625,0.0,0.125,0,93,0,0,8.07695760158822e-05,28.948528289794922,1.4754232168197632,-0.0003701724053826183,0.0,0.2778133153915405
456,guidance_0_capability_0_safety_0,1,0.07098632799170446,412,0.104375,0.0,0.25,0,46,0,0,0.0003428940544836223,16.69178009033203,1.4811594486236572,0.00010934386955341324,0.0,0.2758815884590149
457,guidance_0_capability_0_safety_0,1,0.09231444936449407,414,0.09875,0.0,0.0,0,93,0,0,-0.0002981952275149524,29.469202041625977,1.433863639831543,-1.715356484055519e-05,0.0,0.29284733533859253
458,guidance_0_capability_0_safety_0,1,0.2786914025527949,414,0.42875,0.125,0.125,0,349,0,0,-0.0004016903112642467,22.816997528076172,1.5334476232528687,0.00023162271827459335,0.0,0.2527235150337219
459,guidance_0_capability_0_safety_0,1,0.03957031053141691,416,0.016875,0.0,0.0,0,10,0,0,-0.0005184499314054847,10.678895950317383,1.5750712156295776,-0.0005519563565030694,0.0,0.2353641837835312
460,guidance_0_capability_0_safety_0,1,0.22584960787571617,417,0.41,0.0,0.25,0,240,0,0,-0.0001208428293466568,16.04107093811035,1.4733471870422363,5.050826439401135e-05,0.0,0.28908294439315796
461,guidance_0_capability_0_safety_0,1,0.12020507787747192,417,0.63,0.0,0.5,0,496,0,0,-0.00019473707652650774,2.6086478233337402,1.6257779598236084,-0.00017829588614404202,0.0,0.22149352729320526
462,guidance_0_capability_0_safety_0,1,0.05061523412950919,417,0.745,0.0,0.625,0,752,0,0,-9.629130363464355e-05,4.4961748123168945,1.6556509733200073,0.00010300117719452828,0.0,0.2159886658191681
463,guidance_0_capability_0_safety_0,1,0.02265624805659172,418,0.01375,0.0,0.0,0,8,0,0,-0.001005298225209117,9.957499504089355,1.654958724975586,9.008605957205873e-06,0.0,0.21424929797649384
464,guidance_0_capability_0_safety_0,1,0.1927636698819697,419,0.28,0.0,0.5,0,155,0,0,-0.0006782965501770377,22.005435943603516,1.4299215078353882,-6.039937488822034e-06,0.0,0.29878249764442444
465,guidance_0_capability_0_safety_0,1,0.13418944990553427,420,0.060625,0.0,0.0,0,25,0,0,-0.0010251272469758987,3.0343246459960938,1.5350780487060547,-8.474585774820298e-05,0.0,0.25771060585975647
466,guidance_0_capability_0_safety_0,1,0.06917968483321602,422,0.27,0.0,0.0,0,161,0,0,-0.0014612656086683273,37.83335494995117,1.4532139301300049,0.0002649433445185423,0.0,0.2784961462020874
467,guidance_0_capability_0_safety_0,1,0.10715820264522335,422,0.485,0.0,0.0,0,417,0,0,-0.0017470913007855415,2.382449150085449,1.5576081275939941,0.00034489110112190247,0.0,0.24542401731014252
468,guidance_0_capability_0_safety_0,1,-0.04401367068203399,422,0.5025,0.0,0.0,0,673,0,0,-0.0010336125269532204,1.4644992351531982,1.6146095991134644,0.0011263713240623474,0.0,0.2267674207687378
469,guidance_0_capability_0_safety_0,1,0.17243163970852038,424,0.2525,0.0,0.25,0,118,0,0,-1.1798615560110193e-05,19.632308959960938,1.482731580734253,0.000682242913171649,0.0,0.2783356010913849
470,guidance_0_capability_0_safety_0,1,0.42899413566919975,424,0.6025,0.25,0.75,0,374,0,0,0.0002836988714989275,90.12920379638672,1.5416487455368042,0.0003669421130325645,0.0,0.2526813745498657
471,guidance_0_capability_0_safety_0,1,0.08605468509267666,424,0.819375,0.25,1.0,0,630,0,0,-0.00041391546255908906,9.431038856506348,1.6149786710739136,-0.00016517401672899723,0.0,0.23047976195812225
472,guidance_0_capability_0_safety_0,1,-0.006835938020230969,424,0.865625,0.25,1.0,0,886,0,0,-0.00713452510535717,0.8038193583488464,1.6241239309310913,-0.0007129859877750278,0.0,0.22427046298980713
473,guidance_0_capability_0_safety_0,1,0.061269529462151695,425,0.1125,0.0,0.125,0,142,0,0,-0.00018759506929200143,3.6892144680023193,1.5310695171356201,-0.0011308979010209441,0.0,0.2473384141921997
474,guidance_0_capability_0_safety_0,1,0.25474609536104253,425,0.525,0.0,0.5,0,398,0,0,0.0006992078269831836,6.205522537231445,1.5131254196166992,0.00035775749711319804,0.0,0.2662845849990845
475,guidance_0_capability_0_safety_0,1,0.039648437159485184,425,0.641875,0.0,0.5,0,654,0,0,-0.0026860046200454235,1.7583286762237549,1.5778846740722656,-9.784366557141766e-05,0.0,0.24916456639766693
476,guidance_0_capability_0_safety_0,1,0.028564452833961695,426,0.055625,0.0,0.0,0,67,0,0,-0.002489432692527771,3.135357618331909,1.5445587635040283,0.00028402599855326116,0.0,0.2524551749229431
477,guidance_0_capability_0_safety_0,1,0.15326171548804268,429,0.0325,0.0,0.0,0,12,0,0,0.0007184147834777832,43.25859832763672,1.4033007621765137,0.0017700716853141785,0.0,0.29433709383010864
478,guidance_0_capability_0_safety_0,1,0.12965820569297648,430,0.2775,0.0,0.0,0,136,0,0,-0.0024764961563050747,22.447860717773438,1.3842523097991943,0.0011616901028901339,0.0,0.2998807430267334
479,guidance_0_capability_0_safety_0,1,0.019707032224687282,432,0.020625,0.0,0.125,0,8,0,0,0.00042756710899993777,37.9620361328125,1.4293088912963867,-0.000422449957113713,0.0,0.2979542016983032
480,guidance_0_capability_0_safety_0,1,0.19083983823657036,435,0.2825,0.0,0.125,0,130,0,0,-0.001099404296837747,58.052085876464844,1.3257780075073242,-0.0009266717825084925,0.0,0.3386915624141693
481,guidance_0_capability_0_safety_0,1,0.1308203131047776,435,0.55625,0.0,0.5,0,386,0,0,-0.003604809520766139,4.277961730957031,1.38873291015625,0.0007202652050182223,0.0,0.3143639862537384
482,guidance_0_capability_0_safety_0,1,0.06216796741136932,437,0.2325,0.0,0.125,0,164,0,0,0.00017286030924879014,18.748802185058594,1.3346046209335327,9.759639942785725e-05,0.0,0.32584115862846375
483,guidance_0_capability_0_safety_0,1,0.18514648338532425,437,0.570625,0.0,0.25,0,420,0,0,-0.0005947723984718323,3.906078338623047,1.4218454360961914,-0.00031002279138192534,0.0,0.29073530435562134
484,guidance_0_capability_0_safety_0,1,0.026113282536243787,438,0.006875,0.0,0.0,0,1,0,0,-0.0008987849578261375,5.1045379638671875,1.4326894283294678,-0.00011034868657588959,0.0,0.3086518943309784
485,guidance_0_capability_0_safety_0,1,0.1377539036438975,439,0.29625,0.0,0.375,0,234,0,0,-0.00356973591260612,19.7315731048584,1.3196814060211182,0.0046729231253266335,0.0,0.345065712928772
486,guidance_0_capability_0_safety_0,1,0.187539061793359,439,0.584375,0.0,0.75,0,490,0,0,-0.0025616835337132215,5.4951252937316895,1.4582300186157227,0.0019854302518069744,0.0,0.2929645776748657
487,guidance_0_capability_0_safety_0,1,0.19511718501962605,440,0.333125,0.0,0.5,0,238,0,0,-0.0013617215445265174,6.548998832702637,1.3383225202560425,-0.00026225679903291166,0.0,0.3331177830696106
488,guidance_0_capability_0_safety_0,1,0.3183495987141214,441,0.176875,0.25,0.125,0,118,0,0,0.0011827809503301978,89.72392272949219,1.3423198461532593,0.0004888431867584586,0.0,0.3328525424003601
489,guidance_0_capability_0_safety_0,1,0.22781249960826244,444,0.31125,0.0,0.75,0,170,0,0,-0.0015357875963672996,38.046180725097656,1.2659084796905518,0.0007110803271643817,0.0,0.37678536772727966
490,guidance_0_capability_0_safety_0,1,0.1775683584419312,444,0.62,0.0,1.0,0,426,0,0,0.001162548316642642,5.148427486419678,1.467972755432129,0.000340957980370149,0.0,0.27624356746673584
491,guidance_0_capability_0_safety_0,1,0.022626953043072717,444,0.705625,0.0,1.0,0,682,0,0,-0.005229243077337742,1.8828954696655273,1.5011212825775146,0.0012626261450350285,0.0,0.2670985460281372
492,guidance_0_capability_0_safety_0,1,0.030654296657303348,444,0.81125,0.0,1.0,0,938,0,0,0.0006315537611953914,2.591348171234131,1.5039806365966797,-0.0015070224180817604,0.0,0.27039963006973267
493,guidance_0_capability_0_safety_0,1,0.3325683587063395,445,0.456875,0.0,0.875,0,194,0,0,-0.0010363082401454449,22.149330139160156,1.302586555480957,0.0002336484321858734,0.0,0.34895914793014526
494,guidance_0_capability_0_safety_0,1,-0.007734375467407517,445,0.510625,0.0,0.875,0,450,0,0,0.00017487816512584686,2.6309969425201416,1.4144119024276733,-0.0011141702998429537,0.0,0.3127625584602356
495,guidance_0_capability_0_safety_0,1,0.028925781552970875,445,0.60625,0.0,0.875,0,706,0,0,-0.0010271721985191107,1.7988955974578857,1.4561952352523804,0.000349157809978351,0.0,0.2893316447734833
496,guidance_0_capability_0_safety_0,1,0.3097070242729387,446,0.413125,0.125,0.25,0,228,0,0,-0.0004128931905142963,35.850616455078125,1.2576062679290771,0.00053005525842309,0.0,0.37437641620635986
497,guidance_0_capability_0_safety_0,1,0.03500976229770458,447,0.2175,0.0,0.0,0,84,0,0,-0.0004916473990306258,15.283653259277344,1.307957649230957,-0.0001724542526062578,0.0,0.35447072982788086
498,guidance_0_capability_0_safety_0,1,0.10233398346463218,447,0.409375,0.0,0.25,0,340,0,0,-0.003047249047085643,2.237028121948242,1.3389477729797363,-0.0007992014288902283,0.0,0.33238017559051514
499,guidance_0_capability_0_safety_0,1,0.08874023265161668,449,0.160625,0.0,0.0,0,96,0,0,-0.0008862093091011047,17.149442672729492,1.355712652206421,0.0020710634998977184,0.0,0.33147475123405457
500,guidance_0_capability_0_safety_0,1,0.15363281073223334,449,0.438125,0.0,0.125,0,352,0,0,-0.0017519553657621145,4.71402645111084,1.4135364294052124,-0.0013229476753622293,0.0,0.29827743768692017
501,guidance_0_capability_0_safety_0,1,0.24610352770105237,451,0.091875,0.0,0.125,0,38,0,0,-0.0008859367808327079,48.30951690673828,1.3536005020141602,-0.0001178279853775166,0.0,0.3258819282054901
502,guidance_0_capability_0_safety_0,1,0.5673535134264966,452,0.30375,0.125,0.5,0,146,0,0,0.0007174251368269324,99.71490478515625,1.3227691650390625,-0.0007522854721173644,0.0,0.3418005406856537
503,guidance_0_capability_0_safety_0,1,0.26767577897408046,452,0.595625,0.25,0.75,0,402,0,0,0.00016692839562892914,25.085674285888672,1.4640024900436401,-0.00025645209825597703,0.0,0.28068068623542786
504,guidance_0_capability_0_safety_0,1,0.15654296865250217,453,0.33125,0.0,0.125,0,188,0,0,-0.00040976889431476593,7.233107566833496,1.3885259628295898,0.00044138962402939796,0.0,0.3154160976409912
505,guidance_0_capability_0_safety_0,1,0.1525683597137686,453,0.46625,0.125,0.25,0,444,0,0,-0.00021353985357563943,19.140277862548828,1.4984101057052612,3.369680371179129e-06,0.0,0.2714157998561859
506,guidance_0_capability_0_safety_0,1,0.020214843127178028,453,0.545625,0.125,0.375,0,700,0,0,-0.0022987392731010914,1.2848750352859497,1.5379014015197754,-0.0009024447645060718,0.0,0.2525513172149658
507,guidance_0_capability_0_safety_0,1,0.02547851492272457,453,0.630625,0.125,0.5,0,956,0,0,-0.0016819745069369674,2.291283130645752,1.5812305212020874,-0.00034116566530428827,0.0,0.24176976084709167
508,guidance_0_capability_0_safety_0,1,0.2284472645733331,454,0.398125,0.0,0.375,0,212,0,0,0.00039609242230653763,7.037723541259766,1.4605073928833008,0.0013661262346431613,0.0,0.28652089834213257
509,guidance_0_capability_0_safety_0,1,0.15544922860863153,454,0.55625,0.125,0.375,0,468,0,0,-0.004895802121609449,18.47567367553711,1.5515737533569336,0.00042102456791326404,0.0,0.251292884349823
510,guidance_0_capability_0_safety_0,1,0.012675780857534846,454,0.64125,0.125,0.375,0,724,0,0,-0.003528095781803131,3.154390335083008,1.5999850034713745,0.0037397954147309065,0.0,0.22875654697418213
511,guidance_0_capability_0_safety_0,1,-0.00456054855385446,454,0.714375,0.125,0.5,0,980,0,0,-0.002982507459819317,1.6099355220794678,1.5986207723617554,0.004038634710013866,0.0,0.22912278771400452
512,guidance_0_capability_0_safety_0,1,0.08300781238722266,458,0.059375,0.0,0.125,0,25,0,0,-0.0013157434295862913,50.55625915527344,1.4306974411010742,-9.027597116073593e-05,0.0,0.2908059358596802
513,guidance_0_capability_0_safety_0,1,0.26971679627604317,459,0.29375,0.125,0.25,0,217,0,0,-0.0012578340247273445,35.05227279663086,1.453042984008789,-0.00011031609028577805,0.0,0.27844831347465515
514,guidance_0_capability_0_safety_0,1,0.19282226377981715,459,0.64,0.125,0.375,0,473,0,0,-4.275453829905018e-05,3.7739100456237793,1.5090835094451904,0.00020855976617895067,0.0,0.26354750990867615
515,guidance_0_capability_0_safety_0,1,0.13083984216063982,459,0.84875,0.125,0.75,0,729,0,0,-0.0003162827342748642,3.092245101928711,1.5258710384368896,0.0007334577385336161,0.0,0.2686196565628052
516,guidance_0_capability_0_safety_0,1,0.1314648417464923,460,0.266875,0.0,0.375,0,204,0,0,-0.00026340316981077194,11.682687759399414,1.459015130996704,0.00017300978652201593,0.0,0.28497952222824097
517,guidance_0_capability_0_safety_0,1,0.12966796727778274,461,0.099375,0.0,0.0,0,40,0,0,-0.000266028568148613,13.653255462646484,1.4626967906951904,0.00017560040578246117,0.0,0.27122023701667786
518,guidance_0_capability_0_safety_0,1,0.23683593784517143,461,0.466875,0.0,0.5,0,296,0,0,-0.002013702876865864,5.732666969299316,1.4697530269622803,1.3155552551324945e-05,0.0,0.27272719144821167
519,guidance_0_capability_0_safety_0,1,0.03970703096274519,461,0.580625,0.0,0.5,0,552,0,0,-0.0016248248284682631,2.939093589782715,1.5059823989868164,0.0005487300222739577,0.0,0.27797767519950867
520,guidance_0_capability_0_safety_0,1,0.09261718528796337,462,0.19625,0.0,0.125,0,87,0,0,0.00030644889920949936,7.667922496795654,1.4853839874267578,-6.027318158885464e-05,0.0,0.27588018774986267
521,guidance_0_capability_0_safety_0,1,0.2474121108498366,462,0.45625,0.125,0.375,0,343,0,0,-0.0005100378766655922,25.187210083007812,1.4814800024032593,-0.00011136149987578392,0.0,0.2721582353115082
522,guidance_0_capability_0_safety_0,1,0.15084960901003797,463,0.185625,0.0,0.25,0,127,0,0,-0.0006865989416837692,9.115964889526367,1.4582836627960205,0.00012996001169085503,0.0,0.28069886565208435
523,guidance_0_capability_0_safety_0,1,0.11617187391675543,463,0.379375,0.0,0.5,0,383,0,0,-0.0017568699549883604,4.477513313293457,1.4773563146591187,0.0007070353021845222,0.0,0.2664220929145813
524,guidance_0_capability_0_safety_0,1,0.0896191419196839,464,0.10625,0.0,0.0,0,88,0,0,-0.0027182772755622864,5.091681480407715,1.4556149244308472,0.00010033091530203819,0.0,0.2890981137752533
525,guidance_0_capability_0_safety_0,1,0.16487304618931375,464,0.35125,0.0,0.5,0,344,0,0,-0.0004688759217970073,6.2147393226623535,1.456778883934021,0.000863444700371474,0.0,0.2924835979938507
526,guidance_0_capability_0_safety_0,1,0.08840820238401648,465,0.039375,0.0,0.125,0,16,0,0,0.00023711659014225006,6.542940139770508,1.475315809249878,0.00037141269422136247,0.0,0.29802823066711426
527,guidance_0_capability_0_safety_0,1,0.24334960890337243,468,0.20875,0.0,0.25,0,92,0,0,-0.0009296443313360214,41.09477996826172,1.4470642805099487,0.0003997890744358301,0.0,0.2883504629135132
528,guidance_0_capability_0_safety_0,1,0.23681640414724825,468,0.47625,0.125,0.375,0,348,0,0,-0.0004839804023504257,24.8330020904541,1.50260329246521,-0.0007499722996726632,0.0,0.26581424474716187
529,guidance_0_capability_0_safety_0,1,0.09027343755224138,468,0.66125,0.125,0.5,0,604,0,0,-0.0005537383258342743,1.7870395183563232,1.5250533819198608,0.0006389908376149833,0.0,0.26723581552505493
530,guidance_0_capability_0_safety_0,1,0.02352538974810159,471,0.00625,0.0,0.0,0,1,0,0,-0.000731990672647953,41.80570983886719,1.4827477931976318,0.00019748089835047722,0.0,0.28081783652305603
531,guidance_0_capability_0_safety_0,1,0.2543359361043258,471,0.364375,0.0,0.625,0,257,0,0,-0.0006959149613976479,6.885324478149414,1.4617475271224976,-0.00026953601627610624,0.0,0.27938908338546753
532,guidance_0_capability_0_safety_0,1,0.14718750032625394,473,0.209375,0.0,0.125,0,98,0,0,-0.0008391362498514354,30.01689338684082,1.43918776512146,0.001314276596531272,0.0,0.29561012983322144
533,guidance_0_capability_0_safety_0,1,0.2749804658269568,473,0.501875,0.125,0.375,0,354,0,0,-0.0006911074742674828,17.463001251220703,1.5044841766357422,0.0008326754905283451,0.0,0.2664303779602051
534,guidance_0_capability_0_safety_0,1,-0.0032714872977521736,474,0.093125,0.0,0.0,0,39,0,0,-0.0006588883697986603,7.112434387207031,1.4930223226547241,-0.00047748349606990814,0.0,0.2759244441986084
535,guidance_0_capability_0_safety_0,1,0.27370117510145064,474,0.44375,0.125,0.0,0,295,0,0,-0.00045550678623840213,28.53510284423828,1.5234402418136597,0.0003173576551489532,0.0,0.25137656927108765
536,guidance_0_capability_0_safety_0,1,0.08074218748151907,474,0.594375,0.125,0.125,0,551,0,0,-0.0011150346836075187,2.184420585632324,1.5439708232879639,0.00024718366330489516,0.0,0.2644951343536377
537,guidance_0_capability_0_safety_0,1,0.032744140928116394,476,0.16375,0.0,0.375,0,93,0,0,-0.0007529327413067222,19.48560333251953,1.5033855438232422,-0.00021608010865747929,0.0,0.2762405574321747
538,guidance_0_capability_0_safety_0,1,0.21856446135643637,476,0.353125,0.125,0.75,0,349,0,0,-0.000734261586330831,19.489639282226562,1.52789306640625,0.00042269163532182574,0.0,0.2608475089073181
539,guidance_0_capability_0_safety_0,1,0.1347070319316117,477,0.3325,0.0,0.375,0,216,0,0,-0.0013195537030696869,10.055920600891113,1.5048246383666992,0.00027883099392056465,0.0,0.27487725019454956
540,guidance_0_capability_0_safety_0,1,0.12644531042678864,477,0.588125,0.0,0.625,0,472,0,0,-0.0010121837258338928,3.3354437351226807,1.5684185028076172,-0.0003981153422500938,0.0,0.23968932032585144
541,guidance_0_capability_0_safety_0,1,-0.047460938592848834,480,0.005625,0.0,0.0,0,0,0,0,-6.842116999905556e-05,29.04564666748047,1.5618350505828857,0.0001544170081615448,0.0,0.24837414920330048
542,guidance_0_capability_0_safety_0,1,0.22722656027326593,481,0.265,0.0,0.375,0,182,0,0,-0.001549687935039401,19.825340270996094,1.4482500553131104,0.00013848875823896378,0.0,0.2858937978744507
543,guidance_0_capability_0_safety_0,1,0.16327148443451733,481,0.58,0.0,0.375,0,438,0,0,0.0005696515436284244,2.2677054405212402,1.5849502086639404,0.0010353599209338427,0.0,0.241059347987175
544,guidance_0_capability_0_safety_0,1,0.2238183581357589,482,0.289375,0.0,0.375,0,151,0,0,-0.0007876195013523102,6.3454813957214355,1.5165739059448242,-0.0005649981321766973,0.0,0.2594772279262543
545,guidance_0_capability_0_safety_0,1,0.16920898386160843,482,0.614375,0.0,0.375,0,407,0,0,-0.0009409903432242572,2.7584476470947266,1.5862071514129639,0.0007731770165264606,0.0,0.2424120008945465
546,guidance_0_capability_0_safety_0,1,0.07944335925640189,482,0.741875,0.0,0.625,0,663,0,0,-0.0025285184383392334,2.0362958908081055,1.6223872900009155,0.0002691343834158033,0.0,0.2254658043384552
547,guidance_0_capability_0_safety_0,1,-0.01339843770256266,482,0.770625,0.0,0.625,0,919,0,0,-0.0036173786502331495,0.4801490008831024,1.6215367317199707,0.0035989524330943823,0.0,0.22276979684829712
548,guidance_0_capability_0_safety_0,1,0.16934570054945652,485,0.23125,0.0,0.375,0,126,0,0,-0.0013865859946236014,30.60301971435547,1.5472779273986816,-0.00017125424346886575,0.0,0.24431642889976501
549,guidance_0_capability_0_safety_0,1,0.3163183619144547,486,0.32125,0.125,0.375,0,160,0,0,0.00021746382117271423,44.83184814453125,1.5553600788116455,0.0004233098588883877,0.0,0.24011807143688202
550,guidance_0_capability_0_safety_0,1,0.3085351580994029,487,0.27375,0.125,0.25,0,170,0,0,-4.2065978050231934e-05,49.0590934753418,1.5656156539916992,0.0005116619868203998,0.0,0.2418970763683319
551,guidance_0_capability_0_safety_0,1,0.14496093896013917,487,0.511875,0.125,0.625,0,426,0,0,-0.002049857983365655,3.924567222595215,1.6009267568588257,0.0007013431750237942,0.0,0.23560217022895813
552,guidance_0_capability_0_safety_0,1,0.17212890397422598,488,0.315,0.0,0.25,0,165,0,0,-0.002163894474506378,7.527260780334473,1.574126124382019,0.0013693467481061816,0.0,0.2499910295009613
553,guidance_0_capability_0_safety_0,1,0.1276757795276353,488,0.5275,0.0,0.5,0,421,0,0,-0.0009269289439544082,2.9128611087799072,1.6041977405548096,-2.226543983852025e-05,0.0,0.22744235396385193
554,guidance_0_capability_0_safety_0,1,0.10988281242680387,488,0.716875,0.0,0.75,0,677,0,0,-0.0015493826940655708,3.057751417160034,1.6310813426971436,-0.0009218136547133327,0.0,0.22023646533489227
555,guidance_0_capability_0_safety_0,1,-0.014570312279829523,488,0.73875,0.0,0.75,0,933,0,0,-0.0009583706851117313,0.2797170877456665,1.6194552183151245,-0.001191554358229041,0.0,0.22374175488948822
556,guidance_0_capability_0_safety_0,1,0.018554686088464223,492,0.13625,0.0,0.0,0,107,0,0,-0.0001421542838215828,47.484039306640625,1.600089430809021,-0.001541157253086567,0.0,0.23041900992393494
557,guidance_0_capability_0_safety_0,1,0.05629882777793682,494,0.043125,0.0,0.0,0,21,0,0,0.000577660626731813,30.885356903076172,1.6173957586288452,0.0005225866916589439,0.0,0.22483879327774048
558,guidance_0_capability_0_safety_0,1,0.22137695190758677,494,0.42,0.0,0.25,0,277,0,0,-0.0010339717846363783,3.653625011444092,1.6198787689208984,0.0004376772267278284,0.0,0.22475454211235046
559,guidance_0_capability_0_safety_0,1,0.023818357425625436,494,0.483125,0.0,0.5,0,533,0,0,-5.803381645819172e-05,2.4839963912963867,1.6391658782958984,0.0008172520319931209,0.0,0.22334307432174683
560,guidance_0_capability_0_safety_0,1,0.0002343753476452548,495,0.125625,0.0,0.125,0,146,0,0,-0.0007081690127961338,3.731077194213867,1.6282161474227905,-0.0002330745046492666,0.0,0.22444453835487366
561,guidance_0_capability_0_safety_0,1,0.08036132676716079,495,0.29625,0.0,0.25,0,402,0,0,-0.0021088365465402603,3.330559015274048,1.6380910873413086,0.0005193182150833309,0.0,0.21938471496105194
562,guidance_0_capability_0_safety_0,1,0.0792871081357589,495,0.43875,0.0,0.5,0,658,0,0,0.00020151803619228303,5.785404205322266,1.6414482593536377,0.000599356135353446,0.0,0.2236327826976776
563,guidance_0_capability_0_safety_0,1,-0.008164062543073669,495,0.48125,0.0,0.5,0,914,0,0,-0.0019611865282058716,0.959837019443512,1.6352951526641846,0.0027763776015490294,0.0,0.22109517455101013
564,guidance_0_capability_0_safety_0,1,0.11085937503594323,497,0.096875,0.0,0.125,0,77,0,0,0.0003030973894055933,16.23800277709961,1.6225159168243408,0.000636775977909565,0.0,0.22031351923942566
565,guidance_0_capability_0_safety_0,1,0.09982421843596967,497,0.33375,0.0,0.125,0,333,0,0,-0.0015777982771396637,3.067538261413574,1.6257432699203491,0.0008301294292323291,0.0,0.217176616191864
566,guidance_0_capability_0_safety_0,1,0.05699218808513251,498,0.145625,0.0,0.0,0,85,0,0,-0.001485804794356227,2.158729314804077,1.6134576797485352,-0.0003108757082372904,0.0,0.22504346072673798
567,guidance_0_capability_0_safety_0,1,0.07508788860286586,500,0.0175,0.0,0.0,0,8,0,0,-0.00011977925896644592,16.165512084960938,1.6100492477416992,-0.0007650881889276206,0.0,0.22321085631847382
568,guidance_0_capability_0_safety_0,1,0.10965820153069217,503,0.2375,0.0,0.125,0,144,0,0,-0.0005385776748880744,32.211421966552734,1.6011126041412354,0.0005783128435723484,0.0,0.22699859738349915
569,guidance_0_capability_0_safety_0,1,0.2878515627817251,504,0.318125,0.0,0.75,0,182,0,0,-0.0005235541611909866,18.48877716064453,1.6111701726913452,1.6589106962783262e-05,0.0,0.22234217822551727
570,guidance_0_capability_0_safety_0,1,0.12435546808774234,504,0.56125,0.0,0.875,0,438,0,0,6.640329957008362e-06,5.791658878326416,1.6281061172485352,-0.0003875328693538904,0.0,0.22183720767498016
571,guidance_0_capability_0_safety_0,1,0.08271484368378879,504,0.738125,0.0,1.0,0,694,0,0,-0.00040007755160331726,3.645040988922119,1.629453420639038,-1.678592525422573e-05,0.0,0.22004088759422302
572,guidance_0_capability_0_safety_0,1,0.013398437047726475,504,0.81375,0.0,1.0,0,950,0,0,-0.001467644004151225,1.7489150762557983,1.623267412185669,2.9022030503256246e-05,0.0,0.22545599937438965
573,guidance_0_capability_0_safety_0,1,0.21931640501497895,505,0.2625,0.125,0.125,0,206,0,0,0.0003093996492680162,27.604358673095703,1.621573805809021,-0.0006606976385228336,0.0,0.22042106091976166
574,guidance_0_capability_0_safety_0,1,0.15159179730835604,507,0.2075,0.0,0.125,0,91,0,0,-0.0003223630483262241,23.688623428344727,1.6167562007904053,-4.257168620824814e-05,0.0,0.2197875827550888
575,guidance_0_capability_0_safety_0,1,0.15533203199811396,507,0.475,0.0,0.375,0,347,0,0,-8.358480408787727e-05,4.563143730163574,1.6264457702636719,7.688518235227093e-05,0.0,0.2175828218460083
576,guidance_0_capability_0_safety_0,1,0.2504785096971318,508,0.28875,0.125,0.5,0,171,0,0,-0.0008367731934413314,29.892229080200195,1.6136837005615234,-0.00010285658936481923,0.0,0.2228761911392212
577,guidance_0_capability_0_safety_0,1,0.10720703031256562,508,0.476875,0.125,0.75,0,427,0,0,-0.0012689217692241073,2.023235321044922,1.6325891017913818,-0.00031391586526297033,0.0,0.22597377002239227
578,guidance_0_capability_0_safety_0,1,0.0590234377195884,508,0.604375,0.125,1.0,0,683,0,0,-0.0014581059804186225,1.5907005071640015,1.63641357421875,-0.0005383210955187678,0.0,0.22497189044952393
579,guidance_0_capability_0_safety_0,1,0.19502929590817075,509,0.363125,0.0,0.375,0,248,0,0,-0.00039781443774700165,6.676395416259766,1.610457420349121,0.001328705227933824,0.0,0.22026756405830383
580,guidance_0_capability_0_safety_0,1,0.15679687410010956,509,0.649375,0.0,0.5,0,504,0,0,-0.0013958942145109177,1.7797212600708008,1.6162914037704468,0.0013194631319493055,0.0,0.22412291169166565
581,guidance_0_capability_0_safety_0,1,0.03261718706198735,509,0.77625,0.0,0.625,0,760,0,0,-0.002954060910269618,1.1196004152297974,1.615164041519165,-0.0005951406201347709,0.0,0.23372982442378998
582,guidance_0_capability_0_safety_0,1,0.21298827933787834,510,0.404375,0.0,0.375,0,237,0,0,-0.0007135141640901566,5.664241313934326,1.5947084426879883,-3.998478405264905e-06,0.0,0.23601406812667847
583,guidance_0_capability_0_safety_0,1,0.1110449217412679,510,0.58875,0.0,0.75,0,493,0,0,-0.0013447373639792204,4.284969806671143,1.6026134490966797,0.0006431321380659938,0.0,0.23712369799613953
584,guidance_0_capability_0_safety_0,1,0.04178710792257334,510,0.70125,0.0,0.875,0,749,0,0,-0.0045295599848032,2.6438119411468506,1.5881651639938354,0.0007317401468753815,0.0,0.24403893947601318
585,guidance_0_capability_0_safety_0,1,0.01098632705907221,511,0.011875,0.0,0.0,0,5,0,0,-0.002816134598106146,0.6018752455711365,1.5730969905853271,0.0014334854204207659,0.0,0.24223506450653076
586,guidance_0_capability_0_safety_0,1,0.18301757627705229,512,0.33875,0.0,0.375,0,249,0,0,-0.00014442205429077148,13.537195205688477,1.5678495168685913,0.004067630507051945,0.0,0.2435593456029892
587,guidance_0_capability_0_safety_0,1,0.12639648514596047,512,0.583125,0.0,0.5,0,505,0,0,-0.001150256721302867,2.9943463802337646,1.5710396766662598,0.0018001275602728128,0.0,0.25568056106567383
588,guidance_0_capability_0_safety_0,1,0.062080079569568625,517,0.054375,0.0,0.0,0,24,0,0,0.00012614578008651733,73.23994445800781,1.5601648092269897,-0.0004636220110114664,0.0,0.25774818658828735
589,guidance_0_capability_0_safety_0,1,0.05413085810141638,519,0.15625,0.0,0.0,0,74,0,0,-0.0005210675299167633,33.83452224731445,1.5899817943572998,0.0003112865088041872,0.0,0.24401339888572693
590,guidance_0_capability_0_safety_0,1,0.1658300764465821,519,0.27,0.125,0.375,0,330,0,0,-0.0032651848159730434,23.073246002197266,1.5868427753448486,0.0009509882656857371,0.0,0.238195538520813
591,guidance_0_capability_0_safety_0,1,0.024511718322173692,519,0.37125,0.125,0.375,0,586,0,0,-0.0013263365253806114,2.155290365219116,1.596200704574585,0.0023598140105605125,0.0,0.24870312213897705
592,guidance_0_capability_0_safety_0,1,0.11971679532143753,520,0.25125,0.0,0.375,0,222,0,0,-0.0004771919921040535,5.8490071296691895,1.6182211637496948,0.0011617043055593967,0.0,0.23405270278453827
593,guidance_0_capability_0_safety_0,1,0.15745117060578195,521,0.27375,0.0,0.25,0,165,0,0,-0.0018531488021835685,13.64818286895752,1.611976981163025,0.0003040738811250776,0.0,0.23207907378673553
594,guidance_0_capability_0_safety_0,1,-0.024570315170421964,523,0.09,0.0,0.0,0,63,0,0,-0.00021677713084500283,18.852025985717773,1.6196742057800293,-0.0001461319625377655,0.0,0.2315753996372223
595,guidance_0_capability_0_safety_0,1,0.2529101565560268,523,0.40375,0.125,0.0,0,319,0,0,-0.00019825249910354614,19.991613388061523,1.5960969924926758,0.0005571401561610401,0.0,0.23918280005455017
596,guidance_0_capability_0_safety_0,1,0.02330078284285264,523,0.5025,0.125,0.125,0,575,0,0,-0.00017798133194446564,2.2629215717315674,1.599379062652588,-0.0002694659342523664,0.0,0.23977339267730713
597,guidance_0_capability_0_safety_0,1,0.10146484369033715,524,0.175625,0.0,0.25,0,155,0,0,-0.0012836810201406479,4.076921463012695,1.6046044826507568,7.802341133356094e-05,0.0,0.23231515288352966
598,guidance_0_capability_0_safety_0,1,0.14271484423079528,525,0.005625,0.0,0.0,0,0,0,0,-0.0010744945611804724,5.2658772468566895,1.6254911422729492,-0.0010047930991277099,0.0,0.22467534244060516
599,guidance_0_capability_0_safety_0,1,0.14083007871886366,527,0.01375,0.0,0.0,0,47,0,0,-0.0001526723353890702,20.444438934326172,1.5904812812805176,4.5270971895661205e-05,0.0,0.23591285943984985
600,guidance_0_capability_0_safety_0,1,0.16035156139696483,527,0.30375,0.0,0.125,0,303,0,0,-0.0014586967881768942,1.6979780197143555,1.5901329517364502,-0.00029523344710469246,0.0,0.24217316508293152
601,guidance_0_capability_0_safety_0,1,0.114882811656571,529,0.289375,0.0,0.125,0,237,0,0,-1.932370287249796e-05,16.98036766052246,1.5861996412277222,0.0002744506928138435,0.0,0.23737721145153046
602,guidance_0_capability_0_safety_0,1,0.02436523276992375,530,0.191875,0.0,0.125,0,167,0,0,-0.0009957881411537528,8.219321250915527,1.5822408199310303,-7.007954263826832e-05,0.0,0.24726985394954681
603,guidance_0_capability_0_safety_0,1,0.11551757769484539,530,0.398125,0.0,0.375,0,423,0,0,-0.0014825555263087153,6.2809295654296875,1.5749988555908203,0.0004928106209263206,0.0,0.24547335505485535
604,guidance_0_capability_0_safety_0,1,-0.03578125127387466,530,0.4325,0.0,0.375,0,679,0,0,-0.0007277556578628719,1.2306779623031616,1.5653924942016602,-3.026410377060529e-05,0.0,0.2560878098011017
605,guidance_0_capability_0_safety_0,1,0.0950195313707809,534,0.209375,0.0,0.625,0,192,0,0,-0.0006744982674717903,37.69292449951172,1.554771900177002,0.0008561491849832237,0.0,0.24567727744579315
606,guidance_0_capability_0_safety_0,1,0.039384765241265995,534,0.3775,0.0,0.75,0,448,0,0,-0.004234957508742809,1.8728468418121338,1.5465219020843506,-0.0013280296698212624,0.0,0.26855504512786865
607,guidance_0_capability_0_safety_0,1,0.09563476257244474,534,0.58375,0.0,1.0,0,704,0,0,0.0007966727716848254,6.267861366271973,1.5066288709640503,0.001992208883166313,0.0,0.2723226249217987
608,guidance_0_capability_0_safety_0,1,0.13536132858644123,535,0.266875,0.0,0.375,0,144,0,0,0.0006863320013508201,4.4602556228637695,1.4902061223983765,-0.0004548674914985895,0.0,0.2915526032447815
609,guidance_0_capability_0_safety_0,1,0.11044921930442797,536,0.30625,0.0,0.125,0,229,0,0,-9.38388257054612e-05,8.224939346313477,1.46139657497406,-2.536829560995102e-05,0.0,0.30441343784332275
610,guidance_0_capability_0_safety_0,1,0.005146483814314706,536,0.453125,0.0,0.375,0,485,0,0,-0.0014827754348516464,2.548440933227539,1.464983344078064,6.201716314535588e-05,0.0,0.2979269027709961
611,guidance_0_capability_0_safety_0,1,-0.02114257671564701,537,0.113125,0.0,0.0,0,49,0,0,-0.000524525239598006,7.423308849334717,1.4418338537216187,-0.0003877216950058937,0.0,0.3055741488933563
612,guidance_0_capability_0_safety_0,1,0.23695312660129275,538,0.27,0.0,0.25,0,143,0,0,-0.0008223066106438637,9.227151870727539,1.4787782430648804,0.0006589163094758987,0.0,0.2890861928462982
613,guidance_0_capability_0_safety_0,1,0.03320312360301614,539,0.059375,0.0,0.0,0,26,0,0,-7.556410128017887e-05,2.803272247314453,1.462639570236206,-0.0001606291625648737,0.0,0.3092164993286133
614,guidance_0_capability_0_safety_0,1,0.14508789106912445,540,0.0675,0.0,0.125,0,29,0,0,-0.0010584145784378052,6.583975315093994,1.4851529598236084,0.0007882890058681369,0.0,0.29402315616607666
615,guidance_0_capability_0_safety_0,1,0.18280273202981334,544,0.030625,0.0,0.0,0,23,0,0,-0.00016910831618588418,27.811023712158203,1.4665535688400269,-0.00022674973297398537,0.0,0.3000502586364746
616,guidance_0_capability_0_safety_0,1,0.22559570425437414,546,0.0475,0.0,0.25,0,22,0,0,-0.0005200418527238071,26.662723541259766,1.5073127746582031,0.00023488732404075563,0.0,0.28182393312454224
617,guidance_0_capability_0_safety_0,1,0.11341796774649993,546,0.334375,0.0,0.375,0,278,0,0,-0.0010484049562364817,2.993928909301758,1.4679791927337646,5.398597568273544e-05,0.0,0.3053104877471924
618,guidance_0_capability_0_safety_0,1,0.12489257956622168,548,0.236875,0.0,0.0,0,158,0,0,-0.0008127078181132674,13.463041305541992,1.500404715538025,-0.0012878789566457272,0.0,0.27928292751312256
619,guidance_0_capability_0_safety_0,1,0.12086914105020696,549,0.245,0.0,0.125,0,190,0,0,-0.0035506689455360174,7.657643795013428,1.5317049026489258,0.0009657264454290271,0.0,0.27202269434928894
620,guidance_0_capability_0_safety_0,1,0.11644531169440597,549,0.405625,0.0,0.625,0,446,0,0,0.0009841099381446838,3.920278787612915,1.5472429990768433,-0.0017735594883561134,0.0,0.2528722584247589
621,guidance_0_capability_0_safety_0,1,0.0906835955393035,551,0.263125,0.0,0.25,0,163,0,0,-0.0003817453980445862,12.40263843536377,1.5563358068466187,0.0006646864931099117,0.0,0.2560580372810364
622,guidance_0_capability_0_safety_0,1,0.13401367292317445,551,0.488125,0.0,0.5,0,419,0,0,-0.00045654893619939685,4.420734405517578,1.5607142448425293,0.00018425643793307245,0.0,0.2571183145046234
623,guidance_0_capability_0_safety_0,1,0.0062890609333408065,552,0.121875,0.0,0.125,0,64,0,0,-0.0021147585939615965,2.894164800643921,1.5584020614624023,-0.0007656761445105076,0.0,0.2479342669248581
624,guidance_0_capability_0_safety_0,1,0.0934082026433316,553,0.108125,0.0,0.125,0,85,0,0,0.0004614436475094408,10.067120552062988,1.573470115661621,0.0011606805492192507,0.0,0.25407978892326355
625,guidance_0_capability_0_safety_0,1,0.17088867100028438,555,0.146875,0.0,0.125,0,112,0,0,-0.001680258079431951,12.016263008117676,1.580889105796814,0.000816123909316957,0.0,0.2361125648021698
626,guidance_0_capability_0_safety_0,1,0.14567382762834313,557,0.239375,0.0,0.0,0,138,0,0,0.0011769903358072042,14.512869834899902,1.5763270854949951,0.0007871636189520359,0.0,0.24495121836662292
627,guidance_0_capability_0_safety_0,1,0.07317382844121312,557,0.406875,0.0,0.0,0,394,0,0,-0.002247465308755636,2.4240951538085938,1.5885894298553467,0.00040080142207443714,0.0,0.23864388465881348
628,guidance_0_capability_0_safety_0,1,0.027919921809370862,557,0.481875,0.0,0.125,0,650,0,0,-0.007449535187333822,1.7189946174621582,1.5609221458435059,0.0008931916090659797,0.0,0.25507256388664246
629,guidance_0_capability_0_safety_0,1,0.16195312515628757,558,0.34125,0.0,0.125,0,243,0,0,0.0004294583050068468,2.5860579013824463,1.5876498222351074,0.003336378140375018,0.0,0.23873993754386902
630,guidance_0_capability_0_safety_0,1,0.14787109209646587,559,0.10625,0.0,0.125,0,52,0,0,-0.0035429594572633505,5.348630428314209,1.5672454833984375,0.0007363329641520977,0.0,0.23498694598674774
631,guidance_0_capability_0_safety_0,1,0.18762695211626124,559,0.4225,0.0,0.375,0,308,0,0,-0.00036995363188907504,3.943603515625,1.5723752975463867,0.0005378214409574866,0.0,0.24059006571769714
632,guidance_0_capability_0_safety_0,1,0.12552734273776878,559,0.620625,0.0,0.75,0,564,0,0,-0.001658054767176509,2.4017820358276367,1.5893771648406982,-0.000735652050934732,0.0,0.23487934470176697
633,guidance_0_capability_0_safety_0,1,0.06626952929218533,560,0.15375,0.0,0.125,0,76,0,0,-0.0007224790751934052,1.331005573272705,1.5648057460784912,0.00035935299820266664,0.0,0.2521480321884155
634,guidance_0_capability_0_safety_0,1,0.18090820053839707,562,0.2225,0.0,0.25,0,141,0,0,-3.4122418583137915e-05,25.646970748901367,1.570501685142517,0.0013590697199106216,0.0,0.2442375123500824
635,guidance_0_capability_0_safety_0,1,0.2562206999537011,562,0.62,0.0,0.75,0,397,0,0,-0.00024120013404171914,6.182242393493652,1.5970886945724487,-0.0004460884665604681,0.0,0.23554611206054688
636,guidance_0_capability_0_safety_0,1,0.12011718719440978,563,0.16875,0.0,0.25,0,100,0,0,-0.0014564202865585685,4.018772125244141,1.5998191833496094,6.408430635929108e-05,0.0,0.23180517554283142
637,guidance_0_capability_0_safety_0,1,0.2429394519640482,564,0.105625,0.0,0.25,0,48,0,0,-0.00017228412616532296,11.240800857543945,1.6011722087860107,0.000284908659523353,0.0,0.22906407713890076
638,guidance_0_capability_0_safety_0,1,0.17068359207041794,564,0.381875,0.0,0.625,0,304,0,0,-0.005778156220912933,2.9975311756134033,1.6100776195526123,-0.00030010659247636795,0.0,0.23084774613380432
639,guidance_0_capability_0_safety_0,1,0.05258789022627752,564,0.586875,0.0,0.625,0,560,0,0,-0.005758832208812237,2.868875741958618,1.6055148839950562,-0.0026828793343156576,0.01692708395421505,0.23338596522808075
640,guidance_0_capability_0_safety_0,1,0.008466797138680704,564,0.665625,0.0,0.625,0,816,0,0,-0.003469750052317977,2.6402978897094727,1.6037280559539795,0.0023918738588690758,0.0,0.2212173193693161
641,guidance_0_capability_0_safety_0,1,0.04887695305296802,566,0.058125,0.0,0.0,0,31,0,0,-0.00037591782165691257,19.868011474609375,1.5628046989440918,-0.0012712267925962806,0.0,0.2478875368833542
642,guidance_0_capability_0_safety_0,1,0.03815429647875135,570,0.1075,0.0,0.0,0,55,0,0,0.0013260084670037031,52.759986877441406,1.5429134368896484,-1.0011717677116394e-06,0.0,0.2698565423488617
643,guidance_0_capability_0_safety_0,1,0.07041015583672561,570,0.28125,0.0,0.25,0,311,0,0,0.000985289691016078,4.927182197570801,1.5615109205245972,-0.0001328278740402311,0.0,0.25046664476394653
644,guidance_0_capability_0_safety_0,1,0.09428710806241725,570,0.443125,0.0,0.625,0,567,0,0,-0.0011145751923322678,3.477241039276123,1.5662158727645874,-0.0001912880688905716,0.0,0.2456899881362915
645,guidance_0_capability_0_safety_0,1,0.09291992183716502,570,0.625,0.0,0.75,0,823,0,0,-1.675977182458155e-05,5.827260971069336,1.5448282957077026,-0.0001551147288409993,0.0,0.250671923160553
646,guidance_0_capability_0_safety_0,1,0.1279882805647503,571,0.179375,0.0,0.125,0,79,0,0,-0.0011737353634089231,2.7871439456939697,1.5340688228607178,0.0007977454806677997,0.0,0.26015448570251465
647,guidance_0_capability_0_safety_0,1,0.24053710854059318,571,0.553125,0.0,0.625,0,335,0,0,-0.0017645744374021888,3.12282133102417,1.55400550365448,0.000543921603821218,0.0,0.24979081749916077
648,guidance_0_capability_0_safety_0,1,0.017148437513242243,571,0.639375,0.0,0.625,0,591,0,0,-8.59803258208558e-05,1.9745224714279175,1.5185277462005615,0.0009060446172952652,0.0,0.2648220658302307
649,guidance_0_capability_0_safety_0,1,0.026328125062718755,571,0.719375,0.0,0.75,0,847,0,0,-0.002242735354229808,1.7860262393951416,1.525376319885254,0.0006139416946098208,0.0,0.2680976390838623
650,guidance_0_capability_0_safety_0,1,0.009189453219732968,573,0.04375,0.0,0.0,0,37,0,0,-0.0007833705167286098,18.29180145263672,1.5359513759613037,0.0005130455829203129,0.0,0.25661468505859375
651,guidance_0_capability_0_safety_0,1,0.10941406042547897,573,0.351875,0.0,0.25,0,293,0,0,-0.00018728835857473314,3.1698384284973145,1.5535310506820679,0.0003161962958984077,0.0,0.25843361020088196
652,guidance_0_capability_0_safety_0,1,-0.017880862196761882,576,0.089375,0.0,0.0,0,83,0,0,-0.000513755134306848,43.560420989990234,1.5517877340316772,-0.001222027000039816,0.0,0.25243625044822693
653,guidance_0_capability_0_safety_0,1,0.08272460780062829,576,0.283125,0.0,0.25,0,339,0,0,-0.0005785869434475899,6.605172634124756,1.5574846267700195,1.3799251973978244e-05,0.0,0.2506861686706543
654,guidance_0_capability_0_safety_0,1,0.18115233995195013,578,0.138125,0.0,0.375,0,60,0,0,-0.0013446435332298279,23.73959732055664,1.566981554031372,0.0001772325485944748,0.0,0.24044761061668396
655,guidance_0_capability_0_safety_0,1,0.11114257687950158,580,0.025,0.0,0.0,0,12,0,0,-0.00048617710126563907,17.44350814819336,1.5656347274780273,0.0007042073411867023,0.0,0.2422507256269455
656,guidance_0_capability_0_safety_0,1,0.17821288878622,581,0.125,0.0,0.0,0,56,0,0,-0.0004117259231861681,12.090248107910156,1.560957431793213,0.00042212847620248795,0.0,0.25554168224334717
657,guidance_0_capability_0_safety_0,1,0.1352050774039526,583,0.24875,0.0,0.25,0,206,0,0,-0.0002678943274077028,18.53200912475586,1.563197135925293,-5.705421790480614e-05,0.0,0.25207310914993286
658,guidance_0_capability_0_safety_0,1,0.11340820141049335,585,0.2975,0.0,0.375,0,230,0,0,-0.0013114617904648185,17.29877471923828,1.5561184883117676,0.0007276707328855991,0.0,0.2484847754240036
659,guidance_0_capability_0_safety_0,1,0.09596679639071226,585,0.49875,0.0,0.5,0,486,0,0,-0.00024001114070415497,4.832152366638184,1.546107530593872,0.001362028531730175,0.0,0.2537343502044678
660,guidance_0_capability_0_safety_0,1,-0.02683593810070306,585,0.523125,0.0,0.5,0,742,0,0,-0.0035300739109516144,0.5093429684638977,1.547698974609375,-0.0002715224400162697,0.0,0.2568916082382202
661,guidance_0_capability_0_safety_0,1,-0.04743164131650701,585,0.52375,0.0,0.5,0,998,0,0,-0.01044744998216629,0.15491707623004913,1.5036920309066772,0.0007046996615827084,0.01171875,0.26652365922927856
662,guidance_0_capability_0_safety_0,1,0.11085937313328031,591,0.008125,0.0,0.0,0,2,0,0,0.004583486821502447,28.561752319335938,1.499617576599121,0.016380295157432556,0.1328125,0.2572922110557556
663,guidance_0_capability_0_safety_0,1,0.13253906141471816,591,0.239375,0.0,0.375,0,258,0,0,0.0025394102558493614,3.7614264488220215,1.398398756980896,0.005944916512817144,0.0325520858168602,0.29253169894218445
664,guidance_0_capability_0_safety_0,1,-0.022167969422298484,591,0.270625,0.0,0.375,0,514,0,0,-0.006745505146682262,0.6288278102874756,1.296525001525879,0.0024225697852671146,0.0013020833721384406,0.3402363657951355
665,guidance_0_capability_0_safety_0,1,-0.012246094483998604,591,0.31875,0.0,0.375,0,770,0,0,0.0027056755498051643,0.47168660163879395,1.243573546409607,0.007086087018251419,0.1080729216337204,0.35525044798851013
666,guidance_0_capability_0_safety_0,1,0.08469726354815066,592,0.186875,0.0,0.125,0,107,0,0,-0.0017163490410894156,2.9679646492004395,1.25797438621521,0.0023267213255167007,0.0,0.3620353639125824
667,guidance_0_capability_0_safety_0,1,0.08023437341034878,592,0.38375,0.0,0.125,0,363,0,0,-0.003828764893114567,1.2258238792419434,1.2506440877914429,-0.0005152529920451343,0.0,0.3680374026298523
668,guidance_0_capability_0_safety_0,1,-0.022148437667055987,592,0.4175,0.0,0.125,0,619,0,0,-0.0055624074302613735,0.13306906819343567,1.2151362895965576,0.0013826577924191952,0.02473958395421505,0.4040559232234955
669,guidance_0_capability_0_safety_0,1,-0.013261719308502506,593,0.056875,0.0,0.0,0,34,0,0,-0.008001348935067654,0.6682809591293335,1.2405074834823608,0.0019077025353908539,0.00911458395421505,0.3765079975128174
670,guidance_0_capability_0_safety_0,1,0.1616992178314831,593,0.308125,0.0,0.5,0,290,0,0,-0.0024506403133273125,1.6141705513000488,1.220810890197754,0.0027647865936160088,0.00911458395421505,0.3626558184623718
671,guidance_0_capability_0_safety_0,1,0.006855468556750566,593,0.36875,0.0,0.625,0,546,0,0,-0.008403182029724121,0.8286877870559692,1.1835227012634277,-0.00028144585667178035,0.0625,0.3940396010875702
672,guidance_0_capability_0_safety_0,1,-0.042529297119472176,593,0.36875,0.0,0.625,0,802,0,0,-0.005516650155186653,0.010819300077855587,1.1959720849990845,0.008855314925312996,0.046875,0.3769195079803467
673,guidance_0_capability_0_safety_0,1,0.17313476554409135,594,0.306875,0.0,0.25,0,183,0,0,-0.004296225495636463,4.514458656311035,1.2872085571289062,-8.832709863781929e-05,0.0559895858168602,0.3537549376487732
674,guidance_0_capability_0_safety_0,1,-0.03294921923952643,594,0.319375,0.0,0.25,0,439,0,0,-0.001023000106215477,1.9468739032745361,1.2330206632614136,0.0012685360852628946,0.0026041667442768812,0.37086495757102966
675,guidance_0_capability_0_safety_0,1,-0.006748047657310963,594,0.379375,0.0,0.25,0,695,0,0,-0.00662661250680685,1.0139168500900269,1.2031797170639038,0.005633872002363205,0.006510416977107525,0.4055723547935486
676,guidance_0_capability_0_safety_0,1,-0.02888671947584953,595,0.023125,0.0,0.0,0,10,0,0,-0.004105926491320133,0.521123468875885,1.2698078155517578,0.01149288471788168,0.1575520932674408,0.3857117295265198
677,guidance_0_capability_0_safety_0,1,0.15438476597410045,597,0.26125,0.0,0.0,0,192,0,0,-0.0007165595889091492,17.307518005371094,1.4521201848983765,0.0008452098700217903,0.0,0.29741188883781433
678,guidance_0_capability_0_safety_0,1,-0.05463867240177933,601,0.044375,0.0,0.0,0,19,0,0,-0.0009244463290087879,31.795894622802734,1.4093198776245117,0.0018852794310078025,0.0,0.3324432969093323
679,guidance_0_capability_0_safety_0,1,0.17434570082332357,603,0.125625,0.0,0.125,0,106,0,0,-0.0012007064651697874,17.88750457763672,1.4999423027038574,0.0008367658010683954,0.0,0.2773638963699341
680,guidance_0_capability_0_safety_0,1,0.04932617129088612,604,0.029375,0.0,0.0,0,20,0,0,-0.0014271624386310577,3.0654404163360596,1.3265800476074219,0.0004493929445743561,0.0,0.35738062858581543
681,guidance_0_capability_0_safety_0,1,0.13249023588286946,605,0.2,0.0,0.375,0,112,0,0,-0.000866726681124419,14.76472282409668,1.4903090000152588,0.001235096831806004,0.0,0.28206080198287964
682,guidance_0_capability_0_safety_0,1,-0.038232422433793545,605,0.2125,0.0,0.375,0,368,0,0,-0.0008985611493699253,0.17316508293151855,1.2695550918579102,0.00031894183484837413,0.0,0.38267216086387634
683,guidance_0_capability_0_safety_0,1,-0.011044922255678102,605,0.249375,0.0,0.5,0,624,0,0,-0.0021535633131861687,0.9992785453796387,1.249082088470459,0.0008341634529642761,0.0,0.40334904193878174
684,guidance_0_capability_0_safety_0,1,0.02240234226337634,606,0.0825,0.0,0.125,0,40,0,0,0.0005910377949476242,2.1598963737487793,1.2672911882400513,-0.00020224321633577347,0.0,0.39664196968078613
685,guidance_0_capability_0_safety_0,1,0.128876951897837,606,0.33625,0.0,0.375,0,296,0,0,-0.0005522066494449973,3.006726026535034,1.3198416233062744,-0.0006153978174552321,0.0,0.3803725242614746
686,guidance_0_capability_0_safety_0,1,-0.04951171940774657,606,0.33625,0.0,0.375,0,552,0,0,-0.0020814365707337856,0.38612228631973267,1.2301201820373535,0.001367156277410686,0.0,0.41422414779663086
687,guidance_0_capability_0_safety_0,1,-0.04628906317520887,606,0.338125,0.0,0.375,0,808,0,0,-0.005386427976191044,0.09259752929210663,1.211869716644287,0.0035274287220090628,0.0,0.4091302752494812
688,guidance_0_capability_0_safety_0,1,0.12488281341939,608,0.24625,0.0,0.375,0,211,0,0,0.0016786425840109587,14.487194061279297,1.3254542350769043,0.0058977133594453335,0.0377604179084301,0.330791175365448
689,guidance_0_capability_0_safety_0,1,0.0704492180084344,608,0.3875,0.0,0.625,0,467,0,0,0.004032558761537075,2.913257122039795,1.1630175113677979,0.0020818165503442287,0.0234375,0.42740029096603394
690,guidance_0_capability_0_safety_0,1,-0.013994141118018888,608,0.430625,0.0,0.625,0,723,0,0,-0.003637936431914568,0.32071825861930847,1.0827147960662842,0.0019018060993403196,0.0,0.4620480537414551
691,guidance_0_capability_0_safety_0,1,0.0693359374490683,609,0.158125,0.0,0.125,0,140,0,0,-0.003989480435848236,1.4305813312530518,1.071871042251587,0.0036933873780071735,0.0963541716337204,0.47518545389175415
692,guidance_0_capability_0_safety_0,1,-0.0052343754505272955,609,0.214375,0.0,0.125,0,396,0,0,-0.005155414342880249,1.2219326496124268,0.9357849955558777,0.003984179347753525,0.0,0.5448853969573975
693,guidance_0_capability_0_safety_0,1,-0.037587891274597496,609,0.218125,0.0,0.125,0,652,0,0,-0.0031339372508227825,0.21705593168735504,0.8420770168304443,0.0010266958270221949,0.0,0.6104184985160828
694,guidance_0_capability_0_safety_0,1,0.10407226297320449,610,0.149375,0.0,0.5,0,115,0,0,-0.0009287241846323013,2.816634178161621,0.9046356678009033,0.0013328082859516144,0.0,0.574741780757904
695,guidance_0_capability_0_safety_0,1,0.09492187372234184,610,0.364375,0.0,0.5,0,371,0,0,-0.00022833577531855553,1.9721981287002563,0.8105906248092651,0.0012133729178458452,0.0,0.6204140782356262
696,guidance_0_capability_0_safety_0,1,0.06349609325116035,610,0.528125,0.0,0.5,0,627,0,0,-0.0011993971420451999,1.9448277950286865,0.7682463526725769,-0.0006475296686403453,0.0,0.6718932390213013
697,guidance_0_capability_0_safety_0,1,0.10428710792257334,611,0.14625,0.0,0.0,0,92,0,0,-0.0014388670679181814,1.5692355632781982,0.8878211975097656,0.00032531237229704857,0.0,0.6231565475463867
698,guidance_0_capability_0_safety_0,1,0.1369140641327249,611,0.35375,0.0,0.5,0,348,0,0,-0.000798014341853559,1.6427479982376099,0.8139075040817261,0.0009129233658313751,0.0,0.6311043500900269
699,guidance_0_capability_0_safety_0,1,-0.020664063544245437,611,0.38375,0.0,0.5,0,604,0,0,-0.0019348494242876768,0.6337591409683228,0.766257643699646,0.0003159331972710788,0.0,0.6743402481079102
700,guidance_0_capability_0_safety_0,1,-0.0395507813009317,612,0.1275,0.0,0.125,0,79,0,0,-0.0011859502410516143,3.702502727508545,0.8952436447143555,0.000646402477286756,0.0,0.5983108878135681
701,guidance_0_capability_0_safety_0,1,0.14831054692331236,612,0.376875,0.0,0.5,0,335,0,0,-0.00047092512249946594,2.0627126693725586,0.8487908840179443,0.0001165405847132206,0.0,0.6292738318443298
702,guidance_0_capability_0_safety_0,1,0.020673828010330908,612,0.45375,0.0,0.625,0,591,0,0,-0.0014010404702275991,1.777838110923767,0.8338829874992371,-8.173504465958104e-05,0.0,0.6203885078430176
703,guidance_0_capability_0_safety_0,1,0.008320311753777787,613,0.040625,0.0,0.0,0,17,0,0,-0.0016526468098163605,0.8849339485168457,0.8473581075668335,0.000570291536860168,0.0,0.620477020740509
704,guidance_0_capability_0_safety_0,1,0.13801757907640422,613,0.326875,0.0,0.5,0,273,0,0,-0.0016771273221820593,2.9408140182495117,1.0456602573394775,0.000542435038369149,0.0,0.5212199091911316
705,guidance_0_capability_0_safety_0,1,0.1454882806428941,613,0.603125,0.0,0.625,0,529,0,0,-0.002715226262807846,2.750619649887085,0.9197260141372681,0.002182530704885721,0.0,0.5954918265342712
706,guidance_0_capability_0_safety_0,1,-0.030351563211297616,613,0.6175,0.0,0.625,0,785,0,0,-0.002398415934294462,0.4813394546508789,0.9138150215148926,5.4079730034573004e-05,0.0,0.5766558051109314
707,guidance_0_capability_0_safety_0,1,0.06876953143000719,615,0.185625,0.0,0.125,0,106,0,0,-0.0006215873872861266,15.239892959594727,1.0911940336227417,-2.568665331637021e-05,0.0,0.48319411277770996
708,guidance_0_capability_0_safety_0,1,0.049267578302533366,615,0.3275,0.0,0.125,0,362,0,0,-0.0009296294301748276,1.6360132694244385,1.0423660278320312,0.0008432973991148174,0.0,0.5179972052574158
709,guidance_0_capability_0_safety_0,1,0.0005761709762737155,615,0.3925,0.0,0.125,0,618,0,0,-0.0014055045321583748,0.40248823165893555,0.9914361238479614,-0.00104782625567168,0.0,0.5215376615524292
710,guidance_0_capability_0_safety_0,1,0.03713866950420197,616,0.065625,0.0,0.125,0,28,0,0,-5.190633237361908e-05,1.8993053436279297,1.0357921123504639,-0.000693135429173708,0.0,0.5138161182403564
711,guidance_0_capability_0_safety_0,1,0.1330957042737282,616,0.3025,0.0,0.375,0,284,0,0,-0.000340637459885329,2.896846294403076,1.115088701248169,-0.00022300434648059309,0.0,0.4644400477409363
712,guidance_0_capability_0_safety_0,1,-0.0343945318745682,616,0.31125,0.0,0.375,0,540,0,0,-0.0007472224533557892,0.5549962520599365,1.0444855690002441,-0.0005038934759795666,0.0,0.5020677447319031
713,guidance_0_capability_0_safety_0,1,-0.03836914127168711,616,0.314375,0.0,0.375,0,796,0,0,-0.0010788775980472565,0.04526672884821892,1.0147814750671387,0.001256445306353271,0.0,0.4989129900932312
714,guidance_0_capability_0_safety_0,1,0.13449218767345883,617,0.2425,0.0,0.25,0,176,0,0,-0.0008720491896383464,3.1072936058044434,1.1037442684173584,0.00015363268903456628,0.0,0.464081734418869
715,guidance_0_capability_0_safety_0,1,0.04347656236495823,617,0.356875,0.0,0.375,0,432,0,0,-0.0012766014551743865,0.6791796684265137,1.0160064697265625,0.0003108261153101921,0.0,0.5241923332214355
716,guidance_0_capability_0_safety_0,1,-0.01967773486103397,617,0.39,0.0,0.375,0,688,0,0,-0.0021012674551457167,0.3529956340789795,1.0000059604644775,-0.0007524670800194144,0.0,0.531715989112854
717,guidance_0_capability_0_safety_0,1,0.09062499691935955,619,0.16375,0.0,0.125,0,108,0,0,-0.00034560015774331987,14.075575828552246,1.1315138339996338,0.00045421425602398813,0.0,0.45975661277770996
718,guidance_0_capability_0_safety_0,1,0.06985351497860393,619,0.314375,0.0,0.25,0,364,0,0,-0.0017969568725675344,0.961024284362793,1.134796380996704,-0.0003701819514390081,0.0,0.4471316337585449
719,guidance_0_capability_0_safety_0,1,-0.0213769539113855,619,0.344375,0.0,0.25,0,620,0,0,-0.0015414347872138023,0.33123779296875,1.0702910423278809,-0.00019115814939141273,0.0,0.49599093198776245
720,guidance_0_capability_0_safety_0,1,-0.018095703362632776,620,0.013125,0.0,0.0,0,34,0,0,-0.0033872060012072325,0.8109330534934998,1.1320364475250244,0.0005633457913063467,0.0,0.4618093967437744
721,guidance_0_capability_0_safety_0,1,0.19715820010605967,621,0.3525,0.0,0.25,0,220,0,0,-0.0003104272182099521,12.244441986083984,1.2375764846801758,-0.0022804830223321915,0.0,0.37786349654197693
722,guidance_0_capability_0_safety_0,1,0.013896483433200046,621,0.42,0.0,0.375,0,476,0,0,-0.009059270843863487,0.4626506567001343,1.1828432083129883,0.005392931401729584,0.0364583358168602,0.451465368270874
723,guidance_0_capability_0_safety_0,1,0.11916015587121365,621,0.60875,0.0,0.75,0,732,0,0,-0.007092833518981934,7.455151557922363,1.361781120300293,0.004052324220538139,0.0481770858168602,0.3427504003047943
724,guidance_0_capability_0_safety_0,1,0.12604492090031272,622,0.07,0.0,0.25,0,38,0,0,-0.003240155754610896,5.100613594055176,1.3667577505111694,0.00375728658400476,0.0,0.3398221433162689
725,guidance_0_capability_0_safety_0,1,0.08716796966837137,622,0.21625,0.0,0.5,0,294,0,0,0.00018310050654690713,1.6411399841308594,1.4830939769744873,0.002922915620729327,0.0,0.2842229902744293
726,guidance_0_capability_0_safety_0,1,0.013857421399734449,622,0.285,0.0,0.5,0,550,0,0,-0.0009573251008987427,0.47291064262390137,1.4920549392700195,0.0006114257266744971,0.0,0.27157843112945557
727,guidance_0_capability_0_safety_0,1,0.03950195320794592,622,0.39625,0.0,0.5,0,806,0,0,0.00034002805477939546,2.547433853149414,1.4887580871582031,0.0009773611091077328,0.0,0.271210640668869
728,guidance_0_capability_0_safety_0,1,0.10126953111466719,623,0.238125,0.0,0.5,0,158,0,0,-0.0009292184258811176,1.6451530456542969,1.5115793943405151,0.000486880773678422,0.0,0.26647207140922546
729,guidance_0_capability_0_safety_0,1,0.04194335853753728,623,0.35125,0.0,0.5,0,414,0,0,-0.000622033141553402,1.2858242988586426,1.5265119075775146,-0.000561186287086457,0.0,0.25318440794944763
730,guidance_0_capability_0_safety_0,1,-0.01014648448472144,623,0.375,0.0,0.5,0,670,0,0,-0.0002687064406927675,0.3644561171531677,1.516575813293457,0.00013312985538505018,0.0,0.25804993510246277
731,guidance_0_capability_0_safety_0,1,0.0219140627195884,623,0.45625,0.0,0.5,0,926,0,0,-0.001019134884700179,1.678731918334961,1.5005252361297607,-5.6372955441474915e-06,0.0,0.2538920044898987
732,guidance_0_capability_0_safety_0,1,0.057011718996363925,626,0.2525,0.0,0.5,0,197,0,0,-7.163298869272694e-05,25.658832550048828,1.5193805694580078,0.0003310685860924423,0.0,0.2549469769001007
733,guidance_0_capability_0_safety_0,1,0.14733398425596533,626,0.51125,0.0,0.75,0,453,0,0,-0.0005605177721008658,6.705648422241211,1.4907026290893555,0.0003982420021202415,0.0,0.27308639883995056
734,guidance_0_capability_0_safety_0,1,0.0049414059685659595,626,0.564375,0.0,0.75,0,709,0,0,-0.007928339764475822,0.32000431418418884,1.5267070531845093,-0.0004931122530251741,0.0013020833721384406,0.25180232524871826
735,guidance_0_capability_0_safety_0,1,0.02272460929088993,627,0.03375,0.0,0.0,0,21,0,0,-0.0002873024786822498,1.2499419450759888,1.530405044555664,0.0017219365108758211,0.006510416977107525,0.2531924843788147
736,guidance_0_capability_0_safety_0,1,0.08351562344614649,627,0.215,0.0,0.125,0,277,0,0,-0.00313651654869318,1.5875108242034912,1.5759897232055664,0.003154449863359332,0.0,0.23704582452774048
737,guidance_0_capability_0_safety_0,1,0.11055663989827735,627,0.439375,0.0,0.25,0,533,0,0,0.0005313403671607375,1.531089186668396,1.5659708976745605,0.0016496599419042468,0.0,0.24309849739074707
738,guidance_0_capability_0_safety_0,1,0.05496093732290319,627,0.589375,0.0,0.25,0,789,0,0,-0.001429197145625949,2.6745574474334717,1.5548356771469116,-9.20790116651915e-05,0.0,0.24273042380809784
739,guidance_0_capability_0_safety_0,1,0.15734374682506314,628,0.084375,0.0,0.25,0,68,0,0,-0.0007577541982755065,7.411212921142578,1.5186861753463745,0.0005352500593289733,0.0,0.25641578435897827
740,guidance_0_capability_0_safety_0,1,0.24815429334557848,630,0.276875,0.0,0.375,0,153,0,0,-0.0006286256830208004,20.236392974853516,1.584951639175415,-0.0006330229225568473,0.0,0.22693046927452087
741,guidance_0_capability_0_safety_0,1,0.045009765366557986,630,0.41875,0.0,0.375,0,409,0,0,-0.0003173248842358589,2.009765625,1.5858739614486694,0.000532815174665302,0.0,0.22579562664031982
742,guidance_0_capability_0_safety_0,1,0.09417968586785719,630,0.619375,0.0,0.5,0,665,0,0,-0.0009101768955588341,3.0465080738067627,1.5682462453842163,0.00039814505726099014,0.0,0.2413630187511444
743,guidance_0_capability_0_safety_0,1,-0.008632812721771188,630,0.674375,0.0,0.5,0,921,0,0,-0.0013187819859012961,1.0202865600585938,1.550116777420044,-0.00039035006193444133,0.0,0.24552933871746063
744,guidance_0_capability_0_safety_0,1,0.19913085787993623,631,0.33,0.0,0.25,0,204,0,0,-0.0018899168353527784,4.216019630432129,1.594395637512207,-4.860495027969591e-05,0.0,0.22657959163188934
745,guidance_0_capability_0_safety_0,1,0.10453124844934791,631,0.575625,0.0,0.375,0,460,0,0,0.00012190950656076893,2.870077133178711,1.5734494924545288,-0.00023716222494840622,0.0,0.23942069709300995
746,guidance_0_capability_0_safety_0,1,-0.019140627002343535,632,0.02125,0.0,0.0,0,11,0,0,-0.00041437987238168716,2.8841848373413086,1.5772664546966553,-0.00019080424681305885,0.0,0.23451977968215942
747,guidance_0_capability_0_safety_0,1,0.16906249737075996,632,0.348125,0.0,0.375,0,267,0,0,-0.000957872427534312,4.934787750244141,1.6111482381820679,-0.0004163047706242651,0.0,0.2218320071697235
748,guidance_0_capability_0_safety_0,1,0.09063476460869424,632,0.51,0.0,0.625,0,523,0,0,-0.0023887879215180874,2.324787139892578,1.6068785190582275,-0.0009206298273056746,0.0,0.2222098559141159
749,guidance_0_capability_0_safety_0,1,0.06774413877428742,632,0.660625,0.0,0.875,0,779,0,0,-0.0016923451330512762,4.443824768066406,1.5872578620910645,0.00033508831984363496,0.0,0.22699013352394104
750,guidance_0_capability_0_safety_0,1,0.10949218698806362,633,0.14375,0.0,0.0,0,78,0,0,-0.001946633099578321,3.3331682682037354,1.5593926906585693,-0.0011546615278348327,0.0,0.2428130805492401
751,guidance_0_capability_0_safety_0,1,0.13679687252442818,633,0.374375,0.0,0.375,0,334,0,0,-0.002247446682304144,4.665771484375,1.5953415632247925,0.0016021891497075558,0.0,0.22935591638088226
752,guidance_0_capability_0_safety_0,1,0.1624121060303878,633,0.611875,0.0,1.0,0,590,0,0,-0.00016002140182536095,3.744840621948242,1.562261939048767,0.00014124438166618347,0.0,0.2479177564382553
753,guidance_0_capability_0_safety_0,1,0.045009765613940544,633,0.7525,0.0,1.0,0,846,0,0,-0.0023451647721230984,2.2961716651916504,1.5499067306518555,-0.0002686271909624338,0.0,0.2509748339653015
754,guidance_0_capability_0_safety_0,1,0.0985449212603271,636,0.201875,0.0,0.375,0,135,0,0,0.0001116128041758202,27.42993927001953,1.5565845966339111,0.0001384050992783159,0.0,0.2428676337003708
755,guidance_0_capability_0_safety_0,1,0.15265625098254532,636,0.485625,0.0,0.75,0,391,0,0,-0.0015535270795226097,4.858437538146973,1.5681103467941284,0.00022442787303589284,0.0,0.23581638932228088
756,guidance_0_capability_0_safety_0,1,0.06734374932420906,636,0.6425,0.0,0.875,0,647,0,0,-0.00502370810136199,2.1766490936279297,1.5416467189788818,-2.889529241656419e-05,0.0,0.24682915210723877
757,guidance_0_capability_0_safety_0,1,-0.03402343783818651,636,0.655625,0.0,0.875,0,903,0,0,-0.001670611440204084,0.7256600856781006,1.5519084930419922,0.0037591364234685898,0.01171875,0.25276610255241394
758,guidance_0_capability_0_safety_0,1,0.21380859248165507,637,0.32625,0.0,0.375,0,202,0,0,-0.0019791058730334044,3.7437148094177246,1.5505918264389038,0.0012907579075545073,0.0,0.24618038535118103
759,guidance_0_capability_0_safety_0,1,0.16261718593887053,637,0.615625,0.0,0.625,0,458,0,0,-0.0018457795958966017,1.842859148979187,1.5481371879577637,0.0003943806514143944,0.0,0.24101349711418152
760,guidance_0_capability_0_safety_0,1,0.08065429674024926,637,0.789375,0.0,0.75,0,714,0,0,-0.0013345207553356886,2.233588457107544,1.5427621603012085,-0.0015243478119373322,0.0,0.2397095412015915
761,guidance_0_capability_0_safety_0,1,-0.012744140840368345,637,0.820625,0.0,0.75,0,970,0,0,-0.0002387849090155214,1.0785365104675293,1.5410475730895996,-0.00023340449843090028,0.0,0.23680707812309265
762,guidance_0_capability_0_safety_0,1,0.16083007835186436,638,0.3,0.0,0.125,0,226,0,0,-0.004813039675354958,3.7963147163391113,1.529449224472046,0.0026741004548966885,0.0,0.24584119021892548
763,guidance_0_capability_0_safety_0,1,0.10704101617375272,638,0.515625,0.0,0.25,0,482,0,0,0.0020217187702655792,2.028296947479248,1.519484519958496,0.0035331929102540016,0.0,0.2535099387168884
764,guidance_0_capability_0_safety_0,1,0.053964843529684,638,0.62875,0.0,0.5,0,738,0,0,-0.0013110998552292585,2.0243115425109863,1.5064847469329834,0.0005321239004842937,0.0,0.2555558383464813
765,guidance_0_capability_0_safety_0,1,0.0938281231901783,639,0.129375,0.0,0.125,0,57,0,0,-0.0017715258290991187,2.1901586055755615,1.4909533262252808,0.0021085087209939957,0.0,0.2616525888442993
766,guidance_0_capability_0_safety_0,1,0.08551757744862698,639,0.311875,0.0,0.25,0,313,0,0,0.0009177147294394672,4.0351881980896,1.480778455734253,-0.0002908172900788486,0.0,0.2780802845954895
767,guidance_0_capability_0_safety_0,1,0.2295214840778499,639,0.6675,0.0,0.75,0,569,0,0,5.254211828287225e-06,11.817302703857422,1.4962482452392578,0.00011080333206336945,0.0,0.2623140811920166
768,guidance_0_capability_0_safety_0,1,0.05257812472700607,639,0.8,0.0,0.75,0,825,0,0,-0.0014040712267160416,1.3864052295684814,1.4874486923217773,6.159162148833275e-05,0.0,0.26927030086517334
769,guidance_0_capability_0_safety_0,1,0.11166015494018211,640,0.1825,0.0,0.25,0,81,0,0,-0.000588676892220974,3.207235336303711,1.4965567588806152,0.0005469207535497844,0.0,0.26612597703933716
770,guidance_0_capability_0_safety_0,1,0.04455078071623575,640,0.321875,0.0,0.25,0,337,0,0,-0.00016866128135006875,4.837869644165039,1.482283115386963,-0.00043034166446886957,0.0,0.2732960283756256
771,guidance_0_capability_0_safety_0,1,-0.00480468780733645,640,0.37875,0.0,0.25,0,593,0,0,-0.00021549066877923906,4.462716102600098,1.4959192276000977,-0.00035689276410266757,0.0,0.27535784244537354
772,guidance_0_capability_0_safety_0,1,-0.04181640813476406,640,0.395625,0.0,0.375,0,849,0,0,4.26536425948143e-05,3.1435115337371826,1.4896043539047241,-0.0001881052739918232,0.0,0.26858922839164734
773,guidance_0_capability_0_safety_0,1,0.19243164034196525,641,0.203125,0.0,0.25,0,105,0,0,-0.0005032181506976485,5.182568550109863,1.4867093563079834,0.0004011007840745151,0.0,0.2584444284439087
774,guidance_0_capability_0_safety_0,1,0.15324218808382284,641,0.481875,0.0,0.5,0,361,0,0,-0.0014888409059494734,2.4770865440368652,1.495728850364685,0.0006276158383116126,0.0,0.2742316424846649
775,guidance_0_capability_0_safety_0,1,0.10817382573441137,641,0.696875,0.0,0.625,0,617,0,0,1.1241063475608826e-05,3.2358877658843994,1.5099732875823975,0.0010862507624551654,0.0,0.27588170766830444
776,guidance_0_capability_0_safety_0,1,0.0027636716404231265,641,0.76625,0.0,0.625,0,873,0,0,-0.0026218374259769917,1.138063907623291,1.5055822134017944,0.003803818952292204,0.0,0.2638576030731201
777,guidance_0_capability_0_safety_0,1,0.04752929736423539,643,0.13875,0.0,0.0,0,119,0,0,-0.0010293617378920317,12.538981437683105,1.5116472244262695,0.0005065038567408919,0.0,0.2627604901790619
778,guidance_0_capability_0_safety_0,1,0.24625976657989668,643,0.459375,0.0,0.875,0,375,0,0,0.0003290133026894182,8.33418083190918,1.5146615505218506,-0.00015720492228865623,0.0,0.25829893350601196
779,guidance_0_capability_0_safety_0,1,0.011953124809224391,643,0.535,0.0,0.875,0,631,0,0,-8.209298539441079e-05,0.6871591806411743,1.5070632696151733,0.0001410660333931446,0.0,0.2656927704811096
780,guidance_0_capability_0_safety_0,1,-0.021298828429280547,643,0.550625,0.0,0.875,0,887,0,0,-0.0010391436517238617,0.1339799165725708,1.5025012493133545,-0.0004912310978397727,0.0,0.25724512338638306
781,guidance_0_capability_0_safety_0,1,0.17917968681285856,644,0.263125,0.0,0.5,0,143,0,0,-0.0003086632932536304,4.555356025695801,1.4921053647994995,0.0012336184736341238,0.0,0.268279105424881
782,guidance_0_capability_0_safety_0,1,0.16916015524111572,646,0.026875,0.0,0.0,0,11,0,0,-0.0004786818171851337,21.0457763671875,1.49253249168396,-0.0006464535836130381,0.0,0.27160531282424927
783,guidance_0_capability_0_safety_0,1,0.18471679781578132,646,0.336875,0.0,0.5,0,267,0,0,-0.00010170166933676228,5.910309791564941,1.497141718864441,1.0047186151496135e-05,0.0,0.26713794469833374
784,guidance_0_capability_0_safety_0,1,0.03947265652459464,646,0.44625,0.0,0.625,0,523,0,0,-0.0003765082801692188,1.3060269355773926,1.4778952598571777,-3.019549694727175e-05,0.0,0.27016550302505493
785,guidance_0_capability_0_safety_0,1,-0.033652343292487785,646,0.464375,0.0,0.75,0,779,0,0,-0.00045229215174913406,1.1910982131958008,1.4820493459701538,2.2527374312630855e-05,0.0,0.27308493852615356
786,guidance_0_capability_0_safety_0,1,0.0293945306148089,647,0.07625,0.0,0.125,0,35,0,0,-0.0014296745648607612,1.4002630710601807,1.4826841354370117,0.0005697120795957744,0.0,0.274715393781662
787,guidance_0_capability_0_safety_0,1,0.05313476540322881,647,0.230625,0.0,0.125,0,291,0,0,0.000712203502189368,2.4162111282348633,1.513595461845398,9.988248348236084e-05,0.0,0.25977739691734314
788,guidance_0_capability_0_safety_0,1,0.02475586029322585,647,0.32625,0.0,0.125,0,547,0,0,-4.2710453271865845e-05,1.8150205612182617,1.4958242177963257,-0.00019651683396659791,0.0,0.26561659574508667
789,guidance_0_capability_0_safety_0,1,0.16207031240992364,649,0.159375,0.0,0.125,0,97,0,0,-0.00029454444302245975,13.564002990722656,1.5299792289733887,0.00036616623401641846,0.0,0.250680148601532
790,guidance_0_capability_0_safety_0,1,0.15247070229088422,649,0.4125,0.0,0.5,0,353,0,0,5.822566890856251e-05,6.859289646148682,1.5101913213729858,-1.4680903404951096e-05,0.0,0.25879913568496704
791,guidance_0_capability_0_safety_0,1,0.09818359305427293,649,0.57625,0.0,0.75,0,609,0,0,-9.077508002519608e-05,7.313949108123779,1.4918192625045776,6.832368671894073e-05,0.0,0.27137482166290283
792,guidance_0_capability_0_safety_0,1,-0.0022265631596383173,649,0.62625,0.0,0.75,0,865,0,0,-0.00212722085416317,0.2331314980983734,1.5096898078918457,0.0006905896589159966,0.0,0.25704699754714966
793,guidance_0_capability_0_safety_0,1,0.10484374912994099,650,0.17125,0.0,0.25,0,121,0,0,0.0035492335446178913,1.5204641819000244,1.4977445602416992,0.0002898957463912666,0.0,0.26146161556243896
794,guidance_0_capability_0_safety_0,1,0.10566406180805643,650,0.346875,0.0,0.625,0,377,0,0,-0.002263805828988552,4.037096977233887,1.5034593343734741,1.2057523235853296e-05,0.0,0.26533010601997375
795,guidance_0_capability_0_safety_0,1,0.08605468777386704,650,0.528125,0.0,0.75,0,633,0,0,2.864437919924967e-05,3.4565186500549316,1.4725898504257202,-0.00042008329182863235,0.0,0.26837795972824097
796,guidance_0_capability_0_safety_0,1,0.08623046821230673,650,0.708125,0.0,0.875,0,889,0,0,-0.000717905058991164,5.448190689086914,1.476174235343933,-0.0008308065007440746,0.0,0.264516681432724
797,guidance_0_capability_0_safety_0,1,0.164433594840375,651,0.25,0.0,0.125,0,145,0,0,-0.0006056682905182242,2.233388662338257,1.4987871646881104,5.7287206800538115e-06,0.0,0.26081693172454834
798,guidance_0_capability_0_safety_0,1,0.12627929851441877,651,0.458125,0.0,0.5,0,401,0,0,-0.00174430082552135,3.2512478828430176,1.497572898864746,-0.0001297594717470929,0.0,0.2678995430469513
799,guidance_0_capability_0_safety_0,1,0.05707031278871,651,0.595,0.0,0.625,0,657,0,0,-0.0008163917809724808,2.086945056915283,1.490626335144043,0.00025616385391913354,0.0,0.26279234886169434
800,guidance_0_capability_0_safety_0,1,0.040322265653230716,651,0.68625,0.0,0.875,0,913,0,0,-0.001115391030907631,1.4046905040740967,1.4895542860031128,-0.000647341541480273,0.0,0.2624785900115967
801,guidance_0_capability_0_safety_0,1,0.11571288995037321,652,0.1875,0.0,0.375,0,169,0,0,-0.0013692391803488135,2.78452205657959,1.49521803855896,-0.0006666765548288822,0.0,0.2576819360256195
802,guidance_0_capability_0_safety_0,1,0.12986328070473974,652,0.43375,0.0,0.75,0,425,0,0,-0.0015060303267091513,5.192038536071777,1.5016179084777832,0.0003878978895954788,0.0,0.252914696931839
803,guidance_0_capability_0_safety_0,1,0.0634765622089617,652,0.59625,0.0,0.75,0,681,0,0,-0.0005186614580452442,1.9127825498580933,1.4927458763122559,-0.00021718830976169556,0.0,0.25531086325645447
804,guidance_0_capability_0_safety_0,1,0.002499999707652023,652,0.648125,0.0,0.75,0,937,0,0,-0.0015764615964144468,0.780938446521759,1.4925117492675781,0.0007674534572288394,0.0,0.2598447799682617
805,guidance_0_capability_0_safety_0,1,0.1607812496513361,653,0.276875,0.0,0.25,0,193,0,0,-0.002060986589640379,2.1515209674835205,1.5438573360443115,0.0009318777592852712,0.0,0.2569270730018616
806,guidance_0_capability_0_safety_0,1,0.23585937519965228,653,0.643125,0.0,0.75,0,449,0,0,0.0005844584666192532,6.579689979553223,1.5353727340698242,0.0006486770580522716,0.0,0.24436268210411072
807,guidance_0_capability_0_safety_0,1,0.053544919690466486,653,0.7825,0.0,0.875,0,705,0,0,-0.001479349797591567,0.8934931755065918,1.5217952728271484,-0.00025516640744172037,0.0,0.2539919316768646
808,guidance_0_capability_0_safety_0,1,-0.0007714844796282705,653,0.8475,0.0,0.875,0,961,0,0,-0.0002840369415935129,0.4544726610183716,1.5528252124786377,0.0002568576892372221,0.0026041667442768812,0.23281507194042206
809,guidance_0_capability_0_safety_0,1,0.19967773214739282,654,0.3325,0.0,0.375,0,217,0,0,-0.00035873273736797273,2.8802928924560547,1.557035207748413,-0.001565494341775775,0.0,0.23779737949371338
810,guidance_0_capability_0_safety_0,1,0.13706054769136244,654,0.58875,0.0,0.625,0,473,0,0,-0.0019196713110432029,1.8947733640670776,1.5618151426315308,0.000531595665961504,0.0,0.23187470436096191
811,guidance_0_capability_0_safety_0,1,0.04626953127444722,654,0.709375,0.0,0.75,0,729,0,0,-0.004005547612905502,0.861426830291748,1.569027304649353,-5.140124812896829e-06,0.0,0.23423248529434204
812,guidance_0_capability_0_safety_0,1,-0.008183594185538823,654,0.75,0.0,0.75,0,985,0,0,-0.0020164824090898037,0.3826535940170288,1.5688703060150146,0.001953654922544956,0.0,0.23290547728538513
813,guidance_0_capability_0_safety_0,1,0.18496093603243935,655,0.25625,0.0,0.375,0,241,0,0,-0.0030939884018152952,5.472450256347656,1.5959233045578003,3.117680171271786e-05,0.0,0.22564154863357544
814,guidance_0_capability_0_safety_0,1,0.15326171852939297,655,0.535,0.0,0.625,0,497,0,0,-0.0007141277892515063,6.990632057189941,1.5906370878219604,0.001892453758046031,0.0,0.2197083681821823
815,guidance_0_capability_0_safety_0,1,0.06667968675901648,655,0.701875,0.0,0.75,0,753,0,0,0.00010048381227534264,3.273050308227539,1.5768470764160156,-0.0005981169524602592,0.0,0.22966620326042175
816,guidance_0_capability_0_safety_0,1,-0.028525392088340595,656,0.02875,0.0,0.125,0,12,0,0,-0.00039354650652967393,2.5772995948791504,1.5596246719360352,-0.00028418097645044327,0.0,0.24129585921764374
817,guidance_0_capability_0_safety_0,1,0.2032421876938315,656,0.383125,0.0,0.375,0,268,0,0,-0.0012945681810379028,3.9847493171691895,1.5930713415145874,-0.00021216180175542831,0.0,0.21726885437965393
818,guidance_0_capability_0_safety_0,1,-0.0003125007642665878,656,0.44625,0.0,0.5,0,524,0,0,-0.0002811265585478395,3.476935386657715,1.5678606033325195,0.0008621517335996032,0.0,0.23283827304840088
819,guidance_0_capability_0_safety_0,1,0.09265624872932676,660,0.093125,0.0,0.25,0,42,0,0,-0.0009348603780381382,58.560035705566406,1.5949292182922363,0.0006361287087202072,0.0,0.22343051433563232
820,guidance_0_capability_0_safety_0,1,0.061308593314606696,660,0.244375,0.0,0.375,0,298,0,0,0.00035065319389104843,2.254061698913574,1.6067512035369873,-0.0005044298013672233,0.0,0.21325108408927917
821,guidance_0_capability_0_safety_0,1,0.09055663995968644,660,0.4575,0.0,0.375,0,554,0,0,-0.0009558837627992034,3.5471127033233643,1.5728834867477417,-8.776116737863049e-05,0.0,0.22773030400276184
822,guidance_0_capability_0_safety_0,1,0.07689453074999619,660,0.630625,0.0,0.5,0,810,0,0,-0.00032081175595521927,4.0945329666137695,1.5734827518463135,-0.00011546692985575646,0.0,0.233168363571167
823,guidance_0_capability_0_safety_0,1,0.1612207025027601,661,0.150625,0.0,0.25,0,66,0,0,-0.0005415963823907077,5.5738725662231445,1.568254828453064,0.00016357889398932457,0.0,0.2229522168636322
824,guidance_0_capability_0_safety_0,1,0.01953124935971573,661,0.234375,0.0,0.375,0,322,0,0,0.0003739120438694954,4.90610408782959,1.600193738937378,-9.621819481253624e-05,0.0,0.2155594825744629
825,guidance_0_capability_0_safety_0,1,0.09624023246578872,661,0.419375,0.0,0.625,0,578,0,0,-0.001667145872488618,4.386945724487305,1.5773921012878418,-0.0007673688232898712,0.0,0.22481569647789001
826,guidance_0_capability_0_safety_0,1,-0.03000976586190518,661,0.440625,0.0,0.625,0,834,0,0,-0.0031053952407091856,1.0338656902313232,1.5632261037826538,0.002019039820879698,0.0,0.23904359340667725
827,guidance_0_capability_0_safety_0,1,0.10520507670298684,663,0.10125,0.0,0.125,0,47,0,0,-0.0011473342310637236,11.726146697998047,1.5798366069793701,0.0013444682117551565,0.0,0.22843453288078308
828,guidance_0_capability_0_safety_0,1,0.03830078065220732,663,0.255,0.0,0.125,0,303,0,0,-0.0015945251798257232,2.0008323192596436,1.5997495651245117,0.0005067931488156319,0.0,0.2148977816104889
829,guidance_0_capability_0_safety_0,1,0.17412109148062882,663,0.523125,0.0,0.625,0,559,0,0,0.0006934724515303969,9.848699569702148,1.6047983169555664,-8.7875723693287e-06,0.0,0.213081955909729
830,guidance_0_capability_0_safety_0,1,0.00195312435971573,663,0.60375,0.0,0.75,0,815,0,0,-0.0016332868253812194,2.3187859058380127,1.6046708822250366,0.00024719088105484843,0.0,0.21575960516929626
831,guidance_0_capability_0_safety_0,1,0.16291992155311164,665,0.12375,0.0,0.125,0,55,0,0,0.0008318101754412055,19.25045394897461,1.5999324321746826,0.0014681353932246566,0.0,0.21494385600090027
832,guidance_0_capability_0_safety_0,1,0.13746093788358849,665,0.365,0.0,0.5,0,311,0,0,-0.0006925448542460799,2.4898154735565186,1.6024494171142578,0.0003714560007210821,0.0,0.21964216232299805
833,guidance_0_capability_0_safety_0,1,0.05100585850595962,665,0.499375,0.0,0.625,0,567,0,0,-0.006695676129311323,0.9077004194259644,1.59422767162323,0.0006510363891720772,0.0,0.2153138369321823
834,guidance_0_capability_0_safety_0,1,0.07222656206067768,665,0.665,0.0,0.75,0,823,0,0,-0.004916680045425892,3.2967491149902344,1.5957913398742676,0.0021080912556499243,0.0,0.21680518984794617
835,guidance_0_capability_0_safety_0,1,0.12229492067126557,666,0.145,0.0,0.0,0,79,0,0,-0.0016622174298390746,1.5195839405059814,1.5852222442626953,-0.003096191678196192,0.0,0.22722017765045166
836,guidance_0_capability_0_safety_0,1,0.23080078019120265,666,0.469375,0.0,0.75,0,335,0,0,-0.0007513755699619651,3.324338436126709,1.5590665340423584,-0.001737702637910843,0.0,0.23313245177268982
837,guidance_0_capability_0_safety_0,1,0.09052734243960003,666,0.639375,0.0,1.0,0,591,0,0,-0.0018546910723671317,2.065688371658325,1.5582778453826904,-0.001657655811868608,0.0,0.2391194999217987
838,guidance_0_capability_0_safety_0,1,0.05830078020517249,666,0.8,0.0,1.0,0,847,0,0,-0.0009105494245886803,0.6252208948135376,1.5613759756088257,0.0034413859248161316,0.0,0.2340833842754364
839,guidance_0_capability_0_safety_0,1,0.1301074201182928,667,0.214375,0.0,0.125,0,103,0,0,0.0013581098755821586,1.495084524154663,1.5925571918487549,1.9366543710930273e-05,0.0,0.22317473590373993
840,guidance_0_capability_0_safety_0,1,0.13198242121143267,667,0.470625,0.0,0.25,0,359,0,0,0.0006707872962579131,3.7016968727111816,1.5663665533065796,0.0014524392317980528,0.0,0.23104897141456604
841,guidance_0_capability_0_safety_0,1,0.06785156000114512,667,0.590625,0.0,0.625,0,615,0,0,-0.0005636545829474926,3.5744686126708984,1.586578607559204,-0.00040704774437472224,0.0,0.23028473556041718
842,guidance_0_capability_0_safety_0,1,-0.014462890940194484,667,0.61875,0.0,0.625,0,871,0,0,-0.001336434273980558,0.8728587627410889,1.5939698219299316,0.0003946743381675333,0.0,0.21856097877025604
843,guidance_0_capability_0_safety_0,1,0.0919531255349284,668,0.220625,0.0,0.0,0,127,0,0,-0.001353318803012371,1.11391019821167,1.5776307582855225,-0.00015382919809781015,0.0,0.22997687757015228
844,guidance_0_capability_0_safety_0,1,0.09328124653256964,669,0.193125,0.0,0.125,0,90,0,0,0.0020778458565473557,18.875606536865234,1.5780363082885742,-0.00044369621900841594,0.0,0.22993984818458557
845,guidance_0_capability_0_safety_0,1,0.11945312474563252,669,0.4425,0.0,0.25,0,346,0,0,-0.00041974353371188045,3.0784835815429688,1.5880635976791382,2.2077312678447925e-05,0.0,0.22221478819847107
846,guidance_0_capability_0_safety_0,1,0.08421874972918886,673,0.039375,0.0,0.125,0,16,0,0,-0.00026443260139785707,47.46283721923828,1.575094223022461,0.0006365614826790988,0.0,0.23313891887664795
847,guidance_0_capability_0_safety_0,1,0.1544531239233038,673,0.331875,0.0,0.25,0,272,0,0,-0.001285642385482788,3.8073034286499023,1.5875329971313477,0.0008790916763246059,0.0,0.22368280589580536
848,guidance_0_capability_0_safety_0,1,-0.03249023533135187,673,0.359375,0.0,0.25,0,528,0,0,-0.00036294199526309967,1.617915153503418,1.5755647420883179,0.00043411896331235766,0.0,0.23190468549728394
849,guidance_0_capability_0_safety_0,1,0.1246679680334637,673,0.599375,0.0,0.5,0,784,0,0,-0.0007852971320971847,5.909322738647461,1.5784480571746826,0.0005551069043576717,0.0,0.2277982532978058
850,guidance_0_capability_0_safety_0,1,0.016787107666459633,674,0.07125,0.0,0.125,0,40,0,0,-0.0013920320197939873,0.9466903209686279,1.5768020153045654,0.0002905245346482843,0.0,0.22252440452575684
851,guidance_0_capability_0_safety_0,1,0.058349608327262104,674,0.22,0.0,0.25,0,296,0,0,-0.00016934736049734056,2.185304880142212,1.5893170833587646,0.0010932108853012323,0.0,0.22108541429042816
852,guidance_0_capability_0_safety_0,1,0.17693359220720595,674,0.494375,0.0,0.75,0,552,0,0,0.00015576323494315147,11.028327941894531,1.5663659572601318,0.00012035621330142021,0.0,0.23325958847999573
853,guidance_0_capability_0_safety_0,1,0.05995117095881142,674,0.639375,0.0,0.875,0,808,0,0,-0.0004202521813567728,3.4509849548339844,1.5643024444580078,0.000128844752907753,0.0,0.23208408057689667
854,guidance_0_capability_0_safety_0,1,0.08333984334240085,675,0.138125,0.0,0.25,0,64,0,0,-0.001285617589019239,1.6981130838394165,1.582284927368164,-0.0002662187325768173,0.0,0.22765421867370605
855,guidance_0_capability_0_safety_0,1,0.08148437445197487,675,0.344375,0.0,0.25,0,320,0,0,-0.0013593597104772925,3.072573184967041,1.585463047027588,0.00037656136555597186,0.0,0.22937291860580444
856,guidance_0_capability_0_safety_0,1,0.16100585914682597,675,0.625,0.0,0.625,0,576,0,0,-0.001037961570546031,5.477981090545654,1.5647872686386108,0.0008643760229460895,0.0,0.23026446998119354
857,guidance_0_capability_0_safety_0,1,0.021396483480202733,675,0.695,0.0,0.75,0,832,0,0,-0.0011756954481825233,1.326338529586792,1.5822911262512207,0.00035221860161982477,0.0,0.22686046361923218
858,guidance_0_capability_0_safety_0,1,0.11630859220895218,676,0.151875,0.0,0.25,0,88,0,0,-0.0010709691559895873,2.3390567302703857,1.589238166809082,0.0001915403117891401,0.0,0.2278745174407959
859,guidance_0_capability_0_safety_0,1,0.12657226536248345,676,0.403125,0.0,0.375,0,344,0,0,-0.00096853420836851,1.8942993879318237,1.5720760822296143,0.0005672507686540484,0.0,0.22750703990459442
860,guidance_0_capability_0_safety_0,1,0.10949218670430128,676,0.611875,0.0,0.625,0,600,0,0,-0.001362824346870184,3.6190969944000244,1.5460240840911865,0.0008639753796160221,0.0,0.2341778576374054
861,guidance_0_capability_0_safety_0,1,0.060986327545833774,676,0.74,0.0,0.875,0,856,0,0,-0.00020787927496712655,5.078317642211914,1.5456475019454956,0.00025406433269381523,0.0,0.23723885416984558
862,guidance_0_capability_0_safety_0,1,0.14186523439639132,677,0.2125,0.0,0.25,0,112,0,0,-0.0012068587820976973,1.2279267311096191,1.5654265880584717,-2.179372495447751e-05,0.0,0.23382329940795898
863,guidance_0_capability_0_safety_0,1,0.19715820416604402,677,0.55875,0.0,0.5,0,368,0,0,-0.00037128571420907974,1.63418710231781,1.5789698362350464,0.0006541876937262714,0.0,0.22273290157318115
864,guidance_0_capability_0_safety_0,1,0.055576171216671355,677,0.703125,0.0,0.625,0,624,0,0,-0.0016767827328294516,3.4246749877929688,1.577350378036499,-9.513895201962441e-05,0.0,0.22488610446453094
865,guidance_0_capability_0_safety_0,1,0.041044919737032615,677,0.79875,0.0,0.875,0,880,0,0,-0.002039693994447589,1.41716730594635,1.5555219650268555,0.001712172175757587,0.0,0.23662826418876648
866,guidance_0_capability_0_safety_0,1,0.14608398443670012,678,0.26375,0.0,0.125,0,136,0,0,-0.002079762052744627,2.128452777862549,1.5799586772918701,0.0034341556020081043,0.0,0.22717082500457764
867,guidance_0_capability_0_safety_0,1,0.1284277352533536,678,0.50375,0.0,0.375,0,392,0,0,4.802116745850071e-05,3.2185564041137695,1.5714871883392334,-0.0015986374346539378,0.0,0.23407261073589325
868,guidance_0_capability_0_safety_0,1,0.0444726551650092,678,0.619375,0.0,0.5,0,648,0,0,0.00029680816805921495,1.9579887390136719,1.5840413570404053,0.00012920144945383072,0.0,0.22453320026397705
869,guidance_0_capability_0_safety_0,1,0.03549804553040303,678,0.73375,0.0,0.625,0,904,0,0,-0.0020048953592777252,0.9320031404495239,1.5886471271514893,-0.0006409040652215481,0.0,0.22146475315093994
870,guidance_0_capability_0_safety_0,1,0.13375000020459993,680,0.068125,0.0,0.0,0,30,0,0,0.00034299585968255997,18.05052947998047,1.5972027778625488,0.0008233577827923,0.0,0.22137096524238586
871,guidance_0_capability_0_safety_0,1,0.1434667928115232,680,0.326875,0.0,0.5,0,286,0,0,-0.0013074217131361365,3.659463405609131,1.5955283641815186,0.0014137967955321074,0.0,0.22227802872657776
872,guidance_0_capability_0_safety_0,1,0.14817382785258815,680,0.609375,0.0,0.75,0,542,0,0,0.0006214288878254592,5.667595863342285,1.6009972095489502,0.00022317485127132386,0.0,0.2208942025899887
873,guidance_0_capability_0_safety_0,1,0.06025390577633516,682,0.16125,0.0,0.375,0,72,0,0,-0.0013353899121284485,32.853965759277344,1.592315673828125,0.000440151896327734,0.0,0.22139744460582733
874,guidance_0_capability_0_safety_0,1,0.05320312347612344,682,0.32,0.0,0.5,0,328,0,0,-0.0004475025343708694,2.0729856491088867,1.613556146621704,0.00040289777098223567,0.0,0.2106575220823288
875,guidance_0_capability_0_safety_0,1,0.12734374836145435,682,0.559375,0.0,0.75,0,584,0,0,-0.0007501672953367233,6.818735122680664,1.5919597148895264,-0.00014170710346661508,0.0,0.22521603107452393
876,guidance_0_capability_0_safety_0,1,0.0966015618723759,682,0.749375,0.0,0.875,0,840,0,0,-0.0009467434138059616,2.1319146156311035,1.593562126159668,-0.0005032757180742919,0.0,0.22024840116500854
877,guidance_0_capability_0_safety_0,1,0.03391601447947323,684,0.0925,0.0,0.0,0,81,0,0,-0.0014367594849318266,17.365320205688477,1.5746915340423584,0.0012915644329041243,0.0,0.22397522628307343
878,guidance_0_capability_0_safety_0,1,0.12635742162819952,684,0.333125,0.0,0.25,0,337,0,0,-0.0026603653095662594,4.300070762634277,1.5825138092041016,4.1894614696502686e-05,0.0,0.23209735751152039
879,guidance_0_capability_0_safety_0,1,0.06313476458308287,685,0.113125,0.0,0.0,0,79,0,0,-0.0009021448786370456,6.202152729034424,1.5765001773834229,0.001596423564478755,0.0,0.2314946949481964
880,guidance_0_capability_0_safety_0,1,0.15503906253434252,685,0.378125,0.0,0.375,0,335,0,0,-0.0017718489980325103,4.65071964263916,1.5895060300827026,0.000239628367125988,0.0,0.2239466905593872
881,guidance_0_capability_0_safety_0,1,0.10946289167623036,685,0.563125,0.0,0.75,0,591,0,0,-0.0013284798478707671,4.7017822265625,1.5796284675598145,0.000904047570656985,0.0,0.23159126937389374
882,guidance_0_capability_0_safety_0,1,0.08637695266952505,685,0.765,0.0,0.75,0,847,0,0,-0.0018150042742490768,3.0829601287841797,1.5837159156799316,-0.0002097721881000325,0.0,0.223921999335289
883,guidance_0_capability_0_safety_0,1,0.08506835820662673,686,0.140625,0.0,0.25,0,103,0,0,-0.0012165391817688942,1.1962711811065674,1.5815728902816772,-0.0008403710089623928,0.0,0.22307080030441284
884,guidance_0_capability_0_safety_0,1,0.120205076833372,686,0.38375,0.0,0.375,0,359,0,0,-0.00022177367645781487,2.5639491081237793,1.5685304403305054,-0.0006891678785905242,0.0,0.2327250838279724
885,guidance_0_capability_0_safety_0,1,0.06287109308323124,687,0.203125,0.0,0.0,0,244,0,0,-9.075056004803628e-05,6.520965576171875,1.5665887594223022,-0.00011798398190876469,0.0,0.23647068440914154
886,guidance_0_capability_0_safety_0,1,0.09384765576396603,687,0.42625,0.0,0.0,0,500,0,0,-0.0010168284643441439,3.527362823486328,1.5709428787231445,0.0003936641733162105,0.0,0.2284071147441864
887,guidance_0_capability_0_safety_0,1,0.1382421873131534,687,0.65125,0.0,0.5,0,756,0,0,-0.0018998559098690748,3.6841049194335938,1.5804455280303955,0.0006660609506070614,0.0,0.224846750497818
888,guidance_0_capability_0_safety_0,1,0.03227539043291472,688,0.0275,0.0,0.0,0,12,0,0,-0.0074132708832621574,1.4680914878845215,1.5805351734161377,0.0018833542708307505,0.0,0.22473572194576263
889,guidance_0_capability_0_safety_0,1,0.24580078061990207,688,0.406875,0.0,0.5,0,268,0,0,0.0007248927722685039,3.6361753940582275,1.5601332187652588,0.008925224654376507,0.0182291679084301,0.23142366111278534
890,guidance_0_capability_0_safety_0,1,0.07648437497846317,688,0.54625,0.0,0.75,0,524,0,0,-0.003287886967882514,1.792630910873413,1.559369444847107,0.002578455489128828,0.0,0.2356170415878296
891,guidance_0_capability_0_safety_0,1,0.047763671216671355,688,0.670625,0.0,0.875,0,780,0,0,-0.0024323519319295883,1.4121661186218262,1.5001310110092163,0.0026715355925261974,0.0,0.2587233781814575
892,guidance_0_capability_0_safety_0,1,-0.020869140986178536,689,0.021875,0.0,0.0,0,36,0,0,-0.0006691512535326183,1.6937353610992432,1.5009229183197021,0.0010153743205592036,0.0,0.2611502408981323
893,guidance_0_capability_0_safety_0,1,0.15544921808032086,689,0.313125,0.0,0.125,0,292,0,0,-0.0043115573935210705,3.4281458854675293,1.5440442562103271,0.001017717644572258,0.0013020833721384406,0.24894854426383972
894,guidance_0_capability_0_safety_0,1,0.03352538961917162,689,0.41375,0.0,0.25,0,548,0,0,-0.0017886289861053228,2.9140267372131348,1.544006586074829,0.0023233219981193542,0.0,0.24666258692741394
895,guidance_0_capability_0_safety_0,1,0.013994140372233232,689,0.465,0.0,0.375,0,804,0,0,0.0001255950628546998,1.2591851949691772,1.5554018020629883,0.0029895342886447906,0.0,0.2338728904724121
896,guidance_0_capability_0_safety_0,1,0.05688476488285232,690,0.12125,0.0,0.125,0,60,0,0,-0.000941496982704848,0.9776812195777893,1.5588507652282715,0.000625133397988975,0.0,0.23439359664916992
897,guidance_0_capability_0_safety_0,1,0.15787109290249646,690,0.384375,0.0,0.5,0,316,0,0,-0.00039819226367399096,6.1966447830200195,1.5894122123718262,0.0020691645331680775,0.0,0.23175734281539917
898,guidance_0_capability_0_safety_0,1,0.035615235381555976,690,0.47,0.0,0.75,0,572,0,0,-0.001841546967625618,0.9820301532745361,1.584607481956482,-0.00020228435460012406,0.0,0.21978366374969482
899,guidance_0_capability_0_safety_0,1,-0.028046875158906914,690,0.473125,0.0,0.75,0,828,0,0,-0.000777512788772583,0.18871182203292847,1.5672416687011719,-0.00034679504460655153,0.0,0.2261582911014557
900,guidance_0_capability_0_safety_0,1,0.04220703112150659,691,0.088125,0.0,0.125,0,84,0,0,-0.006687314249575138,0.6372362971305847,1.5504993200302124,0.0026908847503364086,0.0,0.23250435292720795
901,guidance_0_capability_0_safety_0,1,0.2024999975983519,691,0.42375,0.0,0.5,0,340,0,0,-0.0003909212537109852,5.366147994995117,1.5183995962142944,0.0028777073603123426,0.0,0.2392977923154831
902,guidance_0_capability_0_safety_0,1,0.09572265586029971,691,0.605,0.0,0.75,0,596,0,0,0.0010759023716673255,6.388576507568359,1.4918200969696045,0.0010750633664429188,0.0,0.25267842411994934
903,guidance_0_capability_0_safety_0,1,0.09696289078055997,691,0.778125,0.0,1.0,0,852,0,0,0.00042823361582122743,4.316573143005371,1.4560455083847046,-0.00010454747825860977,0.0,0.2725578546524048
904,guidance_0_capability_0_safety_0,1,0.09010741973179393,692,0.145625,0.0,0.125,0,108,0,0,-0.00016803978360258043,2.578918933868408,1.4673051834106445,0.00047004985390231013,0.0,0.2674854099750519
905,guidance_0_capability_0_safety_0,1,0.054267577772407094,692,0.26875,0.0,0.25,0,364,0,0,-0.0005759000778198242,1.487612247467041,1.4959033727645874,1.5951538443914615e-05,0.0,0.2521517872810364
906,guidance_0_capability_0_safety_0,1,0.055683593676803866,692,0.41375,0.0,0.25,0,620,0,0,-0.0006169925327412784,2.0054311752319336,1.468848705291748,8.251130202552304e-05,0.0,0.26166224479675293
907,guidance_0_capability_0_safety_0,1,0.10990234204291482,692,0.573125,0.0,0.75,0,876,0,0,-0.00014626763004343957,7.036645889282227,1.434135913848877,6.837863475084305e-05,0.0,0.28186148405075073
908,guidance_0_capability_0_safety_0,1,0.13694335726540885,693,0.19,0.0,0.25,0,132,0,0,-0.0010969098657369614,2.304272174835205,1.4772813320159912,-0.0005453070625662804,0.0,0.266048789024353
909,guidance_0_capability_0_safety_0,1,0.0727929684726405,693,0.37125,0.0,0.25,0,388,0,0,-0.0006427271291613579,1.1994361877441406,1.4697620868682861,0.0009999218164011836,0.0,0.25822198390960693
910,guidance_0_capability_0_safety_0,1,-0.024140625286236173,693,0.39375,0.0,0.25,0,644,0,0,-0.00026227347552776337,1.5308228731155396,1.4440925121307373,-0.00041570793837308884,0.0,0.2757738530635834
911,guidance_0_capability_0_safety_0,1,-0.03783203169587068,693,0.400625,0.0,0.25,0,900,0,0,-0.0010875910520553589,0.5744180679321289,1.4083369970321655,0.00029421551153063774,0.0,0.28539690375328064
912,guidance_0_capability_0_safety_0,1,0.12754882714580162,694,0.22875,0.0,0.25,0,156,0,0,-0.0004403361526783556,1.3463566303253174,1.4432858228683472,-4.6169232518877834e-05,0.0,0.28182098269462585
913,guidance_0_capability_0_safety_0,1,0.04531249758292688,694,0.32875,0.0,0.5,0,412,0,0,-0.0010896226158365607,1.8382782936096191,1.4464162588119507,-0.0001600299437996,0.0,0.2723780870437622
914,guidance_0_capability_0_safety_0,1,0.1004980466896086,694,0.555,0.0,0.5,0,668,0,0,-0.0008188190404325724,6.339129447937012,1.4111474752426147,0.0008608222706243396,0.0,0.2897253632545471
915,guidance_0_capability_0_safety_0,1,0.09708007828885457,694,0.755,0.0,0.625,0,924,0,0,-0.0004315059632062912,4.188276767730713,1.389850378036499,0.0002875719219446182,0.0,0.3005228042602539
916,guidance_0_capability_0_safety_0,1,0.1148925783490995,695,0.19875,0.0,0.25,0,180,0,0,-0.003942136652767658,1.2719581127166748,1.437241554260254,0.00012702075764536858,0.0,0.28146815299987793
917,guidance_0_capability_0_safety_0,1,0.15482421620254172,695,0.455625,0.0,0.625,0,436,0,0,-0.00022332090884447098,3.988476276397705,1.4331674575805664,-0.00016973819583654404,0.0,0.27225667238235474
918,guidance_0_capability_0_safety_0,1,0.009365234116557986,695,0.53875,0.0,0.625,0,692,0,0,-0.002418104326352477,0.7675034999847412,1.410512924194336,0.00018224694940727204,0.0,0.2897897958755493
919,guidance_0_capability_0_safety_0,1,0.11249999943902367,695,0.75875,0.0,0.75,0,948,0,0,0.00014495073992293328,4.3996381759643555,1.4031915664672852,0.0034710410982370377,0.0,0.28699979186058044
920,guidance_0_capability_0_safety_0,1,0.1345605472852185,696,0.226875,0.0,0.25,0,204,0,0,-0.0009294574847444892,2.7062971591949463,1.4748120307922363,0.000290007796138525,0.0,0.25504809617996216
921,guidance_0_capability_0_safety_0,1,0.026796873924467945,696,0.330625,0.0,0.25,0,460,0,0,-5.672251427313313e-05,1.698455572128296,1.4487900733947754,-0.0004884844529442489,0.0,0.26806747913360596
922,guidance_0_capability_0_safety_0,1,0.021474610726727406,696,0.388125,0.0,0.5,0,716,0,0,-0.0009770139586180449,2.0495052337646484,1.4262301921844482,0.0002160845324397087,0.0,0.2760699689388275
923,guidance_0_capability_0_safety_0,1,-0.01112304726120783,696,0.42875,0.0,0.5,0,972,0,0,-0.002725144848227501,0.23127295076847076,1.4030787944793701,0.0015099699376150966,0.0,0.27668890357017517
924,guidance_0_capability_0_safety_0,1,0.19388671888009412,697,0.34,0.0,0.25,0,228,0,0,-7.574322808068246e-05,3.7241272926330566,1.4502227306365967,-0.0013410479295998812,0.0,0.27320703864097595
925,guidance_0_capability_0_safety_0,1,0.1474902334084618,697,0.565,0.0,0.75,0,484,0,0,3.624645614763722e-05,3.56612491607666,1.4050992727279663,0.0003520408645272255,0.0,0.2877906560897827
926,guidance_0_capability_0_safety_0,1,0.07918945287383394,697,0.75375,0.0,0.75,0,740,0,0,-0.00039573883987031877,3.4743332862854004,1.3893054723739624,8.846509444992989e-05,0.0,0.28597867488861084
927,guidance_0_capability_0_safety_0,1,-0.003935547516448423,697,0.814375,0.0,0.75,0,996,0,0,-0.008561920374631882,0.34400564432144165,1.2929553985595703,0.011261196807026863,0.0,0.3107073903083801
928,guidance_0_capability_0_safety_0,1,0.31520507455570623,698,0.433125,0.0,1.0,0,252,0,0,0.0023664783220738173,11.381280899047852,1.322679042816162,0.0063069588504731655,0.0,0.31481629610061646
929,guidance_0_capability_0_safety_0,1,0.10207031122990884,698,0.664375,0.0,1.0,0,508,0,0,-0.0007143092225305736,1.9083781242370605,1.2336397171020508,0.0011231303215026855,0.0,0.360731840133667
930,guidance_0_capability_0_safety_0,1,0.023408202585414983,698,0.759375,0.0,1.0,0,764,0,0,-0.0019141852390021086,1.1415348052978516,1.1916561126708984,0.0016219101380556822,0.0,0.3666371703147888
931,guidance_0_capability_0_safety_0,1,-0.010166015941649675,699,0.046875,0.0,0.0,0,20,0,0,-0.00016592412430327386,0.5774354338645935,1.1456445455551147,-0.00031818481511436403,0.0,0.3979259133338928
932,guidance_0_capability_0_safety_0,1,0.09691406067577191,699,0.241875,0.0,0.125,0,276,0,0,-0.00014616549015045166,3.854132652282715,1.2758431434631348,0.0008565408061258495,0.0,0.33281511068344116
933,guidance_0_capability_0_safety_0,1,0.05945312388939783,699,0.3875,0.0,0.25,0,532,0,0,-4.3482210458023474e-05,2.6408538818359375,1.1610010862350464,-0.00027046119794249535,0.0,0.3965012729167938
934,guidance_0_capability_0_safety_0,1,0.053847655952267814,699,0.5175,0.0,0.375,0,788,0,0,-0.0005696394364349544,3.72632098197937,1.1412591934204102,0.0008071476477198303,0.0,0.4220297336578369
935,guidance_0_capability_0_safety_0,1,0.05461914123952738,700,0.09375,0.0,0.125,0,44,0,0,-0.0016366951167583466,1.31271231174469,1.145080327987671,-0.0009048269130289555,0.0,0.3943539559841156
936,guidance_0_capability_0_safety_0,1,0.26451171678490937,700,0.510625,0.0,0.625,0,300,0,0,-0.000642010651063174,8.294879913330078,1.2522801160812378,0.0004012882709503174,0.0,0.3644450604915619
937,guidance_0_capability_0_safety_0,1,0.04607421713444637,700,0.626875,0.0,0.75,0,556,0,0,-0.0054235137067735195,2.0140600204467773,1.2650229930877686,0.000556351151317358,0.03125,0.35656341910362244
938,guidance_0_capability_0_safety_0,1,0.041699217461427907,700,0.73625,0.0,0.875,0,812,0,0,-0.0012133935233578086,1.2515095472335815,1.2451695203781128,0.0052748993039131165,0.01302083395421505,0.3861733376979828
939,guidance_0_capability_0_safety_0,1,0.14954101211333182,701,0.14375,0.0,0.25,0,68,0,0,0.0004096549819223583,2.5397067070007324,1.2479355335235596,0.0014320979826152325,0.0,0.3670251965522766
940,guidance_0_capability_0_safety_0,1,0.1167675758479163,701,0.36,0.0,0.5,0,324,0,0,0.0004746530612464994,3.6646597385406494,1.3495988845825195,0.0004840445180889219,0.0,0.33042728900909424
941,guidance_0_capability_0_safety_0,1,0.1315917966858251,701,0.598125,0.0,0.75,0,580,0,0,-0.0008154204115271568,3.7718939781188965,1.321151852607727,0.0010896953754127026,0.0,0.3362140357494354
942,guidance_0_capability_0_safety_0,1,0.0727832025513635,701,0.77875,0.0,0.75,0,836,0,0,8.920859545469284e-05,1.5515438318252563,1.2907414436340332,0.0006848853081464767,0.0,0.34994053840637207
943,guidance_0_capability_0_safety_0,1,0.07572265508497367,702,0.148125,0.0,0.25,0,92,0,0,-0.0013401968171820045,1.6492122411727905,1.3286738395690918,4.65884804725647e-05,0.0,0.3207243084907532
944,guidance_0_capability_0_safety_0,1,0.20367187511874363,702,0.485,0.0,0.625,0,348,0,0,-0.0007917098701000214,1.4729200601577759,1.3571752309799194,-0.0001721719017950818,0.0,0.3126612901687622
945,guidance_0_capability_0_safety_0,1,0.056914061005954864,702,0.614375,0.0,0.75,0,604,0,0,-0.0005578784039244056,3.4240856170654297,1.368682861328125,0.00047708055353723466,0.0,0.3080478310585022
946,guidance_0_capability_0_safety_0,1,0.00040039022132987157,702,0.68,0.0,0.75,0,860,0,0,-0.0009226029505953193,1.3362529277801514,1.2975919246673584,-0.00030994959524832666,0.0,0.33717089891433716
947,guidance_0_capability_0_safety_0,1,0.13118164060870185,703,0.200625,0.0,0.0,0,116,0,0,-0.0024339198134839535,1.5518288612365723,1.3749070167541504,0.0016474660951644182,0.0,0.3129945397377014
948,guidance_0_capability_0_safety_0,1,0.1740820300328778,703,0.47125,0.0,0.5,0,372,0,0,0.00022585922852158546,3.298018455505371,1.428442358970642,-0.00031880507594905794,0.0,0.2805909812450409
949,guidance_0_capability_0_safety_0,1,0.1162597643888148,703,0.654375,0.0,0.875,0,628,0,0,-0.0009198402985930443,3.8854684829711914,1.4084991216659546,0.000924274034332484,0.0,0.29524558782577515
950,guidance_0_capability_0_safety_0,1,0.01545898364202003,703,0.735625,0.0,0.875,0,884,0,0,-0.007057603448629379,0.5822880268096924,1.371122121810913,0.00448926305398345,0.0,0.3114604353904724
951,guidance_0_capability_0_safety_0,1,0.16587890310256626,704,0.255,0.0,0.375,0,140,0,0,-0.0030956759583204985,2.5169882774353027,1.3980869054794312,-0.000779589347075671,0.0,0.29913967847824097
952,guidance_0_capability_0_safety_0,1,0.09794921841239557,704,0.46,0.0,0.5,0,396,0,0,0.0002466561272740364,4.431338787078857,1.4093286991119385,-0.002196242567151785,0.0,0.29835033416748047
953,guidance_0_capability_0_safety_0,1,-0.0060058602975914255,704,0.5175,0.0,0.5,0,652,0,0,-0.002319629769772291,1.0587034225463867,1.3745230436325073,0.0019066723762080073,0.0,0.3097414970397949
954,guidance_0_capability_0_safety_0,1,0.06345703116676304,704,0.668125,0.0,0.625,0,908,0,0,-0.0009298393270000815,2.2305850982666016,1.4015763998031616,-0.00048754800809547305,0.0,0.2993619740009308
955,guidance_0_capability_0_safety_0,1,0.15741210966371,705,0.18125,0.0,0.125,0,164,0,0,-8.546778553863987e-05,3.8384435176849365,1.4495842456817627,-0.0007482495857402682,0.0,0.2861020863056183
956,guidance_0_capability_0_safety_0,1,0.16627929532842245,705,0.436875,0.0,0.625,0,420,0,0,-0.0002003144472837448,2.5102624893188477,1.4193048477172852,0.00017042567196767777,0.0,0.3042195737361908
957,guidance_0_capability_0_safety_0,1,0.03058593658352038,705,0.55,0.0,0.625,0,676,0,0,-0.0001880265772342682,1.244362235069275,1.4198918342590332,-9.801378473639488e-05,0.0,0.28751808404922485
958,guidance_0_capability_0_safety_0,1,-0.00356445369834546,705,0.611875,0.0,0.625,0,932,0,0,-0.0015693705063313246,0.5836879014968872,1.3983521461486816,0.00072364357765764,0.0,0.29805654287338257
959,guidance_0_capability_0_safety_0,1,0.10584960805135779,706,0.2375,0.0,0.0,0,188,0,0,6.137105810921639e-05,2.994709014892578,1.4467344284057617,0.0007182973204180598,0.0,0.2762720286846161
960,guidance_0_capability_0_safety_0,1,0.17653320092358626,706,0.530625,0.0,0.375,0,444,0,0,-0.0006435985560528934,5.921250343322754,1.4178980588912964,0.0004955187323503196,0.0,0.29045015573501587
961,guidance_0_capability_0_safety_0,1,0.07125000085216016,706,0.66875,0.0,0.625,0,700,0,0,-0.0037799205165356398,1.3285844326019287,1.4280803203582764,0.0013881875202059746,0.0,0.28440457582473755
962,guidance_0_capability_0_safety_0,1,0.03369140566792339,706,0.770625,0.0,0.75,0,956,0,0,-0.002933957614004612,1.5970180034637451,1.3298144340515137,0.00374865485355258,0.0,0.3259245753288269
963,guidance_0_capability_0_safety_0,1,0.18894531312253093,707,0.2725,0.0,0.25,0,212,0,0,-0.00013019796460866928,2.855087995529175,1.4123148918151855,0.0029757553711533546,0.0,0.2957165241241455
964,guidance_0_capability_0_safety_0,1,0.15311523283889983,707,0.504375,0.0,0.75,0,468,0,0,-0.0006508982623927295,2.554563522338867,1.3633792400360107,0.0004142221878282726,0.0,0.3173297643661499
965,guidance_0_capability_0_safety_0,1,0.0020214839205436874,707,0.565,0.0,0.75,0,724,0,0,-0.0016108117997646332,1.4304393529891968,1.356017827987671,6.61192461848259e-05,0.0,0.3191417157649994
966,guidance_0_capability_0_safety_0,1,-0.020136718994763214,707,0.590625,0.0,0.75,0,980,0,0,-0.0018535073613747954,0.422240287065506,1.3388488292694092,-0.000893691903911531,0.0,0.31538668274879456
967,guidance_0_capability_0_safety_0,1,0.11878905980847776,708,0.228125,0.0,0.375,0,236,0,0,0.0008332686265930533,3.2500977516174316,1.400833010673523,-0.00025234822533093393,0.0,0.3000980317592621
968,guidance_0_capability_0_safety_0,1,0.1581152342259884,708,0.484375,0.0,0.75,0,492,0,0,-5.884856727789156e-05,5.61450719833374,1.34769868850708,-0.0001811192778404802,0.0,0.32238614559173584
969,guidance_0_capability_0_safety_0,1,0.07680664025974693,708,0.645625,0.0,0.875,0,748,0,0,-0.0005044387653470039,3.8518574237823486,1.3298771381378174,-0.00030973367393016815,0.0,0.32846295833587646
970,guidance_0_capability_0_safety_0,1,0.017636718672292773,709,0.01125,0.0,0.0,0,4,0,0,-0.0019820877350866795,1.0605056285858154,1.350197196006775,8.771724242251366e-05,0.0,0.3213541507720947
971,guidance_0_capability_0_safety_0,1,0.2529687508067582,709,0.421875,0.0,0.375,0,260,0,0,-0.0004196937079541385,1.893860101699829,1.3831275701522827,0.0009039551950991154,0.0,0.3130774199962616
972,guidance_0_capability_0_safety_0,1,0.07472656180470949,709,0.566875,0.0,0.625,0,516,0,0,-0.003136127721518278,1.6075648069381714,1.3644647598266602,0.0016338792629539967,0.0,0.3145393133163452
973,guidance_0_capability_0_safety_0,1,0.010380858289863681,709,0.616875,0.0,0.75,0,772,0,0,-0.001888064667582512,0.4493786096572876,1.3793538808822632,0.00414530374109745,0.0,0.3066334128379822
974,guidance_0_capability_0_safety_0,1,0.021562498375715222,710,0.061875,0.0,0.0,0,28,0,0,-0.0017631612718105316,0.2943681478500366,1.3427417278289795,0.0009598573669791222,0.0,0.3392121195793152
975,guidance_0_capability_0_safety_0,1,0.23566406181635102,710,0.408125,0.0,0.625,0,284,0,0,-0.00048324838280677795,2.733065366744995,1.412421703338623,0.0005362204974517226,0.0,0.28950008749961853
976,guidance_0_capability_0_safety_0,1,0.12995117060199846,710,0.624375,0.0,1.0,0,540,0,0,-0.0002219316957052797,3.325364589691162,1.3351762294769287,0.0004905518144369125,0.0,0.3518950939178467
977,guidance_0_capability_0_safety_0,1,0.023789061724528437,710,0.720625,0.0,1.0,0,796,0,0,-0.0017102842684835196,0.9046539068222046,1.360309362411499,0.0008570927893742919,0.0,0.3285580277442932
978,guidance_0_capability_0_safety_0,1,0.10946288926061243,711,0.121875,0.0,0.25,0,52,0,0,-0.00023878179490566254,1.9699976444244385,1.3517065048217773,0.0030598286539316177,0.0,0.3462662696838379
979,guidance_0_capability_0_safety_0,1,0.11970703024417162,711,0.37875,0.0,0.25,0,308,0,0,9.30987298488617e-05,3.3016109466552734,1.4112212657928467,0.0015075074043124914,0.0,0.3084433376789093
980,guidance_0_capability_0_safety_0,1,0.08848632999433903,711,0.545,0.0,0.5,0,564,0,0,-0.0024591581895947456,1.8718740940093994,1.4158742427825928,-0.00017417813069187105,0.0,0.29828643798828125
981,guidance_0_capability_0_safety_0,1,0.0011230464369873516,711,0.609375,0.0,0.5,0,820,0,0,0.0011027319123968482,1.0907957553863525,1.4023860692977905,-0.0008181167650036514,0.0,0.29441824555397034
982,guidance_0_capability_0_safety_0,1,0.06967773413634859,712,0.123125,0.0,0.0,0,76,0,0,-0.0025892220437526703,0.6651923060417175,1.4276365041732788,0.0009155245497822762,0.0,0.2927476167678833
983,guidance_0_capability_0_safety_0,1,0.21466796874301508,712,0.49375,0.0,0.25,0,332,0,0,-0.00028709819889627397,3.143775463104248,1.4497945308685303,-0.00031942781060934067,0.0,0.28449711203575134
984,guidance_0_capability_0_safety_0,1,0.0908105478156358,712,0.691875,0.0,0.375,0,588,0,0,-0.0003592496213968843,1.927992343902588,1.4396114349365234,0.001178374863229692,0.0,0.29210495948791504
985,guidance_0_capability_0_safety_0,1,0.019248047083237907,712,0.7575,0.0,0.5,0,844,0,0,-0.0028805758338421583,0.7754432559013367,1.41189706325531,0.0006387519533745944,0.0,0.2975633144378662
986,guidance_0_capability_0_safety_0,1,0.09696288988197921,713,0.189375,0.0,0.125,0,100,0,0,-0.0020872787572443485,0.511303186416626,1.4423326253890991,-0.0007035405724309385,0.0,0.283069908618927
987,guidance_0_capability_0_safety_0,1,0.08699218699985067,713,0.326875,0.0,0.5,0,356,0,0,0.001962662674486637,3.9048819541931152,1.4459418058395386,0.0013939745258539915,0.0,0.29115501046180725
988,guidance_0_capability_0_safety_0,1,0.02883789020415861,713,0.41375,0.0,0.625,0,612,0,0,0.00015983948833309114,1.564847707748413,1.4445050954818726,0.0008503205026499927,0.0,0.2854008376598358
989,guidance_0_capability_0_safety_0,1,-0.02168945335506578,713,0.43125,0.0,0.625,0,868,0,0,-0.0012406700989231467,0.17656342685222626,1.4409520626068115,0.00037861926830373704,0.0,0.284823477268219
990,guidance_0_capability_0_safety_0,1,0.17206054535563453,714,0.27,0.0,0.375,0,124,0,0,-0.0012054460821673274,2.7003796100616455,1.4444561004638672,4.9614813178777695e-05,0.0,0.2857457399368286
991,guidance_0_capability_0_safety_0,1,0.08772461035187007,714,0.441875,0.0,0.5,0,380,0,0,0.00023137344396673143,2.242982864379883,1.4726390838623047,0.0011538155376911163,0.0,0.2791634202003479
992,guidance_0_capability_0_safety_0,1,0.2327832034243329,715,0.4125,0.0,0.5,0,212,0,0,-0.000347379595041275,9.561084747314453,1.4487395286560059,-0.0007135467603802681,0.0,0.2893957495689392
993,guidance_0_capability_0_safety_0,1,0.025205077952705324,715,0.505,0.0,0.5,0,468,0,0,-0.0004594704951159656,0.8270258903503418,1.4765801429748535,0.00026447855634614825,0.0,0.27243301272392273
994,guidance_0_capability_0_safety_0,1,0.034199218560388545,715,0.63875,0.0,0.625,0,724,0,0,-0.0018475556280463934,3.2910404205322266,1.4380559921264648,0.00024938693968579173,0.0,0.28676581382751465
995,guidance_0_capability_0_safety_0,1,-0.018876953356084414,715,0.65,0.0,0.625,0,980,0,0,-0.005442018620669842,0.1885361671447754,1.411764144897461,-0.0013398625887930393,0.0,0.29770416021347046
996,guidance_0_capability_0_safety_0,1,0.09100585818305262,716,0.17625,0.0,0.125,0,236,0,0,0.000985381891950965,3.514194965362549,1.383670687675476,0.0008826869889162481,0.006510416977107525,0.30644628405570984
997,guidance_0_capability_0_safety_0,1,0.2122460949140077,716,0.50375,0.0,0.625,0,492,0,0,-0.00011012579489033669,6.187203407287598,1.3052171468734741,-0.0005618559080176055,0.0,0.3456571698188782
998,guidance_0_capability_0_safety_0,1,0.03004882855748292,716,0.59875,0.0,0.625,0,748,0,0,-0.0021468098275363445,1.4182484149932861,1.2814035415649414,0.0010597755899652839,0.0,0.3453941345214844
999,guidance_0_capability_0_safety_0,1,0.06003906206024112,717,0.011875,0.0,0.0,0,4,0,0,-0.0014923261478543282,2.046931028366089,1.1646746397018433,-0.00022281691781245172,0.0,0.4169081449508667
1000,guidance_0_capability_0_safety_0,1,0.2469921868032543,717,0.45875,0.0,0.125,0,260,0,0,-0.0005682617193087935,2.1424098014831543,1.352545976638794,0.0002545241150073707,0.0,0.3307594358921051
