update,scenario,rollout_reward_mean,episode_count,coverage_ratio,inspection_success_rate,target_detection_rate,mission_success,mission_time,collision_count,invalid_action_count,policy_loss,value_loss,entropy,approx_kl,clip_fraction,mean_action_probability
1,1,0.1477166246138495,3,0.02375,0.0,0.0,0,120,0,0,-0.007063213270157576,211.22817993164062,1.7854045629501343,0.0026761475019156933,0.0,0.1679486334323883
2,1,0.30807014329843696,8,0.01125,0.0,0.0,0,7,0,0,-0.0005449994350783527,289.5809631347656,1.7798233032226562,-0.0010069976560771465,0.0,0.170702263712883
3,1,-0.5777630995871732,14,0.018125,0.0,0.0,0,28,0,0,-0.00443324213847518,151.0357666015625,1.7698876857757568,-0.0019156658090651035,0.0,0.17543646693229675
4,1,0.1948791029540189,18,0.011875,0.0,0.0,0,75,0,0,-0.0020957253873348236,319.98126220703125,1.7670650482177734,-0.00028432891122065485,0.0,0.17267201840877533
5,1,0.6111366186278246,18,0.041875,0.0,0.0,0,331,0,0,-0.002317029982805252,170.36859130859375,1.7693965435028076,-0.0004413609276525676,0.0,0.1751231551170349
6,1,-0.2412665882611691,23,0.006875,0.0,0.0,0,1,0,0,-0.0011379756033420563,137.64610290527344,1.7566379308700562,0.0006089679664000869,0.0,0.17937640845775604
7,1,-0.007800616989698028,23,0.09625,0.0,0.25,0,257,0,0,-0.0032833879813551903,249.50364685058594,1.7574095726013184,0.00026552783674560487,0.0,0.17889699339866638
8,1,-0.4001732176493533,24,0.04625,0.0,0.0,0,126,0,0,-0.0030956598930060863,45.617496490478516,1.7484177350997925,0.0016174933407455683,0.0,0.18096858263015747
9,1,0.15682665226268,24,0.08375,0.0,0.0,0,382,0,0,-0.003485963447019458,298.15472412109375,1.7368347644805908,0.0032732943072915077,0.0,0.18519219756126404
10,1,0.12829768552001042,27,0.05,0.0,0.125,0,69,0,0,-0.0024099587462842464,137.4739532470703,1.7299498319625854,0.0013710977509617805,0.0,0.19168895483016968
11,1,-0.492803821900452,32,0.1175,0.0,0.0,0,163,0,0,-0.001521572470664978,136.58114624023438,1.6936798095703125,0.0010130427544936538,0.0,0.20242349803447723
12,1,-0.2114541749961063,34,0.008125,0.0,0.0,0,6,0,0,-0.0021283566020429134,85.1481704711914,1.6767253875732422,-0.0024280480574816465,0.0,0.21926796436309814
13,1,0.47544672361777884,39,0.01125,0.0,0.0,0,4,0,0,-0.002852273639291525,235.55746459960938,1.6885251998901367,0.0041095539927482605,0.0,0.2002641260623932
14,1,0.13406484340885072,40,0.065625,0.0,0.25,0,222,0,0,-0.0034773009829223156,132.10787963867188,1.6536641120910645,0.001714844722300768,0.0,0.2146618366241455
15,1,-0.4460435245400731,41,0.0975,0.0,0.0,0,175,0,0,-0.0019626785069704056,57.12291717529297,1.6106427907943726,0.0026854854077100754,0.0,0.23752668499946594
16,1,-0.08683238768026058,41,0.165,0.0,0.0,0,431,0,0,-0.0022340528666973114,109.71345520019531,1.6150212287902832,0.001633195555768907,0.0,0.24565868079662323
17,1,0.39211484586121514,41,0.189375,0.0,0.0,0,687,0,0,-0.003417074680328369,82.06501770019531,1.6355255842208862,0.0017663391772657633,0.0,0.23917004466056824
18,1,0.04531209603374009,44,0.0875,0.0,0.25,0,150,0,0,-0.0048962985165417194,207.9603271484375,1.6188634634017944,-0.0008918404346331954,0.0,0.24519263207912445
19,1,-0.4511970684447988,44,0.18625,0.0,0.25,0,406,0,0,-0.001075012027285993,59.47449493408203,1.642350196838379,0.0018657792825251818,0.0,0.22757086157798767
20,1,-0.04481193903393432,46,0.0325,0.0,0.0,0,118,0,0,-0.001284465892240405,87.55548858642578,1.6468303203582764,0.0016999933868646622,0.0,0.22781150043010712
21,1,-0.3492577401775634,51,0.064375,0.0,0.0,0,75,0,0,-0.002049946691840887,190.80096435546875,1.632198691368103,0.002558367792516947,0.0,0.2257426232099533
22,1,-0.344568978092866,55,0.053125,0.0,0.0,0,69,0,0,-0.0024318918585777283,170.90118408203125,1.6198756694793701,-0.00023499829694628716,0.0,0.233915776014328
23,1,-0.19751769609501935,57,0.06,0.0,0.0,0,94,0,0,-0.003927398473024368,190.33303833007812,1.6250919103622437,0.0010562281822785735,0.0,0.234993577003479
24,1,0.17233197502355324,60,0.076875,0.0,0.0,0,83,0,0,-0.0025388221256434917,172.47967529296875,1.6025470495224,0.003164257388561964,0.0,0.23515549302101135
25,1,-0.21997311686573084,61,0.055,0.0,0.0,0,72,0,0,0.0006050939555279911,24.459228515625,1.6070960760116577,0.00013663480058312416,0.0,0.2310185432434082
26,1,-0.27058102328101086,62,0.013125,0.0,0.0,0,10,0,0,-0.00039929462946020067,61.245689392089844,1.6144053936004639,0.00016771568334661424,0.0,0.2305675745010376
27,1,-0.0945388723484939,62,0.164375,0.0,0.25,0,266,0,0,-0.002021963242441416,148.0286865234375,1.614140510559082,0.0013956762850284576,0.0,0.24449512362480164
28,1,-0.4269378494063858,62,0.205625,0.0,0.25,0,522,0,0,-0.0029971501789987087,51.12409210205078,1.6594709157943726,0.002735523506999016,0.0,0.2237604558467865
29,1,-0.3358692421716114,62,0.20625,0.0,0.25,0,778,0,0,-0.0027132886461913586,42.38823699951172,1.6560039520263672,0.000325559638440609,0.0,0.22016048431396484
30,1,0.2614872191361428,66,0.15625,0.0,0.125,0,133,0,0,-0.0002710906264837831,410.77886962890625,1.619147539138794,0.0010282255243510008,0.0,0.23216712474822998
31,1,-0.3195625967446176,75,0.053125,0.0,0.125,0,133,0,0,-0.0026683113537728786,235.5106201171875,1.628968596458435,-0.0009001532453112304,0.0,0.2286233752965927
32,1,-0.22881753476576705,78,0.069375,0.0,0.0,0,136,0,0,-0.0011291857808828354,143.434326171875,1.619637370109558,-0.0005241396720521152,0.0,0.23514282703399658
33,1,-0.03544161334605178,78,0.15875,0.0,0.0,0,392,0,0,-0.008958481252193451,49.947021484375,1.664885401725769,-4.416300726006739e-05,0.0,0.22234444320201874
34,1,-0.3879131817138841,78,0.2075,0.0,0.0,0,648,0,0,0.006853059865534306,39.610130310058594,1.695511817932129,0.0041571566835045815,0.0,0.20563392341136932
35,1,-0.36453533228450397,79,0.06,0.0,0.125,0,99,0,0,0.0014187594642862678,88.99502563476562,1.6768773794174194,-5.092363426228985e-05,0.0,0.21153925359249115
36,1,0.32416951152936235,81,0.14375,0.0,0.25,0,126,0,0,0.0012831806670874357,268.7918395996094,1.638390302658081,0.0007739984430372715,0.0,0.22342774271965027
37,1,-0.37679444869354484,82,0.015625,0.0,0.0,0,23,0,0,-0.0016154646873474121,69.3890380859375,1.6421430110931396,-1.0712693438108545e-05,0.0,0.2143714278936386
38,1,-0.09214941413483757,82,0.105,0.0,0.125,0,279,0,0,-0.002845256356522441,84.72154235839844,1.6165313720703125,0.0012901201844215393,0.0,0.21987685561180115
39,1,0.09721862029346084,82,0.120625,0.0,0.125,0,535,0,0,0.0011138677364215255,58.181053161621094,1.639805555343628,0.00023377749312203377,0.0,0.2185000777244568
40,1,0.7578986228375015,82,0.1925,0.0,0.125,0,791,0,0,-0.0012735910713672638,221.6505584716797,1.6458510160446167,0.0008868901059031487,0.0,0.21684294939041138
41,1,1.013172894350646,83,0.131875,0.0,0.125,0,178,0,0,-0.00025224126875400543,420.1577453613281,1.6327102184295654,-0.0003307125880382955,0.0,0.21862724423408508
42,1,0.9552150779672957,83,0.22375,0.0,0.125,0,434,0,0,-0.0003118480963166803,319.63031005859375,1.6356762647628784,-0.000472028594231233,0.0,0.22026143968105316
43,1,0.8782586953348073,85,0.05,0.0,0.0,0,63,0,0,-0.0007468182593584061,484.86407470703125,1.6145741939544678,-1.1789923519245349e-05,0.0,0.22483991086483002
44,1,-0.09625376060103008,86,0.025625,0.0,0.0,0,48,0,0,-0.0037774015218019485,78.94377899169922,1.6241201162338257,-0.0008482532575726509,0.0,0.22285684943199158
45,1,-0.2829500972893584,86,0.131875,0.0,0.0,0,304,0,0,-0.00033345696283504367,57.03107452392578,1.6030243635177612,0.003874070942401886,0.0,0.22642001509666443
46,1,-0.039255437493011414,86,0.31125,0.0,0.375,0,560,0,0,-0.0019828795921057463,23.895341873168945,1.6241660118103027,-0.001104236813262105,0.0,0.22449275851249695
47,1,-0.4036248576101116,86,0.311875,0.0,0.375,0,816,0,0,-0.002941712737083435,43.82088851928711,1.638976812362671,0.002284478861838579,0.0,0.21651551127433777
48,1,0.14084933504818764,87,0.15375,0.0,0.25,0,248,0,0,-0.0020406178664416075,183.82325744628906,1.6306151151657104,0.0009594917064532638,0.0,0.22596609592437744
49,1,0.1762878611953056,90,0.15875,0.0,0.0,0,223,0,0,0.00013452272105496377,185.97921752929688,1.5868133306503296,0.0016899716574698687,0.0,0.2461617887020111
50,1,0.4325000140058819,94,0.01625,0.0,0.0,0,12,0,0,-0.0008480660617351532,251.22152709960938,1.6090688705444336,0.0011190226068720222,0.0,0.23309403657913208
51,1,-0.04533123050350696,95,0.16375,0.0,0.0,0,124,0,0,-0.0042844004929065704,94.16313171386719,1.59502112865448,0.003465220332145691,0.0,0.24612274765968323
52,1,-0.020674691589192662,95,0.249375,0.0,0.125,0,380,0,0,-0.0037924987263977528,20.99364471435547,1.6361300945281982,0.001599059789441526,0.0,0.22052103281021118
53,1,0.6716046005303724,100,0.03125,0.0,0.0,0,58,0,0,0.002499927533790469,360.7027282714844,1.6040947437286377,0.0004066731780767441,0.0,0.22989559173583984
54,1,0.26924242034510826,102,0.21,0.0,0.125,0,197,0,0,-0.002079583704471588,186.8211669921875,1.598516821861267,0.0008858271758072078,0.0,0.2368154525756836
55,1,0.1659266585666046,102,0.43,0.0,0.375,0,453,0,0,-0.0019091460853815079,13.926717758178711,1.6356309652328491,0.0017947800224646926,0.0,0.2185206115245819
56,1,0.28087543160563655,102,0.5775,0.0,0.75,0,709,0,0,-0.002938133431598544,21.977088928222656,1.6498149633407593,-0.0003752523916773498,0.0,0.2170310616493225
57,1,0.08133576208820159,102,0.63,0.0,0.75,0,965,0,0,-0.00949832983314991,7.643701553344727,1.6451082229614258,0.0034070792607963085,0.0,0.21453890204429626
58,1,0.3744316433512722,104,0.1025,0.0,0.0,0,91,0,0,-0.004457009956240654,129.89932250976562,1.5676469802856445,-0.0007826783694326878,0.0,0.24437491595745087
59,1,0.6542349396768259,104,0.31625,0.125,0.375,0,347,0,0,-0.001259084208868444,361.5880126953125,1.5156972408294678,-0.0005643743788823485,0.0,0.2688368558883667
60,1,0.4612979329153859,104,0.470625,0.25,0.375,0,603,0,0,-0.0011355051537975669,61.996883392333984,1.5580050945281982,-0.0014969056937843561,0.0,0.2484200894832611
61,1,0.10107575190977514,104,0.521875,0.25,0.375,0,859,0,0,-0.005873373709619045,4.932051181793213,1.5584214925765991,-0.000389214139431715,0.0,0.2485717535018921
62,1,0.7184520244481973,105,0.206875,0.0,0.375,0,115,0,0,-0.0010299825808033347,294.0987854003906,1.5309522151947021,0.0012921728193759918,0.0,0.2599194645881653
63,1,0.49786262592169805,105,0.289375,0.125,0.375,0,371,0,0,0.000280408508842811,69.515869140625,1.4910000562667847,0.0015687630511820316,0.0,0.27148979902267456
64,1,0.3050462047031033,105,0.395,0.125,0.375,0,627,0,0,-0.0044433302246034145,27.647951126098633,1.4910523891448975,0.0010371049866080284,0.0,0.27604663372039795
65,1,0.06878094914463873,105,0.46375,0.125,0.375,0,883,0,0,-0.011034747585654259,2.7423393726348877,1.4944881200790405,0.0038906605914235115,0.0,0.2704712450504303
66,1,1.0048554260702076,107,0.156875,0.125,0.25,0,100,0,0,0.0014027208089828491,429.28582763671875,1.4190419912338257,0.00450277142226696,0.0,0.30459487438201904
67,1,0.681877955692471,107,0.22875,0.25,0.25,0,356,0,0,-0.002217289060354233,167.338134765625,1.3420588970184326,0.002377857454121113,0.0,0.3422442376613617
68,1,0.04549911017375052,110,0.04125,0.0,0.0,0,40,0,0,-0.005340204574167728,39.793426513671875,1.3641631603240967,-0.0012687150156125426,0.0,0.344984769821167
69,1,0.6192838676670362,110,0.37875,0.0,0.375,0,296,0,0,-0.0024843066930770874,227.64187622070312,1.4560003280639648,0.009820656850934029,0.01171875,0.32067254185676575
70,1,0.20253614296598244,110,0.555,0.0,0.375,0,552,0,0,-0.0022144862450659275,11.698100090026855,1.5156941413879395,0.0035743266344070435,0.0,0.28017833828926086
71,1,0.30049667699040583,114,0.085,0.0,0.125,0,141,0,0,-0.0006116374279372394,320.9603271484375,1.5303852558135986,-0.0009464595350436866,0.0,0.26368117332458496
72,1,0.35321435209698393,114,0.280625,0.0,0.5,0,397,0,0,-0.0007163900882005692,35.56881332397461,1.5791995525360107,0.0007220515981316566,0.0,0.2418665885925293
73,1,0.4366492115732399,115,0.079375,0.0,0.0,0,77,0,0,-0.00017572505748830736,97.26714324951172,1.5792311429977417,-0.0004343201289884746,0.0,0.2401503324508667
74,1,0.34521192342435825,119,0.023125,0.0,0.0,0,38,0,0,-0.0010335644474253058,236.4790496826172,1.5660510063171387,0.0004705479368567467,0.0,0.24538807570934296
75,1,-0.29632925019996037,124,0.015,0.0,0.0,0,14,0,0,-0.001505181542597711,222.7234649658203,1.548823356628418,-0.0004003735666628927,0.0,0.2400485873222351
76,1,0.5962088876494818,128,0.05375,0.0,0.0,0,41,0,0,0.0002647464571055025,290.65277099609375,1.572548270225525,0.00022710193297825754,0.0,0.23806104063987732
77,1,0.5347798004113429,130,0.125,0.0,0.0,0,149,0,0,-0.00011583976447582245,251.4523162841797,1.5585435628890991,0.00015049846842885017,0.0,0.2476212978363037
78,1,0.46713166243171145,130,0.305,0.0,0.375,0,405,0,0,-0.0002563729358371347,52.98280334472656,1.5849175453186035,-0.00011118905240437016,0.0,0.2335338443517685
79,1,0.6807715859629297,132,0.11625,0.0,0.0,0,71,0,0,-0.00025365501642227173,344.8390197753906,1.5713651180267334,1.0004732757806778e-05,0.0,0.24020826816558838
80,1,0.14796727272050703,136,0.0175,0.0,0.0,0,8,0,0,-0.002091433387249708,120.59832763671875,1.5651553869247437,-0.0004901650245301425,0.0,0.23805156350135803
81,1,0.6995259513129781,140,0.055,0.0,0.0,0,75,0,0,-0.0013257074169814587,379.28314208984375,1.5715844631195068,-0.00031005716300569475,0.0,0.23154893517494202
82,1,0.49957464366980275,143,0.059375,0.0,0.0,0,94,0,0,-0.0007927622646093369,319.7327880859375,1.5865724086761475,-0.000961342069786042,0.0,0.23358434438705444
83,1,0.530200353174223,144,0.12875,0.0,0.125,0,197,0,0,-0.0002085144369630143,206.78997802734375,1.6016052961349487,0.0010598263470456004,0.0,0.22706589102745056
84,1,0.3356252566618423,144,0.285625,0.0,0.75,0,453,0,0,-0.0003756865335162729,32.28266143798828,1.618273138999939,0.0002944983425550163,0.0,0.22394481301307678
85,1,0.2328823933739841,144,0.355625,0.0,0.75,0,709,0,0,-0.0007513737073168159,11.85788631439209,1.6140397787094116,-5.8514997363090515e-05,0.0,0.22029630839824677
86,1,0.5104328487432213,145,0.144375,0.0,0.125,0,213,0,0,-0.00023204243916552514,213.8118133544922,1.6041216850280762,-6.368741014739498e-05,0.0,0.2237682193517685
87,1,0.6706917518604314,146,0.13875,0.0,0.125,0,178,0,0,-0.0010800715535879135,278.8414306640625,1.6076120138168335,-0.0007080337963998318,0.0,0.22053366899490356
88,1,0.3940930284015849,148,0.010625,0.0,0.0,0,4,0,0,-0.002323780208826065,46.927181243896484,1.6058053970336914,0.0005441932007670403,0.0,0.22084569931030273
89,1,0.29858988781143125,149,0.135,0.0,0.125,0,172,0,0,-0.0021922774612903595,86.7767333984375,1.6042344570159912,0.0011991027276962996,0.0,0.22669391334056854
90,1,0.09731890869807103,158,0.0425,0.0,0.0,0,22,0,0,-7.754750549793243e-05,526.024658203125,1.597508192062378,0.0001702400331851095,0.0,0.228738471865654
91,1,-0.11320011712518863,161,0.01,0.0,0.0,0,11,0,0,-0.0012196823954582214,176.97848510742188,1.584416389465332,0.0008244590717367828,0.0,0.23158812522888184
92,1,0.12971896884482703,163,0.07625,0.0,0.0,0,156,0,0,-0.0036828257143497467,109.4862060546875,1.5802016258239746,0.00010115513578057289,0.0,0.23597648739814758
93,1,0.41303504342567976,165,0.0325,0.0,0.0,0,50,0,0,-0.0002232367842225358,155.72479248046875,1.580338478088379,0.0004205790755804628,0.0,0.2330157607793808
94,1,0.7485561757864048,168,0.13375,0.0,0.375,0,151,0,0,0.000233827784541063,371.63592529296875,1.581324815750122,6.49457797408104e-05,0.0,0.23478394746780396
95,1,0.007188064394540561,173,0.0075,0.0,0.0,0,2,0,0,0.0003183403459843248,223.64646911621094,1.5627365112304688,-0.000304151326417923,0.0,0.24601006507873535
96,1,0.25909383188718493,174,0.068125,0.0,0.0,0,29,0,0,-0.00048811238957569003,89.15137481689453,1.5527995824813843,-2.665724605321884e-05,0.0,0.24524334073066711
97,1,0.5937644444829857,176,0.03875,0.0,0.125,0,18,0,0,-0.00046046514762565494,181.838134765625,1.5656274557113647,-0.0003674067556858063,0.0,0.24005112051963806
98,1,0.08810992794587946,179,0.01625,0.0,0.0,0,20,0,0,-0.00045322132064029574,103.86033630371094,1.5585784912109375,6.939253944437951e-05,0.0,0.2463740110397339
99,1,0.35064758131420604,182,0.191875,0.0,0.25,0,204,0,0,-0.00012078012514393777,394.91571044921875,1.5630439519882202,0.00022357128909789026,0.0,0.24422192573547363
100,1,0.12884088233477087,186,0.03125,0.0,0.0,0,24,0,0,-0.004904142580926418,166.56146240234375,1.544119119644165,0.0026015748735517263,0.0,0.2468031644821167
101,1,0.8252455042893416,189,0.0225,0.0,0.125,0,13,0,0,-0.00305726146325469,333.7635192871094,1.5518016815185547,0.0016919171903282404,0.0,0.24191659688949585
102,1,0.5676438818773022,191,0.094375,0.0,0.0,0,54,0,0,-0.002215491607785225,189.5064697265625,1.5250301361083984,-0.0003315050562378019,0.0,0.24724778532981873
103,1,0.7471347217178845,196,0.023125,0.0,0.0,0,9,0,0,-0.0007843030616641045,471.8722839355469,1.5053385496139526,-0.0028833034448325634,0.0,0.26877573132514954
104,1,0.8593346694751745,198,0.1225,0.0,0.125,0,83,0,0,4.59688417322468e-05,222.53468322753906,1.5153292417526245,5.530923226615414e-05,0.0,0.2554846405982971
105,1,0.1832891402518726,200,0.018125,0.0,0.0,0,29,0,0,-0.000819023116491735,128.23941040039062,1.4975732564926147,-0.00015558458107989281,0.0,0.2602415680885315
106,1,0.5933670355989307,200,0.303125,0.0,0.625,0,285,0,0,-0.000956634699832648,257.48468017578125,1.5107611417770386,0.00043750274926424026,0.0,0.2547529339790344
107,1,0.5349337325678789,201,0.121875,0.0,0.125,0,205,0,0,-0.000749503611586988,284.00164794921875,1.4857215881347656,0.00041770702227950096,0.0,0.2694523334503174
108,1,0.47260555372486124,201,0.19375,0.0,0.125,0,461,0,0,-0.0004894956946372986,40.86045837402344,1.4875602722167969,-0.00023002209491096437,0.0,0.26566818356513977
109,1,0.13033352695856593,202,0.015,0.0,0.0,0,8,0,0,-0.016439612954854965,44.319740295410156,1.535609245300293,0.016060752794146538,0.4583333432674408,0.24889707565307617
110,1,1.04674772350495,203,0.04875,0.0,0.125,0,77,0,0,0.005625471472740173,452.2593994140625,1.5444711446762085,0.005255497060716152,0.010416666977107525,0.2455289661884308
111,1,0.22485280122828044,203,0.081875,0.0,0.125,0,333,0,0,-0.0033281538635492325,18.6839542388916,1.551164150238037,0.002453860128298402,0.0,0.2465638816356659
112,1,0.3948108481467898,203,0.2875,0.0,0.125,0,589,0,0,0.00012633702135644853,33.41346740722656,1.5794585943222046,0.0005391240119934082,0.0,0.236211895942688
113,1,0.3935517139525473,203,0.351875,0.0,0.125,0,845,0,0,-0.0007057202747091651,35.71534729003906,1.5846813917160034,0.0011457144282758236,0.0,0.23003637790679932
114,1,0.7224727947636893,204,0.155625,0.0,0.375,0,101,0,0,0.00037265196442604065,297.15423583984375,1.5119521617889404,-0.0002306206151843071,0.0,0.2665749192237854
115,1,0.5299579743550566,207,0.11,0.0,0.125,0,100,0,0,-0.00034059834433719516,208.18045043945312,1.57428777217865,-0.00016921386122703552,0.0,0.22860750555992126
116,1,0.6218880013175294,209,0.14125,0.0,0.25,0,153,0,0,0.00035265181213617325,204.87521362304688,1.5731735229492188,-7.805880159139633e-06,0.0,0.23001031577587128
117,1,0.008853781399352556,211,0.07125,0.0,0.0,0,53,0,0,-0.00041376956505700946,75.2255859375,1.580500602722168,0.0003644462558440864,0.0,0.2285374402999878
118,1,0.506983945848333,213,0.03125,0.0,0.0,0,41,0,0,5.025230348110199e-05,268.2742919921875,1.5747592449188232,2.4382025003433228e-05,0.0,0.23306207358837128
119,1,0.3964117855011864,214,0.149375,0.0,0.125,0,233,0,0,-0.00033865374280139804,166.06838989257812,1.5644118785858154,-0.00022254729992710054,0.0,0.2295970916748047
120,1,0.17913716294060578,215,0.045625,0.0,0.0,0,42,0,0,-0.0013521062210202217,78.58740234375,1.5796003341674805,6.08908012509346e-05,0.0,0.23014438152313232
121,1,0.4243979131206288,215,0.27,0.0,0.125,0,298,0,0,-0.0006618406623601913,121.0711669921875,1.5809167623519897,0.0007349226507358253,0.0,0.22867481410503387
122,1,0.39876067521981895,216,0.0525,0.0,0.125,0,27,0,0,-8.993720257421955e-05,74.71928405761719,1.592980146408081,-0.0003167378599755466,0.0,0.23722916841506958
123,1,0.3324524514791847,217,0.14125,0.0,0.125,0,235,0,0,-0.0008399052312597632,38.95746612548828,1.569435477256775,0.0007006478263065219,0.0,0.2343216836452484
124,1,0.6132417964327033,219,0.100625,0.0,0.0,0,60,0,0,0.00012664994574151933,226.059326171875,1.5815417766571045,-0.0005021541146561503,0.0,0.23359712958335876
125,1,0.5134193790014479,221,0.035625,0.0,0.0,0,19,0,0,-0.0003318336675874889,179.06654357910156,1.5855433940887451,-0.00018298905342817307,0.0,0.23123817145824432
126,1,0.30376807970606023,225,0.046875,0.0,0.0,0,49,0,0,-0.002579496009275317,311.4366149902344,1.580592155456543,0.0010320366127416492,0.0,0.2373012751340866
127,1,0.3920148709730711,227,0.064375,0.0,0.0,0,42,0,0,7.423696661135182e-05,276.40972900390625,1.584599256515503,0.0014728526584804058,0.0,0.22975097596645355
128,1,0.288084951309429,228,0.115625,0.0,0.0,0,178,0,0,-0.0003194703604094684,134.95025634765625,1.5859346389770508,0.00020535042858682573,0.0,0.22926394641399384
129,1,0.48871707404668996,229,0.145,0.0,0.125,0,135,0,0,-0.0003870817308779806,214.75112915039062,1.5799734592437744,0.00031877169385552406,0.0,0.22946928441524506
130,1,0.18729626826825552,234,0.02125,0.0,0.0,0,15,0,0,-0.00019526357937138528,239.49072265625,1.6002349853515625,-3.2821204513311386e-05,0.0,0.2228631228208542
131,1,-0.045619989454280585,239,0.05125,0.0,0.125,0,36,0,0,-0.0005789467832073569,301.90264892578125,1.5922563076019287,-0.00038921134546399117,0.0,0.23055557906627655
132,1,0.2397490028415632,243,0.1525,0.0,0.125,0,119,0,0,-0.002211835701018572,385.89483642578125,1.5919883251190186,0.0006776404334232211,0.0,0.22265349328517914
133,1,0.43388439633054077,243,0.35875,0.0,0.125,0,375,0,0,1.1537845239217859e-05,30.092782974243164,1.5785877704620361,0.00046739852405153215,0.0,0.2355635166168213
134,1,0.31785453155737287,243,0.385,0.0,0.25,0,631,0,0,0.00028472021222114563,14.512691497802734,1.5709586143493652,0.000857976614497602,0.0,0.23416948318481445
135,1,0.3537171836142079,244,0.32625,0.0,0.375,0,255,0,0,-0.0004900979693047702,117.1706771850586,1.5840332508087158,0.00019910668197553605,0.0,0.221757173538208
136,1,0.43109198971797014,244,0.44625,0.0,0.625,0,511,0,0,-0.0005649281665682793,32.09346008300781,1.5684394836425781,-0.0002149933425243944,0.0,0.23611138761043549
137,1,0.37061388954793983,245,0.04,0.0,0.0,0,30,0,0,-0.000141998752951622,107.25090026855469,1.5866597890853882,-8.027380317798816e-06,0.0,0.22851166129112244
138,1,0.9327244839532796,248,0.086875,0.0,0.125,0,60,0,0,-1.54872741404688e-05,417.2937316894531,1.5613348484039307,-3.331465268274769e-05,0.0,0.24047192931175232
139,1,0.40349880880148703,248,0.235625,0.0,0.25,0,316,0,0,-0.00012456378317438066,21.43744659423828,1.5540080070495605,8.935497316997498e-05,0.0,0.24359655380249023
140,1,0.3372100939122902,248,0.274375,0.0,0.25,0,572,0,0,-0.0012043032329529524,12.980449676513672,1.5669058561325073,-1.593974229763262e-05,0.0,0.23867087066173553
141,1,0.200748096526695,248,0.31,0.0,0.25,0,828,0,0,-0.003839625045657158,6.239634990692139,1.5780071020126343,0.0012074101250618696,0.0,0.2305782288312912
142,1,0.2489045248853472,251,0.0975,0.0,0.125,0,42,0,0,-0.0024656220339238644,188.47421264648438,1.35394287109375,-0.001139188534580171,0.0,0.3390529751777649
143,1,0.7874740929109976,251,0.33,0.125,0.375,0,298,0,0,-0.0013036716263741255,119.75361633300781,1.5312857627868652,0.0017459453083574772,0.0,0.24710500240325928
144,1,0.2759591723652193,251,0.385,0.125,0.375,0,554,0,0,-0.00036665177321992815,8.670825958251953,1.5458648204803467,0.0005805362015962601,0.0,0.24425582587718964
145,1,0.43534380540950224,251,0.43625,0.25,0.375,0,810,0,0,-0.0005657722940668464,35.50634002685547,1.5405778884887695,0.0002661746402736753,0.0,0.24757862091064453
146,1,0.2908623773450927,252,0.135625,0.0,0.125,0,66,0,0,-0.0003514935669954866,23.985088348388672,1.3315813541412354,0.00017589129856787622,0.0,0.3433492183685303
147,1,0.7159853615162319,252,0.35875,0.0,0.5,0,322,0,0,-0.0009902294259518385,71.73313903808594,1.4992578029632568,0.0002480854163877666,0.0,0.252718061208725
148,1,0.5320001944428441,252,0.5925,0.0,0.75,0,578,0,0,-0.0005310848355293274,49.33767318725586,1.5389684438705444,3.670559817692265e-05,0.0,0.24420344829559326
149,1,0.5366624897953898,252,0.72625,0.125,0.75,0,834,0,0,-0.0005357945337891579,61.493431091308594,1.5379308462142944,-0.0001417559979017824,0.0,0.24848541617393494
150,1,0.40539298712974414,255,0.08625,0.0,0.0,0,60,0,0,-0.0003989829565398395,67.43165588378906,1.3473209142684937,-0.00031821028096601367,0.0,0.33807286620140076
151,1,0.464755590554887,255,0.305625,0.0,0.125,0,316,0,0,2.6729734599939547e-05,40.32660675048828,1.5325896739959717,-0.00018595284200273454,0.0,0.24989984929561615
152,1,0.6159284825107534,255,0.375,0.125,0.125,0,572,0,0,-6.134932482382283e-05,83.78610229492188,1.5367906093597412,-0.0001549520529806614,0.0,0.2524670958518982
153,1,0.6965386711308383,255,0.52125,0.25,0.375,0,828,0,0,-0.00028668594313785434,135.88401794433594,1.5432682037353516,-4.2115338146686554e-05,0.0,0.24452269077301025
154,1,0.1759871762660623,257,0.0875,0.0,0.0,0,73,0,0,-0.0009550191462039948,47.32415771484375,1.3369560241699219,2.6553869247436523e-05,0.0,0.3372746706008911
155,1,0.42116868610173697,257,0.29,0.0,0.0,0,329,0,0,0.00012699826038442552,34.664894104003906,1.5365675687789917,-0.00035147881135344505,0.0,0.25235021114349365
156,1,0.48478976830347165,257,0.435,0.0,0.125,0,585,0,0,-0.00014062970876693726,42.199398040771484,1.5331790447235107,-0.0003109709359705448,0.0,0.2503775358200073
157,1,0.7663532990045496,258,0.27375,0.0,0.25,0,242,0,0,1.0552505955274682e-05,213.2897186279297,1.5330814123153687,0.00014535043737851083,0.0,0.25516247749328613
158,1,0.5528308299371929,258,0.3325,0.125,0.25,0,498,0,0,-0.0004285260511096567,63.84859848022461,1.5457522869110107,-0.0004969497094862163,0.0,0.23549149930477142
159,1,0.18844633419803358,258,0.359375,0.125,0.25,0,754,0,0,-0.006248725578188896,3.850243091583252,1.5269912481307983,0.0019202274270355701,0.0,0.2440326064825058
160,1,0.3174769312965964,259,0.02,0.0,0.0,0,10,0,0,-0.0030064601451158524,13.185551643371582,1.378594160079956,-7.161203393479809e-05,0.0,0.31987154483795166
161,1,0.34483501745489775,259,0.124375,0.0,0.0,0,266,0,0,-0.0008898600935935974,37.338069915771484,1.511156439781189,-0.00033750743023119867,0.0,0.25379619002342224
162,1,0.9707449635425291,261,0.205,0.0,0.375,0,142,0,0,0.0007135495543479919,337.3468933105469,1.515742301940918,0.001109739183448255,0.0,0.25101086497306824
163,1,0.3380154773661843,261,0.36375,0.0,0.375,0,398,0,0,-0.0011287704110145569,7.765526294708252,1.5183656215667725,0.0007051866268739104,0.0,0.24740402400493622
164,1,0.5974188348263851,262,0.2625,0.0,0.25,0,187,0,0,-0.0011445935815572739,175.46096801757812,1.5130671262741089,0.000928699504584074,0.0,0.25472602248191833
165,1,0.6152317927344484,262,0.5225,0.0,0.625,0,443,0,0,-0.00033462047576904297,61.55653381347656,1.4890559911727905,-0.00027962838066741824,0.0,0.26262229681015015
166,1,0.3812470532857333,262,0.658125,0.0,0.625,0,699,0,0,-9.81887205853127e-05,17.26991081237793,1.513119101524353,-9.553677955409512e-05,0.0,0.2551487684249878
167,1,0.32266088079904875,262,0.6725,0.0,0.625,0,955,0,0,-0.0005153365200385451,6.135344505310059,1.393585205078125,-0.00014663224283140153,0.0,0.3202469050884247
168,1,0.12261061137542129,269,0.04875,0.0,0.0,0,60,0,0,-6.13778829574585e-05,336.222412109375,1.4349544048309326,-0.0003239361976739019,0.0,0.28064844012260437
169,1,0.2659646599931875,273,0.02625,0.0,0.0,0,28,0,0,-0.00027250684797763824,362.3467102050781,1.528934359550476,0.00016994946054182947,0.0,0.24190698564052582
170,1,0.6086014151205745,273,0.34125,0.0,0.125,0,284,0,0,-0.00014168179768603295,87.13268280029297,1.5168671607971191,0.0001336710265604779,0.0,0.255428284406662
171,1,0.3180915837001521,274,0.0075,0.0,0.0,0,1,0,0,-0.0025801691226661205,54.09965515136719,1.526936411857605,0.002675599418580532,0.0,0.2545270025730133
172,1,0.7485983323633718,274,0.309375,0.0,0.0,0,257,0,0,2.187304198741913e-05,143.8914794921875,1.5331920385360718,0.0008307402022182941,0.0,0.2470884621143341
173,1,0.3917225788685528,274,0.4675,0.0,0.125,0,513,0,0,0.0007319959695450962,17.508255004882812,1.5440807342529297,2.5350291252834722e-05,0.0,0.23841255903244019
174,1,0.5581266825356579,274,0.661875,0.0,0.625,0,769,0,0,-0.00021587002265732735,45.04150390625,1.5288407802581787,8.088707545539364e-05,0.0,0.2452143430709839
175,1,0.4531103487342989,276,0.03625,0.0,0.0,0,18,0,0,-0.001370847225189209,39.49236297607422,1.3629915714263916,0.0004185542347840965,0.0,0.33097827434539795
176,1,0.6630971814338409,276,0.315,0.0,0.125,0,274,0,0,0.0004359136219136417,114.662841796875,1.522552728652954,-0.001342421630397439,0.0,0.24694693088531494
177,1,0.07088266367645701,278,0.159375,0.0,0.0,0,167,0,0,-0.0010456449817866087,141.71282958984375,1.5072057247161865,0.0007817425648681819,0.0,0.24415390193462372
178,1,0.5724707790222965,278,0.41125,0.0,0.375,0,423,0,0,-0.0002766705001704395,164.28292846679688,1.5156476497650146,-0.00017333542928099632,0.0,0.24216227233409882
179,1,0.3428059722045873,278,0.438125,0.0,0.375,0,679,0,0,-0.0006886326591484249,9.045804977416992,1.512460470199585,0.00014554569497704506,0.0,0.24693012237548828
180,1,0.35465188110697454,278,0.444375,0.0,0.375,0,935,0,0,-0.003236397635191679,8.47764778137207,1.4728505611419678,-0.0001314917317358777,0.0,0.27460479736328125
181,1,0.4071428627551654,279,0.145,0.0,0.0,0,191,0,0,-0.0014077071100473404,77.55375671386719,1.3732740879058838,-0.0001854688598541543,0.0,0.31189125776290894
182,1,0.7763256781900054,279,0.371875,0.25,0.0,0,447,0,0,-0.0002838621730916202,141.87765502929688,1.5165493488311768,0.0005436496576294303,0.0,0.24409207701683044
183,1,0.5167532742816547,279,0.48875,0.25,0.125,0,703,0,0,-0.00011384952813386917,52.55299377441406,1.5087026357650757,0.00025649601593613625,0.0,0.24509987235069275
184,1,0.38624798769160407,279,0.525,0.25,0.25,0,959,0,0,-0.0011492669582366943,10.681756973266602,1.3367440700531006,0.00012824064469896257,0.0,0.3375541567802429
185,1,0.5122455226737657,281,0.31875,0.0,0.25,0,170,0,0,-0.0006958087906241417,171.60203552246094,1.425671935081482,4.9602553190197796e-05,0.0,0.28255772590637207
186,1,0.4672844933106717,283,0.14125,0.0,0.0,0,135,0,0,-0.0010889464756473899,199.07470703125,1.5046765804290771,0.0004468284023460001,0.0,0.2434854358434677
187,1,0.44586287906349753,285,0.21875,0.0,0.25,0,180,0,0,-0.0006495416164398193,243.501220703125,1.494194507598877,-0.00012666950351558626,0.0,0.2569687068462372
188,1,0.7737960359042972,288,0.01875,0.0,0.0,0,7,0,0,-0.0016075603198260069,381.2161865234375,1.4981859922409058,-0.0007909843698143959,0.0,0.25651687383651733
189,1,0.980766158744018,288,0.2925,0.0,0.625,0,263,0,0,-0.002723114099353552,236.8228759765625,1.489259123802185,-0.001071301638148725,0.0,0.2572055459022522
190,1,0.3917672955230955,288,0.4175,0.0,0.625,0,519,0,0,-0.00021259611821733415,12.468425750732422,1.4799354076385498,-0.0006983416969887912,0.0,0.2571673095226288
191,1,0.6170373521890724,288,0.5625,0.125,0.625,0,775,0,0,0.0004115607589483261,67.63362121582031,1.4890165328979492,0.00030790208256803453,0.0,0.24847345054149628
192,1,0.47253094412280916,290,0.018125,0.0,0.0,0,19,0,0,-0.0011645767372101545,13.7608003616333,1.2460753917694092,0.0008188562351278961,0.0,0.37562674283981323
193,1,0.6179919882856666,290,0.261875,0.0,0.125,0,275,0,0,0.0001466429530410096,106.4977035522461,1.452621340751648,0.0005935003864578903,0.0,0.27331289649009705
194,1,0.4075046642738016,290,0.329375,0.0,0.125,0,531,0,0,-0.0003561191260814667,11.372268676757812,1.4669722318649292,-0.0001618956885067746,0.0,0.2656345069408417
195,1,0.6597552934681516,290,0.41125,0.25,0.125,0,787,0,0,-5.2113398851361126e-05,96.96624755859375,1.4739707708358765,4.570714008877985e-05,0.0,0.25662845373153687
196,1,0.33142792373428165,292,0.006875,0.0,0.0,0,1,0,0,-0.00017520412802696228,64.28535461425781,1.1962465047836304,-8.238945156335831e-05,0.0,0.402340829372406
197,1,1.0634043429167832,292,0.325625,0.125,0.5,0,257,0,0,2.1439045667648315e-05,332.7804870605469,1.4510126113891602,7.136880412872415e-06,0.0,0.2723226547241211
198,1,0.40817582966155896,292,0.45125,0.125,0.625,0,513,0,0,-0.00014531053602695465,12.941683769226074,1.463833212852478,0.00011755868035834283,0.0,0.2680826783180237
199,1,0.14552548953876965,292,0.488125,0.125,0.625,0,769,0,0,-0.000833366415463388,25.288822174072266,1.4881013631820679,0.000511461403220892,0.0,0.25641271471977234
200,1,0.34215357668517754,293,0.02625,0.0,0.0,0,25,0,0,-0.00288347527384758,23.717674255371094,1.1721047163009644,0.000724244280718267,0.0,0.4052860140800476
201,1,0.6093922081709024,296,0.18125,0.0,0.25,0,83,0,0,-0.0010894335573539138,362.29180908203125,1.4480141401290894,0.003937292844057083,0.0,0.25695082545280457
202,1,0.5991832132331183,296,0.505625,0.0,0.5,0,339,0,0,-0.0006364522268995643,41.32969284057617,1.4309666156768799,-0.0008001321693882346,0.0,0.2765291929244995
203,1,0.3918003704188777,296,0.55125,0.0,0.5,0,595,0,0,-0.000981189077720046,21.508920669555664,1.442592978477478,0.0007750423392280936,0.0,0.2721734941005707
204,1,0.44203622165969136,296,0.68625,0.0,0.75,0,851,0,0,-0.000860456726513803,17.002239227294922,1.3913228511810303,0.0007985364645719528,0.0,0.2921268939971924
205,1,0.7846839870938709,297,0.178125,0.0,0.375,0,107,0,0,0.0008204126497730613,190.49996948242188,1.1425979137420654,-0.00032433075830340385,0.0,0.4149323105812073
206,1,1.0116078031496727,301,0.0375,0.0,0.125,0,17,0,0,-0.00029778419411741197,388.023193359375,1.4261441230773926,0.00011082692071795464,0.0,0.2713009715080261
207,1,0.6088280847216083,301,0.275,0.0,0.375,0,273,0,0,-1.4390176147571765e-05,65.96514892578125,1.4269933700561523,-0.00019924358639400452,0.0,0.2795978784561157
208,1,0.431462757955444,301,0.3775,0.0,0.375,0,529,0,0,-0.0002480940893292427,14.344179153442383,1.459110975265503,-0.00016314862295985222,0.0,0.2615232467651367
209,1,0.360718570624158,301,0.45375,0.0,0.5,0,785,0,0,-0.0005669243400916457,12.619831085205078,1.4324007034301758,0.0005311921122483909,0.0,0.26818615198135376
210,1,0.5069196354324959,302,0.080625,0.0,0.125,0,41,0,0,-0.000352754577761516,82.93311309814453,1.2067160606384277,0.0003427129122428596,0.0,0.3836763799190521
211,1,0.16044738817436155,305,0.005625,0.0,0.0,0,0,0,0,-0.00017147294420283288,188.61387634277344,1.4403190612792969,-0.00036536453990265727,0.0,0.2701338231563568
212,1,1.0777326859285097,306,0.19,0.0,0.375,0,81,0,0,8.207187056541443e-05,445.65814208984375,1.4172179698944092,9.13116818992421e-05,0.0,0.2737997770309448
213,1,0.6524033153218625,306,0.575625,0.0,0.5,0,337,0,0,-0.00037686218274757266,48.80267333984375,1.4390872716903687,0.00014058686792850494,0.0,0.270512193441391
214,1,0.46860522770975876,306,0.6725,0.0,0.625,0,593,0,0,-0.00035624238080345094,24.03287124633789,1.4370036125183105,0.00021428088075481355,0.0,0.27431249618530273
215,1,0.5247810286186905,306,0.755625,0.0,0.875,0,849,0,0,0.00013989645231049508,23.986339569091797,1.4217190742492676,-8.143763989210129e-05,0.0,0.2728815972805023
216,1,0.39348206551585463,309,0.19625,0.0,0.0,0,154,0,0,-0.0007288583437912166,149.9082489013672,1.372948169708252,-8.301281923195347e-05,0.0,0.30105751752853394
217,1,0.6836458462694281,309,0.44375,0.0,0.0,0,410,0,0,-0.00029383786022663116,65.43482971191406,1.4482479095458984,7.828201341908425e-05,0.0,0.271462082862854
218,1,0.5179774115908913,309,0.51375,0.0,0.25,0,666,0,0,-0.0010195120703428984,23.19423484802246,1.4593520164489746,-0.00043976743472740054,0.0,0.26367485523223877
219,1,0.3966792671932353,309,0.558125,0.0,0.25,0,922,0,0,-0.0015373565256595612,8.736763000488281,1.3622071743011475,-0.0010441471822559834,0.0,0.30509763956069946
220,1,0.18165902735927375,312,0.118125,0.0,0.125,0,53,0,0,-0.001024223631247878,272.8292541503906,1.2811553478240967,-0.00023291292018257082,0.0,0.3407747745513916
221,1,0.7791807335415797,312,0.343125,0.0,0.25,0,309,0,0,-0.0006451737135648727,116.53166198730469,1.4385604858398438,0.000869870069436729,0.0,0.27236998081207275
222,1,0.44810455618062406,312,0.47625,0.0,0.25,0,565,0,0,0.00010762860620161518,14.815485000610352,1.4244954586029053,0.0003590911510400474,0.0,0.2687250077724457
223,1,0.23107191266717564,313,0.054375,0.0,0.0,0,74,0,0,-0.0009293252369388938,189.1219024658203,1.4322545528411865,-1.9238796085119247e-05,0.0,0.2746787965297699
224,1,0.8314717983375886,314,0.24875,0.0,0.125,0,161,0,0,-0.0007792410324327648,275.6335144042969,1.4337315559387207,0.0010133457835763693,0.0,0.278524249792099
225,1,0.5343086808352382,314,0.490625,0.0,0.25,0,417,0,0,-0.0005039963871240616,34.59755325317383,1.40999436378479,-0.0006091493996791542,0.0,0.28013497591018677
226,1,0.33818832414135613,314,0.57625,0.0,0.375,0,673,0,0,-0.0012646833201870322,5.939508438110352,1.4496757984161377,0.00021689308050554246,0.0,0.26684969663619995
227,1,0.3074783446636502,314,0.584375,0.0,0.375,0,929,0,0,-0.01176817249506712,3.3004846572875977,1.3782930374145508,0.0011854007607325912,0.0,0.29925787448883057
228,1,0.11966227798984619,316,0.179375,0.0,0.0,0,106,0,0,-0.0007686863536946476,110.90547180175781,1.3193931579589844,0.004407056607306004,0.0,0.327720582485199
229,1,0.6697205155578558,316,0.49625,0.0,0.375,0,362,0,0,0.0020461089443415403,63.72117614746094,1.4662784337997437,-0.00017310772091150284,0.0,0.25834140181541443
230,1,0.5770201035816171,316,0.644375,0.0,0.625,0,618,0,0,0.0027255553286522627,37.68853759765625,1.4828517436981201,0.0004406424122862518,0.0,0.25732171535491943
231,1,0.4100290960595885,316,0.741875,0.0,0.75,0,874,0,0,-0.0005427537253126502,10.475576400756836,1.4838216304779053,9.823590517044067e-05,0.0,0.2513473629951477
232,1,0.4497758802936005,319,0.1775,0.0,0.125,0,115,0,0,-0.0014317268505692482,188.86849975585938,1.326549768447876,4.4873606384499e-05,0.0,0.32919907569885254
233,1,0.47644839828535623,321,0.058125,0.0,0.0,0,51,0,0,-0.0020664017647504807,272.664794921875,1.4693727493286133,5.2650149882538244e-05,0.0,0.25792425870895386
234,1,0.840769358432226,324,0.206875,0.0,0.125,0,136,0,0,-0.0005341436481103301,350.7729187011719,1.4617877006530762,0.001198743237182498,0.0,0.25928357243537903
235,1,0.6916987665917986,324,0.51125,0.0,0.75,0,392,0,0,-0.0007282387232407928,72.52420043945312,1.4611729383468628,-0.000152467138832435,0.0,0.26160797476768494
236,1,0.4433836181597144,324,0.69375,0.0,1.0,0,648,0,0,-0.0009646844118833542,18.99349594116211,1.4842561483383179,6.748425948899239e-05,0.0,0.25144731998443604
237,1,0.37658258457850025,324,0.758125,0.0,1.0,0,904,0,0,-0.0030535850673913956,10.719870567321777,1.4897005558013916,0.000981863122433424,0.0,0.2518405318260193
238,1,0.7359624767159403,326,0.29125,0.0,0.125,0,152,0,0,-0.0014083044370636344,135.19415283203125,1.3365634679794312,0.00010026137897511944,0.0,0.3247665762901306
239,1,0.25483486729717697,328,0.06875,0.0,0.0,0,80,0,0,-0.0004510876606218517,104.58695983886719,1.4572083950042725,0.00046415114775300026,0.0,0.2608376443386078
240,1,0.37737877267136355,329,0.196875,0.0,0.0,0,211,0,0,-0.0005901027470827103,139.8760528564453,1.445204734802246,0.0004747733473777771,0.0,0.26226016879081726
241,1,0.5730456925961498,329,0.38125,0.0,0.25,0,467,0,0,-0.000981643795967102,41.0915641784668,1.4558684825897217,0.0008215249399654567,0.0,0.2666488289833069
242,1,0.9247373656171476,329,0.6825,0.125,0.5,0,723,0,0,-0.0005940714618191123,172.5106201171875,1.4506351947784424,-0.00026689175865612924,0.0,0.2701488733291626
243,1,0.6923725997932024,329,0.7925,0.25,0.75,0,979,0,0,-0.00026462291134521365,66.45552062988281,1.3329159021377563,-0.00021945188927929848,0.0,0.32606595754623413
244,1,1.078694650417674,332,0.33875,0.0,0.375,0,186,0,0,-0.0003317619557492435,340.91619873046875,1.391075849533081,0.00041812504059635103,0.0,0.2925291061401367
245,1,0.7501716985248095,332,0.553125,0.0,0.375,0,442,0,0,-7.91934653534554e-05,60.89543914794922,1.4375895261764526,-0.00013806097558699548,0.0,0.2712908983230591
246,1,0.5921139192078044,332,0.636875,0.125,0.5,0,698,0,0,-0.0001585309801157564,48.76365280151367,1.4435067176818848,1.0664109140634537e-05,0.0,0.27037131786346436
247,1,0.4479840092899394,332,0.7125,0.125,0.75,0,954,0,0,-0.002517217770218849,9.970972061157227,1.347402811050415,-0.00037336209788918495,0.0,0.31772562861442566
248,1,0.8163798588814188,333,0.369375,0.0,0.375,0,210,0,0,0.00043571460992097855,157.50828552246094,1.3630716800689697,0.00031863604090176523,0.0,0.3082934617996216
249,1,0.702613176387473,333,0.630625,0.0,0.875,0,466,0,0,-0.0008084316505119205,57.38801574707031,1.4554996490478516,-0.0008523034630343318,0.0,0.25957056879997253
250,1,0.5488051828954781,333,0.80125,0.0,0.875,0,722,0,0,0.0004837488231714815,21.234474182128906,1.4583232402801514,-0.0001857887691585347,0.0,0.25804123282432556
251,1,0.4886084322736224,333,0.8625,0.125,1.0,0,978,0,0,-0.0007640334661118686,40.55548095703125,1.3368921279907227,9.90250482573174e-05,0.0,0.3287893235683441
252,1,-0.01591497457411606,336,0.29,0.0,0.0,0,217,0,0,0.00025065336376428604,133.42465209960938,1.4212462902069092,-0.0001670986821409315,0.0,0.277580201625824
253,1,0.6081857549361303,336,0.39125,0.0,0.125,0,473,0,0,-0.000454465567599982,99.86691284179688,1.4490383863449097,8.616829290986061e-05,0.0,0.2660205364227295
254,1,0.400398924259207,336,0.5775,0.0,0.125,0,729,0,0,-0.0011714119464159012,6.570209503173828,1.488602638244629,3.1448591471416876e-05,0.0,0.24591660499572754
255,1,0.6113277444674168,336,0.666875,0.0,0.5,0,985,0,0,-0.0007996888598427176,39.06993865966797,1.3586410284042358,-0.00025088604888878763,0.0,0.3227521777153015
256,1,0.7781322347636888,338,0.34625,0.0,0.25,0,227,0,0,-0.00017250733799301088,291.7847595214844,1.4307076930999756,-0.0009612687863409519,0.0,0.273673951625824
257,1,0.512781247275143,338,0.49625,0.0,0.5,0,483,0,0,-0.0004069743154104799,24.855567932128906,1.4586577415466309,0.00018539326265454292,0.0,0.26081591844558716
258,1,0.35256582848705875,338,0.498125,0.0,0.5,0,739,0,0,-0.0031297244131565094,4.85466194152832,1.474649429321289,-6.0420796216931194e-05,0.0,0.2580063045024872
259,1,0.3833584040057758,338,0.550625,0.0,0.5,0,995,0,0,-0.0006879618158563972,9.413810729980469,1.31764554977417,0.0011843343963846564,0.0,0.33690977096557617
260,1,0.9556001896030466,339,0.325,0.0,0.625,0,251,0,0,0.00023925243294797838,274.814208984375,1.44464111328125,0.0006904173642396927,0.0,0.2669845223426819
261,1,0.4900998702923971,339,0.516875,0.0,0.75,0,507,0,0,0.00016568819410167634,14.988632202148438,1.4795392751693726,0.0005437989602796733,0.0,0.25555339455604553
262,1,0.44909443618053047,339,0.778125,0.0,0.75,0,763,0,0,-0.001544477418065071,14.424200057983398,1.4854352474212646,-0.00018910691142082214,0.0,0.24832561612129211
263,1,0.4648450778858262,341,0.019375,0.0,0.0,0,12,0,0,-0.0012283686082810163,139.32102966308594,1.421325445175171,-0.00018722968525253236,0.0,0.2798200249671936
264,1,0.6156784262384463,342,0.344375,0.0,0.125,0,240,0,0,0.0001609815953997895,197.17535400390625,1.4761803150177002,0.0012021114816889167,0.0,0.26732784509658813
265,1,0.3959194596541238,347,0.088125,0.0,0.0,0,132,0,0,-0.0007400395115837455,568.2998046875,1.4490312337875366,-0.0006443603779189289,0.0,0.2677428424358368
266,1,0.4562305449435371,347,0.298125,0.0,0.125,0,388,0,0,3.105650421275641e-06,33.31534194946289,1.470648169517517,-0.0005952439969405532,0.0,0.25803250074386597
267,1,0.6777221089687373,347,0.546875,0.125,0.375,0,644,0,0,-2.0610790670616552e-05,68.28695678710938,1.4879238605499268,0.0003899055009242147,0.0,0.24879054725170135
268,1,0.41851897647302394,347,0.6875,0.125,0.5,0,900,0,0,-0.0012297797948122025,9.411937713623047,1.5102084875106812,0.0003187678230460733,0.0,0.24475614726543427
269,1,0.5141483140560013,348,0.231875,0.0,0.0,0,156,0,0,-0.0024250708520412445,98.49996948242188,1.3360316753387451,2.142973244190216e-06,0.0,0.3265937864780426
270,1,0.9459427083929768,349,0.298125,0.0,0.125,0,200,0,0,9.904585022013634e-05,282.5147705078125,1.4808874130249023,0.00023216847330331802,0.0,0.25638049840927124
271,1,0.6615046151891875,352,0.0425,0.0,0.0,0,50,0,0,-0.006679707672446966,181.3153533935547,1.4594993591308594,0.0015256949700415134,0.0,0.2624478340148926
272,1,0.8709532797474822,352,0.233125,0.0,0.25,0,306,0,0,0.0007085936958901584,94.33885192871094,1.4572780132293701,0.005052396096289158,0.0,0.2699347734451294
273,1,0.2828132075628673,352,0.304375,0.0,0.375,0,562,0,0,-0.01679442636668682,1.5902066230773926,1.4394850730895996,0.006499887444078922,0.01692708395421505,0.26447156071662903
274,1,0.38895349667745904,352,0.38,0.0,0.375,0,818,0,0,-0.013645067811012268,4.817793846130371,1.3841557502746582,0.011115948669612408,0.1015625,0.2867391109466553
275,1,0.43123296144403866,354,0.0275,0.0,0.0,0,37,0,0,-0.006038365885615349,108.38470458984375,1.1997846364974976,-0.00025042472407221794,0.0,0.38373467326164246
276,1,0.5408204403620402,354,0.215625,0.0,0.0,0,293,0,0,0.0012525757774710655,82.19721984863281,1.32741379737854,0.0015236621256917715,0.0,0.32130318880081177
277,1,-0.36536654414521763,361,0.008125,0.0,0.0,0,4,0,0,0.0005314400186762214,571.281005859375,1.3359078168869019,0.0017903511179611087,0.0,0.3189926743507385
278,1,0.3574398995988304,365,0.10875,0.0,0.0,0,112,0,0,-8.587881166022271e-05,523.248779296875,1.2900694608688354,0.0007620416581630707,0.0,0.34583401679992676
279,1,0.0447507893841248,367,0.03875,0.0,0.0,0,28,0,0,-0.00036831479519605637,278.0033264160156,1.2867085933685303,0.0004098376666661352,0.0,0.35070013999938965
280,1,0.5636060935357818,372,0.055,0.0,0.125,0,91,0,0,-0.0017048362642526627,557.1231689453125,1.2823996543884277,0.0012719130609184504,0.0,0.33535391092300415
281,1,-0.18108698070568607,378,0.045,0.0,0.125,0,67,0,0,0.0008042221888899803,515.7440185546875,1.2560884952545166,0.0008211651584133506,0.0,0.3669259250164032
282,1,0.36612601935212297,378,0.206875,0.0,0.125,0,323,0,0,-0.00017306520021520555,61.348148345947266,1.2343204021453857,0.0010297828121110797,0.0,0.3706511855125427
283,1,0.23536821505513217,378,0.27125,0.0,0.125,0,579,0,0,-0.0018232744187116623,4.276079177856445,1.2568608522415161,-0.00042000957182608545,0.0,0.36119627952575684
284,1,0.2775249939350033,378,0.4025,0.0,0.375,0,835,0,0,-0.007043139543384314,8.062751770019531,1.2059962749481201,0.0006300085224211216,0.0,0.3923341631889343
285,1,0.14491464007733157,381,0.05875,0.0,0.0,0,65,0,0,-0.004311686381697655,224.0390167236328,1.0887103080749512,0.002713486086577177,0.0013020833721384406,0.44650527834892273
286,1,0.3361920427341829,381,0.376875,0.0,0.25,0,321,0,0,-0.009408160112798214,70.78610229492188,1.3962482213974,0.002083930652588606,0.0,0.2966812551021576
287,1,0.5358889279468713,381,0.59125,0.0,0.625,0,577,0,0,-0.00307347415946424,32.91755676269531,1.468130111694336,0.00310123129747808,0.0,0.267841100692749
288,1,0.40193101903787465,381,0.671875,0.0,0.75,0,833,0,0,-0.0026754799764603376,10.508380889892578,1.4885027408599854,0.0011423281393945217,0.0,0.25663942098617554
289,1,0.22872180885451598,382,0.051875,0.0,0.0,0,89,0,0,-1.9817303837044165e-05,30.65431022644043,1.2530510425567627,0.0012788381427526474,0.0,0.36980628967285156
290,1,0.8499964163302138,382,0.2925,0.0,0.25,0,345,0,0,0.0006116933072917163,220.574951171875,1.4275705814361572,0.00036372803151607513,0.0,0.27424219250679016
291,1,0.4923582687843009,382,0.364375,0.125,0.25,0,601,0,0,-0.00047258724225685,29.105432510375977,1.4534695148468018,0.0003443383611738682,0.0,0.2689250707626343
292,1,0.4666679658821522,382,0.4525,0.125,0.375,0,857,0,0,-0.0006181033095344901,11.040614128112793,1.4951667785644531,0.0009348237654194236,0.0,0.248861163854599
293,1,0.6289301696911025,383,0.121875,0.0,0.125,0,113,0,0,-0.0006065269699320197,146.6785430908203,1.2423686981201172,-0.0003136346931569278,0.0,0.3688269853591919
294,1,0.6358858641806364,383,0.446875,0.0,0.625,0,369,0,0,-0.00019628058362286538,35.623443603515625,1.4664416313171387,0.00025470773107372224,0.0,0.25984472036361694
295,1,0.5736909516572268,383,0.6475,0.0,0.875,0,625,0,0,-0.0006842495640739799,30.315174102783203,1.4567861557006836,8.283571514766663e-05,0.0,0.2647400498390198
296,1,0.4120480996914466,383,0.8325,0.0,0.875,0,881,0,0,-0.0011408183490857482,7.933239936828613,1.480446219444275,-0.0003819693811237812,0.0,0.2520861029624939
297,1,0.4090165149018503,384,0.16,0.0,0.0,0,137,0,0,-0.007471270393580198,72.93362426757812,1.2635449171066284,0.005404237657785416,0.0,0.36305925250053406
298,1,0.4681666980443424,384,0.22375,0.0,0.125,0,393,0,0,0.003274680580943823,73.93138122558594,1.429352045059204,0.0026693351101130247,0.0,0.282733678817749
299,1,0.4379352426640253,384,0.339375,0.0,0.25,0,649,0,0,-0.005655014421790838,13.99095344543457,1.439070463180542,0.005026075057685375,0.0,0.2725833058357239
300,1,0.6106164394632287,386,0.02375,0.0,0.0,0,47,0,0,-0.0030467375181615353,236.38389587402344,1.4604718685150146,0.0038121154066175222,0.0,0.2655155062675476
301,1,0.49921647106384626,389,0.025,0.0,0.0,0,18,0,0,-0.0030594822019338608,332.17474365234375,1.458493947982788,0.0005183268222026527,0.0,0.27007609605789185
302,1,0.9007140688469235,389,0.308125,0.0,0.5,0,274,0,0,0.003142360597848892,134.59535217285156,1.4616879224777222,0.0027255043387413025,0.0,0.26646628975868225
303,1,0.2725510810378182,389,0.34,0.0,0.5,0,530,0,0,-0.0008331919088959694,4.29257869720459,1.484171748161316,0.0009263016982004046,0.0,0.26543790102005005
304,1,0.2558388318047946,389,0.349375,0.0,0.5,0,786,0,0,-0.007450887933373451,3.633565902709961,1.464440107345581,0.0008902084082365036,0.0,0.26530465483665466
305,1,0.004750949472509092,393,0.009375,0.0,0.0,0,14,0,0,-0.0009366981685161591,337.41705322265625,1.477348804473877,0.0013865998480468988,0.0,0.25867852568626404
306,1,0.4989099299964437,396,0.355625,0.0,0.375,0,228,0,0,-0.0022566101979464293,418.0459289550781,1.4821288585662842,0.002444113837555051,0.0,0.25796401500701904
307,1,0.5384898203337798,396,0.5725,0.0,0.375,0,484,0,0,-0.000810893892776221,21.908329010009766,1.4733059406280518,-7.128871220629662e-05,0.0,0.25428467988967896
308,1,0.4858689990956009,397,0.209375,0.0,0.0,0,141,0,0,-0.000835555954836309,255.3599853515625,1.4602159261703491,0.0004590142925735563,0.0,0.262336403131485
309,1,0.38759249060694856,397,0.348125,0.0,0.125,0,397,0,0,-0.0022079567424952984,5.805265426635742,1.4641368389129639,-0.0002951991627924144,0.0,0.25801539421081543
310,1,0.33468419447672204,397,0.40375,0.0,0.125,0,653,0,0,-0.008321767672896385,6.119259834289551,1.4582977294921875,0.0021505660843104124,0.0,0.2636718153953552
311,1,0.5933796000581424,397,0.5025,0.125,0.375,0,909,0,0,-0.004327119328081608,68.24880981445312,1.416536808013916,0.006044803187251091,0.0,0.28259047865867615
312,1,1.011364299957222,400,0.135,0.125,0.375,0,152,0,0,-0.0013682972639799118,364.5616455078125,1.2439332008361816,0.0009663618984632194,0.0,0.36246126890182495
313,1,0.5200256427124259,400,0.318125,0.25,0.625,0,408,0,0,0.004028960596770048,44.50764465332031,1.424386739730835,3.162740540574305e-05,0.0,0.2698974609375
314,1,0.4301199654873926,400,0.499375,0.25,0.75,0,664,0,0,-0.0007770610973238945,9.852581977844238,1.4735527038574219,0.0001785260101314634,0.0,0.256296306848526
315,1,0.5602466609216208,400,0.775625,0.25,0.875,0,920,0,0,2.8852373361587524e-05,20.47644805908203,1.4702460765838623,2.1808471501572058e-05,0.0,0.2612099349498749
316,1,0.49189307939377613,403,0.1075,0.0,0.25,0,109,0,0,-0.00018151290714740753,451.2918395996094,1.268447995185852,9.318068623542786e-05,0.0,0.35542044043540955
317,1,0.6767722336013549,403,0.5225,0.0,0.625,0,365,0,0,-0.00020263220358174294,41.355133056640625,1.4139779806137085,-0.0004247048345860094,0.0,0.28397178649902344
318,1,0.4544499693365651,403,0.694375,0.0,0.75,0,621,0,0,-0.000535485043656081,14.175799369812012,1.4370754957199097,0.0002529889752622694,0.0,0.264140784740448
319,1,0.18967932990324243,403,0.69875,0.0,0.75,0,877,0,0,-0.0005206344649195671,15.827788352966309,1.4450572729110718,0.0005998161504976451,0.0,0.26976102590560913
320,1,0.6408539628919243,404,0.264375,0.0,0.25,0,252,0,0,-0.0001430561242159456,166.97091674804688,1.4235210418701172,-0.0004785209894180298,0.0,0.27277976274490356
321,1,0.6035407075839885,404,0.49125,0.0,0.375,0,508,0,0,-0.0004945403779856861,42.80438995361328,1.4330577850341797,0.00029288636869750917,0.0,0.2742545008659363
322,1,0.3211946059291222,404,0.574375,0.0,0.5,0,764,0,0,-0.00813920795917511,3.779884099960327,1.455383062362671,0.0120646758005023,0.5234375,0.2600706219673157
323,1,0.7493281131837648,405,0.025625,0.0,0.125,0,20,0,0,-0.0001867624669102952,213.14236450195312,1.3134692907333374,0.006677994504570961,0.01692708395421505,0.32245439291000366
324,1,0.3349573012565088,405,0.315,0.0,0.25,0,276,0,0,-0.007214998360723257,2.9534263610839844,1.4445455074310303,0.0034663889091461897,0.0,0.2734553813934326
325,1,0.3864026772935176,405,0.42875,0.0,0.375,0,532,0,0,-0.0034985574893653393,8.840170860290527,1.4895843267440796,0.003141470719128847,0.2330729216337204,0.2566944360733032
326,1,0.45067589902464533,405,0.565625,0.0,0.625,0,788,0,0,-0.009774988517165184,10.5406494140625,1.5035523176193237,-0.0015066785272210836,0.0,0.24561011791229248
327,1,0.24120178250814206,407,0.01875,0.0,0.0,0,12,0,0,0.0006979604950174689,120.99945068359375,1.5093762874603271,0.0022412242833524942,0.0,0.24616357684135437
328,1,0.5572797138013357,409,0.3425,0.0,0.375,0,237,0,0,0.0006371497875079513,232.7821044921875,1.460690975189209,0.0013817176222801208,0.0,0.27033132314682007
329,1,0.4549132536251932,409,0.5225,0.0,0.5,0,493,0,0,0.0009330179309472442,7.322846412658691,1.468733310699463,0.0005887036095373333,0.0,0.25695568323135376
330,1,0.2937676319052116,415,0.029375,0.0,0.0,0,23,0,0,-2.2036334485164843e-05,479.9790344238281,1.472442626953125,-0.0002517864922992885,0.0,0.2671710252761841
331,1,0.6126368768309476,415,0.33375,0.0,0.5,0,279,0,0,-0.0006107619847171009,42.39942169189453,1.4638584852218628,-0.00015895783144515008,0.0,0.2681404948234558
332,1,0.4936135379211919,415,0.6225,0.0,0.625,0,535,0,0,-0.00047171954065561295,14.29824447631836,1.491865634918213,8.773260924499482e-05,0.0,0.2526873052120209
333,1,0.3379830748067434,415,0.768125,0.0,0.875,0,791,0,0,-0.005666334182024002,11.345846176147461,1.5069091320037842,0.0009994347346946597,0.0,0.24405351281166077
334,1,0.516169492372228,416,0.043125,0.0,0.0,0,47,0,0,-0.00370624172501266,104.17279052734375,1.5191882848739624,0.0017462668474763632,0.0,0.25150203704833984
335,1,0.5035637741875689,416,0.215625,0.0,0.375,0,303,0,0,-0.0001055598258972168,56.61759948730469,1.475001335144043,-0.00105881760828197,0.0,0.26431459188461304
336,1,0.38152404601032686,416,0.325625,0.0,0.5,0,559,0,0,-0.0056330133229494095,5.806430816650391,1.4963301420211792,0.0013168867444619536,0.0,0.24673347175121307
337,1,0.359281973631596,416,0.405625,0.0,0.5,0,815,0,0,-0.007052917033433914,4.034029960632324,1.4788427352905273,0.0033614083658903837,0.0,0.2601238787174225
338,1,0.3130291253228279,417,0.09875,0.0,0.0,0,71,0,0,-0.004721170291304588,40.585853576660156,1.4820947647094727,0.0009359383839182556,0.0,0.26127561926841736
339,1,0.7817636871914146,417,0.34,0.0,0.5,0,327,0,0,-0.0009455780382268131,86.4185791015625,1.3955175876617432,0.0010088843991979957,0.0,0.3038550019264221
340,1,0.7636016246906365,417,0.57,0.0,0.625,0,583,0,0,0.00030269630951806903,103.00885009765625,1.4706687927246094,0.0013613560004159808,0.0,0.25714850425720215
341,1,0.5295087166687154,418,0.3125,0.0,0.125,0,215,0,0,-0.014502748847007751,255.82496643066406,1.407596468925476,0.009765254333615303,0.0,0.2819066643714905
342,1,0.5045306824031286,419,0.008125,0.0,0.0,0,3,0,0,-0.011070970445871353,111.13159942626953,1.4175450801849365,0.004532346036285162,0.1653645932674408,0.27553147077560425
343,1,1.0022194776547622,419,0.411875,0.0,0.375,0,259,0,0,0.0015562362968921661,156.63243103027344,1.331591010093689,0.002320332918316126,0.0,0.3196508288383484
344,1,0.6259831845430597,419,0.603125,0.125,0.5,0,515,0,0,-0.0013839274179190397,56.12084197998047,1.3160946369171143,0.002423049882054329,0.0,0.3341354727745056
345,1,0.4798048051279693,419,0.75375,0.125,0.75,0,771,0,0,-0.0007578289951197803,13.365743637084961,1.3224738836288452,0.0008591715013608336,0.0,0.3330758810043335
346,1,0.4061423753046256,420,0.06375,0.0,0.0,0,27,0,0,-0.00080881267786026,78.80168914794922,1.2811254262924194,-0.00011895084753632545,0.0,0.3586696982383728
347,1,0.5495748536850442,422,0.070625,0.0,0.0,0,30,0,0,-0.00143378134816885,294.87994384765625,1.1909537315368652,0.001480243168771267,0.0,0.39021849632263184
348,1,0.6409396737726638,422,0.276875,0.0,0.0,0,286,0,0,-0.0009350981563329697,50.380741119384766,1.134206771850586,-0.0012873614905402064,0.0,0.44760259985923767
349,1,0.5857902440158114,422,0.45,0.0,0.5,0,542,0,0,-0.00019035302102565765,31.840835571289062,1.2606046199798584,-0.0004056838224641979,0.0,0.3746876120567322
350,1,0.417287383769235,422,0.585625,0.0,0.5,0,798,0,0,-0.0029676528647542,8.16668701171875,1.3609278202056885,0.0007991129532456398,0.0,0.3219946324825287
351,1,0.4625858937188241,423,0.125625,0.0,0.0,0,54,0,0,-0.00391539977863431,41.38740539550781,1.2913492918014526,0.0005633309483528137,0.0,0.34839898347854614
352,1,0.7401920622723992,423,0.404375,0.0,0.375,0,310,0,0,-0.0018266243860125542,176.58151245117188,1.1882022619247437,-0.0002703483623918146,0.0,0.3958253264427185
353,1,0.533845763357931,423,0.59375,0.0,0.5,0,566,0,0,-0.000987741514109075,18.448383331298828,1.1972522735595703,-0.0004541461239568889,0.0,0.4053175151348114
354,1,0.4491873113802285,424,0.288125,0.0,0.25,0,186,0,0,-0.00233516376465559,182.884521484375,1.1686983108520508,0.0003172637370880693,0.0,0.418639600276947
355,1,0.7347194076719461,425,0.27625,0.0,0.125,0,254,0,0,-0.0007681567221879959,172.55938720703125,1.0972317457199097,0.0006392066134139895,0.0,0.45022353529930115
356,1,0.5213704785901427,425,0.450625,0.0,0.25,0,510,0,0,-0.0008013385231606662,14.18304443359375,1.1786164045333862,0.0012207126710563898,0.0,0.39301976561546326
357,1,0.2129390507984681,425,0.540625,0.0,0.25,0,766,0,0,0.00020740616309922189,10.146114349365234,1.219706416130066,-7.285054016392678e-05,0.0,0.38791748881340027
358,1,0.46688538774469635,426,0.13,0.0,0.0,0,213,0,0,-0.009123577736318111,219.38714599609375,1.1497138738632202,0.004821235314011574,0.0,0.4143190383911133
359,1,0.5484194197082388,426,0.38625,0.0,0.25,0,469,0,0,0.003239300101995468,20.796913146972656,1.0879614353179932,0.007504913955926895,0.2109375,0.4501558542251587
360,1,0.09378680814802465,428,0.028125,0.0,0.0,0,17,0,0,-0.005041898228228092,200.00918579101562,1.0684483051300049,0.0028397112619131804,0.0,0.4519646167755127
361,1,0.6966554359491965,428,0.41875,0.0,0.25,0,273,0,0,0.0011762067442759871,104.16067504882812,1.0810503959655762,0.0022231207694858313,0.0,0.44515225291252136
362,1,-0.051806512841722,433,0.033125,0.0,0.0,0,23,0,0,0.0010134143522009254,568.30126953125,1.049303412437439,0.0016729163471609354,0.0,0.4642096161842346
363,1,0.1679988765681628,433,0.26625,0.0,0.0,0,279,0,0,0.0007754631224088371,40.89327621459961,1.0147343873977661,9.503867477178574e-05,0.0,0.4776361882686615
364,1,1.012985870140028,434,0.018125,0.0,0.125,0,11,0,0,7.870669651310891e-05,241.47372436523438,1.024146556854248,0.000272869918262586,0.0,0.48654693365097046
365,1,0.2838740571751259,439,0.009375,0.0,0.0,0,3,0,0,3.4344072901149048e-06,485.450439453125,1.0208642482757568,5.806361878057942e-05,0.0,0.4856277406215668
366,1,0.607441765348085,439,0.199375,0.0,0.125,0,259,0,0,-0.00012428066111169755,57.92237854003906,1.0249357223510742,-3.385186937521212e-05,0.0,0.47460299730300903
367,1,0.5886364327161573,443,0.085,0.0,0.0,0,62,0,0,-9.99098047032021e-05,324.4180908203125,1.0333846807479858,3.2098032534122467e-06,0.0,0.47382017970085144
368,1,0.3880013649886678,445,0.0875,0.0,0.125,0,90,0,0,-0.00027550384402275085,270.10498046875,1.0226683616638184,-8.620104927103966e-05,0.0,0.4682586193084717
369,1,-0.36598925027647056,453,0.09625,0.0,0.125,0,53,0,0,-0.0002429237065371126,773.9238891601562,1.0351556539535522,0.00022676028311252594,0.0,0.4871788024902344
370,1,0.8873791998692013,458,0.113125,0.0,0.125,0,64,0,0,-0.00010889768600463867,663.0927734375,1.037667989730835,-5.9452220739331096e-05,0.0,0.47879570722579956
371,1,0.46066699512721243,460,0.211875,0.0,0.125,0,165,0,0,-0.0005960452253930271,304.18426513671875,1.0498321056365967,-0.0003960832837037742,0.0,0.45028162002563477
372,1,0.10467274469647236,464,0.018125,0.0,0.0,0,11,0,0,-0.0002777207118924707,476.918212890625,1.0236647129058838,-1.651871389185544e-05,0.0,0.4753274917602539
373,1,0.6233660019547642,465,0.273125,0.0,0.375,0,245,0,0,6.971973925828934e-05,255.34930419921875,1.0380851030349731,-0.0002574981190264225,0.0,0.4765985906124115
374,1,0.10570168701997318,469,0.07,0.0,0.0,0,52,0,0,-0.00012068388605257496,388.6173400878906,1.0591800212860107,0.0002551921643316746,0.0,0.47189056873321533
375,1,0.08578362621483393,471,0.16125,0.0,0.125,0,139,0,0,-1.9899259768862976e-06,279.8738708496094,1.0394915342330933,-4.628378519555554e-05,0.0,0.47164186835289
376,1,0.4772879794863911,471,0.41625,0.0,0.25,0,395,0,0,-0.00017662564641796052,27.811473846435547,1.094340443611145,0.00012135149154346436,0.0,0.448866069316864
377,1,0.30848270701199,471,0.495,0.0,0.5,0,651,0,0,-0.005556886084377766,9.54389476776123,1.0647389888763428,-0.0016852517146617174,0.0,0.4597666263580322
378,1,0.5597162148374082,472,0.08875,0.0,0.0,0,40,0,0,-0.002395359333604574,141.6421661376953,1.1028083562850952,0.0031513997819274664,0.0,0.44654250144958496
379,1,0.3667429745037225,478,0.1,0.0,0.0,0,133,0,0,0.000908970832824707,385.07781982421875,1.0856090784072876,0.0003463908506091684,0.0,0.43743783235549927
380,1,0.5850416629982647,478,0.3375,0.0,0.0,0,389,0,0,-0.0005504392902366817,22.96672821044922,1.0463788509368896,-0.0008974721422418952,0.0,0.481442928314209
381,1,0.5268726594080135,478,0.56375,0.0,0.375,0,645,0,0,-0.0009077358990907669,56.2078857421875,1.0680756568908691,-0.0011080581462010741,0.0,0.45720288157463074
382,1,0.3217505272314156,478,0.695625,0.0,0.625,0,901,0,0,-0.005011952482163906,12.66354751586914,1.0747827291488647,0.003236589953303337,0.0,0.47546228766441345
383,1,0.4119137095840415,483,0.0275,0.0,0.0,0,14,0,0,0.00587659515440464,513.6092529296875,1.097861647605896,0.0011303912615403533,0.0,0.4479255676269531
384,1,0.7616350570333452,483,0.21625,0.0,0.25,0,270,0,0,0.0011432897299528122,86.45745086669922,1.088439702987671,0.0014974242076277733,0.0,0.4493896961212158
385,1,0.5199070926673812,483,0.43125,0.0,0.75,0,526,0,0,-0.0006009195931255817,28.973936080932617,1.1476633548736572,-0.0007163924165070057,0.0,0.4150479733943939
386,1,0.2964932144204795,483,0.476875,0.0,0.75,0,782,0,0,-0.0038997153751552105,2.5998263359069824,1.1319544315338135,0.0013098823837935925,0.0,0.42390745878219604
387,1,0.7251708721919385,484,0.09375,0.0,0.0,0,38,0,0,-0.0024580422323197126,178.17364501953125,1.1741142272949219,0.00031565254903398454,0.0,0.40930622816085815
388,1,0.5835588793997886,484,0.381875,0.0,0.25,0,294,0,0,0.0011112665524706244,20.707197189331055,1.134911060333252,0.0019941783975809813,0.0,0.418537437915802
389,1,0.48837722283860785,484,0.66625,0.0,0.5,0,550,0,0,0.00028290320187807083,17.489076614379883,1.1498286724090576,0.0006000682478770614,0.0,0.40936511754989624
390,1,0.3209997508129163,484,0.7925,0.0,0.625,0,806,0,0,-0.004473578184843063,7.451019763946533,1.20765221118927,0.0007066421094350517,0.0,0.3999660015106201
391,1,0.28576717653231754,485,0.0725,0.0,0.0,0,62,0,0,-0.0010064899688586593,48.924869537353516,1.2047133445739746,0.0017437342321500182,0.0,0.38375115394592285
392,1,1.027565355572733,486,0.175,0.0,0.25,0,102,0,0,0.0023670271039009094,285.208740234375,1.1964067220687866,0.0033638658933341503,0.0,0.4067149758338928
393,1,0.7923328453271097,489,0.2325,0.0,0.125,0,176,0,0,-0.002103425096720457,333.3462219238281,1.2038688659667969,0.0005271960981190205,0.0,0.3920496106147766
394,1,0.6956159639230464,489,0.44,0.0,0.25,0,432,0,0,-0.0006809632177464664,36.39875793457031,1.2557791471481323,-0.0014696363359689713,0.0,0.35337698459625244
395,1,0.5612154428454232,489,0.610625,0.0,0.625,0,688,0,0,-0.0027420304249972105,23.35373306274414,1.2808352708816528,0.0010233870707452297,0.0,0.3564015328884125
396,1,0.43494685748146367,489,0.66625,0.0,0.625,0,944,0,0,-0.0006899418076500297,5.931266784667969,1.2785899639129639,0.0011950773186981678,0.0,0.35910892486572266
397,1,0.7078801384377584,490,0.17875,0.0,0.125,0,200,0,0,-0.0007584827835671604,260.8079528808594,1.2954189777374268,-0.0013612760230898857,0.0,0.32948508858680725
398,1,0.8291492475668747,491,0.21125,0.0,0.5,0,115,0,0,0.00023631504154764116,462.30615234375,1.310522437095642,0.0002514040097594261,0.0,0.3317844271659851
399,1,0.6154232723893074,491,0.3825,0.125,0.5,0,371,0,0,-0.0011404526885598898,50.25312042236328,1.3293235301971436,0.00027679622871801257,0.0,0.3193386495113373
400,1,0.4244757041487901,491,0.446875,0.125,0.5,0,627,0,0,-0.0018424370791763067,6.545970916748047,1.3447140455245972,0.0006880341097712517,0.0,0.31382882595062256
401,1,0.34080440438856385,491,0.513125,0.125,0.625,0,883,0,0,-0.005757037550210953,4.506588935852051,1.3345236778259277,-0.0020535383373498917,0.0,0.32594001293182373
402,1,0.19711952364991703,496,0.046875,0.0,0.0,0,37,0,0,0.001347813755273819,424.1059875488281,1.302303671836853,0.0020814603194594383,0.0,0.3355827331542969
403,1,0.7707491357523395,496,0.229375,0.0,0.0,0,293,0,0,-0.0009773150086402893,86.93898010253906,1.287688970565796,0.0014013038016855717,0.0,0.3462356925010681
404,1,0.6875251352910254,496,0.63,0.0,0.5,0,549,0,0,0.0017693493282422423,43.6419792175293,1.36942720413208,-7.29180610505864e-05,0.0,0.30132022500038147
405,1,0.5576190463048079,496,0.795,0.0,0.75,0,805,0,0,-0.0007319934666156769,13.297347068786621,1.311474084854126,0.0005772309377789497,0.0,0.33917495608329773
406,1,0.11434430849969157,500,0.025,0.0,0.0,0,13,0,0,-0.00038423825753852725,193.67791748046875,1.296698808670044,-0.00029660979635082185,0.0,0.3385612368583679
407,1,0.9725190140816267,500,0.368125,0.0,0.5,0,269,0,0,5.245829925115686e-06,181.92298889160156,1.2502663135528564,2.574656900833361e-05,0.0,0.3494582772254944
408,1,0.46888086924445815,500,0.534375,0.0,0.625,0,525,0,0,-2.8026755899190903e-05,11.500511169433594,1.336421012878418,6.479211151599884e-05,0.0,0.3129715323448181
409,1,0.7007963020023453,505,0.180625,0.0,0.0,0,91,0,0,-8.279085159301758e-05,435.6106262207031,1.2253433465957642,-9.063367906492203e-05,0.0,0.37779444456100464
410,1,0.9118511385458987,505,0.489375,0.0,0.375,0,347,0,0,-9.597589814802632e-05,115.01924133300781,1.2789874076843262,5.615952977677807e-05,0.0,0.34287986159324646
411,1,0.5792132407659665,505,0.713125,0.0,0.625,0,603,0,0,-0.00031253634369932115,18.640668869018555,1.3048423528671265,9.829628834268078e-05,0.0,0.32878613471984863
412,1,0.3743662304408417,505,0.81625,0.0,0.625,0,859,0,0,-0.0024979603476822376,4.621979713439941,1.2893078327178955,0.000407384563004598,0.0,0.3427397608757019
413,1,0.39063127379631624,506,0.174375,0.0,0.0,0,115,0,0,-0.003936178050935268,62.51213836669922,1.2646026611328125,-0.0026159901171922684,0.0,0.35718244314193726
414,1,0.8273170136799308,507,0.36875,0.0,0.625,0,205,0,0,-0.001419484382495284,342.2276916503906,1.2203694581985474,0.001054909429512918,0.0,0.38023626804351807
415,1,0.886347281630151,508,0.31,0.0,0.375,0,184,0,0,-0.0006691546877846122,361.6102294921875,1.2372081279754639,-0.0004588705487549305,0.0,0.37860196828842163
416,1,0.4276605895965986,508,0.4125,0.0,0.375,0,440,0,0,-0.00024635903537273407,6.048451900482178,1.2782480716705322,0.00021221225324552506,0.0,0.3532431125640869
417,1,0.42178458852049516,509,0.29,0.0,0.125,0,166,0,0,-0.0006109671667218208,127.26241302490234,1.2031683921813965,0.0002765292301774025,0.0,0.37188154458999634
418,1,0.8899330003209798,509,0.49,0.0,0.5,0,422,0,0,0.000549493997823447,98.5504379272461,1.2213501930236816,0.0003664673713501543,0.0,0.3931828439235687
419,1,0.5796116886831442,509,0.689375,0.0,0.75,0,678,0,0,-0.0005838840152136981,12.340738296508789,1.246635913848877,0.0001006502061500214,0.0,0.36350756883621216
420,1,0.3729420248182578,509,0.765625,0.0,0.75,0,934,0,0,-0.015925228595733643,2.8060495853424072,1.224724531173706,0.013865399174392223,0.1796875,0.36282384395599365
421,1,1.079971200610089,512,0.248125,0.0,0.125,0,118,0,0,0.0035605691373348236,357.75628662109375,1.1185539960861206,0.009326283819973469,0.0,0.40220150351524353
422,1,0.6941128613489127,512,0.438125,0.0,0.125,0,374,0,0,-0.0016558682546019554,69.5505142211914,1.0943485498428345,-0.001550477696582675,0.0,0.4540097117424011
423,1,0.5864670896498865,512,0.649375,0.0,0.375,0,630,0,0,-0.000619279220700264,41.02540588378906,1.1727547645568848,0.0008980570128187537,0.0,0.40947437286376953
424,1,0.3068143643249641,513,0.01375,0.0,0.0,0,6,0,0,0.0005183229222893715,134.11659240722656,1.1394672393798828,0.0019655840005725622,0.0,0.4059275984764099
425,1,0.7580638740764698,513,0.378125,0.0,0.375,0,262,0,0,-0.000813554972410202,208.83413696289062,1.0899631977081299,-0.000546637165825814,0.0,0.44429296255111694
426,1,0.5524927772730734,513,0.61125,0.0,0.5,0,518,0,0,0.0006334666977636516,28.276103973388672,1.1489561796188354,-3.909521547029726e-05,0.0,0.41359466314315796
427,1,0.39375604125962127,513,0.755,0.0,0.75,0,774,0,0,-0.007096712943166494,4.699901580810547,1.2170262336730957,-0.0014171914663165808,0.0,0.38483142852783203
428,1,0.32457887300734,514,0.04,0.0,0.0,0,30,0,0,-0.009469210170209408,49.832847595214844,1.142038345336914,0.003781077917665243,0.0,0.42631611227989197
429,1,1.0640282920467143,514,0.42125,0.0,0.75,0,286,0,0,-0.00192071998026222,157.11363220214844,1.1465133428573608,0.0028237923979759216,0.0,0.4303209185600281
430,1,0.42698689819030733,514,0.570625,0.0,0.75,0,542,0,0,-0.004310042597353458,4.905271530151367,1.17368483543396,0.0010205776197835803,0.0,0.4061403274536133
431,1,0.4269976007453806,514,0.699375,0.0,0.875,0,798,0,0,-0.0035525185521692038,5.251944065093994,1.190199851989746,0.003683838527649641,0.0,0.38683566451072693
432,1,0.3965384969005754,515,0.105,0.0,0.0,0,54,0,0,-0.0032587097957730293,50.8530387878418,1.1895521879196167,-0.00010804708290379494,0.0,0.3933582305908203
433,1,0.9565477227683914,515,0.378125,0.0,0.25,0,310,0,0,0.0009283082326874137,246.7351531982422,1.1606676578521729,0.0021257081534713507,0.0,0.4039630889892578
434,1,0.37927093657333444,515,0.40625,0.0,0.25,0,566,0,0,-0.006373072043061256,3.8914873600006104,1.1526106595993042,0.0029195852112025023,0.01692708395421505,0.401384174823761
435,1,0.3337111797391117,515,0.5,0.0,0.25,0,822,0,0,-0.005766734015196562,6.284308910369873,1.1347301006317139,0.0041077458299696445,0.01171875,0.4145275950431824
436,1,0.23984259892858972,516,0.068125,0.0,0.0,0,78,0,0,0.0003724324924405664,65.48753356933594,1.054642915725708,-0.00034778210101649165,0.00390625,0.44849762320518494
437,1,0.7287948547564156,517,0.073125,0.0,0.0,0,74,0,0,0.0008838096400722861,218.70220947265625,1.0472358465194702,0.0011789238778874278,0.0,0.4597189128398895
438,1,0.4477086087567841,517,0.16625,0.0,0.0,0,330,0,0,-0.001008388353511691,97.04438781738281,1.0175846815109253,0.0006861576694063842,0.0,0.4763261675834656
439,1,0.47383979704227386,517,0.229375,0.0,0.0,0,586,0,0,-0.0016105709364637733,5.436281204223633,1.0459250211715698,-0.0005845019477419555,0.0,0.46132081747055054
440,1,0.3707064808513678,517,0.280625,0.0,0.0,0,842,0,0,-0.010523217730224133,1.0533101558685303,1.0308523178100586,0.010223505087196827,0.0,0.46169692277908325
441,1,0.3181173277171183,520,0.02125,0.0,0.0,0,13,0,0,-0.004129393026232719,334.0829162597656,0.9526867866516113,0.007730896584689617,0.0013020833721384406,0.5012192726135254
442,1,0.6411261753091821,521,0.149375,0.0,0.125,0,138,0,0,-0.00042141322046518326,263.9991455078125,0.9698470830917358,0.0009160315385088325,0.0,0.5074697136878967
443,1,0.1827505111359642,521,0.214375,0.0,0.25,0,394,0,0,0.003130729775875807,23.64421844482422,1.0222530364990234,0.0010684181470423937,0.0,0.47116971015930176
444,1,0.22813856923312414,523,0.254375,0.0,0.375,0,206,0,0,-0.0015112025430426002,306.29364013671875,0.9663761854171753,-0.0006585900555364788,0.0,0.5120915174484253
445,1,0.28411813386628637,523,0.346875,0.0,0.375,0,462,0,0,0.0011559268459677696,5.137904167175293,1.0099979639053345,-0.0005260637844912708,0.0,0.47596487402915955
446,1,0.562659379102115,525,0.03125,0.0,0.0,0,20,0,0,-0.00273735704831779,240.2500457763672,0.9417793154716492,-4.966013875673525e-05,0.0,0.5120069980621338
447,1,0.27504351695620244,525,0.163125,0.0,0.125,0,276,0,0,-0.0017079617828130722,18.791839599609375,1.0104010105133057,0.004183930344879627,0.0,0.49068236351013184
448,1,0.2665183620092648,528,0.126875,0.0,0.125,0,168,0,0,-0.002054020296782255,337.1134033203125,0.9669750928878784,0.0011008185101673007,0.0,0.508428156375885
449,1,-0.020975595899471955,531,0.095,0.0,0.0,0,96,0,0,-0.00040448829531669617,245.30096435546875,0.9714304208755493,0.0006012758240103722,0.0,0.5090174078941345
450,1,0.44146328762872145,531,0.17875,0.0,0.0,0,352,0,0,-0.001148288487456739,8.789743423461914,0.9825007915496826,0.0001125329508795403,0.0,0.49680912494659424
451,1,0.3633395078609283,531,0.26375,0.0,0.0,0,608,0,0,-0.021285951137542725,6.180746555328369,0.9992045760154724,0.02268402650952339,0.3411458432674408,0.48087573051452637
452,1,0.435704777918545,534,0.16125,0.0,0.0,0,108,0,0,0.0003670956939458847,192.7932586669922,1.0376158952713013,-0.0045653050765395164,0.0520833358168602,0.4826219081878662
453,1,0.8369680135920134,534,0.384375,0.0,0.125,0,364,0,0,-0.001718299463391304,170.37283325195312,1.0219041109085083,0.0016711698845028877,0.0,0.4812087416648865
454,1,0.5233957416321573,534,0.496875,0.0,0.25,0,620,0,0,-0.0003678811190184206,13.157573699951172,1.0337105989456177,0.0021038418635725975,0.0,0.4799680709838867
455,1,0.34196405819830034,534,0.496875,0.0,0.25,0,876,0,0,-0.020253382623195648,1.958000898361206,1.0403786897659302,0.002505070297047496,0.0,0.4736524522304535
456,1,0.8235538159115094,535,0.26125,0.0,0.375,0,132,0,0,0.0036586213391274214,158.36090087890625,1.0421791076660156,0.00416988879442215,0.0455729179084301,0.4664449393749237
457,1,0.5992187421284143,535,0.57,0.0,0.5,0,388,0,0,0.006001482717692852,21.734088897705078,1.0790321826934814,0.002632706891745329,0.0,0.44226163625717163
458,1,0.34341537342015727,535,0.588125,0.0,0.5,0,644,0,0,0.0007659789989702404,2.8659114837646484,1.0869102478027344,0.0012061852030456066,0.0,0.4579494893550873
459,1,0.4572933711879159,535,0.725,0.0,0.625,0,900,0,0,8.594493556302041e-05,5.847761154174805,1.0662200450897217,-0.0007418242166750133,0.0,0.4656575620174408
460,1,0.7574356261902722,536,0.134375,0.0,0.125,0,156,0,0,-0.00028670765459537506,242.21221923828125,1.0583298206329346,-9.491232776781544e-05,0.0,0.45714816451072693
461,1,0.5559074963409785,536,0.44,0.0,0.5,0,412,0,0,-0.00020029055303893983,31.378585815429688,1.0572996139526367,0.00011854106560349464,0.0,0.46870192885398865
462,1,0.33169303795148153,541,0.024375,0.0,0.0,0,15,0,0,-6.817343819420785e-05,422.68292236328125,1.0077433586120605,-0.0003611741994973272,0.0,0.4881831109523773
463,1,0.6617928783616662,541,0.386875,0.0,0.125,0,271,0,0,-0.0001510226575192064,75.2666244506836,1.0104267597198486,-0.00010104803368449211,0.0,0.48211926221847534
464,1,0.5689297046556021,541,0.56375,0.0,0.5,0,527,0,0,-0.00019646126020234078,28.383337020874023,1.0489990711212158,0.00012560654431581497,0.0,0.4788954257965088
465,1,0.504420529449817,541,0.673125,0.0,0.75,0,783,0,0,-0.0009331753244623542,21.470123291015625,1.1018922328948975,-1.5505745977861807e-05,0.0,0.44391068816185
466,1,0.5206792285243864,543,0.0275,0.0,0.0,0,15,0,0,-0.00013330765068531036,178.27175903320312,1.0576579570770264,-0.0004596398212015629,0.0,0.45725560188293457
467,1,0.6342719777721868,544,0.02875,0.0,0.0,0,17,0,0,-0.00017976760864257812,211.1295166015625,1.0476826429367065,-1.2748409062623978e-05,0.0,0.46083706617355347
468,1,0.5457014958315085,547,0.019375,0.0,0.0,0,10,0,0,-4.0333718061447144e-05,380.6219787597656,1.021456241607666,-0.0003008749336004257,0.0,0.4716326892375946
469,1,1.1089837332856405,547,0.535,0.0,0.5,0,266,0,0,-7.572397589683533e-05,193.15109252929688,1.0895178318023682,0.0001525028346804902,0.0,0.4546578824520111
470,1,0.5033760059177439,547,0.66,0.0,0.625,0,522,0,0,-0.00024884194135665894,26.16838836669922,1.0450844764709473,0.00021591705444734544,0.0,0.47445234656333923
471,1,0.4847295033641785,547,0.778125,0.0,0.75,0,778,0,0,-0.0001364859490422532,10.971597671508789,1.0763119459152222,-0.00018333442858420312,0.0,0.4632759094238281
472,1,0.5696643728940671,548,0.023125,0.0,0.125,0,34,0,0,-0.00017224252223968506,53.97684860229492,1.0414093732833862,0.00023367225367110223,0.0,0.4618695378303528
473,1,0.6779397329628409,549,0.288125,0.0,0.125,0,243,0,0,-0.0002422562538413331,246.1488494873047,1.041447401046753,0.0001459863706259057,0.0,0.466561883687973
474,1,0.23343375809054123,551,0.110625,0.0,0.0,0,97,0,0,-1.017625208987738e-06,208.075439453125,1.0000461339950562,0.00017730053514242172,0.0,0.49208611249923706
475,1,0.9310304981263471,551,0.418125,0.0,0.25,0,353,0,0,-0.0001146150752902031,202.45077514648438,1.0096652507781982,-0.00014066416770219803,0.0,0.482278436422348
476,1,0.6268570785268821,551,0.638125,0.0,0.5,0,609,0,0,3.3502778933325317e-06,31.46894645690918,1.0754919052124023,4.156927388976328e-05,0.0,0.46026355028152466
477,1,0.43795012169198344,551,0.708125,0.0,0.625,0,865,0,0,-0.0010047577088698745,6.850437641143799,1.0854570865631104,0.0004937169142067432,0.0,0.4483269155025482
478,1,0.8654275999533638,552,0.2425,0.0,0.125,0,121,0,0,0.000509048521053046,360.97479248046875,1.0633434057235718,-0.001063132076524198,0.0,0.4457264840602875
479,1,0.9359103964761744,555,0.116875,0.0,0.125,0,107,0,0,-0.0006570586701855063,395.14813232421875,1.028868556022644,7.464240479748696e-05,0.0,0.49787282943725586
480,1,0.5413188929364878,555,0.3575,0.0,0.75,0,363,0,0,-0.0006425762549042702,21.627124786376953,1.118483543395996,-8.582090958952904e-05,0.0,0.43800920248031616
481,1,0.4863570594329758,555,0.451875,0.0,0.75,0,619,0,0,-0.0006609907140955329,6.227952480316162,1.0961207151412964,0.0003274240007158369,0.0,0.44718772172927856
482,1,0.3808066187029908,555,0.57,0.0,0.75,0,875,0,0,-0.005648053251206875,4.860246658325195,1.0920203924179077,0.0006380588747560978,0.0,0.44032078981399536
483,1,0.7021500765658857,556,0.181875,0.0,0.125,0,131,0,0,-0.00030964426696300507,122.28777313232422,1.1042118072509766,0.0015263776294887066,0.0,0.4382079541683197
484,1,0.6934837437596002,556,0.50125,0.0,0.375,0,387,0,0,0.0006466141785494983,55.37865447998047,1.0834516286849976,0.0013838268350809813,0.0,0.4454827904701233
485,1,0.4855629255207532,557,0.006875,0.0,0.0,0,1,0,0,7.029126572888345e-05,109.9919204711914,1.089811086654663,-0.0010812919354066253,0.0,0.45067068934440613
486,1,0.7799613572569797,560,0.031875,0.0,0.0,0,20,0,0,-0.0006572995334863663,604.161376953125,1.0464245080947876,0.0006788345053792,0.0,0.48410487174987793
487,1,0.9073844507047397,560,0.26,0.0,0.375,0,276,0,0,0.0003510049427859485,176.32290649414062,1.1260932683944702,-0.0003537059237714857,0.0,0.42029619216918945
488,1,0.5719826419544916,560,0.4325,0.0,0.375,0,532,0,0,-0.00026583735598251224,25.93062973022461,1.1099846363067627,9.936901915352792e-05,0.0,0.44090527296066284
489,1,0.519293783489502,560,0.499375,0.125,0.5,0,788,0,0,-0.0002457530645187944,49.31398391723633,1.1222293376922607,-0.00016362375754397362,0.0,0.4289174973964691
490,1,0.37975390170618084,562,0.015,0.0,0.0,0,8,0,0,-0.0002502845600247383,177.31739807128906,1.1464513540267944,1.7677899450063705e-05,0.0,0.4174186587333679
491,1,0.6980612256193126,562,0.25125,0.0,0.375,0,264,0,0,-0.00016413567936979234,120.4822998046875,1.084666132926941,0.00011374242603778839,0.0,0.44557613134384155
492,1,0.3275803463620832,562,0.30375,0.0,0.5,0,520,0,0,-0.0004400188918225467,6.049046516418457,1.1537630558013916,-0.00011176367843290791,0.0,0.4197874665260315
493,1,0.3386475831557618,562,0.3175,0.0,0.5,0,776,0,0,-0.0011272085830569267,5.4518890380859375,1.1072146892547607,0.0004157343355473131,0.0,0.4504360854625702
494,1,0.7932124192757328,564,0.364375,0.0,0.125,0,156,0,0,-0.0003955792635679245,355.1536560058594,1.0451319217681885,0.0012339516542851925,0.0,0.4571802616119385
495,1,0.7279550418897998,564,0.50125,0.0,0.625,0,412,0,0,0.00025843147886916995,88.25480651855469,1.0421271324157715,0.0005047278245911002,0.0,0.4608367085456848
496,1,0.8503062016825425,565,0.33625,0.0,0.375,0,197,0,0,5.32971098436974e-05,248.4529266357422,1.0777591466903687,-7.276128599187359e-05,0.0,0.4380222260951996
497,1,0.5536357674081955,565,0.548125,0.0,0.375,0,453,0,0,-0.00022460645413957536,20.252960205078125,1.1048249006271362,0.00015661695215385407,0.0,0.4378983974456787
498,1,0.09453112119444995,568,0.056875,0.0,0.0,0,44,0,0,-0.00017958196986000985,320.7200012207031,1.0856373310089111,-2.1092904717079364e-05,0.0,0.45834219455718994
499,1,0.4329634052592155,568,0.209375,0.0,0.0,0,300,0,0,-0.00023849154240451753,83.78720092773438,1.0692952871322632,-8.428655564785004e-05,0.0,0.4647776782512665
500,1,0.7054916455008424,568,0.39375,0.0,0.125,0,556,0,0,7.322958845179528e-05,50.41869354248047,1.075313687324524,5.915357542107813e-05,0.0,0.441150039434433
501,1,0.40692689443994823,568,0.465625,0.0,0.5,0,812,0,0,-0.0009533744305372238,6.296871185302734,1.0802016258239746,0.00030887796310707927,0.0,0.4552685022354126
502,1,0.39170010894702045,569,0.065625,0.0,0.0,0,68,0,0,-0.0016434050630778074,55.102508544921875,1.0731303691864014,0.000775403343141079,0.0,0.4513477683067322
503,1,0.987214798837158,570,0.2875,0.0,0.625,0,169,0,0,-0.0004643294960260391,335.585693359375,1.0485105514526367,-0.0003510036913212389,0.0,0.4595798850059509
504,1,0.3391215558365843,570,0.33375,0.0,0.75,0,425,0,0,-0.00480873417109251,2.646791458129883,1.0731289386749268,0.0005858830991201103,0.0,0.44870662689208984
505,1,0.47063523207225444,570,0.474375,0.0,1.0,0,681,0,0,-0.004361320286989212,11.190160751342773,1.1216812133789062,3.0560266168322414e-05,0.0,0.42048439383506775
506,1,0.3797137553774519,570,0.479375,0.0,1.0,0,937,0,0,-0.0036960593424737453,7.017606735229492,1.1017178297042847,0.0016247197054326534,0.0,0.43467506766319275
507,1,0.7994125513359904,571,0.289375,0.0,0.5,0,193,0,0,-0.0007861768826842308,206.53634643554688,1.0705405473709106,-0.001274479553103447,0.0,0.4652923047542572
508,1,0.5868483966278291,571,0.435,0.0,0.625,0,449,0,0,0.001292799017392099,18.42646026611328,1.1065666675567627,0.00042256060987710953,0.0,0.4365260601043701
509,1,0.4422964209879865,571,0.496875,0.0,0.875,0,705,0,0,-0.0016283368458971381,15.516033172607422,1.0681631565093994,0.00042114610550925136,0.0,0.4611663222312927
510,1,0.39214918297875556,571,0.55625,0.0,0.875,0,961,0,0,-0.008424872532486916,2.550654172897339,1.1009472608566284,-0.00021039384591858834,0.0,0.43213364481925964
511,1,0.07588925054369611,572,0.07875,0.0,0.0,0,217,0,0,0.0024928587954491377,81.94877624511719,0.9980648756027222,0.0015826927265152335,0.0,0.4911932945251465
512,1,0.8300606853335921,572,0.353125,0.0,0.25,0,473,0,0,-0.0023541683331131935,69.68093872070312,1.0308078527450562,0.0028420407325029373,0.0,0.48254501819610596
513,1,0.7345142373305862,572,0.6225,0.0,0.625,0,729,0,0,0.002426444087177515,35.73839569091797,1.1108909845352173,0.0014843919780105352,0.0,0.43661531805992126
514,1,0.4136600152148162,572,0.73375,0.0,0.625,0,985,0,0,-0.01152084395289421,2.9195361137390137,1.1107800006866455,0.0059710475616157055,0.0,0.43289488554000854
515,1,0.8871799370317603,575,0.049375,0.0,0.125,0,37,0,0,0.0012447790941223502,323.8932800292969,0.9928953051567078,0.008469492197036743,0.0442708358168602,0.4921569228172302
516,1,0.8890277346486073,575,0.48,0.0,0.375,0,293,0,0,-0.002284336369484663,86.82491302490234,1.0371742248535156,0.006105511914938688,0.0,0.4606193006038666
517,1,0.41481467175253783,575,0.510625,0.0,0.375,0,549,0,0,-0.010220215655863285,3.1086840629577637,1.001237392425537,0.006103528197854757,0.0,0.48210304975509644
518,1,0.3869328888558812,576,0.045,0.0,0.0,0,29,0,0,-0.0007075841422192752,121.7870864868164,1.0223878622055054,0.019558116793632507,0.4036458432674408,0.45636242628097534
519,1,0.5685333791237781,576,0.253125,0.0,0.0,0,285,0,0,-0.00045141702867113054,75.98753356933594,1.0390212535858154,0.0006808683974668384,0.01692708395421505,0.47133299708366394
520,1,0.8050056702461461,578,0.086875,0.0,0.25,0,53,0,0,0.002054755110293627,198.85494995117188,0.9797694087028503,0.0008328420808538795,0.0,0.5022923946380615
521,1,0.4857168872949842,579,0.036875,0.0,0.0,0,28,0,0,0.0017331093549728394,170.3306884765625,0.9939144849777222,-0.000874848454259336,0.0,0.48986706137657166
522,1,-0.38450822874983714,584,0.045625,0.0,0.0,0,39,0,0,-0.0009332920308224857,795.6046142578125,1.0141046047210693,0.0009373693610541523,0.0,0.47894877195358276
523,1,0.5527714934041796,585,0.015625,0.0,0.0,0,9,0,0,0.00010538970673223957,220.79232788085938,1.0096516609191895,0.000990894972346723,0.0,0.48278945684432983
524,1,0.7888545748492106,585,0.341875,0.0,0.25,0,265,0,0,0.00022519505000673234,94.1462631225586,1.0325202941894531,0.00016847501683514565,0.0,0.4690358638763428
525,1,0.3455134520663705,586,0.08375,0.0,0.0,0,255,0,0,-0.00012355050421319902,58.34152603149414,0.9851901531219482,-1.7521902918815613e-05,0.0,0.4934242367744446
526,1,0.3472531459617585,586,0.175625,0.0,0.25,0,511,0,0,-0.0004153015906922519,11.905888557434082,0.9891996383666992,-0.00033388816518709064,0.0,0.47802257537841797
527,1,0.2781822718825424,586,0.175625,0.0,0.25,0,767,0,0,-0.0013419504975900054,4.367972373962402,0.9705971479415894,-0.0005412353202700615,0.0,0.4976450800895691
528,1,-0.011635106646281201,590,0.005625,0.0,0.0,0,0,0,0,0.0006146853556856513,587.518798828125,1.0120935440063477,0.00015848704788368195,0.0,0.475482702255249
529,1,0.33936069092032994,594,0.031875,0.0,0.0,0,22,0,0,0.00016045570373535156,451.09503173828125,1.0237407684326172,0.0007463130168616772,0.0,0.48383086919784546
530,1,0.4264825269856374,597,0.05125,0.0,0.0,0,40,0,0,6.651257717749104e-05,369.54425048828125,0.9979729652404785,0.00020867586135864258,0.0,0.501757025718689
531,1,0.6456319668714059,597,0.255625,0.0,0.375,0,296,0,0,-0.00021828680473845452,73.27069091796875,1.0538610219955444,-6.8026906774321105e-06,0.0,0.46119970083236694
532,1,0.3147868713864739,598,0.008125,0.0,0.0,0,3,0,0,-7.031082350295037e-05,112.60400390625,0.99664306640625,-6.948629015823826e-05,0.0,0.47913357615470886
533,1,0.1343020437489031,603,0.02875,0.0,0.0,0,21,0,0,-9.420514106750488e-05,531.2969360351562,1.0292649269104004,-0.00012569890532176942,0.0,0.481729120016098
534,1,0.48749122509616427,604,0.108125,0.0,0.125,0,101,0,0,-7.747362542431802e-05,201.76248168945312,1.0451622009277344,8.025020360946655e-05,0.0,0.46719443798065186
535,1,0.2368790362661457,607,0.041875,0.0,0.125,0,34,0,0,5.3394585847854614e-05,269.795166015625,1.0314764976501465,2.9514389098039828e-05,0.0,0.4689364433288574
536,1,0.5965723008885107,607,0.241875,0.0,0.25,0,290,0,0,-4.4218577386345714e-05,33.47893524169922,1.0331065654754639,-2.3304175556404516e-05,0.0,0.46207255125045776
537,1,0.5990979600037463,610,0.04,0.0,0.0,0,32,0,0,-8.569906640332192e-05,324.55615234375,0.9964402914047241,-4.872835233982187e-06,0.0,0.48750966787338257
538,1,0.549431650328188,610,0.216875,0.0,0.0,0,288,0,0,-7.103539246600121e-05,68.2870101928711,1.024359107017517,-0.00015518101281486452,0.0,0.475159615278244
539,1,0.4020883505618258,610,0.434375,0.0,0.125,0,544,0,0,-0.0008149513741955161,15.444955825805664,1.0465095043182373,0.00022682547569274902,0.0,0.4609467387199402
540,1,0.1252598677392598,612,0.0625,0.0,0.0,0,159,0,0,0.0003827381879091263,206.13482666015625,1.0089004039764404,-1.1400165021768771e-05,0.0,0.477814257144928
541,1,0.20912050450320407,616,0.008125,0.0,0.0,0,3,0,0,0.0004277372208889574,490.6898193359375,1.0378406047821045,5.527585744857788e-05,0.0,0.46726736426353455
542,1,0.8529238187093142,616,0.39875,0.0,0.5,0,259,0,0,-0.0003758737293537706,197.022216796875,1.0640639066696167,4.5280903577804565e-05,0.0,0.4477631449699402
543,1,0.24983195201184571,618,0.075625,0.0,0.0,0,72,0,0,-7.107233159331372e-06,108.72150421142578,1.033605933189392,1.7314840079052374e-05,0.0,0.4671240746974945
544,1,0.6321995490943664,618,0.3525,0.0,0.5,0,328,0,0,-0.00014405108231585473,57.35218811035156,1.0665847063064575,-2.435858732496854e-05,0.0,0.44622501730918884
545,1,0.5288050406255422,618,0.548125,0.0,0.5,0,584,0,0,-2.9917806386947632e-05,15.55410385131836,1.0458506345748901,4.300677028368227e-05,0.0,0.46141642332077026
546,1,0.4690483566998864,618,0.65375,0.0,0.625,0,840,0,0,-0.00014269833627622575,17.205917358398438,1.0555424690246582,2.6332059860578738e-05,0.0,0.46657681465148926
547,1,0.34541412628095713,621,0.13875,0.0,0.125,0,182,0,0,-3.178573024342768e-05,363.60443115234375,1.0440905094146729,-0.00013317183766048402,0.0,0.4581657350063324
548,1,0.2985187980843875,621,0.186875,0.0,0.125,0,438,0,0,-0.0009281508391723037,8.062252044677734,1.0890902280807495,-0.00013487678370438516,0.0,0.4431900382041931
549,1,0.8948556196392019,624,0.0775,0.0,0.125,0,75,0,0,0.00016251890338025987,348.39593505859375,1.0491894483566284,0.0003227548149880022,0.0,0.4610878825187683
550,1,0.3737309360403742,626,0.071875,0.0,0.0,0,51,0,0,-0.00024227178073488176,254.79624938964844,1.0480294227600098,-2.488323298166506e-05,0.0,0.4649953246116638
551,1,0.06188253948471356,629,0.035,0.0,0.0,0,34,0,0,0.00010410634422441944,254.169677734375,1.0398564338684082,-0.00018136126163881272,0.0,0.46153149008750916
552,1,0.5091080672882526,631,0.094375,0.0,0.0,0,121,0,0,-0.000505798845551908,307.43707275390625,1.0408072471618652,-8.909653104183235e-08,0.0,0.4621927738189697
553,1,0.43023141553067035,632,0.08875,0.0,0.0,0,245,0,0,-0.0007648909231647849,91.86366271972656,1.041815996170044,-7.041962817311287e-05,0.0,0.47359010577201843
554,1,0.5404463783788742,632,0.3,0.0,0.0,0,501,0,0,-0.0008924737339839339,56.32979965209961,1.0631966590881348,-0.00033832620829343796,0.0,0.4530003070831299
555,1,0.35414555221404953,632,0.43625,0.0,0.25,0,757,0,0,-0.00032437717891298234,26.54271697998047,1.0627264976501465,0.00030985166085883975,0.0,0.4549853801727295
556,1,-0.27273842716886065,637,0.114375,0.0,0.125,0,67,0,0,4.525917393038981e-05,574.440673828125,1.0663442611694336,9.577923628967255e-05,0.0,0.4495543837547302
557,1,0.5827730551000059,638,0.07625,0.0,0.125,0,109,0,0,6.593081343453377e-05,110.98878479003906,1.028911828994751,0.00012641432113014162,0.0,0.4701929986476898
558,1,0.3369139536634975,642,0.120625,0.0,0.0,0,104,0,0,5.410797894001007e-05,392.44732666015625,1.0462007522583008,-5.813920870423317e-05,0.0,0.4765164256095886
559,1,0.20353301456998452,650,0.006875,0.0,0.0,0,1,0,0,-4.199349132250063e-05,769.59130859375,1.0541026592254639,1.2338938176981173e-05,0.0,0.46707338094711304
560,1,0.7730165346983995,650,0.256875,0.0,0.0,0,257,0,0,-3.327833110233769e-05,127.95338439941406,1.03071928024292,1.0037018910225015e-05,0.0,0.46710091829299927
561,1,0.42107779959781055,651,0.078125,0.0,0.125,0,161,0,0,-9.969063103199005e-05,93.05409240722656,1.0658271312713623,-3.31046394421719e-05,0.0,0.4560593366622925
562,1,0.6442346822495892,652,0.225625,0.0,0.125,0,184,0,0,-0.00015051725495141,277.1900939941406,1.0885456800460815,5.393180617829785e-05,0.0,0.44360560178756714
563,1,0.5297727157191048,652,0.471875,0.0,0.375,0,440,0,0,-0.00029776370502077043,19.13584327697754,1.0737040042877197,-4.174032710579922e-06,0.0,0.4479994475841522
564,1,0.7046703713131137,653,0.34625,0.0,0.125,0,229,0,0,-0.0002235208376077935,124.93157196044922,1.0181487798690796,9.008699271362275e-05,0.0,0.47893112897872925
565,1,0.6702283913709834,655,0.046875,0.0,0.125,0,38,0,0,-0.00022008767700754106,158.02944946289062,1.0636519193649292,-1.867984792625066e-05,0.0,0.4532773196697235
566,1,0.6063423412024349,658,0.035,0.0,0.125,0,27,0,0,-0.0002733863366302103,361.38323974609375,1.058628797531128,0.00015704179531894624,0.0,0.45940107107162476
567,1,0.6330887435779005,660,0.129375,0.0,0.0,0,83,0,0,-7.316222036024556e-05,156.76243591308594,1.0747239589691162,-9.738172957440838e-05,0.0,0.4570569396018982
568,1,0.28120431822480896,660,0.3675,0.0,0.0,0,339,0,0,-0.0002986909821629524,10.833662033081055,1.1129133701324463,0.00023157864052336663,0.0,0.4288063049316406
569,1,0.5427894392482813,660,0.545,0.0,0.125,0,595,0,0,-0.0005065348814241588,50.38957977294922,1.046790361404419,-0.00011227109644096345,0.0,0.470508873462677
570,1,0.3606578900087243,660,0.599375,0.0,0.25,0,851,0,0,-0.0004856511950492859,5.204169273376465,1.046135663986206,0.0001253186201211065,0.0,0.4690938889980316
571,1,0.5147966176155023,664,0.058125,0.0,0.125,0,25,0,0,6.192270666360855e-05,264.9371337890625,1.0512351989746094,-0.0001595782523509115,0.0,0.4644657075405121
572,1,0.6930774055617803,664,0.3575,0.0,0.375,0,281,0,0,-0.00026760189211927354,95.87345886230469,1.0237632989883423,-0.00022996249026618898,0.0,0.4687900245189667
573,1,0.46880629768656945,664,0.4225,0.0,0.5,0,537,0,0,-0.00021193549036979675,13.541027069091797,1.0220530033111572,-0.0001462162472307682,0.0,0.47012656927108765
574,1,0.3312640352633025,665,0.119375,0.0,0.25,0,152,0,0,-0.00043278251541778445,173.21124267578125,1.0445035696029663,-2.827867865562439e-05,0.0,0.4594728946685791
575,1,0.16696320799383102,667,0.20125,0.0,0.0,0,163,0,0,-0.00022134433675091714,209.29595947265625,1.044189453125,0.00012908410280942917,0.0,0.4689069390296936
576,1,0.8523519848158685,667,0.40375,0.125,0.0,0,419,0,0,-0.00023588258773088455,128.19210815429688,1.0053637027740479,-0.00011174877727171406,0.0,0.48949548602104187
577,1,0.2982868312055871,667,0.42125,0.125,0.0,0,675,0,0,-0.0009491748060099781,5.974437713623047,0.9811641573905945,-0.00014127434405963868,0.0,0.5005030632019043
578,1,0.4726408580718271,668,0.07875,0.0,0.125,0,79,0,0,-0.00014259418821893632,116.8554458618164,1.0397522449493408,0.00013271145871840417,0.0,0.45525699853897095
579,1,0.6283590680714042,668,0.26,0.0,0.375,0,335,0,0,-0.00021293449390213937,25.144346237182617,1.046392798423767,0.00011150399222970009,0.0,0.464016854763031
580,1,0.28498427282738703,669,0.149375,0.0,0.0,0,126,0,0,5.6579090596642345e-05,59.29612731933594,1.056211233139038,-0.00022307349718175828,0.0,0.46570461988449097
581,1,0.5461441971128806,672,0.02875,0.0,0.0,0,20,0,0,-2.1340016246540472e-05,454.2191162109375,1.031600832939148,-9.313815826317295e-05,0.0,0.4765533208847046
582,1,0.2106933117393055,675,0.155625,0.0,0.0,0,85,0,0,-1.4907680451869965e-05,370.1254577636719,1.0724350214004517,0.00010727548215072602,0.0,0.45143580436706543
583,1,0.7361857693504135,676,0.16125,0.0,0.0,0,147,0,0,-2.095724266837351e-05,151.20419311523438,1.0288465023040771,3.006200677191373e-05,0.0,0.4781923294067383
584,1,0.5536836994215264,677,0.02375,0.0,0.0,0,16,0,0,-0.0001460779458284378,121.14869689941406,0.9824132323265076,-0.0001424543297616765,0.0,0.49993857741355896
585,1,1.0407795645223814,677,0.410625,0.0,0.25,0,272,0,0,2.3633241653442383e-05,141.04928588867188,1.0969359874725342,-0.000164247743668966,0.0,0.4343187212944031
586,1,0.4309191444258431,677,0.56,0.0,0.75,0,528,0,0,-0.00017411138105671853,18.273273468017578,1.098893404006958,-7.066332909744233e-05,0.0,0.4251565933227539
587,1,0.6452888091384921,678,0.040625,0.0,0.0,0,32,0,0,-5.446995419333689e-05,140.25912475585938,1.0856592655181885,-9.535703429719433e-05,0.0,0.44418203830718994
588,1,0.3624993134480974,678,0.155,0.0,0.125,0,288,0,0,-0.00015351022011600435,25.562633514404297,1.0984584093093872,0.00014687329530715942,0.0,0.4480140805244446
589,1,0.39163269574873993,681,0.136875,0.0,0.0,0,138,0,0,-8.465660357614979e-05,366.00299072265625,1.0737168788909912,3.6970093788113445e-05,0.0,0.46039748191833496
590,1,0.37820729370469053,681,0.284375,0.0,0.25,0,394,0,0,-0.0017021516105160117,12.267244338989258,1.1179428100585938,0.0009401198476552963,0.0,0.42549562454223633
591,1,0.31408807125148996,681,0.295,0.0,0.25,0,650,0,0,-0.0041193775832653046,4.535991668701172,1.1124440431594849,-0.0006345358560793102,0.0,0.4258919656276703
592,1,0.4026586770357312,681,0.473125,0.0,0.375,0,906,0,0,-0.005384654738008976,11.711942672729492,1.13844633102417,-0.0003667792188934982,0.0,0.41875573992729187
593,1,0.3512516810824309,683,0.096875,0.0,0.125,0,104,0,0,-0.0012172386050224304,213.6434326171875,1.0982577800750732,0.0020719505846500397,0.0,0.43889737129211426
594,1,0.636351715771525,683,0.28,0.0,0.125,0,360,0,0,-0.0005607015336863697,33.50980758666992,1.0309133529663086,-0.00021736945200245827,0.0,0.4692850112915039
595,1,0.4435649247170659,683,0.45625,0.0,0.375,0,616,0,0,-0.00023933127522468567,19.319847106933594,1.0792150497436523,0.00021178943279664963,0.0,0.45025187730789185
596,1,0.34425465388449084,683,0.539375,0.0,0.375,0,872,0,0,-0.0013630427420139313,5.745303630828857,1.1249006986618042,0.0007450951961800456,0.0,0.4333527088165283
597,1,0.3011819513812952,685,0.14,0.0,0.125,0,106,0,0,1.603054624865763e-05,199.07513427734375,1.0598359107971191,4.393731796881184e-05,0.0,0.4503262937068939
598,1,0.8702449387601519,685,0.485625,0.0,0.5,0,362,0,0,-0.0010320538422092795,119.50318908691406,1.0954608917236328,-7.594532507937402e-05,0.0,0.4313020408153534
599,1,0.48296801057222183,685,0.65875,0.0,0.625,0,618,0,0,-0.0011344968806952238,7.539211273193359,1.121570110321045,0.0003041878226213157,0.0,0.4270085096359253
600,1,0.32525647543116065,685,0.68,0.0,0.625,0,874,0,0,-0.003902735887095332,4.51072359085083,1.1524125337600708,0.0015397279057651758,0.0,0.41813915967941284
601,1,0.9232912850338835,686,0.206875,0.0,0.5,0,130,0,0,-0.0012294796761125326,322.42962646484375,1.092184066772461,0.000660908583085984,0.0,0.4463005065917969
602,1,0.694549743699099,688,0.09125,0.0,0.25,0,110,0,0,-0.0003360727278050035,320.0909423828125,1.0466890335083008,3.974264018324902e-06,0.0,0.4724070727825165
603,1,0.4479975835965888,688,0.339375,0.0,0.25,0,366,0,0,-0.0009312319452874362,9.405792236328125,1.157853364944458,-0.0004868001560680568,0.0,0.4131525456905365
604,1,0.3192981471402163,689,0.061875,0.0,0.0,0,43,0,0,0.0004710058565251529,58.12994384765625,1.1231544017791748,0.0004527239943854511,0.0,0.4374614655971527
605,1,0.8203445583255871,690,0.294375,0.0,0.5,0,234,0,0,-0.0004077678022440523,365.0218505859375,1.1182011365890503,0.0001830756664276123,0.0,0.4412539005279541
606,1,0.8128205751775681,690,0.56875,0.125,0.75,0,490,0,0,-0.0005744900554418564,71.39158630371094,1.1410468816757202,0.00034699527896009386,0.0,0.42339810729026794
607,1,0.4008300051536935,690,0.68625,0.125,0.75,0,746,0,0,-0.0019472483545541763,2.416116237640381,1.1475677490234375,0.0010896376334130764,0.0,0.42285990715026855
608,1,0.35540845484831607,691,0.008125,0.0,0.0,0,2,0,0,-0.0006074573611840606,29.46731185913086,1.1436887979507446,0.0007046583923511207,0.0,0.41204142570495605
609,1,0.6649062792566838,691,0.34875,0.0,0.0,0,258,0,0,0.00020709107047878206,34.93759536743164,1.0512197017669678,-0.00088802061509341,0.0,0.4671855866909027
610,1,0.766729061557271,691,0.6,0.0,0.5,0,514,0,0,-0.00010084982204716653,98.17733764648438,1.1237590312957764,-0.00037424889160320163,0.0,0.4231797456741333
611,1,0.43310475411635707,691,0.719375,0.0,0.625,0,770,0,0,-0.004181457217782736,2.5415782928466797,1.1368540525436401,-0.0010471371933817863,0.0,0.416140079498291
612,1,0.39641663149950546,692,0.03875,0.0,0.0,0,26,0,0,-0.0007178828818723559,37.168365478515625,1.1077961921691895,0.003211099188774824,0.0,0.43312209844589233
613,1,1.3724948505478096,694,0.11375,0.0,0.125,0,92,0,0,-0.0010075954487547278,654.3119506835938,1.0427305698394775,-0.0002910615876317024,0.0,0.472705602645874
614,1,0.6798102522570844,694,0.51375,0.0,0.375,0,348,0,0,0.002640550024807453,27.08701515197754,1.1801021099090576,-0.00012219480413477868,0.0,0.39732998609542847
615,1,0.43609204032509297,694,0.61625,0.0,0.5,0,604,0,0,-0.002540942281484604,5.064776420593262,1.1877317428588867,0.0015186585951596498,0.0,0.3937758803367615
616,1,0.5100010019068577,694,0.77625,0.0,0.625,0,860,0,0,0.0016964755486696959,11.972599029541016,1.1786539554595947,0.001158916624262929,0.0,0.39603710174560547
617,1,0.6117522488414977,695,0.12,0.0,0.0,0,116,0,0,-0.0007321772864088416,132.55645751953125,1.0835537910461426,0.0004272628575563431,0.0,0.4608592689037323
618,1,0.7167955922700457,695,0.355,0.0,0.125,0,372,0,0,0.0007051415741443634,31.4528751373291,1.1395095586776733,-4.727921259473078e-05,0.0,0.41255006194114685
619,1,0.47160235145520346,695,0.53125,0.0,0.25,0,628,0,0,-0.002105551538988948,5.4665374755859375,1.2302641868591309,0.0004876554012298584,0.0,0.379042387008667
620,1,0.36913118716620374,695,0.555,0.0,0.25,0,884,0,0,-0.004331538919359446,6.536570072174072,1.2310782670974731,0.0016487876418977976,0.0,0.37186121940612793
621,1,0.5455418307192303,696,0.19875,0.0,0.0,0,140,0,0,-0.002137451898306608,68.72697448730469,1.090312123298645,0.0017121917335316539,0.0,0.45139384269714355
622,1,0.6923928680862446,696,0.320625,0.0,0.0,0,396,0,0,-0.001127239316701889,43.21218490600586,1.0852781534194946,-0.00012536968279164284,0.0,0.4428960680961609
623,1,0.39684673802230463,696,0.375,0.0,0.125,0,652,0,0,-0.01689603179693222,5.2990827560424805,1.150508165359497,-0.0019695768132805824,0.1484375,0.40440988540649414
624,1,0.3312342903482204,696,0.375,0.0,0.125,0,908,0,0,-0.01011012401431799,3.0756585597991943,1.1160918474197388,0.00360023882240057,0.1471354216337204,0.4338594079017639
625,1,0.8439040333751109,697,0.143125,0.0,0.25,0,164,0,0,0.0024798065423965454,268.51751708984375,1.062227487564087,-0.0032816226594150066,0.0,0.45560789108276367
626,1,0.5467863172143552,697,0.385,0.0,0.25,0,420,0,0,-0.0009710012818686664,20.3997802734375,1.1494548320770264,-0.00027370345196686685,0.0,0.39996251463890076
627,1,0.6172312330745626,698,0.2525,0.0,0.25,0,184,0,0,0.000725328631233424,417.92181396484375,0.993151843547821,0.0005015136557631195,0.0,0.4795001447200775
628,1,0.29052950830555346,698,0.309375,0.0,0.25,0,440,0,0,-0.00038180750561878085,6.0609002113342285,1.1659314632415771,-6.523992487927899e-05,0.0,0.4063979983329773
629,1,0.49272525731339556,698,0.56375,0.0,0.375,0,696,0,0,-0.002034690696746111,11.101423263549805,1.2385122776031494,0.0010369279189035296,0.0,0.36383336782455444
630,1,0.4865333906086562,698,0.653125,0.0,0.625,0,952,0,0,-0.002287779003381729,8.5118408203125,1.2331156730651855,0.00034259649692103267,0.0,0.3728715777397156
631,1,0.4233007951588661,700,0.111875,0.0,0.0,0,139,0,0,-0.0002722914214245975,206.62869262695312,0.9665743708610535,-0.0002869041636586189,0.0,0.5285549163818359
632,1,0.8009454503413735,700,0.48375,0.0,0.25,0,395,0,0,-0.0003103477356489748,116.08074951171875,1.1600085496902466,0.0001957227214006707,0.0,0.38598889112472534
633,1,0.35507991599388333,700,0.59625,0.0,0.25,0,651,0,0,-0.0007448438555002213,5.927553653717041,1.24857759475708,6.685437256237492e-05,0.0,0.35119932889938354
634,1,0.3076882903769729,700,0.69375,0.0,0.25,0,907,0,0,-0.003649009857326746,5.491274833679199,1.2275348901748657,0.0008375492761842906,0.0,0.3730281591415405
635,1,0.5181153233043005,702,0.109375,0.0,0.0,0,101,0,0,0.00032432720763608813,179.01675415039062,1.0423119068145752,0.000987403909675777,0.0,0.47980865836143494
636,1,0.7366787938326524,702,0.4025,0.0,0.125,0,357,0,0,-0.0007974915206432343,102.38829040527344,1.1708464622497559,-0.00046427175402641296,0.0,0.39226943254470825
637,1,0.5015477769247809,702,0.645625,0.0,0.25,0,613,0,0,-0.0018212543800473213,9.618207931518555,1.2342208623886108,0.0011193196987733245,0.0,0.3681086003780365
638,1,0.3801413067762951,702,0.73625,0.0,0.375,0,869,0,0,-0.0030705402605235577,5.0689568519592285,1.2431520223617554,0.0010526126716285944,0.0,0.35365769267082214
639,1,0.6899672632180227,704,0.13125,0.0,0.0,0,71,0,0,-0.0017441626405343413,247.48829650878906,1.1469988822937012,-0.001012660562992096,0.0,0.4107247292995453
640,1,0.8963787367929399,704,0.440625,0.0,0.375,0,327,0,0,0.0002738932962529361,84.2105712890625,1.1627464294433594,0.0005337018519639969,0.0,0.3975578248500824
641,1,0.35682139731534335,704,0.520625,0.0,0.5,0,583,0,0,-0.003648277372121811,4.165169715881348,1.1563843488693237,4.128072032472119e-05,0.0,0.4100584387779236
642,1,0.43033021663131876,704,0.54,0.125,0.5,0,839,0,0,-0.0002398444339632988,35.88701629638672,1.2311723232269287,0.0015515589620918036,0.0,0.36079689860343933
643,1,0.6462132580418256,705,0.145625,0.0,0.0,0,95,0,0,0.000487414508825168,57.54550552368164,1.2687073945999146,0.0009613138390704989,0.0,0.34738728404045105
644,1,0.687840632373991,705,0.324375,0.0,0.125,0,351,0,0,0.00030631665140390396,45.76408386230469,1.2399470806121826,0.0003936093708034605,0.0,0.36193737387657166
645,1,0.4463285125598304,705,0.42875,0.0,0.25,0,607,0,0,-0.004628377500921488,6.644520282745361,1.246962070465088,-0.0011753637809306383,0.0,0.36199986934661865
646,1,0.40399209715451434,705,0.555625,0.0,0.375,0,863,0,0,-0.00181533710565418,3.009486675262451,1.3013229370117188,0.000830398581456393,0.0,0.32937169075012207
647,1,0.3596215413999744,708,0.05125,0.0,0.0,0,42,0,0,0.0014398328494280577,324.80035400390625,1.2102062702178955,0.002813681960105896,0.0,0.39375075697898865
648,1,0.8050636928583117,708,0.3425,0.0,0.5,0,298,0,0,0.0018187789246439934,101.54855346679688,1.2776199579238892,-0.0025969126727432013,0.0,0.3417085111141205
649,1,0.39698872525036677,708,0.468125,0.0,0.625,0,554,0,0,-0.0042419894598424435,2.6228864192962646,1.33247971534729,0.0012613263679668307,0.0,0.30852699279785156
650,1,0.4732148882067122,708,0.705625,0.0,0.75,0,810,0,0,-0.0029171272180974483,12.60000228881836,1.3219451904296875,0.0017821475630626082,0.0,0.3161506652832031
651,1,0.9347168122212679,711,0.015,0.0,0.0,0,7,0,0,-0.0015653304290026426,276.4167175292969,1.2799795866012573,0.0015468248166143894,0.0,0.33216696977615356
652,1,0.8901613111329425,711,0.2725,0.0,0.125,0,263,0,0,-0.000428641214966774,126.99019622802734,1.2158063650131226,0.00019203205010853708,0.0,0.372567355632782
653,1,0.649092543383631,711,0.630625,0.0,0.5,0,519,0,0,0.0009356684749945998,17.536304473876953,1.3070591688156128,2.228825724159833e-05,0.0,0.32271286845207214
654,1,0.44044376130659657,711,0.756875,0.0,0.75,0,775,0,0,-0.002378118224442005,8.173681259155273,1.2782316207885742,0.0007590839522890747,0.0,0.3332180976867676
655,1,0.7043637212374279,712,0.025,0.0,0.0,0,31,0,0,0.0006958345766179264,82.45286560058594,1.2765148878097534,0.0009215326863341033,0.0,0.34150415658950806
656,1,0.9508084361305009,714,0.339375,0.125,0.375,0,229,0,0,0.0002314982411917299,464.66259765625,1.2306859493255615,-0.00019680228433571756,0.0,0.37363457679748535
657,1,0.385466106919921,714,0.455,0.125,0.375,0,485,0,0,-0.002244396833702922,5.761314392089844,1.299532413482666,-0.0008272702689282596,0.0,0.33505725860595703
658,1,0.5168952823078143,714,0.745625,0.125,0.75,0,741,0,0,-0.001487825415097177,8.007292747497559,1.3036444187164307,-0.001203511143103242,0.0,0.3263094425201416
659,1,0.3498752688399236,714,0.8125,0.125,0.75,0,997,0,0,-0.00015482369053643197,5.642295837402344,1.2828705310821533,0.0006996016018092632,0.0,0.33658427000045776
660,1,0.9544336963826936,715,0.433125,0.0,0.375,0,253,0,0,0.00020444269466679543,157.6151885986328,1.1439098119735718,0.0004859428736381233,0.0,0.41573548316955566
661,1,0.5553322709101849,715,0.616875,0.0,0.5,0,509,0,0,-0.0010077770566567779,13.839364051818848,1.2732183933258057,0.0002825424890033901,0.0,0.34482288360595703
662,1,0.42376206911239933,715,0.701875,0.0,0.625,0,765,0,0,-0.006483124103397131,5.58942985534668,1.2855920791625977,0.002687191590666771,0.0,0.33033838868141174
663,1,0.25744022384969867,717,0.0125,0.0,0.0,0,6,0,0,6.39042555121705e-05,169.3443603515625,1.2556170225143433,0.0022313902154564857,0.0,0.35321974754333496
664,1,0.7983590895019006,717,0.3175,0.0,0.125,0,262,0,0,0.00034299492835998535,194.61102294921875,1.0777018070220947,0.0010436888551339507,0.0,0.4454345107078552
665,1,0.3467950531594397,717,0.330625,0.0,0.125,0,518,0,0,-0.0009434918756596744,6.439260482788086,1.2420026063919067,0.0008395834593102336,0.0,0.3627347946166992
666,1,0.32708594888845255,717,0.5025,0.0,0.375,0,774,0,0,-0.0007381557370536029,7.167006015777588,1.2695701122283936,0.0015068668872117996,0.0,0.35479021072387695
667,1,0.7406050560975928,718,0.1475,0.0,0.125,0,97,0,0,-0.00010280528658768162,282.686279296875,1.2229490280151367,-0.00023343352950178087,0.0,0.37953421473503113
668,1,0.5218409549992202,718,0.359375,0.0,0.375,0,353,0,0,-6.843544542789459e-05,10.877214431762695,1.2506651878356934,-0.00031062186462804675,0.0,0.3757341802120209
669,1,0.45620336248884996,718,0.508125,0.0,0.625,0,609,0,0,-0.0011410291772335768,7.618894577026367,1.2646921873092651,0.000893451739102602,0.0,0.3558598458766937
670,1,0.4448079127869278,718,0.62,0.0,0.625,0,865,0,0,-0.002168110338971019,5.941822052001953,1.2745606899261475,-0.0002364620304433629,0.0,0.3429805636405945
671,1,0.6066038920380379,719,0.171875,0.0,0.125,0,121,0,0,0.0010610788594931364,123.5433349609375,1.2177631855010986,-0.00038574589416384697,0.0,0.39378321170806885
672,1,0.7231853354624036,719,0.42125,0.0,0.5,0,377,0,0,0.00010313218081137165,47.97216796875,1.195756435394287,0.0003915944544132799,0.0,0.40360066294670105
673,1,0.40848722974169505,719,0.51125,0.0,0.5,0,633,0,0,-0.009730177000164986,4.824942111968994,1.2199695110321045,0.0007824180647730827,0.0,0.37076336145401
674,1,0.30670053417998133,719,0.528125,0.0,0.5,0,889,0,0,-0.0047636800445616245,5.9996657371521,1.228454351425171,0.0005602428573183715,0.0,0.38168811798095703
675,1,0.6478444803669845,720,0.325625,0.0,0.125,0,145,0,0,-0.0004929708084091544,111.66914367675781,1.2061083316802979,0.0006811138009652495,0.0,0.3760802149772644
676,1,0.70053169610037,720,0.595625,0.0,0.375,0,401,0,0,-0.0017870779847726226,75.0179443359375,1.1906347274780273,0.00042488332837820053,0.0,0.38884615898132324
677,1,0.43223490064701764,720,0.73,0.0,0.375,0,657,0,0,-0.004834956489503384,6.031887054443359,1.242661714553833,0.001239150995388627,0.0,0.36691388487815857
678,1,0.4099586221800564,720,0.78,0.125,0.375,0,913,0,0,0.0013154944172129035,27.59915542602539,1.2414791584014893,-0.0012176547897979617,0.0,0.3691176772117615
679,1,0.35089835267558556,722,0.10375,0.0,0.125,0,98,0,0,-0.0011797992046922445,216.41844177246094,1.167801856994629,-0.000474133383249864,0.0,0.4047316312789917
680,1,0.6984612698699948,723,0.16375,0.0,0.25,0,244,0,0,-0.00017690783715806901,218.88380432128906,1.155172348022461,0.0003452052769716829,0.0,0.41402554512023926
681,1,0.42049750939622754,723,0.361875,0.0,0.25,0,500,0,0,-0.0023365402594208717,5.996309280395508,1.2223823070526123,0.001330970088019967,0.0,0.37326717376708984
682,1,0.3674015789798659,723,0.4775,0.0,0.375,0,756,0,0,-0.00032352906418964267,6.059629440307617,1.2166188955307007,-0.0004835049621760845,0.0,0.38210397958755493
683,1,0.47724805983750684,724,0.020625,0.0,0.125,0,12,0,0,-0.00014718249440193176,66.13568115234375,1.2270736694335938,-0.0011944788275286555,0.0,0.3689556121826172
684,1,0.7625239721892285,724,0.440625,0.0,0.5,0,268,0,0,-0.0012282052775844932,62.80332946777344,1.1612823009490967,-0.00017654911789577454,0.0,0.39870554208755493
685,1,0.4055328094007109,724,0.655,0.0,0.625,0,524,0,0,-0.0006216845358721912,2.7518937587738037,1.2274969816207886,6.39714635326527e-05,0.0,0.3630828857421875
686,1,0.27916552856004273,724,0.72875,0.0,0.75,0,780,0,0,-0.0011291209375485778,10.06283187866211,1.2451884746551514,-0.00040170628926716745,0.0,0.36803752183914185
687,1,0.25927135116762656,726,0.031875,0.0,0.0,0,14,0,0,0.00010990041482727975,144.62847900390625,1.2304284572601318,0.0010007419623434544,0.0,0.37932130694389343
688,1,1.0926764668060969,727,0.316875,0.0,0.375,0,234,0,0,0.00038065173430368304,302.16571044921875,1.0735511779785156,-0.0001614193170098588,0.0,0.46185430884361267
689,1,0.23602349697557656,728,0.078125,0.0,0.0,0,34,0,0,-0.00039151404052972794,130.9393310546875,1.2060678005218506,7.512808952014893e-05,0.0,0.37967973947525024
690,1,0.7782332786482584,728,0.42625,0.0,0.25,0,290,0,0,-0.00010722875595092773,99.16108703613281,1.1127729415893555,-3.63957769877743e-05,0.0,0.44171246886253357
691,1,0.5000697305868016,728,0.565,0.0,0.5,0,546,0,0,-0.0018211591523140669,7.986684799194336,1.241526484489441,-0.001162628992460668,0.0,0.3758605122566223
692,1,0.2599774293798873,729,0.045625,0.0,0.0,0,38,0,0,-0.0005620269803330302,92.75617980957031,1.2191436290740967,-0.0002499499241821468,0.0,0.3843275308609009
693,1,0.39287992340905475,735,0.1075,0.0,0.125,0,65,0,0,4.974628609488718e-05,803.925537109375,1.127187967300415,0.00021738109353464097,0.0,0.4280773997306824
694,1,0.927928108972992,736,0.335625,0.0,0.5,0,251,0,0,-0.00020032748579978943,281.9716491699219,1.2078771591186523,0.00021718784410040826,0.0,0.3901350498199463
695,1,0.3562190200063924,736,0.469375,0.0,0.625,0,507,0,0,-0.002101610181853175,5.815258026123047,1.257280707359314,0.0003515461867209524,0.0,0.3656405806541443
696,1,0.3891466920863422,736,0.58125,0.0,0.75,0,763,0,0,-0.0028560389764606953,2.8566064834594727,1.2674617767333984,-0.0005236886208876967,0.0,0.3651367425918579
697,1,0.32303141249030887,737,0.038125,0.0,0.0,0,19,0,0,-0.0020198170095682144,9.450098037719727,1.2583694458007812,0.001385105075314641,0.0,0.35543832182884216
698,1,0.23867618473013863,741,0.025,0.0,0.0,0,13,0,0,-0.0016026839148253202,790.3143920898438,1.1361286640167236,0.002099537756294012,0.0,0.4166669547557831
699,1,0.9495374445668858,741,0.365,0.0,0.5,0,269,0,0,-0.0010166484862565994,162.36077880859375,1.180649757385254,0.0009325210703536868,0.0,0.39751264452934265
700,1,0.5786113309241045,741,0.61125,0.0,0.875,0,525,0,0,-0.0018422771245241165,16.065900802612305,1.2335561513900757,0.0002738257753662765,0.0,0.35858243703842163
701,1,0.5608835100362057,741,0.614375,0.25,0.875,0,781,0,0,-0.0005069819162599742,41.967159271240234,1.240267038345337,0.00016400078311562538,0.0,0.36401939392089844
702,1,0.3139927344229818,743,0.01875,0.0,0.0,0,29,0,0,0.0003057091380469501,113.18888092041016,1.2189280986785889,-7.820005521352869e-06,0.0,0.3791789412498474
703,1,0.8348294107508991,743,0.230625,0.0,0.25,0,285,0,0,0.00010825072968145832,109.197021484375,1.256169080734253,2.2988146497482376e-07,0.0,0.35892170667648315
704,1,0.6888426394216367,747,0.0775,0.0,0.0,0,115,0,0,-0.00013478132314048707,939.246337890625,1.148472547531128,8.726741361897439e-05,0.0,0.4138108193874359
705,1,0.4866506802982258,747,0.3975,0.0,0.375,0,371,0,0,-0.0022050251718610525,8.893810272216797,1.2515559196472168,0.0002587336930446327,0.0,0.3654038608074188
706,1,0.6485006522150343,748,0.10875,0.0,0.0,0,127,0,0,0.0006758806994184852,204.3144073486328,1.1675975322723389,-0.0004632252675946802,0.0,0.415067195892334
707,1,0.49306138740166716,748,0.310625,0.0,0.0,0,383,0,0,-0.002479804679751396,7.718581676483154,1.2304553985595703,0.0002120460121659562,0.0,0.38195037841796875
708,1,0.4807921036984908,748,0.58375,0.0,0.25,0,639,0,0,-0.0016927756369113922,8.76919937133789,1.2479190826416016,-0.0018177798483520746,0.0,0.3615489900112152
709,1,0.3000990503708181,748,0.601875,0.0,0.25,0,895,0,0,-0.0020939584355801344,5.919422149658203,1.2903459072113037,-0.0008993246592581272,0.0,0.34123122692108154
710,1,0.962502464728459,749,0.2825,0.0,0.375,0,151,0,0,-0.00024092508829198778,270.2529296875,1.2251452207565308,0.0004766852071043104,0.0,0.3867311477661133
711,1,0.3622291875326482,749,0.456875,0.0,0.375,0,407,0,0,-0.0003474255499895662,8.331317901611328,1.2856807708740234,0.00010211284825345501,0.0,0.3481917381286621
712,1,0.3285473576615914,749,0.466875,0.0,0.5,0,663,0,0,-0.00019569478172343224,4.4360246658325195,1.301374912261963,0.00014053068298380822,0.0,0.3437987267971039
713,1,0.24480279420686202,749,0.478125,0.0,0.5,0,919,0,0,-0.0005933567881584167,6.122469902038574,1.3139944076538086,-0.0006018908461555839,0.0,0.33662503957748413
714,1,0.9791676071527036,750,0.305625,0.0,0.25,0,175,0,0,0.0003581593628041446,183.97254943847656,1.235701322555542,0.0007964136893860996,0.0,0.37390416860580444
715,1,0.44631844688365163,750,0.483125,0.0,0.25,0,431,0,0,-0.0016043804353103042,5.403165817260742,1.2859981060028076,0.0010605633724480867,0.0,0.34124597907066345
716,1,0.5171833190270263,750,0.676875,0.0,0.5,0,687,0,0,-0.0008948799222707748,7.574138164520264,1.2682079076766968,0.0005839657969772816,0.0,0.34618788957595825
717,1,0.39819712301687105,750,0.755625,0.0,0.625,0,943,0,0,-0.0007347287610173225,16.54840850830078,1.2524197101593018,-0.0009173529106192291,0.0,0.37037548422813416
718,1,0.8103106339183341,751,0.250625,0.0,0.0,0,199,0,0,0.00023236933338921517,141.68292236328125,1.2047245502471924,0.0001523527316749096,0.0,0.38746142387390137
719,1,0.620842101846506,751,0.584375,0.0,0.5,0,455,0,0,-0.00043321092380210757,12.981049537658691,1.2575595378875732,-0.00035368543467484415,0.0,0.3549584150314331
720,1,0.3839923503683167,751,0.7425,0.0,0.625,0,711,0,0,-0.0004468970000743866,5.452706336975098,1.2558274269104004,-0.0001718889398034662,0.0,0.3599369525909424
721,1,0.4047990129220125,751,0.84875,0.0,1.0,0,967,0,0,-0.00016851662076078355,17.37061882019043,1.2552365064620972,0.0002878882805816829,0.0,0.3540198504924774
722,1,1.1518865702837502,752,0.2875,0.125,0.375,0,223,0,0,-0.00012973789125680923,302.9581604003906,1.202284574508667,2.8898784876218997e-05,0.0,0.39827585220336914
723,1,0.31065429400496214,752,0.333125,0.125,0.5,0,479,0,0,-0.0004235978121869266,5.932289123535156,1.2263331413269043,0.00010774595284601673,0.0,0.37412238121032715
724,1,0.37986383758197917,752,0.4375,0.125,0.5,0,735,0,0,-0.000561587221454829,5.929409027099609,1.2345184087753296,0.0007729831850156188,0.0,0.3681086003780365
725,1,0.36996889090687546,752,0.54125,0.125,0.5,0,991,0,0,-0.0008032831246964633,3.643930196762085,1.2375882863998413,0.00028188139549456537,0.0,0.3643577992916107
726,1,0.6539104092057642,754,0.283125,0.0,0.0,0,238,0,0,-0.0004122437385376543,184.61636352539062,1.1571916341781616,8.495214274262253e-07,0.0,0.4199664294719696
727,1,0.39966958568220434,754,0.380625,0.0,0.0,0,494,0,0,-0.00046526361256837845,5.749112129211426,1.1898877620697021,-9.916629642248154e-05,0.0,0.3949781060218811
728,1,0.5724089290215488,754,0.58875,0.0,0.375,0,750,0,0,0.0001454213634133339,22.847749710083008,1.1911406517028809,-7.312589787034085e-06,0.0,0.3900878429412842
729,1,0.23834835139012966,755,0.014375,0.0,0.0,0,6,0,0,-0.00034997364855371416,20.150409698486328,1.1997597217559814,-0.00038567063165828586,0.0,0.39265164732933044
730,1,0.9735815402891603,755,0.320625,0.0,0.25,0,262,0,0,-0.0003147069364786148,109.21977233886719,1.1010963916778564,0.0002872298355214298,0.0,0.4417308270931244
731,1,0.5208500108183216,755,0.618125,0.0,0.625,0,518,0,0,-0.0004692773218266666,10.34669303894043,1.2222223281860352,0.00034153833985328674,0.0,0.3834627568721771
732,1,0.4477684019966546,755,0.815,0.0,0.875,0,774,0,0,-0.000541816174518317,8.183270454406738,1.2192413806915283,-0.0003568882530089468,0.0,0.38936281204223633
733,1,0.2778178152984765,756,0.044375,0.0,0.0,0,30,0,0,9.13785770535469e-05,23.328998565673828,1.20987069606781,-0.0001236523239640519,0.0,0.3808979392051697
734,1,0.5209083098634437,758,0.12625,0.0,0.0,0,114,0,0,-6.944872438907623e-05,451.8992614746094,1.1099324226379395,4.2397528886795044e-05,0.0,0.43963155150413513
735,1,0.4686957154135598,761,0.02625,0.0,0.0,0,28,0,0,-0.00025263120187446475,372.385498046875,1.153273582458496,1.1583945706661325e-05,0.0,0.42136150598526
736,1,1.059711419773521,762,0.335625,0.125,0.25,0,232,0,0,-1.3013060197408777e-05,409.7061767578125,1.1199865341186523,-0.00011487740266602486,0.0,0.44249019026756287
737,1,0.4968841765430625,762,0.565,0.125,0.5,0,488,0,0,-0.0012567201629281044,9.325809478759766,1.2121167182922363,0.0003432552330195904,0.0,0.39478906989097595
738,1,0.3660339382126949,762,0.678125,0.125,0.625,0,744,0,0,-0.0008324328809976578,6.638184547424316,1.223546028137207,0.00039241774356924,0.0,0.3802785575389862
739,1,0.5316492356478193,763,0.005625,0.0,0.0,0,0,0,0,-0.0009810769697651267,77.15743255615234,1.2542845010757446,-4.70395525553613e-06,0.0,0.37099868059158325
740,1,0.9109503469162519,763,0.229375,0.0,0.25,0,256,0,0,-4.9223504902329296e-05,122.27346801757812,1.2119802236557007,-7.781371095916256e-05,0.0,0.39759668707847595
741,1,0.6297125873261393,763,0.275,0.25,0.375,0,512,0,0,-0.0008135786047205329,81.28086853027344,1.238008975982666,-0.00020280573517084122,0.0,0.36574074625968933
742,1,0.46211517789561185,763,0.43,0.25,0.625,0,768,0,0,-0.0004597557708621025,5.990814208984375,1.2493689060211182,0.0006846950273029506,0.0,0.3751785159111023
743,1,0.5542668359739764,764,0.034375,0.0,0.0,0,24,0,0,-0.00013723783195018768,27.70098876953125,1.2596181631088257,0.0006197553011588752,0.0,0.37503549456596375
744,1,0.7158421934182115,765,0.320625,0.0,0.5,0,251,0,0,-0.00033158593578264117,263.639892578125,1.1801540851593018,6.228887650649995e-05,0.0,0.41729336977005005
745,1,0.7492034587839953,765,0.615,0.125,0.625,0,507,0,0,-0.0003426074981689453,54.621543884277344,1.2459219694137573,-5.281841004034504e-05,0.0,0.37484678626060486
746,1,0.407521344088309,765,0.739375,0.125,0.75,0,763,0,0,-0.00031765736639499664,5.140069007873535,1.2729310989379883,0.00037115486338734627,0.0,0.35100942850112915
747,1,0.4552822094203748,766,0.025,0.0,0.0,0,19,0,0,-6.752399349352345e-05,62.1480712890625,1.2367135286331177,-0.00026612915098667145,0.0,0.367135226726532
748,1,1.1250083149934653,767,0.34,0.0,0.75,0,214,0,0,-0.00023860670626163483,290.8092041015625,1.1260201930999756,5.780005449196324e-05,0.0,0.4451504647731781
749,1,0.803456243378605,767,0.575625,0.25,0.75,0,470,0,0,-0.0006004528841003776,107.22077941894531,1.2318425178527832,0.00023012515157461166,0.0,0.39341259002685547
750,1,0.32303561418848403,767,0.636875,0.25,0.75,0,726,0,0,-0.0005836319178342819,5.912686347961426,1.2533392906188965,0.0008533926447853446,0.0,0.3647235035896301
751,1,0.22157281111685734,767,0.643125,0.25,0.75,0,982,0,0,0.0002620117738842964,10.881763458251953,1.2666709423065186,-0.00046241626841947436,0.0,0.3606182336807251
752,1,0.9707144822563123,768,0.34,0.0,0.125,0,238,0,0,-4.225224256515503e-05,204.73995971679688,1.2109769582748413,-5.465777212521061e-05,0.0,0.39471620321273804
753,1,0.7728039403682487,768,0.63375,0.125,0.5,0,494,0,0,-0.00022643277770839632,67.33592224121094,1.235245704650879,0.00011296555021544918,0.0,0.36507439613342285
754,1,0.522589247830183,768,0.753125,0.25,1.0,0,750,0,0,-0.000468820973765105,44.600341796875,1.249005913734436,4.90069724037312e-05,0.0,0.38163113594055176
755,1,0.4652726451968192,769,0.0125,0.0,0.0,0,6,0,0,-2.157936614821665e-05,71.0408935546875,1.249271273612976,-1.2496951967477798e-05,0.0,0.3791605830192566
756,1,0.7367244585716435,769,0.28625,0.0,0.375,0,262,0,0,-0.0002464077842887491,91.65363311767578,1.2640680074691772,-5.1209859520895407e-05,0.0,0.3661130368709564
757,1,0.6169494997448055,769,0.548125,0.0,0.875,0,518,0,0,-0.0007110952283255756,9.681893348693848,1.2943243980407715,0.00016301048162858933,0.0,0.35483217239379883
758,1,0.33431402982660074,769,0.66875,0.0,0.875,0,774,0,0,-0.00012212744331918657,5.260105133056641,1.2772642374038696,0.0004053371958434582,0.0,0.3585626780986786
759,1,0.30987745668244315,770,0.03,0.0,0.0,0,30,0,0,-0.00040796585381031036,20.634021759033203,1.240436315536499,0.00024458131520077586,0.0,0.3795805871486664
760,1,0.8873088331502004,770,0.369375,0.0,0.5,0,286,0,0,-0.00025704875588417053,167.31756591796875,1.2361160516738892,0.00037706736475229263,0.0,0.39191684126853943
761,1,0.43877788846293697,770,0.565,0.0,0.75,0,542,0,0,-0.0016782041639089584,4.797658920288086,1.2960325479507446,0.0010455064475536346,0.0,0.34274959564208984
762,1,0.4558498373007751,770,0.68125,0.125,0.75,0,798,0,0,0.0007115062326192856,25.7943058013916,1.2928833961486816,0.0009280294179916382,0.0,0.35440778732299805
763,1,0.2840889106855684,771,0.055,0.0,0.0,0,54,0,0,-5.587190389633179e-05,51.64029312133789,1.2685763835906982,0.000518405984621495,0.0,0.3730804920196533
764,1,1.133072972779246,771,0.474375,0.125,0.25,0,310,0,0,2.0138919353485107e-05,206.86338806152344,1.2607622146606445,8.739996701478958e-06,0.0,0.36909615993499756
765,1,0.6355618811103341,771,0.626875,0.25,0.5,0,566,0,0,-5.904088538954966e-05,29.08200454711914,1.2529709339141846,-0.00016812437388580292,0.0,0.36855563521385193
766,1,0.4426918236358688,771,0.775,0.25,0.875,0,822,0,0,-0.0011127404868602753,13.0984468460083,1.2873544692993164,-0.0001971842721104622,0.0,0.3335050344467163
767,1,0.1487948688754841,773,0.015625,0.0,0.0,0,12,0,0,-3.236035627196543e-05,218.46205139160156,1.2558495998382568,0.00023349188268184662,0.0,0.3702564239501953
768,1,0.6910232875334259,774,0.115,0.0,0.0,0,159,0,0,-0.0019568416755646467,326.0741271972656,1.2303546667099,0.0003599647316150367,0.0,0.37233442068099976
769,1,0.6559621175238135,774,0.404375,0.0,0.625,0,415,0,0,-0.00026319175958633423,24.858135223388672,1.289122462272644,0.0015547932125627995,0.0,0.35804665088653564
770,1,0.5294106707701758,774,0.59875,0.0,0.75,0,671,0,0,-0.0010908942203968763,14.829144477844238,1.3373830318450928,-0.0002914381620939821,0.0,0.32889726758003235
771,1,0.36667212087832013,774,0.715625,0.0,0.75,0,927,0,0,-0.0008774213492870331,6.113344669342041,1.363346815109253,0.000418296258430928,0.0,0.31577202677726746
772,1,1.0548092048443323,775,0.205625,0.125,0.625,0,183,0,0,0.00019736340618692338,302.53570556640625,1.274558424949646,-0.0002463795244693756,0.0,0.3468209207057953
773,1,1.3367489720294543,779,0.055625,0.0,0.0,0,91,0,0,-0.00038968524313531816,747.5570068359375,1.2454454898834229,0.00017837047926150262,0.0,0.36762917041778564
774,1,0.8613592309502565,779,0.445625,0.125,0.875,0,347,0,0,-0.0006248491699807346,76.0016860961914,1.3360456228256226,7.268057379405946e-05,0.0,0.3288894593715668
775,1,0.5700356077813922,779,0.604375,0.25,0.875,0,603,0,0,-0.00019602602696977556,28.92630958557129,1.340524673461914,0.00022582741803489625,0.0,0.33722877502441406
776,1,0.3823253256581056,779,0.715,0.25,1.0,0,859,0,0,-0.0004733217356260866,5.702908039093018,1.344457983970642,-0.00041782110929489136,0.0,0.3125157356262207
777,1,0.8001544964890854,780,0.19375,0.0,0.125,0,115,0,0,-0.00012335306382738054,100.39453125,1.313274621963501,0.00020613381639122963,0.0,0.3521110415458679
778,1,0.6390474210065804,780,0.511875,0.0,0.625,0,371,0,0,-0.0007634051144123077,13.215897560119629,1.3438189029693604,-0.00014628501958213747,0.0,0.31721657514572144
779,1,0.6259530833476674,780,0.6975,0.125,0.75,0,627,0,0,0.00011962093412876129,38.17896270751953,1.3448524475097656,-2.3539334506494924e-05,0.0,0.31812021136283875
780,1,0.3013411370557151,780,0.78625,0.125,0.75,0,883,0,0,-0.00011139239359181374,16.063819885253906,1.3480801582336426,6.0751726778107695e-06,0.0,0.33642125129699707
781,1,0.274375628636335,781,0.12375,0.0,0.125,0,139,0,0,-0.00017433024186175317,81.06272888183594,1.2941956520080566,-0.00011610022920649499,0.0,0.37182754278182983
782,1,0.9566037108011187,781,0.42125,0.125,0.375,0,395,0,0,-0.00011764094233512878,72.57522583007812,1.343256950378418,-0.00011176554107805714,0.0,0.3285837173461914
783,1,0.6185744980430172,781,0.488125,0.25,0.5,0,651,0,0,-2.9169023036956787e-05,48.96745300292969,1.3361815214157104,7.062110671540722e-05,0.0,0.3254412114620209
784,1,0.4247809719479392,781,0.66625,0.25,0.875,0,907,0,0,-0.000582144595682621,11.790176391601562,1.3357412815093994,0.00037458710721693933,0.0,0.3310803771018982
785,1,0.7980116349026503,782,0.27,0.0,0.125,0,163,0,0,-0.0002521360293030739,204.1786651611328,1.2184470891952515,-0.0001817753945942968,0.0,0.4014403820037842
786,1,0.541881063892447,783,0.033125,0.0,0.0,0,18,0,0,-0.00012350580072961748,143.525634765625,1.3190853595733643,0.0002908734604716301,0.0,0.34895026683807373
787,1,1.4063163280079607,785,0.15125,0.0,0.25,0,90,0,0,3.150353950331919e-05,578.10400390625,1.1882996559143066,-0.00021991258836351335,0.0,0.4170614182949066
788,1,0.665542333459598,785,0.415625,0.0,0.375,0,346,0,0,-0.000702259480021894,12.088972091674805,1.3145008087158203,0.00012441305443644524,0.0,0.33694157004356384
789,1,0.348080879736699,785,0.434375,0.0,0.375,0,602,0,0,-0.002160144504159689,3.201277732849121,1.3266810178756714,0.0005036424845457077,0.0,0.32338055968284607
790,1,0.0323033777949604,790,0.068125,0.0,0.0,0,62,0,0,-0.0005092335632070899,782.6265869140625,1.2421579360961914,0.0002469569444656372,0.0,0.4028509557247162
791,1,0.884254946936835,790,0.508125,0.0,0.5,0,318,0,0,9.650861466070637e-05,103.86128997802734,1.329831600189209,0.00033497175900265574,0.0,0.34206241369247437
792,1,0.47344279696221747,790,0.708125,0.0,0.5,0,574,0,0,-0.0022903047502040863,7.5781121253967285,1.3367571830749512,0.001293214038014412,0.0,0.3260311186313629
793,1,0.29652557246390643,790,0.733125,0.0,0.5,0,830,0,0,-0.0031901951879262924,7.119379997253418,1.3402376174926758,-0.0001758726721163839,0.0,0.3385718762874603
794,1,0.6357296623763204,791,0.07625,0.0,0.0,0,86,0,0,-0.0003306552243884653,132.63040161132812,1.2965216636657715,0.0014243246987462044,0.0,0.3356419801712036
795,1,0.6492838234739793,791,0.383125,0.0,0.25,0,342,0,0,-0.0005350777646526694,23.75718116760254,1.3326947689056396,0.00013492847210727632,0.0,0.32903483510017395
796,1,0.5053881866297161,791,0.60875,0.0,0.5,0,598,0,0,-0.00266833184286952,11.763063430786133,1.3593864440917969,-0.0004803075862582773,0.0,0.33094680309295654
797,1,0.4845913298213418,791,0.67875,0.0,0.75,0,854,0,0,-0.0021789688616991043,12.040841102600098,1.345768690109253,0.0020352930296212435,0.0,0.3226555585861206
798,1,0.439265104777121,793,0.085625,0.0,0.0,0,94,0,0,0.00033518983400426805,227.78155517578125,1.332599401473999,-0.0002676284348126501,0.0,0.3468628525733948
799,1,0.946107368592493,793,0.445,0.125,0.25,0,350,0,0,0.00031927600502967834,96.55830383300781,1.267026662826538,-5.509238690137863e-06,0.0,0.37571200728416443
800,1,0.5849897902749035,793,0.740625,0.125,0.75,0,606,0,0,-0.0008962468127720058,12.835420608520508,1.3443152904510498,-6.359381359288818e-07,0.0,0.3341481685638428
801,1,0.4276808404823669,793,0.83625,0.125,1.0,0,862,0,0,-0.0006689243018627167,10.018838882446289,1.3172602653503418,0.00030734267784282565,0.0,0.34287533164024353
802,1,0.772506124497113,795,0.161875,0.0,0.125,0,109,0,0,-0.00019770427024923265,284.0377502441406,1.2994542121887207,-0.00023980392143130302,0.0,0.3618609607219696
803,1,0.9168490390220541,796,0.305625,0.0,0.375,0,210,0,0,6.748363375663757e-06,370.30548095703125,1.2715563774108887,-5.5040545703377575e-05,0.0,0.377429336309433
804,1,0.5571229540737477,796,0.508125,0.125,0.375,0,466,0,0,-0.0006778125534765422,58.80983352661133,1.3187124729156494,0.0002034657372860238,0.0,0.35028713941574097
805,1,0.4825515023985645,796,0.666875,0.125,0.75,0,722,0,0,5.0259754061698914e-05,9.08108139038086,1.3410255908966064,-0.0003863968886435032,0.0,0.3263885974884033
806,1,0.47754924583477987,796,0.730625,0.25,0.75,0,978,0,0,-0.0004747118800878525,37.28031921386719,1.3303413391113281,2.0333100110292435e-05,0.0,0.3265678882598877
807,1,0.8422853877527814,799,0.1575,0.0,0.125,0,112,0,0,-0.00036135129630565643,649.7584838867188,1.20793879032135,2.248616328870412e-05,0.0,0.4094234108924866
808,1,0.6283293232786491,799,0.435,0.0,0.625,0,368,0,0,-0.0016065736999735236,17.783132553100586,1.334053874015808,-0.00028919539181515574,0.0,0.3358229100704193
809,1,0.5048272651856678,799,0.690625,0.0,0.75,0,624,0,0,-0.0024053750094026327,10.24719524383545,1.3321667909622192,0.0004975547781214118,0.0,0.3279021084308624
810,1,0.5029803558295498,799,0.885625,0.0,0.875,0,880,0,0,-0.0006300745299085975,6.714324951171875,1.3109691143035889,0.00035801314515993,0.0,0.3489883840084076
811,1,0.7416856815216306,801,0.0175,0.0,0.0,0,34,0,0,-0.0001517447381047532,264.05621337890625,1.261875867843628,-0.00012673702440224588,0.0,0.3647528290748596
812,1,1.1999008211132605,802,0.38375,0.125,0.5,0,248,0,0,-0.0002692863345146179,370.70526123046875,1.2171581983566284,0.00016550254076719284,0.0,0.4000074863433838
813,1,0.6014583415939114,802,0.4525,0.25,0.625,0,504,0,0,-0.00014932826161384583,34.149925231933594,1.304823637008667,-0.0003012348897755146,0.0,0.3580445945262909
814,1,0.453467421663845,802,0.695,0.25,0.625,0,760,0,0,-0.0013922912767156959,4.508647918701172,1.300691843032837,0.0008565316675230861,0.0,0.344978392124176
815,1,0.38643772825889755,803,0.02625,0.0,0.0,0,16,0,0,0.00010666375601431355,39.061927795410156,1.3054838180541992,0.0002905585279222578,0.0,0.33724749088287354
816,1,0.8806867793427955,804,0.0625,0.0,0.125,0,138,0,0,-0.00044058015919290483,412.6707763671875,1.2650960683822632,0.00018325573182664812,0.0,0.37327122688293457
817,1,1.1751452505586713,804,0.46625,0.25,0.375,0,394,0,0,8.404627442359924e-05,278.20782470703125,1.3123897314071655,-0.0002344166859984398,0.0,0.34910792112350464
818,1,0.5614765982791141,804,0.73625,0.25,0.75,0,650,0,0,-0.0002057642414001748,13.918450355529785,1.3337674140930176,0.0001968594006029889,0.0,0.3385574519634247
819,1,0.6315241983138549,805,0.27625,0.0,0.125,0,233,0,0,-0.00012520267046056688,266.7130432128906,1.3351867198944092,-9.730520832818002e-05,0.0,0.34123143553733826
820,1,0.5283648328158961,805,0.490625,0.0,0.25,0,489,0,0,-0.005806380417197943,7.315629959106445,1.3891286849975586,0.0024576394353061914,0.0,0.3185868263244629
821,1,0.6187347738959943,805,0.704375,0.0,0.625,0,745,0,0,0.00023438874632120132,28.607757568359375,1.388442039489746,0.001540184486657381,0.0,0.30232861638069153
822,1,0.48646279495051203,806,0.006875,0.0,0.0,0,1,0,0,0.0007155758212320507,39.33815383911133,1.3906962871551514,0.0015032459050416946,0.0,0.29851609468460083
823,1,0.9107158175502263,806,0.39,0.0,0.375,0,257,0,0,0.0014651648234575987,134.50384521484375,1.3294117450714111,-0.0007560683297924697,0.0,0.3431137502193451
824,1,0.4721977097688068,806,0.595625,0.0,0.75,0,513,0,0,-0.00017026998102664948,10.704241752624512,1.3842754364013672,-0.00010603060945868492,0.0,0.30984506011009216
825,1,0.46630391637518187,806,0.756875,0.0,1.0,0,769,0,0,-0.0035717985592782497,4.619377136230469,1.3935985565185547,6.932191172381863e-05,0.0,0.3095055818557739
826,1,0.31664172060686724,807,0.02625,0.0,0.0,0,25,0,0,-0.0011324277147650719,14.34283447265625,1.3827178478240967,0.0016005014767870307,0.0,0.3161245584487915
827,1,0.9143496733813663,811,0.1075,0.0,0.125,0,70,0,0,-0.0008127255132421851,896.462646484375,1.2668452262878418,3.554004797479138e-05,0.0,0.36110782623291016
828,1,0.809657110761691,811,0.44375,0.0,0.5,0,326,0,0,-0.0013121224474161863,37.627532958984375,1.3742502927780151,0.001681093592196703,0.0,0.3033897876739502
829,1,0.447839623908294,811,0.60875,0.0,0.625,0,582,0,0,-0.0018605584045872092,3.896158218383789,1.4090261459350586,0.0021360174287110567,0.0,0.28838080167770386
830,1,0.6029762470643618,811,0.73375,0.125,0.75,0,838,0,0,0.0006685629487037659,42.11241912841797,1.411465048789978,-0.0014311260310932994,0.0,0.2915843427181244
831,1,0.4737200082781783,813,0.158125,0.0,0.125,0,87,0,0,-0.0006078581209294498,190.7757110595703,1.3511995077133179,0.0007714388775639236,0.0,0.34325501322746277
832,1,1.0147288545849733,813,0.473125,0.125,0.625,0,343,0,0,-0.0007891319692134857,118.64436340332031,1.3268394470214844,0.00041879620403051376,0.0,0.31801143288612366
833,1,0.8113985529680576,813,0.621875,0.375,0.875,0,599,0,0,-0.00023057498037815094,52.66674041748047,1.359493613243103,0.0003768840688280761,0.0,0.3146362602710724
834,1,0.41226331747623135,813,0.768125,0.375,1.0,0,855,0,0,-0.0006411712383851409,7.31632661819458,1.4100470542907715,0.00030726552358828485,0.0,0.28304624557495117
835,1,1.1475118909881985,814,0.141875,0.125,0.375,0,111,0,0,-5.469968073157361e-06,226.75714111328125,1.303033709526062,1.7323996871709824e-05,0.0,0.33989936113357544
836,1,1.0732192816358292,814,0.45375,0.375,0.5,0,367,0,0,-0.00014183050370775163,146.7852325439453,1.2979844808578491,0.00020437082275748253,0.0,0.33199530839920044
837,1,0.42533372084108123,814,0.64375,0.375,0.625,0,623,0,0,-0.0008507014135830104,23.075075149536133,1.4055322408676147,-4.360188540886156e-05,0.0,0.2829637825489044
838,1,0.6321196948083525,814,0.78875,0.5,0.625,0,879,0,0,-0.0003717740473803133,48.34590148925781,1.365548849105835,0.00023558751854579896,0.0,0.3025701940059662
839,1,0.7144513845148595,815,0.236875,0.0,0.125,0,135,0,0,-4.742605233332142e-05,80.27877807617188,1.344587802886963,-0.0001385983487125486,0.0,0.3280700445175171
840,1,0.6482867769900622,815,0.440625,0.0,0.25,0,391,0,0,-0.001103145768865943,22.395648956298828,1.324815034866333,0.0005044189165346324,0.0,0.3305421769618988
841,1,0.336307257777662,818,0.148125,0.0,0.125,0,110,0,0,-0.0003133763966616243,661.16748046875,1.2818067073822021,-0.00032185623422265053,0.0,0.3593410849571228
842,1,0.7070381730057704,818,0.455,0.0,0.25,0,366,0,0,-0.00037030939711257815,23.309093475341797,1.2815351486206055,9.629767009755597e-05,0.0,0.34506916999816895
843,1,0.36791018147505383,818,0.52875,0.0,0.25,0,622,0,0,-0.0006475908448919654,10.763394355773926,1.3360531330108643,-4.7590430767741054e-05,0.0,0.3290027976036072
844,1,0.30109801469870945,818,0.55375,0.0,0.375,0,878,0,0,-6.343673157971352e-05,9.28352165222168,1.3566408157348633,-0.0001335619017481804,0.0,0.3186715841293335
845,1,0.05452039351621352,819,0.199375,0.0,0.0,0,134,0,0,-0.0001475199533160776,83.00442504882812,1.2722615003585815,0.00016872523701749742,0.0,0.37116608023643494
846,1,1.3166861062163662,820,0.26125,0.25,0.375,0,170,0,0,-0.00014322064816951752,475.90576171875,1.2221287488937378,-5.9409067034721375e-06,0.0,0.38851165771484375
847,1,0.7356002737906238,820,0.41125,0.375,0.375,0,426,0,0,-0.00048434361815452576,38.68178176879883,1.329184651374817,-0.0001249870692845434,0.0,0.3192985951900482
848,1,0.36234558386968274,820,0.4775,0.375,0.625,0,682,0,0,-0.0011791016440838575,10.030220031738281,1.3612464666366577,0.0004173039342276752,0.0,0.3124217391014099
849,1,0.4812922207562451,820,0.63,0.375,0.75,0,938,0,0,-0.00010790427768370137,13.898052215576172,1.3734248876571655,0.00033305183751508594,0.0,0.2963193356990814
850,1,0.6516588504769061,821,0.265,0.0,0.25,0,194,0,0,-0.0011134434025734663,127.84662628173828,1.2711644172668457,-0.00019819149747490883,0.0,0.36751553416252136
851,1,0.4641489609639393,824,0.046875,0.0,0.0,0,40,0,0,0.00031597292399965227,438.677001953125,1.2397770881652832,7.621897384524345e-05,0.0,0.3844057023525238
852,1,1.1465380181932687,824,0.38625,0.125,0.375,0,296,0,0,6.093519550631754e-05,143.06549072265625,1.3329882621765137,0.0003833281807601452,0.0,0.32361191511154175
853,1,0.5854742271371833,824,0.6175,0.25,0.5,0,552,0,0,-0.00037987716495990753,35.28553009033203,1.3853445053100586,-0.00010794292757054791,0.0,0.3062726855278015
854,1,0.32867446435011516,824,0.69625,0.25,0.625,0,808,0,0,1.0407219633634668e-05,10.065862655639648,1.373976469039917,-0.00017022652900777757,0.0,0.30009397864341736
855,1,0.36333849920265493,825,0.099375,0.0,0.125,0,122,0,0,-0.00034754848456941545,120.0339126586914,1.3079125881195068,-6.477193528553471e-05,0.0,0.3484286665916443
856,1,0.9842055434867234,825,0.4675,0.125,0.25,0,378,0,0,-0.00020851816225331277,108.5937271118164,1.3578466176986694,0.00011830590665340424,0.0,0.31652921438217163
857,1,0.5908753060880372,825,0.7,0.125,0.5,0,634,0,0,-0.00039726373506709933,6.070002555847168,1.3962939977645874,2.6790115953190252e-05,0.0,0.29914650321006775
858,1,0.6911568647019521,825,0.834375,0.25,0.875,0,890,0,0,-8.231587707996368e-05,50.748992919921875,1.3098567724227905,-3.7858109863009304e-05,0.0,0.3231247663497925
859,1,0.7749593987355183,826,0.1525,0.0,0.125,0,146,0,0,-3.7748366594314575e-05,95.886474609375,1.3421415090560913,9.556720033288002e-05,0.0,0.32581615447998047
860,1,0.6253295077185612,826,0.44,0.125,0.375,0,402,0,0,-0.0021235435269773006,17.319561004638672,1.4193028211593628,0.0004948698915541172,0.0,0.2827650010585785
861,1,0.5713669214874244,826,0.55125,0.125,0.375,0,658,0,0,-0.0017056893557310104,12.536405563354492,1.3267886638641357,0.001955007668584585,0.0,0.3247036933898926
862,1,0.48843879897447096,826,0.7275,0.125,0.625,0,914,0,0,-0.0009433012455701828,8.366839408874512,1.3905900716781616,0.0018952391110360622,0.0,0.30027711391448975
863,1,0.152417448700362,827,0.186875,0.0,0.0,0,170,0,0,-0.0007352562388405204,67.49687194824219,1.3045260906219482,-0.0004880166088696569,0.0,0.362588107585907
864,1,0.5889073126436415,828,0.2025,0.0,0.125,0,206,0,0,-0.0025510448031127453,350.016845703125,1.311242938041687,1.434904243069468e-05,0.0,0.3547506034374237
865,1,0.35211786532454425,828,0.28375,0.0,0.25,0,462,0,0,-0.002387281507253647,15.269879341125488,1.3752750158309937,0.0016688437899574637,0.0,0.31162136793136597
866,1,0.8165192131273216,828,0.580625,0.25,0.75,0,718,0,0,0.0005664720083586872,69.02428436279297,1.403923749923706,-0.00041418103501200676,0.0,0.29269903898239136
867,1,0.4392356025855406,828,0.776875,0.25,0.75,0,974,0,0,-4.487670958042145e-05,4.715847015380859,1.413515329360962,0.0002114370872732252,0.0,0.2965380549430847
868,1,0.25155199271694073,833,0.029375,0.0,0.0,0,23,0,0,4.304759204387665e-05,564.3550415039062,1.3239163160324097,-0.00024142861366271973,0.0,0.33692941069602966
869,1,1.0331264326341625,833,0.443125,0.0,0.875,0,279,0,0,-0.0007097407942637801,229.86465454101562,1.3781139850616455,0.0003466424532234669,0.0,0.3113403916358948
870,1,0.4391816997085698,833,0.689375,0.0,1.0,0,535,0,0,-0.0009560951730236411,7.145728588104248,1.442702054977417,0.00014117392129264772,0.0,0.27931278944015503
871,1,0.47680231665140127,833,0.763125,0.125,1.0,0,791,0,0,-0.0013578624930232763,29.9058837890625,1.4136033058166504,-0.00020868347201030701,0.0,0.2991710901260376
872,1,0.5264026082249984,834,0.020625,0.0,0.0,0,47,0,0,6.36950135231018e-05,101.57906341552734,1.3981366157531738,-0.0005313483998179436,0.0,0.31038331985473633
873,1,1.310532465489814,834,0.305625,0.25,0.375,0,303,0,0,0.00011808363342424855,329.1212463378906,1.322534203529358,7.622642442584038e-05,0.0,0.34463757276535034
874,1,1.0500021222192117,834,0.5875,0.5,0.625,0,559,0,0,8.921604603528976e-05,125.03302001953125,1.334460973739624,-0.0001231761125382036,0.0,0.3255193531513214
875,1,0.43877868623894756,834,0.66,0.5,0.625,0,815,0,0,-0.0011277211597189307,13.801126480102539,1.4028911590576172,0.0004113133472856134,0.0,0.29093077778816223
876,1,0.8558068457041372,835,0.2925,0.125,0.25,0,192,0,0,-0.00036044669104740024,309.58245849609375,1.3412303924560547,-0.0005347772384993732,0.0,0.32892489433288574
877,1,0.5129525234024186,835,0.4,0.125,0.5,0,448,0,0,-0.005075544118881226,5.526402473449707,1.3990519046783447,0.0013007073430344462,0.0,0.2963755130767822
878,1,0.3325775068769872,838,0.036875,0.0,0.0,0,21,0,0,0.002243663650006056,625.1653442382812,1.363973617553711,-0.000344131316523999,0.0,0.336698979139328
879,1,0.9659660335298099,838,0.385,0.0,0.125,0,277,0,0,0.000950432731769979,123.59697723388672,1.4502503871917725,0.0017695397837087512,0.0,0.29142555594444275
880,1,0.37947964337217854,838,0.428125,0.0,0.125,0,533,0,0,-0.00032215629471465945,8.809807777404785,1.5059245824813843,-0.0002239720633951947,0.0,0.2575875222682953
881,1,0.3141849345092851,838,0.49125,0.0,0.25,0,789,0,0,0.0004891256685368717,10.413288116455078,1.4959428310394287,2.068762478302233e-05,0.0,0.2695816159248352
882,1,0.48304405787621363,840,0.091875,0.0,0.25,0,40,0,0,0.00014915814972482622,186.43588256835938,1.4755442142486572,-2.2027797967894003e-05,0.0,0.2836965024471283
883,1,1.1396140112883586,841,0.219375,0.125,0.25,0,170,0,0,-0.00014502555131912231,411.38568115234375,1.3442504405975342,0.0003405643510632217,0.0,0.35495370626449585
884,1,0.498576633472112,841,0.523125,0.25,0.5,0,426,0,0,-0.0005937268724665046,65.08548736572266,1.458103060722351,6.457170093199238e-05,0.0,0.272866815328598
885,1,0.9650708934832437,844,0.19875,0.0,0.25,0,130,0,0,2.8887763619422913e-05,556.953369140625,1.3818855285644531,-2.486103585397359e-05,0.0,0.3220970928668976
886,1,0.8458848461268644,844,0.393125,0.25,0.625,0,386,0,0,-0.00039067119359970093,57.03334045410156,1.4474519491195679,-9.783590212464333e-05,0.0,0.29281482100486755
887,1,0.6000819524888357,844,0.653125,0.375,0.625,0,642,0,0,-0.0004876963794231415,34.78265380859375,1.5065922737121582,-0.00021527739590965211,0.0,0.2518630623817444
888,1,0.3543455122362502,844,0.775,0.375,0.75,0,898,0,0,-0.0012853506486862898,14.225817680358887,1.5125627517700195,0.0002789901045616716,0.0,0.25606974959373474
889,1,0.4559688229164749,845,0.18125,0.0,0.0,0,154,0,0,-0.0024490458890795708,31.847942352294922,1.4001272916793823,-0.00020033572218380868,0.0,0.3026084005832672
890,1,0.6499092859157827,845,0.35625,0.0,0.125,0,410,0,0,-0.0009340302785858512,41.66981506347656,1.4425767660140991,0.000916535034775734,0.0,0.2851705253124237
891,1,0.49716368981307824,845,0.58875,0.0,0.625,0,666,0,0,-0.002940315753221512,11.785239219665527,1.4876689910888672,0.0003573362191673368,0.0,0.2662900686264038
892,1,0.40383842912433465,845,0.733125,0.0,0.625,0,922,0,0,0.00017618140554986894,13.553030014038086,1.4478089809417725,-9.741199755808339e-05,0.0,0.2895520329475403
893,1,0.9559998065296895,848,0.21125,0.125,0.125,0,118,0,0,-0.0014854235341772437,595.3525390625,1.4190534353256226,-0.0012486999621614814,0.0,0.3041568994522095
894,1,0.39131793114393076,851,0.01,0.0,0.0,0,4,0,0,0.00037385401083156466,692.1328125,1.3519134521484375,-1.8901191651821136e-06,0.0,0.3489478826522827
895,1,0.9880396940088758,851,0.42875,0.0,0.625,0,260,0,0,-0.0006250975420698524,198.2819061279297,1.4737428426742554,-0.00017821478832047433,0.0,0.27370190620422363
896,1,0.7563114287358985,851,0.6425,0.25,0.875,0,516,0,0,-0.00040387705666944385,71.20108795166016,1.5115251541137695,0.0001492415030952543,0.0,0.2610594630241394
897,1,0.5947828182406738,851,0.77375,0.25,1.0,0,772,0,0,-4.313358658691868e-05,19.175457000732422,1.4693076610565186,0.00017985671001952142,0.0,0.2832152545452118
898,1,0.7102473369332074,852,0.059375,0.0,0.125,0,28,0,0,-0.00011251184332650155,100.42420196533203,1.4631335735321045,0.0003026227350346744,0.0,0.28723907470703125
899,1,1.1864904001076866,852,0.33875,0.25,0.375,0,284,0,0,4.6055763959884644e-05,249.29258728027344,1.4175376892089844,2.80626118183136e-05,0.0,0.31589317321777344
900,1,0.5812603996261316,852,0.45625,0.375,0.375,0,540,0,0,-0.001424287213012576,33.000404357910156,1.482147455215454,-0.00025908107636496425,0.0,0.267863392829895
901,1,0.30395811087737457,852,0.465,0.375,0.375,0,796,0,0,-0.0018176151206716895,7.79807186126709,1.4778144359588623,0.00021821772679686546,0.0,0.2729126811027527
902,1,0.547249182149244,853,0.095625,0.0,0.0,0,52,0,0,-0.0007039377233013511,65.57731628417969,1.4606881141662598,-0.00026245787739753723,0.0,0.2854016423225403
903,1,0.9142158426693641,853,0.40125,0.125,0.75,0,308,0,0,-6.551109254360199e-05,75.26897430419922,1.4506115913391113,0.0006164602818898857,0.0,0.2925797402858734
904,1,0.7346798467733606,853,0.673125,0.25,0.75,0,564,0,0,-0.00025700870901346207,61.591312408447266,1.517383098602295,-0.0005776376347057521,0.0,0.25194892287254333
905,1,0.48208404676006467,853,0.771875,0.375,0.875,0,820,0,0,-0.0002562807349022478,35.545753479003906,1.5213639736175537,-0.00011721595365088433,0.0,0.2517566382884979
906,1,0.9586917217784503,855,0.101875,0.125,0.125,0,58,0,0,-0.00020026850688736886,410.283935546875,1.4884464740753174,0.0004608001036103815,0.0,0.28048619627952576
907,1,0.5554264688562398,855,0.375,0.125,0.375,0,314,0,0,-0.003788667730987072,17.71133804321289,1.558030128479004,0.0015961983008310199,0.0,0.2416260838508606
908,1,0.7332346471794153,855,0.5075,0.125,0.5,0,570,0,0,-0.007715742569416761,30.76238441467285,1.5582034587860107,0.0032299007289111614,0.0,0.24223482608795166
909,1,0.6953120320331436,855,0.73,0.125,0.5,0,826,0,0,0.001596258021891117,36.342124938964844,1.5303267240524292,0.0017441390082240105,0.0,0.2518726587295532
910,1,0.25056837387091946,856,0.17125,0.0,0.0,0,82,0,0,0.0009141810005530715,25.304851531982422,1.492392897605896,-0.00010953766468446702,0.0,0.2724601924419403
911,1,0.6628506619890686,858,0.2625,0.0,0.125,0,209,0,0,-0.0009503330802544951,387.41815185546875,1.4698095321655273,-0.0005171168595552444,0.0,0.28736576437950134
912,1,0.5733527442353079,862,0.1925,0.0,0.25,0,120,0,0,-0.0013326536864042282,531.1018676757812,1.4631456136703491,0.001157458871603012,0.0,0.29883137345314026
913,1,0.8031855645213,862,0.4725,0.25,0.25,0,376,0,0,-0.00012102971959393471,83.23776245117188,1.428370714187622,0.00011192541569471359,0.0,0.32004880905151367
914,1,0.23555157874397992,862,0.616875,0.25,0.375,0,632,0,0,1.3767741620540619e-05,29.47887420654297,1.4830548763275146,-7.712049409747124e-05,0.0,0.28465592861175537
915,1,0.34312778245021036,862,0.7625,0.25,0.875,0,888,0,0,-0.00020341514027677476,21.875886917114258,1.4798439741134644,2.0131314158788882e-05,0.0,0.2765685021877289
916,1,0.48355622120107,863,0.185,0.0,0.25,0,144,0,0,-0.00020921634859405458,199.0446319580078,1.4770492315292358,-9.419753769179806e-05,0.0,0.28310835361480713
917,1,0.492922812120014,863,0.381875,0.125,0.5,0,400,0,0,-0.0010221514385193586,40.491416931152344,1.5142614841461182,0.00017075629148166627,0.0,0.25645387172698975
918,1,0.20476558517930243,863,0.461875,0.125,0.625,0,656,0,0,-0.0012179830810055137,28.970291137695312,1.5289592742919922,-0.0001231110654771328,0.0,0.2502225339412689
919,1,0.3091037387330289,863,0.624375,0.125,0.625,0,912,0,0,-0.002270566765218973,7.33807373046875,1.4606597423553467,5.8323610574007034e-05,0.0,0.28231048583984375
920,1,0.7515574359586026,864,0.2475,0.0,0.375,0,168,0,0,-0.00020400993525981903,200.07492065429688,1.4096873998641968,-0.0004465027595870197,0.0,0.30132946372032166
921,1,1.0608074727442727,864,0.49,0.25,0.75,0,424,0,0,0.0002444100973661989,98.18696594238281,1.288658618927002,0.00027666412643156946,0.0,0.3497292995452881
922,1,0.4287006735239629,864,0.636875,0.25,0.75,0,680,0,0,-0.0004155642236582935,8.427839279174805,1.4158868789672852,-9.142639100900851e-06,0.0,0.29225611686706543
923,1,0.5184158144948015,864,0.685,0.375,0.75,0,936,0,0,-0.0013627236476168036,29.423425674438477,1.3646583557128906,-0.00032906653359532356,0.0,0.32629427313804626
924,1,0.23956006587559386,868,0.135,0.0,0.25,0,97,0,0,-6.371084600687027e-05,842.5548706054688,1.3634591102600098,-0.00011392807209631428,0.0,0.32042863965034485
925,1,0.7378586752292904,868,0.398125,0.125,0.5,0,353,0,0,-0.0003220935759600252,62.29145431518555,1.420361042022705,0.0004883400979451835,0.0,0.311069130897522
926,1,0.7823209688272073,868,0.609375,0.375,0.75,0,609,0,0,-0.0006301682442426682,59.51497268676758,1.42340087890625,8.668316149851307e-05,0.0,0.30143922567367554
927,1,0.40500315163308187,868,0.711875,0.375,0.875,0,865,0,0,-0.0012862937292084098,7.328741550445557,1.5189845561981201,-0.0003216656332369894,0.0,0.2579720914363861
928,1,1.206542411438022,870,0.180625,0.125,0.5,0,98,0,0,0.0001735687255859375,491.54840087890625,1.4689702987670898,-5.1602721214294434e-05,0.0,0.28194761276245117
929,1,1.03214173831293,870,0.569375,0.375,0.625,0,354,0,0,-0.0001379239110974595,132.0401611328125,1.4984253644943237,-2.2832925878901733e-06,0.0,0.275113046169281
930,1,0.7143842928744562,870,0.6225,0.5,0.75,0,610,0,0,-0.0006414068629965186,53.28672790527344,1.5012259483337402,-0.00040529126999899745,0.0,0.2751474976539612
931,1,0.30916582571740037,870,0.81625,0.5,1.0,0,866,0,0,-0.0007431420381180942,11.553525924682617,1.5148239135742188,-0.0005069270264357328,0.0,0.2745088040828705
932,1,0.7158121207448858,871,0.24625,0.0,0.25,0,122,0,0,-0.0005881538381800056,232.6195526123047,1.4653409719467163,-0.0001209811307489872,0.0,0.30037516355514526
933,1,0.7912466053439857,872,0.269375,0.0,0.375,0,167,0,0,-0.0007855963776819408,306.63946533203125,1.3191959857940674,1.7064934354493744e-06,0.0,0.36159390211105347
934,1,1.2502451039608786,872,0.634375,0.5,0.5,0,423,0,0,-0.0006675987388007343,213.2802276611328,1.4409416913986206,1.6818134099594317e-05,0.0,0.2927733361721039
935,1,0.4243859111056736,872,0.74375,0.5,0.75,0,679,0,0,-0.0006852069636806846,6.165675640106201,1.4619210958480835,-0.00014854781329631805,0.0,0.2884616255760193
936,1,0.46980775353949866,872,0.830625,0.625,0.875,0,935,0,0,-0.0004981762613169849,40.92456817626953,1.4483766555786133,-0.0002531934005673975,0.0,0.293790340423584
937,1,0.015396361543025705,876,0.075625,0.0,0.125,0,38,0,0,-0.0007037725299596786,605.4218139648438,1.4352242946624756,-0.0005119307897984982,0.0,0.31317660212516785
938,1,0.9413496891597788,876,0.4175,0.125,0.625,0,294,0,0,-7.766982162138447e-05,129.80450439453125,1.4650661945343018,-0.0001876719034044072,0.0,0.2874020040035248
939,1,0.6493935191992932,876,0.709375,0.125,0.875,0,550,0,0,-0.0008347127586603165,51.428916931152344,1.5081596374511719,-9.651513391872868e-05,0.0,0.2593262791633606
940,1,0.6399291855766478,876,0.85875,0.375,1.0,0,806,0,0,-8.565373718738556e-05,44.76328659057617,1.470535159111023,9.173977741738781e-05,0.0,0.2896680533885956
941,1,0.5224180426037037,878,0.011875,0.0,0.0,0,4,0,0,-2.8579186164279236e-06,281.8333740234375,1.4584258794784546,-1.5360768884420395e-05,0.0,0.2864866852760315
942,1,0.6883149525565386,878,0.336875,0.0,0.375,0,260,0,0,-0.0007514904136769474,58.13499450683594,1.4950196743011475,-0.0004025106318295002,0.0,0.273926705121994
943,1,0.32802842812873223,878,0.4925,0.0,0.75,0,516,0,0,0.00015127162623684853,25.130516052246094,1.499762773513794,-0.00044055827311240137,0.0,0.26604458689689636
944,1,0.5691276768907301,878,0.580625,0.0,0.75,0,772,0,0,-0.0010317375417798758,19.060157775878906,1.5096254348754883,-0.00012511573731899261,0.0,0.25933438539505005
945,1,0.4771154218146876,879,0.03125,0.0,0.0,0,28,0,0,-0.00020150220370851457,26.722801208496094,1.5174293518066406,-7.484946399927139e-05,0.0,0.2702043950557709
946,1,0.578645908193721,879,0.42625,0.0,0.125,0,284,0,0,-0.0017262417823076248,81.60653686523438,1.4174221754074097,-5.635743491438916e-06,0.0,0.3178045153617859
947,1,0.8452141429497715,880,0.01625,0.0,0.0,0,9,0,0,-0.0013819513842463493,170.857666015625,1.4137837886810303,9.962202602764592e-05,0.0,0.31469643115997314
948,1,1.094659525939278,881,0.361875,0.125,0.5,0,253,0,0,-0.0006961176986806095,289.518798828125,1.4346187114715576,0.0008474127389490604,0.0,0.3123825490474701
949,1,0.48106353905723154,881,0.59125,0.25,0.625,0,509,0,0,-0.00016465163207612932,22.537189483642578,1.519960641860962,-0.00033228262327611446,0.0,0.2580142319202423
950,1,0.31776003568666056,881,0.693125,0.25,0.625,0,765,0,0,-0.0015564471250399947,19.29103660583496,1.4956830739974976,0.000536059495061636,0.0,0.269906222820282
951,1,0.35634835132441367,882,0.0475,0.0,0.0,0,21,0,0,-0.001770536182448268,15.727049827575684,1.5177472829818726,6.3277161643782165e-06,0.0,0.25933125615119934
952,1,0.5216470792765904,884,0.013125,0.0,0.0,0,5,0,0,1.3410424799076281e-05,527.3988037109375,1.5929330587387085,6.942148320376873e-05,0.0,0.23860785365104675
953,1,0.6158248244655624,886,0.3725,0.0,0.125,0,222,0,0,-0.0007821408798918128,543.47509765625,1.5516185760498047,-0.00044223759323358536,0.0,0.25109273195266724
954,1,0.8946356219166773,886,0.68,0.125,0.5,0,478,0,0,-0.00010378006845712662,80.03683471679688,1.5884864330291748,3.552545604179613e-05,0.0,0.23220714926719666
955,1,0.5909137051785365,886,0.811875,0.125,0.625,0,734,0,0,-0.000252862781053409,21.45815086364746,1.5927722454071045,-0.00017100712284445763,0.0,0.2296539843082428
956,1,0.7325764315022241,886,0.886875,0.25,0.75,0,990,0,0,-0.00030920779681764543,47.9787712097168,1.5308568477630615,-9.466025221627206e-05,0.0,0.260507196187973
957,1,0.2910264101183202,889,0.16625,0.0,0.25,0,99,0,0,-0.0001361606118734926,717.4476928710938,1.5012558698654175,0.00016307132318615913,0.0,0.2809462249279022
958,1,0.7878736676620974,890,0.108125,0.0,0.0,0,65,0,0,-0.004167035222053528,267.7015380859375,1.480437994003296,0.0013937675394117832,0.0,0.2872452437877655
959,1,0.7981395948299905,890,0.36125,0.0,0.25,0,321,0,0,0.0007744304602965713,102.58161926269531,1.4999107122421265,-0.0002537569962441921,0.0,0.2729012072086334
960,1,0.7609118748296169,890,0.675,0.125,0.625,0,577,0,0,-0.0007225008448585868,52.15559387207031,1.5467536449432373,0.0012072823010385036,0.0,0.25878503918647766
961,1,0.5814256758549163,890,0.725625,0.375,0.625,0,833,0,0,0.00030471570789813995,48.18670654296875,1.5138195753097534,0.0007111784070730209,0.0,0.2684161067008972
962,1,0.1976353181526065,892,0.0375,0.0,0.0,0,16,0,0,0.00047172605991363525,205.9559326171875,1.5055307149887085,-0.00036297584301792085,0.0,0.2658764123916626
963,1,0.6593182719880133,893,0.3625,0.0,0.125,0,207,0,0,-0.0009142598137259483,298.11004638671875,1.4179620742797852,0.00021757371723651886,0.0,0.31968849897384644
964,1,0.5957005807495079,893,0.55875,0.125,0.625,0,463,0,0,-0.0026643830351531506,41.1451530456543,1.5401170253753662,0.0014523317804560065,0.0,0.24579505622386932
965,1,0.8252449464598612,893,0.604375,0.375,0.875,0,719,0,0,-0.0011995522072538733,80.40227508544922,1.5206620693206787,-0.0005196252604946494,0.0,0.25809094309806824
966,1,0.5788069823593105,893,0.67375,0.5,0.875,0,975,0,0,-0.0005201166495680809,36.668907165527344,1.4796478748321533,0.0003774635843001306,0.0,0.27125799655914307
967,1,0.8928352203511167,896,0.086875,0.0,0.0,0,55,0,0,-0.0006235329201444983,772.0360717773438,1.6079883575439453,7.285084575414658e-05,0.0,0.2325781285762787
968,1,1.1537102418678842,896,0.39,0.125,0.5,0,311,0,0,-0.0008204951882362366,246.32733154296875,1.4540126323699951,-1.7288297385675833e-05,0.0,0.30272042751312256
969,1,0.7565643059206195,896,0.635,0.375,0.5,0,567,0,0,-8.004407573025674e-05,64.35968780517578,1.5237483978271484,-0.00043372903019189835,0.0,0.25252565741539
970,1,0.4816729266931361,896,0.7225,0.5,0.5,0,823,0,0,-0.00014073215425014496,41.83403015136719,1.5237306356430054,0.00014327032840810716,0.0,0.2495403289794922
971,1,0.15729166262826766,897,0.16125,0.0,0.0,0,79,0,0,-0.00014501003897748888,47.98920440673828,1.5111764669418335,-0.00012392783537507057,0.0,0.2665092349052429
972,1,0.4697504168470914,898,0.266875,0.0,0.125,0,208,0,0,-0.00023777845490258187,454.2931213378906,1.575861930847168,-0.00022469802934210747,0.0,0.23879489302635193
973,1,1.2359096484069596,899,0.3775,0.25,0.625,0,223,0,0,-2.0695229977718554e-05,419.7402038574219,1.4941133260726929,0.0001657999528106302,0.0,0.28231513500213623
974,1,0.6275504921504762,899,0.586875,0.5,0.75,0,479,0,0,-0.0013118473580107093,52.54230880737305,1.5534589290618896,0.0007520414656028152,0.0,0.24394971132278442
975,1,0.5453425788741697,899,0.840625,0.5,0.75,0,735,0,0,-0.0019687272142618895,8.375886917114258,1.5746281147003174,-0.00030652666464447975,0.0,0.24331769347190857
976,1,0.4245522866694955,899,0.886875,0.5,0.875,0,991,0,0,-0.0014521380653604865,7.601239204406738,1.5499248504638672,0.0003286769497208297,0.0,0.2542300224304199
977,1,0.43139704368513776,904,0.2175,0.0,0.125,0,155,0,0,0.0003897380083799362,765.9014892578125,1.502335548400879,0.00034412401146255434,0.0,0.2695397734642029
978,1,0.7206609959603156,904,0.48625,0.25,0.625,0,411,0,0,-0.0004999613156542182,56.48912048339844,1.5728824138641357,-0.0001122445537475869,0.0,0.2429998517036438
979,1,0.5387001266353764,904,0.675625,0.25,0.625,0,667,0,0,-0.0015078156720846891,14.995157241821289,1.5661778450012207,-0.0008022771216928959,0.0,0.24502670764923096
980,1,0.3352961208020133,904,0.735625,0.25,0.75,0,923,0,0,-0.00043452749378047884,29.72043800354004,1.5776088237762451,-0.00036687636747956276,0.0,0.24273762106895447
981,1,0.5105428209426464,906,0.04375,0.0,0.0,0,20,0,0,2.9083963454468176e-05,204.06448364257812,1.5328220129013062,-0.00018660150817595422,0.0,0.25663408637046814
982,1,0.9778846029075794,906,0.36375,0.25,0.25,0,276,0,0,-0.0004446165112312883,155.53289794921875,1.5496890544891357,0.00037151435390114784,0.0,0.2527751326560974
983,1,0.40887176185060525,906,0.451875,0.25,0.375,0,532,0,0,-0.0012169235851615667,27.38298797607422,1.4917025566101074,-7.465668022632599e-05,0.0,0.27783462405204773
984,1,0.2795748944427032,906,0.56375,0.25,0.375,0,788,0,0,-0.000688758387695998,19.9793643951416,1.5401986837387085,0.0002934490330517292,0.0,0.25520622730255127
985,1,0.7285375299713905,907,0.085,0.0,0.25,0,44,0,0,-0.0009502774919383228,225.1012420654297,1.5273035764694214,-0.0004918333142995834,0.0,0.27192580699920654
986,1,0.9855444546874423,907,0.370625,0.125,0.75,0,300,0,0,-0.00018446272588334978,173.47894287109375,1.5896730422973633,0.00033495062962174416,0.0,0.23512177169322968
987,1,1.0165848067090337,907,0.64125,0.25,0.75,0,556,0,0,0.00016294668603222817,109.82427215576172,1.5968389511108398,-3.801069033215754e-05,0.0,0.23115752637386322
988,1,1.0398184016594314,907,0.80375,0.25,0.875,0,812,0,0,-7.748666394036263e-05,123.71441650390625,1.5950655937194824,-5.699213215848431e-05,0.0,0.23739349842071533
989,1,0.4650999229579611,909,0.09375,0.0,0.0,0,48,0,0,-9.113363921642303e-05,301.568115234375,1.5622161626815796,6.466777995228767e-05,0.0,0.2529502511024475
990,1,1.0288121870571558,910,0.286875,0.0,0.125,0,240,0,0,-0.00035942098475061357,208.0389404296875,1.5489535331726074,-0.000404254999011755,0.0,0.25926440954208374
991,1,0.5694244688356775,910,0.441875,0.0,0.25,0,496,0,0,-0.008185933344066143,40.079769134521484,1.624245524406433,0.0018922360613942146,0.0,0.2272445559501648
992,1,0.5326634080617296,910,0.5425,0.0,0.25,0,752,0,0,-0.008701706305146217,46.46306610107422,1.6022876501083374,0.009172430261969566,0.0,0.2351360321044922
993,1,0.9009909184314893,911,0.011875,0.0,0.0,0,8,0,0,-0.0006630811840295792,211.23570251464844,1.5931670665740967,-0.0021290809381753206,0.0,0.2414545714855194
994,1,0.992002582308487,914,0.09,0.0,0.125,0,46,0,0,-0.00027011893689632416,1065.9295654296875,1.5594600439071655,0.001332395477220416,0.0,0.2429320514202118
995,1,0.10323422901819868,915,0.1375,0.0,0.125,0,121,0,0,-0.0018650864949449897,424.62261962890625,1.5533084869384766,-0.0005863773403689265,0.0,0.24416223168373108
996,1,0.13845751463304623,915,0.543125,0.0,0.75,0,377,0,0,0.0012137595331296325,62.45146942138672,1.6014189720153809,-0.00011201187589904293,0.0,0.23416940867900848
997,1,-0.2642458028640249,919,0.14375,0.0,0.125,0,99,0,0,-0.00043254904448986053,1003.1214599609375,1.5553021430969238,-0.0002943701110780239,0.0,0.236313134431839
998,1,0.42896942363950075,920,0.065,0.0,0.0,0,56,0,0,-0.0005171174998395145,286.40509033203125,1.4870657920837402,0.0002194394764956087,0.0,0.27127739787101746
999,1,0.6222611702733047,923,0.144375,0.0,0.125,0,80,0,0,-0.0006254948675632477,524.62744140625,1.4915962219238281,-4.332357639214024e-05,0.0,0.2784774899482727
1000,1,0.23973696602115524,923,0.443125,0.0,0.25,0,336,0,0,-0.0005436201463453472,76.84322357177734,1.506906270980835,0.00024330259475391358,0.0,0.28216633200645447
1001,1,0.1509816768902965,923,0.645,0.0,0.375,0,592,0,0,-0.0018000960117205977,49.691898345947266,1.5957965850830078,-0.0003100826288573444,0.0,0.23243491351604462
1002,1,0.5756255060865669,923,0.813125,0.0,0.875,0,848,0,0,-0.0002477771486155689,99.14384460449219,1.6158578395843506,-0.00020403540111146867,0.0,0.23033098876476288
1003,1,1.0844143600206735,924,0.160625,0.0,0.0,0,104,0,0,0.00042477872921153903,171.48072814941406,1.6004846096038818,-0.00010661082342267036,0.0,0.23668178915977478
1004,1,0.5798192079801083,925,0.375,0.0,0.25,0,229,0,0,-0.0012044745963066816,295.2484130859375,1.5290197134017944,6.611831486225128e-05,0.0,0.2579249143600464
1005,1,-0.06943377177594812,925,0.424375,0.0,0.25,0,485,0,0,-0.0023485838901251554,106.81227111816406,1.622532606124878,-0.0001652771607041359,0.0,0.2228056639432907
1006,1,0.34286402795169124,926,0.26875,0.0,0.5,0,152,0,0,-0.0005495324730873108,471.73345947265625,1.6264698505401611,0.0010136602213606238,0.0,0.22401857376098633
1007,1,0.5507959364713315,930,0.05125,0.0,0.125,0,35,0,0,2.125278115272522e-05,854.893798828125,1.519993782043457,0.0007273986702784896,0.0,0.2522558867931366
1008,1,0.25591600821735483,930,0.334375,0.0,0.5,0,291,0,0,-0.00022900539624970406,53.54903793334961,1.5303643941879272,1.564156264066696e-05,0.0,0.2592109143733978
1009,1,0.33162018475650257,930,0.621875,0.0,0.875,0,547,0,0,-0.001332143321633339,28.583324432373047,1.5922068357467651,-9.357556700706482e-05,0.0,0.23969583213329315
1010,1,-0.037276127717632335,930,0.65125,0.0,0.875,0,803,0,0,-0.00135093554854393,86.24058532714844,1.6173746585845947,4.767269638250582e-05,0.0,0.23937706649303436
1011,1,-0.08062437992521154,933,0.018125,0.0,0.0,0,9,0,0,-0.0004174007917754352,534.6314697265625,1.6073354482650757,-0.0003978465683758259,0.0,0.23289994895458221
1012,1,0.7522251952128727,933,0.439375,0.0,0.5,0,265,0,0,-0.0015837060054764152,122.85433959960938,1.5904784202575684,-0.0009304415434598923,0.0,0.2444300502538681
1013,1,0.04942226536513772,933,0.621875,0.0,0.5,0,521,0,0,-0.0029645576141774654,75.00286865234375,1.6416804790496826,-0.00038959644734859467,0.0,0.22275185585021973
1014,1,0.004072820923283871,933,0.676875,0.0,0.75,0,777,0,0,-0.0010922262445092201,71.86437225341797,1.6187623739242554,0.0008176811970770359,0.0,0.2252490520477295
1015,1,0.3554958579943559,934,0.0425,0.0,0.125,0,33,0,0,0.0004068606940563768,103.69261932373047,1.6212215423583984,3.6801833630306646e-05,0.0,0.22916364669799805
1016,1,0.5712701229458617,935,0.133125,0.0,0.125,0,65,0,0,-0.001534010050818324,218.87060546875,1.5806138515472412,-7.239326077979058e-05,0.0,0.24693474173545837
1017,1,0.8233247662210488,937,0.315,0.0,0.375,0,166,0,0,-0.00418810686096549,396.35040283203125,1.4010213613510132,-8.805764082353562e-05,0.0,0.3179217278957367
1018,1,0.4161667833868705,937,0.51625,0.0,0.75,0,422,0,0,-0.004160115495324135,30.485904693603516,1.566709280014038,0.003658856265246868,0.0,0.2397562712430954
1019,1,0.4166318062012806,937,0.695625,0.0,0.75,0,678,0,0,-0.003625915851444006,21.092554092407227,1.5585492849349976,0.000216406537219882,0.0,0.2464335560798645
1020,1,0.5461377207984697,937,0.781875,0.125,1.0,0,934,0,0,-0.001386813586577773,72.47720336914062,1.554084062576294,0.0017265563365072012,0.0,0.24441620707511902
1021,1,1.1239835681553814,938,0.3,0.125,0.25,0,190,0,0,-0.001857975497841835,262.79705810546875,1.38675057888031,0.0012302775867283344,0.0,0.3196834325790405
1022,1,0.8125450775751233,938,0.4775,0.375,0.625,0,446,0,0,-0.00040523585630580783,75.84127807617188,1.5547847747802734,1.9759716451517306e-05,0.0,0.24779312312602997
1023,1,0.7308151720935712,938,0.69,0.375,0.875,0,702,0,0,-0.0010685654124245048,36.76206970214844,1.5286667346954346,0.0008653045515529811,0.0,0.25199568271636963
1024,1,0.5866658570121217,938,0.755625,0.375,0.875,0,958,0,0,9.884437167784199e-05,12.769283294677734,1.5069665908813477,-0.00037778931437060237,0.0,0.2671676278114319
1025,1,1.0721689359816082,942,0.20375,0.0,0.125,0,115,0,0,-0.0010403867345303297,614.5517578125,1.4087791442871094,-0.00015280302613973618,0.0,0.3224223852157593
1026,1,0.8210871106357445,942,0.495625,0.0,0.375,0,371,0,0,-0.0009124515345320106,32.10699462890625,1.4462685585021973,-0.0007611786713823676,0.0,0.3040432035923004
1027,1,0.5317845252620828,942,0.56,0.125,0.5,0,627,0,0,-0.0003228209388907999,40.44445037841797,1.5070674419403076,1.8621794879436493e-05,0.0,0.26699063181877136
1028,1,0.5774505529861926,942,0.755,0.125,0.5,0,883,0,0,-0.00045473439968191087,17.35930633544922,1.4764034748077393,0.0001135625279857777,0.0,0.27598947286605835
1029,1,0.9582709489059198,943,0.2475,0.0,0.5,0,139,0,0,-0.00023143956786952913,216.81068420410156,1.368513584136963,2.653322553669568e-05,0.0,0.33097726106643677
1030,1,1.1541839709607302,943,0.530625,0.5,0.625,0,395,0,0,-0.0002723348734434694,264.093505859375,1.4669008255004883,-1.1546227142389398e-05,0.0,0.29256948828697205
1031,1,0.6098509212588397,943,0.618125,0.625,0.75,0,651,0,0,-0.0007697769324295223,26.428401947021484,1.4442639350891113,0.0003916129353456199,0.0,0.29700762033462524
1032,1,0.195022785775393,943,0.630625,0.625,0.75,0,907,0,0,0.00041671781218610704,33.687808990478516,1.4375269412994385,-0.00037221270031295717,0.0,0.3046565055847168
1033,1,0.9433904186098516,944,0.295,0.0,0.375,0,163,0,0,-0.00034617012715898454,107.21514892578125,1.5188992023468018,0.0003023057652171701,0.0,0.2693638503551483
1034,1,0.9282054336727015,945,0.259375,0.125,0.25,0,140,0,0,-0.0003690614248625934,529.7889404296875,1.4651453495025635,-0.00011140527203679085,0.0,0.29107022285461426
1035,1,0.6887914428079966,945,0.545,0.25,0.5,0,396,0,0,-0.0004959156503900886,36.78984069824219,1.5130447149276733,0.00012474413961172104,0.0,0.2576899528503418
1036,1,0.5679467565278173,945,0.706875,0.25,0.75,0,652,0,0,-0.0008013093611225486,22.160348892211914,1.542253017425537,0.00043695559725165367,0.0,0.25253957509994507
1037,1,0.5290852251055185,945,0.749375,0.25,0.875,0,908,0,0,-0.00018676184117794037,26.226551055908203,1.5311435461044312,0.00022979857749305665,0.0,0.26925337314605713
1038,1,0.8940553333923162,947,0.259375,0.0,0.375,0,133,0,0,0.00012867215264122933,379.51690673828125,1.448236346244812,-3.827735781669617e-06,0.0,0.2999832332134247
1039,1,0.8687121828952513,947,0.638125,0.25,0.5,0,389,0,0,-0.00010587492579361424,77.46955108642578,1.4428279399871826,0.0003777068923227489,0.0,0.289366751909256
1040,1,0.837176775901753,947,0.759375,0.5,0.5,0,645,0,0,-0.0004324962792452425,96.1683349609375,1.4243755340576172,-8.898663509171456e-05,0.0,0.31191280484199524
1041,1,0.7406324734165537,947,0.800625,0.625,0.625,0,901,0,0,-0.00013885647058486938,44.623741149902344,1.4326404333114624,-0.0001832611596910283,0.0,0.3063744306564331
1042,1,0.7334843371809256,948,0.314375,0.0,0.5,0,157,0,0,-0.00042420317186042666,211.51699829101562,1.4055805206298828,-4.18832860304974e-05,0.0,0.3123602271080017
1043,1,0.9148698785829765,948,0.41375,0.5,0.5,0,413,0,0,-0.00015495842671953142,113.48701477050781,1.3775533437728882,5.546220199903473e-05,0.0,0.3287552297115326
1044,1,0.5039772434774932,948,0.544375,0.5,0.5,0,669,0,0,-0.0010475916787981987,10.39976978302002,1.3907312154769897,1.2935915947309695e-05,0.0,0.3250557780265808
1045,1,0.5033352612226736,948,0.670625,0.625,0.5,0,925,0,0,-0.00029985327273607254,35.050804138183594,1.4258865118026733,7.450379052897915e-05,0.0,0.2947659194469452
1046,1,0.7019337507463206,950,0.180625,0.125,0.125,0,130,0,0,-0.0005315424641594291,454.698486328125,1.4144246578216553,0.00031077786115929484,0.0,0.3143138587474823
1047,1,0.6294037525185558,952,0.035625,0.0,0.0,0,18,0,0,-9.419023990631104e-05,403.8155212402344,1.4689655303955078,0.0001487777044530958,0.0,0.28420913219451904
1048,1,1.0503239910576667,952,0.43625,0.125,0.375,0,274,0,0,-0.00019921362400054932,180.12936401367188,1.3312592506408691,-9.641113865654916e-05,0.0,0.3355898857116699
1049,1,0.9210204244664055,952,0.645625,0.375,0.5,0,530,0,0,-0.00020808292902074754,176.41673278808594,1.3734411001205444,1.2431293725967407e-05,0.0,0.33024242520332336
1050,1,0.2830081635775059,952,0.709375,0.375,0.625,0,786,0,0,-0.00033008743776008487,26.720165252685547,1.4783786535263062,7.487771654268727e-05,0.0,0.2750265300273895
1051,1,0.7487167396211589,954,0.020625,0.0,0.125,0,10,0,0,-0.00039105614996515214,201.889404296875,1.4059765338897705,-9.449556091567501e-05,0.0,0.30706676840782166
1052,1,0.9996020603623492,955,0.344375,0.125,0.375,0,238,0,0,-0.0003883208555635065,368.0712890625,1.311141014099121,0.0003934027627110481,0.0,0.33264559507369995
1053,1,0.8834152252959484,955,0.550625,0.375,0.625,0,494,0,0,-0.00023911273456178606,97.63542175292969,1.4955852031707764,5.4786605687695555e-06,0.0,0.27152109146118164
1054,1,0.8023454552012481,955,0.765,0.5,0.75,0,750,0,0,-8.197625720640644e-05,46.78273010253906,1.514702558517456,1.4559831470251083e-05,0.0,0.2632210850715637
1055,1,0.2958777514650137,956,0.011875,0.0,0.0,0,6,0,0,-0.0003639475326053798,30.213218688964844,1.48476243019104,0.00028959166957065463,0.0,0.26881715655326843
1056,1,0.7917002757112641,957,0.31875,0.0,0.25,0,255,0,0,-0.00185283157043159,176.697021484375,1.5281922817230225,0.00038640759885311127,0.0,0.2607037425041199
1057,1,0.46725814830642776,957,0.499375,0.125,0.5,0,511,0,0,-0.0014063611160963774,30.008352279663086,1.511120319366455,0.000755766115617007,0.0,0.2684857249259949
1058,1,0.7470096503066088,957,0.7,0.125,0.625,0,767,0,0,-0.000901708088349551,69.66117858886719,1.5440254211425781,0.0006304592825472355,0.0,0.2594064474105835
1059,1,0.21218880039668875,959,0.008125,0.0,0.0,0,2,0,0,-0.0008632044191472232,253.95291137695312,1.5244420766830444,0.0002553959784563631,0.0,0.26797789335250854
1060,1,1.1290502159827156,959,0.4425,0.125,0.625,0,258,0,0,-0.0011330986162647605,267.41656494140625,1.2859388589859009,-0.0005528269102796912,0.0,0.36887556314468384
1061,1,0.6059211348838289,959,0.578125,0.25,0.75,0,514,0,0,-0.001157435355708003,51.907470703125,1.4481608867645264,-0.00020244857296347618,0.0,0.29554396867752075
1062,1,0.6363318988333049,959,0.723125,0.5,0.75,0,770,0,0,-0.001211734488606453,65.60911560058594,1.4283689260482788,0.0016007462982088327,0.0,0.29717594385147095
1063,1,0.4316666380791503,960,0.0525,0.0,0.0,0,26,0,0,-0.000801223679445684,72.09271240234375,1.4086297750473022,-3.621634095907211e-05,0.0,0.31418943405151367
1064,1,0.8185498495913635,960,0.3675,0.0,0.375,0,282,0,0,-0.0016694162040948868,53.69117736816406,1.401244878768921,0.0010416184086352587,0.0,0.3089042007923126
1065,1,0.8749072053760756,960,0.614375,0.25,0.75,0,538,0,0,-0.0005915723741054535,133.88986206054688,1.5211760997772217,0.0003521860053297132,0.0,0.2696217894554138
1066,1,0.8087157711233885,960,0.67625,0.25,0.75,0,794,0,0,-0.0016527604311704636,108.99594116210938,1.4872519969940186,0.0005467189475893974,0.0,0.28507640957832336
1067,1,0.6270277073199395,962,0.091875,0.0,0.125,0,41,0,0,-0.0017620790749788284,244.0855255126953,1.451674461364746,0.0014340601628646255,0.0,0.2982352375984192
1068,1,0.3214115191331075,963,0.193125,0.0,0.0,0,165,0,0,6.301328539848328e-05,228.89382934570312,1.289858341217041,0.0004655608790926635,0.0,0.37551841139793396
1069,1,0.7226297648303444,963,0.45875,0.0,0.25,0,421,0,0,-0.00043563515646383166,94.2751235961914,1.1931633949279785,-0.00025398581055924296,0.0,0.42075854539871216
1070,1,0.7863426589519804,963,0.586875,0.125,0.375,0,677,0,0,-0.0013057515025138855,39.92686462402344,1.4215011596679688,0.00043574179289862514,0.0,0.30147191882133484
1071,1,0.6086212843747489,963,0.80375,0.125,0.875,0,933,0,0,-0.000981337740086019,34.48271942138672,1.4883418083190918,-0.0001601742987986654,0.0,0.2672047019004822
1072,1,0.18289693902988802,965,0.119375,0.0,0.0,0,134,0,0,-7.415997970383614e-05,323.9156188964844,1.362715482711792,-0.00016932919970713556,0.0,0.3508473336696625
1073,1,0.4837879011041082,965,0.4775,0.0,0.25,0,390,0,0,-0.0007837507873773575,68.11338806152344,1.509486436843872,3.085890784859657e-05,0.0,0.2621668875217438
1074,1,0.37313390794770385,965,0.610625,0.125,0.625,0,646,0,0,-0.0015691823791712523,57.416072845458984,1.5385546684265137,0.00020401521760504693,0.0,0.25304925441741943
1075,1,0.16527854200376169,965,0.656875,0.125,0.75,0,902,0,0,-0.0009690889855846763,39.519195556640625,1.5339879989624023,0.001188330352306366,0.0,0.2559303939342499
1076,1,0.7705020131106721,966,0.28375,0.0,0.25,0,158,0,0,-0.0003204283711966127,252.8732147216797,1.3244743347167969,0.00023855983454268426,0.0,0.3509475588798523
1077,1,1.0008415684678766,966,0.448125,0.125,0.375,0,414,0,0,-0.00022077313042245805,94.85740661621094,1.5101341009140015,5.691746991942637e-05,0.0,0.26410818099975586
1078,1,0.7156646921812353,966,0.618125,0.125,0.75,0,670,0,0,5.344643068383448e-05,34.242183685302734,1.5434505939483643,-0.0002842429094016552,0.0,0.25331029295921326
1079,1,0.42024214486446,966,0.778125,0.125,0.75,0,926,0,0,-0.0005965428426861763,39.36991882324219,1.5329540967941284,0.0003837187250610441,0.0,0.2534029483795166
1080,1,0.875745302742871,967,0.27,0.0,0.375,0,182,0,0,-0.0011464990675449371,137.161376953125,1.528354525566101,0.0004417278687469661,0.0,0.25643712282180786
1081,1,0.7102798380874447,967,0.37375,0.125,0.5,0,438,0,0,-0.0003210815484635532,124.32955932617188,1.573085069656372,0.00020521911210380495,0.0,0.24405324459075928
1082,1,0.07265517409541644,967,0.431875,0.125,0.5,0,694,0,0,-0.0009844321757555008,68.70223999023438,1.5994646549224854,0.0005156811093911529,0.0,0.23468534648418427
1083,1,0.767013998274706,967,0.726875,0.125,0.75,0,950,0,0,-0.0001772331743268296,103.99111938476562,1.5358103513717651,0.00022322700533550233,0.0,0.2483278214931488
1084,1,1.7920432029737867,968,0.26125,0.125,0.5,0,206,0,0,8.520856499671936e-05,551.2891845703125,1.4594982862472534,-6.441834557335824e-05,0.0,0.2899440824985504
1085,1,1.516142589654919,968,0.49875,0.5,0.75,0,462,0,0,-5.41334375157021e-05,292.91363525390625,1.5071529150009155,-2.649768021001364e-06,0.0,0.27053600549697876
1086,1,1.067469280145815,968,0.608125,0.5,1.0,0,718,0,0,-0.00019017669546883553,170.75523376464844,1.5423285961151123,9.540592873236164e-05,0.0,0.2542721629142761
1087,1,0.5973609671927989,968,0.735,0.5,1.0,0,974,0,0,-0.00010635983198881149,69.42034912109375,1.5604617595672607,-0.00014384339738171548,0.0,0.24414072930812836
1088,1,1.2134332615059975,969,0.21625,0.125,0.25,0,230,0,0,-0.0001521290687378496,198.41131591796875,1.4559859037399292,-0.00011230912059545517,0.0,0.30207905173301697
1089,1,0.9477811528933557,969,0.281875,0.25,0.25,0,486,0,0,-0.00045849476009607315,109.51590728759766,1.5194296836853027,0.0001283388992305845,0.0,0.26620998978614807
1090,1,0.5005110033853271,969,0.303125,0.25,0.25,0,742,0,0,-0.004918570630252361,23.276817321777344,1.5301421880722046,0.0009636741015128791,0.0,0.25577518343925476
1091,1,0.19600574924561442,969,0.536875,0.25,0.375,0,998,0,0,0.00299622374586761,35.57281494140625,1.5308094024658203,0.0012596960877999663,0.0,0.2549036741256714
1092,1,0.050966119597433135,974,0.2275,0.125,0.125,0,144,0,0,-0.000282251596217975,880.1281127929688,1.4238920211791992,-0.00021416244271676987,0.0,0.31887659430503845
1093,1,1.113310733671824,974,0.548125,0.25,0.625,0,400,0,0,0.00045892875641584396,177.8683624267578,1.3030765056610107,-4.083228759554913e-06,0.0,0.3384256362915039
1094,1,0.6303258908130829,974,0.696875,0.5,0.75,0,656,0,0,-0.0004230998456478119,70.36661529541016,1.5104764699935913,0.00010063701483886689,0.0,0.2645888328552246
1095,1,0.5479958385531063,974,0.72,0.5,0.875,0,912,0,0,0.00039739254862070084,42.154579162597656,1.511090636253357,2.474989742040634e-06,0.0,0.26362356543540955
1096,1,0.494840367406141,975,0.29625,0.125,0.25,0,168,0,0,-0.0013281970750540495,98.28453826904297,1.372283697128296,0.0005503143183887005,0.0,0.35237884521484375
1097,1,0.5618950831949405,976,0.265625,0.0,0.125,0,248,0,0,-0.002576672239229083,185.96070861816406,1.4178094863891602,0.000356835633283481,0.0,0.311717689037323
1098,1,1.8040977658984048,976,0.585625,0.0,0.375,0,504,0,0,-0.0025359666906297207,532.1616821289062,1.571036696434021,-0.00096848577959463,0.0,0.23697805404663086
1099,1,1.8485268853258958,976,0.645,0.0,0.5,0,760,0,0,-0.0009569634567014873,578.786376953125,1.566514015197754,8.974860975285992e-05,0.0,0.23710906505584717
1100,1,1.0257463400325832,977,0.04,0.0,0.0,0,16,0,0,-0.0002235857245977968,150.43653869628906,1.5506213903427124,0.00012690822768490762,0.0,0.2530425190925598
1101,1,0.66357657872868,978,0.38375,0.0,0.5,0,219,0,0,-0.004152384586632252,189.07846069335938,1.3993902206420898,9.500328451395035e-05,0.0,0.3234052360057831
1102,1,0.32685317374671286,978,0.551875,0.125,0.625,0,475,0,0,0.0001423526555299759,50.88472366333008,1.5620887279510498,0.000552294310182333,0.0,0.23897068202495575
1103,1,0.6220430856146777,978,0.586875,0.375,0.625,0,731,0,0,-0.016637733206152916,33.728424072265625,1.4515541791915894,0.005254380404949188,0.014322916977107525,0.27486664056777954
1104,1,0.5655602424467361,978,0.594375,0.375,0.625,0,987,0,0,0.018882226198911667,29.233848571777344,1.4655091762542725,0.006916879676282406,0.16796875,0.26888906955718994
1105,1,0.4447793575700416,979,0.251875,0.0,0.125,0,243,0,0,0.00034165693796239793,228.0433349609375,1.5048340559005737,0.001979523804038763,0.0,0.2727171778678894
1106,1,-0.15565143937692483,979,0.3275,0.0,0.125,0,499,0,0,-0.001530379056930542,137.41195678710938,1.5756458044052124,0.00014431883755605668,0.0,0.24216434359550476
1107,1,0.11238137912550883,979,0.5675,0.0,0.5,0,755,0,0,2.039938044617884e-05,62.462364196777344,1.518198013305664,0.0009097132715396583,0.0,0.2639295756816864
1108,1,-0.06429776706681878,980,0.026875,0.0,0.0,0,11,0,0,0.00023665341723244637,165.25198364257812,1.5228023529052734,6.591901183128357e-06,0.0,0.2569722533226013
1109,1,0.5345358538010032,980,0.318125,0.0,0.125,0,267,0,0,-0.0010704969754442573,72.10186767578125,1.3996820449829102,0.0012420996790751815,0.0,0.30331510305404663
1110,1,0.023823137365980074,980,0.386875,0.0,0.125,0,523,0,0,-0.0008352721924893558,81.00138092041016,1.4761717319488525,0.001259333686903119,0.0,0.27373605966567993
1111,1,-0.004144925780565245,980,0.393125,0.0,0.125,0,779,0,0,-0.0006141886115074158,75.65885925292969,1.5251797437667847,0.0001285377366002649,0.0,0.26175886392593384
1112,1,0.06505511845170986,981,0.04875,0.0,0.0,0,35,0,0,-0.00025125284446403384,64.92327880859375,1.4751818180084229,-0.00014071943587623537,0.0,0.2843816876411438
1113,1,0.2729665065999143,984,0.073125,0.0,0.0,0,41,0,0,-0.0005941087147220969,582.5814208984375,1.2972264289855957,0.00034041874459944665,0.0,0.345315545797348
1114,1,0.5831906632010941,985,0.31375,0.125,0.5,0,243,0,0,-0.0015236599138006568,367.20025634765625,1.4609432220458984,-0.00032380380434915423,0.0,0.28814637660980225
1115,1,-0.002711962801640766,985,0.373125,0.125,0.5,0,499,0,0,-0.0022536045871675014,76.001220703125,1.5296258926391602,0.0010102491360157728,0.0,0.261638343334198
1116,1,-0.02931319220988371,985,0.383125,0.125,0.5,0,755,0,0,-0.0012569741811603308,67.5872802734375,1.5445713996887207,0.0005653402768075466,0.0,0.2581537663936615
1117,1,0.012964679437573068,986,0.024375,0.0,0.0,0,11,0,0,-0.0007503346423618495,12.158873558044434,1.4834036827087402,0.00027924543246626854,0.0,0.2822635769844055
1118,1,0.4345397359393246,986,0.271875,0.0,0.125,0,267,0,0,-0.0035499725490808487,49.67559814453125,1.365452527999878,0.0011735723819583654,0.0,0.33003923296928406
1119,1,0.18209009777274332,986,0.326875,0.0,0.125,0,523,0,0,-0.002307930961251259,35.100345611572266,1.4517062902450562,0.0024995007552206516,0.0,0.28607091307640076
1120,1,0.1479363739672408,986,0.344375,0.0,0.125,0,779,0,0,-0.001139965606853366,14.494152069091797,1.4825634956359863,-0.0007103485986590385,0.0,0.2818681597709656
1121,1,0.4004719197059785,987,0.0425,0.0,0.0,0,35,0,0,-0.001900872914120555,40.68245315551758,1.4433053731918335,-0.0006621092325076461,0.0,0.30272239446640015
1122,1,0.31504152503794103,987,0.224375,0.0,0.125,0,291,0,0,-0.000984853133559227,85.57255554199219,1.45481276512146,0.0011989886406809092,0.0,0.29838645458221436
1123,1,0.08949410013883607,987,0.254375,0.0,0.125,0,547,0,0,-0.0013021057238802314,39.36134719848633,1.5287995338439941,-0.0014970338670536876,0.0,0.25971555709838867
1124,1,0.2978554060076135,987,0.255625,0.0,0.125,0,803,0,0,-0.00241722259670496,77.30010223388672,1.5230016708374023,0.0005987820914015174,0.0,0.267035573720932
1125,1,0.5266865896014679,988,0.101875,0.0,0.0,0,59,0,0,0.00011314948642393574,129.74545288085938,1.4417853355407715,-0.00011305946100037545,0.0,0.30721408128738403
1126,1,0.547596357006114,988,0.2575,0.125,0.125,0,315,0,0,-0.0004884842783212662,59.58100891113281,1.4215335845947266,-0.0002445508725941181,0.0,0.31221362948417664
1127,1,0.15822185339857242,988,0.265625,0.125,0.125,0,571,0,0,-0.0007225651061162353,33.12413024902344,1.504256010055542,3.719904270838015e-05,0.0,0.2633545994758606
1128,1,0.2121350636691659,988,0.26875,0.125,0.125,0,827,0,0,-0.001041727839037776,10.936042785644531,1.496721625328064,-0.00010741502046585083,0.0,0.27315524220466614
1129,1,0.8222918171159108,989,0.06,0.0,0.0,0,83,0,0,-0.00013204074639361352,153.0294189453125,1.4295423030853271,-5.629860606859438e-05,0.0,0.3078095614910126
1130,1,0.7249114281330549,990,0.3475,0.0,0.0,0,240,0,0,-0.0005591884255409241,265.9343566894531,1.2095798254013062,-1.1106177225883584e-05,0.0,0.3907468318939209
1131,1,0.4234338437381666,992,0.1925,0.0,0.125,0,192,0,0,-0.00041576725197955966,493.4534606933594,1.3138712644577026,0.0007133075851015747,0.0,0.34937459230422974
1132,1,0.08451511537668921,992,0.210625,0.0,0.125,0,448,0,0,-9.776279330253601e-05,24.917633056640625,1.5115379095077515,-0.00016878778114914894,0.0,0.2603406608104706
1133,1,0.10620482130616438,992,0.210625,0.0,0.125,0,704,0,0,-0.0011129429331049323,10.34423828125,1.5053942203521729,-0.0001390498800901696,0.0,0.26715943217277527
1134,1,0.10096000011132844,992,0.210625,0.0,0.125,0,960,0,0,-0.008466803468763828,3.188620090484619,1.4801673889160156,0.0012068056967109442,0.0,0.2837311625480652
1135,1,0.896171072647121,993,0.208125,0.125,0.125,0,216,0,0,-0.0036846958100795746,139.77923583984375,1.3550385236740112,0.0012951346579939127,0.0026041667442768812,0.3362049460411072
1136,1,0.3358664000825229,993,0.24375,0.125,0.125,0,472,0,0,-0.005626891739666462,21.670547485351562,1.4376147985458374,0.003560597775503993,0.0,0.2877699136734009
1137,1,0.3161910276794515,993,0.3425,0.125,0.125,0,728,0,0,-0.006837937515228987,12.209768295288086,1.4222400188446045,0.004980749450623989,0.0,0.28349676728248596
1138,1,0.35978427472036856,993,0.386875,0.125,0.25,0,984,0,0,0.00012058641004841775,12.214424133300781,1.419457197189331,0.0011644464684650302,0.0,0.29546138644218445
1139,1,0.9213521795609267,994,0.15,0.125,0.125,0,240,0,0,0.0005116394604556262,113.61767578125,1.3284521102905273,-0.0006032517994754016,0.0,0.36683768033981323
1140,1,0.6450446255630595,994,0.285625,0.125,0.25,0,496,0,0,-0.0002888192830141634,18.114303588867188,1.4371384382247925,0.0003512882103677839,0.0,0.2850962281227112
1141,1,0.44927480998740066,995,0.0325,0.0,0.0,0,69,0,0,-0.000491781800519675,114.21095275878906,1.4384915828704834,-0.00023863713431637734,0.0,0.2864682972431183
1142,1,0.6108748085025582,995,0.205625,0.0,0.0,0,325,0,0,-0.00041812285780906677,33.99761199951172,1.4718177318572998,0.00014235451817512512,0.0,0.28913551568984985
1143,1,0.5691229091717105,995,0.233125,0.0,0.0,0,581,0,0,-0.0004070748982485384,29.658912658691406,1.5075922012329102,0.00013907176617067307,0.0,0.2678505480289459
1144,1,0.8125153414766828,995,0.2425,0.0,0.0,0,837,0,0,-0.0005018847878091037,60.511436462402344,1.4843156337738037,-7.0168636739254e-05,0.0,0.27969059348106384
1145,1,0.46449362179555465,997,0.0675,0.0,0.0,0,30,0,0,-0.0005741740460507572,271.6916198730469,1.4535244703292847,0.00039451400516554713,0.0,0.2998904585838318
1146,1,1.1639990433541243,998,0.200625,0.125,0.125,0,229,0,0,-0.000605270906817168,357.8222961425781,1.3820524215698242,0.000382985919713974,0.0,0.33151930570602417
1147,1,0.7980402674522793,998,0.215,0.125,0.125,0,485,0,0,-0.000863363966345787,19.833999633789062,1.4514825344085693,0.0003687323478516191,0.0,0.29962143301963806
1148,1,0.7433464267496674,998,0.263125,0.125,0.25,0,741,0,0,-0.0007516543264500797,24.075729370117188,1.4502086639404297,0.00048138340935111046,0.0,0.2872002124786377
1149,1,0.1919777187404179,998,0.26375,0.125,0.25,0,997,0,0,-0.0007609163294546306,12.797386169433594,1.443324089050293,0.0002052158524747938,0.0,0.28961503505706787
1150,1,1.2145988134452637,999,0.36375,0.25,0.625,0,253,0,0,-0.000517509295605123,285.90509033203125,1.2660425901412964,-4.4623080611927435e-05,0.0,0.35962629318237305
1151,1,0.8114718142096535,999,0.425,0.625,0.625,0,509,0,0,-0.0006609397823922336,69.42950439453125,1.395751953125,-0.00014201350859366357,0.0,0.30570656061172485
1152,1,1.1805418734778073,1001,0.109375,0.0,0.25,0,65,0,0,-0.0004978472134098411,734.7481689453125,1.4400911331176758,0.00024007106549106538,0.0,0.3015841245651245
1153,1,0.9130146426141437,1001,0.3425,0.375,0.75,0,321,0,0,-0.0002936342207249254,92.58914184570312,1.458733081817627,-7.332830864470452e-05,0.0,0.28211233019828796
1154,1,0.37695438717310026,1001,0.400625,0.5,0.75,0,577,0,0,2.6983520001522265e-05,39.74946594238281,1.491459608078003,-4.6922672481741756e-05,0.0,0.26356810331344604
1155,1,0.2094428314269976,1001,0.4475,0.5,0.75,0,833,0,0,-0.0005775106837972999,8.327503204345703,1.473886489868164,-5.576914918492548e-05,0.0,0.2805357575416565
1156,1,1.2927753791777832,1003,0.12125,0.0,0.25,0,53,0,0,-0.00016582261014264077,455.858642578125,1.369261622428894,-0.00013220342225395143,0.0,0.33181989192962646
1157,1,0.6584330822543052,1003,0.265625,0.375,0.375,0,309,0,0,-0.0003920421004295349,138.2550506591797,1.4376343488693237,1.6375910490751266e-05,0.0,0.3018859624862671
1158,1,0.33723443334019976,1008,0.143125,0.0,0.0,0,85,0,0,-0.0005540500278584659,884.6080932617188,1.2992609739303589,3.052518513868563e-05,0.0,0.3706139326095581
1159,1,0.09342416267554654,1008,0.243125,0.0,0.0,0,341,0,0,-0.0005586817860603333,61.57131576538086,1.506483793258667,-0.0002419067022856325,0.0,0.2619127035140991
1160,1,0.49508967499423306,1008,0.305,0.0,0.0,0,597,0,0,-0.0003438744170125574,40.091243743896484,1.399442434310913,0.00023521142429672182,0.0,0.29619696736335754
1161,1,0.5096273867166019,1011,0.1375,0.0,0.125,0,86,0,0,-7.597760850330815e-05,625.98046875,1.3418409824371338,0.0002723181096371263,0.0,0.3417103886604309
1162,1,0.8807033938537643,1013,0.170625,0.25,0.25,0,229,0,0,-0.0006385731394402683,450.7182922363281,1.2731702327728271,-1.5051415175548755e-05,0.0,0.37889933586120605
1163,1,0.6901382948553874,1013,0.33375,0.25,0.625,0,485,0,0,-0.0003513311967253685,87.61231994628906,1.3933457136154175,-0.00022272765636444092,0.0,0.30282077193260193
1164,1,0.5946562726430784,1013,0.350625,0.5,0.75,0,741,0,0,-0.000858581333886832,81.41693878173828,1.3947128057479858,-0.000163477539899759,0.0,0.3078455924987793
1165,1,0.4948060392525022,1013,0.358125,0.625,0.75,0,997,0,0,-0.0010560366790741682,38.84410095214844,1.3562711477279663,3.210734575986862e-06,0.0,0.31673771142959595
1166,1,0.7321433723627706,1014,0.294375,0.0,0.125,0,253,0,0,-0.0031309514306485653,116.69062042236328,1.4486281871795654,-2.2009326130500995e-05,0.0,0.2861781120300293
1167,1,0.45858189336649957,1014,0.344375,0.125,0.125,0,509,0,0,-0.00028208084404468536,35.708396911621094,1.4843543767929077,-0.00022003939375281334,0.0,0.28105419874191284
1168,1,0.15738889033491432,1014,0.366875,0.125,0.125,0,765,0,0,0.0011155869578942657,20.811866760253906,1.4806571006774902,-0.0002814256586134434,0.0,0.27144068479537964
1169,1,0.09633368578829504,1015,0.01375,0.0,0.0,0,21,0,0,6.880611181259155e-05,20.361963272094727,1.4766426086425781,-0.0004424352082423866,0.0,0.2851640582084656
1170,1,0.6155895104493538,1016,0.306875,0.0,0.0,0,246,0,0,-0.002135240938514471,251.76141357421875,1.3195164203643799,0.0007191598415374756,0.0,0.35183247923851013
1171,1,0.6776921027631033,1018,0.299375,0.0,0.375,0,133,0,0,0.0005507668247446418,446.51446533203125,1.3482294082641602,0.00034328861511312425,0.0,0.3283523619174957
1172,1,0.7616513425182347,1018,0.428125,0.25,0.375,0,389,0,0,0.0002653409610502422,57.213035583496094,1.3969439268112183,0.00041503552347421646,0.0,0.3090544044971466
1173,1,0.3898860236267865,1018,0.530625,0.25,0.375,0,645,0,0,-0.002147156745195389,3.9416377544403076,1.394972801208496,-0.0001037608235492371,0.0,0.2995399236679077
1174,1,0.08158539903342898,1019,0.074375,0.0,0.0,0,55,0,0,-0.0018291815649718046,62.34325408935547,1.4170804023742676,-0.0006822009454481304,0.0,0.29457828402519226
1175,1,0.9164862913045226,1022,0.189375,0.0,0.0,0,180,0,0,-0.0007420617039315403,617.5308837890625,1.4583301544189453,0.0007736434927210212,0.0,0.2874886989593506
1176,1,0.5654314422827156,1022,0.21,0.0,0.0,0,436,0,0,-0.003828993532806635,23.865833282470703,1.4924488067626953,-0.0011403050739318132,0.0,0.28241440653800964
1177,1,0.9566285701757806,1022,0.235,0.0,0.0,0,692,0,0,-0.006187801714986563,127.89353942871094,1.4862792491912842,0.0013566541019827127,0.0,0.28802046179771423
1178,1,1.3089780934881219,1022,0.26625,0.0,0.0,0,948,0,0,-0.003171909600496292,233.04901123046875,1.4806296825408936,-0.0007510832510888577,0.0,0.2865985333919525
1179,1,0.6114462792866107,1024,0.275,0.0,0.25,0,179,0,0,-0.005146590527147055,371.02899169921875,1.4281238317489624,0.0036136056296527386,0.0,0.31057208776474
1180,1,0.3968018340456183,1024,0.360625,0.125,0.375,0,435,0,0,-0.0003752665070351213,36.03040313720703,1.4264485836029053,0.002182689029723406,0.0,0.3082209527492523
1181,1,0.4254997006009944,1024,0.3775,0.25,0.375,0,691,0,0,0.0008650369709357619,31.469449996948242,1.400037169456482,0.00013623123231809586,0.0,0.31764888763427734
1182,1,0.33781262636648535,1024,0.380625,0.25,0.375,0,947,0,0,-0.001114883809350431,19.138620376586914,1.388637900352478,-0.00044662802247330546,0.0,0.3289710581302643
1183,1,0.8885797495076986,1027,0.079375,0.0,0.125,0,144,0,0,-0.0006638187915086746,643.3994140625,1.4707317352294922,0.0004256268439348787,0.0,0.2800961434841156
1184,1,1.2425230272147019,1027,0.26625,0.0,0.125,0,400,0,0,-0.0008753178408369422,163.8712921142578,1.4766395092010498,-0.00048295193118974566,0.0,0.2929907441139221
1185,1,0.9666123298393359,1027,0.326875,0.0,0.125,0,656,0,0,-0.0005688084056600928,110.13807678222656,1.490700125694275,-1.5422081560245715e-05,0.0,0.28694862127304077
1186,1,1.445758793277946,1027,0.463125,0.0,0.25,0,912,0,0,-0.000338209792971611,258.051025390625,1.4865634441375732,0.0002687842061277479,0.0,0.2763936221599579
1187,1,0.4936400654478348,1028,0.135,0.0,0.125,0,168,0,0,2.3571154088131152e-05,125.18624877929688,1.4230237007141113,3.334134817123413e-07,0.0,0.3147742450237274
1188,1,0.9486478059043293,1028,0.27375,0.125,0.625,0,424,0,0,-0.000799042172729969,105.71508026123047,1.1999287605285645,0.0004075895994901657,0.0,0.39901456236839294
1189,1,0.887058268463079,1028,0.285625,0.625,0.625,0,680,0,0,-0.0006802675197832286,113.52658081054688,1.384845495223999,0.0003445420297794044,0.0,0.32902848720550537
1190,1,0.43615265185633234,1028,0.301875,0.625,0.625,0,936,0,0,-0.0010793067049235106,11.591678619384766,1.3620942831039429,0.00083089096006006,0.0,0.3293437957763672
1191,1,0.670135333428334,1030,0.190625,0.125,0.125,0,104,0,0,-0.00015373404312413186,215.55123901367188,1.3312530517578125,-6.0130223573651165e-05,0.0,0.35484832525253296
1192,1,0.7807761709664192,1030,0.3425,0.375,0.25,0,360,0,0,-0.00047377063310705125,71.14542388916016,1.2839279174804688,0.0005838260985910892,0.0,0.37290889024734497
1193,1,0.7862851229174339,1031,0.048125,0.0,0.0,0,38,0,0,-0.0003770024923142046,199.15704345703125,1.337737798690796,0.0003683876129798591,0.0,0.3562133014202118
1194,1,0.7450639106646122,1031,0.148125,0.0,0.125,0,294,0,0,-0.0008329678094014525,59.74078369140625,1.4677095413208008,0.000551859731785953,0.0,0.29978975653648376
1195,1,1.0526542913758021,1031,0.5375,0.0,0.375,0,550,0,0,-0.000784368603490293,138.55581665039062,1.5020785331726074,2.8060749173164368e-05,0.0,0.2808036208152771
1196,1,0.7794911216333276,1031,0.553125,0.0,0.375,0,806,0,0,-0.0008049713214859366,47.83533477783203,1.4823923110961914,-0.0004492888110689819,0.0,0.2969478368759155
1197,1,0.2962045989715989,1033,0.02375,0.0,0.0,0,10,0,0,-0.0007793605327606201,323.4197692871094,1.4950345754623413,0.0002985931932926178,0.0,0.2719164788722992
1198,1,0.02323788943613181,1037,0.13375,0.0,0.25,0,62,0,0,-0.0012670656433328986,1184.66162109375,1.4433562755584717,-0.0005805053515359759,0.0,0.2938598394393921
1199,1,-0.27652398207283113,1041,0.1075,0.0,0.0,0,51,0,0,-0.0002556275576353073,1022.1887817382812,1.499786138534546,-0.00045297667384147644,0.0,0.2752816379070282
1200,1,0.9122962117471616,1042,0.141875,0.0,0.25,0,107,0,0,-0.001177814556285739,254.8070068359375,1.2404426336288452,0.00017410113650839776,0.0,0.3961271643638611
1201,1,0.7934838564651727,1043,0.05375,0.0,0.0,0,32,0,0,-0.0005832525785081089,264.04022216796875,1.2708477973937988,0.0001938403584063053,0.0,0.39012569189071655
1202,1,0.057448812054644804,1044,0.21125,0.0,0.0,0,153,0,0,0.00022539496421813965,422.8008728027344,1.5230411291122437,2.8517719329101965e-05,0.0,0.2691904902458191
1203,1,1.7011760504174163,1044,0.41875,0.0,0.125,0,409,0,0,-0.00011891251051565632,414.58880615234375,1.429401159286499,0.00040838387212716043,0.0,0.30117762088775635
1204,1,1.7797380685369717,1044,0.500625,0.125,0.25,0,665,0,0,-0.0007553640753030777,451.26336669921875,1.4790124893188477,5.188615614315495e-05,0.0,0.29016149044036865
1205,1,1.7105499749850424,1044,0.69375,0.125,0.75,0,921,0,0,-0.00027054984821006656,458.90509033203125,1.4711198806762695,-9.257020428776741e-05,0.0,0.2962532639503479
1206,1,-0.07500267532122962,1049,0.025,0.0,0.0,0,28,0,0,-0.00015384270227514207,1070.7384033203125,1.5368484258651733,-2.706314808165189e-05,0.0,0.2539569139480591
1207,1,0.034992119333765004,1051,0.229375,0.0,0.25,0,132,0,0,-0.0003787775931414217,671.1434936523438,1.3965184688568115,0.00020084406423848122,0.0,0.320754736661911
1208,1,0.8389756894903257,1051,0.296875,0.25,0.25,0,388,0,0,-0.0003650132566690445,102.35136413574219,1.3391703367233276,0.00010114535689353943,0.0,0.33943793177604675
1209,1,0.962720207273378,1051,0.300625,0.375,0.25,0,644,0,0,-0.0006816176464781165,58.172515869140625,1.4148576259613037,0.00044284420437179506,0.0,0.31281769275665283
1210,1,0.9700937469851851,1051,0.316875,0.375,0.375,0,900,0,0,0.00016870195395313203,59.57624053955078,1.4199507236480713,-0.0002646556531544775,0.0,0.3100700378417969
1211,1,0.18112149484659312,1053,0.07875,0.0,0.0,0,117,0,0,-9.425792086403817e-05,321.48699951171875,1.472146987915039,8.013534534256905e-05,0.0,0.284422367811203
1212,1,0.8992512908480421,1053,0.1625,0.0,0.125,0,373,0,0,-0.0004554825718514621,168.97544860839844,1.4338324069976807,-0.00011220683518331498,0.0,0.30389177799224854
1213,1,1.156543344362035,1053,0.36,0.0,0.625,0,629,0,0,-0.0001404633221682161,211.46835327148438,1.4842709302902222,-2.633935582707636e-05,0.0,0.28933078050613403
1214,1,0.5861554047496611,1053,0.44125,0.0,0.625,0,885,0,0,-0.002414038171991706,50.353023529052734,1.491722822189331,0.0007747653871774673,0.0,0.2816174328327179
1215,1,0.8713233684393344,1054,0.269375,0.0,0.375,0,141,0,0,-0.0015596139710396528,129.09669494628906,1.3673441410064697,0.001607538084499538,0.0,0.32418060302734375
1216,1,0.6968634048425884,1055,0.223125,0.25,0.25,0,241,0,0,-0.001546775922179222,257.3721923828125,1.2839422225952148,-7.555184129159898e-05,0.0,0.37650370597839355
1217,1,0.09559121792335645,1055,0.280625,0.375,0.25,0,497,0,0,0.00015684589743614197,113.30529022216797,1.428954839706421,-7.387359801214188e-05,0.0,0.30928659439086914
1218,1,0.3998521516623441,1055,0.344375,0.375,0.375,0,753,0,0,-0.0005182720487937331,27.400957107543945,1.3517215251922607,-0.0002450404572300613,0.0,0.35455846786499023
1219,1,0.7178151140133195,1056,0.01875,0.0,0.0,0,9,0,0,-0.0007311481749638915,78.63168334960938,1.4077253341674805,0.0006368373287841678,0.0,0.31127387285232544
1220,1,1.0355566066064057,1056,0.249375,0.0,0.125,0,265,0,0,-0.00020494995987974107,151.1717529296875,1.4000428915023804,0.00013629083696287125,0.0,0.31873834133148193
1221,1,0.4167766271968958,1056,0.54,0.0,0.625,0,521,0,0,-0.00043083418859168887,60.13764190673828,1.4524915218353271,-0.00033617811277508736,0.0,0.3013983964920044
1222,1,0.3595697285072674,1056,0.56,0.0,0.625,0,777,0,0,-0.00038087990833446383,23.111684799194336,1.415268898010254,-0.0003412715159356594,0.0,0.3194912374019623
1223,1,0.8068591494607062,1057,0.048125,0.0,0.125,0,33,0,0,-0.0007439684122800827,126.39030456542969,1.4510712623596191,-0.000666245527099818,0.0,0.3035895824432373
1224,1,0.8247789126544376,1057,0.25875,0.25,0.25,0,289,0,0,-0.0006954247946850955,128.86570739746094,1.3597129583358765,0.000363190658390522,0.0,0.3377542495727539
1225,1,0.5053254896101862,1057,0.3075,0.25,0.25,0,545,0,0,-0.0061959149315953255,27.196277618408203,1.4279836416244507,8.334871381521225e-05,0.0,0.31305938959121704
1226,1,0.36852948636442306,1057,0.4975,0.25,0.5,0,801,0,0,-0.005172946490347385,19.47308349609375,1.4217705726623535,0.004276802763342857,0.0,0.3010421097278595
1227,1,0.65033921928989,1058,0.125625,0.0,0.0,0,57,0,0,0.0009487572824582458,195.53561401367188,1.4159009456634521,-0.00049100152682513,0.0,0.31436535716056824
1228,1,1.1861182442999052,1059,0.16875,0.0,0.25,0,181,0,0,0.001110167009755969,667.7000732421875,1.3939971923828125,0.000531539786607027,0.0,0.33171015977859497
1229,1,1.2590529904505274,1059,0.280625,0.25,0.25,0,437,0,0,-0.0003495545533951372,189.38772583007812,1.4013876914978027,-0.00020876279450021684,0.0,0.3125729560852051
1230,1,1.273215904642825,1059,0.455625,0.25,0.25,0,693,0,0,8.04752780823037e-05,162.49371337890625,1.4321753978729248,0.00011857940990012139,0.0,0.29096519947052
1231,1,1.2905890283382178,1059,0.48,0.25,0.25,0,949,0,0,-0.0008193217217922211,146.34561157226562,1.4018449783325195,-0.00027663790388032794,0.0,0.323885977268219
1232,1,0.8996264587549376,1060,0.18875,0.0,0.25,0,205,0,0,-0.0004033837467432022,139.99356079101562,1.2130348682403564,3.0576251447200775e-05,0.0,0.3973959684371948
1233,1,0.8175564371267683,1060,0.216875,0.125,0.375,0,461,0,0,-0.0005876807263121009,51.96658706665039,1.321170449256897,0.000279971252894029,0.0,0.35248860716819763
1234,1,0.7108638409996884,1060,0.241875,0.125,0.375,0,717,0,0,-0.0025107520632445812,49.17844772338867,1.361671805381775,-0.0008362021180801094,0.0,0.3250110149383545
1235,1,0.9844939428658108,1061,0.2825,0.125,0.375,0,244,0,0,-0.0005195178091526031,462.38665771484375,1.4594119787216187,0.0001990017481148243,0.0,0.2948610782623291
1236,1,0.3393555083530373,1061,0.433125,0.125,0.5,0,500,0,0,-0.0023904754780232906,33.55596160888672,1.4811313152313232,-3.722682595252991e-05,0.0,0.27438002824783325
1237,1,0.5911460547977185,1061,0.4825,0.125,0.5,0,756,0,0,-0.018380608409643173,39.122093200683594,1.475099802017212,0.013536332175135612,0.1901041716337204,0.2738983929157257
1238,1,0.28118162531086455,1062,0.018125,0.0,0.0,0,12,0,0,0.0059501733630895615,99.72672271728516,1.4844396114349365,0.0013879688922315836,0.01692708395421505,0.26734650135040283
1239,1,-0.36907903468454606,1064,0.0375,0.0,0.125,0,141,0,0,-0.003663666546344757,757.0006103515625,1.4990949630737305,0.005248272325843573,0.0,0.26839590072631836
1240,1,0.3184180330936215,1066,0.036875,0.0,0.0,0,50,0,0,0.001030574319884181,612.2608642578125,1.4094575643539429,0.0007377988658845425,0.0,0.3029170632362366
1241,1,0.08103410528929089,1066,0.33125,0.0,0.0,0,306,0,0,0.0028776226099580526,81.18824768066406,1.426391363143921,0.0020624599419534206,0.0,0.2965608537197113
1242,1,-0.24975997174078657,1066,0.37125,0.0,0.0,0,562,0,0,0.0007328639621846378,177.41647338867188,1.4698312282562256,0.00029234139947220683,0.0,0.27869194746017456
1243,1,-0.17201099482554127,1066,0.4575,0.0,0.125,0,818,0,0,-0.000484523072373122,123.7369384765625,1.4392493963241577,-7.780579835525714e-06,0.0,0.2937808036804199
1244,1,-0.176372773355979,1068,0.03375,0.0,0.0,0,44,0,0,-0.00041114725172519684,395.06005859375,1.4653973579406738,1.8077436834573746e-05,0.0,0.28883323073387146
1245,1,0.5399613228928501,1069,0.1775,0.0,0.125,0,210,0,0,-0.0009352549677714705,316.32635498046875,1.3303245306015015,0.000528207398019731,0.0,0.35338371992111206
1246,1,-0.25453501553545266,1072,0.07875,0.0,0.0,0,77,0,0,-0.00017629533249419183,798.2569580078125,1.4928271770477295,-0.00010195064533036202,0.0,0.27360162138938904
1247,1,-0.18466507052016823,1075,0.021875,0.0,0.0,0,17,0,0,-0.0006545509095303714,719.3487548828125,1.4712104797363281,4.6034034312469885e-05,0.0,0.28748559951782227
1248,1,-0.010870134323340608,1075,0.246875,0.0,0.125,0,273,0,0,-0.0007277808035723865,218.0650634765625,1.4132989645004272,8.947883907239884e-05,0.0,0.3032529354095459
1249,1,-0.030099065879767295,1077,0.008125,0.0,0.0,0,3,0,0,-0.0001592968328623101,616.652587890625,1.396738886833191,-0.0001946020347531885,0.0,0.3140181303024292
1250,1,0.45209584942494985,1077,0.22625,0.0,0.25,0,259,0,0,-0.0022462240885943174,31.60355567932129,1.3368892669677734,0.00042991264490410686,0.0,0.3452698588371277
1251,1,0.030186516531102825,1077,0.3525,0.0,0.375,0,515,0,0,-0.0014039762318134308,65.2829360961914,1.4439386129379272,-0.0017722583143040538,0.0,0.2927287817001343
1252,1,0.09642889175665914,1079,0.045625,0.0,0.0,0,25,0,0,-0.0010348459472879767,383.67767333984375,1.4507741928100586,0.0004588609444908798,0.0,0.30029815435409546
1253,1,-0.3544759810083633,1080,0.143125,0.0,0.125,0,154,0,0,0.0007901446660980582,438.13427734375,1.5490684509277344,-0.0003613368608057499,0.0,0.2369515597820282
1254,1,0.72339917939712,1080,0.47875,0.0,0.5,0,410,0,0,-0.0012143913190811872,45.576210021972656,1.3514604568481445,-0.00038455179310403764,0.0,0.3213955760002136
1255,1,0.21307089262631962,1080,0.59,0.0,0.875,0,666,0,0,-0.0009431323851458728,7.124499320983887,1.4615672826766968,0.00030660987249575555,0.0,0.2855600118637085
1256,1,0.17067108052424373,1080,0.61875,0.0,0.875,0,922,0,0,-0.01769353449344635,2.580306053161621,1.436276912689209,0.0041913483291864395,0.0598958358168602,0.28505027294158936
1257,1,0.16147963343132687,1082,0.2175,0.0,0.125,0,158,0,0,0.003900656010955572,286.4482421875,1.4164316654205322,0.002381543628871441,0.125,0.29293835163116455
1258,1,0.6329203234881788,1082,0.40375,0.0,0.5,0,414,0,0,-0.0017930425237864256,27.937211990356445,1.3460490703582764,0.002766391960904002,0.0,0.32436874508857727
1259,1,0.4584368086665336,1082,0.460625,0.125,0.5,0,670,0,0,-0.001058858586475253,43.72742462158203,1.4067237377166748,-0.002212206833064556,0.0,0.3009203374385834
1260,1,0.43910125303352743,1082,0.460625,0.25,0.5,0,926,0,0,-0.00026718032313510776,54.36106491088867,1.4245336055755615,0.0012676920741796494,0.0,0.2862652540206909
1261,1,0.9438978307465504,1083,0.286875,0.125,0.375,0,182,0,0,-0.0010238619288429618,187.5330810546875,1.4324603080749512,0.00021309638395905495,0.0,0.2891756594181061
1262,1,0.4484684139883939,1083,0.39125,0.25,0.375,0,438,0,0,-0.0011914143105968833,70.8992919921875,1.4696311950683594,0.0010749450884759426,0.0,0.26391899585723877
1263,1,0.7546709200560144,1083,0.5425,0.375,0.5,0,694,0,0,0.001251729903742671,80.7594985961914,1.450722098350525,0.0008622761815786362,0.0,0.2759273052215576
1264,1,0.4128193754222593,1083,0.728125,0.375,0.625,0,950,0,0,-0.0005068599130026996,12.423273086547852,1.3711395263671875,-0.001002155477181077,0.0,0.29893994331359863
1265,1,0.41140061005717143,1085,0.08625,0.0,0.0,0,105,0,0,-0.0006843420560471714,364.6824035644531,1.4887568950653076,-0.0001907534897327423,0.0,0.27546942234039307
1266,1,0.9912150009262177,1085,0.25,0.0,0.25,0,361,0,0,-0.0003500587190501392,81.32071685791016,1.5212210416793823,-0.00034700846299529076,0.0,0.25751087069511414
1267,1,1.3548906586529483,1085,0.378125,0.0,0.25,0,617,0,0,-0.0002816884662024677,162.19393920898438,1.5176961421966553,-0.00014598295092582703,0.0,0.2545599639415741
1268,1,0.8347075746478367,1085,0.496875,0.0,0.375,0,873,0,0,-0.00036532184458337724,68.15630340576172,1.5155208110809326,0.00026064584380947053,0.0,0.258144348859787
1269,1,0.7694612142313417,1087,0.03,0.0,0.0,0,16,0,0,-0.0011123931035399437,272.671142578125,1.4419803619384766,0.00011961053678533062,0.0,0.28741198778152466
1270,1,-0.7300506917599705,1091,0.014375,0.0,0.0,0,30,0,0,-0.00046124402433633804,973.1102294921875,1.625603199005127,-0.0008642395841889083,0.0,0.22875456511974335
1271,1,0.5483165062905755,1094,0.213125,0.125,0.5,0,152,0,0,-0.0003784528817050159,1183.775390625,1.5648540258407593,-0.000268928095465526,0.0,0.24638289213180542
1272,1,0.662451412745213,1094,0.521875,0.25,0.625,0,408,0,0,-0.0015683311503380537,53.771541595458984,1.4175825119018555,0.0006495203706435859,0.0,0.29576167464256287
1273,1,0.5435081445220931,1094,0.600625,0.25,0.75,0,664,0,0,-0.0002409083244856447,50.88905334472656,1.4504783153533936,0.0005777310580015182,0.0,0.28249651193618774
1274,1,0.7025597309348086,1094,0.645625,0.5,0.75,0,920,0,0,-0.0005673198029398918,127.34711456298828,1.4085276126861572,0.0008266163058578968,0.0,0.2959834039211273
1275,1,1.7259577031902609,1095,0.223125,0.125,0.125,0,176,0,0,0.0001358004956273362,458.111328125,1.4508699178695679,0.00015922216698527336,0.0,0.2912522554397583
1276,1,1.1621526311923844,1095,0.385,0.125,0.25,0,432,0,0,-0.00030792754841968417,119.11210632324219,1.4592266082763672,-0.00015651233843527734,0.0,0.2777237296104431
1277,1,0.6591384208404634,1095,0.405,0.125,0.25,0,688,0,0,-0.002183821052312851,43.86703109741211,1.4071824550628662,0.0009625779348425567,0.0,0.2947961091995239
1278,1,0.6676462444947902,1095,0.4175,0.125,0.25,0,944,0,0,-0.0020641740411520004,51.142547607421875,1.4207775592803955,0.002007728675380349,0.0,0.28683122992515564
1279,1,1.0583693584510456,1096,0.26125,0.125,0.125,0,200,0,0,-0.0004253679362591356,181.0806427001953,1.3208692073822021,0.001310049439780414,0.0,0.3587203919887543
1280,1,0.3552223709921236,1096,0.37125,0.125,0.25,0,456,0,0,-0.0006042085587978363,22.332611083984375,1.43439519405365,0.00019175528723280877,0.0,0.284831702709198
1281,1,1.3168456309504109,1097,0.233125,0.125,0.125,0,247,0,0,-0.00017641733575146645,453.4094543457031,1.4423630237579346,0.0005420729285106063,0.0,0.2877075970172882
1282,1,1.3534009629147477,1097,0.23375,0.125,0.125,0,503,0,0,-0.0003678460489027202,201.78262329101562,1.4830998182296753,0.00010590705642243847,0.0,0.27730709314346313
1283,1,0.8218745134508936,1098,0.14125,0.0,0.25,0,120,0,0,-0.0022343508899211884,269.6524353027344,1.3723682165145874,0.000988729065284133,0.0,0.33395981788635254
1284,1,1.0777608288099145,1098,0.31125,0.25,0.375,0,376,0,0,0.0003025420010089874,117.97508239746094,1.3130111694335938,5.9003323258366436e-05,0.0,0.33079010248184204
1285,1,0.3365164418446511,1098,0.316875,0.25,0.375,0,632,0,0,-0.0009598545730113983,13.937299728393555,1.3686983585357666,0.0008636239799670875,0.0,0.31425178050994873
1286,1,0.43082170955221955,1098,0.3525,0.25,0.375,0,888,0,0,-0.011664198711514473,10.300171852111816,1.3392480611801147,0.006347774527966976,0.0,0.3279128670692444
1287,1,0.6730767314174955,1100,0.11375,0.0,0.375,0,121,0,0,-0.00010236756497761235,311.05877685546875,1.3566216230392456,0.0011049037566408515,0.0,0.32423895597457886
1288,1,0.9509980217353586,1100,0.3275,0.375,0.375,0,377,0,0,0.00035490747541189194,137.58425903320312,1.3804600238800049,0.002092479495331645,0.0,0.32609379291534424
1289,1,0.25235104396722363,1100,0.54125,0.375,0.5,0,633,0,0,0.00186900922562927,25.755592346191406,1.4732011556625366,-0.0008356984471902251,0.0,0.2717880606651306
1290,1,0.2318469656893285,1100,0.620625,0.375,0.5,0,889,0,0,0.00037580356001853943,7.697086334228516,1.465252161026001,0.0005541815189644694,0.0,0.27480798959732056
1291,1,0.22176924977793533,1101,0.22,0.0,0.125,0,238,0,0,-0.000569326221011579,191.04306030273438,1.3362500667572021,-4.8844143748283386e-05,0.0,0.354959100484848
1292,1,-0.436086018991773,1107,0.009375,0.0,0.0,0,4,0,0,-0.0002571835066191852,1600.0457763671875,1.5040773153305054,0.0002824491821229458,0.0,0.26947546005249023
1293,1,1.2924485114926938,1107,0.315625,0.125,0.25,0,260,0,0,-0.0003482190368231386,321.1711730957031,1.4501454830169678,9.32250841287896e-05,0.0,0.2895115613937378
1294,1,0.9811914036436065,1107,0.349375,0.125,0.25,0,516,0,0,-0.0012740360107272863,301.6544189453125,1.411091685295105,0.000649525027256459,0.0,0.29602673649787903
1295,1,0.31457713648205754,1108,0.03875,0.0,0.0,0,35,0,0,-0.00047979195369407535,232.60647583007812,1.4634474515914917,-0.00011031360918423161,0.0,0.28193485736846924
1296,1,1.4337550370837562,1108,0.35625,0.0,0.0,0,291,0,0,-0.00045467697782441974,482.7237548828125,1.4475715160369873,-0.0004104271938558668,0.0,0.2879362106323242
1297,1,2.525947219583486,1108,0.504375,0.0,0.125,0,547,0,0,-0.00015887556946836412,1053.731201171875,1.4948114156723022,-0.00011898655066033825,0.0,0.26680701971054077
1298,1,0.9812039919147537,1109,0.271875,0.0,0.25,0,179,0,0,-0.0002065586595563218,317.15106201171875,1.4457337856292725,-0.0001098255961551331,0.0,0.2845000624656677
1299,1,0.8077254265654119,1109,0.65,0.125,0.375,0,435,0,0,-0.00045344606041908264,69.38563537597656,1.3842506408691406,-0.00010358511644881219,0.0,0.3101963400840759
1300,1,-0.19166396244963835,1112,0.15,0.0,0.125,0,84,0,0,3.904104232788086e-05,788.1292724609375,1.5059608221054077,8.793175220489502e-05,0.0,0.2749756872653961
1301,1,0.6847764898702735,1112,0.414375,0.125,0.5,0,340,0,0,-0.0010342586319893599,123.80007934570312,1.3664226531982422,0.00032411719439551234,0.0,0.33079129457473755
1302,1,0.11345506816542184,1112,0.503125,0.125,0.625,0,596,0,0,-0.0014790769200772047,38.825294494628906,1.4647163152694702,-0.0001983697002287954,0.0,0.2726418375968933
1303,1,0.13926194664725244,1112,0.52,0.125,0.625,0,852,0,0,-0.002789085265249014,10.02046012878418,1.4782441854476929,6.267956450756174e-06,0.0,0.26791852712631226
1304,1,0.807180244144547,1114,0.038125,0.0,0.0,0,98,0,0,-0.00356045993976295,188.15460205078125,1.477987289428711,-0.00036044869921170175,0.0,0.2802593410015106
1305,1,1.926099561544106,1114,0.395,0.0,0.375,0,354,0,0,0.0008427975699305534,710.3049926757812,1.510068655014038,-0.0002868523297365755,0.0,0.2670862376689911
1306,1,0.44908417050828575,1117,0.045,0.0,0.0,0,33,0,0,-5.7984765589935705e-05,651.58154296875,1.5047911405563354,0.0013975892215967178,0.0,0.2611624002456665
1307,1,0.82400689221231,1117,0.315,0.0,0.125,0,289,0,0,-0.001444383873604238,75.95088195800781,1.3083866834640503,-0.00018462957814335823,0.0,0.3425045907497406
1308,1,0.7621007647467195,1117,0.375625,0.125,0.375,0,545,0,0,-0.00029082782566547394,40.52334976196289,1.294033408164978,4.726601764559746e-05,0.0,0.33714038133621216
1309,1,0.5734881939733896,1117,0.52375,0.125,0.375,0,801,0,0,-0.00020402329391799867,28.952022552490234,1.3512271642684937,-0.00030506233451887965,0.0,0.32190996408462524
1310,1,0.49879800060080015,1118,0.05625,0.125,0.125,0,57,0,0,-0.0028132102452218533,43.97273635864258,1.4015729427337646,0.0004621753469109535,0.0,0.2992842197418213
1311,1,1.6603572895364778,1118,0.424375,0.125,0.625,0,313,0,0,-0.0007865789229981601,428.04571533203125,1.4590281248092651,0.0007279945421032608,0.0,0.28430479764938354
1312,1,1.0811933547047374,1118,0.5575,0.125,0.625,0,569,0,0,-0.0016259613912552595,186.09674072265625,1.4755706787109375,0.0003146515227854252,0.0,0.2757778465747833
1313,1,1.6501461842867684,1118,0.661875,0.125,0.75,0,825,0,0,-0.00043648574501276016,355.1720275878906,1.4795931577682495,0.0003245132975280285,0.0,0.2687337398529053
1314,1,0.871216679639474,1119,0.139375,0.0,0.125,0,81,0,0,0.0002383512182859704,183.72491455078125,1.4211000204086304,-0.0001662623544689268,0.0,0.30606400966644287
1315,1,0.9645852862252866,1119,0.261875,0.25,0.25,0,337,0,0,-0.0008206097409129143,206.3392333984375,1.4252550601959229,-9.187435352941975e-05,0.0,0.30058592557907104
1316,1,1.6257769759795337,1119,0.538125,0.25,0.625,0,593,0,0,-0.0008336281171068549,365.1538391113281,1.4691524505615234,0.00011845833796542138,0.0,0.28214937448501587
1317,1,1.1827086334396881,1119,0.62875,0.25,0.875,0,849,0,0,-0.0004447139799594879,122.07969665527344,1.493910789489746,-0.00010783784091472626,0.0,0.26136502623558044
1318,1,1.2867912805656943,1120,0.09625,0.0,0.0,0,105,0,0,-0.0005806560511700809,142.89678955078125,1.5309871435165405,-1.588215491210576e-05,0.0,0.24758891761302948
1319,1,1.7080470346554648,1120,0.450625,0.125,0.375,0,361,0,0,-0.00027750059962272644,371.08050537109375,1.337790846824646,0.00018957536667585373,0.0,0.3415936827659607
1320,1,0.9986666108015925,1121,0.200625,0.0,0.125,0,113,0,0,-0.0015179127221927047,334.295654296875,1.3618619441986084,-0.00023315024736803025,0.0,0.32192060351371765
1321,1,0.9037118836249647,1121,0.324375,0.125,0.375,0,369,0,0,0.00037024947232566774,86.74166870117188,1.3725184202194214,7.389749953290448e-05,0.0,0.3331540524959564
1322,1,0.9599478017462388,1121,0.331875,0.125,0.375,0,625,0,0,-0.001150215044617653,91.57780456542969,1.4077692031860352,0.0004369622911326587,0.0,0.30968719720840454
1323,1,0.3888690876956389,1121,0.51625,0.125,0.375,0,881,0,0,-0.0003484729677438736,13.49334716796875,1.4316749572753906,0.0002662752231117338,0.0,0.3003115653991699
1324,1,0.6103662434143189,1124,0.158125,0.0,0.25,0,85,0,0,4.782031282957178e-06,561.402099609375,1.3468332290649414,-6.0179270803928375e-05,0.0,0.3477928638458252
1325,1,1.2462940689354127,1124,0.47125,0.125,0.75,0,341,0,0,-0.0005771940341219306,183.2078094482422,1.4244089126586914,0.0001723224704619497,0.0,0.2895164489746094
1326,1,0.4210615927354411,1124,0.635625,0.125,0.75,0,597,0,0,-7.821805775165558e-05,43.722412109375,1.4481327533721924,4.761495438287966e-05,0.0,0.2845742702484131
1327,1,0.9527229803597947,1124,0.70625,0.125,0.75,0,853,0,0,-0.00033885426819324493,107.49082946777344,1.436337947845459,-7.260560232680291e-05,0.0,0.2993392050266266
1328,1,0.6014221534351236,1126,0.07875,0.0,0.0,0,80,0,0,-0.00022577340132556856,494.1168518066406,1.4861514568328857,-0.00012179806071799248,0.0,0.2728968560695648
1329,1,0.6918861986159754,1127,0.34375,0.125,0.25,0,243,0,0,-0.002536255866289139,391.88543701171875,1.3061989545822144,0.00024483446031808853,0.0,0.36681899428367615
1330,1,1.000188405640074,1127,0.581875,0.25,0.625,0,499,0,0,0.0003625213576015085,88.64045715332031,1.2498199939727783,0.000795160885900259,0.0,0.354911744594574
1331,1,0.8839076255171676,1127,0.773125,0.5,0.875,0,755,0,0,0.00029035782790742815,79.36911010742188,1.3222930431365967,-0.00043744826689362526,0.0,0.3303767442703247
1332,1,0.5429247080528512,1128,0.021875,0.0,0.125,0,11,0,0,-0.0002670629764907062,76.60366821289062,1.2890413999557495,0.00010522020602365956,0.0,0.350362628698349
1333,1,0.6393265612205141,1129,0.35125,0.0,0.25,0,233,0,0,-0.0010577127104625106,253.98675537109375,1.198282241821289,0.0013514847960323095,0.0,0.398542582988739
1334,1,0.7409498061942941,1129,0.436875,0.125,0.25,0,489,0,0,-0.001493494724854827,31.4307804107666,1.2246408462524414,0.001124442438594997,0.0,0.3742866516113281
1335,1,0.7049589237030887,1129,0.594375,0.125,0.25,0,745,0,0,0.0008469565655104816,39.05780029296875,1.3954782485961914,0.00044778891606256366,0.0,0.2917875647544861
1336,1,0.5052514554863592,1130,0.006875,0.0,0.0,0,1,0,0,-0.000935488089453429,76.7094955444336,1.4547555446624756,5.092782521387562e-05,0.0,0.26829272508621216
1337,1,0.877849314303603,1130,0.23125,0.125,0.25,0,257,0,0,-0.0014218067517504096,101.812255859375,1.2622706890106201,-0.0005337339825928211,0.0,0.38821229338645935
1338,1,1.1154630831733812,1131,0.221875,0.0,0.5,0,135,0,0,-0.0007889916887506843,556.0812377929688,1.247537612915039,0.0004662142600864172,0.0,0.3872928321361542
1339,1,0.6423710103990743,1132,0.1975,0.0,0.0,0,175,0,0,-0.0014840116491541266,294.84503173828125,1.464116096496582,0.0007783131441101432,0.0,0.2923803925514221
1340,1,0.9393866764030463,1132,0.45875,0.125,0.125,0,431,0,0,-0.0007718360866419971,93.67272186279297,1.405268907546997,-0.00015242677181959152,0.0,0.28598445653915405
1341,1,1.081605227154796,1132,0.539375,0.125,0.125,0,687,0,0,-0.00042602638131938875,145.813232421875,1.268005132675171,0.0007651438936591148,0.0,0.36135706305503845
1342,1,0.8814140348586079,1132,0.68,0.125,0.625,0,943,0,0,-0.0005093285581097007,55.363548278808594,1.3669793605804443,0.00021674779418390244,0.0,0.31390678882598877
1343,1,0.7241181062090618,1133,0.065,0.0,0.0,0,199,0,0,-0.0010995024349540472,184.4788818359375,1.4398502111434937,0.0003770135226659477,0.0,0.29140791296958923
1344,1,0.48435568346212676,1133,0.241875,0.0,0.125,0,455,0,0,-0.005273338407278061,54.08751678466797,1.4954631328582764,0.0012759107630699873,0.0,0.2676980793476105
1345,1,1.047699872593057,1133,0.439375,0.0,0.375,0,711,0,0,-0.002573625184595585,266.788330078125,1.4848121404647827,0.0022871228866279125,0.0,0.2648220658302307
1346,1,1.6073763495533058,1133,0.6875,0.0,0.625,0,967,0,0,-0.0012244114186614752,324.6518859863281,1.453345775604248,-0.0004872344434261322,0.0,0.277609646320343
1347,1,-0.07654158025979996,1139,0.06875,0.0,0.0,0,45,0,0,-0.00011369089770596474,1177.6065673828125,1.4716086387634277,0.0005966135067865252,0.0,0.29025834798812866
1348,1,0.6771364374294535,1144,0.040625,0.0,0.0,0,19,0,0,-0.0005842633545398712,1103.71875,1.425547480583191,-0.0006704600527882576,0.0,0.3105149269104004
1349,1,0.803571367807308,1144,0.313125,0.125,0.375,0,275,0,0,-0.00021052765077911317,107.38856506347656,1.2531684637069702,0.00012071523815393448,0.0,0.38619208335876465
1350,1,0.8387899151391025,1144,0.4575,0.25,0.375,0,531,0,0,-0.00019595555204432458,65.06656646728516,1.1989177465438843,-5.911445987294428e-05,0.0,0.41590046882629395
1351,1,0.5448017546975734,1144,0.46,0.375,0.375,0,787,0,0,-0.0003743091074284166,37.25331115722656,1.3233788013458252,0.00014244765043258667,0.0,0.34238022565841675
1352,1,0.5019131450408167,1146,0.060625,0.0,0.125,0,26,0,0,-0.0019828337244689465,309.790771484375,1.3615745306015015,0.00019831738609354943,0.0,0.32022491097450256
1353,1,1.0793801753461594,1149,0.189375,0.125,0.25,0,186,0,0,-0.0020221478771418333,774.607421875,1.379711389541626,-0.0001471183932153508,0.0,0.3321906626224518
1354,1,1.597417069839139,1149,0.4625,0.25,0.5,0,442,0,0,0.0011184340110048652,320.358642578125,1.4147002696990967,-0.00024364439013879746,0.0,0.3077465891838074
1355,1,1.2929702055844245,1149,0.648125,0.25,0.75,0,698,0,0,-0.00022237966186366975,264.087646484375,1.4371585845947266,0.0005624901386909187,0.0,0.2831111550331116
1356,1,1.078741400677245,1149,0.71375,0.25,0.75,0,954,0,0,-0.00032650059438310564,174.3588409423828,1.4409202337265015,0.0003453002718742937,0.0,0.298505961894989
1357,1,0.995105464146036,1150,0.22625,0.125,0.25,0,210,0,0,-0.0005932720378041267,201.61134338378906,1.2357100248336792,0.0004949616268277168,0.0,0.3908156752586365
1358,1,0.3432057434347371,1153,0.07625,0.0,0.0,0,96,0,0,-0.00028201937675476074,593.531982421875,1.4369405508041382,-0.00016534437600057572,0.0,0.2952936887741089
1359,1,1.203277697764861,1153,0.445,0.0,0.25,0,352,0,0,-0.000529472716152668,156.22903442382812,1.2267383337020874,0.00010873749852180481,0.0,0.3910027742385864
1360,1,1.46336978988802,1153,0.65625,0.0,0.75,0,608,0,0,-0.00020612652588170022,280.05389404296875,1.4358887672424316,-9.656107977207284e-06,0.0,0.2869093120098114
1361,1,0.9715485193482891,1155,0.163125,0.0,0.0,0,124,0,0,-0.00098344252910465,535.7176513671875,1.4222530126571655,0.00021546040079556406,0.0,0.2989068627357483
1362,1,1.0825841142359423,1155,0.289375,0.0,0.0,0,380,0,0,-0.000394710194086656,214.78765869140625,1.464617133140564,-0.0002555591054260731,0.0,0.28323161602020264
1363,1,1.5600807509126753,1155,0.488125,0.0,0.125,0,636,0,0,-0.0013750360812991858,326.36260986328125,1.4314956665039062,0.000544354785233736,0.0,0.2926746606826782
1364,1,1.9243899111879728,1155,0.631875,0.0,0.375,0,892,0,0,-0.0014132162323221564,501.1031799316406,1.4256757497787476,0.0005593231762759387,0.0,0.2871165871620178
1365,1,1.5553615783046553,1156,0.183125,0.125,0.125,0,148,0,0,-0.0007329670479521155,428.9645080566406,1.413020133972168,-0.0001685743627604097,0.0,0.3058813810348511
1366,1,0.5986800228529319,1156,0.408125,0.25,0.5,0,404,0,0,-0.005868376698344946,80.63814544677734,1.355936884880066,0.004570404998958111,0.0,0.3249979615211487
1367,1,0.42577088255711715,1156,0.460625,0.375,0.5,0,660,0,0,-0.00023863589740358293,57.53403091430664,1.3995254039764404,0.012984134256839752,0.1080729216337204,0.30159205198287964
1368,1,0.20903945606823982,1156,0.63,0.375,0.625,0,916,0,0,0.00012887704360764474,52.86909484863281,1.3760627508163452,0.0008705823565833271,0.0,0.3002553880214691
1369,1,-0.2708329591605434,1160,0.0225,0.0,0.0,0,20,0,0,-0.000371743633877486,986.1783447265625,1.4759979248046875,0.0019342330051586032,0.0,0.27140742540359497
1370,1,-0.7024538681334889,1167,0.0475,0.0,0.0,0,72,0,0,-0.0005450360476970673,1746.985595703125,1.533818244934082,0.0015580710023641586,0.0,0.25230056047439575
1371,1,-0.7867738095519599,1174,0.025,0.0,0.0,0,29,0,0,-4.264339804649353e-05,1841.7982177734375,1.5376719236373901,0.0004564373230095953,0.0,0.2504264712333679
1372,1,1.9322522918234881,1174,0.23,0.0,0.375,0,285,0,0,2.9498090952984057e-05,602.41162109375,1.4194390773773193,0.00012591900303959846,0.0,0.2972548007965088
1373,1,1.6406575688415614,1174,0.27875,0.0,0.375,0,541,0,0,-0.0004739848372992128,314.4902038574219,1.4144940376281738,-0.00028897434822283685,0.0,0.30540549755096436
1374,1,1.3309478991131982,1174,0.456875,0.0,0.75,0,797,0,0,-0.0009522851323708892,175.13461303710938,1.4087022542953491,0.000428671803092584,0.0,0.29358750581741333
1375,1,1.3861968475866888,1177,0.01375,0.0,0.0,0,8,0,0,-8.327762770932168e-05,693.9447021484375,1.4190129041671753,2.5296894818893634e-05,0.0,0.2937544286251068
1376,1,0.14152158524848346,1177,0.194375,0.0,0.375,0,264,0,0,-4.943708700011484e-05,173.276123046875,1.3953670263290405,-7.036964962026104e-05,0.0,0.30702802538871765
1377,1,-0.31511518713159603,1177,0.26875,0.0,0.5,0,520,0,0,-0.00048730213893577456,218.240966796875,1.4137859344482422,2.8804256544390228e-06,0.0,0.3057436943054199
1378,1,-0.3019978325046395,1177,0.393125,0.0,0.5,0,776,0,0,-0.0006607485702261329,213.9962158203125,1.4137461185455322,0.00047026341781020164,0.0,0.2952408790588379
1379,1,0.2652457171052447,1178,0.210625,0.0,0.125,0,209,0,0,-0.0006789410253986716,302.71917724609375,1.3675174713134766,1.3450316146190744e-05,0.0,0.33323705196380615
1380,1,0.09859491663883091,1180,0.053125,0.0,0.0,0,85,0,0,-0.0003652237355709076,744.2633666992188,1.4161252975463867,-0.0006553495186381042,0.0,0.30680909752845764
1381,1,0.3672519240526526,1181,0.34375,0.0,0.25,0,234,0,0,-0.00033716176403686404,354.44720458984375,1.4180015325546265,6.537108674820047e-06,0.0,0.30210116505622864
1382,1,-0.2866474928887328,1181,0.39125,0.0,0.375,0,490,0,0,-0.0014278329908847809,194.1737060546875,1.453221321105957,0.0003333453496452421,0.0,0.2758372724056244
1383,1,-0.2917435877461685,1183,0.05375,0.0,0.0,0,56,0,0,0.00012401616550050676,731.8533935546875,1.4610378742218018,0.0011059180833399296,0.0,0.2833210229873657
1384,1,0.32923380286229076,1183,0.28375,0.0,0.375,0,312,0,0,-0.0008915517246350646,85.81973266601562,1.3424112796783447,-0.0001712815574137494,0.0,0.3301815986633301
1385,1,0.15914193381843234,1184,0.24375,0.0,0.0,0,206,0,0,-0.0009489848162047565,351.46844482421875,1.444321632385254,-0.0002726119419094175,0.0,0.2819777727127075
1386,1,0.01144045685009587,1184,0.365,0.0,0.25,0,462,0,0,-0.0018417686223983765,112.90994262695312,1.417556643486023,0.0009142090566456318,0.0,0.29859861731529236
1387,1,-0.033626935986831086,1184,0.49375,0.0,0.375,0,718,0,0,-0.0017797581385821104,98.1903076171875,1.448952078819275,-0.00014635812840424478,0.0,0.2869184613227844
1388,1,-0.09122897320412449,1184,0.51375,0.0,0.375,0,974,0,0,-0.0015202898066490889,110.08224487304688,1.457611083984375,-0.0002064920699922368,0.0,0.2796700894832611
1389,1,0.34906235330163327,1186,0.07125,0.0,0.125,0,92,0,0,-0.00034728337777778506,643.2779541015625,1.4242852926254272,0.00013628385204356164,0.0,0.3054945170879364
1390,1,0.5286159193947242,1188,0.2675,0.0,0.25,0,180,0,0,-0.0015150023391470313,495.38873291015625,1.3987250328063965,-0.0003858960117213428,0.0,0.3103487491607666
1391,1,0.8777287089596939,1188,0.46125,0.0,0.375,0,436,0,0,-0.0007187174633145332,116.38533782958984,1.4258897304534912,0.00040630437433719635,0.0,0.29303982853889465
1392,1,0.7189611122510087,1188,0.513125,0.0,0.5,0,692,0,0,-0.002359307138249278,59.876556396484375,1.4161113500595093,-0.0004445600206963718,0.0,0.2933056056499481
1393,1,1.0372331338166987,1188,0.52875,0.0,0.5,0,948,0,0,-0.0028047990053892136,96.27821350097656,1.427526831626892,0.000589120842050761,0.0,0.2943805456161499
1394,1,0.9969979929373949,1190,0.144375,0.0,0.125,0,130,0,0,-0.00015875263488851488,350.3760070800781,1.3218679428100586,0.00044063356472179294,0.0,0.3373560309410095
1395,1,0.09816918292199261,1190,0.2675,0.0,0.125,0,386,0,0,-0.0013552524615079165,139.08407592773438,1.4425833225250244,-0.0001583821140229702,0.0,0.2925819158554077
1396,1,0.03414317618808127,1190,0.28375,0.0,0.125,0,642,0,0,-0.0015280405059456825,103.03346252441406,1.454673171043396,0.0001866367383627221,0.0,0.28309571743011475
1397,1,0.29146158291950996,1190,0.385,0.0,0.25,0,898,0,0,-0.0007456163875758648,109.70728302001953,1.4412569999694824,-8.43446105136536e-05,0.0,0.2818768620491028
1398,1,1.0060828464902443,1191,0.131875,0.0,0.0,0,154,0,0,-0.0009579909965395927,256.7720031738281,1.4656610488891602,-0.0006388970650732517,0.0,0.27181726694107056
1399,1,1.388235249909485,1191,0.250625,0.125,0.25,0,410,0,0,-0.0002705380320549011,332.3163757324219,1.3083412647247314,0.00010808914521476254,0.0,0.3527478575706482
1400,1,1.0907682091647075,1191,0.293125,0.125,0.25,0,666,0,0,-0.0004190082545392215,121.49647521972656,1.4767930507659912,-0.0003263805992901325,0.0,0.27094730734825134
1401,1,1.748233440099284,1191,0.369375,0.125,0.25,0,922,0,0,-0.0002963542938232422,398.79278564453125,1.4584970474243164,-0.00032429335988126695,0.0,0.2816035747528076
1402,1,0.8806248429609695,1192,0.229375,0.0,0.125,0,178,0,0,-0.0010000430047512054,89.71414947509766,1.3170264959335327,-0.00036227377131581306,0.0,0.3570125997066498
1403,1,0.0639204733824954,1192,0.330625,0.0,0.125,0,434,0,0,-0.00042845620191656053,133.51243591308594,1.3959048986434937,0.0006677632918581367,0.0,0.32379841804504395
1404,1,0.3102435073487868,1193,0.159375,0.0,0.375,0,138,0,0,-0.00043466812348924577,410.5948791503906,1.455246925354004,-2.2876232833368704e-05,0.0,0.2835022509098053
1405,1,-0.12232060935275513,1193,0.210625,0.0,0.375,0,394,0,0,-0.0007978355279192328,129.00448608398438,1.5059473514556885,0.00046850554645061493,0.0,0.2607077360153198
1406,1,-0.036536332136165584,1193,0.389375,0.0,0.5,0,650,0,0,-0.0009220149368047714,98.09407043457031,1.4838600158691406,0.0010034670121967793,0.0,0.27432113885879517
1407,1,0.6120413293510865,1193,0.469375,0.25,0.625,0,906,0,0,-0.00043086460209451616,122.42247009277344,1.4650405645370483,-0.0005342442309483886,0.0,0.2775084376335144
1408,1,1.3989682605413236,1194,0.20875,0.0,0.25,0,162,0,0,-2.817499262164347e-05,491.8397216796875,1.4356348514556885,-0.00033922758302651346,0.0,0.2980777621269226
1409,1,2.0442722631196375,1194,0.4325,0.0,0.375,0,418,0,0,-0.0007245714659802616,612.1307373046875,1.4175790548324585,0.00013049102562945336,0.0,0.3097360134124756
1410,1,1.781320618009886,1194,0.5425,0.125,0.5,0,674,0,0,-0.0010252980282530189,422.43426513671875,1.439825415611267,-7.378745067398995e-05,0.0,0.2862190306186676
1411,1,1.7813770902057513,1194,0.58375,0.375,0.5,0,930,0,0,-0.0004523831303231418,419.9759826660156,1.398723840713501,0.0004528048448264599,0.0,0.30639421939849854
1412,1,1.1415448392326653,1195,0.259375,0.0,0.25,0,186,0,0,-0.00018065175390802324,334.18121337890625,1.464303731918335,-2.6063373297802173e-05,0.0,0.28085774183273315
1413,1,0.30314908116997685,1198,0.108125,0.0,0.375,0,104,0,0,-0.00023692722606938332,941.916015625,1.4480030536651611,2.9090482712490484e-05,0.0,0.2983579635620117
1414,1,1.6114542482755496,1198,0.25375,0.0,0.375,0,360,0,0,-0.000486934557557106,724.2520751953125,1.39972722530365,-0.00040723508573137224,0.0,0.30790597200393677
1415,1,0.90131580410889,1198,0.34125,0.125,0.375,0,616,0,0,-0.0011205263435840607,108.93791961669922,1.4505643844604492,0.0003595162997953594,0.0,0.27817416191101074
1416,1,0.6103774165676441,1198,0.36375,0.25,0.375,0,872,0,0,-0.0017794768791645765,83.58988952636719,1.4390010833740234,-2.840130400727503e-05,0.0,0.290991872549057
1417,1,0.2853560858638957,1200,0.26875,0.0,0.25,0,205,0,0,-0.0013312927912920713,479.8673400878906,1.3976244926452637,-0.0006261500529944897,0.0,0.3084927201271057
1418,1,0.47839284879228217,1200,0.371875,0.25,0.25,0,461,0,0,-0.0038601127453148365,107.2819595336914,1.3859847784042358,-0.00017020960513036698,0.0,0.3051552176475525
1419,1,0.3670036053158583,1200,0.431875,0.25,0.25,0,717,0,0,-0.0014370046555995941,33.54725646972656,1.4100111722946167,0.0032653375528752804,0.0,0.2880439758300781
1420,1,0.8012942159330123,1200,0.51625,0.25,0.375,0,973,0,0,0.00040590143180452287,65.37483215332031,1.4166011810302734,-0.00034957536263391376,0.0,0.294630229473114
1421,1,0.18433691663085483,1202,0.02125,0.0,0.0,0,88,0,0,-9.74070280790329e-05,378.917724609375,1.4716308116912842,-0.0007807681104168296,0.0,0.28804874420166016
1422,1,1.3248041260836771,1202,0.2875,0.625,0.5,0,344,0,0,-0.0010762147139757872,403.0849914550781,1.3593719005584717,-0.0001008727922453545,0.0,0.32361072301864624
1423,1,0.9204621484605013,1202,0.40375,0.75,0.5,0,600,0,0,-0.000147184357047081,109.55928802490234,1.3804614543914795,-0.00020609874627552927,0.0,0.32355189323425293
1424,1,0.7608483952244569,1204,0.330625,0.0,0.25,0,185,0,0,-0.00019822860485874116,553.68017578125,1.2093185186386108,-0.00046409558854065835,0.0,0.40983137488365173
1425,1,0.723413290183089,1204,0.635,0.25,0.375,0,441,0,0,-0.0024155788123607635,53.258018493652344,1.3109954595565796,0.0008824432152323425,0.0,0.3421531617641449
1426,1,0.701142064633359,1204,0.711875,0.25,0.875,0,697,0,0,-0.0037365593016147614,52.14497375488281,1.3520832061767578,0.0009929852094501257,0.0,0.325271338224411
1427,1,0.6245042833725165,1204,0.796875,0.375,0.875,0,953,0,0,-0.0027217455208301544,43.26287841796875,1.3707923889160156,0.0011677293805405498,0.0,0.3114160895347595
1428,1,0.981714743298653,1206,0.098125,0.0,0.0,0,60,0,0,0.0006234068423509598,432.5368347167969,1.1862963438034058,0.0007605807622894645,0.0,0.4136998653411865
1429,1,2.0981736906069273,1206,0.320625,0.0,0.125,0,316,0,0,-8.041163528105244e-05,755.7906494140625,1.3764853477478027,9.272325405618176e-05,0.0,0.3266349732875824
1430,1,1.3016423849353487,1206,0.52625,0.0,0.25,0,572,0,0,-0.0004601019318215549,263.751708984375,1.4037961959838867,-4.739003998111002e-05,0.0,0.3080614507198334
1431,1,1.1137658653315157,1206,0.54375,0.0,0.25,0,828,0,0,-0.0005809320136904716,224.2025604248047,1.4182238578796387,0.0004145133716519922,0.0,0.29391658306121826
1432,1,0.4879555430943583,1210,0.01125,0.0,0.0,0,8,0,0,-0.00048160552978515625,849.82275390625,1.2370102405548096,-0.00040257693035528064,0.0,0.407024085521698
1433,1,1.0814477291569347,1211,0.314375,0.25,0.25,0,220,0,0,-0.0010999261867254972,445.00140380859375,1.251381754875183,-4.561493915389292e-05,0.0,0.3782370984554291
1434,1,0.9155355540351593,1211,0.428125,0.375,0.25,0,476,0,0,-0.00020875906920991838,78.2707290649414,1.1911342144012451,0.00016811754903756082,0.0,0.39596208930015564
1435,1,1.0230281062513313,1213,0.215,0.0,0.25,0,106,0,0,-0.00146137410774827,777.8460083007812,1.2770975828170776,0.0006674613687209785,0.0,0.37674105167388916
1436,1,0.9957391805583029,1213,0.43125,0.375,0.375,0,362,0,0,9.615595627110451e-05,131.27081298828125,1.324341058731079,0.00023971902555786073,0.0,0.3495687246322632
1437,1,0.06365172750656711,1213,0.53,0.375,0.5,0,618,0,0,-0.0007653484935872257,93.75916290283203,1.4123694896697998,9.390820923727006e-05,0.0,0.2990102767944336
1438,1,0.9890976761817001,1213,0.629375,0.375,0.5,0,874,0,0,-0.00041577190859243274,132.24374389648438,1.4011605978012085,-0.00041407239041291177,0.0,0.3084718883037567
1439,1,0.4959417350255535,1214,0.11875,0.0,0.0,0,179,0,0,-0.0003095859137829393,253.4875946044922,1.400888442993164,-0.00021952220413368195,0.0,0.30793678760528564
1440,1,1.3075698602779084,1215,0.15375,0.125,0.125,0,255,0,0,-0.00021520319569390267,355.6811828613281,1.3350856304168701,-2.457651680742856e-05,0.0,0.3495272994041443
1441,1,0.5295382857293589,1216,0.25625,0.0,0.25,0,150,0,0,-0.0004791260580532253,310.6025390625,1.221950888633728,-0.0002974247036036104,0.0,0.3933592438697815
1442,1,0.853125649933645,1216,0.428125,0.125,0.375,0,406,0,0,-0.0013156573986634612,105.86656188964844,1.1645082235336304,0.0009517300641164184,0.0,0.4198402762413025
1443,1,0.7092724709009417,1216,0.51625,0.125,0.5,0,662,0,0,-0.0019299158593639731,45.68955612182617,1.3882031440734863,5.281220182951074e-06,0.0,0.31371524930000305
1444,1,0.12663259489636403,1221,0.11625,0.0,0.375,0,61,0,0,-0.00022459588944911957,1198.1229248046875,1.4553427696228027,-0.0006437859265133739,0.0,0.2782291769981384
1445,1,1.1550049392972142,1222,0.18,0.0,0.0,0,225,0,0,0.00012319348752498627,418.48199462890625,1.352718710899353,-0.000332983530825004,0.0,0.3335830569267273
1446,1,1.1079266648830526,1223,0.10375,0.0,0.125,0,46,0,0,-0.0015690712025389075,267.41162109375,1.4304536581039429,-0.0004153703339397907,0.0,0.2945893704891205
1447,1,0.6684561409019807,1226,0.179375,0.125,0.125,0,134,0,0,0.00011143337178509682,1001.2606201171875,1.3266088962554932,0.000620952807366848,0.0,0.34442707896232605
1448,1,0.9118140189648329,1226,0.420625,0.125,0.625,0,390,0,0,-0.0015319527592509985,240.72589111328125,1.4385398626327515,0.0005223631742410362,0.0,0.28255724906921387
1449,1,1.4132187024430323,1226,0.6475,0.125,0.625,0,646,0,0,-0.0008637371356599033,236.61485290527344,1.4246454238891602,0.00018804908904712647,0.0,0.3055616319179535
1450,1,0.4678411009008414,1228,0.14625,0.0,0.125,0,112,0,0,0.0001465889363316819,634.47705078125,1.3776530027389526,0.00050282635493204,0.0,0.32594066858291626
1451,1,1.3078233609085146,1228,0.419375,0.25,0.375,0,368,0,0,-0.0005590853979811072,188.1296844482422,1.3333220481872559,0.00032953498885035515,0.0,0.3430287539958954
1452,1,0.6318906775013602,1228,0.465625,0.375,0.375,0,624,0,0,-0.008169449865818024,43.016334533691406,1.406633734703064,0.00891481339931488,0.0,0.3064301609992981
1453,1,1.27940370293436,1228,0.49875,0.375,0.375,0,880,0,0,-0.006115773692727089,181.89865112304688,1.4319112300872803,0.006025231909006834,0.0026041667442768812,0.29453927278518677
1454,1,0.5129390413651436,1230,0.0625,0.0,0.125,0,73,0,0,-0.0007707843324169517,265.4615478515625,1.4122276306152344,0.0034138006158173084,0.0,0.3090742230415344
1455,1,0.9635838954118299,1232,0.064375,0.0,0.0,0,36,0,0,-0.0037651374004781246,745.2606201171875,1.3543930053710938,0.0006978249875828624,0.0,0.3273848295211792
1456,1,0.9519591198477428,1233,0.066875,0.0,0.0,0,79,0,0,-0.0013845458161085844,561.6817626953125,1.2393605709075928,-0.00025803426979109645,0.0,0.38608890771865845
1457,1,1.2696264757350946,1233,0.325625,0.0,0.375,0,335,0,0,4.282376539777033e-05,179.63201904296875,1.3559564352035522,0.0014103044522926211,0.0,0.31651759147644043
1458,1,0.27905021681362996,1233,0.44125,0.0,0.375,0,591,0,0,-0.0005549282650463283,142.1036376953125,1.3799680471420288,-0.0005347738042473793,0.0,0.303278386592865
1459,1,0.08436660434745136,1233,0.594375,0.0,0.375,0,847,0,0,-0.00020791994757018983,184.22384643554688,1.3759918212890625,-0.00035382280475459993,0.0,0.3120618462562561
1460,1,0.2661164984115203,1234,0.06625,0.0,0.0,0,103,0,0,-0.0010624367278069258,228.5817413330078,1.3807334899902344,-0.0001025333403958939,0.0,0.31079503893852234
1461,1,-0.3018272102353876,1240,0.005625,0.0,0.0,0,0,0,0,0.00010624279821058735,1606.5447998046875,1.4236669540405273,0.00045727117685601115,0.0,0.29673588275909424
1462,1,-0.8482914587366395,1243,0.035625,0.0,0.0,0,72,0,0,4.701688885688782e-05,1240.162841796875,1.474076271057129,-0.00013841548934578896,0.0,0.27755141258239746
1463,1,0.03951793001033366,1244,0.218125,0.0,0.0,0,202,0,0,-0.0002798891509883106,528.1766357421875,1.4190678596496582,0.0003031754749827087,0.0,0.30906999111175537
1464,1,2.1313671020216134,1245,0.0125,0.0,0.0,0,6,0,0,-0.00039165932685136795,1289.784912109375,1.3895072937011719,-0.00010075575846713036,0.0,0.3048245310783386
1465,1,0.2368963348917532,1246,0.231875,0.0,0.125,0,233,0,0,-0.002070095157250762,300.4997863769531,1.393782615661621,-0.0007850324618630111,0.0,0.3010185658931732
1466,1,0.029869001733914047,1246,0.370625,0.0,0.25,0,489,0,0,-0.0018249189015477896,93.4043197631836,1.402075171470642,-0.0008505522273480892,0.0,0.3023926019668579
1467,1,0.014763023516366047,1246,0.635,0.0,0.5,0,745,0,0,-0.0021592057310044765,91.94863891601562,1.397589087486267,0.0009148825774900615,0.0,0.3054350018501282
1468,1,-0.08929727588474634,1247,0.006875,0.0,0.0,0,1,0,0,-0.00032248845673166215,204.0322265625,1.430956244468689,0.0009193251607939601,0.0,0.29103049635887146
1469,1,-0.06322585821908433,1247,0.30125,0.0,0.0,0,257,0,0,-0.00026195187820121646,160.75790405273438,1.400770902633667,0.0010445642983540893,0.0,0.30493906140327454
1470,1,0.46341970057983417,1248,0.3225,0.0,0.125,0,233,0,0,-0.0016254009678959846,219.1013946533203,1.4049066305160522,-0.0003177196194883436,0.0,0.2992311418056488
1471,1,0.3275695750489831,1249,0.281875,0.0,0.5,0,241,0,0,-0.0009654015302658081,411.94671630859375,1.4140747785568237,-0.002774045569822192,0.0,0.29073286056518555
1472,1,-0.02910469130893034,1249,0.38375,0.0,0.625,0,497,0,0,0.0005767941474914551,100.24201965332031,1.4383323192596436,0.0007099746726453304,0.0,0.2910226583480835
1473,1,-0.03400825127118878,1249,0.478125,0.0,0.625,0,753,0,0,-0.0013688368489965796,98.12881469726562,1.4491690397262573,-0.00011075133079430088,0.0,0.2817574441432953
1474,1,-0.1470803939992038,1250,0.015625,0.0,0.0,0,9,0,0,-0.0007146808202378452,194.20652770996094,1.4578241109848022,0.001237204996868968,0.0,0.27894383668899536
1475,1,0.7304516878793947,1252,0.01625,0.0,0.0,0,10,0,0,-0.0005448597366921604,594.1380004882812,1.2060798406600952,0.00027982317260466516,0.0,0.41034626960754395
1476,1,2.4489623472345556,1252,0.26375,0.0,0.125,0,266,0,0,0.0003186694229952991,995.56591796875,1.377044677734375,0.0001321723684668541,0.0,0.31608349084854126
1477,1,1.8694945489223755,1252,0.35625,0.0,0.25,0,522,0,0,-9.732476610224694e-05,493.49407958984375,1.3975167274475098,1.4914199709892273e-05,0.0,0.302423894405365
1478,1,1.6523806591530956,1252,0.441875,0.0,0.375,0,778,0,0,-0.0007728381897322834,323.94891357421875,1.4024677276611328,-6.269974164752057e-06,0.0,0.3003472685813904
1479,1,1.5940739832876716,1253,0.071875,0.0,0.125,0,34,0,0,-0.00027898390544578433,301.41314697265625,1.4256656169891357,-6.2593724578619e-05,0.0,0.293109655380249
1480,1,0.34932160557218594,1253,0.28125,0.0,0.25,0,290,0,0,-0.0006483364850282669,91.39085388183594,1.368395209312439,0.00033431750489398837,0.0,0.3173907399177551
1481,1,0.4512204351949549,1255,0.02875,0.0,0.0,0,39,0,0,-0.0009547261288389564,555.1925048828125,1.444327712059021,0.0002617412246763706,0.0,0.2828695476055145
1482,1,0.9491595229592349,1256,0.210625,0.25,0.375,0,246,0,0,-0.0013249628245830536,305.6023254394531,1.3479899168014526,0.0008334302110597491,0.0,0.32851821184158325
1483,1,0.26777796013629995,1258,0.051875,0.0,0.0,0,107,0,0,-0.00047834249562583864,543.975341796875,1.3544480800628662,0.000140174146508798,0.0,0.3391592502593994
1484,1,0.867975939578173,1258,0.44,0.0,0.25,0,363,0,0,-0.000862661749124527,243.26904296875,1.3453054428100586,0.0005878469673916698,0.0,0.32552480697631836
1485,1,0.8010341957306082,1258,0.6425,0.0,0.5,0,619,0,0,-0.0010912636062130332,114.59677124023438,1.4042019844055176,0.0010041496716439724,0.0,0.29683780670166016
1486,1,0.7623631909664255,1258,0.776875,0.25,0.875,0,875,0,0,8.514275396009907e-05,59.265419006347656,1.393837332725525,-0.0003410233184695244,0.0,0.3066113591194153
1487,1,0.25902293811122945,1260,0.011875,0.0,0.0,0,5,0,0,-0.0004144304839428514,314.20660400390625,1.4097927808761597,0.0006380036356858909,0.0,0.3080347180366516
1488,1,0.6693823745736154,1262,0.03625,0.0,0.0,0,28,0,0,-0.00038833668804727495,531.6446533203125,1.3755038976669312,8.62698070704937e-05,0.0,0.31736406683921814
1489,1,0.2510865152871702,1264,0.046875,0.0,0.0,0,108,0,0,1.6934549421421252e-05,519.8416748046875,1.357837438583374,-7.446901872754097e-05,0.0,0.33746978640556335
1490,1,2.3998540813790896,1264,0.2425,0.0,0.25,0,364,0,0,-0.0001888744009193033,1258.85302734375,1.3935391902923584,0.00012332310143392533,0.0,0.3053361475467682
1491,1,2.338318662928941,1264,0.405625,0.0,0.25,0,620,0,0,-0.00030010443879291415,850.3040771484375,1.3943976163864136,0.00019550991419237107,0.0,0.31109827756881714
1492,1,1.8215519103760016,1265,0.28875,0.125,0.5,0,151,0,0,-0.0003708787262439728,562.7883911132812,1.3087234497070312,0.00020735742873512208,0.0,0.3429957330226898
1493,1,1.0580167350726697,1265,0.645625,0.125,0.5,0,407,0,0,-0.0009146506781689823,140.02838134765625,1.3932068347930908,-4.752539098262787e-05,0.0,0.31608012318611145
1494,1,-0.0719649831589777,1269,0.03875,0.0,0.0,0,47,0,0,-6.047263741493225e-05,876.438720703125,1.421968698501587,7.677202665945515e-05,0.0,0.2949090003967285
1495,1,0.04426046599110123,1270,0.2075,0.0,0.125,0,227,0,0,-0.0006357990205287933,356.4709167480469,1.4299688339233398,-0.000199801754206419,0.0,0.29345470666885376
1496,1,0.6068740691689527,1270,0.620625,0.125,0.625,0,483,0,0,-0.003840482560917735,58.565528869628906,1.3958690166473389,0.0004742376913782209,0.0,0.30525755882263184
1497,1,0.21828503869619453,1270,0.77125,0.25,0.625,0,739,0,0,-0.0035119117237627506,61.592445373535156,1.365802526473999,0.002057993318885565,0.0,0.3129384517669678
1498,1,0.8252434399898334,1270,0.810625,0.25,0.625,0,995,0,0,0.0007837045704945922,106.03591918945312,1.464520812034607,-0.00023140510893426836,0.0,0.2648816704750061
1499,1,1.5162935808598377,1271,0.22625,0.0,0.125,0,251,0,0,0.0003226411936338991,420.78131103515625,1.3792904615402222,0.0012422776781022549,0.0,0.3135083317756653
1500,1,2.202693597482721,1271,0.469375,0.0,0.5,0,507,0,0,0.0014943787828087807,840.05908203125,1.430137038230896,0.000652009155601263,0.0,0.2925494313240051
1501,1,1.5664077839901438,1272,0.0525,0.0,0.0,0,28,0,0,-0.00012892670929431915,490.0080871582031,1.4344813823699951,9.370564657729119e-05,0.0,0.2919396162033081
1502,1,0.8185674779233523,1272,0.24,0.0,0.125,0,284,0,0,-0.0005574651877395809,87.90992736816406,1.152052640914917,0.0003371791390236467,0.0,0.4474830627441406
1503,1,0.8365226544314055,1272,0.245,0.0,0.125,0,540,0,0,-0.005862514954060316,48.47432327270508,1.4534509181976318,0.0019776406697928905,0.0,0.27826130390167236
1504,1,1.4983567078197666,1272,0.32625,0.125,0.375,0,796,0,0,-0.001940899877808988,269.47674560546875,1.4260945320129395,-0.0008711448754183948,0.0,0.2966504693031311
1505,1,1.5575140568962524,1273,0.149375,0.0,0.125,0,106,0,0,-0.0003595678135752678,370.974853515625,1.4147062301635742,-0.00010824653872987255,0.0,0.30547621846199036
1506,1,0.89347790183092,1274,0.094375,0.0,0.0,0,53,0,0,-0.002470372710376978,365.2250671386719,1.3905109167099,0.0018339522648602724,0.0,0.30940884351730347
1507,1,0.050169858361186925,1277,0.019375,0.0,0.0,0,13,0,0,0.0006888210773468018,894.02490234375,1.3244975805282593,0.0013281239662319422,0.0,0.3590918779373169
1508,1,0.22763522535387892,1278,0.240625,0.0,0.25,0,159,0,0,-0.0009059397270902991,411.9659729003906,1.3338086605072021,-0.0010216882219538093,0.0,0.34019121527671814
1509,1,0.3299194536593859,1280,0.053125,0.0,0.0,0,25,0,0,0.00045690377010032535,503.128662109375,1.3304656744003296,0.0001895739696919918,0.0,0.33155712485313416
1510,1,0.7545226755682961,1280,0.298125,0.0,0.25,0,281,0,0,-0.0008914346690289676,54.630271911621094,1.2224173545837402,-0.0005419234512373805,0.0,0.3690590262413025
1511,1,0.990480956967076,1280,0.4975,0.25,0.375,0,537,0,0,-0.0011973961954936385,105.49075317382812,1.3809173107147217,7.107388228178024e-06,0.0,0.302616685628891
1512,1,0.6441719463018671,1281,0.056875,0.0,0.0,0,111,0,0,-0.0005072324420325458,284.789306640625,1.312148094177246,-0.0002461184631101787,0.0,0.34484967589378357
1513,1,0.6846615782706067,1281,0.369375,0.0,0.25,0,367,0,0,-0.003205661429092288,75.51252746582031,1.3749966621398926,0.0007689773919992149,0.0,0.30817657709121704
1514,1,1.9140989309817087,1286,0.015625,0.0,0.0,0,8,0,0,-0.0017704250058159232,1220.4293212890625,1.4026954174041748,0.0017992350040003657,0.0,0.30793821811676025
1515,1,-0.45724221067212056,1289,0.054375,0.0,0.0,0,25,0,0,0.0005943980067968369,746.5836181640625,1.446725845336914,-0.001777192926965654,0.0,0.28768953680992126
1516,1,0.7882347948470851,1290,0.300625,0.0,0.125,0,227,0,0,-0.0027592102997004986,360.26806640625,1.1081852912902832,0.003120299195870757,0.0,0.44085702300071716
1517,1,0.8042161647244939,1292,0.073125,0.125,0.125,0,118,0,0,1.1923412785108667e-05,421.76434326171875,1.3913345336914062,-0.0005147982155904174,0.0,0.3085598349571228
1518,1,0.7462408629071433,1292,0.40375,0.125,0.375,0,374,0,0,-0.000861097127199173,59.54228210449219,1.2989306449890137,-0.00046748746535740793,0.0,0.35167813301086426
1519,1,1.8526729172244814,1292,0.571875,0.25,0.5,0,630,0,0,0.0015521261375397444,817.294921875,1.442269206047058,-0.0003695002233143896,0.0,0.27856728434562683
1520,1,1.6011458213743026,1292,0.614375,0.25,0.625,0,886,0,0,-0.0001717511040624231,465.59088134765625,1.4570424556732178,0.0003554155118763447,0.0,0.2817659378051758
1521,1,0.8950607855222188,1294,0.100625,0.0,0.0,0,121,0,0,-0.0007270053029060364,322.06805419921875,1.4458240270614624,3.6852747143711895e-05,0.0,0.28830742835998535
1522,1,1.4091218387984554,1294,0.315625,0.0,0.0,0,377,0,0,-0.0011642969911918044,463.25177001953125,1.3339848518371582,0.0002729268744587898,0.0,0.34179139137268066
1523,1,2.2274315475560797,1294,0.51,0.0,0.125,0,633,0,0,-0.0004451628774404526,719.026611328125,1.4221954345703125,-0.00012163290375610813,0.0,0.29215747117996216
1524,1,2.6902883654934158,1294,0.51,0.0,0.125,0,889,0,0,-8.777156472206116e-05,1220.7991943359375,1.4224903583526611,-0.0004767542704939842,0.0,0.3046357035636902
1525,1,0.5580455217811959,1295,0.216875,0.0,0.0,0,189,0,0,-0.0005943825235590339,437.2677001953125,1.4201889038085938,-0.00013459350157063454,0.0,0.3011314868927002
1526,1,0.89324561948888,1295,0.555,0.125,0.125,0,445,0,0,-0.00020098531967960298,172.80902099609375,1.2768406867980957,0.00024059461429715157,0.0,0.3556884229183197
1527,1,0.9438489469075648,1295,0.57375,0.25,0.125,0,701,0,0,-0.0007832317496649921,96.09880828857422,1.4664782285690308,-0.00010681804269552231,0.0,0.27332624793052673
1528,1,0.7171125888817187,1295,0.64125,0.25,0.25,0,957,0,0,-0.0021535425912588835,76.73121643066406,1.4964158535003662,0.0026328915264457464,0.0,0.24754123389720917
1529,1,1.2288506793775014,1296,0.275,0.125,0.375,0,213,0,0,-9.915139526128769e-05,549.7535400390625,1.4028452634811401,0.000580793886911124,0.0,0.28976187109947205
1530,1,0.409155310553615,1296,0.321875,0.25,0.375,0,469,0,0,-0.0021106526255607605,128.05368041992188,1.463050127029419,0.0009227952687069774,0.0,0.25977951288223267
1531,1,0.45584627082826046,1298,0.124375,0.0,0.125,0,69,0,0,-0.000632287934422493,551.2841796875,1.3967583179473877,-0.0009985549841076136,0.0,0.29744046926498413
1532,1,1.1480526994855609,1298,0.28,0.125,0.375,0,325,0,0,-0.0017057284712791443,142.13296508789062,1.2884101867675781,-7.636146619915962e-05,0.0,0.35648155212402344
1533,1,1.2523254749794432,1299,0.07625,0.0,0.0,0,86,0,0,-0.002636263146996498,559.4246215820312,1.4448673725128174,-0.0010869669495150447,0.0,0.29027387499809265
1534,1,1.4062558949103732,1300,0.263125,0.0,0.5,0,246,0,0,-0.0004105673579033464,637.2244873046875,1.4258053302764893,0.00036956960684619844,0.0,0.28694990277290344
1535,1,2.674675651076541,1300,0.441875,0.0,0.5,0,502,0,0,-0.0012478216085582972,1816.837158203125,1.3849815130233765,0.00019952049478888512,0.0,0.30126410722732544
1536,1,2.2466940798003634,1300,0.671875,0.0,0.625,0,758,0,0,-0.0008483960991725326,887.5427856445312,1.3968701362609863,0.00045664081699214876,0.0,0.29605650901794434
1537,1,1.710823954847001,1301,0.019375,0.0,0.0,0,14,0,0,-4.581703615258448e-05,619.6058349609375,1.413784384727478,0.0004168831219431013,0.0,0.28814268112182617
1538,1,1.8596406960677996,1301,0.38625,0.0,0.375,0,270,0,0,-0.0007292029331438243,602.8314819335938,1.3433723449707031,0.0006316886283457279,0.0,0.3312046527862549
1539,1,0.24075339155388065,1301,0.5225,0.125,0.5,0,526,0,0,-7.000441837590188e-05,160.5769805908203,1.4289546012878418,-0.0002431470638839528,0.0,0.2926841378211975
1540,1,-0.14525527019691253,1301,0.759375,0.125,0.625,0,782,0,0,-0.0016175294294953346,157.9337158203125,1.4510183334350586,0.0007898785988800228,0.0,0.2732524275779724
1541,1,-0.22962741371293305,1303,0.035,0.0,0.0,0,25,0,0,-3.35977747454308e-05,489.4180908203125,1.4712867736816406,0.00023571946076117456,0.0,0.2661348581314087
1542,1,0.5807643122825539,1304,0.160625,0.125,0.125,0,140,0,0,-0.0005581192672252655,457.5809326171875,1.377737283706665,4.906455797026865e-05,0.0,0.308992862701416
1543,1,-0.506227222027519,1304,0.381875,0.125,0.125,0,396,0,0,-0.00030240201158449054,337.41937255859375,1.4083163738250732,0.00015352232730947435,0.0,0.30127495527267456
1544,1,0.42139942679932574,1304,0.626875,0.125,0.25,0,652,0,0,-0.0008230818202719092,156.9233856201172,1.2422764301300049,0.00013922201469540596,0.0,0.38160941004753113
1545,1,0.43967689561213774,1304,0.79875,0.25,0.625,0,908,0,0,-0.00039937286055646837,87.46086120605469,1.3898228406906128,5.720664557884447e-05,0.0,0.30564019083976746
1546,1,0.32317193787457654,1305,0.17875,0.0,0.125,0,164,0,0,-0.00045100413262844086,156.76304626464844,1.4438327550888062,9.223695087712258e-05,0.0,0.2769816815853119
1547,1,0.5952089087707009,1305,0.441875,0.25,0.375,0,420,0,0,-0.0014040234964340925,245.9322052001953,1.377506971359253,-8.025672286748886e-06,0.0,0.3074367046356201
1548,1,1.5934507382180527,1305,0.594375,0.375,0.375,0,676,0,0,0.0008171331137418747,308.0269470214844,1.367523193359375,-0.0007201292319223285,0.0,0.3107556700706482
1549,1,0.3798837888480193,1305,0.7225,0.375,0.5,0,932,0,0,-0.002189954277127981,63.140830993652344,1.4277657270431519,-0.001269123749807477,0.0,0.28707581758499146
1550,1,0.28817555904970504,1307,0.171875,0.0,0.125,0,95,0,0,-0.0016969460994005203,521.1346435546875,1.462638258934021,0.0008648023940622807,0.0,0.2724094092845917
1551,1,0.17953994438721566,1307,0.3775,0.125,0.375,0,351,0,0,-0.0015772664919495583,100.62504577636719,1.4436087608337402,0.00034303823485970497,0.0,0.2727009654045105
1552,1,0.04662180946797889,1307,0.5275,0.125,0.375,0,607,0,0,-0.0009803887223824859,127.56411743164062,1.4509786367416382,0.0010432049166411161,0.0,0.28003448247909546
1553,1,0.47629047771624755,1307,0.636875,0.125,0.75,0,863,0,0,-0.004911939147859812,67.34716033935547,1.463606357574463,-0.00022319130948744714,0.0,0.26414093375205994
1554,1,1.338599328766577,1308,0.221875,0.0,0.25,0,119,0,0,-0.00026532821357250214,330.828369140625,1.4082082509994507,-0.0021093464456498623,0.0,0.29118582606315613
1555,1,0.673692128584662,1310,0.065,0.0,0.0,0,84,0,0,-0.0007421663030982018,651.292236328125,1.4452683925628662,0.002630546223372221,0.0,0.2721317410469055
1556,1,1.8044180458946357,1310,0.400625,0.25,0.5,0,340,0,0,-0.0011474353959783912,536.37744140625,1.3446018695831299,0.0023081910330802202,0.0,0.32166919112205505
1557,1,1.7202805629603972,1310,0.55375,0.375,0.5,0,596,0,0,-0.0002099468110827729,382.4861755371094,1.431807518005371,0.00021518270659726113,0.0,0.2770364284515381
1558,1,2.5629248271902725,1310,0.715625,0.375,0.5,0,852,0,0,-0.0005263527855277061,1126.478759765625,1.4567760229110718,9.203795343637466e-05,0.0,0.2782898247241974
1559,1,1.3762009546735499,1311,0.11625,0.0,0.0,0,108,0,0,-7.482866749342065e-06,480.4059753417969,1.4189250469207764,3.852260851999745e-05,0.0,0.29092079401016235
1560,1,1.1880278037388052,1312,0.20375,0.25,0.25,0,152,0,0,-0.0006845829775556922,520.2735595703125,1.277121901512146,0.0003033873508684337,0.0,0.3602219223976135
1561,1,0.8540310313665032,1313,0.06625,0.0,0.125,0,68,0,0,-0.0037877715658396482,322.8143005371094,1.381484031677246,0.0005951111088506877,0.0,0.3134141266345978
1562,1,1.1209039524001128,1313,0.48375,0.125,0.625,0,324,0,0,0.0005352547159418464,168.43234252929688,1.329412817955017,0.0032809837721288204,0.0,0.3226890563964844
1563,1,0.5016001869134925,1313,0.634375,0.125,0.75,0,580,0,0,-0.00011096506932517514,187.92861938476562,1.4248813390731812,0.0010223924182355404,0.0,0.2881856858730316
1564,1,0.28993941680164426,1313,0.73,0.125,0.75,0,836,0,0,-0.0016259094700217247,66.67993927001953,1.4408591985702515,0.00023318144667427987,0.0,0.28650662302970886
1565,1,-0.016916669397687656,1315,0.06125,0.0,0.125,0,26,0,0,5.897010487387888e-05,617.769775390625,1.3253483772277832,0.0004800005699507892,0.0,0.3379780650138855
1566,1,0.7337344637635397,1316,0.263125,0.0,0.25,0,251,0,0,-0.011140844784677029,345.87591552734375,1.3451495170593262,0.009734950959682465,0.3463541865348816,0.3296216130256653
1567,1,2.1895026701968163,1316,0.546875,0.0,0.25,0,507,0,0,0.0029375641606748104,789.6924438476562,1.440633773803711,-0.0005594486137852073,0.00390625,0.28314658999443054
1568,1,1.5233554586347964,1316,0.649375,0.0,0.375,0,763,0,0,-0.0019226055592298508,304.3223876953125,1.4549131393432617,0.001210517599247396,0.0,0.27346014976501465
1569,1,1.8007567370659672,1317,0.02625,0.0,0.0,0,19,0,0,0.00012506110942922533,466.31842041015625,1.4421355724334717,0.00019045842054765671,0.0,0.28726714849472046
1570,1,0.8506993054106715,1317,0.33875,0.125,0.5,0,275,0,0,-0.0004299053398426622,144.1214599609375,1.2328174114227295,0.0008860607631504536,0.0,0.3899640440940857
1571,1,-0.119722718547564,1317,0.376875,0.125,0.5,0,531,0,0,-8.802240699878894e-06,147.7336883544922,1.4956765174865723,-0.0003534490242600441,0.0,0.2528010606765747
1572,1,-0.21631165719509227,1317,0.488125,0.125,0.625,0,787,0,0,-0.0013886995147913694,171.65768432617188,1.509485125541687,0.00036295270547270775,0.0,0.2542870044708252
1573,1,0.07153589756489964,1318,0.0525,0.0,0.0,0,43,0,0,-0.0006516948342323303,231.0386962890625,1.4700273275375366,-0.0006272140890359879,0.0,0.2733730971813202
1574,1,1.9544294893885308,1318,0.348125,0.0,0.5,0,299,0,0,-0.00035836672759614885,748.9378662109375,1.3569304943084717,0.0002632492105476558,0.0,0.32802239060401917
1575,1,1.359915606040886,1318,0.3925,0.0,0.5,0,555,0,0,-0.0002193447871832177,331.6165771484375,1.490715503692627,-0.000318966805934906,0.0,0.2620151937007904
1576,1,1.371524238150073,1318,0.42875,0.0,0.5,0,811,0,0,-0.000972502282820642,339.03717041015625,1.4987664222717285,6.153884896775708e-05,0.0,0.2673175036907196
1577,1,0.04127208545014582,1319,0.065,0.0,0.0,0,67,0,0,-0.000990494154393673,197.612548828125,1.4033184051513672,0.0002037432714132592,0.0,0.3029623031616211
1578,1,0.5782088339292386,1319,0.254375,0.0,0.125,0,323,0,0,-0.00793595239520073,131.61602783203125,1.3968957662582397,0.006373702548444271,0.1588541716337204,0.31631025671958923
1579,1,1.5226264331868151,1319,0.41875,0.0,0.25,0,579,0,0,0.0013270014896988869,287.706298828125,1.4828284978866577,0.007089005317538977,0.0,0.26708662509918213
1580,1,0.0019420824173721485,1319,0.45125,0.0,0.25,0,835,0,0,0.0006823993171565235,140.82235717773438,1.4742640256881714,0.0014361365465447307,0.0,0.2633412480354309
1581,1,-0.24209586295910412,1321,0.103125,0.0,0.0,0,79,0,0,0.0020037542562931776,402.36968994140625,1.4541691541671753,0.0007600578246638179,0.0,0.2795625329017639
1582,1,0.901273384821252,1322,0.299375,0.125,0.375,0,215,0,0,-0.0008367064292542636,324.7882080078125,1.377357840538025,-0.00033072041696868837,0.0,0.3055036962032318
1583,1,-0.08337989935535006,1322,0.365625,0.125,0.375,0,471,0,0,-0.0017740230541676283,128.77748107910156,1.492754340171814,-0.0007222662679851055,0.0,0.26540905237197876
1584,1,-0.17700839265671675,1322,0.365625,0.125,0.375,0,727,0,0,-0.0010628532618284225,149.0663604736328,1.5079444646835327,0.0010003967909142375,0.0,0.2637590169906616
1585,1,-0.1598883316755746,1322,0.3775,0.125,0.375,0,983,0,0,-0.0021726670674979687,81.93765258789062,1.5083521604537964,0.00034233307815156877,0.0,0.26275691390037537
1586,1,0.5386786116259827,1323,0.34875,0.0,0.375,0,239,0,0,-0.0010569046717137098,97.6537094116211,1.3741540908813477,0.0005497600650414824,0.0,0.3120376765727997
1587,1,-0.0163811724705738,1323,0.473125,0.0,0.375,0,495,0,0,-0.002399768680334091,93.93900299072266,1.524779200553894,0.00019536339095793664,0.0,0.2503468990325928
1588,1,-0.05494161939714104,1323,0.566875,0.0,0.625,0,751,0,0,-0.002706451341509819,44.789161682128906,1.518494963645935,-0.00012844987213611603,0.0,0.254018634557724
1589,1,-0.11230858963244827,1324,0.0125,0.0,0.0,0,7,0,0,-0.0017951324116438627,27.041362762451172,1.5142090320587158,0.000763772230129689,0.0,0.26293087005615234
1590,1,1.699321804326246,1324,0.3675,0.0,0.25,0,263,0,0,-0.0007709302008152008,444.790283203125,1.5128378868103027,-0.00019260744738858193,0.0,0.25504741072654724
1591,1,0.8629402469341585,1324,0.486875,0.0,0.375,0,519,0,0,-0.00196085125207901,63.173099517822266,1.5189589262008667,-0.00012447840708773583,0.0,0.2603040039539337
1592,1,0.9760346293442126,1324,0.49,0.0,0.375,0,775,0,0,-0.002049042610451579,145.3927764892578,1.535221815109253,0.0002771862782537937,0.0,0.25341352820396423
1593,1,0.6732544472738482,1325,0.05,0.0,0.125,0,31,0,0,-0.0008618381689302623,182.08526611328125,1.4829444885253906,-9.614182636141777e-05,0.0,0.28005272150039673
1594,1,0.6440420748813267,1327,0.09125,0.0,0.0,0,53,0,0,9.604419574316125e-06,420.39276123046875,1.3927844762802124,0.0008796759648248553,0.0,0.30403992533683777
1595,1,1.1055537476695463,1327,0.290625,0.0,0.0,0,309,0,0,-0.0010545076802372932,117.51860809326172,1.3367149829864502,0.0001148865558207035,0.0,0.34567832946777344
1596,1,0.3212117068396765,1327,0.3625,0.0,0.125,0,565,0,0,-0.0007973741739988327,57.73442077636719,1.5338399410247803,5.3515970648732036e-05,0.0,0.2398110330104828
1597,1,0.5275069340077607,1327,0.43375,0.0,0.25,0,821,0,0,-0.0023311306722462177,45.59173583984375,1.530347228050232,4.066930614499142e-06,0.0,0.2479461431503296
1598,1,0.5661821613230131,1328,0.101875,0.0,0.125,0,77,0,0,-0.0019273690413683653,127.77552795410156,1.4889531135559082,-0.0007920015486888587,0.0,0.2693427801132202
1599,1,0.8820618068323256,1328,0.381875,0.25,0.375,0,333,0,0,-0.001663051312789321,118.90631103515625,1.4105528593063354,-0.00013913649308960885,0.0,0.29271960258483887
1600,1,1.0329649195045931,1328,0.4175,0.375,0.375,0,589,0,0,-0.0016020741313695908,84.7349853515625,1.268196940422058,0.002407390158623457,0.0,0.35163456201553345
1601,1,1.1054693810601748,1328,0.4325,0.375,0.375,0,845,0,0,0.0013526713009923697,174.46182250976562,1.5033762454986572,0.0006886289338581264,0.0,0.2483077496290207
1602,1,0.8494473246628331,1329,0.16,0.0,0.0,0,101,0,0,-0.0009316876530647278,82.221435546875,1.3799703121185303,0.0005274045979604125,0.0,0.3101890981197357
1603,1,1.0613198588398518,1331,0.27125,0.125,0.25,0,191,0,0,-0.0014987895265221596,538.8350830078125,1.1860570907592773,-0.0004022495704703033,0.0,0.41631078720092773
1604,1,0.6135419861857372,1331,0.38,0.25,0.375,0,447,0,0,-0.0017185037722811103,45.52775573730469,1.3990209102630615,-0.0004539409128483385,0.0,0.29910942912101746
1605,1,1.0236420567405276,1332,0.16125,0.125,0.25,0,108,0,0,-0.0004407155211083591,457.8236083984375,1.3798164129257202,-0.0005173650570213795,0.0,0.30786678194999695
1606,1,1.3669402529608305,1332,0.405,0.25,0.375,0,364,0,0,0.0006402017315849662,228.2656707763672,1.484208345413208,0.00022460846230387688,0.0,0.25454404950141907
1607,1,0.8906713231244794,1332,0.498125,0.25,0.5,0,620,0,0,-0.0002322091459063813,97.44168090820312,1.531388282775879,0.00012646568939089775,0.0,0.24670539796352386
1608,1,0.8429230180627201,1332,0.66625,0.25,0.875,0,876,0,0,-0.0019733484368771315,52.9615478515625,1.5074145793914795,0.0003552947600837797,0.0,0.25206875801086426
1609,1,0.7873725953372741,1333,0.216875,0.125,0.125,0,132,0,0,-0.0024302653037011623,156.844970703125,1.4948972463607788,-0.00023146983585320413,0.0,0.2537730932235718
1610,1,0.39035683796100784,1334,0.22625,0.0,0.125,0,190,0,0,-0.0014289183309301734,254.76840209960938,1.3595983982086182,-0.0009763880516402423,0.0,0.32353031635284424
1611,1,0.4678825926966965,1334,0.344375,0.25,0.25,0,446,0,0,-0.00012757256627082825,80.49148559570312,1.3522582054138184,-0.00020597534603439271,0.0,0.33616694808006287
1612,1,0.6526938176320982,1334,0.45125,0.25,0.25,0,702,0,0,-0.0011411856394261122,77.60437774658203,1.2045592069625854,0.0002163474855478853,0.0,0.3943653106689453
1613,1,0.4310298988914383,1334,0.47375,0.25,0.5,0,958,0,0,-0.00040219788206741214,23.924583435058594,1.4166598320007324,3.2776347325125244e-06,0.0,0.2826969623565674
1614,1,0.3491696414494072,1337,0.08,0.0,0.0,0,35,0,0,-0.000205356627702713,520.6649169921875,1.4175914525985718,2.5095263481489383e-05,0.0,0.30076757073402405
1615,1,0.9834627267191536,1337,0.386875,0.125,0.5,0,291,0,0,-0.000576237216591835,223.4901885986328,1.252946376800537,0.00019009210518561304,0.0,0.37389636039733887
1616,1,0.962616466324107,1337,0.455,0.5,0.5,0,547,0,0,-0.00010749853390734643,95.60739135742188,1.339775800704956,-2.8988968551857397e-05,0.0,0.3404579162597656
1617,1,0.5315271140498226,1338,0.240625,0.0,0.25,0,121,0,0,-0.0013599902158603072,245.33453369140625,1.4068586826324463,0.0007459712214767933,0.0,0.3008035123348236
1618,1,1.2965058117079025,1338,0.540625,0.25,0.375,0,377,0,0,-0.0014744814252480865,178.7408447265625,1.1641764640808105,-0.0005266823573037982,0.0,0.3839454650878906
1619,1,0.7707341733099895,1338,0.663125,0.5,0.5,0,633,0,0,-0.0013319961726665497,63.367130279541016,1.398423194885254,0.00022179463121574372,0.0,0.29241979122161865
1620,1,0.4116595216364658,1338,0.7025,0.5,0.5,0,889,0,0,-4.473763328860514e-05,14.370933532714844,1.456474781036377,0.0005009588785469532,0.0,0.2621738910675049
1621,1,0.20776245909155477,1341,0.041875,0.0,0.0,0,45,0,0,-0.00135603710077703,536.9100341796875,1.4402130842208862,5.558148768614046e-05,0.0,0.2851065397262573
1622,1,0.8825568709235085,1341,0.273125,0.125,0.125,0,301,0,0,-0.00023420776415150613,122.28010559082031,1.1660373210906982,0.00041694226092658937,0.0,0.39964938163757324
1623,1,1.1181621108225954,1341,0.4425,0.125,0.375,0,557,0,0,-0.00061701302183792,119.01667785644531,1.4858829975128174,0.00034352843067608774,0.0,0.2502390742301941
1624,1,1.1824110549314355,1341,0.529375,0.125,0.375,0,813,0,0,-0.0017276344588026404,100.53898620605469,1.5029796361923218,9.420265996595845e-05,0.0,0.2510223388671875
1625,1,0.6557529830788553,1342,0.124375,0.0,0.0,0,140,0,0,-0.002586447400972247,136.90951538085938,1.388899564743042,0.0011224359041079879,0.0,0.3279324173927307
1626,1,0.6101305876418337,1343,0.10375,0.0,0.0,0,71,0,0,-0.00018732498574536294,350.4102783203125,1.3762731552124023,-0.00021344469860196114,0.0,0.3140697181224823
1627,1,0.9144854030600982,1343,0.466875,0.125,0.5,0,327,0,0,-0.002239133231341839,136.35781860351562,1.1888947486877441,0.002235311083495617,0.0,0.37324029207229614
1628,1,1.2646410756547084,1343,0.5175,0.5,0.5,0,583,0,0,-0.0007471907883882523,211.85287475585938,1.4388025999069214,-0.00018847284081857651,0.0,0.2873947322368622
1629,1,1.3075071557996125,1343,0.553125,0.5,0.5,0,839,0,0,-9.829489135881886e-05,146.18496704101562,1.5210599899291992,0.0003274131449870765,0.0,0.23553645610809326
1630,1,1.3128640590712166,1344,0.194375,0.0,0.25,0,95,0,0,0.0001140435560955666,236.30239868164062,1.3967301845550537,0.00017524992290418595,0.0,0.2910804748535156
1631,1,1.2921255445180577,1344,0.5625,0.375,0.5,0,351,0,0,-0.0002916840312536806,170.42330932617188,1.2912285327911377,2.072503230010625e-05,0.0,0.3390023112297058
1632,1,1.1045039976670523,1344,0.611875,0.375,0.5,0,607,0,0,-0.001182648353278637,141.8154296875,1.4979894161224365,0.00027799949748441577,0.0,0.2520434260368347
1633,1,2.147204314076589,1344,0.716875,0.375,0.625,0,863,0,0,-0.0022146976552903652,661.4962158203125,1.5285584926605225,0.0001989522424992174,0.0,0.24421875178813934
1634,1,1.5017850069816632,1345,0.294375,0.0,0.5,0,119,0,0,-4.357844591140747e-05,306.85467529296875,1.375565528869629,0.0003081506001763046,0.0,0.31616610288619995
1635,1,1.0123242007698536,1345,0.494375,0.5,0.625,0,375,0,0,-0.0011098224204033613,187.9422607421875,1.380383849143982,0.0003651605802588165,0.0,0.312202125787735
1636,1,0.6750934066913032,1346,0.06875,0.0,0.0,0,34,0,0,-0.0017421969678252935,194.6634521484375,1.4164384603500366,0.0011353627778589725,0.0,0.29175037145614624
1637,1,1.8472931355754554,1346,0.361875,0.375,0.5,0,290,0,0,-0.0002444650453981012,541.3255004882812,1.3156611919403076,-2.4736238628975116e-05,0.0,0.33736419677734375
1638,1,2.091008929122836,1346,0.4875,0.375,0.625,0,546,0,0,-0.00034936083829961717,664.38623046875,1.524786353111267,0.00018309398728888482,0.0,0.24570870399475098
1639,1,1.698705463179067,1346,0.596875,0.375,0.75,0,802,0,0,-0.0015312269097194076,367.2904052734375,1.5209641456604004,-4.6175286115612835e-05,0.0,0.24777138233184814
1640,1,1.4166600791797919,1347,0.128125,0.0,0.25,0,58,0,0,-0.000559865206014365,335.39300537109375,1.4677575826644897,0.00021330686286091805,0.0,0.2779596745967865
1641,1,0.7563296217558673,1347,0.353125,0.125,0.25,0,314,0,0,-0.0017117442330345511,112.30023193359375,1.3367068767547607,0.00054021121468395,0.0,0.31556493043899536
1642,1,0.6136206131886865,1348,0.271875,0.0,0.125,0,178,0,0,-0.0011618025600910187,274.4880065917969,1.3923206329345703,0.0010805053170770407,0.0,0.3077540993690491
1643,1,1.4197606371681104,1348,0.460625,0.125,0.5,0,434,0,0,-0.0012271081795915961,255.05648803710938,1.3457915782928467,-0.00034824589965865016,0.0,0.31777939200401306
1644,1,1.5341805574298633,1348,0.520625,0.125,0.5,0,690,0,0,-0.0019709724001586437,243.94024658203125,1.4987367391586304,0.0014153688680380583,0.0,0.25125133991241455
1645,1,1.4930254294740735,1348,0.526875,0.125,0.5,0,946,0,0,-0.0014335280284285545,274.62518310546875,1.5164716243743896,0.0003352238272782415,0.0,0.24488578736782074
1646,1,1.7254037348629936,1349,0.154375,0.0,0.125,0,202,0,0,-0.0006904962356202304,439.3448486328125,1.4816522598266602,0.0007758550345897675,0.0,0.2696067988872528
1647,1,2.5217980701803526,1349,0.395625,0.0,0.375,0,458,0,0,-0.00018112175166606903,939.7555541992188,1.5144317150115967,0.00018280264339409769,0.0,0.26057949662208557
1648,1,1.4465565651153156,1349,0.4525,0.0,0.375,0,714,0,0,-0.0002516179229132831,258.9198303222656,1.5148515701293945,1.603551208972931e-05,0.0,0.25340133905410767
1649,1,1.6224821219675505,1349,0.456875,0.0,0.375,0,970,0,0,-0.0010201925178989768,306.9564208984375,1.5211398601531982,0.0001673943770583719,0.0,0.25340980291366577
1650,1,1.9117229475778004,1350,0.36125,0.25,0.625,0,226,0,0,-0.00022070234990678728,478.6076354980469,1.481668472290039,0.0002404763363301754,0.0,0.2598588466644287
1651,1,1.485757894211929,1350,0.426875,0.375,0.625,0,482,0,0,-0.0013520175125449896,395.90057373046875,1.3644263744354248,1.9650906324386597e-05,0.0,0.3227929472923279
1652,1,0.26176392520210356,1350,0.461875,0.375,0.625,0,738,0,0,-0.0032108421437442303,76.14959716796875,1.4773013591766357,0.00021600490435957909,0.0,0.2677532732486725
1653,1,0.20692859609266634,1350,0.4675,0.375,0.625,0,994,0,0,-0.0015224622329697013,66.17997741699219,1.4909436702728271,-0.0001108250580728054,0.0,0.2623354196548462
1654,1,0.7970416921107244,1351,0.358125,0.0,0.375,0,250,0,0,-0.0022725402377545834,252.02735900878906,1.252974510192871,0.00046077356091700494,0.0,0.3560630977153778
1655,1,0.9800858154485468,1353,0.108125,0.0,0.0,0,89,0,0,-0.001959022833034396,599.3421020507812,1.3372278213500977,0.0015840386040508747,0.0,0.3274914622306824
1656,1,1.62967439726458,1353,0.3775,0.125,0.125,0,345,0,0,0.0014029716840013862,265.8203430175781,1.4076411724090576,-0.0002019500097958371,0.0,0.29253384470939636
1657,1,1.3915873374048715,1353,0.396875,0.125,0.125,0,601,0,0,-0.000827938667498529,303.602294921875,1.5146691799163818,0.0008368029957637191,0.0,0.24794292449951172
1658,1,1.8305397330550477,1353,0.483125,0.125,0.25,0,857,0,0,-0.0004581250250339508,564.865966796875,1.5092458724975586,-0.0002932303468696773,0.0,0.25198501348495483
1659,1,1.2328198131939416,1354,0.15,0.0,0.125,0,113,0,0,-0.0008040753891691566,236.22332763671875,1.4235877990722656,-0.0012463247403502464,0.0,0.28890758752822876
1660,1,0.4654442854689478,1354,0.349375,0.0,0.375,0,369,0,0,-0.0014466473367065191,80.72116088867188,1.4752253293991089,-0.0002726271632127464,0.0,0.2638349235057831
1661,1,2.1671573441308283,1354,0.5925,0.0,0.625,0,625,0,0,0.0002089838235406205,716.466064453125,1.500396728515625,-9.458854037802666e-05,0.0,0.2572265565395355
1662,1,2.470552028518796,1354,0.685625,0.0,0.625,0,881,0,0,0.0001882320939330384,1032.13330078125,1.522216558456421,0.00012662836525123566,0.0,0.2502821087837219
1663,1,1.365873570974145,1355,0.171875,0.0,0.25,0,137,0,0,-0.00031420402228832245,265.6856994628906,1.4534294605255127,9.667500853538513e-05,0.0,0.28457123041152954
1664,1,1.811165592951511,1355,0.410625,0.25,0.625,0,393,0,0,-3.171836578985676e-05,520.3380737304688,1.43783700466156,4.115762931178324e-05,0.0,0.2853870689868927
1665,1,2.2216130799934035,1355,0.476875,0.375,0.625,0,649,0,0,-0.00014043351984582841,720.8824462890625,1.412541389465332,-5.2047740609850734e-05,0.0,0.31113380193710327
1666,1,0.8382965441887791,1355,0.48125,0.625,0.625,0,905,0,0,-0.0005978367989882827,241.83767700195312,1.4805734157562256,0.0001457760517951101,0.0,0.25866827368736267
1667,1,1.3078237906715913,1356,0.22625,0.0,0.375,0,161,0,0,-0.0009920647135004401,307.23358154296875,1.4720172882080078,-0.00021750635642092675,0.0,0.2659350633621216
1668,1,1.3788207465026971,1356,0.43,0.0,0.625,0,417,0,0,-0.0015488214557990432,165.57144165039062,1.5141398906707764,0.00010545536497374997,0.0,0.24707143008708954
1669,1,1.2247570561785324,1356,0.47875,0.0,0.625,0,673,0,0,-0.0006243413081392646,226.64625549316406,1.5024545192718506,0.0005829408764839172,0.0,0.25861427187919617
1670,1,2.8175680905405898,1356,0.535,0.0,0.625,0,929,0,0,-0.001476848847232759,1495.5137939453125,1.492337942123413,-0.00021335638302844018,0.0,0.2705588936805725
1671,1,1.6666876932722516,1357,0.27,0.25,0.5,0,185,0,0,0.00021730735898017883,466.665283203125,1.3585270643234253,0.00025009908131323755,0.0,0.30834585428237915
1672,1,0.7675841929967646,1357,0.386875,0.625,0.625,0,441,0,0,-0.0023757207673043013,106.00968170166016,1.3655036687850952,0.0008662588661536574,0.0,0.31558069586753845
1673,1,1.9328325733004021,1357,0.5275,0.625,0.625,0,697,0,0,-0.00023599466658197343,498.9111328125,1.4968211650848389,3.9243604987859726e-05,0.0,0.24371962249279022
1674,1,1.4740264000847674,1358,0.233125,0.25,0.25,0,190,0,0,0.0007934793829917908,375.3727111816406,1.3594201803207397,0.0005033488268963993,0.0,0.32105782628059387
1675,1,1.9347331296864922,1358,0.548125,0.25,0.75,0,446,0,0,-0.00031381845474243164,626.4217529296875,1.470342993736267,7.4463896453380585e-06,0.0,0.26705729961395264
1676,1,2.911735560061061,1358,0.635,0.25,0.75,0,702,0,0,0.00033792885369621217,1528.201171875,1.4721438884735107,-0.00018298253417015076,0.0,0.27473241090774536
1677,1,2.7025043516860023,1358,0.68625,0.25,0.875,0,958,0,0,-0.0004818718880414963,1235.096435546875,1.4795111417770386,0.00011848068970721215,0.0,0.2716570496559143
1678,1,1.6784356069499609,1359,0.273125,0.0,0.5,0,214,0,0,-0.0004034942830912769,449.335693359375,1.4518998861312866,0.00012984065688215196,0.0,0.2724991738796234
1679,1,2.805349079777443,1359,0.445625,0.0,0.625,0,470,0,0,-0.0005438439548015594,1372.449951171875,1.4702179431915283,-8.375057950615883e-05,0.0,0.2712979316711426
1680,1,2.3373280274827266,1359,0.454375,0.0,0.625,0,726,0,0,-0.000828854157589376,824.794189453125,1.4701552391052246,-0.00017703231424093246,0.0,0.27536797523498535
1681,1,2.913174124541001,1359,0.510625,0.0,0.625,0,982,0,0,-0.0003222273662686348,1405.525146484375,1.4672985076904297,-0.00028142984956502914,0.0,0.2722755968570709
1682,1,0.7260084243607707,1360,0.374375,0.0,0.625,0,238,0,0,-0.0007081283256411552,220.5406494140625,1.3567017316818237,0.00015235428872983903,0.0,0.3258892297744751
1683,1,1.4296176057359844,1360,0.439375,0.375,0.625,0,494,0,0,3.535393625497818e-05,329.16265869140625,1.497290015220642,0.0004909915733151138,0.0,0.2563014030456543
1684,1,0.8472203212454588,1360,0.45875,0.375,0.625,0,750,0,0,-0.0054841069504618645,69.9888916015625,1.5013747215270996,0.0022142156958580017,0.0,0.2565576732158661
1685,1,1.8033657116247923,1361,0.014375,0.0,0.0,0,6,0,0,0.006228893529623747,429.25592041015625,1.4990901947021484,-0.0011078690877184272,0.0,0.2615548074245453
1686,1,0.5279431258531986,1364,0.02375,0.0,0.0,0,21,0,0,-0.001549102133139968,877.226318359375,1.2950975894927979,-0.0017734060529619455,0.0,0.35898375511169434
1687,1,1.3959039956098422,1365,0.224375,0.0,0.125,0,148,0,0,-0.0004512177256401628,495.3348388671875,1.317636251449585,0.0005124245653860271,0.0,0.33826106786727905
1688,1,2.2755969469108095,1365,0.39375,0.25,0.25,0,404,0,0,0.00030631449772045016,704.8662109375,1.3866965770721436,-0.00016053440049290657,0.0,0.30103573203086853
1689,1,1.6687700593902264,1365,0.395,0.25,0.25,0,660,0,0,0.00017403873789589852,346.9654846191406,1.4476354122161865,7.190834730863571e-05,0.0,0.2799876630306244
1690,1,1.9646064614462375,1365,0.41125,0.25,0.25,0,916,0,0,-0.00043847039341926575,675.6446533203125,1.4536197185516357,-4.976429045200348e-05,0.0,0.27946531772613525
1691,1,1.4098980403850874,1366,0.213125,0.125,0.5,0,172,0,0,-0.0009947959333658218,455.1158752441406,1.3850159645080566,-0.00014614609244745225,0.0,0.3178851306438446
1692,1,0.3396602785305731,1366,0.48375,0.375,0.75,0,428,0,0,-0.0012937448918819427,147.73272705078125,1.4815478324890137,0.0003342720156069845,0.0,0.2634572386741638
1693,1,0.4740661016476224,1366,0.505,0.5,0.75,0,684,0,0,-0.0022108915727585554,103.7650146484375,1.4722959995269775,0.0008224174380302429,0.0,0.2676226496696472
1694,1,1.1939905565814115,1366,0.550625,0.5,0.75,0,940,0,0,-0.000829805969260633,224.9339599609375,1.477560043334961,0.0011352089932188392,0.0,0.2669348120689392
1695,1,1.030799469059275,1367,0.33,0.0,0.25,0,196,0,0,5.055218935012817e-06,263.8591613769531,1.3152687549591064,0.0003552663547452539,0.0,0.3299823999404907
1696,1,1.1034186085744295,1367,0.573125,0.5,0.5,0,452,0,0,-0.0003992120618931949,154.69036865234375,1.4611090421676636,0.0001617339439690113,0.0,0.26948803663253784
1697,1,1.7497815315666685,1367,0.68375,0.5,0.625,0,708,0,0,-0.0007333675166592002,443.6639404296875,1.5325721502304077,2.0338688045740128e-05,0.0,0.24105986952781677
1698,1,0.9960527490375171,1367,0.691875,0.5,0.625,0,964,0,0,-0.0026527061127126217,62.357215881347656,1.5359156131744385,0.001339095993898809,0.0,0.23702213168144226
1699,1,1.5740421030059224,1369,0.279375,0.0,0.0,0,161,0,0,-0.00040818098932504654,1332.4376220703125,1.3387677669525146,0.0003607547841966152,0.0,0.3352106511592865
1700,1,3.0735582121051266,1369,0.451875,0.0,0.0,0,417,0,0,-0.0003588736872188747,1873.153076171875,1.4609941244125366,-0.0009239789796993136,0.0,0.28817713260650635
1701,1,1.6285067505946245,1369,0.4675,0.0,0.0,0,673,0,0,-0.0017118132673203945,427.2450256347656,1.456549882888794,0.00025186873972415924,0.0,0.2799880802631378
1702,1,2.1178040525719553,1369,0.484375,0.0,0.0,0,929,0,0,-0.002183470642194152,1057.052734375,1.441810965538025,0.0002414380869595334,0.0,0.28251856565475464
1703,1,1.09741552059495,1370,0.3275,0.0,0.25,0,185,0,0,-0.002192143350839615,331.7729187011719,1.3069086074829102,0.00023787158716004342,0.0,0.3527666926383972
1704,1,0.8262272188076167,1370,0.476875,0.25,0.25,0,441,0,0,-0.0020487201400101185,67.49821472167969,1.3000891208648682,0.0012835189700126648,0.0,0.3295325040817261
1705,1,0.27025245670483855,1372,0.255,0.0,0.25,0,152,0,0,-0.0005964773590676486,924.1730346679688,1.2332617044448853,0.0005456926301121712,0.0,0.3887530267238617
1706,1,0.5936679972028287,1372,0.37625,0.25,0.25,0,408,0,0,-0.002774518681690097,80.55441284179688,1.3632237911224365,0.001002830802462995,0.0,0.2950378954410553
1707,1,1.4686966568744992,1372,0.45125,0.25,0.25,0,664,0,0,-0.0012515464331954718,287.21337890625,1.4800968170166016,-0.0006936566787771881,0.0,0.26685214042663574
1708,1,1.596381930372445,1372,0.474375,0.25,0.375,0,920,0,0,-0.0018626470118761063,300.03692626953125,1.4946672916412354,0.0018675383180379868,0.0,0.25456100702285767
1709,1,1.5467480491552124,1374,0.271875,0.0,0.25,0,134,0,0,-0.0027530970983207226,689.3330078125,1.290039300918579,-6.871437653899193e-05,0.0,0.3551129698753357
1710,1,0.8332337889987684,1376,0.06625,0.0,0.0,0,45,0,0,-0.00023154480732046068,814.1585693359375,1.3252792358398438,0.0019131291192024946,0.0,0.33353495597839355
1711,1,0.41875024304249564,1376,0.316875,0.0,0.0,0,301,0,0,-0.003504120511934161,143.8636474609375,1.2568507194519043,0.0005910975742153823,0.0,0.3768858313560486
1712,1,1.389187287719949,1376,0.46125,0.0,0.375,0,557,0,0,-2.6221387088298798e-05,203.90945434570312,1.4809534549713135,0.0006381156854331493,0.0,0.25760120153427124
1713,1,2.7630296714876295,1376,0.509375,0.0,0.5,0,813,0,0,0.0007674749940633774,1158.7864990234375,1.4754118919372559,0.0018852994544431567,0.0,0.26827073097229004
1714,1,1.864921414442506,1377,0.165,0.0,0.25,0,69,0,0,-0.00022589540458284318,550.068359375,1.371959924697876,-9.197121107717976e-05,0.0,0.32967430353164673
1715,1,0.8790152041874535,1377,0.395,0.375,0.625,0,325,0,0,-0.0012952056713402271,111.90948486328125,1.4116233587265015,0.0007523255189880729,0.0,0.2844889163970947
1716,1,0.7063093895424117,1379,0.09125,0.0,0.0,0,42,0,0,-0.002135659335181117,570.16259765625,1.2917708158493042,-0.0001577610819367692,0.0,0.3529900908470154
1717,1,0.8400897145656927,1379,0.386875,0.125,0.375,0,298,0,0,-0.004270777106285095,170.59422302246094,1.291969895362854,0.004986649379134178,0.0,0.3531380593776703
1718,1,0.9926564010092989,1379,0.44375,0.375,0.375,0,554,0,0,-0.002392789348959923,159.92453002929688,1.5009067058563232,0.004741986747831106,0.0,0.24646179378032684
1719,1,0.5670063972656862,1379,0.53625,0.375,0.375,0,810,0,0,-0.0013847220689058304,59.373146057128906,1.5246226787567139,-0.001095984480343759,0.0,0.23829571902751923
1720,1,0.44718169922089146,1381,0.21875,0.0,0.125,0,139,0,0,0.0009922448080033064,679.2032470703125,1.3566527366638184,-0.0006863816524855793,0.0,0.31987887620925903
1721,1,0.5893257333918882,1381,0.43125,0.125,0.375,0,395,0,0,-0.0036956528201699257,54.78753662109375,1.3622424602508545,0.0001787844521459192,0.0,0.3052651286125183
1722,1,0.44969750935251795,1381,0.675,0.125,0.875,0,651,0,0,-0.0020618948619812727,65.70188903808594,1.472491979598999,0.00403594272211194,0.0,0.26429298520088196
1723,1,0.1567617728942423,1381,0.6925,0.125,0.875,0,907,0,0,-0.0011428555008023977,140.93319702148438,1.469732642173767,0.0010429290123283863,0.0,0.2718745172023773
1724,1,0.5220790015985131,1382,0.1675,0.125,0.125,0,163,0,0,-0.0008217077702283859,237.00949096679688,1.4320118427276611,0.001046485616825521,0.0,0.2805671691894531
1725,1,0.9573590513523413,1383,0.064375,0.0,0.125,0,56,0,0,-0.00019472651183605194,381.7978515625,1.382407546043396,0.00013550277799367905,0.0,0.300314337015152
1726,1,0.1501767494055457,1383,0.3125,0.125,0.5,0,312,0,0,-0.0007477346807718277,184.24156188964844,1.504729986190796,0.0006860617431811988,0.0,0.255720853805542
1727,1,-0.11898327958624577,1383,0.47125,0.125,0.75,0,568,0,0,-0.0036244585644453764,191.74462890625,1.5171550512313843,0.0011722136987373233,0.0,0.2460857331752777
1728,1,0.3972749873646535,1383,0.5325,0.25,0.75,0,824,0,0,-0.0008980048587545753,104.70899200439453,1.4058830738067627,-0.0001799392921384424,0.0,0.2878473103046417
1729,1,0.6953299098922798,1384,0.12375,0.0,0.0,0,80,0,0,-0.001233033835887909,156.5493621826172,1.3841909170150757,-4.7997262299759313e-05,0.0,0.30894017219543457
1730,1,0.6624500122343306,1384,0.47875,0.125,0.125,0,336,0,0,-0.0019483439391478896,149.02194213867188,1.4507025480270386,0.0008269984973594546,0.0,0.2810733914375305
1731,1,0.80150461807807,1386,0.086875,0.0,0.0,0,79,0,0,-0.0010125370463356376,1032.96728515625,1.3625152111053467,0.0007150342571549118,0.0,0.3288128972053528
1732,1,0.9865733456044836,1386,0.431875,0.0,0.375,0,335,0,0,-0.004105146508663893,114.57638549804688,1.5232877731323242,-0.0017162261065095663,0.0,0.2502502202987671
1733,1,0.8110015258935164,1386,0.536875,0.0,0.5,0,591,0,0,-0.0020597409456968307,53.998634338378906,1.5185840129852295,-0.0004048747941851616,0.0,0.24982044100761414
1734,1,0.7828006832569372,1386,0.634375,0.0,0.5,0,847,0,0,-0.007907392457127571,163.1584014892578,1.526063323020935,0.006707251071929932,0.0,0.24130873382091522
1735,1,1.2678579173425533,1387,0.084375,0.0,0.125,0,103,0,0,0.002167662139981985,348.88861083984375,1.3455252647399902,0.0033820495009422302,0.0,0.32987111806869507
1736,1,0.871174405405327,1387,0.284375,0.375,0.375,0,359,0,0,-0.0014847822021692991,96.12986755371094,1.4505923986434937,-1.4118850231170654e-05,0.0,0.2723703980445862
1737,1,0.7386172914664257,1387,0.420625,0.375,0.375,0,615,0,0,-0.010472684167325497,85.45785522460938,1.5069615840911865,0.007566356100142002,0.06640625,0.24805352091789246
1738,1,1.3298713342410338,1387,0.580625,0.375,0.5,0,871,0,0,0.0006400322308763862,152.472412109375,1.5072396993637085,0.003527997061610222,0.0611979179084301,0.24061495065689087
1739,1,1.68256604650378,1389,0.02375,0.0,0.0,0,39,0,0,0.0022618796210736036,749.2601318359375,1.4647773504257202,0.0004796055145561695,0.0,0.27095240354537964
1740,1,0.3994508498144569,1389,0.40125,0.0,0.5,0,295,0,0,-0.0016846279613673687,58.28864288330078,1.508527159690857,0.0018778892699629068,0.0,0.24977093935012817
1741,1,0.19733155178801098,1390,0.191875,0.125,0.125,0,143,0,0,0.0011995695531368256,479.617919921875,1.4636310338974,-0.000150462772580795,0.0,0.2669845521450043
1742,1,0.544768315174224,1390,0.51,0.125,0.25,0,399,0,0,-0.0017707075458019972,86.71170043945312,1.306793212890625,-0.0006090346723794937,0.0,0.34680718183517456
1743,1,0.20518628169884323,1390,0.679375,0.125,0.25,0,655,0,0,-0.0022745304740965366,89.72876739501953,1.4289333820343018,0.0010039196349680424,0.0,0.28189563751220703
1744,1,0.03600749468205322,1390,0.734375,0.125,0.5,0,911,0,0,-0.001976987114176154,83.51499938964844,1.5151571035385132,-0.00025673708296380937,0.0,0.2511085271835327
1745,1,0.5998199282139467,1391,0.2975,0.0,0.25,0,167,0,0,-0.00046401284635066986,184.78060913085938,1.4536988735198975,-0.0008467485895380378,0.0,0.2789737284183502
1746,1,-0.043909690673899604,1391,0.45125,0.0,0.375,0,423,0,0,-0.0014910090249031782,162.45523071289062,1.4942195415496826,-0.00017695952556096017,0.0,0.26077795028686523
1747,1,-0.05704658580606292,1391,0.54875,0.0,0.5,0,679,0,0,-0.0032580154947936535,153.32254028320312,1.4745572805404663,-8.930468175094575e-05,0.0,0.25741368532180786
1748,1,0.05286659923331172,1391,0.6775,0.0,0.75,0,935,0,0,-0.0018363393610343337,99.25261688232422,1.4749610424041748,0.0005845081759616733,0.0,0.26602301001548767
1749,1,0.9712773104947701,1394,0.163125,0.0,0.0,0,116,0,0,0.00028749307966791093,707.078369140625,1.4272611141204834,-0.0004457359609659761,0.0,0.2852907180786133
1750,1,0.43124753656229586,1394,0.366875,0.0,0.125,0,372,0,0,-0.0015137431910261512,46.52520751953125,1.4699543714523315,-0.00048779076314531267,0.0,0.2659218907356262
1751,1,0.22404725097507594,1396,0.100625,0.0,0.125,0,43,0,0,-0.0012886791955679655,661.7542114257812,1.3996608257293701,0.001418791594915092,0.0,0.30380314588546753
1752,1,0.6517725492303725,1397,0.239375,0.0,0.0,0,196,0,0,-0.00017887230205815285,482.49114990234375,1.144489049911499,-0.0006785580771975219,0.0,0.4273248314857483
1753,1,1.011777628865275,1398,0.133125,0.125,0.125,0,99,0,0,-0.0018121625762432814,386.0528564453125,1.3643150329589844,0.00038268323987722397,0.0,0.31351861357688904
1754,1,0.8497925291621868,1400,0.34125,0.125,0.5,0,200,0,0,-0.0004344135522842407,547.1014404296875,1.318101406097412,-7.522152736783028e-05,0.0,0.34693896770477295
1755,1,-0.16046550921475955,1400,0.46,0.125,0.75,0,456,0,0,-0.00010284905874868855,187.8567352294922,1.4506752490997314,2.819020301103592e-05,0.0,0.276386559009552
1756,1,0.729440948801539,1400,0.4625,0.125,0.75,0,712,0,0,-0.0007454498554579914,119.94314575195312,1.4604313373565674,0.0004253775696270168,0.0,0.2794860601425171
1757,1,0.7543377599831729,1400,0.4625,0.125,0.75,0,968,0,0,-0.0012234579771757126,91.1025161743164,1.464120626449585,0.0005533257499337196,0.0,0.2749488949775696
1758,1,1.4869052771973656,1401,0.271875,0.0,0.0,0,224,0,0,-0.000471962004667148,237.449462890625,1.3819679021835327,-2.3326527298195288e-05,0.0,0.30397531390190125
1759,1,0.6345296948984469,1401,0.468125,0.0,0.25,0,480,0,0,-0.0022328391205519438,92.23283386230469,1.4466232061386108,0.0003873556852340698,0.0,0.2868104577064514
1760,1,1.7836935158520646,1401,0.580625,0.0,0.375,0,736,0,0,-0.0015331798931583762,527.8282470703125,1.4462180137634277,0.00014685405767522752,0.0,0.2808798551559448
1761,1,1.7390826979835765,1401,0.6475,0.0,0.625,0,992,0,0,-0.0011878343066200614,379.620849609375,1.4549249410629272,0.0011281290790066123,0.0,0.2808769941329956
1762,1,1.44124892426953,1402,0.34,0.25,0.5,0,248,0,0,-0.00011224921036045998,362.8934326171875,1.3093736171722412,-0.00041022012010216713,0.0,0.33469924330711365
1763,1,0.8534293064609528,1402,0.499375,0.5,0.5,0,504,0,0,-0.00033691589487716556,115.57064056396484,1.4012435674667358,0.0007343424367718399,0.0,0.29660335183143616
1764,1,0.39222531261111726,1402,0.5725,0.5,0.5,0,760,0,0,-0.0023321309126913548,56.99225616455078,1.4315879344940186,-0.0004416797310113907,0.0,0.2884237766265869
1765,1,0.21972980704595102,1403,0.018125,0.0,0.0,0,16,0,0,-0.0005331238498911262,29.95558738708496,1.4100102186203003,0.001935599371790886,0.0,0.29859864711761475
1766,1,1.3156343090831797,1403,0.37125,0.25,0.25,0,272,0,0,-0.000599601014982909,219.8740234375,1.3095970153808594,-0.0005935685476288199,0.0,0.33665990829467773
1767,1,1.8041516326193232,1403,0.628125,0.25,0.5,0,528,0,0,-0.001318611204624176,365.27716064453125,1.4352129697799683,0.0002397303469479084,0.0,0.2821386456489563
1768,1,1.6515752401501231,1403,0.649375,0.25,0.5,0,784,0,0,-0.0007684765150770545,309.6871337890625,1.4475164413452148,-0.00014028558507561684,0.0,0.285580039024353
1769,1,1.0499917485649348,1404,0.036875,0.0,0.0,0,40,0,0,-0.000958207412622869,168.85574340820312,1.3834222555160522,0.00023787003010511398,0.0,0.31273841857910156
1770,1,1.4641486459640873,1404,0.40375,0.25,0.375,0,296,0,0,-0.00034697106457315385,286.114501953125,1.121492624282837,6.681866943836212e-05,0.0,0.43257054686546326
1771,1,0.8460077345628179,1404,0.69125,0.375,0.5,0,552,0,0,-0.0009220416541211307,104.66614532470703,1.3575700521469116,-0.0008290304685942829,0.0,0.3233265280723572
1772,1,0.8274711886824662,1404,0.765,0.375,0.875,0,808,0,0,-0.0008755717426538467,117.06328582763672,1.3916290998458862,-0.00037617672933265567,0.0,0.29591459035873413
1773,1,0.6501041828232701,1405,0.128125,0.0,0.125,0,64,0,0,-0.0012014539679512382,110.95905303955078,1.320321798324585,0.0007655696826986969,0.0,0.3438829779624939
1774,1,1.0771506283781491,1405,0.406875,0.25,0.5,0,320,0,0,-0.0025275498628616333,95.42443084716797,1.172675371170044,0.0018610781989991665,0.0,0.39949673414230347
1775,1,1.0578467698046552,1405,0.5,0.5,0.625,0,576,0,0,0.0008210900123231113,149.79067993164062,1.3575999736785889,0.0006864377064630389,0.0,0.31950441002845764
1776,1,0.848938833712964,1405,0.59625,0.625,0.625,0,832,0,0,-0.0014976722886785865,73.47052001953125,1.3528633117675781,-0.00040757766691967845,0.0,0.3311394155025482
1777,1,1.3016835984572026,1406,0.09875,0.0,0.0,0,88,0,0,-0.0008344001835212111,258.232666015625,1.304572343826294,0.0007921041687950492,0.0,0.3627593517303467
1778,1,0.32130947027599177,1408,0.058125,0.0,0.125,0,25,0,0,-9.721796959638596e-05,781.8619995117188,1.276973009109497,-7.387064397335052e-05,0.0,0.38305020332336426
1779,1,1.1783071490172006,1408,0.465625,0.375,0.75,0,281,0,0,-0.0008107039029709995,134.7723388671875,1.273356318473816,-0.0006044797482900321,0.0,0.3611876964569092
1780,1,1.1205141457570562,1408,0.688125,0.75,0.75,0,537,0,0,0.00017371898866258562,142.2523956298828,1.364790439605713,-0.0003473766555543989,0.0,0.31801140308380127
1781,1,1.4232120000515351,1408,0.834375,0.75,1.0,0,793,0,0,-0.0017641981830820441,148.83595275878906,1.4035104513168335,0.0011779562337324023,0.0,0.29903849959373474
1782,1,1.4980226140567083,1409,0.070625,0.0,0.0,0,49,0,0,-0.0008120338316075504,234.49929809570312,1.3420939445495605,0.0016449792310595512,0.0,0.32440125942230225
1783,1,1.2910219990235419,1409,0.4525,0.0,0.0,0,305,0,0,-0.000645180232822895,212.6905517578125,1.3845272064208984,-0.00024044110614340752,0.0,0.3201553225517273
1784,1,0.7629441420451712,1409,0.555,0.0,0.25,0,561,0,0,-0.010137992911040783,47.540000915527344,1.4308881759643555,0.005724468268454075,0.0013020833721384406,0.29161930084228516
1785,1,1.8310676531036734,1409,0.640625,0.125,0.5,0,817,0,0,-0.005450499709695578,444.3699951171875,1.3621224164962769,0.012882634997367859,0.1614583432674408,0.2978697121143341
1786,1,1.7611180437015719,1410,0.066875,0.125,0.0,0,73,0,0,-0.0016857280861586332,547.9763793945312,1.213771104812622,0.0073618958704173565,0.01302083395421505,0.3768686056137085
1787,1,0.7372812135326967,1410,0.455,0.125,0.25,0,329,0,0,-0.003509933827444911,40.91636657714844,0.9964091181755066,-0.0019155902555212379,0.00390625,0.4926390051841736
1788,1,-0.13465310764968308,1410,0.529375,0.125,0.25,0,585,0,0,0.0012546402867883444,214.82598876953125,1.3087610006332397,-0.0011157605331391096,0.0,0.35043084621429443
1789,1,-0.09740215098645422,1410,0.535625,0.25,0.25,0,841,0,0,-0.0012100755702704191,222.33189392089844,1.2986993789672852,0.0010371424723416567,0.0,0.34667009115219116
1790,1,1.0013385818850367,1411,0.12875,0.0,0.0,0,97,0,0,-0.0008833191241137683,308.2215270996094,1.2827808856964111,0.0013193702325224876,0.0,0.3481021821498871
1791,1,-0.14769828876887914,1411,0.346875,0.0,0.5,0,353,0,0,-0.0010099312057718635,191.67868041992188,1.375716209411621,-0.0006355300429277122,0.0,0.31815236806869507
1792,1,-0.3478542324319278,1411,0.441875,0.0,0.625,0,609,0,0,-0.0018811555346474051,289.6593017578125,1.3811225891113281,-0.0004346069763414562,0.0,0.31947362422943115
1793,1,-0.40105983478406415,1411,0.47875,0.0,0.75,0,865,0,0,-0.0024086579214781523,319.40802001953125,1.409386157989502,0.00036828251904807985,0.0,0.31030261516571045
1794,1,0.11998402493190952,1412,0.135625,0.0,0.0,0,121,0,0,-0.0007478321786038578,420.4478454589844,1.2614206075668335,0.0005299672484397888,0.0,0.37097081542015076
1795,1,0.13046657036738907,1412,0.405,0.0,0.25,0,377,0,0,-0.0004931269213557243,176.602783203125,1.308652400970459,0.0004285642353352159,0.0,0.3433532416820526
1796,1,-0.3149333439760085,1412,0.44125,0.0,0.375,0,633,0,0,-0.0017210382502526045,257.4513854980469,1.3750181198120117,-0.0006999685429036617,0.0,0.308762788772583
1797,1,-0.48253280431981693,1412,0.443125,0.0,0.375,0,889,0,0,-0.0016862800111994147,361.997802734375,1.3788694143295288,-6.0042522818548605e-05,0.0,0.30759721994400024
1798,1,0.5701582089532167,1414,0.011875,0.0,0.0,0,5,0,0,-0.0012532069813460112,757.4957275390625,1.0546441078186035,-0.00032013640156947076,0.0,0.4428805112838745
1799,1,0.7753104809571596,1415,0.32875,0.125,0.125,0,249,0,0,-0.0021101953461766243,365.71746826171875,1.1465644836425781,0.0006105254287831485,0.0,0.4499472975730896
1800,1,-0.35137996889534406,1415,0.3975,0.125,0.25,0,505,0,0,-0.001785503700375557,287.4532165527344,1.4213236570358276,-0.00027407705783843994,0.0,0.2955546975135803
1801,1,-0.45484766202571336,1415,0.4625,0.125,0.25,0,761,0,0,-0.0020666848868131638,336.95263671875,1.3895208835601807,-0.00023770038387738168,0.0,0.3071562349796295
1802,1,-0.25007671127696085,1416,0.039375,0.0,0.0,0,17,0,0,-0.0016765259206295013,615.650634765625,1.3637263774871826,-6.922194734215736e-05,0.0,0.31856274604797363
1803,1,0.7227757742875838,1417,0.45375,0.0,0.25,0,241,0,0,-0.0027238926850259304,174.2324981689453,1.0855817794799805,-5.366513505578041e-05,0.0,0.4636300504207611
1804,1,0.03784662462885535,1417,0.5325,0.125,0.375,0,497,0,0,0.0003096082655247301,156.1888885498047,1.3644061088562012,0.001325884135439992,0.0,0.3245057463645935
1805,1,-0.1761402116771933,1417,0.558125,0.125,0.375,0,753,0,0,-0.000993399298749864,186.69216918945312,1.4175256490707397,5.211696770857088e-05,0.0,0.29671257734298706
1806,1,-0.2165647875317518,1418,0.01625,0.0,0.0,0,9,0,0,-0.001113900332711637,200.4466094970703,1.3791046142578125,-0.00020209871581755579,0.0,0.32844874262809753
1807,1,0.5414761604897649,1418,0.224375,0.0,0.25,0,265,0,0,-0.002019524574279785,152.04812622070312,1.4103403091430664,0.0013427892699837685,0.0,0.31535017490386963
1808,1,0.027065902369940886,1418,0.313125,0.0,0.375,0,521,0,0,0.0008470149477943778,118.25444030761719,1.5107872486114502,3.7590354622807354e-05,0.0,0.2523960769176483
1809,1,-0.04002473753303093,1418,0.313125,0.0,0.375,0,777,0,0,-0.0012914526741951704,128.03268432617188,1.521007776260376,-0.001006908598355949,0.0,0.25932395458221436
1810,1,0.05910139969910233,1419,0.079375,0.0,0.125,0,33,0,0,-0.000408253341447562,307.2122497558594,1.4242792129516602,0.0003130270051769912,0.0,0.30781230330467224
1811,1,0.9906447345219931,1420,0.30625,0.0,0.5,0,214,0,0,-0.0033011320047080517,475.373046875,1.2418783903121948,0.0010868472745642066,0.0,0.3812611997127533
1812,1,0.07794009587269102,1420,0.341875,0.0,0.5,0,470,0,0,-0.0007193088531494141,93.28617858886719,1.5667767524719238,0.0019159154035151005,0.0,0.23357127606868744
1813,1,0.017903748354001436,1420,0.474375,0.0,0.5,0,726,0,0,-0.00243202387355268,113.90946960449219,1.5362768173217773,-0.0017276577418670058,0.0,0.24666836857795715
1814,1,0.26191999226648477,1420,0.503125,0.125,0.5,0,982,0,0,-0.0023045488633215427,58.04930877685547,1.4821799993515015,-0.0018120480235666037,0.0,0.26279959082603455
1815,1,0.8162028064216429,1421,0.386875,0.0,0.375,0,238,0,0,-0.00015892492956481874,176.25929260253906,1.0544573068618774,0.0006164883961901069,0.0,0.48761266469955444
1816,1,0.09231483344046865,1421,0.48125,0.0,0.5,0,494,0,0,-0.0019877541344612837,68.66883850097656,1.4848957061767578,-0.0007205608999356627,0.0,0.2551078498363495
1817,1,0.12695374272698245,1421,0.48375,0.125,0.5,0,750,0,0,-0.0024119876325130463,45.14444351196289,1.454676866531372,0.00018433653167448938,0.0,0.2821659445762634
1818,1,0.9145202291983878,1423,0.133125,0.0,0.0,0,65,0,0,-0.0006119422614574432,367.2204895019531,1.2401012182235718,0.0003012010711245239,0.0,0.3775831162929535
1819,1,0.27357766390622373,1423,0.336875,0.0,0.25,0,321,0,0,-0.0030378829687833786,63.499881744384766,1.4983166456222534,-0.002219651360064745,0.0,0.25826287269592285
1820,1,0.020529380949255938,1423,0.3475,0.0,0.25,0,577,0,0,-0.0030749000143259764,96.18862915039062,1.531224250793457,0.0017130174674093723,0.0,0.25805360078811646
1821,1,0.4982849692760283,1423,0.411875,0.0,0.5,0,833,0,0,-0.002961640013381839,52.50347137451172,1.545675277709961,-0.0009389676852151752,0.0,0.24234865605831146
1822,1,0.6718791129114834,1424,0.196875,0.0,0.125,0,89,0,0,-0.003465901827439666,119.1732177734375,1.303633213043213,-0.0005608740029856563,0.0,0.35873955488204956
1823,1,1.0975886242667912,1424,0.4525,0.25,0.375,0,345,0,0,-0.0012736329808831215,304.35504150390625,1.218954086303711,0.0007234344957396388,0.0,0.39235585927963257
1824,1,0.8281261194297258,1424,0.521875,0.375,0.625,0,601,0,0,-0.002055557444691658,110.64297485351562,1.36287260055542,0.0002146579063264653,0.0,0.3106433153152466
1825,1,0.827633191654968,1427,0.06875,0.0,0.0,0,35,0,0,-0.000711638480424881,502.7640686035156,1.180999755859375,0.00045358887291513383,0.0,0.42146846652030945
1826,1,1.19922146597537,1427,0.3875,0.0,0.125,0,291,0,0,-0.0010799337178468704,102.93560028076172,1.4485387802124023,-0.0008419649675488472,0.0,0.28754740953445435
1827,1,1.188587601580366,1427,0.3975,0.0,0.125,0,547,0,0,-0.00017303726053796709,99.32708740234375,1.5336647033691406,0.0004932216252200305,0.0,0.24138659238815308
1828,1,1.0775225726938515,1427,0.39875,0.0,0.125,0,803,0,0,-0.0011563599109649658,59.916221618652344,1.5335075855255127,0.00029495934722945094,0.0,0.2478960156440735
1829,1,0.5823295802492794,1428,0.068125,0.0,0.0,0,59,0,0,-0.00023756548762321472,164.09690856933594,1.4010515213012695,1.7677279174677096e-05,0.0,0.3098292052745819
1830,1,0.32827536776312627,1429,0.386875,0.0,0.25,0,252,0,0,-0.0006806602468714118,240.86712646484375,1.0269982814788818,0.0005230968818068504,0.0,0.5213887691497803
1831,1,1.0581056106348115,1429,0.579375,0.25,0.375,0,508,0,0,-0.0005320850759744644,117.50271606445312,1.2542459964752197,4.6206019760575145e-05,0.0,0.361564040184021
1832,1,1.4478538941621082,1430,0.26625,0.125,0.25,0,111,0,0,-0.00036418065428733826,359.74505615234375,1.2961153984069824,-0.000513753853738308,0.0,0.34978771209716797
1833,1,1.132443569814086,1430,0.375625,0.25,0.375,0,367,0,0,-0.0007455963641405106,88.196533203125,1.242509365081787,-0.0007803671760484576,0.0,0.3726000189781189
1834,1,0.8439045747727505,1434,0.014375,0.0,0.0,0,10,0,0,-0.00020749247050844133,952.080078125,1.172829508781433,-0.00015693422756157815,0.0,0.42157208919525146
1835,1,0.4892678318574326,1436,0.373125,0.0,0.0,0,223,0,0,-0.000713671266566962,435.094970703125,1.026463270187378,0.00022513497970066965,0.0,0.49787092208862305
1836,1,0.9939320547903208,1436,0.48625,0.0,0.0,0,479,0,0,-0.0052947355434298515,39.796600341796875,1.1514657735824585,0.002908805152401328,0.0,0.37652724981307983
1837,1,0.9542013875761768,1437,0.313125,0.0,0.125,0,227,0,0,-0.0012532485416159034,380.6234436035156,1.2989139556884766,-0.0003405613824725151,0.0,0.368156373500824
1838,1,1.316901622863952,1437,0.42875,0.25,0.25,0,483,0,0,-0.0005929507315158844,184.91775512695312,1.3472709655761719,-0.0003629559651017189,0.0,0.3335767984390259
1839,1,1.3452107618459195,1438,0.065,0.0,0.0,0,74,0,0,-0.00128093920648098,399.50531005859375,1.3447175025939941,7.851546251913533e-05,0.0,0.33944958448410034
1840,1,0.3417085102191777,1439,0.025,0.0,0.0,0,11,0,0,2.8071925044059753e-05,400.5391540527344,1.1522325277328491,-0.0002744027297012508,0.0,0.40153777599334717
1841,1,1.7235712578803941,1439,0.3875,0.125,0.25,0,267,0,0,-0.0003413002414163202,418.843017578125,1.4620692729949951,0.00035360673791728914,0.0,0.28402647376060486
1842,1,0.8749286153838511,1439,0.395625,0.125,0.25,0,523,0,0,-0.0012252731248736382,56.71913146972656,1.4875860214233398,0.0004974259063601494,0.0,0.2699037194252014
1843,1,1.0066295335491304,1439,0.43875,0.125,0.375,0,779,0,0,-0.0016304049640893936,55.611663818359375,1.5079822540283203,0.0016815110575407743,0.0,0.26072484254837036
1844,1,2.0178549537376966,1440,0.07875,0.0,0.125,0,35,0,0,-0.0006549134850502014,742.226806640625,1.4536304473876953,-0.0005907331360504031,0.0,0.2890842854976654
1845,1,1.108159482209885,1440,0.253125,0.125,0.25,0,291,0,0,-0.0006243018433451653,159.25161743164062,1.2869021892547607,0.000519589870236814,0.0,0.3530557155609131
1846,1,0.7991091729672917,1441,0.06625,0.0,0.0,0,107,0,0,-0.0017763780197128654,274.759033203125,1.3555024862289429,0.00042347441194579005,0.0,0.3276234269142151
1847,1,1.878761996485082,1441,0.424375,0.125,0.375,0,363,0,0,-0.0015852954238653183,474.639892578125,1.4294514656066895,0.0010229633189737797,0.0,0.29035720229148865
1848,1,1.653890242894704,1441,0.433125,0.125,0.375,0,619,0,0,-0.002226339653134346,345.948974609375,1.476557970046997,0.0006674807518720627,0.0,0.2714693248271942
1849,1,2.0170436053304,1441,0.45125,0.125,0.375,0,875,0,0,-0.001985575072467327,521.746337890625,1.471840262413025,9.932539978763089e-05,0.0,0.2750949561595917
1850,1,1.8257664776438105,1443,0.235625,0.125,0.125,0,113,0,0,-0.0005771511932834983,954.7515258789062,1.4033677577972412,-6.727191794198006e-05,0.0,0.3107845187187195
1851,1,1.4153228827863131,1443,0.49625,0.25,0.25,0,369,0,0,-0.0010537778725847602,249.1063232421875,1.4178165197372437,-0.0006042846362106502,0.0,0.2957935631275177
1852,1,0.3557166957471054,1443,0.53125,0.25,0.25,0,625,0,0,-0.0008797867922112346,165.3786163330078,1.4850330352783203,0.00010964430111926049,0.0,0.27109700441360474
1853,1,-0.20627957367833005,1443,0.5325,0.25,0.25,0,881,0,0,-0.0019995225593447685,221.01361083984375,1.4882034063339233,0.0021944779437035322,0.0,0.26651477813720703
1854,1,0.9334785223277322,1444,0.186875,0.125,0.25,0,137,0,0,-0.0001582248805789277,527.8897705078125,1.4045734405517578,0.000608250848017633,0.0,0.29782834649086
1855,1,0.7550067317879439,1444,0.3,0.25,0.375,0,393,0,0,-0.011939741671085358,64.54383087158203,1.4400434494018555,0.01804899238049984,0.21875,0.26963067054748535
1856,1,0.6886325450298045,1444,0.508125,0.375,0.625,0,649,0,0,-0.0068460009060800076,60.60950469970703,1.4458510875701904,0.00963340513408184,0.08203125,0.2906860113143921
1857,1,1.4423010180080382,1444,0.64,0.375,0.875,0,905,0,0,-0.004235018976032734,246.4955291748047,1.4988667964935303,0.0033076449763029814,0.00911458395421505,0.25679460167884827
1858,1,0.5738735686281871,1445,0.183125,0.0,0.0,0,161,0,0,-0.0008933066274039447,112.94725799560547,1.2166285514831543,0.000909495516680181,0.0,0.3963503837585449
1859,1,0.05448012678971281,1445,0.35625,0.0,0.125,0,417,0,0,-0.0006966979126445949,140.89761352539062,1.1372380256652832,0.0007807437214069068,0.0,0.413658082485199
1860,1,1.013103861376294,1445,0.463125,0.25,0.125,0,673,0,0,-0.0014483015984296799,93.54167938232422,1.220283031463623,-0.001115049235522747,0.0,0.36280083656311035
1861,1,0.5513670911605004,1446,0.013125,0.0,0.0,0,6,0,0,0.0008429363369941711,191.91513061523438,1.4938634634017944,9.523704648017883e-05,0.0,0.26088762283325195
1862,1,1.1575017196037152,1446,0.339375,0.25,0.375,0,262,0,0,-0.0006319554522633553,232.27154541015625,1.0963159799575806,0.0002989610657095909,0.0,0.4582068622112274
1863,1,0.20075046404417662,1446,0.41125,0.25,0.5,0,518,0,0,-0.0009257778292521834,79.1959457397461,1.4786103963851929,0.0008605130715295672,0.0,0.27673232555389404
1864,1,0.6194825557486183,1447,0.24625,0.125,0.125,0,228,0,0,-0.0008617317071184516,584.1741943359375,1.41668701171875,-5.669379606842995e-05,0.0,0.29954373836517334
1865,1,-0.02509014449606184,1447,0.29,0.125,0.25,0,484,0,0,-0.00019030894327443093,138.74826049804688,1.5751079320907593,0.00013290237984620035,0.0,0.23112957179546356
1866,1,0.10049211271325476,1447,0.414375,0.125,0.25,0,740,0,0,-0.001095299026928842,111.43220520019531,1.5684070587158203,-0.00011755386367440224,0.0,0.23671257495880127
1867,1,0.4117508396843732,1447,0.426875,0.25,0.375,0,996,0,0,-0.0058482130989432335,124.20612335205078,1.5371308326721191,0.0017282906919717789,0.0,0.24753765761852264
1868,1,0.3504871060431469,1449,0.3825,0.0,0.125,0,215,0,0,-0.00038744014455005527,374.14178466796875,1.0717480182647705,2.1011102944612503e-05,0.0,0.48240751028060913
1869,1,0.7731080987286987,1449,0.49,0.375,0.25,0,471,0,0,-0.00258239614777267,49.50121307373047,1.3589738607406616,0.0014878370566293597,0.0,0.31451308727264404
1870,1,0.4893330609993427,1449,0.50875,0.375,0.25,0,727,0,0,-0.002832514699548483,41.251949310302734,1.4408602714538574,0.0036182969342917204,0.0,0.28614115715026855
1871,1,0.9928138699879128,1450,0.27125,0.125,0.375,0,209,0,0,-0.0012690387666225433,482.37017822265625,1.277036428451538,-5.778375634690747e-05,0.0,0.37152987718582153
1872,1,0.7052091582481808,1450,0.356875,0.375,0.375,0,465,0,0,-0.01017485186457634,68.71295166015625,1.487182855606079,0.003960540983825922,0.0052083334885537624,0.2672170400619507
1873,1,1.909772414037434,1451,0.213125,0.25,0.5,0,126,0,0,0.0021749790757894516,654.613525390625,1.4295802116394043,0.0033462780993431807,0.09765625,0.3009289801120758
1874,1,1.084342065747478,1452,0.098125,0.0,0.0,0,59,0,0,-0.001482345163822174,334.2193603515625,1.4075969457626343,0.0046715815551579,0.0,0.31402868032455444
1875,1,0.43256827896402683,1452,0.28625,0.125,0.125,0,315,0,0,-0.0010847195517271757,83.88318634033203,1.2832791805267334,9.362508717458695e-05,0.0,0.3712659776210785
1876,1,1.853889527694264,1452,0.385,0.25,0.25,0,571,0,0,-0.00033822780824266374,451.5355529785156,1.328687310218811,0.0004013976431451738,0.0,0.33226850628852844
1877,1,1.6666206521519271,1452,0.41375,0.25,0.375,0,827,0,0,-0.0004972300375811756,268.12109375,1.5183866024017334,0.00047321183956228197,0.0,0.2516225278377533
1878,1,0.8886711696977727,1453,0.051875,0.0,0.0,0,83,0,0,-0.00036759706563316286,241.21041870117188,1.4198799133300781,0.000156074995175004,0.0,0.29616183042526245
1879,1,0.5551816731895087,1453,0.405,0.125,0.125,0,339,0,0,-0.004708705469965935,47.58582305908203,1.276534080505371,0.001406063325703144,0.0,0.3710489273071289
1880,1,0.17357768263900653,1453,0.4175,0.125,0.125,0,595,0,0,-0.0049400944262743,97.60107421875,1.4295547008514404,0.001460653031244874,0.0,0.2770993411540985
1881,1,0.6653747781401762,1453,0.534375,0.125,0.25,0,851,0,0,-0.003617946757003665,88.12393188476562,1.4877090454101562,0.0015150526305660605,0.0,0.2573494017124176
1882,1,0.7663969870287701,1454,0.2375,0.0,0.125,0,107,0,0,-0.000702888413798064,98.73552703857422,1.4113178253173828,0.001931381644681096,0.0,0.30281463265419006
1883,1,1.7824322803098767,1454,0.504375,0.25,0.5,0,363,0,0,-0.0016606636345386505,447.71795654296875,1.3751420974731445,0.0014414542820304632,0.0,0.31833547353744507
1884,1,0.23200113594748473,1454,0.524375,0.375,0.625,0,619,0,0,-0.000514645129442215,115.25749206542969,1.5534089803695679,0.0008954666554927826,0.0,0.23771488666534424
1885,1,0.07288446534676041,1454,0.539375,0.375,0.625,0,875,0,0,-0.0011149620404466987,102.20884704589844,1.570120096206665,0.0006757266819477081,0.0,0.22944113612174988
1886,1,0.9513274471271416,1455,0.251875,0.25,0.125,0,131,0,0,-0.0007414476713165641,145.17047119140625,1.4590518474578857,-0.0003517032600939274,0.0,0.2839069068431854
1887,1,1.1128540373501892,1456,0.030625,0.0,0.0,0,20,0,0,-0.001066776691004634,455.20849609375,1.424621343612671,0.0009456609259359539,0.0,0.29496777057647705
1888,1,1.2751607418540516,1457,0.14375,0.25,0.25,0,140,0,0,-0.0016307197511196136,539.7691650390625,1.3093637228012085,-3.978501626988873e-05,0.0,0.3492825925350189
1889,1,0.9735042706524837,1457,0.234375,0.25,0.5,0,396,0,0,-0.0023996257223188877,58.351619720458984,1.5566200017929077,-0.0005691632395610213,0.0,0.23850685358047485
1890,1,1.3426843759807525,1457,0.27375,0.25,0.5,0,652,0,0,-0.0028818014543503523,289.917724609375,1.5654563903808594,0.0025966111570596695,0.0,0.24470841884613037
1891,1,1.1978237955117947,1457,0.2875,0.25,0.5,0,908,0,0,-0.001923348754644394,116.40339660644531,1.5499829053878784,0.0008440075907856226,0.0,0.23823782801628113
1892,1,2.0698383721792197,1458,0.28375,0.375,0.375,0,164,0,0,0.0007862185011617839,584.723876953125,1.4372684955596924,0.00037221270031295717,0.0,0.2975943684577942
1893,1,0.8477330125024309,1458,0.34125,0.375,0.375,0,420,0,0,-0.0006069618975743651,173.40428161621094,1.466515302658081,-0.0003480018931441009,0.0,0.2644464671611786
1894,1,0.4537180923143751,1460,0.2225,0.0,0.0,0,163,0,0,-0.00011235972488066182,429.912109375,1.3364684581756592,6.240016773517709e-06,0.0,0.35415470600128174
1895,1,1.0282700305979233,1460,0.424375,0.125,0.0,0,419,0,0,-0.0016697844257578254,111.55851745605469,1.3019874095916748,0.0005081023555248976,0.0,0.33585262298583984
1896,1,1.5103307124372805,1461,0.2125,0.125,0.125,0,186,0,0,-0.0010712193325161934,448.7893981933594,1.346137285232544,-5.093061918159947e-05,0.0,0.3223866820335388
1897,1,1.8472012905294832,1463,0.165625,0.0,0.25,0,174,0,0,-0.003668201854452491,920.52099609375,1.4460258483886719,0.0020330888219177723,0.0,0.2825847566127777
1898,1,2.3035548096836465,1463,0.22875,0.0,0.375,0,430,0,0,-0.003351259045302868,907.5763549804688,1.526121973991394,-0.0012208593543618917,0.0,0.2528989911079407
1899,1,2.5016160856030183,1463,0.398125,0.0,0.5,0,686,0,0,-0.0026626267936080694,985.3360595703125,1.5404443740844727,0.0016098958440124989,0.0,0.24659940600395203
1900,1,2.182401565280088,1463,0.400625,0.0,0.5,0,942,0,0,-0.0010334638645872474,782.129150390625,1.512864589691162,0.0001288259809371084,0.0,0.2581898272037506
1901,1,2.45388706310041,1464,0.3325,0.0,0.5,0,198,0,0,-0.0010024276562035084,1044.9420166015625,1.4143145084381104,0.0007778198341839015,0.0,0.31520020961761475
1902,1,0.25118157677934505,1465,0.236875,0.0,0.0,0,236,0,0,-0.0008429202134720981,258.006591796875,1.1844277381896973,-0.0001380994654027745,0.0,0.43671149015426636
1903,1,1.1781470027781324,1465,0.45625,0.125,0.125,0,492,0,0,-0.0004904338857159019,119.88082885742188,1.0995678901672363,1.1264890417805873e-05,0.0,0.43619441986083984
1904,1,1.3749638154586137,1465,0.481875,0.125,0.125,0,748,0,0,-0.0003784966538660228,207.09104919433594,1.4916577339172363,0.0005294488510116935,0.0,0.25637975335121155
1905,1,1.8330439523124369,1466,0.011875,0.0,0.0,0,4,0,0,-0.0007223036955110729,386.1304931640625,1.5058414936065674,-0.0005870973691344261,0.0,0.2524341940879822
1906,1,1.7742588491100832,1466,0.186875,0.0,0.125,0,260,0,0,-0.0003509096277412027,462.5442810058594,1.4905993938446045,0.00027933577075600624,0.0,0.26753079891204834
1907,1,2.6980263185603235,1466,0.251875,0.0,0.125,0,516,0,0,-0.0010878629982471466,1171.5262451171875,1.5172414779663086,9.452373342355713e-05,0.0,0.26098060607910156
1908,1,3.1989231224142713,1466,0.295,0.0,0.125,0,772,0,0,-0.0007177609950304031,1784.763427734375,1.493381381034851,-0.0009595667361281812,0.0,0.28151851892471313
1909,1,1.3842380891437642,1467,0.05875,0.0,0.0,0,28,0,0,-0.0019396767020225525,324.81005859375,1.451481580734253,-0.00020947540178894997,0.0,0.28077858686447144
1910,1,1.2192317846420337,1468,0.26,0.125,0.125,0,220,0,0,-0.0004884675145149231,397.3070068359375,1.2441320419311523,0.0002794781175907701,0.0,0.3898180425167084
1911,1,1.944144896403941,1468,0.383125,0.25,0.125,0,476,0,0,-0.0002571903169155121,442.87408447265625,1.5023980140686035,-0.0001395664585288614,0.0,0.2618095874786377
1912,1,3.1884451260075366,1468,0.460625,0.25,0.375,0,732,0,0,0.0005712931742891669,1640.0841064453125,1.5093638896942139,-0.0004375038552097976,0.0,0.26778215169906616
1913,1,1.7182267145744845,1468,0.460625,0.25,0.375,0,988,0,0,-0.0002722783829085529,342.813720703125,1.4909753799438477,0.00015863605949562043,0.0,0.26211613416671753
1914,1,1.2300017144734738,1471,0.26125,0.125,0.25,0,157,0,0,-0.0017389047425240278,717.212890625,1.0600204467773438,0.0004181090625934303,0.0,0.4839648902416229
1915,1,1.3834910439136365,1471,0.505625,0.125,0.375,0,413,0,0,-0.0009364321595057845,368.94122314453125,1.428912878036499,-0.0011500647524371743,0.0,0.29981979727745056
1916,1,0.2976320074758405,1471,0.565,0.125,0.375,0,669,0,0,-0.002690996043384075,196.66415405273438,1.5170152187347412,0.0016142884269356728,0.0,0.26052433252334595
1917,1,-0.11488929743154586,1471,0.578125,0.125,0.375,0,925,0,0,-0.0021884243469685316,210.83778381347656,1.4971425533294678,0.001529542962089181,0.0,0.2671167850494385
1918,1,0.5753040810573111,1472,0.335,0.0,0.0,0,181,0,0,-0.0018582449993118644,371.81048583984375,1.3651809692382812,-0.001526414416730404,0.0,0.34693443775177
1919,1,2.2207298735229415,1472,0.491875,0.0,0.25,0,437,0,0,0.0008850408485159278,878.9581909179688,1.488459825515747,-0.0008679856546223164,0.0,0.27529311180114746
1920,1,1.9444867112397333,1472,0.495,0.0,0.375,0,693,0,0,-0.001126675633713603,418.0926818847656,1.462647795677185,-0.00010345930786570534,0.0,0.294479101896286
1921,1,1.3594286987226951,1472,0.625625,0.0,0.5,0,949,0,0,-0.00260836910456419,279.1413269042969,1.4713020324707031,0.0005131642101332545,0.0,0.2814854085445404
1922,1,1.208399375753288,1474,0.34875,0.25,0.5,0,177,0,0,-3.9803486288292333e-05,499.5331726074219,1.0783495903015137,1.383759081363678e-05,0.0,0.46771907806396484
1923,1,1.708041259449601,1474,0.6675,0.75,0.5,0,433,0,0,-0.000297929480439052,408.09710693359375,1.3942922353744507,0.000553133781068027,0.0,0.29506203532218933
1924,1,0.9172994963155361,1475,0.021875,0.0,0.0,0,15,0,0,-0.0005042128032073379,258.64617919921875,1.45807683467865,1.0886540621868335e-05,0.0,0.28422409296035767
1925,1,0.6094716311781667,1475,0.136875,0.25,0.375,0,271,0,0,-0.002779977396130562,224.84365844726562,1.4151580333709717,-6.206504622241482e-05,0.0,0.30319496989250183
1926,1,1.1684710401036682,1475,0.273125,0.25,0.5,0,527,0,0,-0.004465010948479176,370.6605224609375,1.5041618347167969,0.002837355714291334,0.0,0.26849669218063354
1927,1,2.0635425545915496,1476,0.130625,0.0,0.25,0,119,0,0,-0.0030427109450101852,759.7767944335938,1.4426536560058594,0.0015823144931346178,0.0,0.28504952788352966
1928,1,2.2235808850127796,1476,0.228125,0.0,0.375,0,375,0,0,-0.001763155683875084,690.207275390625,1.5056995153427124,0.0014415530022233725,0.0,0.2529921233654022
1929,1,3.2802793121063587,1476,0.295,0.0,0.375,0,631,0,0,-0.0009473096579313278,1828.3037109375,1.4793016910552979,0.0009381147101521492,0.0,0.2788342237472534
1930,1,2.6493732985281895,1476,0.30125,0.0,0.5,0,887,0,0,-7.189810276031494e-06,1122.26953125,1.455172061920166,0.0004095309413969517,0.0,0.2874975800514221
1931,1,1.8490898312011268,1477,0.243125,0.0,0.375,0,143,0,0,-0.0006607724353671074,568.06591796875,1.332404613494873,0.000349351204931736,0.0,0.3569902777671814
1932,1,2.4918678873400495,1477,0.44,0.125,0.625,0,399,0,0,-0.0008422890678048134,1010.4456787109375,1.4728763103485107,1.5816962331882678e-05,0.0,0.2866433560848236
1933,1,2.865830264368924,1477,0.46125,0.125,0.625,0,655,0,0,-0.001035722903907299,1387.15869140625,1.4481582641601562,0.00013304533786140382,0.0,0.2926337718963623
1934,1,2.3220802662217466,1477,0.484375,0.125,0.625,0,911,0,0,-0.0008723655482754111,909.866455078125,1.4461712837219238,0.00029942969558760524,0.0,0.29479655623435974
1935,1,1.892766811302863,1478,0.194375,0.0,0.125,0,167,0,0,-0.00041685038013383746,756.572265625,1.1741819381713867,-6.387941539287567e-05,0.0,0.4322122037410736
1936,1,3.1017775825457647,1478,0.410625,0.0,0.5,0,423,0,0,-0.0006612576544284821,1860.3843994140625,1.4776352643966675,0.00010966028639813885,0.0,0.27829694747924805
1937,1,2.502260812369059,1478,0.445,0.0,0.5,0,679,0,0,-0.0003835093230009079,890.914306640625,1.4586552381515503,0.0001300958392675966,0.0,0.2975345253944397
1938,1,2.413303236066895,1478,0.461875,0.0,0.5,0,935,0,0,-0.00040546245872974396,927.451171875,1.4525094032287598,-0.0002946214226540178,0.0,0.29103684425354004
1939,1,1.391029630049161,1479,0.2975,0.125,0.375,0,191,0,0,-0.0007804589113220572,322.68218994140625,1.3301043510437012,0.0013318451819941401,0.0,0.3311794400215149
1940,1,1.7778580756385054,1479,0.3725,0.125,0.5,0,447,0,0,-0.0012539755553007126,380.345703125,1.4912160634994507,0.0010243218857795,0.0,0.2634752690792084
1941,1,2.0477328107129438,1479,0.390625,0.125,0.5,0,703,0,0,-0.0014835273614153266,510.9219665527344,1.4723066091537476,5.906556543777697e-05,0.0,0.27010589838027954
1942,1,1.933586499903413,1479,0.41375,0.125,0.5,0,959,0,0,-0.0014902012189850211,809.2396240234375,1.4592230319976807,0.00015228567644953728,0.0,0.2714814841747284
1943,1,1.0218585766633623,1480,0.29375,0.25,0.125,0,215,0,0,-0.00036425641155801713,588.7117919921875,1.1309751272201538,0.0003240931255277246,0.0,0.42313092947006226
1944,1,0.8678874009674473,1480,0.495,0.375,0.125,0,471,0,0,-0.0012923231115564704,152.58990478515625,1.411346197128296,0.00010483991354703903,0.0,0.2792726755142212
1945,1,1.9233869288532333,1480,0.585,0.375,0.125,0,727,0,0,0.0006350145558826625,600.6824340820312,1.4735654592514038,-0.000503114890307188,0.0,0.28464558720588684
1946,1,3.0001533394679427,1480,0.60375,0.375,0.25,0,983,0,0,0.00011347669351380318,1623.336669921875,1.44782292842865,0.0003811251372098923,0.0,0.29915034770965576
1947,1,1.4937403594740317,1482,0.254375,0.125,0.5,0,176,0,0,-0.0007213521748781204,1149.0679931640625,1.2281160354614258,0.0005462439730763435,0.0,0.3939933180809021
1948,1,2.4068545208392607,1482,0.466875,0.5,0.75,0,432,0,0,0.0002090862690238282,950.907958984375,1.472975254058838,0.00015142762276809663,0.0,0.27409622073173523
1949,1,2.8054734092002036,1482,0.616875,0.5,0.875,0,688,0,0,-0.0004190436447970569,1239.8228759765625,1.4739998579025269,0.0001194888463942334,0.0,0.27009713649749756
1950,1,2.6586765760512208,1482,0.6425,0.5,0.875,0,944,0,0,-0.0004437646712176502,1222.51904296875,1.4767102003097534,6.676372140645981e-05,0.0,0.2820602059364319
1951,1,0.9584958620907855,1483,0.288125,0.125,0.25,0,200,0,0,-0.0002101684658555314,397.19512939453125,1.3520314693450928,0.00023119959223549813,0.0,0.3248876929283142
1952,1,1.849770404121955,1484,0.113125,0.0,0.125,0,51,0,0,-0.0006305407732725143,711.135498046875,1.3957947492599487,-4.0886614442570135e-05,0.0,0.3148573338985443
1953,1,1.9781669758449425,1484,0.43625,0.25,0.5,0,307,0,0,-0.000366291671525687,455.06256103515625,1.382737159729004,-9.289120498578995e-05,0.0,0.31399041414260864
1954,1,1.502245523438205,1484,0.535,0.5,0.5,0,563,0,0,-0.0005182139575481415,490.8209228515625,1.4559491872787476,0.0002244707866339013,0.0,0.28799933195114136
1955,1,1.3697516112897574,1484,0.535,0.5,0.5,0,819,0,0,-0.0010193375637754798,210.22222900390625,1.4357709884643555,-0.00015866695321165025,0.0,0.28716570138931274
1956,1,0.036993373309087474,1486,0.06125,0.125,0.125,0,49,0,0,-0.00021223600197117776,916.1103515625,1.2620903253555298,4.0754443034529686e-05,0.0,0.38411945104599
1957,1,1.2455779880401678,1486,0.479375,0.25,0.5,0,305,0,0,-0.000529339537024498,247.24472045898438,1.4198157787322998,3.078409281442873e-05,0.0,0.2894824743270874
1958,1,2.4766613773972495,1486,0.560625,0.375,0.5,0,561,0,0,-0.000696339993737638,843.9932861328125,1.4609999656677246,-5.029716339777224e-05,0.0,0.2657991647720337
1959,1,2.662499304378798,1486,0.65625,0.375,0.5,0,817,0,0,-0.0007789756054989994,1146.035400390625,1.475563406944275,0.0003998824395239353,0.0,0.2714560627937317
1960,1,1.25935605714767,1487,0.068125,0.0,0.0,0,73,0,0,-0.00023866258561611176,481.5303955078125,1.2994673252105713,-0.00015741462993901223,0.0,0.36581894755363464
1961,1,0.6055588420877029,1487,0.345625,0.0,0.125,0,329,0,0,-0.002453989814966917,38.595977783203125,1.265527606010437,-0.00023440683435183018,0.0,0.34897422790527344
1962,1,1.2286197036301019,1487,0.466875,0.125,0.125,0,585,0,0,-0.0002783633244689554,160.1671142578125,1.4256856441497803,0.00034102736390195787,0.0,0.2840646207332611
1963,1,0.6937805579655105,1487,0.47,0.125,0.25,0,841,0,0,-0.0016595417400822043,149.44320678710938,1.4967879056930542,-0.00015240504581015557,0.0,0.2639320492744446
1964,1,0.6338075855510397,1488,0.12125,0.0,0.125,0,97,0,0,-0.00034538781619630754,235.86146545410156,1.3902740478515625,0.0006156115559861064,0.0,0.31135889887809753
1965,1,2.2827173675523227,1488,0.34,0.25,0.375,0,353,0,0,-0.0007246981258504093,810.569580078125,1.460205078125,6.381142884492874e-05,0.0,0.2686704993247986
1966,1,1.5075497213110793,1489,0.365625,0.0,0.25,0,230,0,0,-0.00044154003262519836,618.4489135742188,1.3278324604034424,0.0007810029201209545,0.0,0.3489774167537689
1967,1,4.161489404817985,1489,0.611875,0.0,0.625,0,486,0,0,-0.0005310687120072544,2973.17529296875,1.4308662414550781,-0.00030467877513729036,0.0,0.30005723237991333
1968,1,3.6574579210318916,1489,0.6375,0.0,0.625,0,742,0,0,-0.0006166696548461914,2140.283203125,1.411082148551941,0.00020015232439618558,0.0,0.30566704273223877
1969,1,3.9270293713107094,1489,0.64,0.0,0.625,0,998,0,0,-0.0009582918137311935,2686.498046875,1.3447370529174805,0.00018304400146007538,0.0,0.34312450885772705
1970,1,0.7389083197485888,1490,0.37125,0.125,0.125,0,254,0,0,-0.002753238659352064,139.78689575195312,1.1928919553756714,0.0006089089438319206,0.0,0.4239095151424408
1971,1,0.8734719372223481,1490,0.504375,0.5,0.375,0,510,0,0,-0.007745705079287291,208.92941284179688,1.4718140363693237,-0.0003410338831599802,0.1197916716337204,0.2611111104488373
1972,1,1.3833255942845426,1490,0.568125,0.5,0.375,0,766,0,0,0.001351520768366754,226.82122802734375,1.3671681880950928,0.0057042986154556274,0.010416666977107525,0.31274357438087463
1973,1,2.986873492358427,1491,0.038125,0.0,0.0,0,22,0,0,0.0011580754071474075,1585.302978515625,1.3973788022994995,0.00024099012080114335,0.0,0.3041212558746338
1974,1,1.4862837792607024,1491,0.435625,0.25,0.5,0,278,0,0,-0.0004122148675378412,249.241455078125,1.1134581565856934,-6.507290527224541e-05,0.0,0.43939656019210815
1975,1,1.7620325900206808,1491,0.48,0.25,0.625,0,534,0,0,9.737940126797184e-05,420.54693603515625,1.4736474752426147,-0.000271522905677557,0.0,0.26151174306869507
1976,1,1.647572118111384,1491,0.52375,0.25,0.625,0,790,0,0,-0.0003895380941685289,307.9012451171875,1.4529705047607422,-0.000777918379753828,0.0,0.2718627452850342
1977,1,0.5736619696835987,1492,0.098125,0.0,0.0,0,46,0,0,-0.0006568338721990585,297.99725341796875,1.3938016891479492,0.00039297406328842044,0.0,0.30756333470344543
1978,1,1.6501827677563483,1492,0.25125,0.0,0.125,0,302,0,0,-0.00013379318988882005,485.93475341796875,1.4016666412353516,-0.0001207285895361565,0.0,0.2941368520259857
1979,1,2.4976396672209376,1492,0.3325,0.125,0.125,0,558,0,0,-0.0008125274325720966,1041.4921875,1.4519108533859253,0.0005122851580381393,0.0,0.27460524439811707
1980,1,2.728363431942853,1492,0.345625,0.125,0.25,0,814,0,0,-0.0017949948087334633,1201.4241943359375,1.435443639755249,0.0005262953927740455,0.0,0.2828412652015686
1981,1,1.3992388863648557,1495,0.07,0.0,0.0,0,30,0,0,-0.0031769282650202513,1242.713623046875,1.2979180812835693,-0.0002833797479979694,0.0,0.36375221610069275
1982,1,1.0354849258492322,1495,0.50875,0.0,0.125,0,286,0,0,-0.0011411525774747133,106.27751159667969,1.0138839483261108,-7.090469443937764e-05,0.0,0.4956645369529724
1983,1,3.6324583914029063,1495,0.52,0.125,0.125,0,542,0,0,-0.003586908569559455,2359.55126953125,1.4181455373764038,-0.0002548058400861919,0.0,0.29195186495780945
1984,1,3.288479535272927,1495,0.55125,0.125,0.25,0,798,0,0,-0.002302614040672779,1984.6376953125,1.3999528884887695,0.0004820763133466244,0.0,0.29721948504447937
1985,1,2.7327525282998977,1496,0.1375,0.0,0.0,0,54,0,0,-0.0007432730635628104,1644.233154296875,1.2956721782684326,-0.0012296803761273623,0.0,0.36732959747314453
1986,1,0.9750169996295881,1498,0.20875,0.25,0.125,0,161,0,0,-0.0005720748449675739,769.0636596679688,1.2024106979370117,0.00016152657917700708,0.0,0.4125864505767822
1987,1,0.7322335100070632,1499,0.016875,0.0,0.0,0,6,0,0,-0.0017435456393286586,331.1734924316406,1.3868907690048218,-1.0152114555239677e-05,0.0,0.30676308274269104
1988,1,1.4010726796623203,1499,0.345,0.0,0.125,0,262,0,0,-0.0007950207218527794,351.46514892578125,1.2404447793960571,0.0002796423505060375,0.0,0.374933660030365
1989,1,1.8124906645025476,1499,0.5275,0.0,0.25,0,518,0,0,-0.0005281245103105903,436.07659912109375,1.3885116577148438,0.0003964141942560673,0.0,0.32581737637519836
1990,1,2.7180728199793975,1499,0.539375,0.0,0.25,0,774,0,0,-0.0016053462168201804,1544.0782470703125,1.3631622791290283,-4.2523104639258236e-05,0.0,0.333662748336792
1991,1,3.2179864515856025,1500,0.035625,0.125,0.125,0,30,0,0,-0.0002275457081850618,1734.67431640625,1.3657846450805664,0.0007554359617643058,0.0,0.3310222625732422
1992,1,1.134557989644236,1500,0.32,0.125,0.25,0,286,0,0,-0.0006776386871933937,431.1270751953125,1.3866400718688965,0.00010066681716125458,0.0,0.3073902428150177
1993,1,2.2475370899483096,1500,0.33375,0.25,0.25,0,542,0,0,-0.0002471907064318657,966.6571044921875,1.3491668701171875,-4.307817289372906e-05,0.0,0.32650336623191833
1994,1,1.3271682764207071,1500,0.3375,0.25,0.25,0,798,0,0,-0.0023231497034430504,396.1558837890625,1.3777707815170288,0.00013734276581089944,0.0,0.3244827389717102
1995,1,2.342508280281095,1501,0.1125,0.0,0.0,0,54,0,0,0.0008673795382492244,906.419677734375,1.3181922435760498,0.0007669231854379177,0.0,0.35586583614349365
1996,1,2.881152599363759,1501,0.245625,0.125,0.125,0,310,0,0,0.00011355243623256683,1439.5672607421875,1.4040162563323975,-0.00020629679784178734,0.0,0.3021784722805023
1997,1,3.638686401041923,1501,0.2625,0.125,0.125,0,566,0,0,-6.657528865616769e-05,2467.2958984375,1.3634278774261475,0.00029755703872069716,0.0,0.3286747932434082
1998,1,3.3834364277136046,1501,0.28375,0.125,0.125,0,822,0,0,-0.000272057339316234,1798.488525390625,1.3453178405761719,0.000338066543918103,0.0,0.317842960357666
1999,1,2.5937326641687832,1502,0.164375,0.0,0.125,0,78,0,0,-0.0005634810659103096,1373.60888671875,1.3273719549179077,0.0001455596648156643,0.0,0.3413655757904053
2000,1,0.019609873721492477,1502,0.26125,0.25,0.25,0,334,0,0,-0.001161515130661428,330.31427001953125,1.3716506958007812,-0.000531140249222517,0.0,0.3125990331172943
2001,1,1.2179963179660263,1503,0.099375,0.0,0.0,0,45,0,0,-0.0027192046400159597,536.26708984375,1.1891446113586426,0.0009310483001172543,0.0,0.40655773878097534
2002,1,0.9737319534615381,1503,0.309375,0.25,0.125,0,301,0,0,4.2146071791648865e-05,338.5582580566406,0.9731684923171997,-0.0007801751489751041,0.0,0.5334950089454651
2003,1,2.745022411649188,1503,0.485,0.375,0.25,0,557,0,0,-0.00034787305048666894,1509.38720703125,1.36522376537323,0.00019508632249198854,0.0,0.3222735524177551
2004,1,2.542599909429555,1505,0.0825,0.0,0.0,0,46,0,0,3.065463897655718e-05,2388.8603515625,1.258746862411499,0.0009881723672151566,0.0,0.37726497650146484
2005,1,0.8271886882284889,1506,0.211875,0.0,0.0,0,228,0,0,-0.0021053366363048553,524.5941162109375,1.2332196235656738,0.0006193701992742717,0.0,0.36498141288757324
2006,1,3.829267826713476,1506,0.419375,0.0,0.25,0,484,0,0,0.0006087562069296837,2672.6162109375,1.4087637662887573,0.001398691674694419,0.0,0.2985222339630127
2007,1,4.4789554099261295,1506,0.510625,0.0,0.5,0,740,0,0,-0.0011462371330708265,3355.73388671875,1.3764841556549072,-0.0004263759474270046,0.0,0.3261731266975403
2008,1,3.5552212716211216,1506,0.516875,0.0,0.5,0,996,0,0,-0.0003733026678673923,2060.05615234375,1.377562403678894,-0.00016668299213051796,0.0,0.3069102168083191
2009,1,1.8911971484649257,1507,0.360625,0.125,0.375,0,252,0,0,-0.000154511391883716,571.4842529296875,1.335869550704956,-6.820572161814198e-05,0.0,0.3426637649536133
2010,1,0.9881522592895635,1507,0.4225,0.125,0.5,0,508,0,0,-0.008548503741621971,415.78955078125,1.3317654132843018,0.0075407857075333595,0.0755208358168602,0.34604376554489136
2011,1,2.5283516840390803,1507,0.443125,0.125,0.5,0,764,0,0,0.004888975527137518,1202.9461669921875,1.3139660358428955,0.0011721381451934576,0.0520833358168602,0.3320416510105133
2012,1,1.4824315202204161,1508,0.03875,0.0,0.0,0,20,0,0,0.0007044129888527095,1499.43310546875,1.3140177726745605,-0.0009369360050186515,0.0,0.35578757524490356
2013,1,1.9575285777027602,1510,0.07125,0.0,0.125,0,30,0,0,-0.0002972322399728,1107.3984375,1.3213179111480713,0.00019575515761971474,0.0,0.3500955104827881
2014,1,0.389863333838548,1510,0.195,0.25,0.25,0,286,0,0,-0.0004496037436183542,156.8754425048828,1.3093807697296143,0.00012711933231912553,0.0,0.342451274394989
2015,1,1.112752372317118,1510,0.32,0.25,0.5,0,542,0,0,-0.0001056917681125924,341.7499694824219,1.380542516708374,-7.952020678203553e-05,0.0,0.30795785784721375
2016,1,1.2097088051523315,1510,0.324375,0.25,0.5,0,798,0,0,-0.0018740505911409855,535.9051513671875,1.3812835216522217,-0.00024150157696567476,0.0,0.3184882402420044
2017,1,2.282309073743818,1511,0.115,0.0,0.125,0,54,0,0,-0.0026796753518283367,1102.6668701171875,1.3983221054077148,-0.0014814271125942469,0.0,0.3091340661048889
2018,1,1.0846535247401334,1511,0.3525,0.125,0.5,0,310,0,0,-0.002234895946457982,219.33847045898438,1.3170868158340454,-0.0017926227301359177,0.0,0.3381668031215668
2019,1,2.874348119370552,1511,0.3775,0.5,0.625,0,566,0,0,-0.0008873756742104888,1225.459716796875,1.4221625328063965,0.0004983125254511833,0.0,0.3030780255794525
2020,1,2.9226348292431794,1511,0.38,0.5,0.625,0,822,0,0,7.949396967887878e-05,1181.16015625,1.4203108549118042,0.0003566613304428756,0.0,0.2908865213394165
2021,1,1.7129145677317865,1512,0.229375,0.0,0.0,0,135,0,0,-1.5230229109874927e-05,539.911376953125,1.2740987539291382,-0.00028498750180006027,0.0,0.383073091506958
2022,1,1.8575320656418626,1512,0.468125,0.0,0.125,0,391,0,0,-0.0006928433431312442,589.69970703125,1.3291122913360596,-0.00047875739983282983,0.0,0.36763256788253784
2023,1,2.9989550730151677,1512,0.633125,0.0,0.375,0,647,0,0,-0.0006001220899634063,1746.261962890625,1.3297693729400635,-9.065090853255242e-05,0.0,0.347329318523407
2024,1,4.332338744378831,1512,0.659375,0.0,0.375,0,903,0,0,-0.0005904442514292896,3208.534423828125,1.2786768674850464,-6.916622623975854e-06,0.0,0.3748250901699066
2025,1,3.2806398053835437,1514,0.208125,0.25,0.375,0,115,0,0,-0.0007256980752572417,1881.73046875,1.295422911643982,0.0005014813505113125,0.0,0.3595516085624695
2026,1,3.4797267653557356,1514,0.49125,0.375,0.75,0,371,0,0,-0.00012628982949536294,1915.760498046875,1.3479547500610352,-2.0914090782753192e-05,0.0,0.3302602767944336
2027,1,4.840737820057257,1514,0.67875,0.375,0.875,0,627,0,0,-0.00043605425162240863,4157.755859375,1.3004177808761597,9.75211150944233e-05,0.0,0.3584689795970917
2028,1,5.233334341736736,1514,0.766875,0.375,0.875,0,883,0,0,-0.0005219448357820511,4927.8310546875,1.2848095893859863,-0.0002007488365052268,0.0,0.38271328806877136
2029,1,2.9255651024759572,1515,0.261875,0.0,0.125,0,139,0,0,-0.0003900652227457613,1734.2353515625,1.1510062217712402,0.00015167947276495397,0.0,0.43863365054130554
2030,1,3.354403052406269,1515,0.504375,0.125,0.25,0,395,0,0,-0.0006285085109993815,2791.07373046875,1.3790416717529297,-0.00014523029676638544,0.0,0.32379382848739624
2031,1,4.499383018386652,1515,0.603125,0.125,0.625,0,651,0,0,-0.0005754943704232574,3552.507568359375,1.3653892278671265,-0.0002568580093793571,0.0,0.33147770166397095
2032,1,4.2727806636078185,1515,0.61,0.125,0.625,0,907,0,0,-0.000252838566666469,3073.52783203125,1.3333673477172852,-0.00016054930165410042,0.0,0.34814295172691345
2033,1,2.232495693504461,1516,0.33,0.0,0.125,0,163,0,0,-0.0005245457286946476,1159.1746826171875,1.1971522569656372,-0.00020952080376446247,0.0,0.41962164640426636
2034,1,0.7346088339945709,1516,0.405,0.125,0.125,0,419,0,0,-0.004825496580451727,53.4130859375,1.2998179197311401,0.002087998203933239,0.0,0.31850916147232056
2035,1,2.8157986834103212,1517,0.28125,0.125,0.125,0,181,0,0,0.002296644728630781,1242.474853515625,1.2460063695907593,0.0020221401937305927,0.0,0.38336730003356934
2036,1,1.8480390635231743,1518,0.135,0.0,0.0,0,120,0,0,7.050795102259144e-05,802.9503173828125,1.3706140518188477,0.0002666902728378773,0.0,0.3186068832874298
2037,1,2.227385749338282,1518,0.37,0.125,0.125,0,376,0,0,0.0011709043756127357,807.318115234375,1.278897762298584,0.0013659149408340454,0.0,0.3601112961769104
2038,1,1.2845343384033185,1520,0.211875,0.0,0.25,0,117,0,0,-0.0007919433410279453,1151.878173828125,1.2482764720916748,0.000530565797816962,0.0,0.392423152923584
2039,1,1.4279779253774905,1520,0.4775,0.0,0.75,0,373,0,0,-0.0019325580215081573,398.569091796875,1.3683412075042725,0.0010746711632236838,0.0,0.33011576533317566
2040,1,1.8385890305435169,1520,0.623125,0.0,0.875,0,629,0,0,-0.0021046611946076155,535.1885986328125,1.338975429534912,0.0012261717347428203,0.0,0.3456004559993744
2041,1,4.657295043056365,1520,0.626875,0.0,0.875,0,885,0,0,-0.0018022709991782904,3954.552490234375,1.2992360591888428,0.0008253619307652116,0.0,0.3773946762084961
2042,1,2.2544848259713035,1521,0.080625,0.0,0.0,0,141,0,0,-0.0004832521080970764,912.4344482421875,1.2853178977966309,-0.0007658870308659971,0.0,0.36766064167022705
2043,1,3.8442803596217345,1521,0.143125,0.0,0.125,0,397,0,0,-0.0007716435939073563,2520.806640625,1.3177790641784668,-0.00014563495642505586,0.0,0.35342955589294434
2044,1,1.94341713659378,1521,0.1575,0.0,0.125,0,653,0,0,-0.0003122445195913315,446.4001770019531,1.3327069282531738,0.00030566458008252084,0.0,0.34804606437683105
2045,1,3.6120559122791747,1521,0.221875,0.0,0.125,0,909,0,0,-6.860060238977894e-05,2309.41162109375,1.302391767501831,-5.6045129895210266e-05,0.0,0.38528817892074585
2046,1,1.4563313926009869,1522,0.236875,0.0,0.125,0,165,0,0,-0.008293300867080688,401.7119445800781,1.3444554805755615,0.006690445356070995,0.00911458395421505,0.34755492210388184
2047,1,1.0534189981308373,1522,0.47,0.25,0.25,0,421,0,0,0.0021591242402791977,218.8736114501953,1.2992002964019775,0.0011949820909649134,0.0,0.3496544361114502
2048,1,0.33929329750390025,1522,0.47375,0.25,0.25,0,677,0,0,-0.001356866559945047,233.77157592773438,1.4183906316757202,0.0019459801260381937,0.0,0.30075058341026306
2049,1,-0.17896248473698506,1522,0.48,0.25,0.25,0,933,0,0,-0.002849271520972252,456.240478515625,1.399653434753418,0.002306057373061776,0.0,0.31043538451194763
2050,1,0.19328985632455442,1524,0.22,0.125,0.375,0,187,0,0,-0.0007623378187417984,1375.54541015625,1.4013583660125732,0.0013811977114528418,0.0,0.3065023124217987
2051,1,0.27727474350103876,1525,0.229375,0.0,0.125,0,161,0,0,-0.0003191766736563295,594.352294921875,1.3382136821746826,0.0002880135434679687,0.0,0.32850801944732666
2052,1,0.6895939555288351,1525,0.32625,0.125,0.125,0,417,0,0,-0.0037125712260603905,137.94293212890625,1.3763060569763184,0.001289232517592609,0.0,0.30632713437080383
2053,1,3.313591683813115,1525,0.33,0.125,0.125,0,673,0,0,0.0020549253094941378,2202.61767578125,1.385644793510437,0.0007636056980118155,0.0,0.317862331867218
2054,1,4.50589139087333,1525,0.423125,0.125,0.375,0,929,0,0,1.1840835213661194e-05,3433.259765625,1.3783982992172241,-5.9481557400431484e-05,0.0,0.3223544955253601
2055,1,1.8129300675645936,1526,0.2025,0.0,0.125,0,185,0,0,-0.0004542482492979616,686.0318603515625,1.241441249847412,0.00018832988280337304,0.0,0.4044792652130127
2056,1,3.7483425543623525,1526,0.258125,0.125,0.125,0,441,0,0,-0.00028521878994069993,2604.395263671875,1.3207348585128784,0.00027220480842515826,0.0,0.3476852774620056
2057,1,4.356007436438631,1526,0.2675,0.125,0.25,0,697,0,0,-0.0003649909049272537,3198.0849609375,1.3484342098236084,0.0001722752786008641,0.0,0.33005237579345703
2058,1,1.0619775551804196,1527,0.2175,0.0,0.25,0,224,0,0,-0.0010043010115623474,276.9794616699219,1.2497308254241943,0.0001964258699445054,0.0,0.37016868591308594
2059,1,2.4981755023218284,1527,0.325625,0.25,0.25,0,480,0,0,-0.0009195748716592789,1075.2431640625,1.4098814725875854,0.0001266920007765293,0.0,0.2991895079612732
2060,1,2.4441052650036,1527,0.344375,0.25,0.25,0,736,0,0,-0.0013611487811431289,820.3983764648438,1.434929370880127,0.0006201716023497283,0.0,0.29073095321655273
2061,1,2.348196339495189,1528,0.21625,0.0,0.25,0,127,0,0,-0.0017503916751593351,1056.30126953125,1.2895257472991943,0.00048056727973744273,0.0,0.35769879817962646
2062,1,0.5891035881868447,1528,0.5775,0.375,0.75,0,383,0,0,-0.0012903574388474226,185.14193725585938,1.3262962102890015,0.0007723672315478325,0.0,0.3290422558784485
2063,1,2.185413795457862,1528,0.591875,0.375,0.75,0,639,0,0,-0.0009346995502710342,1179.5654296875,1.3893458843231201,0.000992505461908877,0.0,0.32039809226989746
2064,1,2.9777671092251694,1528,0.62375,0.375,0.75,0,895,0,0,2.265038710902445e-05,1540.723388671875,1.3851583003997803,-5.6239623518195e-05,0.0,0.30558115243911743
2065,1,1.2463023410455207,1529,0.243125,0.0,0.125,0,151,0,0,-0.003879280760884285,264.6689147949219,1.2282012701034546,0.0012665394460782409,0.0,0.402536004781723
2066,1,1.5611261195845145,1529,0.290625,0.125,0.125,0,407,0,0,-0.0009738371591083705,220.3204803466797,1.377457618713379,0.0028459306340664625,0.0,0.3009595274925232
2067,1,1.6023920149842752,1529,0.424375,0.125,0.25,0,663,0,0,-0.0018634842708706856,515.0031127929688,1.4153589010238647,-2.4116598069667816e-06,0.0,0.30478543043136597
2068,1,1.332482048055681,1530,0.34,0.0,0.375,0,216,0,0,-0.0026340268086642027,355.13629150390625,1.3070824146270752,-0.002051298040896654,0.0,0.35859715938568115
2069,1,2.479757554261596,1530,0.4175,0.25,0.375,0,472,0,0,-0.004307861905544996,802.5303955078125,1.3881982564926147,0.0009913708781823516,0.0,0.31112319231033325
2070,1,3.0151039488882816,1530,0.429375,0.375,0.375,0,728,0,0,-0.002907245419919491,1525.323974609375,1.348719596862793,0.0025790324434638023,0.0,0.33752089738845825
2071,1,4.20743314192373,1530,0.43625,0.375,0.5,0,984,0,0,-0.00218859757296741,3417.267822265625,1.3002150058746338,-4.7465553507208824e-05,0.0,0.36033815145492554
2072,1,1.2021733241344918,1532,0.264375,0.0,0.25,0,182,0,0,-0.0015176584711298347,612.913330078125,1.185208797454834,-0.000447144266217947,0.0,0.40788644552230835
2073,1,2.4961385204551334,1532,0.315,0.0,0.25,0,438,0,0,-0.00037004053592681885,1185.932373046875,1.2879098653793335,0.0013589122099801898,0.0,0.35864171385765076
2074,1,3.758453755202936,1532,0.343125,0.0,0.25,0,694,0,0,-0.0012872529914602637,2149.533935546875,1.2403438091278076,0.000576233840547502,0.0,0.39072200655937195
2075,1,2.831761425903096,1532,0.408125,0.0,0.25,0,950,0,0,0.00010114287579199299,1251.940673828125,1.2088639736175537,0.0005478756502270699,0.0,0.4068506956100464
2076,1,1.1362807702716964,1533,0.30125,0.0,0.625,0,206,0,0,-0.0022180508822202682,391.9322204589844,1.2142841815948486,0.0005003385012969375,0.0,0.38793230056762695
2077,1,0.5655538310020347,1533,0.389375,0.625,0.625,0,462,0,0,-0.00407556165009737,259.8253479003906,1.268109917640686,0.00021261318761389703,0.0,0.3615194261074066
2078,1,3.708261904299434,1533,0.491875,0.625,0.875,0,718,0,0,0.0004163358244113624,3221.25048828125,1.3144373893737793,0.0001523459068266675,0.0,0.3551856279373169
2079,1,2.481817968262476,1534,0.0625,0.0,0.0,0,59,0,0,0.0003943567571695894,1468.44677734375,1.2677927017211914,-0.0018757351208478212,0.0,0.3804548680782318
2080,1,1.0465960494875617,1535,0.371875,0.25,0.25,0,234,0,0,-0.00862093549221754,566.0361328125,1.1021521091461182,0.006614155601710081,0.15234375,0.4544777274131775
2081,1,0.16040036721824436,1535,0.5825,0.375,0.5,0,490,0,0,-0.0020804456435143948,259.5997009277344,1.2976281642913818,0.0034791145008057356,0.0,0.3388536870479584
2082,1,-0.10456996052380418,1535,0.629375,0.375,0.5,0,746,0,0,0.0006364341825246811,387.589599609375,1.3028521537780762,0.002118518576025963,0.0,0.3537878394126892
2083,1,1.9646437443370814,1536,0.1975,0.0,0.25,0,229,0,0,-0.00048510110354982316,1555.05322265625,1.3271981477737427,0.000850181735586375,0.0,0.35020673274993896
2084,1,2.9531852056534262,1536,0.3125,0.0,0.25,0,485,0,0,0.0018461511936038733,1874.33349609375,1.3111622333526611,-0.0003720277454704046,0.0,0.33694419264793396
2085,1,1.3388187708976602,1537,0.245625,0.125,0.25,0,215,0,0,-0.004437793977558613,719.918701171875,1.3353090286254883,-0.0007575495983473957,0.0,0.3340681493282318
2086,1,-0.6306418078456772,1537,0.3325,0.125,0.25,0,471,0,0,0.003982145339250565,617.0535278320312,1.238018274307251,0.0027167003136128187,0.0,0.37538719177246094
2087,1,-0.7847880175577302,1537,0.34,0.125,0.25,0,727,0,0,0.0021770820021629333,725.543212890625,1.16560697555542,0.0020248349756002426,0.0,0.4316270351409912
2088,1,-0.2639035324773431,1538,0.0425,0.0,0.0,0,61,0,0,0.0002942659775726497,988.562255859375,1.173081398010254,0.0004845266230404377,0.0,0.4180140197277069
2089,1,1.0873422618915356,1538,0.201875,0.125,0.125,0,317,0,0,-0.0014917891239747405,163.8284912109375,1.1789748668670654,-0.0008522747084498405,0.0,0.4226897954940796
2090,1,0.17346923398508807,1538,0.313125,0.125,0.25,0,573,0,0,0.0005620401352643967,458.91009521484375,1.191994071006775,-0.0008981972932815552,0.0,0.4274861216545105
2091,1,0.9925578150432557,1538,0.34875,0.125,0.25,0,829,0,0,-0.0016376320272684097,216.80169677734375,1.1581095457077026,0.0012696332996711135,0.0,0.42887377738952637
2092,1,0.8922674722098236,1539,0.16125,0.0,0.25,0,85,0,0,-0.0025034784339368343,457.1663818359375,1.2187488079071045,-0.00018456229008734226,0.0,0.41109275817871094
2093,1,1.300429838567652,1539,0.421875,0.375,0.5,0,341,0,0,-0.0010914746671915054,231.91262817382812,1.131509780883789,0.0009641462820582092,0.0,0.4263337552547455
2094,1,0.982090688747121,1539,0.455625,0.5,0.5,0,597,0,0,-0.006332088261842728,156.7915496826172,1.1308152675628662,0.000649522989988327,0.0,0.43899375200271606
2095,1,3.1177892432751833,1539,0.45875,0.5,0.5,0,853,0,0,-0.0014389626448974013,2012.017578125,1.1111325025558472,0.004831246100366116,0.0,0.4524455964565277
2096,1,1.6493087726121303,1540,0.19625,0.0,0.25,0,109,0,0,-0.0018445247551426291,703.9054565429688,1.1677639484405518,-0.000681206292938441,0.0,0.4137399196624756
2097,1,1.2563582255779693,1540,0.411875,0.125,0.375,0,365,0,0,-0.0006247953278943896,582.504150390625,1.3226174116134644,0.0016622071852907538,0.0,0.348935604095459
2098,1,2.335049811685167,1540,0.575,0.125,0.75,0,621,0,0,0.0007364246994256973,913.4901123046875,1.1986675262451172,-0.0002894164063036442,0.0,0.41551661491394043
2099,1,4.58281711854579,1540,0.793125,0.125,0.875,0,877,0,0,-0.0005924658617004752,3803.73681640625,1.1875495910644531,-0.00018939314759336412,0.0,0.41716334223747253
2100,1,1.185539811194758,1541,0.2075,0.0,0.0,0,133,0,0,-0.004189760889858007,445.66748046875,1.2935373783111572,0.0001206315791932866,0.0,0.38128942251205444
2101,1,0.44735728176601697,1541,0.373125,0.125,0.0,0,389,0,0,0.0006915064295753837,89.64627838134766,1.2280362844467163,0.0022182525135576725,0.0,0.37073642015457153
2102,1,0.2591727909493784,1541,0.4925,0.125,0.125,0,645,0,0,-0.0003400283749215305,138.70297241210938,1.192993402481079,-0.0004161740653216839,0.0,0.3759235739707947
2103,1,0.29190841720992466,1541,0.60375,0.375,0.5,0,901,0,0,-0.0005441786488518119,239.06100463867188,1.2799146175384521,6.837444379925728e-05,0.0,0.368809312582016
2104,1,1.6206554161581153,1542,0.17375,0.125,0.375,0,157,0,0,-0.000447134196292609,594.2435913085938,1.3010261058807373,-0.00033895563683472574,0.0,0.34782692790031433
2105,1,0.08522532437200425,1542,0.29125,0.375,0.375,0,413,0,0,-0.0011742956703528762,311.25250244140625,1.2289968729019165,-0.0010494538582861423,0.0,0.37050506472587585
2106,1,1.0748084541883145,1542,0.34125,0.375,0.625,0,669,0,0,-0.004498752765357494,581.995849609375,1.2525031566619873,0.0009101421455852687,0.0,0.36856454610824585
2107,1,3.4693351561963937,1542,0.369375,0.375,0.625,0,925,0,0,-0.000989273190498352,2098.5302734375,1.244922399520874,0.0028231318574398756,0.0,0.3876068592071533
2108,1,2.4414490420094808,1543,0.258125,0.0,0.25,0,181,0,0,0.00245475210249424,839.5961303710938,1.2633966207504272,0.00013748944911640137,0.0,0.38323110342025757
2109,1,3.1241318804895855,1543,0.318125,0.125,0.5,0,437,0,0,-0.0007547081331722438,1391.595458984375,1.1701452732086182,0.0008742741192691028,0.0,0.4335464835166931
2110,1,3.811074986384483,1543,0.344375,0.125,0.5,0,693,0,0,-0.0006392508512362838,3419.632568359375,1.131184697151184,6.98735675541684e-05,0.0,0.44885969161987305
2111,1,5.344574674367323,1543,0.345625,0.125,0.5,0,949,0,0,-6.678514182567596e-05,5477.9296875,1.099662184715271,0.0001579773088451475,0.0,0.4822689890861511
2112,1,1.240480499676778,1544,0.199375,0.125,0.125,0,205,0,0,-0.0004956824705004692,995.84716796875,1.1820611953735352,2.9122456908226013e-06,0.0,0.42502373456954956
2113,1,1.5033166740126944,1544,0.251875,0.125,0.125,0,461,0,0,-0.0016987647395581007,508.73150634765625,1.1590628623962402,0.0008609396172687411,0.0,0.4377950131893158
2114,1,4.935719596396666,1544,0.268125,0.125,0.25,0,717,0,0,-0.0018557034200057387,4606.947265625,1.1514043807983398,0.0006059815059415996,0.0,0.4383774697780609
2115,1,4.3663102093560155,1544,0.328125,0.25,0.375,0,973,0,0,-0.00019859150052070618,3929.517578125,1.1267483234405518,-4.3786752939922735e-05,0.0,0.46220070123672485
2116,1,0.30308509879978374,1545,0.271875,0.0,0.0,0,229,0,0,-0.0006425405736081302,363.9852600097656,1.3926126956939697,-0.00015851017087697983,0.0,0.32256290316581726
2117,1,0.5567496782896342,1545,0.4275,0.0,0.0,0,485,0,0,-0.0015608805697411299,54.19342041015625,1.134607195854187,0.0011463253758847713,0.0,0.4224841594696045
2118,1,0.32836326497636037,1545,0.486875,0.125,0.125,0,741,0,0,-0.0018400365952402353,278.21649169921875,1.1830377578735352,0.0002699090982787311,0.0,0.3966822624206543
2119,1,4.457299484747637,1545,0.553125,0.125,0.125,0,997,0,0,-0.0003678860957734287,3604.55419921875,1.1379997730255127,9.696356573840603e-05,0.0,0.44516119360923767
2120,1,0.4182431922381511,1546,0.2525,0.0,0.0,0,253,0,0,-3.717094659805298e-05,249.7770538330078,1.3376426696777344,-0.0003020716831088066,0.0,0.34632036089897156
2121,1,0.6337547166695003,1548,0.034375,0.0,0.0,0,56,0,0,-0.0006192773580551147,1044.39404296875,1.279788851737976,0.000543449423275888,0.0,0.3678840100765228
2122,1,1.8171869057878212,1548,0.245625,0.25,0.25,0,312,0,0,-0.0012282729148864746,622.9234008789062,1.2286689281463623,0.0010046426905319095,0.0,0.3876599669456482
2123,1,4.100963926863187,1548,0.365,0.25,0.25,0,568,0,0,0.0009565836517140269,3337.045166015625,1.1676561832427979,-0.0003717394429259002,0.0,0.4295038878917694
2124,1,4.359372244027327,1548,0.503125,0.25,0.5,0,824,0,0,0.00014514601207338274,3364.92822265625,1.125860571861267,4.9549777031643316e-05,0.0,0.4508016109466553
2125,1,2.3520192806900013,1549,0.165625,0.0,0.375,0,80,0,0,-0.0009421681752428412,708.531982421875,1.179330587387085,9.931562090059742e-05,0.0,0.40598201751708984
2126,1,0.5046772266032349,1550,0.185625,0.125,0.25,0,136,0,0,-0.00013608485460281372,849.1881103515625,1.249179482460022,-0.0001135985367000103,0.0,0.372990220785141
2127,1,0.336369290111179,1551,0.186875,0.0,0.0,0,173,0,0,-0.0006447950145229697,723.533447265625,1.3493096828460693,3.8488149584736675e-05,0.0,0.3178008198738098
2128,1,3.5535343162628124,1551,0.265625,0.0,0.125,0,429,0,0,-6.930902600288391e-06,2580.4462890625,1.227358102798462,-0.00029097203514538705,0.0,0.3908390998840332
2129,1,0.5789286432118388,1554,0.115,0.0,0.0,0,113,0,0,-0.0006064251065254211,1248.2852783203125,1.3941960334777832,0.00037334332591854036,0.0,0.306999146938324
2130,1,2.103921576795983,1554,0.1875,0.0,0.0,0,369,0,0,8.329438969667535e-06,782.5543212890625,1.2529456615447998,-0.00020991871133446693,0.0,0.36951643228530884
2131,1,3.4087201585243747,1554,0.21625,0.0,0.0,0,625,0,0,-4.315376281738281e-05,2310.72216796875,1.1874659061431885,-0.00016745677567087114,0.0,0.414268434047699
2132,1,4.537367432494648,1554,0.219375,0.0,0.0,0,881,0,0,-7.057748734951019e-05,3907.784423828125,1.1480605602264404,-0.0001421604974893853,0.0,0.44545501470565796
2133,1,3.3509953419852536,1555,0.145625,0.125,0.375,0,137,0,0,-0.00017800554633140564,2403.80078125,1.2068954706192017,-0.00010374623525422066,0.0,0.39867115020751953
2134,1,0.8627143140838598,1556,0.005625,0.0,0.0,0,0,0,0,-0.00103781558573246,874.1973876953125,1.2777347564697266,-0.00024304617545567453,0.0,0.36611229181289673
2135,1,1.2136517723702127,1557,0.268125,0.125,0.25,0,219,0,0,-0.005473771598190069,945.9083251953125,1.2205102443695068,0.0036009191535413265,0.0,0.40059083700180054
2136,1,4.334652423276566,1557,0.35375,0.125,0.25,0,475,0,0,0.0008930197800509632,3398.82568359375,1.116860270500183,0.0015249305870383978,0.0,0.4578927457332611
2137,1,3.8099352944373095,1557,0.459375,0.125,0.375,0,731,0,0,0.0009495268459431827,2342.07568359375,1.095989465713501,-0.001656410051509738,0.0,0.4924463629722595
2138,1,1.3772657364506813,1557,0.459375,0.125,0.375,0,987,0,0,-9.416540706297383e-05,353.509765625,1.0751699209213257,0.00016138672071974725,0.0,0.47869324684143066
2139,1,0.3643379947570793,1559,0.28625,0.0,0.25,0,183,0,0,0.0004458737967070192,1021.2991333007812,1.3418166637420654,0.002233351580798626,0.0,0.3282291293144226
2140,1,0.8326052146367147,1559,0.413125,0.125,0.375,0,439,0,0,-0.007565849926322699,231.8501739501953,1.266473412513733,0.004475871101021767,0.0078125,0.38786131143569946
2141,1,2.0039856360326667,1559,0.44375,0.375,0.375,0,695,0,0,0.004465355537831783,720.92431640625,1.2047710418701172,0.00790924672037363,0.0950520858168602,0.3807727098464966
2142,1,1.456593722661637,1559,0.595625,0.375,0.75,0,951,0,0,0.0012316409265622497,378.58026123046875,1.2561334371566772,0.001057902816683054,0.0,0.3726181983947754
2143,1,1.1202585757333736,1560,0.32875,0.0,0.25,0,207,0,0,0.0006863835151307285,529.4846801757812,1.28607177734375,0.00024607498198747635,0.0,0.34272393584251404
2144,1,-0.6068293929806714,1560,0.42625,0.0,0.25,0,463,0,0,-0.0001328153011854738,670.3739013671875,1.2251664400100708,-0.00047325732884928584,0.0,0.3959439694881439
2145,1,-0.9121809249991202,1560,0.42875,0.0,0.25,0,719,0,0,-0.00014929845929145813,862.2457275390625,1.1477952003479004,0.00031686434522271156,0.0,0.45133382081985474
2146,1,-0.9287762806925457,1560,0.465625,0.0,0.25,0,975,0,0,-0.0010036056628450751,887.4007568359375,1.1506098508834839,0.00023721004254184663,0.0,0.4597896337509155
2147,1,0.50493918999382,1561,0.365625,0.125,0.5,0,231,0,0,-0.0006506586214527488,957.9427490234375,1.1995933055877686,-8.073046046774834e-05,0.0,0.3975095748901367
2148,1,-0.9970968080160674,1561,0.39375,0.125,0.5,0,487,0,0,-0.000458352267742157,938.4791259765625,1.119441032409668,0.0010513896122574806,0.0,0.4831596612930298
2149,1,-0.9197309775772737,1561,0.395625,0.125,0.5,0,743,0,0,-0.0007883099606260657,862.9037475585938,1.147023320198059,0.00046996137825772166,0.0,0.45048046112060547
2150,1,-0.8310680098511511,1561,0.478125,0.125,0.625,0,999,0,0,-0.0006956210127100348,767.6297607421875,1.137865424156189,-0.00010291968646924943,0.0,0.45574459433555603
2151,1,0.2726105437759543,1562,0.285,0.0,0.25,0,255,0,0,-0.0009628472616896033,242.4822235107422,1.2895827293395996,-0.00017974385991692543,0.0,0.34392210841178894
2152,1,-0.782603292085696,1562,0.37375,0.0,0.25,0,511,0,0,-0.0007928007980808616,749.0031127929688,1.2091286182403564,0.0004001281631644815,0.0,0.42445623874664307
2153,1,0.15245471375692432,1562,0.41375,0.25,0.25,0,767,0,0,-0.0009176110615953803,406.6463623046875,1.2103197574615479,-0.0012264277320355177,0.0,0.3912353217601776
2154,1,-0.6918332203640603,1563,0.016875,0.0,0.0,0,23,0,0,0.00023420280194841325,1063.3203125,1.2235686779022217,-4.299590364098549e-05,0.0,0.3954564034938812
2155,1,0.9974090060277376,1564,0.296875,0.125,0.125,0,219,0,0,-0.0019924798980355263,568.0980224609375,1.2676043510437012,0.0006977090379223228,0.0,0.36215394735336304
2156,1,-0.5766756344328314,1564,0.37125,0.125,0.25,0,475,0,0,0.00022027207887731493,598.248779296875,1.223128318786621,0.0012240363284945488,0.0,0.39347097277641296
2157,1,-0.6836432979034726,1564,0.4875,0.125,0.625,0,731,0,0,-0.0007760642911307514,647.3214111328125,1.2266751527786255,0.0010663628345355392,0.0,0.4139235019683838
2158,1,-0.055346586432278855,1564,0.495625,0.125,0.625,0,987,0,0,-7.0004416556912474e-06,505.4011535644531,1.1844557523727417,-0.0004645319131668657,0.0,0.4324800968170166
2159,1,0.8744070653374365,1568,0.26125,0.0,0.25,0,129,0,0,-0.0002872732875403017,1849.7548828125,1.3393272161483765,-3.3313721360173076e-05,0.0,0.3370402753353119
2160,1,-0.09480738570800895,1568,0.52375,0.125,0.375,0,385,0,0,-0.0005237983423285186,324.0204772949219,1.2543758153915405,0.0002754434826783836,0.0,0.37707945704460144
2161,1,0.13511699430819135,1568,0.53875,0.125,0.375,0,641,0,0,-0.0010755525436252356,443.8941650390625,1.242258071899414,0.00018620988703332841,0.0,0.39256200194358826
2162,1,-0.7737998730017352,1568,0.55,0.125,0.375,0,897,0,0,-0.0006833908846601844,712.8138427734375,1.230610728263855,-0.000381877354811877,0.0,0.38580238819122314
2163,1,0.5454391445309739,1569,0.26625,0.25,0.625,0,153,0,0,-0.00031204274273477495,790.1364135742188,1.2984507083892822,0.00023153689107857645,0.0,0.3471880853176117
2164,1,0.10143807534768712,1569,0.37625,0.375,0.75,0,409,0,0,-0.00040628452552482486,296.39508056640625,1.2653392553329468,0.00031351749203167856,0.0,0.3678370714187622
2165,1,-0.18203429692232476,1569,0.3775,0.375,0.75,0,665,0,0,-0.0007584471022710204,510.58612060546875,1.2137043476104736,-0.00026317406445741653,0.0,0.3918491005897522
2166,1,2.048062492714962,1569,0.391875,0.375,0.75,0,921,0,0,-0.00039066903991624713,625.515625,1.1869624853134155,-0.0003777009842451662,0.0,0.4149709939956665
2167,1,1.1133973940359283,1570,0.084375,0.0,0.125,0,177,0,0,-0.0031516924500465393,587.3209838867188,1.2733582258224487,0.0004729478096123785,0.0,0.35636207461357117
2168,1,1.51790032468125,1570,0.349375,0.125,0.625,0,433,0,0,-0.002303296234458685,841.944580078125,1.1246402263641357,0.0011553207878023386,0.0,0.44329404830932617
2169,1,6.104312953549197,1570,0.441875,0.125,0.625,0,689,0,0,-0.0005036158254370093,6910.734375,1.1188673973083496,-0.0006535317515954375,0.0,0.47088623046875
2170,1,1.3060104454634711,1571,0.18625,0.0,0.25,0,148,0,0,-0.000712905079126358,1179.1572265625,1.1805542707443237,-1.3587686225946527e-05,0.0,0.42952966690063477
2171,1,5.09410144375579,1571,0.270625,0.0,0.375,0,404,0,0,-0.0002882983535528183,4885.9970703125,1.0805989503860474,0.00016756837430875748,0.0,0.4558168649673462
2172,1,1.8690737540200644,1571,0.3725,0.0,0.375,0,660,0,0,-0.0004199668765068054,715.1119384765625,1.1695263385772705,0.00011617853306233883,0.0,0.43515872955322266
2173,1,3.1879373700430733,1571,0.4325,0.0,0.375,0,916,0,0,7.173667836468667e-05,1508.43310546875,1.1110875606536865,-0.00015425481251440942,0.0,0.4495778977870941
2174,1,1.5713234869326698,1572,0.249375,0.0,0.125,0,172,0,0,-0.0006609838455915451,398.08111572265625,1.2085120677947998,6.058408871467691e-06,0.0,0.4032909870147705
2175,1,0.08187007054584683,1572,0.32125,0.125,0.125,0,428,0,0,-0.0008396100020036101,373.07757568359375,1.2256468534469604,-0.0003233819152228534,0.0,0.4090232849121094
2176,1,1.2085067419175175,1572,0.40625,0.125,0.25,0,684,0,0,-0.005344059318304062,915.1801147460938,1.2151870727539062,0.0017364013474434614,0.0494791679084301,0.4330317974090576
2177,1,0.9260108190283063,1572,0.423125,0.125,0.25,0,940,0,0,-0.0033342731185257435,241.01596069335938,1.248199224472046,0.004513078834861517,0.17578125,0.39578765630722046
2178,1,1.8081205625931034,1573,0.265,0.0,0.0,0,196,0,0,0.0008576432010158896,414.8737487792969,1.1336901187896729,3.839423879981041e-05,0.0390625,0.4340939521789551
2179,1,3.586486056141439,1573,0.285,0.0,0.0,0,452,0,0,-0.00040729762986302376,3302.6884765625,0.980859637260437,0.0025075236335396767,0.0,0.5033352375030518
2180,1,4.799176856980921,1573,0.31375,0.0,0.0,0,708,0,0,0.0011748566757887602,4229.896484375,0.9388675689697266,-0.0003141622000839561,0.0,0.558419406414032
2181,1,4.781523549347185,1573,0.320625,0.0,0.0,0,964,0,0,-0.0011427158024162054,4370.142578125,0.8896342515945435,-0.00016215056530199945,0.0,0.575581431388855
2182,1,0.2199080274294829,1574,0.334375,0.0,0.5,0,220,0,0,-0.00036086267209611833,741.1141967773438,1.0366653203964233,0.00020070731989108026,0.0,0.49427732825279236
2183,1,-0.9040083080471959,1574,0.469375,0.0,0.5,0,476,0,0,0.0002531583304516971,855.6697998046875,1.0189859867095947,-8.739570330362767e-05,0.0,0.5163559317588806
2184,1,0.06612812646199018,1574,0.485,0.375,0.5,0,732,0,0,-0.0012493813410401344,362.942138671875,1.0593231916427612,-0.0005451662000268698,0.0,0.4563959538936615
2185,1,1.7354033229057677,1574,0.491875,0.5,0.5,0,988,0,0,-7.396859291475266e-05,1671.2056884765625,1.0694929361343384,-0.0003842860460281372,0.0,0.44396835565567017
2186,1,0.9411401971883606,1575,0.32,0.125,0.75,0,244,0,0,-0.0011626643827185035,320.36737060546875,1.1588510274887085,0.0001888047845568508,0.0,0.42153653502464294
2187,1,-0.30560038395924494,1575,0.355625,0.5,0.75,0,500,0,0,-0.000840031891129911,503.777587890625,1.0624432563781738,7.238177204271778e-05,0.0,0.47317883372306824
2188,1,2.2535592400527094,1575,0.361875,0.5,0.75,0,756,0,0,7.204401299532037e-06,584.8599243164062,0.9797964096069336,-1.1666368209262146e-06,0.0,0.5242288708686829
2189,1,1.973198248033441,1576,0.020625,0.0,0.0,0,12,0,0,-0.0009663632954470813,604.7103271484375,1.0275025367736816,0.0008498539100401103,0.0,0.5128859877586365
2190,1,1.6960346466412375,1576,0.3875,0.0,0.25,0,268,0,0,-0.0009217383340001106,499.4116516113281,1.186072587966919,0.00027125966153107584,0.0,0.3940908908843994
2191,1,3.0756656709709205,1576,0.521875,0.125,0.25,0,524,0,0,-1.6987634808174334e-05,1593.23388671875,1.1023105382919312,-0.00041260686703026295,0.0,0.4585871398448944
2192,1,4.337833469950056,1576,0.521875,0.125,0.25,0,780,0,0,-0.0001716606057016179,3806.32861328125,1.0715487003326416,7.508012458856683e-06,0.0,0.4633502960205078
2193,1,1.9565276502398774,1578,0.011875,0.0,0.0,0,5,0,0,-0.0010234133806079626,2014.581787109375,1.1188899278640747,0.0002833919133991003,0.0,0.44899916648864746
2194,1,0.4740611183769943,1578,0.285625,0.125,0.25,0,261,0,0,-0.0012006887700408697,130.43270874023438,1.1874520778656006,0.0014592725783586502,0.0,0.41163668036460876
2195,1,1.832840421826404,1578,0.445,0.25,0.5,0,517,0,0,-7.334382826229557e-05,590.8162231445312,1.1090353727340698,-0.00016847408551257104,0.0,0.44359856843948364
2196,1,3.0593303870507498,1581,0.02125,0.0,0.0,0,19,0,0,-0.0008433641633018851,2493.7392578125,1.149248719215393,5.9244535805191845e-05,0.0,0.42870616912841797
2197,1,1.8234046172292437,1582,0.303125,0.125,0.25,0,251,0,0,-0.000594165816437453,975.8751220703125,1.2732218503952026,0.0001518293283879757,0.0,0.33511561155319214
2198,1,2.2474553377805933,1582,0.33875,0.125,0.25,0,507,0,0,-0.0006990473484620452,1011.6873779296875,1.111257553100586,0.0002396327181486413,0.0,0.4627809524536133
2199,1,0.11961047775912448,1582,0.343125,0.125,0.25,0,763,0,0,-0.0011248940136283636,482.00958251953125,1.079014778137207,0.0013413960114121437,0.0,0.4660691022872925
2200,1,3.7810665186625556,1583,0.02125,0.0,0.0,0,19,0,0,-0.0006755124777555466,2688.9404296875,1.0852501392364502,0.0004045603272970766,0.0,0.4740573763847351
2201,1,1.961609765967296,1585,0.27,0.0,0.125,0,200,0,0,-0.00033759791404008865,1420.420654296875,1.2127032279968262,0.00021122265025041997,0.0,0.3853844106197357
2202,1,2.6412946748150716,1585,0.305625,0.0,0.125,0,456,0,0,-0.00028405836201272905,908.0877685546875,1.0928184986114502,-7.939385250210762e-05,0.0,0.47266215085983276
2203,1,4.146696562413126,1585,0.340625,0.0,0.25,0,712,0,0,-6.13533629802987e-05,3186.93701171875,1.0658382177352905,0.0001846594677772373,0.0,0.48426032066345215
2204,1,4.158770685600757,1585,0.340625,0.0,0.25,0,968,0,0,-0.0001324064505752176,3304.791015625,0.979428231716156,4.608199742506258e-05,0.0,0.5316932201385498
2205,1,1.4847942627438897,1586,0.2,0.0,0.0,0,224,0,0,-0.004863725043833256,563.89453125,1.2466789484024048,0.003909869119524956,0.0,0.3636714220046997
2206,1,3.5287770974755404,1586,0.238125,0.0,0.0,0,480,0,0,0.0016109519638121128,2262.79248046875,1.1564650535583496,0.0029043778777122498,0.015625,0.44563573598861694
2207,1,2.4736376514583753,1586,0.271875,0.0,0.0,0,736,0,0,-0.00040931691182777286,2179.9228515625,1.1048191785812378,-8.76026097103022e-05,0.0,0.4703933596611023
2208,1,1.4493874277395662,1586,0.271875,0.0,0.0,0,992,0,0,-0.0006101733888499439,1157.796630859375,1.0828717947006226,0.000278717081528157,0.0,0.4837148189544678
2209,1,0.9873665188256382,1589,0.184375,0.0,0.125,0,82,0,0,-0.0007640856201760471,1268.4835205078125,1.2331931591033936,0.0009573595598340034,0.0,0.3813018202781677
2210,1,0.767632429056448,1589,0.385625,0.125,0.125,0,338,0,0,-0.0035042189992964268,165.59603881835938,1.1444482803344727,-0.0007096030749380589,0.0,0.42619848251342773
2211,1,1.7223598947675782,1589,0.394375,0.125,0.25,0,594,0,0,-0.0030955353286117315,983.05078125,1.2368290424346924,0.001438049366697669,0.0,0.3897395133972168
2212,1,4.690568624107982,1589,0.469375,0.125,0.25,0,850,0,0,-0.0004670632479246706,3927.58642578125,1.2260522842407227,-0.00013718467380385846,0.0,0.41542649269104004
2213,1,0.6229121323194704,1590,0.31125,0.125,0.0,0,250,0,0,-0.0016564875841140747,309.77081298828125,1.3241199254989624,0.0004698922857642174,0.0,0.3306928277015686
2214,1,2.0220544860258087,1590,0.381875,0.125,0.125,0,506,0,0,-0.0035376334562897682,460.6686706542969,1.275202751159668,0.0006539124296978116,0.0,0.36017149686813354
2215,1,1.250202769986572,1592,0.266875,0.0,0.125,0,110,0,0,-0.0012724794214591384,1252.2672119140625,1.248419165611267,0.0024082991294562817,0.0,0.3687100112438202
2216,1,0.9252877643666579,1592,0.34125,0.125,0.125,0,366,0,0,-0.0040247817523777485,116.86756896972656,1.283226490020752,0.019290056079626083,0.3971354365348816,0.3421342372894287
2217,1,2.6254358935311757,1592,0.395,0.125,0.125,0,622,0,0,-0.004485339391976595,930.9620361328125,1.3871597051620483,0.00492810970172286,0.02864583395421505,0.31463924050331116
2218,1,2.7246436709265254,1592,0.431875,0.125,0.125,0,878,0,0,0.00257108174264431,950.5736694335938,1.357452630996704,-0.0022096114698797464,0.0,0.3350364565849304
2219,1,1.9569707869668491,1594,0.07,0.0,0.0,0,29,0,0,-0.003789519425481558,985.4273071289062,1.2792505025863647,0.0008315695449709892,0.0,0.37503522634506226
2220,1,1.7887948730422067,1594,0.3575,0.0,0.25,0,285,0,0,-0.003215314354747534,550.270751953125,1.2061156034469604,0.0028435424901545048,0.0,0.391796350479126
2221,1,4.60175815448747,1594,0.455,0.0,0.375,0,541,0,0,-0.0004379299352876842,4201.0263671875,1.1096138954162598,0.0009902900783345103,0.0,0.4658404588699341
2222,1,1.510002648428781,1594,0.510625,0.0,0.75,0,797,0,0,-0.0005370207945816219,615.1925048828125,1.0711699724197388,0.0002707142848521471,0.0,0.49120986461639404
2223,1,1.4044814336666605,1595,0.089375,0.0,0.125,0,53,0,0,-0.0011267950758337975,571.6815185546875,1.0976656675338745,-0.0014978459803387523,0.0,0.5011464357376099
2224,1,0.46543978295085253,1595,0.33,0.375,0.5,0,309,0,0,-0.0003275756607763469,457.2535400390625,1.1620163917541504,0.00021431874483823776,0.0,0.4060578942298889
2225,1,-0.966875226382399,1595,0.333125,0.375,0.5,0,565,0,0,-0.00015285922563634813,931.1698608398438,1.0925095081329346,6.869559729238972e-05,0.0,0.49179455637931824
2226,1,-0.5793216467427555,1595,0.335,0.375,0.5,0,821,0,0,-0.00031101953936740756,746.5958251953125,1.0541340112686157,-0.0001134213525801897,0.0,0.5224923491477966
2227,1,0.1705965322253178,1597,0.11375,0.0,0.0,0,48,0,0,-0.0008829142898321152,1129.0908203125,1.115401268005371,-0.0001843925565481186,0.0,0.45984727144241333
2228,1,-0.14915310875949217,1597,0.3125,0.0,0.25,0,304,0,0,9.644124656915665e-05,461.009765625,1.218093991279602,0.00015228125266730785,0.0,0.39903175830841064
2229,1,2.96662573046342,1597,0.315,0.0,0.25,0,560,0,0,-0.0001598616800038144,1752.21337890625,1.1213312149047852,3.7910573155386373e-05,0.0,0.4529683589935303
2230,1,3.6546351438155398,1597,0.334375,0.0,0.25,0,816,0,0,-0.0002521248534321785,3008.967529296875,1.1295690536499023,-0.0001297478302149102,0.0,0.45946645736694336
2231,1,3.940160649799509,1599,0.038125,0.0,0.0,0,15,0,0,-0.000372955430066213,5029.1728515625,1.1415473222732544,-0.0001695551909506321,0.0,0.4684269428253174
2232,1,0.8578042686021945,1599,0.40375,0.125,0.125,0,271,0,0,-0.014705943875014782,40.14082717895508,1.2129192352294922,0.004300766624510288,0.0338541679084301,0.3730839192867279
2233,1,0.1638193487378885,1599,0.435625,0.125,0.125,0,527,0,0,-0.0011008608853444457,383.36279296875,1.255333423614502,-0.0008787582628428936,0.1041666716337204,0.3718174397945404
2234,1,1.4698011027940083,1601,0.248125,0.125,0.25,0,129,0,0,-0.0023379414342343807,949.5601806640625,1.2371363639831543,-0.0009452616795897484,0.014322916977107525,0.3791823983192444
2235,1,1.2064730565762147,1601,0.37375,0.375,0.375,0,385,0,0,3.433476081227127e-07,300.6560363769531,1.2446900606155396,0.0036823698319494724,0.0,0.38418811559677124
2236,1,-0.15399806098594127,1603,0.0725,0.0,0.0,0,51,0,0,-0.0012875746469944715,1360.922607421875,1.3133325576782227,0.0011520653497427702,0.0,0.3559971749782562
2237,1,0.8770687485066446,1603,0.310625,0.125,0.125,0,307,0,0,-0.003294099122285843,573.13671875,1.1970632076263428,0.000896881683729589,0.0,0.41514211893081665
2238,1,-0.551909261776018,1603,0.315625,0.125,0.125,0,563,0,0,-0.001731889322400093,614.7749633789062,1.2444676160812378,0.0013602817198261619,0.0,0.40569645166397095
2239,1,1.358399997385277,1603,0.3525,0.125,0.125,0,819,0,0,-0.00015530921518802643,247.13690185546875,1.2404807806015015,-0.0002561550063546747,0.0,0.40054768323898315
2240,1,0.8891587566758972,1604,0.1575,0.0,0.125,0,75,0,0,-0.0013984336983412504,849.9384765625,1.1355171203613281,0.00039660040056332946,0.0,0.4542068839073181
2241,1,2.379134382455959,1604,0.336875,0.125,0.25,0,331,0,0,-0.0015501175075769424,638.992431640625,1.301029920578003,0.00032378052128478885,0.0,0.3679359555244446
2242,1,1.5076468977131299,1604,0.39625,0.25,0.375,0,587,0,0,-0.000476431887364015,449.38568115234375,1.3204562664031982,-0.00010664443107089028,0.0,0.34027016162872314
2243,1,2.5474461580142815,1604,0.419375,0.25,0.375,0,843,0,0,-0.0003193790907971561,1616.9464111328125,1.3243334293365479,0.00023110117763280869,0.0,0.36513662338256836
2244,1,2.6592586421593296,1606,0.103125,0.0,0.125,0,61,0,0,8.435174822807312e-05,2242.095703125,1.2449710369110107,-3.1695857614977285e-05,0.0,0.41181787848472595
2245,1,1.5741487129453162,1606,0.46125,0.125,0.375,0,317,0,0,-0.0005892040207982063,179.47128295898438,1.2796459197998047,0.00032337778247892857,0.0,0.37792572379112244
2246,1,2.8492901434619853,1606,0.4675,0.125,0.375,0,573,0,0,-0.0006884302711114287,1039.762939453125,1.5499892234802246,-0.0007041210192255676,0.0,0.2627071440219879
2247,1,2.4146628117127875,1606,0.474375,0.125,0.375,0,829,0,0,-0.0010188005398958921,653.3289794921875,1.5370277166366577,0.000308658869471401,0.0,0.25855499505996704
2248,1,2.561973207304618,1607,0.14875,0.0,0.25,0,85,0,0,-0.000568821735214442,1233.019287109375,1.361838698387146,-0.00033439043909311295,0.0,0.33443737030029297
2249,1,0.430988628328123,1607,0.280625,0.125,0.25,0,341,0,0,-0.0005522311548702419,157.74526977539062,1.3377628326416016,0.00019354226242285222,0.0,0.32991456985473633
2250,1,1.5942356123390482,1609,0.168125,0.0,0.25,0,119,0,0,-0.013496510684490204,722.025634765625,1.3144720792770386,0.01160779595375061,0.07421875,0.3483668267726898
2251,1,1.3234167881358303,1609,0.1975,0.0,0.25,0,375,0,0,0.0014743799110874534,376.9056091308594,1.323606252670288,0.0028488202951848507,0.0078125,0.3480089604854584
2252,1,2.0731864516274072,1610,0.17625,0.125,0.125,0,195,0,0,-0.00138809101190418,932.531982421875,1.2924383878707886,0.005063305608928204,0.0,0.3544735908508301
2253,1,2.9710927436585735,1610,0.23125,0.125,0.375,0,451,0,0,-0.0006700471858493984,1794.8621826171875,1.3609356880187988,0.0021233956795185804,0.0,0.3349228501319885
2254,1,2.038331385145284,1611,0.095625,0.0,0.25,0,63,0,0,0.001278504729270935,699.863037109375,1.2560594081878662,-0.0003615118039306253,0.0,0.38172024488449097
2255,1,1.2716770889310283,1613,0.245,0.0,0.125,0,145,0,0,-6.503488111775368e-05,1172.5516357421875,1.0514743328094482,-3.443177411099896e-05,0.0,0.48410868644714355
2256,1,3.253817479206191,1613,0.305625,0.0,0.25,0,401,0,0,0.0002361318765906617,1888.61083984375,1.3694251775741577,4.2996682168450207e-05,0.0,0.3393753468990326
2257,1,2.658270235348027,1613,0.308125,0.0,0.25,0,657,0,0,-1.4260411262512207e-05,1300.895751953125,1.319549322128296,-0.00017946772277355194,0.0,0.35266125202178955
2258,1,2.9561778833826793,1613,0.33,0.0,0.25,0,913,0,0,-0.0001338866277365014,2054.576171875,1.270566463470459,0.00022899468604009598,0.0,0.3958156108856201
2259,1,1.4823687479656655,1614,0.233125,0.0,0.125,0,169,0,0,-0.0022704291623085737,487.419921875,1.013480305671692,-2.3144297301769257e-05,0.0,0.5168911814689636
2260,1,1.666544858373527,1614,0.366875,0.25,0.125,0,425,0,0,-5.1814909966196865e-05,610.09228515625,1.3102431297302246,1.2166953638370614e-05,0.0,0.3254307210445404
2261,1,1.8984331104074954,1616,0.171875,0.25,0.375,0,154,0,0,-0.01620761677622795,1164.030029296875,1.2572760581970215,0.009039953351020813,0.1276041716337204,0.376567542552948
2262,1,0.31741432580020046,1617,0.258125,0.0,0.125,0,113,0,0,0.006358718499541283,786.7736206054688,1.1415420770645142,0.026331257075071335,0.1640625,0.4073962867259979
2263,1,0.9215572051907657,1617,0.35875,0.125,0.125,0,369,0,0,0.0015864211600273848,169.75546264648438,1.1817792654037476,0.007199747487902641,0.0234375,0.3792760968208313
2264,1,3.299811589258752,1617,0.394375,0.125,0.125,0,625,0,0,-0.0011214340338483453,2387.5380859375,1.0277589559555054,-0.00022466015070676804,0.0234375,0.5109775066375732
2265,1,2.109551221399215,1620,0.154375,0.0,0.25,0,72,0,0,-0.0021510932128876448,1942.9525146484375,1.0401866436004639,0.0022449949756264687,0.0,0.49863237142562866
2266,1,-0.1442652900768735,1620,0.376875,0.125,0.375,0,328,0,0,0.0019801738671958447,403.8702697753906,1.1636079549789429,0.00134765706025064,0.0,0.416536420583725
2267,1,-0.8130680889807991,1620,0.415625,0.125,0.5,0,584,0,0,-0.00017434793699067086,789.3943481445312,1.1718957424163818,-0.0008989647030830383,0.0,0.4498627185821533
2268,1,-0.8809984571125824,1620,0.464375,0.125,0.5,0,840,0,0,0.0009066531201824546,881.46435546875,1.1018527746200562,0.0004178559756837785,0.0,0.47813844680786133
2269,1,-0.49295794309000485,1621,0.093125,0.0,0.0,0,215,0,0,-0.00010297944390913472,1272.68408203125,1.0184738636016846,-0.0002451258187647909,0.0,0.5301820039749146
2270,1,0.18100526803755201,1622,0.33375,0.0,0.125,0,193,0,0,-0.000165608711540699,908.4199829101562,1.091523289680481,5.4644111514789984e-05,0.0,0.46563205122947693
2271,1,-0.4613040398871817,1622,0.445,0.0,0.25,0,449,0,0,-0.00010500352072995156,673.3573608398438,1.0291346311569214,0.00017553180805407465,0.0,0.48956298828125
2272,1,-1.0936551811100799,1622,0.471875,0.0,0.375,0,705,0,0,-0.00011727897071978077,1070.9361572265625,0.9235288500785828,2.4605542421340942e-05,0.0,0.5907241106033325
2273,1,-1.0063599920104025,1622,0.515625,0.0,0.375,0,961,0,0,-0.0003295335918664932,961.2569580078125,0.9328471422195435,0.00013672964996658266,0.0,0.5679295063018799
2274,1,-0.12551902088557654,1624,0.188125,0.0,0.25,0,189,0,0,-0.0001357750443276018,1354.0220947265625,1.0740852355957031,-9.348585444968194e-05,0.0,0.4650149345397949
2275,1,-0.9062853422165063,1624,0.26125,0.0,0.25,0,445,0,0,-2.0979594410164282e-05,840.2075805664062,1.0145084857940674,-7.785034540574998e-05,0.0,0.5181488990783691
2276,1,-0.9993914851565933,1624,0.305625,0.0,0.25,0,701,0,0,-0.0001348387449979782,932.9732666015625,0.9631634950637817,-2.4825800210237503e-05,0.0,0.5387158393859863
2277,1,1.704513864728142,1624,0.33875,0.0,0.25,0,957,0,0,-0.0001592769694980234,623.9765625,0.8422543406486511,-0.00010842247866094112,0.0,0.6013233661651611
2278,1,-0.10112769014563128,1625,0.245625,0.0,0.25,0,213,0,0,-0.00011429408186813816,895.7662963867188,1.0407381057739258,5.246605724096298e-06,0.0,0.5018083453178406
2279,1,-0.8154449542544171,1625,0.3625,0.125,0.625,0,469,0,0,-9.859353303909302e-05,798.6143188476562,0.9365538358688354,-0.000114693000796251,0.0,0.5693962574005127
2280,1,-0.051911294634919614,1627,0.175625,0.0,0.0,0,143,0,0,-8.6931511759758e-05,1279.041015625,1.1290864944458008,-9.592249989509583e-05,0.0,0.45147526264190674
2281,1,-0.4141201478341827,1627,0.240625,0.0,0.0,0,399,0,0,-0.0002449515159241855,492.8873291015625,1.0602457523345947,-0.00023556889209430665,0.0,0.49931201338768005
2282,1,-0.07749718592094723,1628,0.275,0.0,0.25,0,143,0,0,-0.000321241095662117,1182.8433837890625,1.0664961338043213,0.0001939114590641111,0.0,0.4901348948478699
2283,1,0.13423773390604765,1629,0.26375,0.125,0.125,0,247,0,0,-0.00019990280270576477,517.7249145507812,1.1216261386871338,-0.00011766919487854466,0.0,0.4457553029060364
2284,1,-0.7931886390106229,1629,0.459375,0.125,0.25,0,503,0,0,-0.00020475685596466064,726.238037109375,1.0282986164093018,-2.9662391170859337e-05,0.0,0.5156810879707336
2285,1,-0.9368708871916169,1629,0.483125,0.125,0.25,0,759,0,0,-0.00039706379175186157,838.4843139648438,1.0115541219711304,-0.0001589170133229345,0.0,0.5094949007034302
2286,1,0.2319826278835535,1630,0.034375,0.0,0.0,0,15,0,0,-0.0002587043563835323,842.5304565429688,0.860736072063446,-9.386691817780957e-05,0.0,0.5963913202285767
2287,1,0.36035700290085515,1630,0.373125,0.0,0.5,0,271,0,0,-0.0008649534429423511,323.9938049316406,1.1685473918914795,-0.0002376235497649759,0.0,0.4188476502895355
2288,1,-0.9314760125926114,1630,0.384375,0.0,0.5,0,527,0,0,-0.0008084606379270554,736.3363647460938,1.0625951290130615,0.00041248317575082183,0.0,0.49933990836143494
2289,1,0.09845844839583151,1630,0.39,0.0,0.5,0,783,0,0,-0.00011238518345635384,356.258056640625,0.9769694805145264,-0.0003485429915599525,0.0,0.5232009887695312
2290,1,3.085135859582806,1632,0.015,0.0,0.0,0,6,0,0,-0.00018081814050674438,1695.2508544921875,0.9089385271072388,0.0001233669463545084,0.0,0.5797274708747864
2291,1,2.211844792303964,1632,0.166875,0.0,0.0,0,262,0,0,-0.0004113723407499492,758.7703857421875,1.0933680534362793,-0.00014714649296365678,0.0,0.4602540135383606
2292,1,2.542303255195293,1633,0.079375,0.0,0.0,0,35,0,0,-9.779632091522217e-05,1103.5615234375,0.9612206220626831,-0.00012028132186969742,0.0,0.5381062030792236
2293,1,0.17538952179529588,1634,0.195,0.0,0.25,0,211,0,0,-0.0002262337802676484,549.006591796875,1.149776577949524,9.57283191382885e-06,0.0,0.4281352460384369
2294,1,-0.8046798256164038,1634,0.301875,0.0,0.25,0,467,0,0,-0.00019805568445008248,686.0828857421875,1.0753912925720215,-0.0001363650371786207,0.0,0.4819130301475525
2295,1,-1.0148728688072879,1634,0.35625,0.0,0.25,0,723,0,0,-0.00040286159492097795,863.8055419921875,1.0035407543182373,0.0002471418119966984,0.0,0.5490213632583618
2296,1,-0.9637033553844958,1634,0.418125,0.0,0.25,0,979,0,0,-0.0004740282893180847,800.1455078125,1.0234229564666748,2.2624775738222525e-05,0.0,0.5233632326126099
2297,1,0.7389847073682176,1635,0.183125,0.0,0.25,0,235,0,0,-0.0007160722161643207,650.8153076171875,1.0607131719589233,-0.0001323764881817624,0.0,0.4643772542476654
2298,1,2.826223521060456,1635,0.259375,0.0,0.25,0,491,0,0,-0.00013241171836853027,1048.717529296875,1.0502047538757324,0.000347895547747612,0.0,0.4987722337245941
2299,1,1.2177294451812486,1636,0.200625,0.125,0.125,0,169,0,0,-0.0015549156814813614,541.87353515625,1.0934325456619263,0.00030326409614644945,0.0,0.46091267466545105
2300,1,1.9570079942059238,1636,0.269375,0.125,0.125,0,425,0,0,-7.557838398497552e-05,888.6192626953125,1.0547945499420166,-0.0008102213032543659,0.0,0.4958871603012085
2301,1,0.8902134944073623,1638,0.17375,0.0,0.0,0,153,0,0,0.0010351173114031553,645.4431762695312,1.0272841453552246,3.7122052162885666e-05,0.0,0.5052540898323059
2302,1,0.9258608389209257,1638,0.450625,0.25,0.375,0,409,0,0,-0.001389638870023191,276.625244140625,1.1247789859771729,0.00018544425256550312,0.0,0.41018399596214294
2303,1,-0.6169849877624074,1638,0.58125,0.375,0.5,0,665,0,0,0.000646821572445333,522.9459228515625,1.1316125392913818,0.00018659017223399132,0.0,0.4486261010169983
2304,1,-0.8654007435670792,1638,0.659375,0.375,0.625,0,921,0,0,-0.0001969436852959916,661.3309936523438,1.103013515472412,-0.000275059457635507,0.0,0.4716861844062805
2305,1,0.5833901602254628,1640,0.1525,0.125,0.25,0,128,0,0,8.560220885556191e-05,795.7339477539062,1.071255087852478,7.371527317445725e-05,0.0,0.4759558141231537
2306,1,-0.7095617707818747,1640,0.265,0.125,0.5,0,384,0,0,-0.00020093470811843872,368.9255676269531,1.1637920141220093,-1.4807097613811493e-05,0.0,0.44769781827926636
2307,1,-0.1750583386310609,1641,0.13875,0.0,0.0,0,217,0,0,-0.00011293466377537698,497.65264892578125,1.1791080236434937,-0.00012202809739392251,0.0,0.4261302351951599
2308,1,0.027603259091847576,1642,0.29,0.0,0.125,0,161,0,0,-0.00011360521602910012,347.327880859375,1.1351779699325562,-0.00010542215022724122,0.0,0.438347190618515
2309,1,-0.14359575582602702,1642,0.483125,0.0,0.625,0,417,0,0,-9.122397750616074e-05,125.8630599975586,1.227158784866333,4.764273762702942e-05,0.0,0.4027842879295349
2310,1,-0.8354750450926076,1642,0.5925,0.0,0.625,0,673,0,0,8.258906746050343e-05,112.48753356933594,1.1030619144439697,-5.8895908296108246e-05,0.0,0.474433958530426
2311,1,1.2079353057779372,1642,0.593125,0.125,0.625,0,929,0,0,-0.00016994867473840714,1418.4697265625,0.9229087829589844,0.0002439422532916069,0.0,0.5630770921707153
2312,1,0.22887112339049054,1644,0.186875,0.0,0.125,0,113,0,0,-0.000653491064440459,177.57284545898438,1.1019847393035889,-6.744133861502632e-05,0.0,0.4609966278076172
2313,1,-0.06686053702651407,1644,0.441875,0.0,0.25,0,369,0,0,-0.0005670531536452472,54.173492431640625,1.1570791006088257,0.00031559457420371473,0.0,0.4392887055873871
2314,1,-0.8649841040896717,1644,0.488125,0.0,0.375,0,625,0,0,-0.0009919125586748123,111.2276611328125,1.0785702466964722,-0.00028046019724570215,0.0,0.4836525619029999
2315,1,0.13443891272618202,1644,0.531875,0.125,0.375,0,881,0,0,-0.0001169443130493164,389.4111022949219,1.0836530923843384,0.00014597410336136818,0.0,0.49464353919029236
2316,1,0.058284110826207325,1645,0.155,0.0,0.0,0,137,0,0,-0.0008301399648189545,207.81349182128906,1.1387896537780762,8.025672286748886e-06,0.0,0.4395955502986908
2317,1,2.1293954852881143,1645,0.388125,0.0,0.25,0,393,0,0,-0.00037615885958075523,2533.171875,1.116006851196289,-1.8884893506765366e-05,0.0,0.4418528079986572
2318,1,1.8641208201588597,1646,0.3525,0.0,0.0,0,161,0,0,0.00020266883075237274,1165.6298828125,0.9764093160629272,-0.00018082372844219208,0.0,0.536401629447937
2319,1,1.5790628387585457,1646,0.59,0.0,0.25,0,417,0,0,-0.00012295725173316896,1323.3109130859375,1.118417739868164,-3.9796192140784115e-05,0.0,0.4356163442134857
2320,1,-0.5024359299522985,1648,0.120625,0.0,0.125,0,74,0,0,-0.0001827866508392617,400.99359130859375,1.1543362140655518,0.00010732033842941746,0.0,0.42025279998779297
2321,1,-0.4911953153750801,1648,0.31,0.0,0.125,0,330,0,0,-0.0003291623143013567,167.33485412597656,1.224097490310669,-5.1491275371517986e-05,0.0,0.4038592278957367
2322,1,-0.8966824050876312,1648,0.34875,0.0,0.125,0,586,0,0,-0.00046529248356819153,205.14501953125,1.129934549331665,-6.495726847788319e-05,0.0,0.46677279472351074
2323,1,-0.780932363923057,1648,0.4575,0.0,0.125,0,842,0,0,-0.0005777366459369659,128.36898803710938,1.1004561185836792,-0.000511175487190485,0.0,0.4668065011501312
2324,1,-0.21294572780607268,1649,0.06375,0.0,0.125,0,98,0,0,-0.00029165175510570407,226.41754150390625,1.0645203590393066,-0.0007464173249900341,0.0,0.46863889694213867
2325,1,0.8418880891758818,1649,0.295625,0.0,0.375,0,354,0,0,-0.00019727570179384202,875.7603759765625,1.1519126892089844,-0.00018118431034963578,0.0,0.4425945281982422
2326,1,1.8622303734300658,1650,0.2675,0.125,0.0,0,127,0,0,-0.00017661415040493011,968.076171875,1.0579593181610107,-4.1979212255682796e-05,0.0,0.4752391278743744
2327,1,0.36791790189090534,1650,0.551875,0.25,0.5,0,383,0,0,-0.00022510936832986772,175.8667755126953,1.1688220500946045,2.9523236662498675e-05,0.0,0.4125865399837494
2328,1,-0.690139030399223,1650,0.621875,0.25,0.75,0,639,0,0,-0.0003996069426648319,137.02615356445312,1.2052559852600098,-0.00020866477279923856,0.0,0.42328500747680664
2329,1,0.2535883113359887,1651,0.254375,0.0,0.25,0,233,0,0,-0.00024411424237769097,248.4755096435547,1.2104123830795288,4.850126424571499e-05,0.0,0.38496479392051697
2330,1,0.27701197789701837,1653,0.20875,0.0,0.25,0,99,0,0,-0.0008954263175837696,633.072509765625,1.160748839378357,-6.070826202630997e-05,0.0,0.43802547454833984
2331,1,-0.8299160701353685,1653,0.445,0.125,0.5,0,355,0,0,-0.0002023838460445404,350.0935974121094,1.1663655042648315,-0.00035780901089310646,0.0,0.44267627596855164
2332,1,-0.6646189912353293,1653,0.54,0.25,0.625,0,611,0,0,-0.0003727783332578838,104.90092468261719,1.1300883293151855,0.0001070605794666335,0.0,0.4693593382835388
2333,1,-0.7962455113593023,1654,0.1,0.0,0.125,0,50,0,0,-0.0002499750698916614,178.40463256835938,1.0277295112609863,-0.0004260609857738018,0.0,0.5069305896759033
2334,1,-0.1553022238003905,1654,0.28875,0.0,0.375,0,306,0,0,-0.0004567814467009157,112.14595031738281,1.125144600868225,-0.0001003132201731205,0.0,0.45086669921875
2335,1,-0.8655609959678259,1654,0.43125,0.0,0.5,0,562,0,0,-0.0004690538044087589,52.552757263183594,1.094773769378662,3.259629011154175e-09,0.0,0.4958838224411011
2336,1,-0.8887866607547039,1654,0.48625,0.0,0.625,0,818,0,0,-0.0018436232348904014,34.9108772277832,1.0798265933990479,0.0002889301104005426,0.0,0.5031702518463135
2337,1,-0.2065971943356999,1655,0.12375,0.0,0.125,0,74,0,0,-0.0002711794222705066,212.32667541503906,1.0413857698440552,0.0005091765779070556,0.0,0.5142505168914795
2338,1,-0.5067645303643076,1655,0.203125,0.0,0.25,0,330,0,0,-0.0004688346234615892,68.65702819824219,1.1871044635772705,0.0003123898059129715,0.0,0.43701618909835815
2339,1,-0.8088588943137438,1655,0.33375,0.0,0.375,0,586,0,0,-0.0007217256352305412,40.84064483642578,1.1092337369918823,-0.0007887810352258384,0.0,0.462627112865448
2340,1,-0.7988888270483585,1655,0.375,0.0,0.5,0,842,0,0,-0.0026487584691494703,18.39122772216797,1.146863341331482,-0.0005539511330425739,0.0,0.45674845576286316
2341,1,-0.43865393567830324,1657,0.104375,0.0,0.125,0,50,0,0,-0.00020394226885400712,222.46522521972656,1.0928997993469238,0.0001512447779532522,0.0,0.4694925546646118
2342,1,0.04203274489555042,1657,0.304375,0.125,0.25,0,306,0,0,-0.0008647398790344596,184.00558471679688,1.3073878288269043,-0.0010813947301357985,0.0,0.35760030150413513
2343,1,-0.7643715328013059,1657,0.385,0.125,0.375,0,562,0,0,-0.001715614227578044,21.831478118896484,1.2446781396865845,0.0004531363374553621,0.0,0.4227691888809204
2344,1,-0.7736684316623723,1657,0.39875,0.125,0.375,0,818,0,0,-0.0037484299391508102,8.796332359313965,1.2325921058654785,-0.00014930653560440987,0.0,0.4102731943130493
2345,1,-0.055278270112467,1658,0.164375,0.0,0.375,0,74,0,0,-0.00076255202293396,426.279052734375,1.1046165227890015,0.0002972971124108881,0.0,0.47827672958374023
2346,1,0.7744519183179364,1659,0.38375,0.0,0.125,0,242,0,0,0.00023030428565107286,304.3577575683594,0.9432606101036072,0.00034355511888861656,0.0,0.530892014503479
2347,1,1.532004000604502,1661,0.026875,0.0,0.0,0,17,0,0,-0.00018921121954917908,1636.663818359375,1.1140739917755127,-0.00040579674532637,0.0,0.44683754444122314
2348,1,1.1794802954664192,1662,0.24,0.125,0.0,0,138,0,0,-0.00028888758970424533,379.058837890625,1.1781516075134277,0.00021767958241980523,0.0,0.38896846771240234
2349,1,-0.35536589372230765,1662,0.410625,0.125,0.125,0,394,0,0,-0.000500644906423986,96.02812194824219,1.3993066549301147,-0.00016551527369301766,0.0,0.3198736906051636
2350,1,-0.6569513780123089,1662,0.441875,0.125,0.125,0,650,0,0,-0.0012961530592292547,16.062999725341797,1.3050830364227295,-0.0004937576013617218,0.0,0.36242371797561646
2351,1,-0.7114735275536077,1662,0.48125,0.125,0.125,0,906,0,0,-0.004506037570536137,6.57926607131958,1.2874064445495605,0.0004427597741596401,0.0,0.3919934630393982
2352,1,0.42210519514810585,1664,0.256875,0.125,0.375,0,134,0,0,-0.000634683936368674,461.48809814453125,1.2011923789978027,-0.0013792630052194,0.0,0.3996855914592743
2353,1,0.4528617450851016,1664,0.333125,0.125,0.5,0,390,0,0,0.001183669432066381,485.86279296875,1.4327605962753296,0.0025212338659912348,0.0,0.3131868839263916
2354,1,-0.5561125580134103,1664,0.420625,0.125,0.5,0,646,0,0,-0.01176692545413971,6.3588409423828125,1.435336947441101,0.00800413265824318,0.0794270858168602,0.3260699510574341
2355,1,0.228220091026742,1664,0.47875,0.25,0.5,0,902,0,0,-0.0031441212631762028,482.26123046875,1.4283188581466675,0.001625583041459322,0.0572916679084301,0.32117030024528503
2356,1,0.9997136356214469,1665,0.223125,0.25,0.375,0,158,0,0,0.0009764973074197769,630.3392333984375,1.4277150630950928,0.0005096219247207046,0.0,0.3014163672924042
2357,1,0.2602263692751876,1665,0.325,0.25,0.375,0,414,0,0,-0.002183821750804782,147.69703674316406,1.417540431022644,0.0002864105044864118,0.0,0.30863261222839355
2358,1,0.5794856428474304,1666,0.259375,0.125,0.125,0,189,0,0,-0.0008707437664270401,208.1089324951172,1.4131860733032227,-2.2967657059780322e-05,0.0,0.30906689167022705
2359,1,0.7530950557738834,1666,0.468125,0.25,0.125,0,445,0,0,0.00010245013982057571,384.156494140625,1.173076868057251,6.62039965391159e-05,0.0,0.4024312496185303
2360,1,1.0088574993478687,1666,0.505,0.375,0.25,0,701,0,0,-0.0008159050485119224,595.64501953125,1.4318479299545288,-0.0006975107826292515,0.0,0.2958053946495056
2361,1,2.9421352095287148,1666,0.530625,0.375,0.25,0,957,0,0,0.0004248203185852617,3117.47314453125,1.419381022453308,5.5544933275086805e-05,0.0,0.32694756984710693
2362,1,2.0415720431192312,1667,0.381875,0.125,0.25,0,213,0,0,-5.945811790297739e-05,1047.1649169921875,0.9741101264953613,0.0002656852302607149,0.0,0.5308941602706909
2363,1,0.8512318516950472,1667,0.57875,0.125,0.375,0,469,0,0,-3.689061850309372e-05,331.6987609863281,1.5597703456878662,-4.5556265831692144e-05,0.0,0.2510043978691101
2364,1,0.7724868346140283,1667,0.59625,0.125,0.375,0,725,0,0,-9.117741137742996e-05,330.3951721191406,1.5053730010986328,-2.7295125619275495e-05,0.0,0.2711206078529358
2365,1,1.4690474098970299,1667,0.668125,0.125,0.375,0,981,0,0,-0.00029403562075458467,1134.3759765625,1.4740626811981201,1.9720911950571463e-05,0.0,0.2960803210735321
2366,1,1.3099930152966408,1669,0.29,0.0,0.375,0,159,0,0,-0.00017572350043337792,494.6702575683594,0.858025074005127,-3.42417843057774e-05,0.0,0.5881590247154236
2367,1,0.4974014370236546,1669,0.46375,0.375,0.5,0,415,0,0,-0.0006086075445637107,138.30340576171875,1.4237226247787476,0.0005624254117719829,0.0,0.29315829277038574
2368,1,0.3523458351555746,1669,0.59125,0.5,0.625,0,671,0,0,0.0002836218918673694,101.34153747558594,1.4494293928146362,-3.5412922443356365e-05,0.0,0.2938404083251953
2369,1,0.4114204589641304,1669,0.69375,0.625,0.75,0,927,0,0,-8.821611845633015e-05,244.9849395751953,1.4372801780700684,4.590644380186859e-07,0.0,0.2955015301704407
2370,1,0.46591972140959115,1670,0.168125,0.0,0.125,0,183,0,0,-0.0006308562005870044,215.3480987548828,1.4332714080810547,0.00018025764438789338,0.0,0.31118878722190857
2371,1,1.0060821670849691,1670,0.183125,0.125,0.125,0,439,0,0,-0.0005838815122842789,379.00653076171875,1.4758460521697998,0.00026689423248171806,0.0,0.2921012043952942
2372,1,2.0032774993210296,1670,0.41125,0.125,0.75,0,695,0,0,-0.0009225094690918922,655.79248046875,1.5521469116210938,-0.0001726183108985424,0.0,0.24846145510673523
2373,1,0.7080459790061013,1670,0.485,0.125,0.875,0,951,0,0,-0.0004940865328535438,153.08322143554688,1.5360811948776245,0.00016557224444113672,0.0,0.25216737389564514
2374,1,1.070092237976496,1671,0.28,0.125,0.125,0,207,0,0,-0.0003721676766872406,358.52032470703125,1.4051501750946045,0.00046076238504610956,0.0,0.32368552684783936
2375,1,1.4357897017689538,1671,0.3575,0.125,0.25,0,463,0,0,-0.0014716023579239845,432.775390625,1.5791219472885132,-0.00039605642086826265,0.0,0.23995015025138855
2376,1,1.473302943240924,1671,0.368125,0.125,0.25,0,719,0,0,-0.0010029043769463897,366.595703125,1.5416133403778076,-0.00015234707097988576,0.0,0.25232189893722534
2377,1,1.361623362006867,1671,0.466875,0.125,0.5,0,975,0,0,-0.0005947202444076538,437.9731750488281,1.5427011251449585,-0.00020910489547532052,0.0,0.2587202787399292
2378,1,1.6253595857488108,1672,0.293125,0.25,0.625,0,231,0,0,-0.00039922012365423143,382.6436462402344,1.4354346990585327,-0.0004510018043220043,0.0,0.3000947833061218
2379,1,0.7523809907033865,1672,0.485,0.5,0.75,0,487,0,0,-0.0026587173342704773,95.07975769042969,1.4714758396148682,0.00011353257286828011,0.0,0.2712551951408386
2380,1,1.2196470282324299,1672,0.52625,0.5,0.875,0,743,0,0,-0.0008255172288045287,296.20684814453125,1.5375608205795288,-0.0010212212800979614,0.0,0.25512123107910156
2381,1,1.0595560361289245,1672,0.65875,0.5,1.0,0,999,0,0,0.0005317861214280128,247.90737915039062,1.495262861251831,0.0001301893498748541,0.0,0.2682192027568817
2382,1,0.6383313347820376,1674,0.18,0.0,0.25,0,96,0,0,-9.801983833312988e-05,976.1571044921875,0.8495802879333496,-0.00013326450425665826,0.0,0.5988995432853699
2383,1,1.233491820312338,1674,0.258125,0.25,0.25,0,352,0,0,-0.0009237028425559402,258.74908447265625,1.5061962604522705,-4.8394471377832815e-05,0.0,0.2739926874637604
2384,1,2.0710442965942093,1674,0.301875,0.25,0.25,0,608,0,0,-0.000272553414106369,597.2315673828125,1.5402921438217163,0.0004290999786462635,0.0,0.25680243968963623
2385,1,2.563461241215009,1674,0.415,0.25,0.375,0,864,0,0,-0.0004434244183357805,893.9849243164062,1.4994357824325562,0.00032470314181409776,0.0,0.2722807228565216
2386,1,1.518348697853071,1676,0.23375,0.0,0.0,0,97,0,0,-0.0003266784769948572,554.7232666015625,1.0699150562286377,-0.00023221969604492188,0.0,0.49342817068099976
2387,1,1.1883980046141005,1678,0.079375,0.0,0.0,0,45,0,0,-0.00016101202345453203,407.6236877441406,1.038757085800171,7.992501923581585e-05,0.0,0.48384445905685425
2388,1,2.151271191143678,1678,0.249375,0.0,0.0,0,301,0,0,-0.0003091215039603412,662.0441284179688,1.3573505878448486,-0.00026274070842191577,0.0,0.33914732933044434
2389,1,3.33959630301797,1678,0.26625,0.0,0.0,0,557,0,0,-0.0008078258251771331,1678.06103515625,1.5115493535995483,-0.00020350911654531956,0.0,0.27380165457725525
2390,1,2.6060750345204724,1678,0.395625,0.0,0.25,0,813,0,0,-0.00031537687755189836,995.3065185546875,1.4849193096160889,0.00012011368380626664,0.0,0.27659910917282104
2391,1,3.0602901596957963,1679,0.146875,0.0,0.125,0,69,0,0,-0.00041224807500839233,1424.1024169921875,1.268860101699829,-2.804351970553398e-05,0.0,0.3960951268672943
2392,1,1.8936684893997153,1679,0.28125,0.125,0.375,0,325,0,0,-0.00037590786814689636,522.2264404296875,1.4914727210998535,0.00016668144962750375,0.0,0.2814030647277832
2393,1,3.7465627508706802,1679,0.366875,0.125,0.625,0,581,0,0,-0.0005915220826864243,2188.630859375,1.4679874181747437,-6.588564428966492e-05,0.0,0.2948244512081146
2394,1,3.4554766125593233,1680,0.005625,0.0,0.0,0,0,0,0,-8.810808503767475e-05,2182.78564453125,1.4213842153549194,0.00018826499581336975,0.0,0.30596819519996643
2395,1,2.1493535771430174,1680,0.4125,0.375,0.375,0,256,0,0,-0.00011647182691376656,633.2890625,1.2980425357818604,-4.268034172127955e-05,0.0,0.34620484709739685
2396,1,2.6191002178038616,1680,0.51875,0.375,0.5,0,512,0,0,-0.00025212703621946275,889.277587890625,1.5500009059906006,-7.2473972068110015e-06,0.0,0.2543080449104309
2397,1,3.712346107050209,1680,0.57375,0.375,0.625,0,768,0,0,-0.0005629124934785068,2061.4775390625,1.508193850517273,2.980503995786421e-05,0.0,0.27921465039253235
2398,1,2.4283818456169683,1682,0.01125,0.0,0.0,0,4,0,0,-0.0004058204067405313,1656.44091796875,1.419133186340332,0.00015443432494066656,0.0,0.3116769790649414
2399,1,1.6494199965236476,1682,0.25625,0.375,0.375,0,260,0,0,-0.0004270169883966446,365.7764892578125,1.1572179794311523,-1.4543688848789316e-05,0.0,0.40317779779434204
2400,1,1.0437271446953673,1684,0.134375,0.0,0.0,0,143,0,0,3.6733847082359716e-05,677.4205322265625,1.2972519397735596,1.4334762454382144e-05,0.0,0.35237497091293335
2401,1,2.1990578440709214,1684,0.27,0.125,0.0,0,399,0,0,-0.0004308006609790027,566.7919921875,1.34372079372406,-6.414096424123272e-05,0.0,0.35113653540611267
2402,1,2.3724885195733805,1685,0.19625,0.25,0.25,0,110,0,0,-0.00018548904336057603,809.7491455078125,1.317111849784851,0.0001076475455192849,0.0,0.34923404455184937
2403,1,2.207122883790362,1685,0.3725,0.375,0.375,0,366,0,0,-0.00011120612907689065,483.1177978515625,1.455702304840088,-7.376230314548593e-06,0.0,0.29937994480133057
2404,1,3.0741683528685826,1685,0.375,0.375,0.375,0,622,0,0,-0.00044717517448589206,1333.758544921875,1.521203875541687,3.4522654459578916e-05,0.0,0.26756954193115234
2405,1,2.062411289265583,1685,0.54875,0.375,0.375,0,878,0,0,-0.0012066422495990992,1169.5091552734375,1.473026990890503,-0.00016945842071436346,0.0,0.2931680381298065
2406,1,1.8917332976816397,1686,0.134375,0.0,0.0,0,134,0,0,-0.001882145181298256,624.082275390625,1.2566187381744385,0.00011941604316234589,0.0,0.38715291023254395
2407,1,0.23937833668014719,1686,0.19,0.0,0.0,0,390,0,0,-0.0007082908414304256,296.7503356933594,1.4920053482055664,0.0007908934494480491,0.0,0.2679904103279114
2408,1,1.541404387654154,1686,0.25875,0.0,0.0,0,646,0,0,-0.00037966296076774597,467.8057861328125,1.451822280883789,0.0002448551240377128,0.0,0.29307323694229126
2409,1,1.7301399681637122,1686,0.260625,0.0,0.0,0,902,0,0,-0.0003368305042386055,883.9774169921875,1.4222114086151123,0.00010601819667499512,0.0,0.3095550835132599
2410,1,1.9170297311648028,1687,0.333125,0.125,0.125,0,158,0,0,-0.0002743906225077808,489.95379638671875,1.0855982303619385,-2.7681391657097265e-05,0.0,0.4628024995326996
2411,1,2.479843206536316,1687,0.534375,0.25,0.5,0,414,0,0,-0.000378026335965842,1062.8251953125,1.4403207302093506,-0.00017811916768550873,0.0,0.29463762044906616
2412,1,2.0673078309009725,1687,0.560625,0.25,0.5,0,670,0,0,-0.0002660056052263826,1046.437255859375,1.405817985534668,-0.00010422136256238446,0.0,0.31938546895980835
2413,1,2.4855999857863935,1687,0.60625,0.25,0.5,0,926,0,0,-0.0006933451513759792,1304.295654296875,1.4120757579803467,8.686957880854607e-05,0.0,0.3165801763534546
2414,1,1.6597502498734684,1688,0.235,0.0,0.125,0,182,0,0,-0.0012896645348519087,627.865478515625,1.3817918300628662,-0.00025833616382442415,0.0,0.3254760205745697
2415,1,2.644493246330967,1688,0.319375,0.125,0.25,0,438,0,0,0.0004099930520169437,996.6492309570312,1.411862850189209,-0.0005577290430665016,0.0,0.3152751624584198
2416,1,2.7322955762501806,1688,0.368125,0.125,0.375,0,694,0,0,-0.00010463595390319824,1174.0880126953125,1.4799895286560059,0.0005083680152893066,0.0,0.29694339632987976
2417,1,2.8317708217809923,1688,0.415625,0.125,0.375,0,950,0,0,-7.609774911543354e-05,1528.337890625,1.4577996730804443,-0.00023196529946289957,0.0,0.2892252206802368
2418,1,2.6226988522066677,1689,0.25,0.375,0.25,0,206,0,0,-0.0003236041811760515,1006.1373291015625,1.1961891651153564,-4.41575757577084e-05,0.0,0.4016605615615845
2419,1,1.515839445661186,1690,0.34625,0.25,0.375,0,223,0,0,-0.0006563688511960208,499.07574462890625,1.203832983970642,0.0002424495032755658,0.0,0.3932846486568451
2420,1,2.0230578191785753,1690,0.369375,0.25,0.375,0,479,0,0,-0.00043609956628642976,628.498779296875,1.5345237255096436,-9.666701953392476e-05,0.0,0.26842057704925537
2421,1,3.1300063480521203,1690,0.4075,0.25,0.375,0,735,0,0,-0.0007344242185354233,1398.30712890625,1.502659797668457,0.00027501716976985335,0.0,0.2810625433921814
2422,1,4.323381004437579,1690,0.4075,0.25,0.375,0,991,0,0,-0.0005546628381125629,2794.591796875,1.4266505241394043,-9.699942165752873e-05,0.0,0.31430113315582275
2423,1,1.7735684230538027,1691,0.36375,0.25,0.125,0,247,0,0,-0.0005304235965013504,485.7115173339844,1.1889567375183105,-0.00010722829028964043,0.0,0.39722785353660583
2424,1,2.228279502765872,1691,0.54,0.25,0.375,0,503,0,0,-0.0005857156356796622,669.56787109375,1.4831762313842773,-0.0001814597490010783,0.0,0.272335410118103
2425,1,2.9816567476955242,1691,0.65875,0.25,0.5,0,759,0,0,-0.0005187516799196601,1209.0906982421875,1.5287261009216309,0.00019143801182508469,0.0,0.2512863874435425
2426,1,3.2736031576496316,1692,0.033125,0.0,0.0,0,15,0,0,-0.00010940618813037872,1515.388671875,1.5007743835449219,0.00018852794892154634,0.0,0.27065008878707886
2427,1,1.9275477796327323,1692,0.26875,0.0,0.0,0,271,0,0,-0.0007121622329577804,353.70733642578125,1.2798038721084595,-2.5521343559375964e-05,0.0,0.3734157681465149
2428,1,1.3189543297430646,1693,0.305,0.0,0.0,0,163,0,0,-0.0007412644918076694,490.7666015625,0.978801429271698,3.237215423723683e-05,0.0,0.5198225975036621
2429,1,1.7579403961717617,1694,0.29375,0.25,0.5,0,142,0,0,-0.0006804761360399425,1018.528564453125,1.100093126296997,0.0004865399969276041,0.0,0.43856081366539
2430,1,0.43694337194028776,1695,0.3875,0.0,0.0,0,201,0,0,-0.0009386241436004639,613.1654052734375,0.8760366439819336,0.0003686465206556022,0.0,0.5710965394973755
2431,1,0.29006813434534706,1695,0.465625,0.0,0.0,0,457,0,0,-0.00035058148205280304,176.82418823242188,1.1416494846343994,0.0005172103410586715,0.0,0.43266618251800537
2432,1,2.8930462810803874,1695,0.54875,0.0,0.0,0,713,0,0,-0.00037677044747397304,1908.208251953125,1.4125866889953613,-5.1813745812978595e-05,0.0,0.32842743396759033
2433,1,2.1101320989655505,1695,0.665,0.0,0.125,0,969,0,0,-0.0007095051696524024,644.0039672851562,1.4422273635864258,0.0001226224412675947,0.0,0.3080654740333557
2434,1,2.535217021484641,1696,0.354375,0.125,0.125,0,233,0,0,7.731591904303059e-05,1227.500732421875,1.3228495121002197,-5.5441632866859436e-05,0.0,0.3576687276363373
2435,1,2.6764319648355013,1696,0.39625,0.125,0.125,0,489,0,0,-0.0004016893799416721,774.968505859375,1.4914864301681519,-7.304658356588334e-05,0.0,0.27141281962394714
2436,1,3.5564942224457354,1696,0.39625,0.125,0.125,0,745,0,0,-0.00034771114587783813,1799.9415283203125,1.423201084136963,-0.00013079354539513588,0.0,0.3222751319408417
2437,1,3.5981244152380896,1697,0.006875,0.0,0.0,0,1,0,0,-0.00029990667826496065,2153.232421875,1.3831279277801514,7.610861212015152e-05,0.0,0.33543670177459717
2438,1,1.1010116376419319,1697,0.470625,0.125,0.25,0,257,0,0,-0.002742704004049301,137.51290893554688,0.9840778708457947,-0.0004960168153047562,0.0,0.491126149892807
2439,1,0.9361577818090154,1697,0.546875,0.25,0.375,0,513,0,0,-0.014802690595388412,170.63922119140625,1.4088964462280273,0.020743923261761665,0.2760416865348816,0.2976832091808319
2440,1,3.2993209667622523,1697,0.679375,0.25,0.625,0,769,0,0,0.02564889006316662,1599.765380859375,1.4621145725250244,0.03306598216295242,0.40625,0.2920478582382202
2441,1,2.5801424092132947,1698,0.055625,0.0,0.0,0,25,0,0,0.01427549123764038,1291.658447265625,1.3936213254928589,0.01949772797524929,0.26171875,0.30222395062446594
2442,1,0.8246584663720569,1698,0.39,0.125,0.375,0,281,0,0,-0.0019325090106576681,290.32586669921875,1.231009602546692,0.0076295724138617516,0.0260416679084301,0.3785860240459442
2443,1,-0.189010153028903,1698,0.52,0.125,0.875,0,537,0,0,-0.0020950976759195328,355.9327392578125,1.5768814086914062,0.002351512899622321,0.0,0.23156914114952087
2444,1,-0.3180324528948404,1698,0.53,0.125,0.875,0,793,0,0,-0.006770306266844273,432.1874694824219,1.5471692085266113,-0.0010280018905177712,0.0,0.24446582794189453
2445,1,0.2755248492890132,1699,0.081875,0.0,0.0,0,49,0,0,0.00031208372092805803,639.8558959960938,1.4336341619491577,0.001135410857386887,0.0,0.29288795590400696
2446,1,0.3995264425811911,1699,0.261875,0.0,0.0,0,305,0,0,-0.0005317996256053448,138.77981567382812,1.3406798839569092,0.0004104836843907833,0.0,0.34415555000305176
2447,1,0.3637313945637288,1700,0.288125,0.0,0.125,0,237,0,0,-0.0006684059044346213,678.0249633789062,1.1458557844161987,0.00017109156760852784,0.0,0.4101170301437378
2448,1,0.05484042560965463,1700,0.358125,0.0,0.125,0,493,0,0,-0.0008083232678472996,250.0973358154297,1.4809017181396484,0.0009735104395076632,0.0,0.26826345920562744
2449,1,-0.31708149969927035,1700,0.44625,0.0,0.25,0,749,0,0,-0.0004464760422706604,422.0743408203125,1.5086781978607178,0.00010420095350127667,0.0,0.26625770330429077
2450,1,-0.37467732255754527,1701,0.01375,0.0,0.0,0,5,0,0,9.319279342889786e-05,944.5806884765625,1.4778671264648438,8.194101974368095e-05,0.0,0.27840206027030945
2451,1,0.6214770866954495,1701,0.26125,0.0,0.5,0,261,0,0,-0.00031248293817043304,328.7405700683594,1.4318088293075562,-0.00012892516679130495,0.0,0.31086239218711853
2452,1,0.24290718642214415,1701,0.383125,0.25,0.75,0,517,0,0,-0.0003200387582182884,297.3437805175781,1.5395607948303223,-6.246256816666573e-05,0.0,0.2549518048763275
2453,1,0.8606990361149656,1702,0.293125,0.25,0.125,0,191,0,0,-0.0002947052416857332,909.8009033203125,1.1990513801574707,0.0002043173590209335,0.0,0.39605721831321716
2454,1,0.6856405880353122,1704,0.21875,0.0,0.25,0,118,0,0,0.00017376616597175598,1261.49853515625,1.1519355773925781,0.00014452263712882996,0.0,0.42934226989746094
2455,1,-0.23567590292805107,1704,0.275625,0.0,0.25,0,374,0,0,-0.00031109031988307834,370.05523681640625,1.6102689504623413,7.547337736468762e-05,0.0,0.22570112347602844
2456,1,-0.38232764218082593,1704,0.278125,0.0,0.25,0,630,0,0,-5.567198240896687e-05,465.76922607421875,1.5947661399841309,3.440918953856453e-05,0.0,0.23535478115081787
2457,1,-0.40211914506835456,1704,0.278125,0.0,0.25,0,886,0,0,-0.0003092382103204727,475.4985046386719,1.5303630828857422,0.00017885258421301842,0.0,0.26232606172561646
2458,1,0.5528639724134337,1706,0.17625,0.0,0.125,0,85,0,0,-0.00010581128299236298,1196.7255859375,1.047560691833496,1.0671404879758484e-06,0.0,0.47034430503845215
2459,1,-0.0757364645251073,1706,0.24875,0.0,0.25,0,341,0,0,-0.0003043822944164276,383.1066589355469,1.4426963329315186,0.00034317391691729426,0.0,0.31080514192581177
2460,1,0.6145714583690278,1707,0.315625,0.0,0.25,0,139,0,0,-7.817273581167683e-05,859.026611328125,1.1381362676620483,-1.8860213458538055e-05,0.0,0.4254130721092224
2461,1,0.10186826475955968,1707,0.540625,0.0,0.375,0,395,0,0,-0.0006777932867407799,198.03982543945312,1.5278072357177734,-0.00018165679648518562,0.0,0.2633569836616516
2462,1,-0.21435299228869553,1707,0.61375,0.0,0.625,0,651,0,0,-0.0008248575031757355,347.0548095703125,1.601480484008789,7.205860310932621e-05,0.0,0.2290167510509491
2463,1,-0.3864966175679001,1707,0.6425,0.0,0.625,0,907,0,0,-0.0008858299697749317,462.16937255859375,1.597599983215332,0.000449845043476671,0.0,0.23941728472709656
2464,1,0.08854025093023665,1708,0.3125,0.0,0.0,0,163,0,0,-0.0001336702553089708,521.6985473632812,0.9925290942192078,-6.4502628447371535e-06,0.0,0.5082292556762695
2465,1,0.46380587906969595,1709,0.031875,0.0,0.0,0,17,0,0,4.314507350500207e-06,786.9992065429688,1.0726068019866943,-9.204354137182236e-05,0.0,0.46585899591445923
2466,1,0.4495569295995665,1709,0.20375,0.0,0.125,0,273,0,0,-0.000278977066045627,167.1077423095703,1.427384376525879,-5.944841541349888e-05,0.0,0.2990243434906006
2467,1,0.020779695187229663,1709,0.363125,0.0,0.25,0,529,0,0,-0.0003838328120764345,207.6016845703125,1.5444238185882568,-0.0002625365159474313,0.0,0.2516067922115326
2468,1,-0.2631751788956791,1709,0.36375,0.0,0.25,0,785,0,0,-0.0007178056985139847,318.7784729003906,1.5571420192718506,0.0002953435177914798,0.0,0.23940184712409973
2469,1,-0.08972435658461109,1710,0.095625,0.0,0.0,0,41,0,0,-5.7833891332848e-05,683.677978515625,1.4051918983459473,-0.00025769852800294757,0.0,0.30940812826156616
2470,1,1.1007777595787047,1710,0.3675,0.25,0.125,0,297,0,0,-0.0012189578264951706,75.85292053222656,1.0754706859588623,0.00011200318112969398,0.0,0.45337623357772827
2471,1,0.5180728876566718,1713,0.036875,0.0,0.0,0,15,0,0,-7.574695337098092e-05,1644.103759765625,1.077470302581787,0.0004951385199092329,0.0,0.46358317136764526
2472,1,0.9697441913303919,1713,0.406875,0.25,0.375,0,271,0,0,-0.0007341451710090041,210.96444702148438,1.0634989738464355,-1.4644737348135095e-05,0.0,0.43954771757125854
2473,1,-0.22564024799430626,1713,0.563125,0.25,0.5,0,527,0,0,-0.000366291671525687,308.9289855957031,1.5448589324951172,-0.00012804041034542024,0.0,0.26082587242126465
2474,1,-0.3424749433290799,1713,0.61375,0.25,0.5,0,783,0,0,-8.483479905407876e-05,372.2530212402344,1.5157417058944702,9.616588795324787e-05,0.0,0.27769196033477783
2475,1,0.0025824894305515045,1714,0.069375,0.0,0.0,0,39,0,0,-9.185758972307667e-05,403.2134094238281,1.4680306911468506,-7.559087680419907e-05,0.0,0.28710275888442993
2476,1,0.5757041073411528,1714,0.341875,0.125,0.25,0,295,0,0,-0.0004472813452593982,122.10523986816406,1.4306092262268066,3.596915485104546e-05,0.0,0.31129324436187744
2477,1,-0.20525568540006134,1714,0.38125,0.125,0.375,0,551,0,0,-5.562976002693176e-05,289.6251220703125,1.5876669883728027,-0.0002527947071939707,0.0,0.23233817517757416
2478,1,0.22826010612880054,1714,0.424375,0.125,0.375,0,807,0,0,-0.00025806110352277756,164.42860412597656,1.5768998861312866,4.64589502371382e-05,0.0,0.2311849296092987
2479,1,-0.035627758253440334,1715,0.14375,0.0,0.125,0,63,0,0,-5.441531538963318e-05,499.5669250488281,1.3550633192062378,0.00024516493431292474,0.0,0.3336246907711029
2480,1,0.6628050224971958,1715,0.354375,0.25,0.5,0,319,0,0,-0.00012087139475625008,313.1353759765625,1.40167236328125,-8.08302684163209e-06,0.0,0.29855144023895264
2481,1,-0.21560830619500848,1715,0.425,0.25,0.5,0,575,0,0,-0.0001469077542424202,226.51927185058594,1.587191104888916,-1.5047378838062286e-05,0.0,0.23228979110717773
2482,1,0.02287590900232317,1715,0.54625,0.25,0.75,0,831,0,0,3.405536290301825e-06,80.68548583984375,1.5406494140625,-6.87544234097004e-05,0.0,0.25049129128456116
2483,1,0.5825046800237033,1716,0.2125,0.125,0.375,0,87,0,0,-1.6568850696785375e-05,465.7225036621094,1.3230071067810059,4.163306948612444e-05,0.0,0.34665489196777344
2484,1,0.16225987749930937,1716,0.420625,0.125,0.5,0,343,0,0,-0.00019852383411489427,64.8880615234375,1.4500033855438232,-7.40434043109417e-05,0.0,0.28746095299720764
2485,1,-0.1431903475750005,1716,0.571875,0.125,0.625,0,599,0,0,-0.00021360101527534425,73.02511596679688,1.5760016441345215,-3.179069608449936e-06,0.0,0.242257758975029
2486,1,-0.3376080684320186,1716,0.640625,0.125,0.625,0,855,0,0,-0.0001325812190771103,85.6324234008789,1.5772913694381714,6.108102388679981e-05,0.0,0.24542002379894257
2487,1,0.5416637108282885,1717,0.158125,0.125,0.25,0,111,0,0,-0.0001591943873791024,356.9297180175781,1.3533929586410522,-9.85983479040442e-06,0.0,0.3463602066040039
2488,1,0.005287841778908842,1717,0.28375,0.125,0.375,0,367,0,0,-7.860176265239716e-05,53.236026763916016,1.5476168394088745,-2.600609695946332e-05,0.0,0.2535145580768585
2489,1,0.08777709052810678,1717,0.33375,0.125,0.375,0,623,0,0,-0.0002401936799287796,64.55489349365234,1.487636923789978,-4.1402025090064853e-05,0.0,0.27787238359451294
2490,1,-0.4168936856476648,1717,0.36875,0.125,0.375,0,879,0,0,4.8100948333740234e-05,22.841995239257812,1.5063321590423584,0.00020505892462097108,0.0,0.26034975051879883
2491,1,-0.07215003453165991,1718,0.26625,0.0,0.0,0,135,0,0,-4.8463545681443065e-05,83.24627685546875,1.0684394836425781,0.00020376189786475152,0.0,0.46222585439682007
2492,1,0.9410763854248216,1720,0.205,0.0,0.0,0,94,0,0,-0.0002275453880429268,390.7770080566406,0.7007697820663452,0.00011000735685229301,0.0,0.6252922415733337
2493,1,0.24584095048521704,1720,0.28,0.0,0.125,0,350,0,0,-0.0002620588056743145,68.9879150390625,1.3091068267822266,6.876195402583107e-05,0.0,0.35812538862228394
2494,1,-0.004300731902503685,1720,0.521875,0.0,0.375,0,606,0,0,-0.00019804947078227997,43.93239212036133,1.4238518476486206,-7.750342774670571e-05,0.0,0.30754730105400085
2495,1,0.5462924084725955,1721,0.23625,0.0,0.25,0,114,0,0,-9.822970241657458e-06,214.31658935546875,1.1776504516601562,-4.200233888695948e-05,0.0,0.40371793508529663
2496,1,0.2815148801328178,1721,0.49,0.125,0.375,0,370,0,0,-0.00031853344989940524,85.87112426757812,1.4919729232788086,4.466840618988499e-05,0.0,0.27446600794792175
2497,1,-0.18099490555323428,1721,0.535625,0.125,0.375,0,626,0,0,-0.0003651343286037445,13.729283332824707,1.6064019203186035,-0.0001695963292149827,0.0,0.22171650826931
2498,1,-0.38586233656678814,1721,0.548125,0.125,0.375,0,882,0,0,-0.0006443107267841697,13.441255569458008,1.5703239440917969,6.07099718763493e-05,0.0,0.24361513555049896
2499,1,0.5385044968461443,1722,0.181875,0.125,0.125,0,138,0,0,0.00020444176334422082,155.3323974609375,1.3965768814086914,0.0003949128440581262,0.0,0.32740408182144165
2500,1,-0.07900788718575313,1722,0.219375,0.125,0.375,0,394,0,0,-0.0008275937288999557,123.27986907958984,1.5958874225616455,0.00025641516549512744,0.0,0.23773854970932007
2501,1,-0.04301391291392065,1722,0.389375,0.125,0.625,0,650,0,0,-0.00030726753175258636,30.009510040283203,1.5854856967926025,-8.138579869410023e-05,0.0,0.23529654741287231
2502,1,-0.14193217500360333,1722,0.581875,0.125,0.75,0,906,0,0,-0.0006558771128766239,15.070536613464355,1.5853285789489746,0.0002606657799333334,0.0,0.23636870086193085
2503,1,0.3322520055116911,1723,0.250625,0.0,0.0,0,189,0,0,-0.00014975170779507607,73.0654296875,1.0394010543823242,6.758228118997067e-05,0.0,0.47063323855400085
2504,1,0.79051903780055,1724,0.263125,0.125,0.125,0,254,0,0,-0.0002020532265305519,182.0717315673828,1.2617197036743164,7.471667777281255e-05,0.0,0.36008983850479126
2505,1,-0.14077828868175857,1724,0.349375,0.125,0.125,0,510,0,0,-0.0006686380947940052,18.742549896240234,1.5777839422225952,3.743583147297613e-05,0.0,0.23575618863105774
2506,1,-0.2967926864330366,1724,0.3525,0.125,0.125,0,766,0,0,-0.0010532632004469633,4.770084381103516,1.6209027767181396,0.0001912941224873066,0.0,0.2267913818359375
2507,1,0.05964877342921682,1725,0.051875,0.0,0.125,0,22,0,0,-0.0003506876528263092,208.44424438476562,1.513926386833191,-0.0002508542384020984,0.0,0.26238617300987244
2508,1,0.5333892150713382,1725,0.26625,0.125,0.25,0,278,0,0,-0.0003273415786679834,101.41931915283203,1.435633897781372,-0.000126416256534867,0.0,0.28696614503860474
2509,1,0.00929754367825808,1725,0.445,0.125,0.375,0,534,0,0,-0.0005299843614920974,19.65401840209961,1.5856750011444092,-0.0005050717736594379,0.0,0.2294524759054184
2510,1,-0.16303930926369503,1725,0.481875,0.125,0.5,0,790,0,0,-0.0024400330148637295,9.169902801513672,1.5979220867156982,0.00023836448963265866,0.0,0.23058323562145233
2511,1,0.5009466193587286,1726,0.10875,0.0,0.25,0,46,0,0,-0.0012676145415753126,241.40475463867188,1.483563780784607,-0.0006228524725884199,0.0,0.27887874841690063
2512,1,1.4313536217159708,1727,0.300625,0.375,0.625,0,175,0,0,-0.0008741089841350913,324.15911865234375,1.184978723526001,0.0003280375967733562,0.0,0.41029852628707886
2513,1,0.37797184685769025,1727,0.451875,0.5,0.625,0,431,0,0,-0.0004673997755162418,25.98787498474121,1.4990653991699219,-0.0004229633486829698,0.0,0.27060800790786743
2514,1,0.7475266896017274,1728,0.24875,0.0,0.25,0,175,0,0,-0.00025785714387893677,239.44085693359375,0.9383001327514648,-3.5587698221206665e-05,0.0,0.5390383005142212
2515,1,0.7370218213036424,1729,0.410625,0.0,0.125,0,183,0,0,-0.0003169917908962816,81.56944274902344,0.9214372634887695,0.000343754596542567,0.0,0.5205286741256714
2516,1,0.7418720717519136,1732,0.119375,0.0,0.125,0,53,0,0,0.00012278184294700623,590.0396728515625,1.0566673278808594,-6.154102447908372e-05,0.0,0.4674161374568939
2517,1,0.36958006084751105,1733,0.0575,0.0,0.0,0,30,0,0,-2.4194519937736914e-05,82.7839126586914,1.1347324848175049,6.632134318351746e-05,0.0,0.4032314717769623
2518,1,0.6144322215695865,1733,0.29125,0.0,0.25,0,286,0,0,-0.00031189247965812683,77.35256958007812,1.3482387065887451,0.00014048411685507745,0.0,0.3378971517086029
2519,1,-0.11414952945733603,1733,0.380625,0.0,0.25,0,542,0,0,-0.0007225933368317783,11.458002090454102,1.5968596935272217,0.0004046642570756376,0.0,0.2351679503917694
2520,1,-0.1186769031046424,1733,0.419375,0.0,0.25,0,798,0,0,-0.006097458302974701,7.991827487945557,1.6093368530273438,-0.0028351242654025555,0.0,0.22589516639709473
2521,1,0.12816309765912592,1734,0.07,0.0,0.0,0,54,0,0,-0.004212944768369198,58.0872688293457,1.5418981313705444,-0.00021423664293251932,0.0,0.2622581124305725
2522,1,0.42139591754857975,1734,0.198125,0.0,0.125,0,310,0,0,-0.0007097115740180016,68.9478759765625,1.4109175205230713,0.0007094137836247683,0.0,0.31600841879844666
2523,1,0.2623855425290458,1734,0.248125,0.0,0.125,0,566,0,0,-9.511969983577728e-05,85.15283203125,1.5600230693817139,0.0003657913184724748,0.0,0.2548775374889374
2524,1,1.216129715668103,1734,0.3025,0.0,0.375,0,822,0,0,0.00020904219127260149,330.74517822265625,1.585113525390625,0.00039734606980346143,0.0,0.23886869847774506
2525,1,1.8224449036006263,1735,0.1825,0.0,0.25,0,78,0,0,0.0004604204441420734,634.2545166015625,1.3825019598007202,5.0852853746619076e-05,0.0,0.3188149929046631
2526,1,0.5709489890482473,1736,0.01875,0.0,0.0,0,9,0,0,-0.00010352581739425659,121.1668701171875,1.392116904258728,8.029847958823666e-05,0.0,0.32976484298706055
2527,1,1.424771992922615,1737,0.085,0.0,0.0,0,56,0,0,-0.0001704630849417299,215.87417602539062,1.024024248123169,-0.00013590387243311852,0.0,0.48442551493644714
2528,1,0.7050813498408388,1737,0.283125,0.0,0.25,0,312,0,0,-0.00022080479538999498,47.025001525878906,1.2853052616119385,2.866129761969205e-05,0.0,0.377442330121994
2529,1,1.0440384564226406,1738,0.088125,0.0,0.0,0,36,0,0,1.0630115866661072e-05,163.07005310058594,1.3947781324386597,0.00021612939599435776,0.0,0.32303813099861145
2530,1,0.9779403097372779,1738,0.36875,0.25,0.625,0,292,0,0,-0.00020213425159454346,141.01776123046875,1.3882853984832764,0.00010169057350140065,0.0,0.31371352076530457
2531,1,0.059389161149738356,1738,0.4675,0.25,0.625,0,548,0,0,-0.00047857873141765594,6.220876693725586,1.609039306640625,-0.00012244563549757004,0.0,0.22942817211151123
2532,1,0.4184016517610871,1739,0.16375,0.0,0.125,0,68,0,0,-0.00024125352501869202,64.90987396240234,1.3886983394622803,0.0001642807328607887,0.0,0.3392941951751709
2533,1,0.747407770892778,1739,0.50375,0.0,0.625,0,324,0,0,-0.0004119376535527408,43.146087646484375,1.3724257946014404,-0.00030870139016769826,0.0,0.3124154210090637
2534,1,0.07741298942460162,1739,0.67875,0.0,0.625,0,580,0,0,-0.002991005778312683,14.386882781982422,1.6350226402282715,-0.0005808714777231216,0.0,0.22688958048820496
2535,1,0.17803533863070697,1739,0.80875,0.125,0.75,0,836,0,0,-0.0037184818647801876,46.033870697021484,1.6331710815429688,0.0010567407589405775,0.0,0.21652714908123016
2536,1,0.3828273270482896,1741,0.029375,0.0,0.0,0,32,0,0,-0.0003776115772780031,335.02557373046875,1.2248351573944092,0.0009458838030695915,0.0,0.41106900572776794
2537,1,0.3097844867297681,1743,0.315625,0.0,0.0,0,162,0,0,-0.00017838615167420357,667.0009765625,0.537930965423584,0.0002615076373331249,0.0,0.7563856840133667
2538,1,-0.02249348680197727,1743,0.35375,0.0,0.0,0,418,0,0,0.00018637720495462418,58.557342529296875,0.4608999192714691,0.00011478007945697755,0.0,0.7946847677230835
2539,1,0.1783647461415967,1743,0.40375,0.0,0.0,0,674,0,0,-0.00025978064513765275,26.6362361907959,0.6194745898246765,0.00020385859534144402,0.0,0.7049300670623779
2540,1,0.729011355968396,1744,0.054375,0.0,0.0,0,24,0,0,-5.634315311908722e-05,121.50028991699219,1.1669944524765015,-8.41035507619381e-05,0.0,0.43242010474205017
2541,1,0.5075074513770232,1745,0.021875,0.0,0.0,0,12,0,0,-5.009211599826813e-05,162.93502807617188,1.2580771446228027,7.621323220519116e-06,0.0,0.3825930953025818
2542,1,1.087880792579199,1746,0.175625,0.0,0.25,0,209,0,0,-0.0001303131430177018,211.62026977539062,1.0980422496795654,7.819470192771405e-05,0.0,0.47616326808929443
2543,1,0.6199053726425845,1746,0.305,0.25,0.5,0,465,0,0,-9.233163291355595e-05,95.00782775878906,1.4652729034423828,0.00010907681280514225,0.0,0.3018341362476349
2544,1,0.7160896451678127,1747,0.355,0.0,0.375,0,206,0,0,-0.00015646421525161713,161.93283081054688,0.8083097338676453,-4.0378734411206096e-05,0.0,0.6059534549713135
2545,1,0.3849255377535883,1747,0.626875,0.0,0.75,0,462,0,0,-0.0006441877922043204,16.011268615722656,1.440352439880371,0.00014708602975588292,0.0,0.29905590415000916
2546,1,0.03886641753069853,1747,0.8275,0.0,0.875,0,718,0,0,-0.011927103623747826,5.101293563842773,1.6492376327514648,0.0062836273573338985,0.02083333395421505,0.2176133096218109
2547,1,0.5804041681712988,1747,0.866875,0.125,0.875,0,974,0,0,0.003345961682498455,124.79570007324219,1.671389102935791,0.0047987718135118484,0.2486979216337204,0.20458516478538513
2548,1,0.2396128664331627,1749,0.008125,0.0,0.0,0,2,0,0,-0.003914746921509504,351.16925048828125,0.7150725722312927,0.0010269953636452556,0.006510416977107525,0.6795719861984253
2549,1,1.732678975793533,1750,0.365625,0.125,0.625,0,174,0,0,-0.0019812672398984432,606.8707885742188,1.3323373794555664,0.0022282025311142206,0.0,0.35901543498039246
2550,1,0.8347761208351585,1750,0.51,0.125,0.625,0,430,0,0,0.001360089285299182,23.531232833862305,1.4938857555389404,0.0004937131307087839,0.0,0.27595096826553345
2551,1,0.9013622672173369,1751,0.245,0.0,0.0,0,244,0,0,0.00058700330555439,258.8825988769531,1.2911279201507568,-0.0013455944135785103,0.0,0.358308881521225
2552,1,0.42378421120702114,1751,0.373125,0.0,0.25,0,500,0,0,-0.0009218709310516715,20.406513214111328,1.5125441551208496,9.022995072882622e-05,0.0,0.2631434202194214
2553,1,0.31258275328309537,1751,0.446875,0.0,0.25,0,756,0,0,-0.0003029182553291321,14.323235511779785,1.542688250541687,-0.0002479531685821712,0.0,0.2593711316585541
2554,1,0.13179207693883654,1752,0.026875,0.0,0.0,0,12,0,0,-0.000357775337761268,10.742044448852539,1.5180160999298096,0.000665015890263021,0.0,0.26677951216697693
2555,1,1.2781318044653744,1752,0.443125,0.125,0.375,0,268,0,0,-0.000857299193739891,151.9900665283203,1.0180459022521973,0.00041643111035227776,0.0,0.46724629402160645
2556,1,0.7569023784599267,1752,0.525,0.25,0.5,0,524,0,0,-0.00010991159069817513,97.65373992919922,1.4192322492599487,0.0003644126409199089,0.0,0.29532384872436523
2557,1,0.33083264938181856,1752,0.57875,0.25,0.5,0,780,0,0,-0.0003956981818191707,9.489259719848633,1.5569190979003906,0.00036884465953335166,0.0,0.2487013041973114
2558,1,0.26215885885721946,1753,0.05,0.0,0.0,0,36,0,0,-0.00020314007997512817,41.1088981628418,1.4743242263793945,0.00038745178608223796,0.0,0.29149436950683594
2559,1,1.3730268349390826,1753,0.479375,0.25,0.5,0,292,0,0,-0.00012772157788276672,222.20077514648438,1.0734050273895264,-0.0003603943041525781,0.0,0.4684768319129944
2560,1,1.077685495404694,1753,0.599375,0.625,0.75,0,548,0,0,-0.0003715871716849506,97.2155532836914,1.4773266315460205,8.002653339644894e-05,0.0,0.2764536738395691
2561,1,0.45432392771181185,1753,0.70625,0.625,0.875,0,804,0,0,-0.00025913864374160767,18.793514251708984,1.6254899501800537,5.671568214893341e-05,0.0,0.21819643676280975
2562,1,1.0232376235962874,1754,0.145,0.0,0.25,0,60,0,0,-0.0002497934619896114,258.814453125,1.484618067741394,0.00025184266269207,0.0,0.28713929653167725
2563,1,0.6960831779288128,1755,0.36375,0.0,0.125,0,231,0,0,-2.407406827842351e-05,203.99163818359375,1.1218762397766113,-1.0540243238210678e-05,0.0,0.42910754680633545
2564,1,1.0440770543536928,1755,0.48125,0.25,0.375,0,487,0,0,-0.00023480257368646562,113.96993255615234,1.2877037525177002,0.00011406575504224747,0.0,0.3379610478878021
2565,1,0.4447681157628267,1755,0.503125,0.25,0.375,0,743,0,0,-0.0008081896230578423,31.733396530151367,1.560098648071289,0.0002661137841641903,0.0,0.2475033402442932
2566,1,0.14200379240537586,1755,0.656875,0.25,0.375,0,999,0,0,0.0002023282868321985,34.14108657836914,1.589830756187439,0.00017547537572681904,0.0,0.22490935027599335
2567,1,1.1199845965020359,1756,0.229375,0.25,0.25,0,255,0,0,-0.0013613030314445496,221.43386840820312,1.1961722373962402,-0.00024138469598256052,0.0,0.39268821477890015
2568,1,0.8190265785715383,1756,0.550625,0.25,0.375,0,511,0,0,-0.001849362044595182,24.16324234008789,1.5035314559936523,0.0010388722876086831,0.0,0.27837181091308594
2569,1,0.5293199180268857,1757,0.146875,0.125,0.125,0,148,0,0,0.0012260980438441038,355.88623046875,1.419291377067566,0.0003163673391100019,0.0,0.30768924951553345
2570,1,0.6600905962841352,1757,0.169375,0.125,0.25,0,404,0,0,-0.0008565559983253479,34.495819091796875,1.221657156944275,0.0001255955285159871,0.0,0.394475519657135
2571,1,0.8337458724527096,1758,0.236875,0.125,0.25,0,218,0,0,-8.471496403217316e-05,304.670654296875,1.1559922695159912,0.00011091516353189945,0.0,0.41087275743484497
2572,1,1.5900316381685116,1758,0.48125,0.625,0.5,0,474,0,0,0.00016126844275277108,326.2777099609375,1.29336678981781,-2.2742588043911383e-05,0.0,0.36310648918151855
2573,1,0.6159467518828023,1758,0.63375,0.625,0.75,0,730,0,0,-0.001097875996492803,15.460901260375977,1.5714318752288818,0.0002822845126502216,0.0,0.2551782429218292
2574,1,0.25622986201528875,1758,0.643125,0.625,0.75,0,986,0,0,-0.0028789243660867214,12.544181823730469,1.6414213180541992,0.00011192153760930523,0.0,0.2133885622024536
2575,1,1.0150550297530572,1759,0.166875,0.125,0.25,0,242,0,0,-0.0015104798367246985,78.24168395996094,1.2561074495315552,0.0004814205167349428,0.0,0.3835722804069519
2576,1,0.994481593225828,1760,0.026875,0.0,0.125,0,71,0,0,-2.0053237676620483e-05,413.1279296875,1.4394969940185547,0.0005781345535069704,0.0,0.289630264043808
2577,1,1.1846166208861177,1760,0.204375,0.125,0.125,0,327,0,0,-0.0014864535769447684,96.28013610839844,1.3175482749938965,0.0005014677299186587,0.0,0.3409360349178314
2578,1,0.7146049147577287,1760,0.299375,0.125,0.125,0,583,0,0,-0.0026490248274058104,15.298733711242676,1.5488977432250977,0.001056685927323997,0.0,0.24419263005256653
2579,1,0.7844659586216949,1760,0.436875,0.125,0.25,0,839,0,0,-0.0028797860722988844,37.31359100341797,1.5536060333251953,0.001618380076251924,0.0,0.2442058026790619
2580,1,1.2742233627971018,1761,0.205,0.0,0.375,0,95,0,0,-0.0018871445208787918,325.3936767578125,1.2782624959945679,8.476339280605316e-05,0.0,0.37281662225723267
2581,1,1.1395486924316174,1761,0.37125,0.375,0.375,0,351,0,0,5.395213884185068e-05,104.8302993774414,1.3167016506195068,-0.0001640947739360854,0.0,0.3387135863304138
2582,1,0.5529523564387091,1761,0.386875,0.375,0.375,0,607,0,0,-0.00290847010910511,30.627779006958008,1.5357111692428589,8.932920172810555e-05,0.0,0.2685062885284424
2583,1,0.31557902054419174,1761,0.386875,0.375,0.375,0,863,0,0,-0.0017987422179430723,19.756792068481445,1.555769443511963,0.0017837968189269304,0.0,0.25414085388183594
2584,1,1.2521810984653712,1763,0.135625,0.0,0.125,0,73,0,0,-0.00030794990016147494,432.85235595703125,1.4172066450119019,0.00014660321176052094,0.0,0.3167193830013275
2585,1,1.254227705339872,1763,0.460625,0.0,0.25,0,329,0,0,-0.001106488285586238,70.49146270751953,1.5070550441741943,0.00034348195185884833,0.0,0.2604094445705414
2586,1,1.3866521912659664,1763,0.551875,0.0,0.25,0,585,0,0,-0.0013352036476135254,85.30419921875,1.5128679275512695,-0.00010583464609226212,0.0,0.26289689540863037
2587,1,1.574640002147703,1763,0.565,0.0,0.25,0,841,0,0,-0.0009092887630686164,152.40782165527344,1.5322599411010742,-6.659872451564297e-05,0.0,0.2486358880996704
2588,1,0.8915909238348831,1764,0.11875,0.0,0.0,0,97,0,0,-0.0004016496241092682,190.66043090820312,1.3974230289459229,2.4942992240539752e-05,0.0,0.31151115894317627
2589,1,1.446756744180675,1764,0.42625,0.0,0.5,0,353,0,0,-0.00018819297838490456,158.32659912109375,1.4775642156600952,-0.0001540934608783573,0.0,0.27646729350090027
2590,1,1.2031415895344253,1764,0.64,0.0,0.5,0,609,0,0,-0.0012719191145151854,50.58422088623047,1.5285365581512451,-0.00013240535918157548,0.0,0.25551462173461914
2591,1,1.1339801229005388,1764,0.6825,0.0,0.625,0,865,0,0,-0.0010908504482358694,57.4293327331543,1.5543639659881592,-0.0002164376637665555,0.0,0.2401261180639267
2592,1,1.254552810200039,1765,0.199375,0.125,0.25,0,121,0,0,-0.0005752292345277965,355.72259521484375,1.2944592237472534,7.24432393326424e-05,0.0,0.35747379064559937
2593,1,1.1921798951752862,1765,0.46125,0.125,0.625,0,377,0,0,-0.0007163621485233307,58.89747619628906,1.546155333518982,5.586771294474602e-05,0.0,0.25717103481292725
2594,1,0.5639007539266458,1767,0.166875,0.0,0.0,0,74,0,0,-0.0003083702176809311,624.972412109375,1.2216137647628784,2.911267802119255e-05,0.0,0.4132530689239502
2595,1,1.3434199326111411,1767,0.46875,0.125,0.25,0,330,0,0,-0.00017347093671560287,193.9912109375,1.0430254936218262,7.215569348772988e-05,0.0,0.4887309968471527
2596,1,0.7550686198728727,1767,0.6225,0.125,0.375,0,586,0,0,-0.0005992769147269428,11.242372512817383,1.6084461212158203,0.00010592172475298867,0.0,0.22352167963981628
2597,1,0.8749177052295636,1767,0.691875,0.125,0.625,0,842,0,0,-0.0008769346168264747,43.132080078125,1.6186237335205078,0.0007064603269100189,0.0,0.222853884100914
2598,1,0.9802461452975422,1768,0.129375,0.0,0.0,0,98,0,0,-0.00040423808968625963,84.37271118164062,1.496730089187622,-0.00024498533457517624,0.0,0.26402902603149414
2599,1,1.0334074884394795,1768,0.266875,0.0,0.375,0,354,0,0,-0.0015419995179399848,96.64413452148438,1.4748380184173584,-0.00017017747450154275,0.0,0.27378571033477783
2600,1,1.26539977675111,1768,0.3225,0.0,0.375,0,610,0,0,-0.0016123633831739426,159.73565673828125,1.4984352588653564,-0.0006549257668666542,0.0,0.27312853932380676
2601,1,1.3966091841017487,1768,0.355625,0.0,0.5,0,866,0,0,-0.0019198398804292083,115.88461303710938,1.535069227218628,0.000262996822129935,0.0,0.2504843473434448
2602,1,1.325037375318061,1769,0.226875,0.0,0.125,0,122,0,0,-0.0015143193304538727,557.8929443359375,1.424736499786377,0.0007550101727247238,0.0,0.304189532995224
2603,1,0.6228571617134548,1770,0.055,0.0,0.0,0,80,0,0,-0.00024720653891563416,436.8497314453125,1.4405543804168701,-0.0005259492318145931,0.0,0.29876628518104553
2604,1,1.1336806011704539,1770,0.1425,0.0,0.0,0,336,0,0,-0.0021827518939971924,55.85683059692383,1.3982709646224976,0.0009585332009010017,0.0,0.29384905099868774
2605,1,1.2117473489743134,1770,0.148125,0.0,0.125,0,592,0,0,-0.002264348091557622,93.70306396484375,1.5116660594940186,0.0006209930288605392,0.0,0.2527507245540619
2606,1,1.8889904208228927,1770,0.418125,0.0,0.25,0,848,0,0,-0.0023506893776357174,305.8778076171875,1.5528714656829834,0.000461348332464695,0.0,0.2418137788772583
2607,1,1.4404778504103888,1771,0.09875,0.0,0.0,0,104,0,0,-0.0006767461891286075,342.97314453125,1.5092148780822754,-0.00023313937708735466,0.0,0.26800498366355896
2608,1,1.9274178906944144,1771,0.374375,0.0,0.25,0,360,0,0,-0.00046491221291944385,415.385009765625,1.321057915687561,-0.0005695461295545101,0.0,0.35016369819641113
2609,1,1.1114605346106146,1771,0.375,0.0,0.25,0,616,0,0,-0.0017218717839568853,71.01959991455078,1.4941314458847046,6.899478466948494e-05,0.0,0.26431986689567566
2610,1,1.3206223668639723,1771,0.375,0.0,0.25,0,872,0,0,-0.001984895672649145,148.32403564453125,1.5252532958984375,-0.0014869153965264559,0.0,0.2520454227924347
2611,1,1.1050968114532225,1772,0.139375,0.0,0.0,0,128,0,0,-0.0015117339789867401,331.23150634765625,1.251022458076477,0.0008949075709097087,0.0,0.3913893699645996
2612,1,1.5945596673545879,1772,0.355,0.0,0.0,0,384,0,0,-0.001219247467815876,185.4252471923828,1.4438371658325195,-7.005198858678341e-05,0.0,0.3027629554271698
2613,1,1.6394009094615285,1772,0.355625,0.0,0.0,0,640,0,0,-0.0017351489514112473,254.45614624023438,1.5557345151901245,-0.000799603876657784,0.0,0.24130283296108246
2614,1,0.9888622365706397,1772,0.428125,0.0,0.25,0,896,0,0,-0.003359571797773242,55.76798629760742,1.5791282653808594,0.0019189085578545928,0.0,0.23482933640480042
2615,1,1.4159416924685502,1773,0.25625,0.125,0.25,0,152,0,0,-0.002355008851736784,358.6029052734375,1.1503092050552368,-0.0016339572612196207,0.0,0.4376073479652405
2616,1,1.2317990876108524,1774,0.36125,0.125,0.25,0,203,0,0,-0.0019932533614337444,584.0140991210938,1.1453320980072021,0.00023695795971434563,0.0,0.4238767623901367
2617,1,2.383421934840044,1774,0.50125,0.125,0.25,0,459,0,0,-0.0019236896187067032,631.5177612304688,1.5712847709655762,0.00011643332982202992,0.0,0.24140402674674988
2618,1,2.148232334315253,1774,0.586875,0.125,0.375,0,715,0,0,-0.0011245887726545334,494.18853759765625,1.5791559219360352,-0.0003748505259864032,0.0,0.2347012460231781
2619,1,2.073234495073848,1774,0.62875,0.125,0.375,0,971,0,0,-0.0005418596556410193,451.3558349609375,1.5398919582366943,-0.0001349599042441696,0.0,0.25298184156417847
2620,1,1.8664821226220738,1775,0.38875,0.0,0.25,0,227,0,0,-0.00024993097758851945,425.951416015625,1.3792794942855835,0.0001450912095606327,0.0,0.32767432928085327
2621,1,1.8448877983737475,1775,0.425,0.0,0.25,0,483,0,0,-0.00017893004405777901,359.55322265625,1.4996280670166016,0.0006515292334370315,0.0,0.2631217837333679
2622,1,2.3013493885141543,1775,0.45375,0.0,0.375,0,739,0,0,-0.000623609870672226,574.1875,1.4997532367706299,0.0002579680585768074,0.0,0.2681683897972107
2623,1,2.0616081776024657,1775,0.455625,0.0,0.375,0,995,0,0,-0.0008994291420094669,375.76263427734375,1.490311861038208,-0.00011398922652006149,0.0,0.27112776041030884
2624,1,2.028343283534923,1776,0.454375,0.25,0.375,0,251,0,0,-0.00018880578863900155,779.7852783203125,1.2256687879562378,-0.00031697627855464816,0.0,0.3739280104637146
2625,1,0.8630941287774476,1776,0.46375,0.375,0.375,0,507,0,0,-0.002726770006120205,77.22599792480469,1.4250450134277344,-7.37720838515088e-05,0.0,0.28734514117240906
2626,1,1.1122883012776583,1776,0.634375,0.375,0.625,0,763,0,0,-0.0018800882389768958,93.13322448730469,1.5881524085998535,0.0038966117426753044,0.0,0.23110029101371765
2627,1,2.1172989942424465,1777,0.03625,0.0,0.0,0,19,0,0,-0.00024249280977528542,540.1085815429688,1.5052881240844727,0.0018215763848274946,0.0,0.2664032578468323
2628,1,1.1171601470559835,1778,0.31875,0.125,0.125,0,192,0,0,-0.0022503617219626904,370.843994140625,1.078630805015564,-1.724367029964924e-05,0.0,0.46292346715927124
2629,1,1.190547608784982,1779,0.375,0.0,0.25,0,156,0,0,-0.0017211891245096922,459.6248474121094,1.0180720090866089,-0.0017628306522965431,0.0,0.49454253911972046
2630,1,1.2109645206073765,1779,0.585625,0.25,0.25,0,412,0,0,0.00014023887342773378,33.493507385253906,1.110910177230835,0.0002625564520712942,0.0,0.42512619495391846
2631,1,1.6824397986856638,1779,0.710625,0.25,0.5,0,668,0,0,-0.0004455099697224796,206.64633178710938,1.6083736419677734,-5.191269883653149e-05,0.0,0.22479510307312012
2632,1,1.90405146442572,1780,0.133125,0.0,0.0,0,170,0,0,-0.0010041625937446952,604.9561157226562,1.4353547096252441,0.00024163242778740823,0.0,0.2946600914001465
2633,1,2.283604790658501,1780,0.226875,0.125,0.125,0,426,0,0,-0.0007228066097013652,507.82427978515625,1.4816821813583374,0.0003084492345806211,0.0,0.26752912998199463
2634,1,3.0151526981571806,1780,0.253125,0.125,0.25,0,682,0,0,-0.000767121440730989,1258.465576171875,1.4220528602600098,-0.00020114993094466627,0.0,0.29890871047973633
2635,1,3.803049595268476,1780,0.25625,0.125,0.25,0,938,0,0,-0.0005416944622993469,2278.867431640625,1.4046885967254639,-0.0003948014636989683,0.0,0.3172050714492798
2636,1,2.026157252199482,1781,0.308125,0.125,0.5,0,194,0,0,-0.00021482817828655243,559.5249633789062,1.2274236679077148,-0.00018247123807668686,0.0,0.3722352385520935
2637,1,1.6221370004750497,1781,0.396875,0.375,0.5,0,450,0,0,-0.0008872611215338111,177.06430053710938,1.5466006994247437,-0.0006005610339343548,0.0,0.25095459818840027
2638,1,1.6941343512162348,1781,0.425625,0.375,0.5,0,706,0,0,-0.001723319641314447,204.63522338867188,1.5773824453353882,-0.00037909261300228536,0.0,0.23544470965862274
2639,1,2.0608756623933004,1781,0.529375,0.375,0.5,0,962,0,0,-0.0011801270302385092,500.73736572265625,1.5884218215942383,-0.0003301408141851425,0.0,0.2346796691417694
2640,1,1.252010567295656,1782,0.26625,0.0,0.0,0,218,0,0,-0.0008097083191387355,486.5565490722656,1.433293342590332,-0.0005404750118032098,0.0,0.30519044399261475
2641,1,2.49074503715201,1783,0.0575,0.0,0.0,0,31,0,0,-0.00026224274188280106,1094.496337890625,1.4262861013412476,-0.0003028626961167902,0.0,0.3038405179977417
2642,1,1.398456565955712,1784,0.041875,0.0,0.0,0,41,0,0,-0.002987438580021262,838.4390869140625,1.1170432567596436,0.0012013104278594255,0.0,0.43912357091903687
2643,1,1.543463579393574,1784,0.24125,0.125,0.0,0,297,0,0,7.463525980710983e-05,159.95802307128906,1.1200203895568848,0.00019298959523439407,0.0,0.4241567552089691
2644,1,1.767517482277981,1784,0.351875,0.125,0.25,0,553,0,0,0.000643248378764838,252.17730712890625,1.6063661575317383,0.000569108291529119,0.0,0.22334149479866028
2645,1,2.057106761232717,1784,0.351875,0.125,0.25,0,809,0,0,-0.0012328128796070814,388.56756591796875,1.5927461385726929,-0.00013626166037283838,0.0,0.22358214855194092
2646,1,2.1229225937568117,1785,0.156875,0.0,0.0,0,65,0,0,-0.00038919769576750696,876.0614013671875,1.3942445516586304,-0.00026200292631983757,0.0,0.32450568675994873
2647,1,1.133319107182615,1785,0.484375,0.0,0.125,0,321,0,0,-0.00025339084095321596,78.61116027832031,1.1460614204406738,-5.4331110732164234e-05,0.0,0.43225225806236267
2648,1,1.666171060556735,1785,0.554375,0.125,0.125,0,577,0,0,-0.00040016821003519,173.13040161132812,1.6080340147018433,0.00014110251504462212,0.0,0.23447692394256592
2649,1,1.484175745391667,1785,0.58875,0.125,0.125,0,833,0,0,-0.0010386373614892364,165.99826049804688,1.6120284795761108,9.345146827399731e-05,0.0,0.22259986400604248
2650,1,1.4071784171956097,1787,0.110625,0.0,0.0,0,52,0,0,-0.00030218501342460513,650.388671875,1.3682165145874023,0.00013447429228108376,0.0,0.3380325436592102
2651,1,1.5290506475369057,1787,0.283125,0.125,0.125,0,308,0,0,-0.0004361545143183321,182.29962158203125,1.3971489667892456,0.0001035922541632317,0.0,0.303253710269928
2652,1,2.0064327761501772,1787,0.29625,0.25,0.25,0,564,0,0,-0.00030870549380779266,392.4541931152344,1.4877232313156128,0.00028476258739829063,0.0,0.26370590925216675
2653,1,2.5997690770867337,1787,0.339375,0.25,0.375,0,820,0,0,-0.0005043341661803424,758.1964111328125,1.4852460622787476,0.0006150705739855766,0.0,0.2677189111709595
2654,1,2.749013801865658,1788,0.139375,0.0,0.0,0,76,0,0,-0.0002593221142888069,1670.968505859375,1.2585370540618896,-5.848752334713936e-05,0.0,0.3843271732330322
2655,1,1.5261772456142353,1788,0.39375,0.125,0.375,0,332,0,0,-0.0009092310210689902,339.26605224609375,1.2692897319793701,-0.00015363330021500587,0.0,0.372611939907074
2656,1,3.068432857073276,1788,0.508125,0.125,0.625,0,588,0,0,-0.0013673517387360334,1327.2392578125,1.4753267765045166,0.00036236830055713654,0.0,0.2677714228630066
2657,1,3.759144858491254,1788,0.5125,0.125,0.625,0,844,0,0,-0.001163550652563572,2128.724853515625,1.4513027667999268,-3.190431743860245e-05,0.0,0.2903141677379608
2658,1,1.6056365574827396,1790,0.18875,0.0,0.0,0,128,0,0,-0.0006165954982861876,1146.337890625,1.0808517932891846,3.0218780011637136e-05,0.0,0.4673087000846863
2659,1,0.4740646335922065,1792,0.209375,0.0,0.125,0,92,0,0,-0.00018955147243104875,1404.236083984375,1.057308554649353,0.0005917884409427643,0.0,0.4544803500175476
2660,1,2.0663000103822924,1792,0.475625,0.25,0.625,0,348,0,0,-9.079153824131936e-05,433.5144958496094,1.3567979335784912,0.00022682276903651655,0.0,0.31128618121147156
2661,1,2.395752032456585,1792,0.595,0.25,0.625,0,604,0,0,-0.0008277533343061805,696.6094970703125,1.5953768491744995,-0.00015628687106072903,0.0,0.23847922682762146
2662,1,2.809144366077817,1792,0.70875,0.25,0.875,0,860,0,0,-0.001091390266083181,894.4892578125,1.5767762660980225,-0.00017323344945907593,0.0,0.24631564319133759
2663,1,1.3225972418358651,1794,0.15125,0.0,0.0,0,71,0,0,-0.0007309826905839145,1077.70166015625,1.3825820684432983,0.000158676877617836,0.0,0.3219873905181885
2664,1,3.3451413139009674,1794,0.484375,0.0,0.375,0,327,0,0,-0.0005762397195212543,1574.628662109375,1.4176610708236694,-5.7376302720513195e-05,0.0,0.305961012840271
2665,1,3.4676113122386596,1794,0.50625,0.0,0.375,0,583,0,0,-0.0006115189753472805,1813.4227294921875,1.4463376998901367,-0.0001651199272600934,0.0,0.2869856059551239
2666,1,2.4688877668540954,1794,0.686875,0.0,0.75,0,839,0,0,-0.0005345785757526755,749.3526611328125,1.4387321472167969,0.0005709812976419926,0.0,0.28348231315612793
2667,1,1.496339215340413,1795,0.21625,0.0,0.0,0,95,0,0,-0.0009743273258209229,452.9641418457031,1.2711834907531738,0.0010491979774087667,0.0,0.3760622441768646
2668,1,2.1217260608027573,1795,0.353125,0.25,0.25,0,351,0,0,-0.0003307561273686588,440.00250244140625,1.4147605895996094,0.00044733015238307416,0.0,0.304769366979599
2669,1,1.502502541326976,1796,0.29125,0.5,0.5,0,235,0,0,-0.0007270047208294272,511.2628173828125,1.2475886344909668,6.166286766529083e-06,0.0,0.37954288721084595
2670,1,1.6111577907522587,1796,0.295,0.5,0.5,0,491,0,0,-0.00024193059653043747,336.7457275390625,1.4177316427230835,0.0001215376760228537,0.0,0.29121968150138855
2671,1,3.798874668224016,1796,0.426875,0.5,0.5,0,747,0,0,-1.1431674465711694e-05,2111.792724609375,1.4550282955169678,0.0002140229771612212,0.0,0.28390514850616455
2672,1,3.8758611899538664,1797,0.048125,0.0,0.0,0,40,0,0,-0.00015688626444898546,2795.2587890625,1.2890985012054443,-0.00011346070095896721,0.0,0.37347978353500366
2673,1,1.5510892258735112,1798,0.0975,0.0,0.0,0,184,0,0,-0.0015027070185169578,784.4575805664062,1.2800333499908447,-0.0007550487061962485,0.0,0.3618013560771942
2674,1,2.037315919822504,1798,0.3675,0.0,0.875,0,440,0,0,-0.00029303631163202226,585.73046875,1.4043166637420654,0.0007754992693662643,0.0,0.30459290742874146
2675,1,3.6631738509386196,1798,0.495625,0.0,0.875,0,696,0,0,-0.0008866889402270317,2154.02685546875,1.3645734786987305,-0.00017408344137948006,0.0,0.32922154664993286
2676,1,2.9272882772493176,1800,0.06,0.0,0.125,0,28,0,0,-0.00047148828161880374,1606.87841796875,1.2203259468078613,-0.00011594174429774284,0.0,0.4066022038459778
2677,1,2.280695854609803,1801,0.35125,0.25,0.125,0,254,0,0,8.48621129989624e-05,724.3833618164062,1.3178670406341553,-0.0002265234215883538,0.0,0.35408255457878113
2678,1,2.3461918200464424,1801,0.395625,0.25,0.125,0,510,0,0,-2.06859167519724e-05,553.033935546875,1.4641607999801636,4.162864570389502e-05,0.0,0.28956565260887146
2679,1,3.163561318995562,1801,0.645625,0.25,0.25,0,766,0,0,-0.00014269135135691613,1587.15380859375,1.4537572860717773,-0.00017904615378938615,0.0,0.29622596502304077
2680,1,3.903336818113985,1802,0.05,0.0,0.0,0,22,0,0,-9.184020746033639e-05,2243.96875,1.3949611186981201,-8.356074977200478e-05,0.0,0.3247230648994446
2681,1,3.018729315859673,1802,0.111875,0.0,0.125,0,278,0,0,-0.00013204137212596834,1949.6893310546875,1.4374912977218628,-3.4199718356831e-05,0.0,0.2906290292739868
2682,1,3.795501231099479,1802,0.375625,0.0,0.375,0,534,0,0,-0.0003756300429813564,2385.041748046875,1.366086483001709,9.610566485207528e-05,0.0,0.32216352224349976
2683,1,3.569674354597737,1802,0.465625,0.0,0.5,0,790,0,0,-0.00024468390620313585,1816.23681640625,1.356318473815918,-0.00010181141260545701,0.0,0.3365309238433838
2684,1,4.496102284931112,1803,0.0775,0.0,0.0,0,46,0,0,-0.00016084438539110124,3729.90966796875,1.2459111213684082,-7.972602907102555e-05,0.0,0.3949030041694641
2685,1,1.5583439334162108,1803,0.525,0.0,0.25,0,302,0,0,-0.00020736269652843475,249.73377990722656,1.2115638256072998,-3.251557700423291e-06,0.0,0.4059228301048279
2686,1,1.9981870277620146,1803,0.635,0.0,0.25,0,558,0,0,-0.0005799401551485062,273.6550598144531,1.5855319499969482,0.0003432128578424454,0.0,0.2282041758298874
2687,1,2.5001777626603143,1803,0.63875,0.0,0.25,0,814,0,0,-0.0008353870362043381,654.2506103515625,1.564257025718689,0.0001807883381843567,0.0,0.24214403331279755
2688,1,2.3206042887595686,1805,0.0925,0.0,0.125,0,40,0,0,-0.00030758389038965106,1090.06396484375,1.4172465801239014,0.00016117197810672224,0.0,0.3132963180541992
2689,1,2.1539933900228334,1805,0.42375,0.25,0.75,0,296,0,0,-6.092184776207432e-05,510.06121826171875,1.3332607746124268,-0.0001954388280864805,0.0,0.33050423860549927
2690,1,2.773139928580349,1805,0.566875,0.375,0.75,0,552,0,0,-0.00041131055331788957,856.4649658203125,1.5307872295379639,1.1615145012910943e-05,0.0,0.258985698223114
2691,1,3.3960534245197778,1805,0.59,0.375,0.75,0,808,0,0,-0.0003807271714322269,1462.4569091796875,1.5232312679290771,-0.00014110817573964596,0.0,0.2694685459136963
2692,1,2.674150465033108,1806,0.133125,0.125,0.25,0,64,0,0,-0.00041153779602609575,1224.8037109375,1.462774634361267,-5.948924081167206e-05,0.0,0.2847440838813782
2693,1,1.0645788861365872,1806,0.388125,0.5,0.5,0,320,0,0,-0.005493638105690479,183.46292114257812,1.3066020011901855,0.0014709638198837638,0.0,0.34072554111480713
2694,1,2.2579289047037037,1806,0.576875,0.625,0.625,0,576,0,0,-0.001143535366281867,558.4635009765625,1.3244646787643433,0.001297520357184112,0.0,0.34903010725975037
2695,1,2.171393894328503,1806,0.71625,0.625,0.75,0,832,0,0,0.0001704823225736618,407.89984130859375,1.2711334228515625,-0.0001324247568845749,0.0,0.3747520446777344
2696,1,3.850796644521324,1807,0.193125,0.0,0.5,0,88,0,0,-0.0009133070707321167,2671.466796875,1.1741173267364502,-0.0014617475681006908,0.0,0.4317503869533539
2697,1,1.4352045708637888,1807,0.404375,0.5,0.5,0,344,0,0,-1.887790858745575e-05,86.96509552001953,1.287553071975708,0.0009236194891855121,0.0,0.34425944089889526
2698,1,1.3881441710814215,1807,0.66375,0.75,0.875,0,600,0,0,-0.0017370821442455053,169.3645782470703,1.4934920072555542,0.0004654042422771454,0.0,0.26940202713012695
2699,1,1.9101717198900587,1807,0.695,0.75,1.0,0,856,0,0,-0.0021887458860874176,434.2666015625,1.5067524909973145,-0.00013433536514639854,0.0,0.2668735682964325
2700,1,2.438373978671734,1808,0.29,0.0,0.125,0,112,0,0,-0.0005170858348719776,977.944091796875,1.1331955194473267,0.0010995955672115088,0.0,0.43850430846214294
2701,1,1.424046556232497,1808,0.57625,0.375,0.75,0,368,0,0,-0.0011984793236479163,101.69673156738281,1.3311866521835327,4.349400842329487e-05,0.0,0.34090185165405273
2702,1,1.942511633704271,1808,0.718125,0.625,0.75,0,624,0,0,-0.000474127329653129,420.6028137207031,1.5143712759017944,-6.203578959684819e-05,0.0,0.2648957669734955
2703,1,2.8949059135411517,1808,0.80125,0.625,0.75,0,880,0,0,-0.00040387362241744995,959.6766967773438,1.5354450941085815,-0.00013221567496657372,0.0,0.25877439975738525
2704,1,2.613863576967219,1809,0.115625,0.0,0.125,0,136,0,0,-0.00031671332544647157,880.9181518554688,1.4004089832305908,-0.0001395195722579956,0.0,0.3100346326828003
2705,1,0.8480904709431343,1811,0.204375,0.0,0.125,0,90,0,0,-0.00020057677465956658,1165.3758544921875,0.9310373067855835,6.919726729393005e-07,0.0,0.5379486083984375
2706,1,1.6798391270167485,1811,0.469375,0.0,0.375,0,346,0,0,-0.0005843068356625736,357.33074951171875,1.4291086196899414,0.00027284957468509674,0.0,0.29785284399986267
2707,1,2.9288759519477026,1811,0.525,0.0,0.625,0,602,0,0,-0.0005115550011396408,1114.3819580078125,1.3992040157318115,-1.1855116099468432e-05,0.0,0.31352245807647705
2708,1,2.70219467894276,1811,0.590625,0.0,0.625,0,858,0,0,-0.0004180095565970987,928.4111938476562,1.4148105382919312,0.00043737361556850374,0.0,0.307596892118454
2709,1,2.734979401802775,1812,0.281875,0.0,0.25,0,114,0,0,-0.0001366492360830307,1400.942626953125,1.049872636795044,8.1396043242421e-05,0.0,0.49155980348587036
2710,1,1.406155640288489,1812,0.4875,0.25,0.375,0,370,0,0,-0.0005919306422583759,144.35659790039062,1.2382242679595947,3.397263208171353e-05,0.0,0.40367352962493896
2711,1,1.643964006620081,1812,0.631875,0.375,0.375,0,626,0,0,-0.0008157479460351169,148.51089477539062,1.459167242050171,0.00028622811078093946,0.0,0.2875811457633972
2712,1,3.0307900320381123,1812,0.79,0.375,0.5,0,882,0,0,-0.0010885221417993307,1223.729736328125,1.5434253215789795,0.0007504224195145071,0.0,0.2514743506908417
2713,1,1.9064993603192306,1814,0.0975,0.0,0.25,0,45,0,0,-0.0013851051917299628,1448.6063232421875,1.160165548324585,0.00040324623114429414,0.0,0.439328134059906
2714,1,3.763048919838184,1814,0.269375,0.25,0.25,0,301,0,0,2.2855898350826465e-05,2057.5478515625,1.2620025873184204,-0.0006064196932129562,0.0,0.3868201673030853
2715,1,2.414469638852097,1814,0.516875,0.25,0.375,0,557,0,0,0.0002814047038555145,1186.97265625,1.3293628692626953,-0.00012822946882806718,0.0,0.35683950781822205
2716,1,3.2922904133156408,1814,0.57125,0.25,0.75,0,813,0,0,-0.0003700436500366777,1315.324951171875,1.3331736326217651,4.191681364318356e-05,0.0,0.36080846190452576
2717,1,2.4869663559475157,1815,0.153125,0.125,0.25,0,69,0,0,-0.0004286284965928644,829.788330078125,1.265640377998352,-0.00013923288497608155,0.0,0.37761902809143066
2718,1,0.5421003014986354,1816,0.011875,0.0,0.0,0,4,0,0,-0.00018401196575723588,665.7327880859375,1.2894468307495117,-6.0686998040182516e-05,0.0,0.3581136167049408
2719,1,1.4172500700587989,1817,0.294375,0.375,0.375,0,194,0,0,-0.0038946038112044334,682.4400634765625,0.9900331497192383,0.0008624980109743774,0.0,0.48944327235221863
2720,1,3.470110398848192,1817,0.4125,0.375,0.5,0,450,0,0,0.0021743844263255596,1641.0322265625,1.480985403060913,0.0019661802798509598,0.0,0.29167842864990234
2721,1,3.4402158590473846,1817,0.671875,0.375,0.5,0,706,0,0,0.0006354718352667987,1613.677978515625,1.4455112218856812,-0.0003137132152915001,0.0,0.2866986393928528
2722,1,3.9872557893895646,1817,0.723125,0.375,0.5,0,962,0,0,0.0003159282205160707,2297.04736328125,1.4002469778060913,0.00047626797459088266,0.0,0.3258771002292633
2723,1,1.4710411956812095,1818,0.486875,0.0,0.125,0,218,0,0,-0.0027518486604094505,368.7590026855469,1.0473787784576416,0.00018660926434677094,0.0,0.48797333240509033
2724,1,0.9067105220892699,1818,0.5925,0.125,0.25,0,474,0,0,-0.0022006086073815823,82.36241149902344,1.3900954723358154,-0.0009398109978064895,0.0,0.3235222101211548
2725,1,0.9194392601111758,1818,0.695,0.25,0.25,0,730,0,0,0.0006305851857177913,95.75503540039062,1.4526422023773193,-9.284121915698051e-05,0.0,0.2797281742095947
2726,1,2.6199989609388865,1818,0.75,0.25,0.5,0,986,0,0,-0.0002631464449223131,661.444580078125,1.5145182609558105,0.00027100773877464235,0.0,0.2641129195690155
2727,1,1.5211774864492327,1819,0.445625,0.125,0.25,0,242,0,0,-0.0013401139294728637,573.470947265625,1.153106451034546,0.0005044541321694851,0.0,0.4090408682823181
2728,1,0.4347246137858747,1819,0.58375,0.25,0.25,0,498,0,0,-0.0008435416966676712,325.21136474609375,1.4277366399765015,0.0005626725032925606,0.0,0.30346789956092834
2729,1,1.5432423575257417,1819,0.628125,0.25,0.375,0,754,0,0,-0.0018903048476204276,709.6953125,1.3929309844970703,-0.0007308758795261383,0.0,0.31912657618522644
2730,1,5.317472331254976,1820,0.025625,0.0,0.0,0,10,0,0,-0.0006383219733834267,4952.208984375,1.2622344493865967,0.00032512721372768283,0.0,0.4066845774650574
2731,1,2.062267624311062,1820,0.365625,0.0,0.375,0,266,0,0,-5.0321221351623535e-05,337.37091064453125,1.290912389755249,-0.00010457402095198631,0.0,0.3627004325389862
2732,1,2.182744384601392,1820,0.571875,0.0,0.5,0,522,0,0,-0.0005501843988895416,411.10076904296875,1.2051655054092407,-0.00022561538207810372,0.0,0.415348619222641
2733,1,3.6656705800487543,1820,0.58375,0.0,0.5,0,778,0,0,-0.0006772928754799068,2068.895263671875,1.2467234134674072,-0.00022904187790118158,0.0,0.39573246240615845
2734,1,3.4065621871559415,1821,0.081875,0.0,0.25,0,34,0,0,-0.0002692354319151491,1730.5771484375,1.1583671569824219,-0.00014153961092233658,0.0,0.4382721185684204
2735,1,1.827854170831415,1821,0.4075,0.5,0.75,0,290,0,0,-0.00024207806563936174,241.67408752441406,1.1958560943603516,0.0002341092040296644,0.0,0.3986029624938965
2736,1,1.5129097705630556,1821,0.495,0.625,0.75,0,546,0,0,-0.0004427277890499681,160.70492553710938,1.4473302364349365,8.005299605429173e-05,0.0,0.2829299867153168
2737,1,2.4085494571349955,1821,0.55875,0.75,0.75,0,802,0,0,-0.0004573669284582138,591.99462890625,1.4523687362670898,-6.260102236410603e-05,0.0,0.2932222783565521
2738,1,2.450372010614956,1822,0.140625,0.0,0.125,0,58,0,0,-0.00043121911585330963,1016.5137939453125,1.291975498199463,6.279644730966538e-05,0.0,0.35793107748031616
2739,1,1.3464810935893183,1822,0.334375,0.5,0.5,0,314,0,0,-0.005724964663386345,198.93569946289062,1.3126790523529053,0.0007576689822599292,0.0,0.31951746344566345
2740,1,3.7670930341482745,1822,0.57125,0.5,0.875,0,570,0,0,0.002454035682603717,2204.70703125,1.4874719381332397,0.0030524746980518103,0.0052083334885537624,0.2812906503677368
2741,1,1.460287186109781,1822,0.603125,0.5,0.875,0,826,0,0,0.0021310956217348576,612.9725952148438,1.487476110458374,0.00019454149878583848,0.0,0.2869996726512909
2742,1,1.1141127588089148,1823,0.1875,0.125,0.125,0,82,0,0,1.912315838126233e-06,798.6001586914062,1.394794225692749,-0.0006547446246258914,0.0,0.32793426513671875
2743,1,0.9395457878490561,1823,0.276875,0.125,0.125,0,338,0,0,-0.0010587666183710098,271.60040283203125,1.132637619972229,0.0009112709085457027,0.0,0.4472918212413788
2744,1,3.418123663474944,1823,0.408125,0.125,0.5,0,594,0,0,0.0008046682924032211,1469.52783203125,1.462925672531128,-0.0003776657395064831,0.0,0.2867263853549957
2745,1,2.0381541035526425,1823,0.44625,0.125,0.5,0,850,0,0,-0.0007893256843090057,622.153564453125,1.4572113752365112,0.00010216298687737435,0.0,0.29213690757751465
2746,1,2.192908251148765,1824,0.258125,0.0,0.25,0,106,0,0,-0.0007990514859557152,855.8247680664062,1.186076045036316,8.456021168967709e-05,0.0,0.42305105924606323
2747,1,1.0063432404112973,1824,0.4325,0.625,0.625,0,362,0,0,-0.0011070508044213057,134.01754760742188,1.3524675369262695,0.0008324945229105651,0.0,0.33532094955444336
2748,1,1.3743693985161372,1826,0.175,0.25,0.25,0,161,0,0,-0.002253518905490637,1702.151611328125,1.1236708164215088,0.000567668117582798,0.0,0.4451825022697449
2749,1,3.0179350116304704,1826,0.213125,0.375,0.375,0,417,0,0,0.0010767977219074965,1149.863525390625,1.4247345924377441,-0.0002193627879023552,0.0,0.3029153645038605
2750,1,2.620426190134822,1826,0.276875,0.375,0.375,0,673,0,0,1.126776169257937e-05,802.189208984375,1.3943488597869873,-2.7615267299552215e-06,0.0,0.32406172156333923
2751,1,4.080551743700198,1826,0.541875,0.375,0.5,0,929,0,0,0.0001242285070475191,2270.416259765625,1.3558623790740967,-0.00031108781695365906,0.0,0.33365917205810547
2752,1,1.7212846250986331,1827,0.229375,0.125,0.125,0,185,0,0,-0.0022093718871474266,1061.1121826171875,1.3106379508972168,3.507640212774277e-05,0.0,0.3580191135406494
2753,1,2.5662732702694484,1827,0.3425,0.25,0.375,0,441,0,0,-0.0014284977223724127,791.7100830078125,1.3536221981048584,0.0012811169726774096,0.0,0.3327982425689697
2754,1,4.1497854482186085,1827,0.536875,0.25,0.5,0,697,0,0,-0.00043641653610393405,2528.57421875,1.4798171520233154,-0.0012528708903118968,0.0,0.2947288751602173
2755,1,4.138176430918975,1827,0.76625,0.25,0.75,0,953,0,0,-0.0007848702371120453,2388.845703125,1.4630026817321777,-0.0006498628063127398,0.0,0.2904507517814636
2756,1,2.581302142634172,1829,0.186875,0.0,0.75,0,80,0,0,-0.0006749723106622696,1521.31201171875,1.2133111953735352,5.7946424931287766e-05,0.0,0.39753133058547974
2757,1,2.441716032784825,1829,0.39625,0.75,0.75,0,336,0,0,-0.00010795891284942627,536.4681396484375,1.3609613180160522,0.0004571297613438219,0.0,0.3248664140701294
2758,1,3.232774227491973,1829,0.59125,0.75,0.875,0,592,0,0,0.00012959199375472963,1761.332275390625,1.4221267700195312,0.0001270387729164213,0.0,0.3201097846031189
2759,1,3.380091440014894,1829,0.624375,0.75,0.875,0,848,0,0,-0.00027135698474012315,1370.264404296875,1.4068435430526733,8.24732705950737e-06,0.0,0.31005606055259705
2760,1,3.932592260753154,1830,0.223125,0.125,0.375,0,104,0,0,-0.0003669435973279178,2293.59716796875,1.2887792587280273,5.964034698990872e-06,0.0,0.36788448691368103
2761,1,3.137636005078093,1830,0.373125,0.125,0.625,0,360,0,0,-0.0007001289050094783,1298.807861328125,1.404927134513855,-3.175189340254292e-05,0.0,0.3151286542415619
2762,1,4.005585648916167,1830,0.63,0.125,0.875,0,616,0,0,-0.0004274323582649231,2173.8818359375,1.3444044589996338,0.00022286674357019365,0.0,0.34445542097091675
2763,1,4.484556758332474,1830,0.661875,0.125,0.875,0,872,0,0,-0.0009106813813559711,2928.26904296875,1.3324637413024902,-0.0002119559794664383,0.0,0.3603755831718445
2764,1,3.5690598448345554,1831,0.1675,0.0,0.125,0,128,0,0,-0.0003401028807274997,1836.8580322265625,1.2664120197296143,-1.1765863746404648e-05,0.0,0.3796139657497406
2765,1,1.259767117442152,1831,0.3225,0.0,0.375,0,384,0,0,-0.0026059504598379135,405.71893310546875,1.3807305097579956,0.0013354483526200056,0.0,0.33129388093948364
2766,1,2.1190112623080495,1832,0.135,0.125,0.125,0,88,0,0,-0.0016558717470616102,960.146240234375,1.2715437412261963,0.0025289077311754227,0.0,0.3767063319683075
2767,1,1.7925524784513982,1832,0.223125,0.125,0.125,0,344,0,0,-0.0016821197932586074,832.5203857421875,1.299630880355835,-0.001484748674556613,0.0,0.3736732006072998
2768,1,5.131322200883005,1832,0.224375,0.125,0.125,0,600,0,0,-0.0015824164729565382,4060.132080078125,1.2758479118347168,0.0010090869618579745,0.0,0.37553510069847107
2769,1,5.013409440740361,1832,0.339375,0.125,0.375,0,856,0,0,-0.0015892405062913895,3832.423583984375,1.2160366773605347,0.000998582225292921,0.0,0.41439855098724365
2770,1,4.066673166722467,1833,0.189375,0.5,0.625,0,112,0,0,-0.0007207195158116519,2571.5224609375,1.186448335647583,0.00046074530109763145,0.0,0.42209166288375854
2771,1,1.2092902164386032,1835,0.230625,0.125,0.25,0,103,0,0,-0.00024382832634728402,1507.21484375,1.127218246459961,-0.0003091326798312366,0.0,0.4262274503707886
2772,1,1.4164589473002707,1835,0.369375,0.25,0.25,0,359,0,0,-0.0009825191227719188,329.6731262207031,1.3264827728271484,0.0004591637698467821,0.0,0.35405778884887695
2773,1,3.5589778199473585,1835,0.453125,0.25,0.375,0,615,0,0,-0.0002626770583447069,1619.4356689453125,1.3009750843048096,-0.00015807602903805673,0.0,0.3597889840602875
2774,1,4.931226389318908,1835,0.456875,0.25,0.375,0,871,0,0,0.0001934055908350274,4002.515625,1.228135108947754,-0.0004056200268678367,0.0,0.40721678733825684
2775,1,1.7807757794653298,1836,0.24875,0.125,0.125,0,127,0,0,-0.0020412977319210768,981.8021240234375,1.2574341297149658,-0.00027038174448534846,0.0,0.36918896436691284
2776,1,2.230669454758754,1836,0.455,0.125,0.5,0,383,0,0,-0.0008047814480960369,950.2005615234375,1.0708036422729492,0.0008249116945080459,0.0,0.47172921895980835
2777,1,3.139357950366218,1837,0.10625,0.0,0.0,0,44,0,0,-0.00034060300095006824,2115.603515625,1.2955961227416992,0.0005254298448562622,0.0,0.36274397373199463
2778,1,0.5818549399591575,1839,0.143125,0.0,0.125,0,66,0,0,-8.887363219400868e-05,1393.405517578125,0.8478824496269226,-0.00032059368095360696,0.0,0.5805808305740356
2779,1,2.005368455453663,1839,0.38875,0.0,0.125,0,322,0,0,-0.0006357695674523711,401.5152587890625,1.2742584943771362,0.00014773260045330971,0.0,0.3582165241241455
2780,1,5.157406982056273,1839,0.5,0.0,0.5,0,578,0,0,-0.0004525346157606691,4311.7412109375,1.2220745086669922,4.454717782209627e-05,0.0,0.41281425952911377
2781,1,5.419934436038602,1839,0.520625,0.0,0.5,0,834,0,0,-0.00047762817121110857,4677.0634765625,1.214921236038208,0.0001076539047062397,0.0,0.4136180281639099
2782,1,4.347204569916357,1841,0.084375,0.0,0.125,0,51,0,0,5.8834441006183624e-05,3130.296875,1.2130755186080933,9.103383490582928e-05,0.0,0.40626510977745056
2783,1,2.2929396229083068,1842,0.138125,0.125,0.25,0,65,0,0,-0.00023833228624425828,932.2491455078125,1.2487343549728394,0.00015342670667450875,0.0,0.37170979380607605
2784,1,2.1614018626787583,1842,0.321875,0.375,0.375,0,321,0,0,-6.177648901939392e-05,579.8345947265625,1.2165391445159912,-1.806207001209259e-05,0.0,0.40114057064056396
2785,1,4.803338384110248,1842,0.595625,0.375,0.875,0,577,0,0,-0.0002989601343870163,3744.08544921875,1.3324253559112549,7.075149187585339e-05,0.0,0.3585384786128998
2786,1,4.775544242931119,1842,0.771875,0.375,0.875,0,833,0,0,-0.00046677206410095096,3442.84765625,1.308529257774353,-8.912850171327591e-05,0.0,0.37392184138298035
2787,1,3.283868546587996,1843,0.11125,0.0,0.0,0,89,0,0,-0.00016358401626348495,2190.133544921875,1.2234845161437988,-8.542323485016823e-05,0.0,0.39388102293014526
2788,1,3.362336178062833,1844,0.2525,0.0,0.375,0,211,0,0,-0.00010973712051054463,2359.57177734375,1.13818359375,0.00012826966121792793,0.0,0.4450223445892334
2789,1,5.839156517729862,1844,0.38125,0.0,0.375,0,467,0,0,-1.619321665202733e-05,5524.0458984375,1.1928603649139404,3.005719554494135e-05,0.0,0.4390639066696167
2790,1,5.7084274348621875,1844,0.511875,0.0,0.625,0,723,0,0,-0.00019552558660507202,5300.490234375,1.1785808801651,3.058478978346102e-05,0.0,0.4334692656993866
2791,1,5.725380596133618,1844,0.51875,0.0,0.625,0,979,0,0,-0.000148894265294075,5307.2119140625,1.1822856664657593,-8.140473801176995e-05,0.0,0.43887466192245483
2792,1,3.743335766786913,1845,0.231875,0.0,0.375,0,235,0,0,-0.00016739219427108765,1481.97216796875,1.2175250053405762,0.00019536586478352547,0.0,0.3951962888240814
2793,1,5.355463126886207,1845,0.31125,0.0,0.75,0,491,0,0,-0.0002022925764322281,4436.236328125,1.1925609111785889,-0.00013100790965836495,0.0,0.4391167163848877
2794,1,5.294995676915278,1845,0.48,0.0,0.875,0,747,0,0,-0.00012883482850156724,4558.037109375,1.113586187362671,8.645312846056186e-06,0.0,0.46916502714157104
2795,1,6.246688336017542,1846,0.00875,0.0,0.0,0,3,0,0,-4.610357427736744e-05,6229.6142578125,1.1063694953918457,-0.00010166550055146217,0.0,0.48213255405426025
2796,1,1.5428422396071255,1847,0.225625,0.0,0.0,0,244,0,0,-0.003978739958256483,730.721923828125,1.1984827518463135,0.000519724446348846,0.0,0.4076279103755951
2797,1,3.7847746657298558,1847,0.38375,0.125,0.375,0,500,0,0,0.004409365355968475,2163.8193359375,1.230821132659912,0.000596074853092432,0.0,0.40471577644348145
2798,1,2.4753008326515555,1847,0.419375,0.125,0.375,0,756,0,0,0.001778270467184484,948.6484375,1.3047735691070557,-0.000686982530169189,0.0,0.37506741285324097
2799,1,1.4182432450397755,1848,0.028125,0.125,0.125,0,12,0,0,-0.00013943947851657867,635.679443359375,1.2401070594787598,-0.0002981104771606624,0.0,0.3992096185684204
2800,1,1.0514379352289325,1848,0.35875,0.375,0.625,0,268,0,0,-0.00043634389294311404,171.82998657226562,1.1308650970458984,-0.00030346307903528214,0.0,0.4253901243209839
2801,1,0.7296151605914929,1848,0.515,0.625,0.75,0,524,0,0,6.650978320976719e-05,239.21017456054688,1.2751473188400269,-0.00010925112292170525,0.0,0.34833526611328125
2802,1,1.169758297939552,1848,0.543125,0.625,0.75,0,780,0,0,-0.01113270502537489,180.06768798828125,1.1647670269012451,0.020069805905222893,0.1393229216337204,0.40195685625076294
2803,1,-0.06994231058342848,1849,0.085,0.0,0.0,0,36,0,0,0.0045140450820326805,1651.566162109375,1.0112608671188354,-0.0017783979419618845,0.0625,0.5168840885162354
2804,1,1.0162646914104698,1850,0.38875,0.0,0.125,0,200,0,0,-0.0020706765353679657,731.3985595703125,0.7925304174423218,-0.0014018783112987876,0.006510416977107525,0.6130611300468445
2805,1,0.08857962450929335,1850,0.534375,0.0,0.375,0,456,0,0,0.0012270507868379354,434.49951171875,1.3420658111572266,-0.0007116667693480849,0.0,0.3288920521736145
2806,1,2.7111830414723954,1850,0.544375,0.25,0.375,0,712,0,0,-0.0011042398400604725,1682.529296875,1.3437055349349976,0.0007593130576424301,0.0,0.35464560985565186
2807,1,0.5809003307379044,1850,0.68375,0.25,0.75,0,968,0,0,0.00017519979155622423,380.59307861328125,1.3534934520721436,0.0004017312894575298,0.0,0.34399113059043884
2808,1,1.0040657083081896,1852,0.018125,0.0,0.0,0,7,0,0,0.0004716484691016376,1072.633056640625,1.1215821504592896,2.595906607893994e-06,0.0,0.43980368971824646
2809,1,1.0107904504226752,1853,0.19,0.0,0.5,0,90,0,0,-0.00019688501197379082,1322.89599609375,1.119003176689148,-9.136445441981778e-05,0.0,0.44825804233551025
2810,1,0.3154077129729558,1854,0.136875,0.0,0.0,0,58,0,0,0.0002441347314743325,1644.430908203125,1.2944421768188477,0.0005439181695692241,0.0,0.3556569516658783
2811,1,-0.40007083210730343,1854,0.47375,0.0,0.75,0,314,0,0,-0.0003913839755114168,696.085693359375,1.2997958660125732,0.00032364128855988383,0.0,0.3650113046169281
2812,1,-0.6935139025445096,1854,0.624375,0.0,0.75,0,570,0,0,-0.00035757076693698764,915.7337646484375,1.2099881172180176,7.672856736462563e-05,0.0,0.40868112444877625
2813,1,-0.9279952630604384,1854,0.645625,0.0,0.75,0,826,0,0,-0.0006391635979525745,1158.983642578125,1.1461181640625,0.0001199039033963345,0.0,0.4564755856990814
2814,1,-0.560148236645091,1855,0.081875,0.0,0.0,0,82,0,0,-0.0003081879985984415,1582.155517578125,0.9619764089584351,-9.68477688729763e-05,0.0,0.5521472692489624
2815,1,0.07459313077561092,1855,0.405,0.125,0.375,0,338,0,0,-0.00016139354556798935,591.829345703125,1.160975456237793,-0.00022758310660719872,0.0,0.42610403895378113
2816,1,-0.6996770022524288,1855,0.565,0.125,0.75,0,594,0,0,-0.00013031251728534698,925.3560791015625,1.1745879650115967,-9.30141395656392e-05,0.0,0.4326445460319519
2817,1,-1.0453076482954202,1855,0.61125,0.125,0.75,0,850,0,0,-6.493180990219116e-05,1311.786376953125,1.1391754150390625,0.0001382739283144474,0.0,0.4668407440185547
2818,1,-0.2932065473505645,1856,0.1325,0.0,0.125,0,106,0,0,-0.00022501747298520058,1671.8917236328125,1.1425957679748535,-9.280582889914513e-05,0.0,0.43768617510795593
2819,1,-0.5757160978246247,1856,0.33125,0.0,0.375,0,362,0,0,-6.804925942560658e-05,779.04248046875,1.2185125350952148,-0.00018837396055459976,0.0,0.3942791819572449
2820,1,-0.7553434519504663,1856,0.4375,0.0,0.625,0,618,0,0,-0.00030625052750110626,980.3292846679688,1.1982946395874023,0.0002231532707810402,0.0,0.42797785997390747
2821,1,-0.8506506035664643,1856,0.451875,0.0,0.625,0,874,0,0,-0.00034808553755283356,1042.9547119140625,1.1827988624572754,-6.845127791166306e-05,0.0,0.4285365045070648
2822,1,0.5268031655577943,1857,0.3275,0.0,0.375,0,130,0,0,9.910824701364618e-06,1213.3837890625,0.9768473505973816,-0.00021187899983488023,0.0,0.5192603468894958
2823,1,-0.1520623773576517,1857,0.530625,0.125,0.875,0,386,0,0,-6.893090903759003e-05,503.2096862792969,1.4189841747283936,4.262671427568421e-05,0.0,0.295881062746048
2824,1,-0.4801977943843667,1857,0.705,0.125,1.0,0,642,0,0,-0.00016440823674201965,725.172607421875,1.3222215175628662,-4.160512980888598e-05,0.0,0.3675902783870697
2825,1,-0.6115936818969203,1857,0.75125,0.125,1.0,0,898,0,0,-0.0001635554654058069,874.5504150390625,1.2631919384002686,0.0001268832420464605,0.0,0.40027984976768494
2826,1,0.40653927077073604,1860,0.169375,0.0,0.0,0,75,0,0,-0.00012914463877677917,2479.39453125,1.154355525970459,3.621944779297337e-05,0.0,0.4273754954338074
2827,1,0.6316329105375189,1860,0.49375,0.25,0.625,0,331,0,0,-0.00027988170040771365,345.0948486328125,1.1195862293243408,2.110532250299002e-06,0.0,0.43792521953582764
2828,1,-0.7058323045457655,1860,0.595,0.25,0.75,0,587,0,0,-0.00013915947056375444,922.0877685546875,1.1720854043960571,-8.033278572838753e-05,0.0,0.43182796239852905
2829,1,-0.9913142782024806,1860,0.653125,0.25,0.75,0,843,0,0,2.2952755898586474e-05,1202.744384765625,1.1290597915649414,-3.088716039201245e-05,0.0,0.47113072872161865
2830,1,-0.010781750563182868,1861,0.21625,0.0,0.0,0,99,0,0,-4.381686449050903e-05,1467.6170654296875,1.0939481258392334,3.324340650578961e-05,0.0,0.4658471345901489
2831,1,-0.5653247060545254,1861,0.4125,0.0,0.25,0,355,0,0,-0.00032819993793964386,779.3743896484375,1.2986242771148682,6.645297162322095e-06,0.0,0.3709441125392914
2832,1,-0.5205594992512488,1861,0.681875,0.0,0.625,0,611,0,0,-0.0003041258896701038,753.8037109375,1.2493277788162231,-0.00020699328160844743,0.0,0.38996410369873047
2833,1,-0.7404606547825097,1861,0.743125,0.0,0.75,0,867,0,0,-0.00031713087810203433,931.7255859375,1.207302212715149,-0.00026476275525055826,0.0,0.40265029668807983
2834,1,0.3693023728865228,1863,0.22625,0.125,0.375,0,102,0,0,-0.00010943909728666767,1975.56005859375,1.1551616191864014,-2.4293394744745456e-05,0.0,0.42360126972198486
2835,1,-0.488657662706828,1863,0.453125,0.125,0.375,0,358,0,0,-0.00022743208683095872,727.3631591796875,1.2858741283416748,0.0001738869323162362,0.0,0.3818655014038086
2836,1,-0.6486055921250227,1863,0.584375,0.125,0.5,0,614,0,0,-0.00010879772889893502,831.4046630859375,1.2974047660827637,-0.00022073742002248764,0.0,0.36986979842185974
2837,1,-0.8018369422425167,1863,0.626875,0.125,0.625,0,870,0,0,-0.00040673775947652757,964.9720458984375,1.2374672889709473,-5.778049671789631e-05,0.0,0.4039832055568695
2838,1,-0.2983354148163926,1865,0.069375,0.0,0.0,0,70,0,0,-0.00022960020578466356,2101.75,1.0254740715026855,0.00012339497334323823,0.0,0.49378952383995056
2839,1,0.7580658257757023,1865,0.41375,0.0,0.125,0,326,0,0,-0.0003569023683667183,161.47592163085938,0.8243786096572876,-0.00018228543922305107,0.0,0.5780164003372192
2840,1,-0.13587744654432754,1865,0.703125,0.0,0.5,0,582,0,0,-0.0005917406524531543,463.9798889160156,1.390192985534668,1.2868395060650073e-05,0.0,0.32176730036735535
2841,1,-0.3292075773460965,1865,0.788125,0.0,0.625,0,838,0,0,3.4020595194306225e-05,640.2057495117188,1.3635873794555664,-4.410231485962868e-05,0.0,0.3278968036174774
2842,1,0.630632732216327,1866,0.23875,0.0,0.375,0,94,0,0,-6.43258317722939e-05,939.798828125,1.2619622945785522,5.578777563641779e-05,0.0,0.3817227780818939
2843,1,0.07888066939995042,1866,0.365625,0.0,0.625,0,350,0,0,-0.00016860850155353546,495.381591796875,1.3414695262908936,-0.0001569969317642972,0.0,0.34281453490257263
2844,1,-0.6464422015997116,1866,0.5275,0.0,0.625,0,606,0,0,-0.00013181506074033678,822.1837768554688,1.2897324562072754,5.016646900912747e-05,0.0,0.37651848793029785
2845,1,-0.7863875959301367,1866,0.61625,0.0,0.75,0,862,0,0,-0.0001151381729869172,941.12255859375,1.2495601177215576,6.87482170178555e-05,0.0,0.4006061255931854
2846,1,0.0601108874716374,1867,0.2525,0.0,0.0,0,118,0,0,-7.084788376232609e-05,1169.2850341796875,0.9977774620056152,7.380638271570206e-05,0.0,0.5235456228256226
2847,1,0.29750094765404356,1867,0.454375,0.25,0.125,0,374,0,0,-0.0002531840873416513,308.71771240234375,1.3930219411849976,-3.258216747781262e-05,0.0,0.3152911067008972
2848,1,-0.4402744345479732,1867,0.518125,0.25,0.25,0,630,0,0,-0.00029434016323648393,698.8967895507812,1.3658264875411987,-0.00017576075333636254,0.0,0.3425925672054291
2849,1,-0.5328119959085598,1867,0.72125,0.25,0.75,0,886,0,0,-0.00020793205476365983,743.917724609375,1.3046433925628662,8.879866072675213e-05,0.0,0.36906132102012634
2850,1,-0.18990342345205136,1868,0.18,0.0,0.0,0,142,0,0,-7.6101474405732e-05,1094.591064453125,0.9160616397857666,9.262670937459916e-05,0.0,0.5707034468650818
2851,1,0.3410871925225365,1869,0.350625,0.125,0.25,0,249,0,0,-0.00012431915092747658,699.7534790039062,1.2622904777526855,-0.00010119704529643059,0.0,0.37468886375427246
2852,1,-0.5818545426136552,1869,0.485,0.125,0.5,0,505,0,0,-0.0004292881931178272,754.9251098632812,1.3220911026000977,-1.925571632455103e-05,0.0,0.35580724477767944
2853,1,-0.7406173358158412,1869,0.54875,0.125,0.5,0,761,0,0,-0.001106061739847064,895.160888671875,1.2992023229599,-0.00014140628627501428,0.0,0.3682539463043213
2854,1,0.10788032105847378,1870,0.286875,0.0,0.75,0,158,0,0,-0.0008012149482965469,1348.3988037109375,1.288956880569458,-0.0002296095190104097,0.0,0.36337876319885254
2855,1,0.27500796067943156,1871,0.2775,0.0,0.25,0,209,0,0,-0.0005085347220301628,967.3919677734375,1.023059606552124,0.00016799382865428925,0.0,0.4881558418273926
2856,1,-0.09677176766483342,1871,0.535,0.0,0.375,0,465,0,0,-0.0007467946852557361,431.2467041015625,1.344153881072998,-0.00010332962119719014,0.0,0.338942289352417
2857,1,-0.5320873282735192,1871,0.716875,0.0,0.5,0,721,0,0,-0.0006855105748400092,711.9036254882812,1.3408515453338623,-0.00019660158432088792,0.0,0.3416922986507416
2858,1,0.5736075076601992,1871,0.768125,0.0,0.5,0,977,0,0,-0.0006785178557038307,415.8606262207031,1.2955620288848877,0.0002319732157047838,0.0,0.3797616958618164
2859,1,0.7155601848935476,1872,0.400625,0.0,0.25,0,233,0,0,-0.0006621505017392337,755.574462890625,1.108016014099121,0.0003126693773083389,0.0,0.4542393088340759
2860,1,0.4431110774676199,1873,0.230625,0.375,0.25,0,96,0,0,-0.00019279494881629944,1215.60400390625,1.3676804304122925,0.00016184593550860882,0.0,0.3319198489189148
2861,1,1.6239465799808386,1873,0.5475,0.375,0.5,0,352,0,0,-0.0001621476112632081,197.87637329101562,1.2166999578475952,-2.2003583580954e-05,0.0,0.39257141947746277
2862,1,0.5135320530607714,1873,0.719375,0.375,0.625,0,608,0,0,-0.0003282977268099785,404.14532470703125,1.352384328842163,0.00012874184176325798,0.0,0.3445797860622406
2863,1,0.7956307142499099,1873,0.72375,0.375,0.625,0,864,0,0,-0.001954713836312294,268.9292297363281,1.2760437726974487,4.601401087711565e-05,0.0,0.37701135873794556
2864,1,0.8304618644706352,1874,0.300625,0.0,0.5,0,120,0,0,-7.98379405750893e-05,524.6922607421875,1.2007009983062744,-0.00010896924504777417,0.0,0.41436338424682617
2865,1,0.1542467189465242,1874,0.50875,0.25,0.75,0,376,0,0,-0.00048325397074222565,368.42620849609375,1.4005239009857178,-0.00028042690246365964,0.0,0.3216373324394226
2866,1,0.060104308593508904,1874,0.6975,0.25,1.0,0,632,0,0,-0.0005353143205866218,362.4871826171875,1.4176855087280273,4.305209586163983e-05,0.0,0.3039618730545044
2867,1,0.359302008882878,1874,0.75625,0.25,1.0,0,888,0,0,-0.00028371531516313553,273.60614013671875,1.3716481924057007,-0.00022956030443310738,0.0,0.33391499519348145
2868,1,0.1215693844933412,1876,0.1225,0.0,0.125,0,47,0,0,-0.00011106704914709553,1417.8153076171875,0.9315212965011597,0.0001128464937210083,0.0,0.5550022721290588
2869,1,0.2780288636901105,1876,0.366875,0.0,0.375,0,303,0,0,-0.0005296397721394897,267.96124267578125,1.291224718093872,0.00017403578385710716,0.0,0.3615458905696869
2870,1,0.41065332101607055,1876,0.60875,0.375,0.5,0,559,0,0,-0.00033928779885172844,299.48052978515625,1.4536933898925781,-0.000335844699293375,0.0,0.2776769995689392
2871,1,0.8515659756861478,1876,0.633125,0.375,0.5,0,815,0,0,-0.0015901017468422651,113.0529556274414,1.444179892539978,0.00030112918466329575,0.0,0.2958117723464966
2872,1,1.9872258948921626,1877,0.150625,0.0,0.25,0,71,0,0,-0.0015256492188200355,562.06982421875,1.3336827754974365,-0.0006122174672782421,0.0,0.34238672256469727
2873,1,0.9745317075830826,1878,0.371875,0.125,0.375,0,216,0,0,-0.0002531266654841602,1073.1134033203125,1.3649400472640991,4.19613606936764e-05,0.0,0.3105557858943939
2874,1,-0.11612115085881669,1878,0.581875,0.25,0.5,0,472,0,0,-0.0004647939349524677,451.9528503417969,1.4232906103134155,0.0003534723073244095,0.0,0.3082291781902313
2875,1,-0.5932813087383693,1878,0.621875,0.25,0.75,0,728,0,0,-0.0007247987086884677,723.9239501953125,1.4210920333862305,0.00015460452414117754,0.0,0.32036542892456055
2876,1,-0.1780007434936124,1878,0.639375,0.25,0.75,0,984,0,0,-0.00040853582322597504,609.9100952148438,1.3450582027435303,-0.00017151841893792152,0.0,0.3559519648551941
2877,1,0.8095248411791545,1881,0.14625,0.0,0.0,0,96,0,0,-7.275740790646523e-05,1603.3232421875,0.8736410140991211,-0.00016920315101742744,0.0,0.570469856262207
2878,1,0.4735448477076716,1881,0.418125,0.0,0.0,0,352,0,0,-0.0006754029309377074,116.0932388305664,1.0203969478607178,-0.00029022572562098503,0.0,0.4481109082698822
2879,1,0.35158176096592797,1883,0.109375,0.0,0.0,0,67,0,0,4.838282984565012e-05,1356.6337890625,1.0089285373687744,-0.00018227644613943994,0.0,0.48931729793548584
2880,1,0.29618878541805316,1883,0.296875,0.0,0.0,0,323,0,0,-0.00037757246172986925,172.86212158203125,0.7062875628471375,0.00024437857791781425,0.0,0.6345317363739014
2881,1,1.2513937321955382,1883,0.47125,0.125,0.125,0,579,0,0,-0.0012441619765013456,255.2252655029297,1.2156418561935425,0.0005222840118221939,0.0,0.39316004514694214
2882,1,3.2697075106207194,1883,0.713125,0.125,0.25,0,835,0,0,-0.00016678436077199876,1295.515869140625,1.5240001678466797,0.00021721159282606095,0.0,0.2686322033405304
2883,1,2.6063790822990995,1885,0.15,0.0,0.25,0,62,0,0,0.00014595966786146164,1432.23291015625,1.2305585145950317,-0.00016059369954746217,0.0,0.39108413457870483
2884,1,0.32450702780170104,1885,0.38,0.25,0.5,0,318,0,0,-0.000493008061312139,223.87509155273438,1.47921884059906,-8.495012298226357e-05,0.0,0.2705877423286438
2885,1,0.5257470942387954,1885,0.47375,0.375,0.5,0,574,0,0,-0.000939964025747031,165.75653076171875,1.4346425533294678,-0.0002854573540389538,0.0,0.2977977991104126
2886,1,1.7436922455162858,1885,0.489375,0.375,0.5,0,830,0,0,-0.0003572506830096245,259.858642578125,1.4460904598236084,-0.0006266047130338848,0.0,0.29475337266921997
2887,1,1.2757819337457477,1886,0.176875,0.0,0.0,0,86,0,0,-0.0016059621702879667,504.13189697265625,1.2514479160308838,0.0010133595205843449,0.0,0.3839186429977417
2888,1,0.5135099613798957,1886,0.378125,0.0,0.25,0,342,0,0,0.00014876574277877808,162.85569763183594,1.4705655574798584,0.0009745351271703839,0.0,0.2794666886329651
2889,1,1.3905533564757206,1886,0.555625,0.0,0.375,0,598,0,0,-0.003059729002416134,175.16098022460938,1.4733753204345703,-0.0005490709445439279,0.0,0.2835272550582886
2890,1,1.3979172506005852,1886,0.576875,0.0,0.375,0,854,0,0,-0.003565127495676279,112.9095458984375,1.4268726110458374,-0.0011101767886430025,0.0,0.3145410418510437
2891,1,0.5482678037369624,1888,0.016875,0.0,0.0,0,7,0,0,-0.0006381912971846759,1327.89453125,1.046630859375,0.0006292886100709438,0.0,0.48230016231536865
2892,1,1.3472692113355151,1889,0.336875,0.25,0.375,0,252,0,0,-0.001607706188224256,817.07177734375,1.2595009803771973,5.135887113283388e-05,0.0,0.3771381378173828
2893,1,1.1099928103139973,1889,0.62125,0.375,0.75,0,508,0,0,-0.0023265124764293432,215.54319763183594,1.4057214260101318,-0.0006962957559153438,0.0,0.31217798590660095
2894,1,1.7370834057121556,1889,0.714375,0.375,0.75,0,764,0,0,-3.4821219742298126e-05,412.01141357421875,1.3747495412826538,-0.00027771046734414995,0.0,0.3283206522464752
2895,1,4.144146316462866,1890,0.028125,0.0,0.125,0,20,0,0,0.0006988421082496643,2015.4727783203125,1.3134944438934326,7.772616663714871e-05,0.0,0.362387478351593
2896,1,1.9684121423779288,1890,0.314375,0.125,0.25,0,276,0,0,-0.00179167534224689,369.131103515625,1.3757365942001343,-0.00020858272910118103,0.0,0.32213008403778076
2897,1,2.8998302246664025,1890,0.38375,0.125,0.25,0,532,0,0,-0.00046281953109428287,1007.8153076171875,1.3794994354248047,0.00013379738084040582,0.0,0.3038548231124878
2898,1,3.834062754882325,1890,0.520625,0.125,0.625,0,788,0,0,-0.001106729730963707,2047.4324951171875,1.3280730247497559,0.00032446844852529466,0.0,0.36054837703704834
2899,1,3.7934738274561823,1891,0.10125,0.0,0.125,0,44,0,0,-0.000712671026121825,2397.1044921875,1.244014859199524,8.355376485269517e-05,0.0,0.39761313796043396
2900,1,2.4675749280695527,1891,0.26875,0.125,0.375,0,300,0,0,-0.0004011448472738266,708.963623046875,1.4126732349395752,0.00022162217646837234,0.0,0.29775017499923706
2901,1,4.098276426489292,1891,0.4,0.125,0.5,0,556,0,0,-7.78399407863617e-05,2366.80908203125,1.3710498809814453,-8.240761235356331e-05,0.0,0.33249741792678833
2902,1,2.75429598070059,1893,0.210625,0.0,0.375,0,92,0,0,-0.00012504465121310204,1523.0938720703125,1.210385799407959,-5.278332901070826e-05,0.0,0.3924785554409027
2903,1,2.039395697614964,1893,0.424375,0.375,0.75,0,348,0,0,-0.00033690844429656863,461.62469482421875,1.3720030784606934,0.00010854890570044518,0.0,0.3288056254386902
2904,1,3.124679760023355,1893,0.576875,0.375,1.0,0,604,0,0,-0.00023026144481264055,1545.372802734375,1.4218504428863525,5.1958952099084854e-05,0.0,0.31031522154808044
2905,1,2.6149079329916276,1893,0.6,0.375,1.0,0,860,0,0,-0.0005037793889641762,883.2426147460938,1.3767684698104858,-7.459645712515339e-05,0.0,0.3376240134239197
2906,1,1.1686235819615831,1896,0.05,0.0,0.0,0,22,0,0,-0.00018844506121240556,1585.557373046875,1.2158539295196533,0.0002544284798204899,0.0,0.38568180799484253
2907,1,1.0671897356733098,1896,0.49625,0.125,0.375,0,278,0,0,-0.009387020021677017,235.89158630371094,0.9725664854049683,0.027432946488261223,0.3619791865348816,0.47554075717926025
2908,1,2.0686728246892017,1896,0.685,0.375,0.625,0,534,0,0,0.006899162195622921,694.255859375,1.3917393684387207,0.012337170541286469,0.2395833432674408,0.3101538419723511
2909,1,2.8594829358589777,1896,0.7725,0.375,0.625,0,790,0,0,-0.003786911955103278,877.598388671875,1.4547507762908936,0.007405026815831661,0.00390625,0.2877539396286011
2910,1,2.5927630504265835,1897,0.090625,0.0,0.0,0,46,0,0,-0.0010435119038447738,1065.595703125,1.262190818786621,-0.0012808141764253378,0.010416666977107525,0.3946828246116638
2911,1,0.6753477451857179,1897,0.394375,0.0,0.25,0,302,0,0,0.001264682738110423,244.90989685058594,1.2608308792114258,-0.00023988689645193517,0.0,0.38105452060699463
2912,1,-0.368793723600902,1897,0.46875,0.0,0.25,0,558,0,0,0.0001360829919576645,574.7828979492188,1.478703260421753,-0.0012709598522633314,0.0,0.2804224491119385
2913,1,-0.5729647649422986,1897,0.4825,0.0,0.25,0,814,0,0,0.00014704963541589677,735.232666015625,1.42130446434021,-0.0005550460773520172,0.0,0.30883997678756714
2914,1,0.3150089181870044,1899,0.11625,0.0,0.125,0,52,0,0,2.8534792363643646e-05,1764.34033203125,1.1109068393707275,0.00031928718090057373,0.0,0.4508628845214844
2915,1,0.5161261263929191,1899,0.3275,0.125,0.125,0,308,0,0,-0.0003728419542312622,206.07972717285156,1.2081694602966309,9.71661283983849e-05,0.0,0.39999711513519287
2916,1,0.00972863235801924,1899,0.391875,0.125,0.25,0,564,0,0,-0.00022824667394161224,427.12493896484375,1.4279006719589233,-0.0001082255839719437,0.0,0.30045604705810547
2917,1,-0.5400732414054801,1899,0.49125,0.125,0.5,0,820,0,0,-0.0005442469264380634,700.5853271484375,1.4053287506103516,0.00036665581865236163,0.0,0.32062414288520813
2918,1,0.45178486660370254,1900,0.191875,0.0,0.25,0,76,0,0,0.00016337695706170052,914.3958740234375,1.1617884635925293,-0.00011896125215571374,0.0,0.427304744720459
2919,1,0.29197760609167744,1900,0.425,0.125,0.5,0,332,0,0,-0.00010662060230970383,251.4031219482422,1.4319947957992554,2.716489507292863e-05,0.0,0.2842375636100769
2920,1,-0.42131140789388155,1900,0.455,0.125,0.5,0,588,0,0,-0.0005223943735472858,598.9827880859375,1.4745335578918457,0.000326427718391642,0.0,0.2750648856163025
2921,1,-0.12573207616765103,1900,0.53375,0.125,0.75,0,844,0,0,-4.754433030029759e-05,543.9458618164062,1.3966387510299683,0.00038877036422491074,0.0,0.33770594000816345
2922,1,0.6932392715280002,1901,0.20625,0.125,0.375,0,100,0,0,-0.0003163479268550873,1086.0501708984375,1.2637664079666138,0.00016693616635166109,0.0,0.37324270606040955
2923,1,-0.13732636228814954,1901,0.441875,0.125,0.75,0,356,0,0,-0.00027595338178798556,395.24822998046875,1.4295910596847534,-5.4604995966656134e-05,0.0,0.2925766110420227
2924,1,-0.16612528734913212,1901,0.48875,0.375,0.75,0,612,0,0,-0.00047627155436202884,446.5586242675781,1.3881796598434448,0.00028244376881048083,0.0,0.31757068634033203
2925,1,-0.5909615427117387,1901,0.55875,0.375,0.75,0,868,0,0,-0.00046472190297208726,730.6783447265625,1.4031150341033936,0.00021128891967236996,0.0,0.3193829655647278
2926,1,0.5198125742317643,1903,0.215625,0.0,0.125,0,89,0,0,-4.1065119148697704e-05,1115.0042724609375,0.9947677850723267,-7.24907367839478e-05,0.0,0.5232991576194763
2927,1,0.8559362864647255,1903,0.46375,0.125,0.25,0,345,0,0,-0.0004877022875007242,183.21705627441406,1.23197340965271,3.329664468765259e-05,0.0,0.38186317682266235
2928,1,1.8622749747210037,1903,0.5075,0.25,0.5,0,601,0,0,-0.00024049062631092966,841.130859375,1.414309024810791,0.0005749060655944049,0.0,0.31677258014678955
2929,1,0.33583959594761836,1903,0.571875,0.25,0.5,0,857,0,0,-0.0007783788023516536,416.5262756347656,1.4262676239013672,0.0004794636624865234,0.0,0.3147162199020386
2930,1,1.253260586912802,1905,0.189375,0.0,0.125,0,80,0,0,-0.001079317182302475,760.7221069335938,0.932715117931366,0.0001987599243875593,0.0,0.5511078834533691
2931,1,1.1174892975832336,1905,0.475625,0.125,0.5,0,336,0,0,-0.009672301821410656,205.72686767578125,1.1104438304901123,0.003326193895190954,0.0,0.4428057372570038
2932,1,1.289455932621422,1905,0.475625,0.375,0.5,0,592,0,0,-0.006091034039855003,243.5425262451172,1.5462284088134766,0.004592968616634607,0.03125,0.2455175817012787
2933,1,3.444267484930606,1905,0.486875,0.375,0.5,0,848,0,0,0.0033202716149389744,1464.37890625,1.5324749946594238,0.0004991331370547414,0.0,0.26487189531326294
2934,1,1.3869830736293807,1906,0.214375,0.0,0.125,0,104,0,0,0.00028772250516340137,533.51220703125,1.212369441986084,-0.0008713604765944183,0.0,0.4031393527984619
2935,1,0.28118410092884005,1906,0.278125,0.125,0.125,0,360,0,0,-4.845919829676859e-05,245.30010986328125,1.2985997200012207,-0.0019140213262289762,0.0,0.35401880741119385
2936,1,0.9703723568454734,1910,0.10875,0.0,0.0,0,44,0,0,5.7047855079872534e-05,1991.6453857421875,0.8427060842514038,0.0004166901926510036,0.0,0.5846230983734131
2937,1,1.848222421540413,1910,0.450625,0.25,0.375,0,300,0,0,0.0002952640352305025,317.40496826171875,0.9642080068588257,-0.0001249002234544605,0.0,0.535298764705658
2938,1,2.5383485956735967,1910,0.529375,0.375,0.5,0,556,0,0,-0.0004761895979754627,841.0462646484375,1.4942197799682617,0.0001334830594714731,0.0,0.2734444737434387
2939,1,3.304626468254355,1910,0.578125,0.375,0.5,0,812,0,0,-0.000555776699911803,1344.0111083984375,1.4678882360458374,-0.00014440444647334516,0.0,0.2995630204677582
2940,1,2.137639451285395,1911,0.16625,0.0,0.0,0,68,0,0,-0.0003988386015407741,666.7340087890625,1.1421982049942017,-7.55296423449181e-05,0.0,0.45458483695983887
2941,1,1.7005899961586692,1913,0.231875,0.25,0.375,0,161,0,0,-0.0004358949954621494,883.272216796875,0.7504681348800659,-0.00030564036569558084,0.0,0.6298537254333496
2942,1,3.067118984879926,1913,0.366875,0.375,0.75,0,417,0,0,-0.00019392682588659227,1198.7760009765625,1.4265239238739014,0.00037794638774357736,0.0,0.31513354182243347
2943,1,2.309818429450388,1915,0.044375,0.0,0.0,0,27,0,0,-0.0008468432351946831,2262.59130859375,1.2164424657821655,9.995698928833008e-05,0.0,0.41366443037986755
2944,1,1.5128885193807946,1916,0.15875,0.125,0.125,0,197,0,0,-0.0020802903454750776,725.1640625,1.0002864599227905,-0.00022667399025522172,0.0,0.5219756364822388
2945,1,2.435797578917118,1916,0.215625,0.125,0.25,0,453,0,0,-0.00036182504845783114,644.1936645507812,1.3908288478851318,0.0001959274522960186,0.0,0.311388224363327
2946,1,3.40479336977387,1917,0.096875,0.125,0.0,0,80,0,0,-0.0018341591348871589,2580.08837890625,1.2825558185577393,-0.0010764759499579668,0.0,0.3744630813598633
2947,1,2.7516551312146476,1917,0.158125,0.125,0.0,0,336,0,0,-0.0013167532160878181,936.24658203125,1.174912929534912,0.001173833617940545,0.0,0.41565486788749695
2948,1,4.715071729337069,1917,0.29375,0.125,0.5,0,592,0,0,-0.0015168029349297285,3415.40087890625,1.250581979751587,-0.00022603727120440453,0.0,0.39030808210372925
2949,1,5.374520918330745,1917,0.316875,0.125,0.5,0,848,0,0,-0.0016002997290343046,4744.986328125,1.1825236082077026,0.0004021921195089817,0.0,0.42851707339286804
2950,1,4.099192346584459,1918,0.19,0.125,0.375,0,104,0,0,-0.00023886561393737793,2697.43359375,1.0601420402526855,0.00015632668510079384,0.0,0.48114797472953796
2951,1,1.598681298430165,1918,0.269375,0.375,0.375,0,360,0,0,-0.0002621577004902065,329.710205078125,1.2680044174194336,9.817692614433327e-08,0.0,0.373613566160202
2952,1,3.9158276051311987,1919,0.111875,0.0,0.25,0,50,0,0,-0.00025463354540988803,2501.0068359375,1.2049728631973267,9.954100096365437e-05,0.0,0.410980224609375
2953,1,1.541916317313735,1919,0.30875,0.25,0.25,0,306,0,0,-0.0009326705476269126,128.2323760986328,1.0945167541503906,4.095522308489308e-05,0.0,0.4593230187892914
2954,1,4.871201183774247,1919,0.32875,0.25,0.25,0,562,0,0,-0.0017220129957422614,3634.511474609375,1.331615924835205,-7.219457529572537e-06,0.0,0.3635910749435425
2955,1,2.2151537284371443,1920,0.286875,0.0,0.5,0,154,0,0,6.438605487346649e-05,754.6983642578125,1.0285594463348389,9.601004421710968e-06,0.0,0.4731205403804779
2956,1,1.6795228447153931,1920,0.365625,0.5,0.5,0,410,0,0,-0.0004682810977101326,447.63983154296875,1.317321538925171,0.0001753862015902996,0.0,0.3415098786354065
2957,1,2.9086239490497974,1920,0.465625,0.5,0.625,0,666,0,0,-0.0007125406409613788,967.5899658203125,1.422607183456421,2.4553233743063174e-05,0.0,0.30896714329719543
2958,1,2.8340938984583772,1920,0.575,0.5,0.75,0,922,0,0,-0.000277182727586478,888.47607421875,1.3601086139678955,0.0003786507877521217,0.0,0.32711052894592285
2959,1,2.01737167925603,1923,0.184375,0.0,0.0,0,81,0,0,-0.0005023308913223445,2312.23828125,0.854702353477478,-0.0001416727900505066,0.0,0.5898175239562988
2960,1,3.21703751923269,1923,0.24375,0.0,0.0,0,337,0,0,-9.866680193226784e-05,1723.690673828125,1.2977445125579834,-0.00015701695519965142,0.0,0.35383230447769165
2961,1,4.169534600507177,1923,0.355625,0.0,0.0,0,593,0,0,-0.000564148067496717,2677.774169921875,1.3829145431518555,-8.938740938901901e-05,0.0,0.3304506242275238
2962,1,4.585975631669498,1923,0.540625,0.0,0.5,0,849,0,0,-0.0005351311410777271,3310.69140625,1.3068512678146362,3.558894150046399e-06,0.0,0.36525315046310425
2963,1,3.1806123327896785,1924,0.2375,0.0,0.0,0,105,0,0,-0.0005086701130494475,2342.310546875,0.9419325590133667,-0.00023478129878640175,0.0,0.5587341785430908
2964,1,0.5139558137889253,1926,0.213125,0.25,0.25,0,231,0,0,-0.0001583825796842575,1177.61572265625,1.1023955345153809,0.00015351813635788858,0.0,0.4441467225551605
2965,1,2.5923234547371976,1926,0.32875,0.25,0.25,0,487,0,0,-0.0003376984968781471,1084.270263671875,1.1163958311080933,4.974193871021271e-05,0.0,0.4242703914642334
2966,1,4.377828781958669,1927,0.014375,0.0,0.0,0,6,0,0,-0.0003822691214736551,3323.530029296875,1.217743992805481,-7.016336166998371e-05,0.0,0.4209062457084656
2967,1,0.023211860745504964,1927,0.191875,0.125,0.125,0,262,0,0,-0.00010521741205593571,559.4853515625,1.2001676559448242,-9.781743574421853e-05,0.0,0.40901026129722595
2968,1,1.4408811087287177,1928,0.401875,0.0,0.25,0,174,0,0,-0.0004490722785703838,804.8013916015625,0.7120751738548279,9.757016960065812e-05,0.0,0.6469802856445312
2969,1,1.614999385770716,1928,0.58375,0.375,0.625,0,430,0,0,-0.0005270354449748993,199.67947387695312,1.3782360553741455,-0.0004466981627047062,0.0,0.3129134178161621
2970,1,3.556512417315389,1928,0.716875,0.375,0.75,0,686,0,0,0.00030849874019622803,1894.491455078125,1.3256727457046509,0.00015727151185274124,0.0,0.37102556228637695
2971,1,3.083192141370091,1928,0.76375,0.375,0.75,0,942,0,0,-0.0004948365385644138,1199.142333984375,1.325200080871582,0.00030523663735948503,0.0,0.35077404975891113
2972,1,1.6358222403941909,1929,0.33125,0.0,0.25,0,198,0,0,-0.0040796296671032906,703.19970703125,0.8592719435691833,-0.00045431172475218773,0.0,0.5688915848731995
2973,1,3.308357768706628,1929,0.443125,0.25,0.375,0,454,0,0,0.00015846826136112213,1781.7880859375,1.332947850227356,-0.0017297969898208976,0.0,0.33252617716789246
2974,1,3.131599836578971,1930,0.21,0.0,0.125,0,219,0,0,-0.0008750613778829575,1457.798828125,1.2879366874694824,1.5756426364532672e-05,0.0,0.35615891218185425
2975,1,2.9238788554721395,1930,0.284375,0.0,0.125,0,475,0,0,0.0009555512806400657,1146.5611572265625,1.2694370746612549,-8.467212319374084e-05,0.0,0.3915329575538635
2976,1,3.147315511101624,1931,0.220625,0.0,0.375,0,110,0,0,-0.0009931860258802772,2057.317138671875,1.2078849077224731,-0.00016719847917556763,0.0,0.39753958582878113
2977,1,2.8331410425453214,1931,0.345,0.0,0.5,0,366,0,0,5.2751973271369934e-05,1204.3360595703125,1.2564852237701416,0.0005027013830840588,0.0,0.37377533316612244
2978,1,0.35317247593047796,1931,0.47875,0.0,0.875,0,622,0,0,-9.1768495622091e-05,417.7843017578125,1.237127423286438,6.999013567110524e-05,0.0,0.3951587677001953
2979,1,2.331712637533201,1931,0.65625,0.0,0.875,0,878,0,0,-0.00023483640688937157,1116.676513671875,1.1459530591964722,0.00015376214287243783,0.0,0.4464492201805115
2980,1,2.4525989807152655,1932,0.2175,0.125,0.375,0,136,0,0,-0.00037757866084575653,815.7698974609375,1.0518107414245605,5.1425304263830185e-05,0.0,0.4842779040336609
2981,1,3.402187584022613,1932,0.3475,0.125,0.5,0,392,0,0,-0.0003112349659204483,1794.31103515625,1.210442066192627,-0.00030094635440036654,0.0,0.4185025095939636
2982,1,3.087777207979343,1932,0.38,0.25,0.5,0,648,0,0,-0.00017239092267118394,1528.3336181640625,1.1787981986999512,0.00019114557653665543,0.0,0.4186732769012451
2983,1,2.3533131593067083,1932,0.500625,0.5,0.5,0,904,0,0,-9.442400187253952e-05,526.7979736328125,1.1407541036605835,-7.965260738274083e-05,0.0,0.44817548990249634
2984,1,1.5172813776243856,1933,0.25,0.125,0.5,0,160,0,0,-0.0008656879654154181,685.2020263671875,1.1334023475646973,2.239784225821495e-05,0.0,0.4437609314918518
2985,1,1.7778261720231967,1933,0.4175,0.5,0.5,0,416,0,0,-0.00023194108507595956,523.5101928710938,1.0480246543884277,-0.00034584588138386607,0.0,0.47073015570640564
2986,1,4.254232443833871,1933,0.47125,0.5,0.5,0,672,0,0,-0.0002540145069360733,3530.52294921875,1.1434829235076904,0.0004938507336191833,0.0,0.43793219327926636
2987,1,4.333545472076366,1933,0.559375,0.5,0.5,0,928,0,0,-0.00016457866877317429,3218.045166015625,1.088781714439392,5.641253665089607e-05,0.0,0.4917374849319458
2988,1,2.379388745691358,1934,0.321875,0.0,0.0,0,184,0,0,-0.00037632635212503374,929.7381591796875,0.9492833018302917,1.562448960612528e-05,0.0,0.5387442708015442
2989,1,2.9979060727500837,1934,0.46625,0.0,0.125,0,440,0,0,8.601509034633636e-05,1074.91064453125,1.1949670314788818,0.00024006298917811364,0.0,0.42224735021591187
2990,1,3.958503237365221,1934,0.508125,0.0,0.125,0,696,0,0,-1.4739732250745874e-05,3652.8681640625,1.1705567836761475,6.088738882681355e-05,0.0,0.4386847913265228
2991,1,3.3790271336838487,1934,0.5475,0.0,0.25,0,952,0,0,-0.00018095970153808594,1553.8782958984375,1.1432223320007324,0.0001866980455815792,0.0,0.4552718997001648
2992,1,2.147353705004207,1935,0.2925,0.375,0.625,0,208,0,0,-0.00016586172569077462,720.753173828125,1.198379397392273,5.496790254255757e-05,0.0,0.39310750365257263
2993,1,3.433060027360625,1935,0.4375,0.625,0.75,0,464,0,0,-0.00022541980433743447,2532.1494140625,1.206510305404663,6.3603903981857e-05,0.0,0.41586804389953613
2994,1,3.6010189830267336,1935,0.583125,0.625,0.75,0,720,0,0,-0.00023215016699396074,1579.6781005859375,1.1248493194580078,0.00018130149692296982,0.0,0.4481239318847656
2995,1,5.964299639646924,1935,0.694375,0.625,0.75,0,976,0,0,-0.00018963217735290527,5749.01123046875,1.0566266775131226,-3.887418279191479e-05,0.0,0.49181127548217773
2996,1,1.776239462196827,1936,0.44,0.125,0.375,0,232,0,0,-0.0027083184104412794,410.1885986328125,0.921531617641449,0.0008039693348109722,0.0,0.5433432459831238
2997,1,2.7412718022433182,1936,0.505625,0.25,0.5,0,488,0,0,-0.001122432528063655,1174.453369140625,1.3647592067718506,0.0012084245681762695,0.0,0.3263392150402069
2998,1,4.505486484615176,1936,0.566875,0.25,0.625,0,744,0,0,-0.0017490250756964087,2900.662109375,1.268186092376709,0.00013065990060567856,0.0,0.3943656384944916
2999,1,5.629106592547032,1937,0.005625,0.0,0.0,0,0,0,0,0.0003579600597731769,4892.880859375,1.2046194076538086,-0.00024328955623786896,0.0,0.422421395778656
3000,1,1.5395907856836857,1938,0.405625,0.125,0.75,0,210,0,0,-0.0008172299712896347,694.6968994140625,1.0501855611801147,-0.00024348031729459763,0.0,0.4479057788848877
