agent_id,uav_type,step,x,y
fixedwing_0,fixedwing,0,0.0,0.0
fixedwing_0,fixedwing,1,27.1892336110995,-12.678547852220984
fixedwing_0,fixedwing,2,46.47286190169568,-22.98133329356934
fixedwing_0,fixedwing,3,54.237433254771304,-28.97777478867205
fixedwing_0,fixedwing,4,49.027987924763394,-29.544232590366242
fixedwing_0,fixedwing,5,31.82069483423201,-24.574561328669752
fixedwing_0,fixedwing,6,5.839932720698851,-14.999999999999998
fixedwing_0,fixedwing,7,-24.045908222053516,-2.614672282429746
fixedwing_0,fixedwing,8,-28.190778623577252,10.26060429977006
fixedwing_0,fixedwing,9,-21.21320343559643,31.473807735366485
fixedwing_0,fixedwing,10,-10.260604299770057,59.66458635894374
fixedwing_0,fixedwing,11,2.6146722824297632,89.5504273016961
fixedwing_0,fixedwing,12,17.61467228242979,115.53118941522925
fixedwing_0,fixedwing,13,42.18923361109957,132.7384825057606
fixedwing_0,fixedwing,14,66.76379493976934,149.94577559629195
fixedwing_0,fixedwing,15,91.33835626843911,167.1530686868233
fixedwing_0,fixedwing,16,115.91291759710889,184.36036177735465
fixedwing_0,fixedwing,17,140.48747892577867,201.567654867886
fixedwing_0,fixedwing,18,165.06204025444845,218.77494795841736
fixedwing_0,fixedwing,19,189.63660158311822,235.9822410489487
fixedwing_0,fixedwing,20,214.211162911788,253.18953413948006
fixedwing_0,fixedwing,21,238.78572424045777,270.3968272300114
fixedwing_0,fixedwing,22,263.36028556912754,287.60412032054273
fixedwing_0,fixedwing,23,287.93484689779734,304.81141341107406
fixedwing_0,fixedwing,24,312.50940822646714,322.0187065016054
fixedwing_0,fixedwing,25,337.08396955513695,339.2259995921367
fixedwing_0,fixedwing,26,361.65853088380675,356.433292682668
fixedwing_0,fixedwing,27,386.23309221247655,373.64058577319935
fixedwing_0,fixedwing,28,410.80765354114635,390.84787886373067
fixedwing_0,fixedwing,29,435.38221486981615,408.055171954262
fixedwing_0,fixedwing,30,459.95677619848595,425.2624650447933
fixedwing_0,fixedwing,31,484.53133752715576,442.46975813532464
fixedwing_0,fixedwing,32,509.10589885582556,459.67705122585596
fixedwing_0,fixedwing,33,533.6804601844954,476.8843443163873
fixedwing_0,fixedwing,34,558.2550215131652,494.0916374069186
fixedwing_0,fixedwing,35,582.829582841835,511.29893049744993
fixedwing_0,fixedwing,36,607.4041441705048,528.5062235879813
fixedwing_0,fixedwing,37,631.9787054991746,545.7135166785126
fixedwing_0,fixedwing,38,656.5532668278444,562.920809769044
fixedwing_0,fixedwing,39,681.1278281565142,580.1281028595754
fixedwing_0,fixedwing,40,705.702389485184,597.3353959501068
fixedwing_0,fixedwing,41,730.2769508138538,614.5426890406382
fixedwing_0,fixedwing,42,754.8515121425236,631.7499821311695
fixedwing_0,fixedwing,43,779.4260734711934,648.9572752217009
fixedwing_0,fixedwing,44,804.0006347998632,666.1645683122323
fixedwing_0,fixedwing,45,828.575196128533,683.3718614027637
fixedwing_0,fixedwing,46,853.1497574572028,700.579154493295
fixedwing_0,fixedwing,47,877.7243187858726,717.7864475838264
fixedwing_0,fixedwing,48,902.2988801145424,734.9937406743578
fixedwing_0,fixedwing,49,926.8734414432122,752.2010337648892
fixedwing_0,fixedwing,50,951.448002771882,769.4083268554206
fixedwing_0,fixedwing,51,976.0225641005518,786.615619945952
fixedwing_0,fixedwing,52,1000.5971254292216,803.8229130364833
fixedwing_0,fixedwing,53,1025.1716867578914,821.0302061270147
fixedwing_0,fixedwing,54,1049.746248086561,838.2374992175461
fixedwing_0,fixedwing,55,1074.3208094152308,855.4447923080775
fixedwing_0,fixedwing,56,1098.8953707439005,872.6520853986088
fixedwing_0,fixedwing,57,1123.4699320725701,889.8593784891402
fixedwing_0,fixedwing,58,1148.0444934012398,907.0666715796716
fixedwing_0,fixedwing,59,1172.6190547299095,924.273964670203
fixedwing_0,fixedwing,60,1197.1936160585792,941.4812577607344
fixedwing_0,fixedwing,61,1221.768177387249,958.6885508512657
fixedwing_0,fixedwing,62,1246.3427387159186,975.8958439417971
fixedwing_0,fixedwing,63,1270.9173000445883,993.1031370323285
fixedwing_0,fixedwing,64,1295.491861373258,1010.3104301228599
fixedwing_0,fixedwing,65,1320.0664227019276,1027.5177232133913
fixedwing_0,fixedwing,66,1344.6409840305973,1044.7250163039225
fixedwing_0,fixedwing,67,1369.215545359267,1061.9323093944538
fixedwing_0,fixedwing,68,1393.7901066879367,1079.139602484985
fixedwing_0,fixedwing,69,1418.3646680166064,1096.3468955755163
fixedwing_0,fixedwing,70,1442.939229345276,1113.5541886660476
fixedwing_0,fixedwing,71,1467.5137906739458,1130.7614817565789
fixedwing_0,fixedwing,72,1492.0883520026155,1147.9687748471101
fixedwing_0,fixedwing,73,1516.6629133312852,1165.1760679376414
fixedwing_0,fixedwing,74,1541.2374746599548,1182.3833610281727
fixedwing_0,fixedwing,75,1565.8120359886245,1199.590654118704
fixedwing_0,fixedwing,76,1590.3865973172942,1216.7979472092352
fixedwing_0,fixedwing,77,1614.961158645964,1234.0052402997665
fixedwing_0,fixedwing,78,1639.5357199746336,1251.2125333902977
fixedwing_0,fixedwing,79,1664.1102813033033,1268.419826480829
fixedwing_0,fixedwing,80,1688.684842631973,1285.6271195713603
fixedwing_0,fixedwing,81,1713.2594039606427,1302.8344126618915
fixedwing_0,fixedwing,82,1737.8339652893123,1320.0417057524228
fixedwing_0,fixedwing,83,1762.408526617982,1337.248998842954
fixedwing_0,fixedwing,84,1752.4257367456967,1365.5393489002756
fixedwing_0,fixedwing,85,1742.4429468734113,1393.8296989575972
fixedwing_0,fixedwing,86,1732.460157001126,1422.1200490149188
fixedwing_0,fixedwing,87,1722.4773671288406,1450.4103990722404
fixedwing_0,fixedwing,88,1704.142521389133,1474.1555760920296
fixedwing_0,fixedwing,89,1685.8076756494254,1497.9007531118189
fixedwing_0,fixedwing,90,1660.7466162677324,1514.391456634327
fixedwing_0,fixedwing,91,1631.8610670547378,1522.4923853874805
fixedwing_0,fixedwing,92,1602.975517841743,1530.593314140634
fixedwing_0,fixedwing,93,1574.0899686287485,1538.6942428937875
fixedwing_0,fixedwing,94,1545.2044194157538,1546.795171646941
fixedwing_0,fixedwing,95,1516.3188702027592,1554.8961004000946
fixedwing_0,fixedwing,96,1487.4333209897645,1562.9970291532481
fixedwing_0,fixedwing,97,1458.5477717767699,1571.0979579064017
fixedwing_0,fixedwing,98,1429.6622225637752,1579.1988866595552
fixedwing_0,fixedwing,99,1400.7766733507806,1587.2998154127088
fixedwing_0,fixedwing,100,1371.891124137786,1595.4007441658623
fixedwing_0,fixedwing,101,1343.0055749247913,1603.5016729190158
fixedwing_0,fixedwing,102,1314.1200257117966,1611.6026016721694
fixedwing_0,fixedwing,103,1285.234476498802,1619.703530425323
fixedwing_0,fixedwing,104,1256.3489272858073,1627.8044591784765
fixedwing_0,fixedwing,105,1227.4633780728127,1635.90538793163
fixedwing_0,fixedwing,106,1198.577828859818,1644.0063166847835
fixedwing_0,fixedwing,107,1169.6922796468234,1652.107245437937
fixedwing_0,fixedwing,108,1140.8067304338288,1660.2081741910906
fixedwing_0,fixedwing,109,1111.9211812208341,1668.3091029442442
fixedwing_0,fixedwing,110,1083.0356320078395,1676.4100316973977
fixedwing_0,fixedwing,111,1054.1500827948448,1684.5109604505512
fixedwing_0,fixedwing,112,1025.2645335818502,1692.6118892037048
fixedwing_0,fixedwing,113,996.3789843688556,1700.7128179568583
fixedwing_0,fixedwing,114,967.4934351558611,1708.8137467100119
fixedwing_0,fixedwing,115,938.6078859428666,1716.9146754631654
fixedwing_0,fixedwing,116,909.722336729872,1725.015604216319
fixedwing_0,fixedwing,117,880.8367875168775,1733.1165329694725
fixedwing_0,fixedwing,118,857.230924043856,1714.602667633107
fixedwing_0,fixedwing,119,833.6250605708345,1696.0888022967417
fixedwing_0,fixedwing,120,810.019197097813,1677.5749369603764
fixedwing_0,fixedwing,121,786.4133336247916,1659.061071624011
fixedwing_0,fixedwing,122,762.8074701517701,1640.5472062876456
fixedwing_0,fixedwing,123,739.2016066787486,1622.0333409512803
fixedwing_0,fixedwing,124,729.5586890796419,1593.6253466507874
fixedwing_0,fixedwing,125,734.3687950966968,1564.0134760562996
fixedwing_0,fixedwing,126,739.1789011137516,1534.4016054618119
fixedwing_0,fixedwing,127,743.9890071308065,1504.7897348673241
fixedwing_0,fixedwing,128,748.7991131478614,1475.1778642728364
fixedwing_0,fixedwing,129,753.6092191649162,1445.5659936783486
fixedwing_0,fixedwing,130,758.4193251819711,1415.9541230838608
fixedwing_0,fixedwing,131,775.4643375840095,1391.2667264569511
fixedwing_0,fixedwing,132,792.5093499860479,1366.5793298300414
fixedwing_0,fixedwing,133,809.5543623880864,1341.8919332031317
fixedwing_0,fixedwing,134,826.5993747901248,1317.204536576222
fixedwing_0,fixedwing,135,843.6443871921632,1292.5171399493122
fixedwing_0,fixedwing,136,860.6893995942016,1267.8297433224025
fixedwing_0,fixedwing,137,877.73441199624,1243.1423466954927
fixedwing_0,fixedwing,138,894.7794243982785,1218.454950068583
fixedwing_0,fixedwing,139,917.6457457773181,1199.0350801774
fixedwing_0,fixedwing,140,940.5120671563577,1179.615210286217
fixedwing_0,fixedwing,141,963.3783885353973,1160.195340395034
fixedwing_0,fixedwing,142,986.244709914437,1140.775470503851
fixedwing_0,fixedwing,143,1009.1110312934766,1121.355600612668
fixedwing_0,fixedwing,144,1031.9773526725162,1101.935730721485
fixedwing_0,fixedwing,145,1059.2560982309076,1089.4509383419324
fixedwing_0,fixedwing,146,1086.534843789299,1076.9661459623799
fixedwing_0,fixedwing,147,1113.8135893476904,1064.4813535828273
fixedwing_0,fixedwing,148,1141.0923349060818,1051.9965612032747
fixedwing_0,fixedwing,149,1168.3710804644732,1039.5117688237222
fixedwing_0,fixedwing,150,1195.6498260228645,1027.0269764441696
fixedwing_0,fixedwing,151,1222.928571581256,1014.5421840646169
fixedwing_0,fixedwing,152,1250.2073171396473,1002.0573916850642
fixedwing_0,fixedwing,153,1277.4860626980387,989.5725993055115
fixedwing_0,fixedwing,154,1306.5719309119172,982.2232952401669
fixedwing_0,fixedwing,155,1335.6577991257957,974.8739911748222
fixedwing_0,fixedwing,156,1364.7436673396742,967.5246871094776
fixedwing_0,fixedwing,157,1393.8295355535527,960.1753830441329
fixedwing_0,fixedwing,158,1422.9154037674311,952.8260789787882
fixedwing_0,fixedwing,159,1452.7747998542818,955.7271934764532
fixedwing_0,fixedwing,160,1482.6997871203635,953.6070196333808
fixedwing_0,fixedwing,161,1512.624774386445,951.4868457903084
fixedwing_0,fixedwing,162,1542.5497616525267,949.366671947236
fixedwing_0,fixedwing,163,1572.4747489186084,947.2464981041636
fixedwing_0,fixedwing,164,1602.39973618469,945.1263242610912
fixedwing_0,fixedwing,165,1632.3247234507717,943.0061504180188
fixedwing_0,fixedwing,166,1658.9791987546246,929.238836000301
fixedwing_0,fixedwing,167,1678.9666512476158,906.8669397275123
fixedwing_0,fixedwing,168,1698.954103740607,884.4950434547236
fixedwing_0,fixedwing,169,1728.0352063305993,877.1269044664618
fixedwing_0,fixedwing,170,1757.1163089205916,869.7587654782001
fixedwing_0,fixedwing,171,1786.1974115105838,862.3906264899383
fixedwing_0,fixedwing,172,1815.278514100576,855.0224875016766
fixedwing_0,fixedwing,173,1844.3596166905684,847.6543485134148
fixedwing_0,fixedwing,174,1873.4407192805606,840.286209525153
fixedwing_0,fixedwing,175,1902.521821870553,832.9180705368913
fixedwing_0,fixedwing,176,1931.6652130011319,840.0358478170602
fixedwing_0,fixedwing,177,1955.069992661828,858.8032740933045
fixedwing_0,fixedwing,178,1970.3696477324518,884.6087106274912
fixedwing_0,fixedwing,179,1973.3299955303949,914.462292337484
fixedwing_0,fixedwing,180,1963.3963129829963,942.7699229526999
fixedwing_0,fixedwing,181,1942.4300174917387,964.2271933609617
fixedwing_0,fixedwing,182,1921.463722000481,985.6844637692235
fixedwing_0,fixedwing,183,1900.4974265092235,1007.1417341774853
fixedwing_0,fixedwing,184,1900.710444348276,1037.1409778912898
fixedwing_0,fixedwing,185,1900.9234621873286,1067.1402216050944
fixedwing_0,fixedwing,186,1901.1364800263812,1097.139465318899
fixedwing_0,fixedwing,187,1901.3494978654337,1127.1387090327037
fixedwing_0,fixedwing,188,1901.5625157044863,1157.1379527465083
fixedwing_0,fixedwing,189,1901.7755335435388,1187.137196460313
fixedwing_0,fixedwing,190,1901.9885513825914,1217.1364401741175
fixedwing_0,fixedwing,191,1902.201569221644,1247.1356838879221
fixedwing_0,fixedwing,192,1902.4145870606965,1277.1349276017268
fixedwing_0,fixedwing,193,1902.627604899749,1307.1341713155314
fixedwing_0,fixedwing,194,1902.8406227388016,1337.133415029336
fixedwing_0,fixedwing,195,1903.0536405778541,1367.1326587431406
fixedwing_0,fixedwing,196,1903.2666584169067,1397.1319024569452
fixedwing_0,fixedwing,197,1922.3336589160908,1420.293281776064
fixedwing_0,fixedwing,198,1950.8750374998408,1429.5339369768092
fixedwing_0,fixedwing,199,1972.8370415247705,1449.970922547313
fixedwing_0,fixedwing,200,1984.1043334744684,1477.7746656787742
fixedwing_0,fixedwing,201,2009.053514032677,1494.4341491483751
fixedwing_0,fixedwing,202,2015.571034674667,1520.0767480642478
fixedwing_0,fixedwing,203,2003.2751193975284,1549.8974387492726
fixedwing_0,fixedwing,204,2019.8834393131465,1572.3618292613792
fixedwing_0,fixedwing,205,2008.5266542132845,1601.1245858734821
fixedwing_0,fixedwing,206,1995.5721069085907,1630.7960159497534
fixedwing_0,fixedwing,207,1979.0193847174864,1655.8161555989263
fixedwing_0,fixedwing,208,1953.4435557719912,1671.496620316235
fixedwing_0,fixedwing,209,1945.13501855542,1700.3231395185398
fixedwing_0,fixedwing,210,1936.8264813388487,1729.1496587208446
fixedwing_0,fixedwing,211,1928.5179441222774,1757.9761779231494
fixedwing_0,fixedwing,212,1920.2094069057061,1786.8026971254542
fixedwing_0,fixedwing,213,1911.9008696891349,1815.629216327759
fixedwing_0,fixedwing,214,1921.0927944638981,1844.1863261068506
fixedwing_0,fixedwing,215,1930.2847192386614,1872.7434358859423
fixedwing_0,fixedwing,216,1939.4766440134247,1901.300545665034
fixedwing_0,fixedwing,217,1948.668568788188,1929.8576554441256
fixedwing_0,fixedwing,218,1944.930525694233,1959.6238616825385
fixedwing_0,fixedwing,219,1958.9905316511995,1986.1251113226983
fixedwing_0,fixedwing,220,1960.5333124788992,2016.0854155153743
fixedwing_0,fixedwing,221,1949.269775077603,2027.8052643434585
fixedwing_0,fixedwing,222,1957.0107481272337,2028.984087638649
fixedwing_0,fixedwing,223,1951.7772475453687,2029.5399809014768
fixedwing_0,fixedwing,224,1934.549949834128,2024.5605418011958
fixedwing_0,fixedwing,225,1908.5569822854009,2014.9788396750487
fixedwing_0,fixedwing,226,1878.6690222014367,2002.5903362753447
fixedwing_0,fixedwing,227,1850.4866078246894,1989.7164441997281
fixedwing_0,fixedwing,228,1829.290684694374,1968.4859745239587
fixedwing_0,fixedwing,229,1808.0947615640587,1947.2555048481893
fixedwing_0,fixedwing,230,1786.8988384337433,1926.0250351724198
fixedwing_0,fixedwing,231,1765.702915303428,1904.7945654966504
fixedwing_0,fixedwing,232,1744.5069921731126,1883.564095820881
fixedwing_0,fixedwing,233,1714.7782297221024,1887.5891030421672
fixedwing_0,fixedwing,234,1685.0494672710922,1891.6141102634533
fixedwing_0,fixedwing,235,1655.320704820082,1895.6391174847395
fixedwing_0,fixedwing,236,1625.5919423690718,1899.6641247060256
fixedwing_0,fixedwing,237,1595.8631799180616,1903.6891319273118
fixedwing_0,fixedwing,238,1566.1344174670514,1907.714139148598
fixedwing_0,fixedwing,239,1546.4983976140188,1930.395116295346
fixedwing_0,fixedwing,240,1519.11672477847,1942.6525219232497
fixedwing_0,fixedwing,241,1489.1202980056069,1942.1895091153733
fixedwing_0,fixedwing,242,1459.1238712327436,1941.726496307497
fixedwing_0,fixedwing,243,1429.1274444598803,1941.2634834996206
fixedwing_0,fixedwing,244,1399.131017687017,1940.8004706917443
fixedwing_0,fixedwing,245,1369.1345909141537,1940.337457883868
fixedwing_0,fixedwing,246,1339.1381641412904,1939.8744450759916
fixedwing_0,fixedwing,247,1309.1417373684271,1939.4114322681153
fixedwing_0,fixedwing,248,1279.1453105955638,1938.948419460239
fixedwing_0,fixedwing,249,1249.1488838227006,1938.4854066523626
fixedwing_0,fixedwing,250,1219.1524570498373,1938.0223938444863
fixedwing_0,fixedwing,251,1195.7703983205922,1956.8181202093313
fixedwing_0,fixedwing,252,1166.6356392128644,1963.971148360728
fixedwing_0,fixedwing,253,1137.2075798365681,1958.1411122248892
fixedwing_0,fixedwing,254,1113.0005802040675,1940.4204697762611
fixedwing_0,fixedwing,255,1088.793580571567,1922.699827327633
fixedwing_0,fixedwing,256,1064.5865809390664,1904.979184879005
fixedwing_0,fixedwing,257,1040.3795813065658,1887.258542430377
fixedwing_0,fixedwing,258,1012.1335897259809,1897.3661613205768
fixedwing_0,fixedwing,259,1000.2004910503395,1924.8907168301105
fixedwing_0,fixedwing,260,977.7530509925043,1944.7932904036436
fixedwing_0,fixedwing,261,948.997570221237,1953.3444497176356
fixedwing_0,fixedwing,262,919.3223779931076,1948.9418406930265
fixedwing_0,fixedwing,263,896.1180315492009,1967.9565272829009
fixedwing_0,fixedwing,264,867.051797879835,1975.3831052484127
fixedwing_0,fixedwing,265,850.5086440952547,2000.409572495304
fixedwing_0,fixedwing,266,824.938812912753,2015.690243251727
fixedwing_0,fixedwing,267,795.1336924695055,2003.4139120321872
fixedwing_0,fixedwing,268,766.6782981494464,1990.497866866332
fixedwing_0,fixedwing,269,744.9047276817579,1969.8602403291402
fixedwing_0,fixedwing,270,723.1311572140694,1949.2226137919483
fixedwing_0,fixedwing,271,701.3575867463809,1928.5849872547565
fixedwing_0,fixedwing,272,679.5840162786924,1907.9473607175646
fixedwing_0,fixedwing,273,649.5913694055065,1907.2831818708858
fixedwing_0,fixedwing,274,619.5987225323206,1906.619003024207
fixedwing_0,fixedwing,275,589.6060756591347,1905.954824177528
fixedwing_0,fixedwing,276,564.0506525032245,1921.6685235294426
fixedwing_0,fixedwing,277,538.4952293473142,1937.3822228813572
fixedwing_0,fixedwing,278,508.69325403447385,1940.8234824549513
fixedwing_0,fixedwing,279,478.8912787216335,1944.2647420285455
fixedwing_0,fixedwing,280,455.0295839667824,1962.4476879787019
fixedwing_0,fixedwing,281,441.6403905270092,1989.2940936791365
fixedwing_0,fixedwing,282,439.5966860806863,2019.2244005959737
fixedwing_0,fixedwing,283,425.0953665440231,2026.2623634065098
fixedwing_0,fixedwing,284,400.85375335357674,2017.673262005775
fixedwing_0,fixedwing,285,371.4143472805762,2005.7724665498363
fixedwing_0,fixedwing,286,342.29363453163364,1992.790000763275
fixedwing_0,fixedwing,287,318.94838314778605,1973.9485773078945
fixedwing_0,fixedwing,288,305.7531296577102,1947.0063189516868
fixedwing_0,fixedwing,289,292.55787616763433,1920.064060595479
fixedwing_0,fixedwing,290,279.3626226775585,1893.1218022392713
fixedwing_0,fixedwing,291,266.1673691874826,1866.1795438830636
fixedwing_0,fixedwing,292,252.97211569740674,1839.2372855268559
fixedwing_0,fixedwing,293,239.77686220733085,1812.2950271706482
fixedwing_0,fixedwing,294,226.58160871725497,1785.3527688144404
fixedwing_0,fixedwing,295,213.38635522717908,1758.4105104582327
fixedwing_0,fixedwing,296,200.1911017371032,1731.468252102025
fixedwing_0,fixedwing,297,186.9958482470273,1704.5259937458172
fixedwing_0,fixedwing,298,173.80059475695143,1677.5837353896095
fixedwing_0,fixedwing,299,149.71317452485502,1659.700889235756
fixedwing_0,fixedwing,300,125.6257542927586,1641.8180430819025
fixedwing_0,fixedwing,301,101.53833406066218,1623.935196928049
fixedwing_0,fixedwing,302,77.45091382856576,1606.0523507741955
fixedwing_0,fixedwing,303,48.10356335454256,1599.828764978623
fixedwing_0,fixedwing,304,18.51038557302038,1604.752567248335
fixedwing_0,fixedwing,305,-6.229253137152504,1621.7216649406141
fixedwing_0,fixedwing,306,-19.23241953260361,1644.745870440955
fixedwing_0,fixedwing,307,-7.700041879439707,1673.7408588881829
fixedwing_0,fixedwing,308,5.275203700914552,1703.2734210173626
fixedwing_0,fixedwing,309,22.537161965041086,1727.8096146277733
fixedwing_0,fixedwing,310,48.5512526526856,1742.7517391653016
fixedwing_0,fixedwing,311,74.14593489286158,1758.4014113990713
fixedwing_0,fixedwing,312,99.74061713303756,1774.051083632841
fixedwing_0,fixedwing,313,125.33529937321354,1789.7007558666107
fixedwing_0,fixedwing,314,150.92998161338951,1805.3504281003804
fixedwing_0,fixedwing,315,176.5246638535655,1821.0001003341501
fixedwing_0,fixedwing,316,202.11934609374148,1836.6497725679199
fixedwing_0,fixedwing,317,227.71402833391747,1852.2994448016896
fixedwing_0,fixedwing,318,253.30871057409345,1867.9491170354593
fixedwing_0,fixedwing,319,278.9033928142694,1883.598789269229
fixedwing_0,fixedwing,320,304.4980750544454,1899.2484615029987
fixedwing_0,fixedwing,321,334.25020592962886,1903.0969298198688
fixedwing_0,fixedwing,322,363.1814190216916,1895.1606265858904
fixedwing_0,fixedwing,323,387.25196885417745,1877.2550791002138
fixedwing_0,fixedwing,324,411.3225186866633,1859.3495316145372
fixedwing_0,fixedwing,325,435.3930685191491,1841.4439841288606
fixedwing_0,fixedwing,326,459.4636183516349,1823.538436643184
fixedwing_0,fixedwing,327,483.53416818412074,1805.6328891575074
fixedwing_0,fixedwing,328,507.60471801660657,1787.7273416718308
fixedwing_0,fixedwing,329,531.6752678490924,1769.8217941861542
fixedwing_0,fixedwing,330,555.7458176815782,1751.9162467004776
fixedwing_0,fixedwing,331,579.8163675140639,1734.010699214801
fixedwing_0,fixedwing,332,603.8869173465497,1716.1051517291244
fixedwing_0,fixedwing,333,627.9574671790355,1698.1996042434478
fixedwing_0,fixedwing,334,652.0280170115212,1680.2940567577712
fixedwing_0,fixedwing,335,679.093240620873,1667.3528948711478
fixedwing_0,fixedwing,336,706.1584642302247,1654.4117329845244
fixedwing_0,fixedwing,337,733.2236878395764,1641.470571097901
fixedwing_0,fixedwing,338,760.2889114489282,1628.5294092112777
fixedwing_0,fixedwing,339,787.3541350582799,1615.5882473246543
fixedwing_0,fixedwing,340,814.4193586676316,1602.647085438031
fixedwing_0,fixedwing,341,844.2634104790563,1599.592159665283
fixedwing_0,fixedwing,342,874.1074622904811,1596.537233892535
fixedwing_0,fixedwing,343,903.9515141019058,1593.482308119787
fixedwing_0,fixedwing,344,933.7955659133305,1590.427382347039
fixedwing_0,fixedwing,345,963.6396177247552,1587.372456574291
fixedwing_0,fixedwing,346,993.48366953618,1584.317530801543
fixedwing_0,fixedwing,347,1023.3277213476047,1581.262605028795
fixedwing_0,fixedwing,348,1053.1717731590293,1578.207679256047
fixedwing_0,fixedwing,349,1083.0158249704539,1575.152753483299
fixedwing_0,fixedwing,350,1112.0076566964126,1582.8646723867685
fixedwing_0,fixedwing,351,1140.9994884223713,1590.576591290238
fixedwing_0,fixedwing,352,1169.99132014833,1598.2885101937075
fixedwing_0,fixedwing,353,1198.9831518742888,1606.000429097177
fixedwing_0,fixedwing,354,1227.9749836002475,1613.7123480006464
fixedwing_0,fixedwing,355,1256.9668153262062,1621.424266904116
fixedwing_0,fixedwing,356,1285.958647052165,1629.1361858075854
fixedwing_0,fixedwing,357,1314.9504787781236,1636.848104711055
fixedwing_0,fixedwing,358,1343.9423105040823,1644.5600236145244
fixedwing_0,fixedwing,359,1372.934142230041,1652.271942517994
fixedwing_0,fixedwing,360,1401.9259739559998,1659.9838614214634
fixedwing_0,fixedwing,361,1430.9178056819585,1667.695780324933
fixedwing_0,fixedwing,362,1459.9096374079172,1675.4076992284024
fixedwing_0,fixedwing,363,1488.901469133876,1683.119618131872
fixedwing_0,fixedwing,364,1517.8933008598347,1690.8315370353414
fixedwing_0,fixedwing,365,1546.8851325857934,1698.543455938811
fixedwing_0,fixedwing,366,1575.876964311752,1706.2553748422804
fixedwing_0,fixedwing,367,1604.8687960377108,1713.9672937457499
fixedwing_0,fixedwing,368,1633.8606277636695,1721.6792126492194
fixedwing_0,fixedwing,369,1662.8524594896282,1729.3911315526889
fixedwing_0,fixedwing,370,1691.844291215587,1737.1030504561584
fixedwing_0,fixedwing,371,1720.8361229415457,1744.8149693596279
fixedwing_0,fixedwing,372,1749.8279546675044,1752.5268882630974
fixedwing_0,fixedwing,373,1779.5146848028191,1748.2027636264806
fixedwing_0,fixedwing,374,1809.201414938134,1743.878638989864
fixedwing_0,fixedwing,375,1838.8881450734486,1739.5545143532472
fixedwing_0,fixedwing,376,1868.5748752087634,1735.2303897166305
fixedwing_0,fixedwing,377,1898.2616053440781,1730.9062650800138
fixedwing_0,fixedwing,378,1927.9483354793929,1726.582140443397
fixedwing_0,fixedwing,379,1956.6811042101613,1735.2093068996664
fixedwing_0,fixedwing,380,1979.0758381624837,1755.1711678150396
fixedwing_0,fixedwing,381,2007.9164888897276,1763.4305180091606
fixedwing_0,fixedwing,382,2022.6479541151582,1783.1046170837735
fixedwing_0,fixedwing,383,2012.2113836227895,1810.506845278157
fixedwing_0,fixedwing,384,2023.9914754531646,1828.5182057370507
fixedwing_0,fixedwing,385,2014.131731176979,1854.9812776286813
fixedwing_0,fixedwing,386,2001.6239205668446,1884.9372934183782
fixedwing_0,fixedwing,387,1988.8118125335416,1912.7729622843383
fixedwing_0,fixedwing,388,1966.9080091193425,1933.2723133958277
fixedwing_0,fixedwing,389,1938.393021385784,1942.5940876129503
fixedwing_0,fixedwing,390,1908.610113939626,1938.991529625412
fixedwing_0,fixedwing,391,1886.1524815557705,1958.8826016858015
fixedwing_0,fixedwing,392,1857.392624149555,1967.419029625763
fixedwing_0,fixedwing,393,1827.7196910907771,1963.001219796302
fixedwing_0,fixedwing,394,1802.6939279062171,1946.4570009561655
fixedwing_0,fixedwing,395,1777.6681647216571,1929.9127821160291
fixedwing_0,fixedwing,396,1749.0620449121857,1938.9510291499494
fixedwing_0,fixedwing,397,1720.4559251027142,1947.9892761838696
fixedwing_0,fixedwing,398,1690.7102477118285,1944.0912412228474
fixedwing_0,fixedwing,399,1660.9645703209428,1940.1932062618253
fixedwing_0,fixedwing,400,1631.218892930057,1936.295171300803
fixedwing_0,fixedwing,401,1601.4732155391714,1932.397136339781
fixedwing_0,fixedwing,402,1571.7275381482857,1928.4991013787587
fixedwing_0,fixedwing,403,1541.9818607574,1924.6010664177365
fixedwing_0,fixedwing,404,1512.2361833665143,1920.7030314567144
fixedwing_0,fixedwing,405,1482.4905059756286,1916.8049964956922
fixedwing_0,fixedwing,406,1457.7430149430254,1933.7626404237626
fixedwing_0,fixedwing,407,1449.5579574685505,1962.6244635494686
fixedwing_0,fixedwing,408,1429.942242622038,1985.3230038342601
fixedwing_0,fixedwing,409,1402.5715498691434,1997.6049083374976
fixedwing_0,fixedwing,410,1372.574720758584,1997.1687394345552
fixedwing_0,fixedwing,411,1345.572693892863,1984.0962283849176
fixedwing_0,fixedwing,412,1326.6252285750713,1960.836960167042
fixedwing_0,fixedwing,413,1307.6777632572796,1937.5776919491664
fixedwing_0,fixedwing,414,1288.7302979394879,1914.3184237312907
fixedwing_0,fixedwing,415,1269.7828326216961,1891.0591555134151
fixedwing_0,fixedwing,416,1250.8353673039044,1867.7998872955395
fixedwing_0,fixedwing,417,1231.8879019861126,1844.540619077664
fixedwing_0,fixedwing,418,1212.940436668321,1821.2813508597883
fixedwing_0,fixedwing,419,1183.0262280644804,1819.0141667900846
fixedwing_0,fixedwing,420,1153.1120194606399,1816.7469827203809
fixedwing_0,fixedwing,421,1123.1978108567994,1814.4797986506771
fixedwing_0,fixedwing,422,1093.2836022529589,1812.2126145809734
fixedwing_0,fixedwing,423,1069.816433920394,1830.90197011965
fixedwing_0,fixedwing,424,1046.3492655878292,1849.5913256583267
fixedwing_0,fixedwing,425,1022.8820972552643,1868.2806811970033
fixedwing_0,fixedwing,426,999.4149289226993,1886.97003673568
fixedwing_0,fixedwing,427,975.9477605901344,1905.6593922743566
fixedwing_0,fixedwing,428,952.4805922575695,1924.3487478130332
fixedwing_0,fixedwing,429,929.0134239250045,1943.0381033517099
fixedwing_0,fixedwing,430,899.8464835746917,1950.058757922424
fixedwing_0,fixedwing,431,883.6886845259043,1975.335734203202
fixedwing_0,fixedwing,432,858.3622336487716,1991.4158736916577
fixedwing_0,fixedwing,433,828.6129134016661,1995.2860086809255
fixedwing_0,fixedwing,434,800.015283080801,1986.2209361477828
fixedwing_0,fixedwing,435,777.9280932267158,1965.9193095048365
fixedwing_0,fixedwing,436,748.0313808743671,1968.4065952787118
fixedwing_0,fixedwing,437,719.8845852724311,1958.0259451380493
fixedwing_0,fixedwing,438,691.7377896704951,1947.6452949973868
fixedwing_0,fixedwing,439,663.5909940685591,1937.2646448567243
fixedwing_0,fixedwing,440,635.4441984666231,1926.8839947160618
fixedwing_0,fixedwing,441,607.2974028646871,1916.5033445753993
fixedwing_0,fixedwing,442,579.1506072627511,1906.1226944347368
fixedwing_0,fixedwing,443,551.0038116608151,1895.7420442940743
fixedwing_0,fixedwing,444,522.8570160588791,1885.3613941534118
fixedwing_0,fixedwing,445,494.71022045694315,1874.9807440127493
fixedwing_0,fixedwing,446,466.56342485500716,1864.6000938720867
fixedwing_0,fixedwing,447,438.41662925307116,1854.2194437314242
fixedwing_0,fixedwing,448,410.2698336511352,1843.8387935907617
fixedwing_0,fixedwing,449,382.1230380491992,1833.4581434500992
fixedwing_0,fixedwing,450,353.9762424472632,1823.0774933094367
fixedwing_0,fixedwing,451,325.8294468453272,1812.6968431687742
fixedwing_0,fixedwing,452,297.6826512433912,1802.3161930281117
fixedwing_0,fixedwing,453,269.5358556414552,1791.9355428874492
fixedwing_0,fixedwing,454,241.38906003951925,1781.5548927467867
fixedwing_0,fixedwing,455,213.2422644375833,1771.1742426061242
fixedwing_0,fixedwing,456,185.09546883564732,1760.7935924654616
fixedwing_0,fixedwing,457,155.40241468200657,1756.5131094285887
fixedwing_0,fixedwing,458,125.70936052836582,1752.2326263917157
fixedwing_0,fixedwing,459,96.01630637472508,1747.9521433548427
fixedwing_0,fixedwing,460,66.32325222108433,1743.6716603179698
fixedwing_0,fixedwing,461,37.60319572028493,1752.3410521415576
fixedwing_0,fixedwing,462,15.237828172311566,1772.3358098156095
fixedwing_0,fixedwing,463,-0.13346051314866259,1798.0986412622547
fixedwing_0,fixedwing,464,-7.429794417792391,1827.1640529212928
fixedwing_0,fixedwing,465,5.549893215193811,1856.646228643243
fixedwing_0,fixedwing,466,23.039510509290245,1881.0206678553775
fixedwing_0,fixedwing,467,49.19156998595736,1895.7199802586454
fixedwing_0,fixedwing,468,75.34362946262448,1910.4192926619132
fixedwing_0,fixedwing,469,101.4956889392916,1925.118605065181
fixedwing_0,fixedwing,470,127.64774841595872,1939.817917468449
fixedwing_0,fixedwing,471,145.13736571005515,1964.1923566805835
fixedwing_0,fixedwing,472,150.68725892524895,1993.6745324025337
fixedwing_0,fixedwing,473,143.25746450745658,2022.7399440615718
fixedwing_0,fixedwing,474,124.2402102184094,2023.2022421180739
fixedwing_0,fixedwing,475,97.19903333576264,2012.991333757602
fixedwing_0,fixedwing,476,67.20102926605338,2000.34605177894
fixedwing_0,fixedwing,477,39.86735678083093,1987.6359250863402
fixedwing_0,fixedwing,478,20.31992040720713,1964.8785585598914
fixedwing_0,fixedwing,479,-7.013752078015315,1952.5144836462316
fixedwing_0,fixedwing,480,-29.998004069709246,1952.8605354251715
fixedwing_0,fixedwing,481,-27.333672485222447,1940.4964605115117
fixedwing_0,fixedwing,482,-29.998004069709246,1940.8425122904516
fixedwing_0,fixedwing,483,-27.04117688264677,1953.8338460480536
fixedwing_0,fixedwing,484,-29.998004069709246,1954.1798978269935
fixedwing_0,fixedwing,485,-27.333672485222447,1941.8158229133337
fixedwing_0,fixedwing,486,-29.998004069709246,1942.1618746922736
fixedwing_0,fixedwing,487,-27.04117688264677,1955.1532084498756
fixedwing_0,fixedwing,488,-29.998004069709246,1955.4992602288155
fixedwing_0,fixedwing,489,-27.333672485222447,1943.1351853151557
fixedwing_0,fixedwing,490,-29.998004069709246,1943.4812370940956
fixedwing_0,fixedwing,491,-27.04117688264677,1956.4725708516976
fixedwing_0,fixedwing,492,-29.998004069709246,1956.8186226306375
fixedwing_0,fixedwing,493,-27.333672485222447,1944.4545477169777
fixedwing_0,fixedwing,494,-29.764213867273305,1940.7006733366586
fixedwing_0,fixedwing,495,-28.561994668337405,1949.8774080808835
fixedwing_0,fixedwing,496,-29.764213867273305,1946.1235337005644
fixedwing_0,fixedwing,497,-29.750807563496934,1949.982218621593
fixedwing_0,fixedwing,498,-28.594139279356295,1940.906140235375
fixedwing_0,fixedwing,499,-29.750807563496934,1944.7648251564035
fixedwing_0,fixedwing,500,-25.332637851495974,1960.8352159259198
fixedwing_0,fixedwing,501,-29.750807563496934,1964.6939008469483
fixedwing_0,fixedwing,502,-28.594139279356295,1955.6178224607304
fixedwing_0,fixedwing,503,-29.750807563496934,1959.476507381759
fixedwing_0,fixedwing,504,-28.594139279356295,1950.400428995541
fixedwing_0,fixedwing,505,-29.750807563496934,1954.2591139165695
fixedwing_0,fixedwing,506,-28.594139279356295,1945.1830355303516
fixedwing_0,fixedwing,507,-29.750807563496934,1949.0417204513801
fixedwing_0,fixedwing,508,-28.594139279356295,1939.9656420651622
fixedwing_0,fixedwing,509,-29.750807563496934,1943.8243269861907
fixedwing_0,fixedwing,510,-25.332637851495974,1959.894717755707
fixedwing_0,fixedwing,511,-29.750807563496934,1963.7534026767355
fixedwing_0,fixedwing,512,-28.594139279356295,1954.6773242905176
fixedwing_0,fixedwing,513,-29.750807563496934,1958.5360092115461
fixedwing_0,fixedwing,514,-28.229700063943202,1968.689040005344
fixedwing_0,fixedwing,515,-25.898091207969145,1983.8313275400499
fixedwing_0,fixedwing,516,-29.87104896786313,1986.6098943575878
fixedwing_0,fixedwing,517,-28.246637365085732,1976.5040803099546
fixedwing_0,fixedwing,518,-21.32924583529207,1955.4075575609877
fixedwing_0,fixedwing,519,-28.246637365085732,1945.3017435133545
fixedwing_0,fixedwing,520,-29.87104896786313,1948.0803103308924
fixedwing_0,fixedwing,521,-28.528920144570648,1957.3593574470951
fixedwing_0,fixedwing,522,-29.777477245630795,1953.712187463952
fixedwing_0,fixedwing,523,-25.446198867473047,1937.8222232350113
fixedwing_0,fixedwing,524,-29.777477245630795,1934.1750532518681
fixedwing_0,fixedwing,525,-28.528920144570648,1943.4541003680708
fixedwing_0,fixedwing,526,-29.777477245630795,1939.8069303849277
fixedwing_0,fixedwing,527,-29.738913803728213,1943.7562348520996
fixedwing_0,fixedwing,528,-25.283560969329653,1959.9037283018642
fixedwing_0,fixedwing,529,-29.738913803728213,1963.8530327690362
fixedwing_0,fixedwing,530,-28.621657347331546,1954.8641101032244
fixedwing_0,fixedwing,531,-29.738913803728213,1958.8134145703964
fixedwing_0,fixedwing,532,-28.621657347331546,1949.8244919045846
fixedwing_0,fixedwing,533,-29.738913803728213,1953.7737963717566
fixedwing_0,fixedwing,534,-28.621657347331546,1944.7848737059448
fixedwing_0,fixedwing,535,-29.738913803728213,1948.7341781731168
fixedwing_0,fixedwing,536,-28.621657347331546,1939.745255507305
fixedwing_0,fixedwing,537,-29.738913803728213,1943.694559974477
fixedwing_0,fixedwing,538,-25.283560969329653,1959.8420534242416
fixedwing_0,fixedwing,539,-22.579382552954716,1979.594812308188
fixedwing_0,fixedwing,540,-28.811746858338925,1987.954432094458
fixedwing_0,fixedwing,541,-29.645238518727894,1983.354450228436
fixedwing_0,fixedwing,542,-24.92367417782494,1966.6568316713597
fixedwing_0,fixedwing,543,-29.645238518727894,1962.0568498053376
fixedwing_0,fixedwing,544,-24.92367417782494,1945.3592312482613
fixedwing_0,fixedwing,545,-29.645238518727894,1940.7592493822392
fixedwing_0,fixedwing,546,-29.835497876538152,1943.8966155481637
fixedwing_0,fixedwing,547,-25.71423582013488,1959.3490611858772
fixedwing_0,fixedwing,548,-29.835497876538152,1962.4864273518017
fixedwing_0,fixedwing,549,-28.366052291109035,1952.7208204880135
fixedwing_0,fixedwing,550,-29.967977813349755,1951.3350695080114
fixedwing_0,fixedwing,551,-27.745855324354427,1962.7441672953034
fixedwing_0,fixedwing,552,-29.967977813349755,1961.3584163153014
fixedwing_0,fixedwing,553,-29.423599450971114,1967.2109196556517
fixedwing_0,fixedwing,554,-29.14021209359293,1960.0801385525451
fixedwing_0,fixedwing,555,-29.984996169385756,1961.0288243392636
fixedwing_0,fixedwing,556,-27.576567460699483,1949.21641869581
fixedwing_0,fixedwing,557,-29.823981939770277,1945.9714069460229
fixedwing_0,fixedwing,558,-28.401108297477382,1955.6345869337372
fixedwing_0,fixedwing,559,-29.823981939770277,1952.38957518395
fixedwing_0,fixedwing,560,-28.401108297477382,1962.0527551716643
fixedwing_0,fixedwing,561,-26.117942576543285,1976.812601904215
fixedwing_0,fixedwing,562,-29.90867550816696,1979.151646441451
fixedwing_0,fixedwing,563,-28.094988449464818,1968.6315882655454
fixedwing_0,fixedwing,564,-21.016738108742445,1947.2237224385058
fixedwing_0,fixedwing,565,-28.094988449464818,1936.7036642626001
fixedwing_0,fixedwing,566,-29.90867550816696,1939.0427087998362
fixedwing_0,fixedwing,567,-26.117942576543285,1953.8025555323868
fixedwing_0,fixedwing,568,-29.90867550816696,1956.1416000696229
fixedwing_0,fixedwing,569,-28.094988449464818,1945.6215418937172
fixedwing_0,fixedwing,570,-29.90867550816696,1947.9605864309533
fixedwing_0,fixedwing,571,-28.094988449464818,1937.4405282550476
fixedwing_0,fixedwing,572,-29.90867550816696,1939.7795727922837
fixedwing_0,fixedwing,573,-26.117942576543285,1954.5394195248343
fixedwing_0,fixedwing,574,-23.46160656857205,1973.2357565249404
fixedwing_0,fixedwing,575,-29.164850173390235,1980.265088951544
fixedwing_0,fixedwing,576,-29.40305507122947,1974.3102293832378
fixedwing_0,fixedwing,577,-24.131585374055227,1956.4870257617033
fixedwing_0,fixedwing,578,-29.40305507122947,1950.5321661933972
fixedwing_0,fixedwing,579,-29.164850173390235,1957.5614986200007
fixedwing_0,fixedwing,580,-29.40305507122947,1951.6066390516946
fixedwing_0,fixedwing,581,-29.164850173390235,1958.6359714782982
fixedwing_0,fixedwing,582,-29.40305507122947,1952.681111909992
fixedwing_0,fixedwing,583,-29.164850173390235,1959.7104443365956
fixedwing_0,fixedwing,584,-29.40305507122947,1953.7555847682895
fixedwing_0,fixedwing,585,-29.164850173390235,1960.784917194893
fixedwing_0,fixedwing,586,-29.40305507122947,1954.830057626587
fixedwing_0,fixedwing,587,-29.164850173390235,1961.8593900531905
fixedwing_0,fixedwing,588,-29.40305507122947,1955.9045304848844
fixedwing_0,fixedwing,589,-29.164850173390235,1962.933862911488
fixedwing_0,fixedwing,590,-29.40305507122947,1956.9790033431818
fixedwing_0,fixedwing,591,-24.131585374055227,1939.1557997216473
fixedwing_0,fixedwing,592,-28.614398499116714,1930.1437966960293
fixedwing_0,fixedwing,593,-29.742089234607892,1934.0691155315662
fixedwing_0,fixedwing,594,-28.21031699832829,1944.2758787233831
fixedwing_0,fixedwing,595,-29.880794488481946,1941.6041525515784
fixedwing_0,fixedwing,596,-28.21031699832829,1951.8109157433953
fixedwing_0,fixedwing,597,-29.880794488481946,1949.1391895715906
fixedwing_0,fixedwing,598,-28.21031699832829,1959.3459527634075
fixedwing_0,fixedwing,599,-29.880794488481946,1956.6742265916027
fixedwing_0,fixedwing,600,-25.95207645717771,1941.6246509311131
fixedwing_0,fixedwing,601,-29.880794488481946,1938.9529247593084
fixedwing_0,fixedwing,602,-28.21031699832829,1949.1596879511253
fixedwing_0,fixedwing,603,-29.880794488481946,1946.4879617793206
fixedwing_0,fixedwing,604,-28.21031699832829,1956.6947249711375
fixedwing_0,fixedwing,605,-29.880794488481946,1954.0229987993328
fixedwing_0,fixedwing,606,-25.95207645717771,1938.9734231388431
fixedwing_0,fixedwing,607,-29.880794488481946,1936.3016969670384
fixedwing_0,fixedwing,608,-28.21031699832829,1946.5084601588553
fixedwing_0,fixedwing,609,-17.124003786206007,1971.1411314376671
fixedwing_0,fixedwing,610,-25.9298346945651,1986.2289965190007
fixedwing_0,fixedwing,611,-29.876818414308875,1988.944824466131
fixedwing_0,fixedwing,612,-28.545438726830092,1998.1729297913203
fixedwing_0,fixedwing,613,-29.7709192341953,1994.472609811775
fixedwing_0,fixedwing,614,-25.41779313155067,1978.5372468626078
fixedwing_0,fixedwing,615,-16.30176845462679,1953.3528797819815
fixedwing_0,fixedwing,616,-24.5678430748587,1936.1359960149023
fixedwing_0,fixedwing,617,-29.542196979673577,1930.9150193233086
fixedwing_0,fixedwing,618,-26.33613807622401,1945.2819198669215
fixedwing_0,fixedwing,619,-29.94036155329742,1947.1726208104421
fixedwing_0,fixedwing,620,-26.33613807622401,1961.539521354055
fixedwing_0,fixedwing,621,-29.94036155329742,1963.4302222975757
fixedwing_0,fixedwing,622,-28.753957429365595,1971.986502572919
fixedwing_0,fixedwing,623,-29.675975823286247,1967.5891785075664
fixedwing_0,fixedwing,624,-25.037178523745773,1951.0622401471173
fixedwing_0,fixedwing,625,-29.537248244488545,1956.3111415696494
fixedwing_0,fixedwing,626,-28.988119686853345,1948.5852812925887
fixedwing_0,fixedwing,627,-27.032355573148248,1961.5949604649156
fixedwing_0,fixedwing,628,-29.997762355500893,1961.9613668825637
fixedwing_0,fixedwing,629,-29.096819578654355,1969.2671926680061
fixedwing_0,fixedwing,630,-29.458249556158986,1963.5916721555723
fixedwing_0,fixedwing,631,-29.918256347117268,1965.8048005179085
fixedwing_0,fixedwing,632,-28.050457163450663,1955.1665744946743
fixedwing_0,fixedwing,633,-29.918256347117268,1957.3797028570104
fixedwing_0,fixedwing,634,-28.050457163450663,1946.7414768337762
fixedwing_0,fixedwing,635,-28.073603517149436,1957.318470053113
fixedwing_0,fixedwing,636,-29.913355966571267,1955.0400638520166
fixedwing_0,fixedwing,637,-26.147811380656115,1940.333196068507
fixedwing_0,fixedwing,638,-29.23302044383019,1947.0734123655266
fixedwing_0,fixedwing,639,-29.34265256204757,1940.8277145964248
fixedwing_0,fixedwing,640,-29.23302044383019,1947.5679308934443
fixedwing_0,fixedwing,641,-29.34265256204757,1941.3222331243426
fixedwing_0,fixedwing,642,-29.23302044383019,1948.062449421362
fixedwing_0,fixedwing,643,-29.34265256204757,1941.8167516522603
fixedwing_0,fixedwing,644,-29.23302044383019,1948.5569679492799
fixedwing_0,fixedwing,645,-29.34265256204757,1942.311270180178
fixedwing_0,fixedwing,646,-29.23302044383019,1949.0514864771976
fixedwing_0,fixedwing,647,-29.34265256204757,1942.8057887080959
fixedwing_0,fixedwing,648,-26.519118650005453,1956.832062127181
fixedwing_0,fixedwing,649,-29.962243028922313,1958.3367191232423
fixedwing_0,fixedwing,650,-27.79090969838829,1947.0378104088563
fixedwing_0,fixedwing,651,-29.962243028922313,1948.5424674049177
fixedwing_0,fixedwing,652,-27.79090969838829,1937.2435586905317
fixedwing_0,fixedwing,653,-29.962243028922313,1938.748215686593
fixedwing_0,fixedwing,654,-26.519118650005453,1952.7744891056782
fixedwing_0,fixedwing,655,-23.897905710604455,1970.909816581273
fixedwing_0,fixedwing,656,-21.170728692739903,1992.1654098832346
fixedwing_0,fixedwing,657,-28.17019816501272,2002.4823830509768
fixedwing_0,fixedwing,658,-29.89101122589325,1997.4451129391844
fixedwing_0,fixedwing,659,-26.01071430784123,1982.4971116950092
fixedwing_0,fixedwing,660,-17.256414621270963,1957.9570188993657
fixedwing_0,fixedwing,661,-26.010714307841223,1943.0090176551905
fixedwing_0,fixedwing,662,-29.266274541115624,1949.6033466190843
fixedwing_0,fixedwing,663,-29.311136358232655,1943.21137623515
fixedwing_0,fixedwing,664,-29.266274541115624,1949.8057051990438
fixedwing_0,fixedwing,665,-29.311136358232655,1943.4137348151096
fixedwing_0,fixedwing,666,-29.266274541115624,1950.0080637790034
fixedwing_0,fixedwing,667,-29.311136358232655,1943.6160933950691
fixedwing_0,fixedwing,668,-29.266274541115624,1950.210422358963
fixedwing_0,fixedwing,669,-29.311136358232655,1943.8184519750287
fixedwing_0,fixedwing,670,-29.266274541115624,1950.4127809389224
fixedwing_0,fixedwing,671,-29.311136358232655,1944.0208105549882
fixedwing_0,fixedwing,672,-29.266274541115624,1950.615139518882
fixedwing_0,fixedwing,673,-29.311136358232655,1944.2231691349477
fixedwing_0,fixedwing,674,-29.266274541115624,1950.8174980988415
fixedwing_0,fixedwing,675,-19.57323431938013,1973.5526800483804
fixedwing_0,fixedwing,676,-27.347677757019877,1985.8857462242427
fixedwing_0,fixedwing,677,-24.832125058630268,2002.7192118529404
fixedwing_0,fixedwing,678,-29.61967829237657,2004.7617914544965
fixedwing_0,fixedwing,679,-28.85696511317235,1991.7978317222119
fixedwing_0,fixedwing,680,-22.686906092249515,1972.1686623062267
fixedwing_0,fixedwing,681,-12.265674197177546,1944.7906923944765
fixedwing_0,fixedwing,682,-22.68690609224951,1925.1615229784913
fixedwing_0,fixedwing,683,-28.856965113172347,1916.9593547007032
fixedwing_0,fixedwing,684,-29.61967829237657,1921.7211461551997
fixedwing_0,fixedwing,685,-24.83212505863028,1938.5546117838974
fixedwing_0,fixedwing,686,-29.61967829237657,1943.3164032383938
fixedwing_0,fixedwing,687,-24.83212505863028,1960.1498688670915
fixedwing_0,fixedwing,688,-29.61967829237657,1964.911660321588
fixedwing_0,fixedwing,689,-28.856965113172347,1956.7094920437999
fixedwing_0,fixedwing,690,-29.61967829237657,1961.4712834982963
fixedwing_0,fixedwing,691,-28.856965113172347,1953.2691152205082
fixedwing_0,fixedwing,692,-29.61967829237657,1958.0309066750046
fixedwing_0,fixedwing,693,-28.856965113172347,1949.8287383972165
fixedwing_0,fixedwing,694,-29.61967829237657,1954.590529851713
fixedwing_0,fixedwing,695,-28.856965113172347,1946.3883615739248
fixedwing_0,fixedwing,696,-29.61967829237657,1951.1501530284213
fixedwing_0,fixedwing,697,-28.856965113172347,1942.9479847506332
fixedwing_0,fixedwing,698,-29.61967829237657,1947.7097762051296
fixedwing_0,fixedwing,699,-28.856965113172347,1939.5076079273415
fixedwing_0,fixedwing,700,-27.321862115801714,1951.8977592793274
fixedwing_0,fixedwing,701,-29.99832061897321,1951.5803320572957
fixedwing_0,fixedwing,702,-27.053561034193326,1938.6148071790203
fixedwing_0,fixedwing,703,-29.99832061897321,1938.2973799569886
fixedwing_0,fixedwing,704,-27.321862115801714,1950.6875313089745
fixedwing_0,fixedwing,705,-29.99832061897321,1950.3701040869428
fixedwing_0,fixedwing,706,-27.053561034193326,1937.4045792086674
fixedwing_0,fixedwing,707,-29.99832061897321,1937.0871519866357
fixedwing_0,fixedwing,708,-27.321862115801714,1949.4773033386216
fixedwing_0,fixedwing,709,-29.99832061897321,1949.1598761165899
fixedwing_0,fixedwing,710,-27.321862115801714,1961.5500274685758
fixedwing_0,fixedwing,711,-29.99832061897321,1961.232600246544
fixedwing_0,fixedwing,712,-27.053561034193326,1948.2670753682687
fixedwing_0,fixedwing,713,-29.99832061897321,1947.949648146237
fixedwing_0,fixedwing,714,-27.321862115801714,1960.3397994982229
fixedwing_0,fixedwing,715,-29.99832061897321,1960.0223722761912
fixedwing_0,fixedwing,716,-27.053561034193326,1947.0568473979158
fixedwing_0,fixedwing,717,-29.99832061897321,1946.739420175884
fixedwing_0,fixedwing,718,-23.710124262320672,1965.119572717833
fixedwing_0,fixedwing,719,-29.256458368355197,1971.7573165921249
fixedwing_0,fixedwing,720,-29.320587818387082,1965.4088419734271
fixedwing_0,fixedwing,721,-23.890495752237108,1947.2637541336744
fixedwing_0,fixedwing,722,-29.320587818387082,1940.9152795149766
fixedwing_0,fixedwing,723,-29.256458368355197,1947.5530233892684
fixedwing_0,fixedwing,724,-29.320587818387082,1941.2045487705707
fixedwing_0,fixedwing,725,-29.256458368355197,1947.8422926448625
fixedwing_0,fixedwing,726,-29.320587818387082,1941.4938180261647
fixedwing_0,fixedwing,727,-29.256458368355197,1948.1315619004565
fixedwing_0,fixedwing,728,-29.320587818387082,1941.7830872817588
fixedwing_0,fixedwing,729,-29.256458368355197,1948.4208311560506
fixedwing_0,fixedwing,730,-19.58564140310931,1971.145325668114
fixedwing_0,fixedwing,731,-27.354405687369788,1983.4634622760102
fixedwing_0,fixedwing,732,-29.997380365336415,1983.0670140229815
fixedwing_0,fixedwing,733,-27.019313144239614,1970.0302691373315
fixedwing_0,fixedwing,734,-18.978247440675737,1946.7961105754105
fixedwing_0,fixedwing,735,-29.89291144612117,1944.2635535130014
fixedwing_0,fixedwing,736,-28.16248328429107,1954.6015675999538
fixedwing_0,fixedwing,737,-29.89291144612117,1952.0690105375447
fixedwing_0,fixedwing,738,-28.16248328429107,1962.4070246244971
fixedwing_0,fixedwing,739,-29.89291144612117,1959.874467562088
fixedwing_0,fixedwing,740,-26.021873557342175,1944.9459011015838
fixedwing_0,fixedwing,741,-29.89291144612117,1942.4133440391747
fixedwing_0,fixedwing,742,-28.16248328429107,1952.7513581261271
fixedwing_0,fixedwing,743,-25.813248145574804,1968.0378299288348
fixedwing_0,fixedwing,744,-29.855089944452374,1970.9829282987807
fixedwing_0,fixedwing,745,-28.48461697962794,1980.3970982315943
fixedwing_0,fixedwing,746,-29.794430312130423,1976.8911144359097
fixedwing_0,fixedwing,747,-25.521231424781277,1961.1219436725894
fixedwing_0,fixedwing,748,-29.794430312130423,1957.6159598769048
fixedwing_0,fixedwing,749,-25.521231424781277,1941.8467891135845
fixedwing_0,fixedwing,750,-29.794430312130423,1938.3408053178998
fixedwing_0,fixedwing,751,-28.48461697962794,1947.7549752507134
fixedwing_0,fixedwing,752,-29.794430312130423,1944.2489914550288
fixedwing_0,fixedwing,753,-28.48461697962794,1953.6631613878424
fixedwing_0,fixedwing,754,-26.227053624850615,1968.2282449152106
fixedwing_0,fixedwing,755,-29.92525321367432,1970.344661721389
fixedwing_0,fixedwing,756,-28.015926408342526,1959.6158282581305
fixedwing_0,fixedwing,757,-29.92525321367432,1961.732245064309
fixedwing_0,fixedwing,758,-28.015926408342526,1951.0034116010504
fixedwing_0,fixedwing,759,-29.92525321367432,1953.1198284072289
fixedwing_0,fixedwing,760,-28.698524750269748,1961.8602332695996
fixedwing_0,fixedwing,761,-29.703551167478597,1957.6532096137378
fixedwing_0,fixedwing,762,-25.14259470118511,1941.2870881522572
fixedwing_0,fixedwing,763,-29.55373808855255,1946.4423345084692
fixedwing_0,fixedwing,764,-28.963484219604254,1938.6246250062727
fixedwing_0,fixedwing,765,-29.55373808855255,1943.7798713624848
fixedwing_0,fixedwing,766,-24.60608171178938,1960.9420606981362
fixedwing_0,fixedwing,767,-29.55373808855255,1966.0973070543482
fixedwing_0,fixedwing,768,-28.963484219604254,1958.2795975521517
fixedwing_0,fixedwing,769,-22.94592448732838,1938.953849198677
fixedwing_0,fixedwing,770,-29.93566482112601,1940.9175120305295
fixedwing_0,fixedwing,771,-26.301046364863332,1955.3485535769082
fixedwing_0,fixedwing,772,-29.93566482112601,1957.3122164087606
fixedwing_0,fixedwing,773,-27.960805910147883,1946.4405406936264
fixedwing_0,fixedwing,774,-29.93566482112601,1948.4042035254788
fixedwing_0,fixedwing,775,-27.960805910147883,1937.5325278103446
fixedwing_0,fixedwing,776,-29.93566482112601,1939.496190642197
fixedwing_0,fixedwing,777,-26.301046364863332,1953.9272321885758
fixedwing_0,fixedwing,778,-29.93566482112601,1955.8908950204282
fixedwing_0,fixedwing,779,-27.960805910147883,1945.019219305294
fixedwing_0,fixedwing,780,-29.93566482112601,1946.9828821371464
fixedwing_0,fixedwing,781,-26.301046364863332,1961.4139236835251
fixedwing_0,fixedwing,782,-29.93566482112601,1963.3775865153775
fixedwing_0,fixedwing,783,-27.960805910147883,1952.5059108002433
fixedwing_0,fixedwing,784,-29.93566482112601,1954.4695736320957
fixedwing_0,fixedwing,785,-27.960805910147883,1943.5978979169615
fixedwing_0,fixedwing,786,-29.93566482112601,1945.561560748814
fixedwing_0,fixedwing,787,-26.301046364863332,1959.9926022951927
fixedwing_0,fixedwing,788,-29.93566482112601,1961.956265127045
fixedwing_0,fixedwing,789,-27.960805910147883,1951.0845894119109
fixedwing_0,fixedwing,790,-29.93566482112601,1953.0482522437633
fixedwing_0,fixedwing,791,-27.960805910147883,1942.176576528629
fixedwing_0,fixedwing,792,-29.93566482112601,1944.1402393604815
fixedwing_0,fixedwing,793,-26.301046364863332,1958.5712809068602
fixedwing_0,fixedwing,794,-29.93566482112601,1960.5349437387126
fixedwing_0,fixedwing,795,-27.960805910147883,1949.6632680235784
fixedwing_0,fixedwing,796,-28.123510338902282,1960.1068385920028
fixedwing_0,fixedwing,797,-29.902200058946644,1957.6864188691588
fixedwing_0,fixedwing,798,-26.077683186999952,1942.8555578153137
fixedwing_0,fixedwing,799,-29.24188886263587,1949.557194611295
fixedwing_0,fixedwing,800,-29.334385677402356,1943.2727839842423
fixedwing_0,fixedwing,801,-29.24188886263587,1949.9744207802237
fixedwing_0,fixedwing,802,-29.334385677402356,1943.690010153171
fixedwing_0,fixedwing,803,-29.24188886263587,1950.3916469491523
fixedwing_0,fixedwing,804,-29.334385677402356,1944.1072363220997
fixedwing_0,fixedwing,805,-29.24188886263587,1950.808873118081
fixedwing_0,fixedwing,806,-29.334385677402356,1944.5244624910283
fixedwing_0,fixedwing,807,-29.24188886263587,1951.2260992870097
fixedwing_0,fixedwing,808,-29.334385677402356,1944.941688659957
fixedwing_0,fixedwing,809,-29.24188886263587,1951.6433254559383
fixedwing_0,fixedwing,810,-29.334385677402356,1945.3589148288856
fixedwing_0,fixedwing,811,-29.24188886263587,1952.060551624867
fixedwing_0,fixedwing,812,-29.334385677402356,1945.7761409978143
fixedwing_0,fixedwing,813,-29.24188886263587,1952.4777777937957
fixedwing_0,fixedwing,814,-29.334385677402356,1946.193367166743
fixedwing_0,fixedwing,815,-26.490097232992248,1960.274373827725
fixedwing_0,fixedwing,816,-23.866036176209143,1978.4516210680492
fixedwing_0,fixedwing,817,-21.13899189345387,1999.7387773301828
fixedwing_0,fixedwing,818,-28.154773940047384,2010.0977688054581
fixedwing_0,fixedwing,819,-29.89478983478911,1997.4897130176432
fixedwing_0,fixedwing,820,-26.032987698139525,1982.5805362627545
fixedwing_0,fixedwing,821,-17.293009106517214,1958.0662172625882
fixedwing_0,fixedwing,822,-26.032987698139518,1943.1570405076993
fixedwing_0,fixedwing,823,-29.894789834789105,1940.6467535253425
fixedwing_0,fixedwing,824,-28.154773940047388,1951.005745000618
fixedwing_0,fixedwing,825,-29.894789834789105,1948.4954580182612
fixedwing_0,fixedwing,826,-28.154773940047388,1958.8544494935365
fixedwing_0,fixedwing,827,-29.894789834789105,1956.3441625111798
fixedwing_0,fixedwing,828,-29.59544595398345,1961.2543130979586
fixedwing_0,fixedwing,829,-28.897702434787067,1953.1968448857656
fixedwing_0,fixedwing,830,-29.59544595398345,1958.1069954725444
fixedwing_0,fixedwing,831,-28.897702434787067,1950.0495272603514
fixedwing_0,fixedwing,832,-29.59544595398345,1954.9596778471303
fixedwing_0,fixedwing,833,-28.897702434787067,1946.9022096349372
fixedwing_0,fixedwing,834,-29.59544595398345,1951.812360221716
fixedwing_0,fixedwing,835,-28.897702434787067,1943.754892009523
fixedwing_0,fixedwing,836,-29.59544595398345,1948.6650425963019
fixedwing_0,fixedwing,837,-28.897702434787067,1940.6075743841088
fixedwing_0,fixedwing,838,-27.252854556640198,1953.1487831980396
fixedwing_0,fixedwing,839,-29.999618172730834,1952.9974243847585
fixedwing_0,fixedwing,840,-27.124920559504105,1940.181860228601
fixedwing_0,fixedwing,841,-29.999618172730834,1940.0305014153198
fixedwing_0,fixedwing,842,-27.252854556640198,1952.5717102292506
fixedwing_0,fixedwing,843,-29.999618172730834,1952.4203514159694
fixedwing_0,fixedwing,844,-27.124920559504105,1939.604787259812
fixedwing_0,fixedwing,845,-29.999618172730834,1939.4534284465308
fixedwing_0,fixedwing,846,-23.758688367502046,1957.7707625062656
fixedwing_0,fixedwing,847,-29.273924157293035,1964.3310494232421
fixedwing_0,fixedwing,848,-29.30368247424791,1957.9049935996086
fixedwing_0,fixedwing,849,-23.842387073227542,1939.6967378168492
fixedwing_0,fixedwing,850,-29.30368247424791,1933.2706819932157
fixedwing_0,fixedwing,851,-26.762959761140593,1946.8259018300007
fixedwing_0,fixedwing,852,-29.98416228060536,1947.8005875897832
fixedwing_0,fixedwing,853,-26.762959761140593,1961.3558074265682
fixedwing_0,fixedwing,854,-29.98416228060536,1962.3304931863506
fixedwing_0,fixedwing,855,-27.586799764225887,1950.5420039375747
fixedwing_0,fixedwing,856,-29.98416228060536,1951.5166896973572
fixedwing_0,fixedwing,857,1.83697019872103e-15,1921.5166896973572
fixedwing_0,fixedwing,858,3.67394039744206e-15,1891.5166896973572
fixedwing_0,fixedwing,859,5.5109105961630896e-15,1861.5166896973572
fixedwing_0,fixedwing,860,7.34788079488412e-15,1831.5166896973572
fixedwing_0,fixedwing,861,9.18485099360515e-15,1801.5166896973572
fixedwing_0,fixedwing,862,1.102182119232618e-14,1771.5166896973572
fixedwing_0,fixedwing,863,1.2858791391047211e-14,1741.5166896973572
fixedwing_0,fixedwing,864,1.469576158976824e-14,1711.5166896973572
fixedwing_0,fixedwing,865,1.653273178848927e-14,1681.5166896973572
fixedwing_0,fixedwing,866,1.83697019872103e-14,1651.5166896973572
fixedwing_0,fixedwing,867,2.020667218593133e-14,1621.5166896973572
fixedwing_0,fixedwing,868,2.204364238465236e-14,1591.5166896973572
fixedwing_0,fixedwing,869,2.3880612583373392e-14,1561.5166896973572
fixedwing_0,fixedwing,870,2.5717582782094422e-14,1531.5166896973572
fixedwing_0,fixedwing,871,2.7554552980815453e-14,1501.5166896973572
fixedwing_0,fixedwing,872,2.939152317953648e-14,1471.5166896973572
fixedwing_0,fixedwing,873,3.122849337825751e-14,1441.5166896973572
fixedwing_0,fixedwing,874,3.3065463576978534e-14,1411.5166896973572
fixedwing_0,fixedwing,875,3.490243377569956e-14,1381.5166896973572
fixedwing_0,fixedwing,876,3.673940397442059e-14,1351.5166896973572
fixedwing_0,fixedwing,877,3.8576374173141616e-14,1321.5166896973572
fixedwing_0,fixedwing,878,4.041334437186264e-14,1291.5166896973572
fixedwing_0,fixedwing,879,4.225031457058367e-14,1261.5166896973572
fixedwing_0,fixedwing,880,4.40872847693047e-14,1231.5166896973572
fixedwing_0,fixedwing,881,4.5924254968025725e-14,1201.5166896973572
fixedwing_0,fixedwing,882,4.776122516674675e-14,1171.5166896973572
fixedwing_0,fixedwing,883,4.959819536546778e-14,1141.5166896973572
fixedwing_0,fixedwing,884,5.1435165564188806e-14,1111.5166896973572
fixedwing_0,fixedwing,885,5.3272135762909834e-14,1081.5166896973572
fixedwing_0,fixedwing,886,5.510910596163086e-14,1051.5166896973572
fixedwing_0,fixedwing,887,5.028473801260095e-14,1021.5166896973572
fixedwing_0,fixedwing,888,5.2121708211321976e-14,991.5166896973572
fixedwing_0,fixedwing,889,4.7297340262292064e-14,961.5166896973572
fixedwing_0,fixedwing,890,4.913431046101309e-14,931.5166896973572
fixedwing_0,fixedwing,891,4.430994251198318e-14,901.5166896973572
fixedwing_0,fixedwing,892,4.6146912710704206e-14,871.5166896973572
fixedwing_0,fixedwing,893,4.1322544761674294e-14,841.5166896973572
fixedwing_0,fixedwing,894,4.315951496039532e-14,811.5166896973572
fixedwing_0,fixedwing,895,3.833514701136541e-14,781.5166896973572
fixedwing_0,fixedwing,896,4.017211721008644e-14,751.5166896973572
fixedwing_0,fixedwing,897,3.5347749261056525e-14,721.5166896973572
fixedwing_0,fixedwing,898,3.718471945977755e-14,691.5166896973572
fixedwing_0,fixedwing,899,3.236035151074764e-14,661.5166896973572
fixedwing_0,fixedwing,900,3.419732170946867e-14,631.5166896973572
fixedwing_0,fixedwing,901,2.9372953760438755e-14,601.5166896973572
fixedwing_0,fixedwing,902,3.120992395915978e-14,571.5166896973572
fixedwing_0,fixedwing,903,2.6385556010129874e-14,541.5166896973572
fixedwing_0,fixedwing,904,2.8222526208850904e-14,511.51668969735715
fixedwing_0,fixedwing,905,2.3398158259820995e-14,481.51668969735715
fixedwing_0,fixedwing,906,2.5235128458542025e-14,451.51668969735715
fixedwing_0,fixedwing,907,2.0410760509512117e-14,421.51668969735715
fixedwing_0,fixedwing,908,2.2247730708233147e-14,391.51668969735715
fixedwing_0,fixedwing,909,1.7423362759203238e-14,361.51668969735715
fixedwing_0,fixedwing,910,1.926033295792427e-14,331.51668969735715
fixedwing_0,fixedwing,911,1.443596500889436e-14,301.51668969735715
fixedwing_0,fixedwing,912,1.627293520761539e-14,271.51668969735715
fixedwing_0,fixedwing,913,1.1448567258585481e-14,241.51668969735715
fixedwing_0,fixedwing,914,1.3285537457306512e-14,211.51668969735715
fixedwing_0,fixedwing,915,8.461169508276603e-15,181.51668969735715
fixedwing_0,fixedwing,916,1.0298139706997633e-14,151.51668969735715
fixedwing_0,fixedwing,917,5.4737717579677234e-15,121.51668969735715
fixedwing_0,fixedwing,918,7.310741956688753e-15,91.51668969735715
fixedwing_0,fixedwing,919,2.4863740076588433e-15,61.51668969735715
fixedwing_0,fixedwing,920,4.323344206379873e-15,31.51668969735715
quadrotor_0,quadrotor,0,0.0,75.0
quadrotor_0,quadrotor,1,0.0,75.0
quadrotor_0,quadrotor,2,0.0,75.0
quadrotor_0,quadrotor,3,0.0,75.0
quadrotor_0,quadrotor,4,0.0,75.0
quadrotor_0,quadrotor,5,0.0,75.0
quadrotor_0,quadrotor,6,0.0,75.0
quadrotor_0,quadrotor,7,0.0,75.0
quadrotor_0,quadrotor,8,0.0,75.0
quadrotor_0,quadrotor,9,0.0,75.0
quadrotor_0,quadrotor,10,0.0,75.0
quadrotor_0,quadrotor,11,0.0,75.0
quadrotor_0,quadrotor,12,0.0,75.0
quadrotor_0,quadrotor,13,0.0,75.0
quadrotor_0,quadrotor,14,0.0,75.0
quadrotor_0,quadrotor,15,0.0,75.0
quadrotor_0,quadrotor,16,0.0,75.0
quadrotor_0,quadrotor,17,0.0,75.0
quadrotor_0,quadrotor,18,0.0,75.0
quadrotor_0,quadrotor,19,0.0,75.0
quadrotor_0,quadrotor,20,0.0,75.0
quadrotor_0,quadrotor,21,0.0,75.0
quadrotor_0,quadrotor,22,0.0,75.0
quadrotor_0,quadrotor,23,0.0,75.0
quadrotor_0,quadrotor,24,0.0,75.0
quadrotor_0,quadrotor,25,0.0,75.0
quadrotor_0,quadrotor,26,0.0,75.0
quadrotor_0,quadrotor,27,0.0,75.0
quadrotor_0,quadrotor,28,0.0,75.0
quadrotor_0,quadrotor,29,0.0,75.0
quadrotor_0,quadrotor,30,0.0,75.0
quadrotor_0,quadrotor,31,0.0,75.0
quadrotor_0,quadrotor,32,0.0,75.0
quadrotor_0,quadrotor,33,0.0,75.0
quadrotor_0,quadrotor,34,0.0,75.0
quadrotor_0,quadrotor,35,0.0,75.0
quadrotor_0,quadrotor,36,0.0,75.0
quadrotor_0,quadrotor,37,0.0,75.0
quadrotor_0,quadrotor,38,0.0,75.0
quadrotor_0,quadrotor,39,0.0,75.0
quadrotor_0,quadrotor,40,0.0,75.0
quadrotor_0,quadrotor,41,0.0,75.0
quadrotor_0,quadrotor,42,0.0,75.0
quadrotor_0,quadrotor,43,0.0,75.0
quadrotor_0,quadrotor,44,0.0,75.0
quadrotor_0,quadrotor,45,0.0,75.0
quadrotor_0,quadrotor,46,0.0,75.0
quadrotor_0,quadrotor,47,0.0,75.0
quadrotor_0,quadrotor,48,0.0,75.0
quadrotor_0,quadrotor,49,0.0,75.0
quadrotor_0,quadrotor,50,0.0,75.0
quadrotor_0,quadrotor,51,0.0,75.0
quadrotor_0,quadrotor,52,0.0,75.0
quadrotor_0,quadrotor,53,0.0,75.0
quadrotor_0,quadrotor,54,0.0,75.0
quadrotor_0,quadrotor,55,0.0,75.0
quadrotor_0,quadrotor,56,0.0,75.0
quadrotor_0,quadrotor,57,0.0,75.0
quadrotor_0,quadrotor,58,0.0,75.0
quadrotor_0,quadrotor,59,0.0,75.0
quadrotor_0,quadrotor,60,0.0,75.0
quadrotor_0,quadrotor,61,0.0,75.0
quadrotor_0,quadrotor,62,0.0,75.0
quadrotor_0,quadrotor,63,0.0,75.0
quadrotor_0,quadrotor,64,0.0,75.0
quadrotor_0,quadrotor,65,0.0,75.0
quadrotor_0,quadrotor,66,0.0,75.0
quadrotor_0,quadrotor,67,0.0,75.0
quadrotor_0,quadrotor,68,0.0,75.0
quadrotor_0,quadrotor,69,0.0,75.0
quadrotor_0,quadrotor,70,0.0,75.0
quadrotor_0,quadrotor,71,0.0,75.0
quadrotor_0,quadrotor,72,0.0,75.0
quadrotor_0,quadrotor,73,0.0,75.0
quadrotor_0,quadrotor,74,0.0,75.0
quadrotor_0,quadrotor,75,0.0,75.0
quadrotor_0,quadrotor,76,0.0,75.0
quadrotor_0,quadrotor,77,0.0,75.0
quadrotor_0,quadrotor,78,0.0,75.0
quadrotor_0,quadrotor,79,15.0,75.0
quadrotor_0,quadrotor,80,30.0,75.0
quadrotor_0,quadrotor,81,45.0,75.0
quadrotor_0,quadrotor,82,60.0,75.0
quadrotor_0,quadrotor,83,75.0,75.0
quadrotor_0,quadrotor,84,90.0,75.0
quadrotor_0,quadrotor,85,105.0,75.0
quadrotor_0,quadrotor,86,120.0,75.0
quadrotor_0,quadrotor,87,135.0,75.0
quadrotor_0,quadrotor,88,150.0,75.0
quadrotor_0,quadrotor,89,165.0,75.0
quadrotor_0,quadrotor,90,180.0,75.0
quadrotor_0,quadrotor,91,195.0,75.0
quadrotor_0,quadrotor,92,210.0,75.0
quadrotor_0,quadrotor,93,225.0,75.0
quadrotor_0,quadrotor,94,240.0,75.0
quadrotor_0,quadrotor,95,255.0,75.0
quadrotor_0,quadrotor,96,270.0,75.0
quadrotor_0,quadrotor,97,285.0,75.0
quadrotor_0,quadrotor,98,300.0,75.0
quadrotor_0,quadrotor,99,315.0,75.0
quadrotor_0,quadrotor,100,330.0,75.0
quadrotor_0,quadrotor,101,345.0,75.0
quadrotor_0,quadrotor,102,360.0,75.0
quadrotor_0,quadrotor,103,375.0,75.0
quadrotor_0,quadrotor,104,375.0,90.0
quadrotor_0,quadrotor,105,390.0,90.0
quadrotor_0,quadrotor,106,390.0,105.0
quadrotor_0,quadrotor,107,405.0,105.0
quadrotor_0,quadrotor,108,405.0,120.0
quadrotor_0,quadrotor,109,420.0,120.0
quadrotor_0,quadrotor,110,420.0,135.0
quadrotor_0,quadrotor,111,435.0,135.0
quadrotor_0,quadrotor,112,435.0,150.0
quadrotor_0,quadrotor,113,450.0,150.0
quadrotor_0,quadrotor,114,450.0,165.0
quadrotor_0,quadrotor,115,465.0,165.0
quadrotor_0,quadrotor,116,465.0,180.0
quadrotor_0,quadrotor,117,480.0,180.0
quadrotor_0,quadrotor,118,480.0,195.0
quadrotor_0,quadrotor,119,495.0,195.0
quadrotor_0,quadrotor,120,495.0,210.0
quadrotor_0,quadrotor,121,510.0,210.0
quadrotor_0,quadrotor,122,510.0,225.0
quadrotor_0,quadrotor,123,525.0,225.0
quadrotor_0,quadrotor,124,525.0,240.0
quadrotor_0,quadrotor,125,540.0,240.0
quadrotor_0,quadrotor,126,540.0,255.0
quadrotor_0,quadrotor,127,555.0,255.0
quadrotor_0,quadrotor,128,555.0,270.0
quadrotor_0,quadrotor,129,570.0,270.0
quadrotor_0,quadrotor,130,570.0,285.0
quadrotor_0,quadrotor,131,585.0,285.0
quadrotor_0,quadrotor,132,585.0,300.0
quadrotor_0,quadrotor,133,600.0,300.0
quadrotor_0,quadrotor,134,600.0,315.0
quadrotor_0,quadrotor,135,615.0,315.0
quadrotor_0,quadrotor,136,615.0,330.0
quadrotor_0,quadrotor,137,630.0,330.0
quadrotor_0,quadrotor,138,630.0,345.0
quadrotor_0,quadrotor,139,645.0,345.0
quadrotor_0,quadrotor,140,645.0,360.0
quadrotor_0,quadrotor,141,660.0,360.0
quadrotor_0,quadrotor,142,660.0,375.0
quadrotor_0,quadrotor,143,675.0,375.0
quadrotor_0,quadrotor,144,675.0,390.0
quadrotor_0,quadrotor,145,690.0,390.0
quadrotor_0,quadrotor,146,690.0,405.0
quadrotor_0,quadrotor,147,705.0,405.0
quadrotor_0,quadrotor,148,705.0,420.0
quadrotor_0,quadrotor,149,720.0,420.0
quadrotor_0,quadrotor,150,720.0,435.0
quadrotor_0,quadrotor,151,735.0,435.0
quadrotor_0,quadrotor,152,735.0,450.0
quadrotor_0,quadrotor,153,750.0,450.0
quadrotor_0,quadrotor,154,750.0,465.0
quadrotor_0,quadrotor,155,765.0,465.0
quadrotor_0,quadrotor,156,765.0,480.0
quadrotor_0,quadrotor,157,780.0,480.0
quadrotor_0,quadrotor,158,780.0,495.0
quadrotor_0,quadrotor,159,795.0,495.0
quadrotor_0,quadrotor,160,795.0,510.0
quadrotor_0,quadrotor,161,810.0,510.0
quadrotor_0,quadrotor,162,810.0,525.0
quadrotor_0,quadrotor,163,825.0,525.0
quadrotor_0,quadrotor,164,825.0,540.0
quadrotor_0,quadrotor,165,840.0,540.0
quadrotor_0,quadrotor,166,840.0,555.0
quadrotor_0,quadrotor,167,855.0,555.0
quadrotor_0,quadrotor,168,855.0,570.0
quadrotor_0,quadrotor,169,870.0,570.0
quadrotor_0,quadrotor,170,870.0,585.0
quadrotor_0,quadrotor,171,885.0,585.0
quadrotor_0,quadrotor,172,885.0,600.0
quadrotor_0,quadrotor,173,900.0,600.0
quadrotor_0,quadrotor,174,900.0,615.0
quadrotor_0,quadrotor,175,915.0,615.0
quadrotor_0,quadrotor,176,915.0,630.0
quadrotor_0,quadrotor,177,930.0,630.0
quadrotor_0,quadrotor,178,930.0,645.0
quadrotor_0,quadrotor,179,945.0,645.0
quadrotor_0,quadrotor,180,945.0,660.0
quadrotor_0,quadrotor,181,960.0,660.0
quadrotor_0,quadrotor,182,960.0,675.0
quadrotor_0,quadrotor,183,975.0,675.0
quadrotor_0,quadrotor,184,975.0,690.0
quadrotor_0,quadrotor,185,990.0,690.0
quadrotor_0,quadrotor,186,990.0,705.0
quadrotor_0,quadrotor,187,1005.0,705.0
quadrotor_0,quadrotor,188,1005.0,720.0
quadrotor_0,quadrotor,189,1020.0,720.0
quadrotor_0,quadrotor,190,1020.0,735.0
quadrotor_0,quadrotor,191,1035.0,735.0
quadrotor_0,quadrotor,192,1035.0,750.0
quadrotor_0,quadrotor,193,1050.0,750.0
quadrotor_0,quadrotor,194,1050.0,765.0
quadrotor_0,quadrotor,195,1065.0,765.0
quadrotor_0,quadrotor,196,1065.0,780.0
quadrotor_0,quadrotor,197,1080.0,780.0
quadrotor_0,quadrotor,198,1080.0,795.0
quadrotor_0,quadrotor,199,1095.0,795.0
quadrotor_0,quadrotor,200,1095.0,810.0
quadrotor_0,quadrotor,201,1110.0,810.0
quadrotor_0,quadrotor,202,1110.0,825.0
quadrotor_0,quadrotor,203,1125.0,825.0
quadrotor_0,quadrotor,204,1125.0,840.0
quadrotor_0,quadrotor,205,1140.0,840.0
quadrotor_0,quadrotor,206,1140.0,855.0
quadrotor_0,quadrotor,207,1155.0,855.0
quadrotor_0,quadrotor,208,1155.0,870.0
quadrotor_0,quadrotor,209,1170.0,870.0
quadrotor_0,quadrotor,210,1170.0,885.0
quadrotor_0,quadrotor,211,1185.0,885.0
quadrotor_0,quadrotor,212,1185.0,900.0
quadrotor_0,quadrotor,213,1200.0,900.0
quadrotor_0,quadrotor,214,1200.0,915.0
quadrotor_0,quadrotor,215,1215.0,915.0
quadrotor_0,quadrotor,216,1215.0,930.0
quadrotor_0,quadrotor,217,1230.0,930.0
quadrotor_0,quadrotor,218,1230.0,945.0
quadrotor_0,quadrotor,219,1245.0,945.0
quadrotor_0,quadrotor,220,1245.0,960.0
quadrotor_0,quadrotor,221,1260.0,960.0
quadrotor_0,quadrotor,222,1260.0,975.0
quadrotor_0,quadrotor,223,1275.0,975.0
quadrotor_0,quadrotor,224,1275.0,990.0
quadrotor_0,quadrotor,225,1290.0,990.0
quadrotor_0,quadrotor,226,1290.0,1005.0
quadrotor_0,quadrotor,227,1305.0,1005.0
quadrotor_0,quadrotor,228,1305.0,1020.0
quadrotor_0,quadrotor,229,1320.0,1020.0
quadrotor_0,quadrotor,230,1320.0,1035.0
quadrotor_0,quadrotor,231,1335.0,1035.0
quadrotor_0,quadrotor,232,1335.0,1050.0
quadrotor_0,quadrotor,233,1350.0,1050.0
quadrotor_0,quadrotor,234,1350.0,1065.0
quadrotor_0,quadrotor,235,1365.0,1065.0
quadrotor_0,quadrotor,236,1365.0,1080.0
quadrotor_0,quadrotor,237,1380.0,1080.0
quadrotor_0,quadrotor,238,1380.0,1095.0
quadrotor_0,quadrotor,239,1395.0,1095.0
quadrotor_0,quadrotor,240,1395.0,1110.0
quadrotor_0,quadrotor,241,1410.0,1110.0
quadrotor_0,quadrotor,242,1410.0,1125.0
quadrotor_0,quadrotor,243,1425.0,1125.0
quadrotor_0,quadrotor,244,1425.0,1140.0
quadrotor_0,quadrotor,245,1440.0,1140.0
quadrotor_0,quadrotor,246,1440.0,1155.0
quadrotor_0,quadrotor,247,1455.0,1155.0
quadrotor_0,quadrotor,248,1455.0,1170.0
quadrotor_0,quadrotor,249,1470.0,1170.0
quadrotor_0,quadrotor,250,1470.0,1185.0
quadrotor_0,quadrotor,251,1485.0,1185.0
quadrotor_0,quadrotor,252,1485.0,1200.0
quadrotor_0,quadrotor,253,1500.0,1200.0
quadrotor_0,quadrotor,254,1500.0,1215.0
quadrotor_0,quadrotor,255,1515.0,1215.0
quadrotor_0,quadrotor,256,1515.0,1230.0
quadrotor_0,quadrotor,257,1530.0,1230.0
quadrotor_0,quadrotor,258,1530.0,1245.0
quadrotor_0,quadrotor,259,1545.0,1245.0
quadrotor_0,quadrotor,260,1545.0,1260.0
quadrotor_0,quadrotor,261,1560.0,1260.0
quadrotor_0,quadrotor,262,1560.0,1275.0
quadrotor_0,quadrotor,263,1575.0,1275.0
quadrotor_0,quadrotor,264,1575.0,1290.0
quadrotor_0,quadrotor,265,1590.0,1290.0
quadrotor_0,quadrotor,266,1590.0,1305.0
quadrotor_0,quadrotor,267,1590.0,1305.0
quadrotor_0,quadrotor,268,1590.0,1305.0
quadrotor_0,quadrotor,269,1590.0,1305.0
quadrotor_0,quadrotor,270,1590.0,1305.0
quadrotor_0,quadrotor,271,1590.0,1305.0
quadrotor_0,quadrotor,272,1590.0,1305.0
quadrotor_0,quadrotor,273,1590.0,1305.0
quadrotor_0,quadrotor,274,1590.0,1305.0
quadrotor_0,quadrotor,275,1590.0,1305.0
quadrotor_0,quadrotor,276,1590.0,1305.0
quadrotor_0,quadrotor,277,1590.0,1305.0
quadrotor_0,quadrotor,278,1590.0,1305.0
quadrotor_0,quadrotor,279,1590.0,1305.0
quadrotor_0,quadrotor,280,1590.0,1305.0
quadrotor_0,quadrotor,281,1590.0,1305.0
quadrotor_0,quadrotor,282,1590.0,1305.0
quadrotor_0,quadrotor,283,1590.0,1305.0
quadrotor_0,quadrotor,284,1590.0,1305.0
quadrotor_0,quadrotor,285,1590.0,1305.0
quadrotor_0,quadrotor,286,1590.0,1305.0
quadrotor_0,quadrotor,287,1590.0,1305.0
quadrotor_0,quadrotor,288,1590.0,1305.0
quadrotor_0,quadrotor,289,1590.0,1305.0
quadrotor_0,quadrotor,290,1590.0,1305.0
quadrotor_0,quadrotor,291,1590.0,1305.0
quadrotor_0,quadrotor,292,1590.0,1305.0
quadrotor_0,quadrotor,293,1590.0,1305.0
quadrotor_0,quadrotor,294,1590.0,1305.0
quadrotor_0,quadrotor,295,1590.0,1305.0
quadrotor_0,quadrotor,296,1590.0,1305.0
quadrotor_0,quadrotor,297,1590.0,1305.0
quadrotor_0,quadrotor,298,1590.0,1305.0
quadrotor_0,quadrotor,299,1590.0,1305.0
quadrotor_0,quadrotor,300,1590.0,1305.0
quadrotor_0,quadrotor,301,1590.0,1305.0
quadrotor_0,quadrotor,302,1590.0,1305.0
quadrotor_0,quadrotor,303,1590.0,1305.0
quadrotor_0,quadrotor,304,1590.0,1305.0
quadrotor_0,quadrotor,305,1590.0,1305.0
quadrotor_0,quadrotor,306,1590.0,1305.0
quadrotor_0,quadrotor,307,1590.0,1305.0
quadrotor_0,quadrotor,308,1590.0,1305.0
quadrotor_0,quadrotor,309,1590.0,1305.0
quadrotor_0,quadrotor,310,1590.0,1305.0
quadrotor_0,quadrotor,311,1590.0,1305.0
quadrotor_0,quadrotor,312,1590.0,1305.0
quadrotor_0,quadrotor,313,1590.0,1305.0
quadrotor_0,quadrotor,314,1590.0,1305.0
quadrotor_0,quadrotor,315,1590.0,1305.0
quadrotor_0,quadrotor,316,1590.0,1305.0
quadrotor_0,quadrotor,317,1590.0,1305.0
quadrotor_0,quadrotor,318,1590.0,1305.0
quadrotor_0,quadrotor,319,1590.0,1305.0
quadrotor_0,quadrotor,320,1590.0,1305.0
quadrotor_0,quadrotor,321,1590.0,1305.0
quadrotor_0,quadrotor,322,1590.0,1305.0
quadrotor_0,quadrotor,323,1590.0,1305.0
quadrotor_0,quadrotor,324,1590.0,1305.0
quadrotor_0,quadrotor,325,1590.0,1305.0
quadrotor_0,quadrotor,326,1590.0,1305.0
quadrotor_0,quadrotor,327,1590.0,1305.0
quadrotor_0,quadrotor,328,1590.0,1305.0
quadrotor_0,quadrotor,329,1590.0,1305.0
quadrotor_0,quadrotor,330,1590.0,1305.0
quadrotor_0,quadrotor,331,1590.0,1305.0
quadrotor_0,quadrotor,332,1590.0,1305.0
quadrotor_0,quadrotor,333,1590.0,1305.0
quadrotor_0,quadrotor,334,1590.0,1305.0
quadrotor_0,quadrotor,335,1590.0,1305.0
quadrotor_0,quadrotor,336,1590.0,1305.0
quadrotor_0,quadrotor,337,1590.0,1305.0
quadrotor_0,quadrotor,338,1590.0,1305.0
quadrotor_0,quadrotor,339,1590.0,1305.0
quadrotor_0,quadrotor,340,1590.0,1305.0
quadrotor_0,quadrotor,341,1590.0,1305.0
quadrotor_0,quadrotor,342,1590.0,1305.0
quadrotor_0,quadrotor,343,1590.0,1305.0
quadrotor_0,quadrotor,344,1590.0,1305.0
quadrotor_0,quadrotor,345,1590.0,1305.0
quadrotor_0,quadrotor,346,1590.0,1305.0
quadrotor_0,quadrotor,347,1590.0,1305.0
quadrotor_0,quadrotor,348,1590.0,1305.0
quadrotor_0,quadrotor,349,1590.0,1305.0
quadrotor_0,quadrotor,350,1590.0,1305.0
quadrotor_0,quadrotor,351,1590.0,1305.0
quadrotor_0,quadrotor,352,1590.0,1305.0
quadrotor_0,quadrotor,353,1590.0,1305.0
quadrotor_0,quadrotor,354,1590.0,1305.0
quadrotor_0,quadrotor,355,1590.0,1305.0
quadrotor_0,quadrotor,356,1590.0,1305.0
quadrotor_0,quadrotor,357,1590.0,1305.0
quadrotor_0,quadrotor,358,1590.0,1305.0
quadrotor_0,quadrotor,359,1590.0,1305.0
quadrotor_0,quadrotor,360,1590.0,1305.0
quadrotor_0,quadrotor,361,1590.0,1305.0
quadrotor_0,quadrotor,362,1590.0,1305.0
quadrotor_0,quadrotor,363,1590.0,1305.0
quadrotor_0,quadrotor,364,1590.0,1305.0
quadrotor_0,quadrotor,365,1590.0,1305.0
quadrotor_0,quadrotor,366,1590.0,1305.0
quadrotor_0,quadrotor,367,1590.0,1305.0
quadrotor_0,quadrotor,368,1590.0,1305.0
quadrotor_0,quadrotor,369,1590.0,1305.0
quadrotor_0,quadrotor,370,1590.0,1305.0
quadrotor_0,quadrotor,371,1590.0,1305.0
quadrotor_0,quadrotor,372,1590.0,1305.0
quadrotor_0,quadrotor,373,1590.0,1305.0
quadrotor_0,quadrotor,374,1590.0,1305.0
quadrotor_0,quadrotor,375,1590.0,1305.0
quadrotor_0,quadrotor,376,1590.0,1305.0
quadrotor_0,quadrotor,377,1590.0,1305.0
quadrotor_0,quadrotor,378,1590.0,1305.0
quadrotor_0,quadrotor,379,1590.0,1305.0
quadrotor_0,quadrotor,380,1590.0,1305.0
quadrotor_0,quadrotor,381,1590.0,1305.0
quadrotor_0,quadrotor,382,1590.0,1305.0
quadrotor_0,quadrotor,383,1590.0,1305.0
quadrotor_0,quadrotor,384,1590.0,1305.0
quadrotor_0,quadrotor,385,1590.0,1305.0
quadrotor_0,quadrotor,386,1590.0,1305.0
quadrotor_0,quadrotor,387,1590.0,1305.0
quadrotor_0,quadrotor,388,1590.0,1305.0
quadrotor_0,quadrotor,389,1590.0,1305.0
quadrotor_0,quadrotor,390,1590.0,1305.0
quadrotor_0,quadrotor,391,1590.0,1305.0
quadrotor_0,quadrotor,392,1590.0,1305.0
quadrotor_0,quadrotor,393,1590.0,1305.0
quadrotor_0,quadrotor,394,1590.0,1305.0
quadrotor_0,quadrotor,395,1590.0,1305.0
quadrotor_0,quadrotor,396,1590.0,1305.0
quadrotor_0,quadrotor,397,1590.0,1305.0
quadrotor_0,quadrotor,398,1590.0,1305.0
quadrotor_0,quadrotor,399,1590.0,1305.0
quadrotor_0,quadrotor,400,1590.0,1305.0
quadrotor_0,quadrotor,401,1590.0,1305.0
quadrotor_0,quadrotor,402,1590.0,1305.0
quadrotor_0,quadrotor,403,1590.0,1305.0
quadrotor_0,quadrotor,404,1590.0,1305.0
quadrotor_0,quadrotor,405,1590.0,1305.0
quadrotor_0,quadrotor,406,1590.0,1305.0
quadrotor_0,quadrotor,407,1590.0,1305.0
quadrotor_0,quadrotor,408,1590.0,1305.0
quadrotor_0,quadrotor,409,1590.0,1305.0
quadrotor_0,quadrotor,410,1590.0,1305.0
quadrotor_0,quadrotor,411,1590.0,1305.0
quadrotor_0,quadrotor,412,1590.0,1305.0
quadrotor_0,quadrotor,413,1590.0,1305.0
quadrotor_0,quadrotor,414,1590.0,1305.0
quadrotor_0,quadrotor,415,1590.0,1305.0
quadrotor_0,quadrotor,416,1590.0,1305.0
quadrotor_0,quadrotor,417,1590.0,1305.0
quadrotor_0,quadrotor,418,1590.0,1305.0
quadrotor_0,quadrotor,419,1590.0,1305.0
quadrotor_0,quadrotor,420,1590.0,1305.0
quadrotor_0,quadrotor,421,1590.0,1305.0
quadrotor_0,quadrotor,422,1590.0,1305.0
quadrotor_0,quadrotor,423,1590.0,1305.0
quadrotor_0,quadrotor,424,1590.0,1305.0
quadrotor_0,quadrotor,425,1590.0,1305.0
quadrotor_0,quadrotor,426,1590.0,1305.0
quadrotor_0,quadrotor,427,1590.0,1305.0
quadrotor_0,quadrotor,428,1590.0,1305.0
quadrotor_0,quadrotor,429,1590.0,1305.0
quadrotor_0,quadrotor,430,1590.0,1305.0
quadrotor_0,quadrotor,431,1590.0,1305.0
quadrotor_0,quadrotor,432,1590.0,1305.0
quadrotor_0,quadrotor,433,1590.0,1305.0
quadrotor_0,quadrotor,434,1590.0,1305.0
quadrotor_0,quadrotor,435,1590.0,1305.0
quadrotor_0,quadrotor,436,1590.0,1305.0
quadrotor_0,quadrotor,437,1590.0,1305.0
quadrotor_0,quadrotor,438,1590.0,1305.0
quadrotor_0,quadrotor,439,1590.0,1305.0
quadrotor_0,quadrotor,440,1590.0,1305.0
quadrotor_0,quadrotor,441,1590.0,1305.0
quadrotor_0,quadrotor,442,1590.0,1305.0
quadrotor_0,quadrotor,443,1590.0,1305.0
quadrotor_0,quadrotor,444,1590.0,1305.0
quadrotor_0,quadrotor,445,1590.0,1305.0
quadrotor_0,quadrotor,446,1590.0,1305.0
quadrotor_0,quadrotor,447,1590.0,1305.0
quadrotor_0,quadrotor,448,1590.0,1305.0
quadrotor_0,quadrotor,449,1590.0,1305.0
quadrotor_0,quadrotor,450,1590.0,1305.0
quadrotor_0,quadrotor,451,1590.0,1305.0
quadrotor_0,quadrotor,452,1590.0,1305.0
quadrotor_0,quadrotor,453,1590.0,1305.0
quadrotor_0,quadrotor,454,1578.405274925153,1295.4835747027198
quadrotor_0,quadrotor,455,1566.810549850306,1285.9671494054396
quadrotor_0,quadrotor,456,1555.215824775459,1276.4507241081594
quadrotor_0,quadrotor,457,1543.621099700612,1266.9342988108792
quadrotor_0,quadrotor,458,1532.026374625765,1257.417873513599
quadrotor_0,quadrotor,459,1520.4316495509179,1247.9014482163188
quadrotor_0,quadrotor,460,1508.8369244760709,1238.3850229190386
quadrotor_0,quadrotor,461,1497.2421994012238,1228.8685976217585
quadrotor_0,quadrotor,462,1485.6474743263768,1219.3521723244783
quadrotor_0,quadrotor,463,1474.0527492515298,1209.835747027198
quadrotor_0,quadrotor,464,1462.4580241766828,1200.3193217299179
quadrotor_0,quadrotor,465,1450.8632991018358,1190.8028964326377
quadrotor_0,quadrotor,466,1439.2685740269887,1181.2864711353575
quadrotor_0,quadrotor,467,1427.6738489521417,1171.7700458380773
quadrotor_0,quadrotor,468,1416.0791238772947,1162.253620540797
quadrotor_0,quadrotor,469,1404.4843988024477,1152.737195243517
quadrotor_0,quadrotor,470,1392.8896737276007,1143.2207699462367
quadrotor_0,quadrotor,471,1381.2949486527536,1133.7043446489565
quadrotor_0,quadrotor,472,1369.7002235779066,1124.1879193516763
quadrotor_0,quadrotor,473,1358.1054985030596,1114.6714940543961
quadrotor_0,quadrotor,474,1346.5107734282126,1105.155068757116
quadrotor_0,quadrotor,475,1334.9160483533656,1095.6386434598357
quadrotor_0,quadrotor,476,1323.3213232785185,1086.1222181625556
quadrotor_0,quadrotor,477,1311.7265982036715,1076.6057928652754
quadrotor_0,quadrotor,478,1300.1318731288245,1067.0893675679952
quadrotor_0,quadrotor,479,1288.5371480539775,1057.572942270715
quadrotor_0,quadrotor,480,1276.9424229791305,1048.0565169734348
quadrotor_0,quadrotor,481,1265.3476979042835,1038.5400916761546
quadrotor_0,quadrotor,482,1253.7529728294364,1029.0236663788744
quadrotor_0,quadrotor,483,1242.1582477545894,1019.5072410815943
quadrotor_0,quadrotor,484,1230.5635226797424,1009.9908157843142
quadrotor_0,quadrotor,485,1218.9687976048954,1000.4743904870342
quadrotor_0,quadrotor,486,1207.3740725300484,990.9579651897541
quadrotor_0,quadrotor,487,1195.7793474552013,981.441539892474
quadrotor_0,quadrotor,488,1184.1846223803543,971.9251145951939
quadrotor_0,quadrotor,489,1172.5898973055073,962.4086892979138
quadrotor_0,quadrotor,490,1160.9951722306603,952.8922640006338
quadrotor_0,quadrotor,491,1149.4004471558133,943.3758387033537
quadrotor_0,quadrotor,492,1137.8057220809662,933.8594134060736
quadrotor_0,quadrotor,493,1126.2109970061192,924.3429881087935
quadrotor_0,quadrotor,494,1114.6162719312722,914.8265628115134
quadrotor_0,quadrotor,495,1103.0215468564252,905.3101375142334
quadrotor_0,quadrotor,496,1091.4268217815782,895.7937122169533
quadrotor_0,quadrotor,497,1079.8320967067311,886.2772869196732
quadrotor_0,quadrotor,498,1068.2373716318841,876.7608616223931
quadrotor_0,quadrotor,499,1056.642646557037,867.244436325113
quadrotor_0,quadrotor,500,1045.04792148219,857.728011027833
quadrotor_0,quadrotor,501,1033.453196407343,848.2115857305529
quadrotor_0,quadrotor,502,1021.858471332496,838.6951604332728
quadrotor_0,quadrotor,503,1010.263746257649,829.1787351359927
quadrotor_0,quadrotor,504,998.669021182802,819.6623098387126
quadrotor_0,quadrotor,505,987.074296107955,810.1458845414326
quadrotor_0,quadrotor,506,975.479571033108,800.6294592441525
quadrotor_0,quadrotor,507,963.8848459582609,791.1130339468724
quadrotor_0,quadrotor,508,952.2901208834139,781.5966086495923
quadrotor_0,quadrotor,509,940.6953958085669,772.0801833523122
quadrotor_0,quadrotor,510,929.1006707337199,762.5637580550322
quadrotor_0,quadrotor,511,917.5059456588729,753.0473327577521
quadrotor_0,quadrotor,512,905.9112205840258,743.530907460472
quadrotor_0,quadrotor,513,894.3164955091788,734.0144821631919
quadrotor_0,quadrotor,514,882.7217704343318,724.4980568659118
quadrotor_0,quadrotor,515,871.1270453594848,714.9816315686318
quadrotor_0,quadrotor,516,859.5323202846378,705.4652062713517
quadrotor_0,quadrotor,517,847.9375952097907,695.9487809740716
quadrotor_0,quadrotor,518,836.3428701349437,686.4323556767915
quadrotor_0,quadrotor,519,824.7481450600967,676.9159303795115
quadrotor_0,quadrotor,520,813.1534199852497,667.3995050822314
quadrotor_0,quadrotor,521,801.5586949104027,657.8830797849513
quadrotor_0,quadrotor,522,789.9639698355556,648.3666544876712
quadrotor_0,quadrotor,523,778.3692447607086,638.8502291903911
quadrotor_0,quadrotor,524,766.7745196858616,629.333803893111
quadrotor_0,quadrotor,525,755.1797946110146,619.817378595831
quadrotor_0,quadrotor,526,743.5850695361676,610.3009532985509
quadrotor_0,quadrotor,527,731.9903444613205,600.7845280012708
quadrotor_0,quadrotor,528,720.3956193864735,591.2681027039907
quadrotor_0,quadrotor,529,708.8008943116265,581.7516774067107
quadrotor_0,quadrotor,530,697.2061692367795,572.2352521094306
quadrotor_0,quadrotor,531,685.6114441619325,562.7188268121505
quadrotor_0,quadrotor,532,674.0167190870854,553.2024015148704
quadrotor_0,quadrotor,533,662.4219940122384,543.6859762175903
quadrotor_0,quadrotor,534,650.8272689373914,534.1695509203103
quadrotor_0,quadrotor,535,639.2325438625444,524.6531256230302
quadrotor_0,quadrotor,536,627.6378187876974,515.1367003257501
quadrotor_0,quadrotor,537,616.0430937128504,505.62027502847
quadrotor_0,quadrotor,538,604.4483686380033,496.10384973118994
quadrotor_0,quadrotor,539,592.8536435631563,486.58742443390986
quadrotor_0,quadrotor,540,581.2589184883093,477.0709991366298
quadrotor_0,quadrotor,541,569.6641934134623,467.5545738393497
quadrotor_0,quadrotor,542,558.0694683386153,458.0381485420696
quadrotor_0,quadrotor,543,546.4747432637682,448.52172324478954
quadrotor_0,quadrotor,544,534.8800181889212,439.00529794750946
quadrotor_0,quadrotor,545,523.2852931140742,429.4888726502294
quadrotor_0,quadrotor,546,511.6905680392271,419.9724473529493
quadrotor_0,quadrotor,547,500.09584296438004,410.4560220556692
quadrotor_0,quadrotor,548,488.50111788953296,400.93959675838914
quadrotor_0,quadrotor,549,476.9063928146859,391.423171461109
quadrotor_0,quadrotor,550,465.3116677398388,381.90674616382887
quadrotor_0,quadrotor,551,453.71694266499173,372.3903208665488
quadrotor_0,quadrotor,552,442.12221759014466,362.8738955692687
quadrotor_0,quadrotor,553,430.5274925152976,353.3574702719886
quadrotor_0,quadrotor,554,418.9327674404505,343.84104497470844
quadrotor_0,quadrotor,555,407.3380423656034,334.3246196774283
quadrotor_0,quadrotor,556,395.74331729075635,324.80819438014817
quadrotor_0,quadrotor,557,384.1485922159093,315.29176908286803
quadrotor_0,quadrotor,558,372.5538671410622,305.7753437855879
quadrotor_0,quadrotor,559,360.9591420662151,296.2589184883078
quadrotor_0,quadrotor,560,349.36441699136805,286.7424931910277
quadrotor_0,quadrotor,561,337.76969191652097,277.22606789374754
quadrotor_0,quadrotor,562,326.1749668416739,267.7096425964674
quadrotor_0,quadrotor,563,314.5802417668268,258.19321729918727
quadrotor_0,quadrotor,564,302.98551669197974,248.67679200190716
quadrotor_0,quadrotor,565,291.39079161713266,239.16036670462705
quadrotor_0,quadrotor,566,279.7960665422856,229.64394140734694
quadrotor_0,quadrotor,567,268.2013414674385,220.12751611006684
quadrotor_0,quadrotor,568,256.60661639259143,210.61109081278673
quadrotor_0,quadrotor,569,245.01189131774439,201.09466551550662
quadrotor_0,quadrotor,570,233.41716624289734,191.5782402182265
quadrotor_0,quadrotor,571,221.82244116805026,182.0618149209464
quadrotor_0,quadrotor,572,210.2277160932032,172.5453896236663
quadrotor_0,quadrotor,573,198.63299101835617,163.0289643263862
quadrotor_0,quadrotor,574,187.0382659435091,153.51253902910608
quadrotor_0,quadrotor,575,175.443540868662,143.99611373182597
quadrotor_0,quadrotor,576,163.84881579381496,134.47968843454586
quadrotor_0,quadrotor,577,152.25409071896792,124.96326313726576
quadrotor_0,quadrotor,578,140.65936564412084,115.44683783998565
quadrotor_0,quadrotor,579,129.0646405692738,105.93041254270554
quadrotor_0,quadrotor,580,117.46991549442673,96.41398724542543
quadrotor_0,quadrotor,581,105.87519041957967,86.89756194814532
quadrotor_0,quadrotor,582,94.2804653447326,77.38113665086522
quadrotor_0,quadrotor,583,82.68574026988554,67.86471135358511
quadrotor_0,quadrotor,584,71.09101519503848,58.348286056305
quadrotor_0,quadrotor,585,59.49629012019142,48.83186075902489
quadrotor_0,quadrotor,586,47.901565045344356,39.315435461744784
quadrotor_0,quadrotor,587,36.30683997049729,29.799010164464676
quadrotor_0,quadrotor,588,24.71211489565023,20.282584867184568
quadrotor_0,quadrotor,589,13.11738982080317,10.76615956990446
quadrotor_0,quadrotor,590,1.52266474595611,1.2497342726243499
quadrotor_0,quadrotor,591,0.0,0.0
quadrotor_0,quadrotor,592,0.0,0.0
quadrotor_0,quadrotor,593,0.0,0.0
quadrotor_0,quadrotor,594,0.0,0.0
quadrotor_0,quadrotor,595,0.0,0.0
quadrotor_0,quadrotor,596,0.0,0.0
quadrotor_0,quadrotor,597,0.0,0.0
quadrotor_0,quadrotor,598,0.0,0.0
quadrotor_0,quadrotor,599,0.0,0.0
quadrotor_0,quadrotor,600,0.0,0.0
quadrotor_0,quadrotor,601,0.0,0.0
quadrotor_0,quadrotor,602,0.0,0.0
quadrotor_0,quadrotor,603,0.0,0.0
quadrotor_1,quadrotor,0,0.0,150.0
quadrotor_1,quadrotor,1,0.0,150.0
quadrotor_1,quadrotor,2,0.0,150.0
quadrotor_1,quadrotor,3,0.0,150.0
quadrotor_1,quadrotor,4,0.0,150.0
quadrotor_1,quadrotor,5,0.0,150.0
quadrotor_1,quadrotor,6,0.0,150.0
quadrotor_1,quadrotor,7,0.0,150.0
quadrotor_1,quadrotor,8,0.0,150.0
quadrotor_1,quadrotor,9,0.0,150.0
quadrotor_1,quadrotor,10,0.0,150.0
quadrotor_1,quadrotor,11,0.0,150.0
quadrotor_1,quadrotor,12,0.0,150.0
quadrotor_1,quadrotor,13,0.0,150.0
quadrotor_1,quadrotor,14,0.0,150.0
quadrotor_1,quadrotor,15,0.0,150.0
quadrotor_1,quadrotor,16,0.0,150.0
quadrotor_1,quadrotor,17,0.0,150.0
quadrotor_1,quadrotor,18,0.0,150.0
quadrotor_1,quadrotor,19,0.0,150.0
quadrotor_1,quadrotor,20,0.0,150.0
quadrotor_1,quadrotor,21,0.0,150.0
quadrotor_1,quadrotor,22,0.0,150.0
quadrotor_1,quadrotor,23,0.0,150.0
quadrotor_1,quadrotor,24,0.0,150.0
quadrotor_1,quadrotor,25,0.0,150.0
quadrotor_1,quadrotor,26,0.0,150.0
quadrotor_1,quadrotor,27,0.0,150.0
quadrotor_1,quadrotor,28,0.0,150.0
quadrotor_1,quadrotor,29,0.0,150.0
quadrotor_1,quadrotor,30,0.0,150.0
quadrotor_1,quadrotor,31,0.0,150.0
quadrotor_1,quadrotor,32,0.0,150.0
quadrotor_1,quadrotor,33,0.0,150.0
quadrotor_1,quadrotor,34,0.0,150.0
quadrotor_1,quadrotor,35,0.0,150.0
quadrotor_1,quadrotor,36,0.0,150.0
quadrotor_1,quadrotor,37,0.0,150.0
quadrotor_1,quadrotor,38,0.0,150.0
quadrotor_1,quadrotor,39,0.0,150.0
quadrotor_1,quadrotor,40,0.0,150.0
quadrotor_1,quadrotor,41,0.0,150.0
quadrotor_1,quadrotor,42,0.0,150.0
quadrotor_1,quadrotor,43,0.0,150.0
quadrotor_1,quadrotor,44,0.0,150.0
quadrotor_1,quadrotor,45,0.0,150.0
quadrotor_1,quadrotor,46,0.0,150.0
quadrotor_1,quadrotor,47,0.0,150.0
quadrotor_1,quadrotor,48,0.0,150.0
quadrotor_1,quadrotor,49,0.0,150.0
quadrotor_1,quadrotor,50,0.0,150.0
quadrotor_1,quadrotor,51,0.0,150.0
quadrotor_1,quadrotor,52,0.0,150.0
quadrotor_1,quadrotor,53,0.0,150.0
quadrotor_1,quadrotor,54,0.0,150.0
quadrotor_1,quadrotor,55,0.0,150.0
quadrotor_1,quadrotor,56,0.0,150.0
quadrotor_1,quadrotor,57,0.0,150.0
quadrotor_1,quadrotor,58,0.0,150.0
quadrotor_1,quadrotor,59,0.0,150.0
quadrotor_1,quadrotor,60,0.0,150.0
quadrotor_1,quadrotor,61,0.0,150.0
quadrotor_1,quadrotor,62,0.0,150.0
quadrotor_1,quadrotor,63,0.0,150.0
quadrotor_1,quadrotor,64,0.0,150.0
quadrotor_1,quadrotor,65,0.0,150.0
quadrotor_1,quadrotor,66,0.0,150.0
quadrotor_1,quadrotor,67,0.0,150.0
quadrotor_1,quadrotor,68,0.0,150.0
quadrotor_1,quadrotor,69,0.0,150.0
quadrotor_1,quadrotor,70,0.0,150.0
quadrotor_1,quadrotor,71,0.0,150.0
quadrotor_1,quadrotor,72,0.0,150.0
quadrotor_1,quadrotor,73,0.0,150.0
quadrotor_1,quadrotor,74,0.0,150.0
quadrotor_1,quadrotor,75,0.0,150.0
quadrotor_1,quadrotor,76,0.0,150.0
quadrotor_1,quadrotor,77,0.0,150.0
quadrotor_1,quadrotor,78,0.0,150.0
quadrotor_1,quadrotor,79,0.0,150.0
quadrotor_1,quadrotor,80,0.0,150.0
quadrotor_1,quadrotor,81,0.0,150.0
quadrotor_1,quadrotor,82,0.0,150.0
quadrotor_1,quadrotor,83,0.0,150.0
quadrotor_1,quadrotor,84,0.0,150.0
quadrotor_1,quadrotor,85,0.0,150.0
quadrotor_1,quadrotor,86,0.0,150.0
quadrotor_1,quadrotor,87,0.0,150.0
quadrotor_1,quadrotor,88,0.0,150.0
quadrotor_1,quadrotor,89,0.0,150.0
quadrotor_1,quadrotor,90,0.0,150.0
quadrotor_1,quadrotor,91,0.0,150.0
quadrotor_1,quadrotor,92,0.0,150.0
quadrotor_1,quadrotor,93,15.0,150.0
quadrotor_1,quadrotor,94,30.0,150.0
quadrotor_1,quadrotor,95,45.0,150.0
quadrotor_1,quadrotor,96,60.0,150.0
quadrotor_1,quadrotor,97,75.0,150.0
quadrotor_1,quadrotor,98,90.0,150.0
quadrotor_1,quadrotor,99,105.0,150.0
quadrotor_1,quadrotor,100,120.0,150.0
quadrotor_1,quadrotor,101,120.0,165.0
quadrotor_1,quadrotor,102,135.0,165.0
quadrotor_1,quadrotor,103,135.0,180.0
quadrotor_1,quadrotor,104,150.0,180.0
quadrotor_1,quadrotor,105,150.0,195.0
quadrotor_1,quadrotor,106,165.0,195.0
quadrotor_1,quadrotor,107,165.0,210.0
quadrotor_1,quadrotor,108,180.0,210.0
quadrotor_1,quadrotor,109,180.0,225.0
quadrotor_1,quadrotor,110,195.0,225.0
quadrotor_1,quadrotor,111,195.0,240.0
quadrotor_1,quadrotor,112,210.0,240.0
quadrotor_1,quadrotor,113,210.0,255.0
quadrotor_1,quadrotor,114,225.0,255.0
quadrotor_1,quadrotor,115,225.0,270.0
quadrotor_1,quadrotor,116,240.0,270.0
quadrotor_1,quadrotor,117,240.0,285.0
quadrotor_1,quadrotor,118,255.0,285.0
quadrotor_1,quadrotor,119,255.0,300.0
quadrotor_1,quadrotor,120,270.0,300.0
quadrotor_1,quadrotor,121,270.0,315.0
quadrotor_1,quadrotor,122,285.0,315.0
quadrotor_1,quadrotor,123,285.0,330.0
quadrotor_1,quadrotor,124,300.0,330.0
quadrotor_1,quadrotor,125,300.0,345.0
quadrotor_1,quadrotor,126,315.0,345.0
quadrotor_1,quadrotor,127,315.0,360.0
quadrotor_1,quadrotor,128,330.0,360.0
quadrotor_1,quadrotor,129,330.0,375.0
quadrotor_1,quadrotor,130,345.0,375.0
quadrotor_1,quadrotor,131,345.0,390.0
quadrotor_1,quadrotor,132,360.0,390.0
quadrotor_1,quadrotor,133,360.0,405.0
quadrotor_1,quadrotor,134,375.0,405.0
quadrotor_1,quadrotor,135,375.0,420.0
quadrotor_1,quadrotor,136,390.0,420.0
quadrotor_1,quadrotor,137,390.0,435.0
quadrotor_1,quadrotor,138,405.0,435.0
quadrotor_1,quadrotor,139,405.0,450.0
quadrotor_1,quadrotor,140,420.0,450.0
quadrotor_1,quadrotor,141,420.0,465.0
quadrotor_1,quadrotor,142,435.0,465.0
quadrotor_1,quadrotor,143,435.0,480.0
quadrotor_1,quadrotor,144,450.0,480.0
quadrotor_1,quadrotor,145,450.0,495.0
quadrotor_1,quadrotor,146,465.0,495.0
quadrotor_1,quadrotor,147,465.0,510.0
quadrotor_1,quadrotor,148,480.0,510.0
quadrotor_1,quadrotor,149,480.0,525.0
quadrotor_1,quadrotor,150,495.0,525.0
quadrotor_1,quadrotor,151,495.0,540.0
quadrotor_1,quadrotor,152,510.0,540.0
quadrotor_1,quadrotor,153,510.0,555.0
quadrotor_1,quadrotor,154,525.0,555.0
quadrotor_1,quadrotor,155,525.0,570.0
quadrotor_1,quadrotor,156,540.0,570.0
quadrotor_1,quadrotor,157,540.0,585.0
quadrotor_1,quadrotor,158,555.0,585.0
quadrotor_1,quadrotor,159,555.0,600.0
quadrotor_1,quadrotor,160,570.0,600.0
quadrotor_1,quadrotor,161,570.0,615.0
quadrotor_1,quadrotor,162,585.0,615.0
quadrotor_1,quadrotor,163,585.0,630.0
quadrotor_1,quadrotor,164,600.0,630.0
quadrotor_1,quadrotor,165,600.0,645.0
quadrotor_1,quadrotor,166,615.0,645.0
quadrotor_1,quadrotor,167,615.0,660.0
quadrotor_1,quadrotor,168,630.0,660.0
quadrotor_1,quadrotor,169,630.0,675.0
quadrotor_1,quadrotor,170,645.0,675.0
quadrotor_1,quadrotor,171,645.0,690.0
quadrotor_1,quadrotor,172,660.0,690.0
quadrotor_1,quadrotor,173,660.0,705.0
quadrotor_1,quadrotor,174,675.0,705.0
quadrotor_1,quadrotor,175,675.0,720.0
quadrotor_1,quadrotor,176,690.0,720.0
quadrotor_1,quadrotor,177,690.0,735.0
quadrotor_1,quadrotor,178,705.0,735.0
quadrotor_1,quadrotor,179,705.0,750.0
quadrotor_1,quadrotor,180,720.0,750.0
quadrotor_1,quadrotor,181,720.0,765.0
quadrotor_1,quadrotor,182,735.0,765.0
quadrotor_1,quadrotor,183,735.0,780.0
quadrotor_1,quadrotor,184,750.0,780.0
quadrotor_1,quadrotor,185,750.0,795.0
quadrotor_1,quadrotor,186,765.0,795.0
quadrotor_1,quadrotor,187,765.0,810.0
quadrotor_1,quadrotor,188,780.0,810.0
quadrotor_1,quadrotor,189,780.0,825.0
quadrotor_1,quadrotor,190,795.0,825.0
quadrotor_1,quadrotor,191,795.0,840.0
quadrotor_1,quadrotor,192,810.0,840.0
quadrotor_1,quadrotor,193,810.0,855.0
quadrotor_1,quadrotor,194,825.0,855.0
quadrotor_1,quadrotor,195,825.0,870.0
quadrotor_1,quadrotor,196,840.0,870.0
quadrotor_1,quadrotor,197,840.0,885.0
quadrotor_1,quadrotor,198,855.0,885.0
quadrotor_1,quadrotor,199,855.0,900.0
quadrotor_1,quadrotor,200,870.0,900.0
quadrotor_1,quadrotor,201,870.0,915.0
quadrotor_1,quadrotor,202,885.0,915.0
quadrotor_1,quadrotor,203,885.0,930.0
quadrotor_1,quadrotor,204,900.0,930.0
quadrotor_1,quadrotor,205,900.0,945.0
quadrotor_1,quadrotor,206,915.0,945.0
quadrotor_1,quadrotor,207,915.0,960.0
quadrotor_1,quadrotor,208,930.0,960.0
quadrotor_1,quadrotor,209,930.0,975.0
quadrotor_1,quadrotor,210,945.0,975.0
quadrotor_1,quadrotor,211,945.0,990.0
quadrotor_1,quadrotor,212,960.0,990.0
quadrotor_1,quadrotor,213,960.0,1005.0
quadrotor_1,quadrotor,214,975.0,1005.0
quadrotor_1,quadrotor,215,975.0,1020.0
quadrotor_1,quadrotor,216,990.0,1020.0
quadrotor_1,quadrotor,217,990.0,1035.0
quadrotor_1,quadrotor,218,1005.0,1035.0
quadrotor_1,quadrotor,219,1005.0,1050.0
quadrotor_1,quadrotor,220,1020.0,1050.0
quadrotor_1,quadrotor,221,1020.0,1065.0
quadrotor_1,quadrotor,222,1035.0,1065.0
quadrotor_1,quadrotor,223,1035.0,1080.0
quadrotor_1,quadrotor,224,1050.0,1080.0
quadrotor_1,quadrotor,225,1050.0,1095.0
quadrotor_1,quadrotor,226,1065.0,1095.0
quadrotor_1,quadrotor,227,1065.0,1110.0
quadrotor_1,quadrotor,228,1080.0,1110.0
quadrotor_1,quadrotor,229,1080.0,1125.0
quadrotor_1,quadrotor,230,1095.0,1125.0
quadrotor_1,quadrotor,231,1095.0,1140.0
quadrotor_1,quadrotor,232,1110.0,1140.0
quadrotor_1,quadrotor,233,1110.0,1155.0
quadrotor_1,quadrotor,234,1125.0,1155.0
quadrotor_1,quadrotor,235,1125.0,1170.0
quadrotor_1,quadrotor,236,1140.0,1170.0
quadrotor_1,quadrotor,237,1140.0,1185.0
quadrotor_1,quadrotor,238,1155.0,1185.0
quadrotor_1,quadrotor,239,1155.0,1200.0
quadrotor_1,quadrotor,240,1170.0,1200.0
quadrotor_1,quadrotor,241,1170.0,1215.0
quadrotor_1,quadrotor,242,1185.0,1215.0
quadrotor_1,quadrotor,243,1185.0,1230.0
quadrotor_1,quadrotor,244,1200.0,1230.0
quadrotor_1,quadrotor,245,1200.0,1245.0
quadrotor_1,quadrotor,246,1215.0,1245.0
quadrotor_1,quadrotor,247,1215.0,1260.0
quadrotor_1,quadrotor,248,1230.0,1260.0
quadrotor_1,quadrotor,249,1230.0,1275.0
quadrotor_1,quadrotor,250,1245.0,1275.0
quadrotor_1,quadrotor,251,1245.0,1290.0
quadrotor_1,quadrotor,252,1260.0,1290.0
quadrotor_1,quadrotor,253,1260.0,1305.0
quadrotor_1,quadrotor,254,1275.0,1305.0
quadrotor_1,quadrotor,255,1275.0,1320.0
quadrotor_1,quadrotor,256,1290.0,1320.0
quadrotor_1,quadrotor,257,1290.0,1335.0
quadrotor_1,quadrotor,258,1305.0,1335.0
quadrotor_1,quadrotor,259,1305.0,1350.0
quadrotor_1,quadrotor,260,1320.0,1350.0
quadrotor_1,quadrotor,261,1320.0,1365.0
quadrotor_1,quadrotor,262,1335.0,1365.0
quadrotor_1,quadrotor,263,1335.0,1380.0
quadrotor_1,quadrotor,264,1350.0,1380.0
quadrotor_1,quadrotor,265,1350.0,1395.0
quadrotor_1,quadrotor,266,1365.0,1395.0
quadrotor_1,quadrotor,267,1365.0,1410.0
quadrotor_1,quadrotor,268,1380.0,1410.0
quadrotor_1,quadrotor,269,1380.0,1425.0
quadrotor_1,quadrotor,270,1395.0,1425.0
quadrotor_1,quadrotor,271,1395.0,1440.0
quadrotor_1,quadrotor,272,1410.0,1440.0
quadrotor_1,quadrotor,273,1410.0,1455.0
quadrotor_1,quadrotor,274,1425.0,1455.0
quadrotor_1,quadrotor,275,1425.0,1455.0
quadrotor_1,quadrotor,276,1425.0,1455.0
quadrotor_1,quadrotor,277,1425.0,1455.0
quadrotor_1,quadrotor,278,1425.0,1455.0
quadrotor_1,quadrotor,279,1425.0,1455.0
quadrotor_1,quadrotor,280,1425.0,1455.0
quadrotor_1,quadrotor,281,1425.0,1455.0
quadrotor_1,quadrotor,282,1425.0,1455.0
quadrotor_1,quadrotor,283,1425.0,1455.0
quadrotor_1,quadrotor,284,1425.0,1455.0
quadrotor_1,quadrotor,285,1425.0,1455.0
quadrotor_1,quadrotor,286,1425.0,1455.0
quadrotor_1,quadrotor,287,1425.0,1455.0
quadrotor_1,quadrotor,288,1425.0,1455.0
quadrotor_1,quadrotor,289,1425.0,1455.0
quadrotor_1,quadrotor,290,1425.0,1455.0
quadrotor_1,quadrotor,291,1425.0,1455.0
quadrotor_1,quadrotor,292,1425.0,1455.0
quadrotor_1,quadrotor,293,1425.0,1455.0
quadrotor_1,quadrotor,294,1425.0,1455.0
quadrotor_1,quadrotor,295,1425.0,1455.0
quadrotor_1,quadrotor,296,1425.0,1455.0
quadrotor_1,quadrotor,297,1425.0,1455.0
quadrotor_1,quadrotor,298,1425.0,1455.0
quadrotor_1,quadrotor,299,1425.0,1455.0
quadrotor_1,quadrotor,300,1425.0,1455.0
quadrotor_1,quadrotor,301,1425.0,1455.0
quadrotor_1,quadrotor,302,1425.0,1455.0
quadrotor_1,quadrotor,303,1425.0,1455.0
quadrotor_1,quadrotor,304,1425.0,1455.0
quadrotor_1,quadrotor,305,1425.0,1455.0
quadrotor_1,quadrotor,306,1425.0,1455.0
quadrotor_1,quadrotor,307,1425.0,1455.0
quadrotor_1,quadrotor,308,1425.0,1455.0
quadrotor_1,quadrotor,309,1425.0,1455.0
quadrotor_1,quadrotor,310,1425.0,1455.0
quadrotor_1,quadrotor,311,1425.0,1455.0
quadrotor_1,quadrotor,312,1425.0,1455.0
quadrotor_1,quadrotor,313,1425.0,1455.0
quadrotor_1,quadrotor,314,1425.0,1455.0
quadrotor_1,quadrotor,315,1425.0,1455.0
quadrotor_1,quadrotor,316,1425.0,1455.0
quadrotor_1,quadrotor,317,1425.0,1455.0
quadrotor_1,quadrotor,318,1425.0,1455.0
quadrotor_1,quadrotor,319,1425.0,1455.0
quadrotor_1,quadrotor,320,1425.0,1455.0
quadrotor_1,quadrotor,321,1425.0,1455.0
quadrotor_1,quadrotor,322,1425.0,1455.0
quadrotor_1,quadrotor,323,1425.0,1455.0
quadrotor_1,quadrotor,324,1425.0,1455.0
quadrotor_1,quadrotor,325,1425.0,1455.0
quadrotor_1,quadrotor,326,1425.0,1455.0
quadrotor_1,quadrotor,327,1425.0,1455.0
quadrotor_1,quadrotor,328,1425.0,1455.0
quadrotor_1,quadrotor,329,1425.0,1455.0
quadrotor_1,quadrotor,330,1425.0,1455.0
quadrotor_1,quadrotor,331,1425.0,1455.0
quadrotor_1,quadrotor,332,1425.0,1455.0
quadrotor_1,quadrotor,333,1425.0,1455.0
quadrotor_1,quadrotor,334,1425.0,1455.0
quadrotor_1,quadrotor,335,1425.0,1455.0
quadrotor_1,quadrotor,336,1425.0,1455.0
quadrotor_1,quadrotor,337,1425.0,1455.0
quadrotor_1,quadrotor,338,1425.0,1455.0
quadrotor_1,quadrotor,339,1425.0,1455.0
quadrotor_1,quadrotor,340,1425.0,1455.0
quadrotor_1,quadrotor,341,1425.0,1455.0
quadrotor_1,quadrotor,342,1425.0,1455.0
quadrotor_1,quadrotor,343,1425.0,1455.0
quadrotor_1,quadrotor,344,1425.0,1455.0
quadrotor_1,quadrotor,345,1425.0,1455.0
quadrotor_1,quadrotor,346,1425.0,1455.0
quadrotor_1,quadrotor,347,1425.0,1455.0
quadrotor_1,quadrotor,348,1425.0,1455.0
quadrotor_1,quadrotor,349,1425.0,1455.0
quadrotor_1,quadrotor,350,1425.0,1455.0
quadrotor_1,quadrotor,351,1425.0,1455.0
quadrotor_1,quadrotor,352,1425.0,1455.0
quadrotor_1,quadrotor,353,1425.0,1455.0
quadrotor_1,quadrotor,354,1425.0,1455.0
quadrotor_1,quadrotor,355,1425.0,1455.0
quadrotor_1,quadrotor,356,1425.0,1455.0
quadrotor_1,quadrotor,357,1425.0,1455.0
quadrotor_1,quadrotor,358,1425.0,1455.0
quadrotor_1,quadrotor,359,1425.0,1455.0
quadrotor_1,quadrotor,360,1425.0,1455.0
quadrotor_1,quadrotor,361,1425.0,1455.0
quadrotor_1,quadrotor,362,1425.0,1455.0
quadrotor_1,quadrotor,363,1425.0,1455.0
quadrotor_1,quadrotor,364,1425.0,1455.0
quadrotor_1,quadrotor,365,1425.0,1455.0
quadrotor_1,quadrotor,366,1425.0,1455.0
quadrotor_1,quadrotor,367,1425.0,1455.0
quadrotor_1,quadrotor,368,1425.0,1455.0
quadrotor_1,quadrotor,369,1425.0,1455.0
quadrotor_1,quadrotor,370,1425.0,1455.0
quadrotor_1,quadrotor,371,1425.0,1455.0
quadrotor_1,quadrotor,372,1425.0,1455.0
quadrotor_1,quadrotor,373,1425.0,1455.0
quadrotor_1,quadrotor,374,1425.0,1455.0
quadrotor_1,quadrotor,375,1425.0,1455.0
quadrotor_1,quadrotor,376,1425.0,1455.0
quadrotor_1,quadrotor,377,1425.0,1455.0
quadrotor_1,quadrotor,378,1425.0,1455.0
quadrotor_1,quadrotor,379,1425.0,1455.0
quadrotor_1,quadrotor,380,1425.0,1455.0
quadrotor_1,quadrotor,381,1425.0,1455.0
quadrotor_1,quadrotor,382,1425.0,1455.0
quadrotor_1,quadrotor,383,1425.0,1455.0
quadrotor_1,quadrotor,384,1425.0,1455.0
quadrotor_1,quadrotor,385,1425.0,1455.0
quadrotor_1,quadrotor,386,1425.0,1455.0
quadrotor_1,quadrotor,387,1425.0,1455.0
quadrotor_1,quadrotor,388,1425.0,1455.0
quadrotor_1,quadrotor,389,1425.0,1455.0
quadrotor_1,quadrotor,390,1425.0,1455.0
quadrotor_1,quadrotor,391,1425.0,1455.0
quadrotor_1,quadrotor,392,1425.0,1455.0
quadrotor_1,quadrotor,393,1425.0,1455.0
quadrotor_1,quadrotor,394,1425.0,1455.0
quadrotor_1,quadrotor,395,1425.0,1455.0
quadrotor_1,quadrotor,396,1425.0,1455.0
quadrotor_1,quadrotor,397,1425.0,1455.0
quadrotor_1,quadrotor,398,1425.0,1455.0
quadrotor_1,quadrotor,399,1425.0,1455.0
quadrotor_1,quadrotor,400,1425.0,1455.0
quadrotor_1,quadrotor,401,1425.0,1455.0
quadrotor_1,quadrotor,402,1425.0,1455.0
quadrotor_1,quadrotor,403,1425.0,1455.0
quadrotor_1,quadrotor,404,1425.0,1455.0
quadrotor_1,quadrotor,405,1425.0,1455.0
quadrotor_1,quadrotor,406,1425.0,1455.0
quadrotor_1,quadrotor,407,1425.0,1455.0
quadrotor_1,quadrotor,408,1425.0,1455.0
quadrotor_1,quadrotor,409,1425.0,1455.0
quadrotor_1,quadrotor,410,1425.0,1455.0
quadrotor_1,quadrotor,411,1425.0,1455.0
quadrotor_1,quadrotor,412,1425.0,1455.0
quadrotor_1,quadrotor,413,1425.0,1455.0
quadrotor_1,quadrotor,414,1425.0,1455.0
quadrotor_1,quadrotor,415,1425.0,1455.0
quadrotor_1,quadrotor,416,1425.0,1455.0
quadrotor_1,quadrotor,417,1425.0,1455.0
quadrotor_1,quadrotor,418,1425.0,1455.0
quadrotor_1,quadrotor,419,1425.0,1455.0
quadrotor_1,quadrotor,420,1425.0,1455.0
quadrotor_1,quadrotor,421,1425.0,1455.0
quadrotor_1,quadrotor,422,1425.0,1455.0
quadrotor_1,quadrotor,423,1425.0,1455.0
quadrotor_1,quadrotor,424,1425.0,1455.0
quadrotor_1,quadrotor,425,1425.0,1455.0
quadrotor_1,quadrotor,426,1425.0,1455.0
quadrotor_1,quadrotor,427,1425.0,1455.0
quadrotor_1,quadrotor,428,1425.0,1455.0
quadrotor_1,quadrotor,429,1425.0,1455.0
quadrotor_1,quadrotor,430,1425.0,1455.0
quadrotor_1,quadrotor,431,1425.0,1455.0
quadrotor_1,quadrotor,432,1425.0,1455.0
quadrotor_1,quadrotor,433,1425.0,1455.0
quadrotor_1,quadrotor,434,1425.0,1455.0
quadrotor_1,quadrotor,435,1425.0,1455.0
quadrotor_1,quadrotor,436,1425.0,1455.0
quadrotor_1,quadrotor,437,1425.0,1455.0
quadrotor_1,quadrotor,438,1425.0,1455.0
quadrotor_1,quadrotor,439,1425.0,1455.0
quadrotor_1,quadrotor,440,1425.0,1455.0
quadrotor_1,quadrotor,441,1425.0,1455.0
quadrotor_1,quadrotor,442,1425.0,1455.0
quadrotor_1,quadrotor,443,1425.0,1455.0
quadrotor_1,quadrotor,444,1425.0,1455.0
quadrotor_1,quadrotor,445,1425.0,1455.0
quadrotor_1,quadrotor,446,1425.0,1455.0
quadrotor_1,quadrotor,447,1425.0,1455.0
quadrotor_1,quadrotor,448,1425.0,1455.0
quadrotor_1,quadrotor,449,1425.0,1455.0
quadrotor_1,quadrotor,450,1425.0,1455.0
quadrotor_1,quadrotor,451,1414.5044531211777,1444.2834942395182
quadrotor_1,quadrotor,452,1404.0089062423554,1433.5669884790364
quadrotor_1,quadrotor,453,1393.513359363533,1422.8504827185545
quadrotor_1,quadrotor,454,1383.0178124847107,1412.1339769580727
quadrotor_1,quadrotor,455,1372.5222656058884,1401.4174711975909
quadrotor_1,quadrotor,456,1362.026718727066,1390.700965437109
quadrotor_1,quadrotor,457,1351.5311718482437,1379.9844596766272
quadrotor_1,quadrotor,458,1341.0356249694214,1369.2679539161454
quadrotor_1,quadrotor,459,1330.540078090599,1358.5514481556636
quadrotor_1,quadrotor,460,1320.0445312117768,1347.8349423951818
quadrotor_1,quadrotor,461,1309.5489843329544,1337.1184366347
quadrotor_1,quadrotor,462,1299.053437454132,1326.4019308742181
quadrotor_1,quadrotor,463,1288.5578905753098,1315.6854251137363
quadrotor_1,quadrotor,464,1278.0623436964875,1304.9689193532545
quadrotor_1,quadrotor,465,1267.566796817665,1294.2524135927727
quadrotor_1,quadrotor,466,1257.0712499388426,1283.5359078322908
quadrotor_1,quadrotor,467,1246.5757030600203,1272.819402071809
quadrotor_1,quadrotor,468,1236.0801561811977,1262.1028963113272
quadrotor_1,quadrotor,469,1225.5846093023754,1251.3863905508454
quadrotor_1,quadrotor,470,1215.089062423553,1240.6698847903635
quadrotor_1,quadrotor,471,1204.5935155447305,1229.9533790298817
quadrotor_1,quadrotor,472,1194.0979686659082,1219.2368732694
quadrotor_1,quadrotor,473,1183.6024217870859,1208.520367508918
quadrotor_1,quadrotor,474,1173.1068749082633,1197.8038617484362
quadrotor_1,quadrotor,475,1162.611328029441,1187.0873559879544
quadrotor_1,quadrotor,476,1152.1157811506187,1176.3708502274726
quadrotor_1,quadrotor,477,1141.620234271796,1165.6543444669908
quadrotor_1,quadrotor,478,1131.1246873929736,1154.937838706509
quadrotor_1,quadrotor,479,1120.6291405141512,1144.2213329460271
quadrotor_1,quadrotor,480,1110.133593635329,1133.5048271855453
quadrotor_1,quadrotor,481,1099.6380467565064,1122.7883214250635
quadrotor_1,quadrotor,482,1089.1424998776838,1112.0718156645817
quadrotor_1,quadrotor,483,1078.6469529988615,1101.3553099040998
quadrotor_1,quadrotor,484,1068.1514061200392,1090.638804143618
quadrotor_1,quadrotor,485,1057.6558592412168,1079.9222983831362
quadrotor_1,quadrotor,486,1047.1603123623945,1069.2057926226544
quadrotor_1,quadrotor,487,1036.664765483572,1058.4892868621725
quadrotor_1,quadrotor,488,1026.1692186047496,1047.7727811016907
quadrotor_1,quadrotor,489,1015.6736717259272,1037.056275341209
quadrotor_1,quadrotor,490,1005.1781248471048,1026.339769580727
quadrotor_1,quadrotor,491,994.6825779682823,1015.6232638202453
quadrotor_1,quadrotor,492,984.1870310894599,1004.9067580597634
quadrotor_1,quadrotor,493,973.6914842106374,994.1902522992816
quadrotor_1,quadrotor,494,963.195937331815,983.4737465387998
quadrotor_1,quadrotor,495,952.7003904529926,972.757240778318
quadrotor_1,quadrotor,496,942.2048435741701,962.0407350178361
quadrotor_1,quadrotor,497,931.7092966953477,951.3242292573543
quadrotor_1,quadrotor,498,921.2137498165253,940.6077234968725
quadrotor_1,quadrotor,499,910.7182029377028,929.8912177363907
quadrotor_1,quadrotor,500,900.2226560588804,919.1747119759088
quadrotor_1,quadrotor,501,889.7271091800579,908.458206215427
quadrotor_1,quadrotor,502,879.2315623012355,897.7417004549452
quadrotor_1,quadrotor,503,868.7360154224131,887.0251946944634
quadrotor_1,quadrotor,504,858.2404685435906,876.3086889339816
quadrotor_1,quadrotor,505,847.7449216647682,865.5921831734997
quadrotor_1,quadrotor,506,837.2493747859457,854.8756774130179
quadrotor_1,quadrotor,507,826.7538279071233,844.1591716525361
quadrotor_1,quadrotor,508,816.2582810283009,833.4426658920543
quadrotor_1,quadrotor,509,805.7627341494784,822.7261601315724
quadrotor_1,quadrotor,510,795.267187270656,812.0096543710906
quadrotor_1,quadrotor,511,784.7716403918336,801.2931486106088
quadrotor_1,quadrotor,512,774.2760935130111,790.576642850127
quadrotor_1,quadrotor,513,763.7805466341887,779.8601370896451
quadrotor_1,quadrotor,514,753.2849997553662,769.1436313291633
quadrotor_1,quadrotor,515,742.7894528765438,758.4271255686815
quadrotor_1,quadrotor,516,732.2939059977214,747.7106198081997
quadrotor_1,quadrotor,517,721.7983591188989,736.9941140477179
quadrotor_1,quadrotor,518,711.3028122400765,726.277608287236
quadrotor_1,quadrotor,519,700.807265361254,715.5611025267542
quadrotor_1,quadrotor,520,690.3117184824316,704.8445967662724
quadrotor_1,quadrotor,521,679.8161716036092,694.1280910057906
quadrotor_1,quadrotor,522,669.3206247247867,683.4115852453087
quadrotor_1,quadrotor,523,658.8250778459643,672.6950794848269
quadrotor_1,quadrotor,524,648.3295309671419,661.9785737243451
quadrotor_1,quadrotor,525,637.8339840883194,651.2620679638633
quadrotor_1,quadrotor,526,627.338437209497,640.5455622033815
quadrotor_1,quadrotor,527,616.8428903306745,629.8290564428996
quadrotor_1,quadrotor,528,606.3473434518521,619.1125506824178
quadrotor_1,quadrotor,529,595.8517965730297,608.396044921936
quadrotor_1,quadrotor,530,585.3562496942072,597.6795391614542
quadrotor_1,quadrotor,531,574.8607028153848,586.9630334009723
quadrotor_1,quadrotor,532,564.3651559365624,576.2465276404905
quadrotor_1,quadrotor,533,553.8696090577399,565.5300218800087
quadrotor_1,quadrotor,534,543.3740621789175,554.8135161195269
quadrotor_1,quadrotor,535,532.878515300095,544.097010359045
quadrotor_1,quadrotor,536,522.3829684212726,533.3805045985632
quadrotor_1,quadrotor,537,511.88742154245017,522.6639988380814
quadrotor_1,quadrotor,538,501.39187466362773,511.9474930775995
quadrotor_1,quadrotor,539,490.8963277848053,501.23098731711764
quadrotor_1,quadrotor,540,480.40078090598286,490.51448155663576
quadrotor_1,quadrotor,541,469.9052340271604,479.7979757961539
quadrotor_1,quadrotor,542,459.409687148338,469.081470035672
quadrotor_1,quadrotor,543,448.91414026951554,458.3649642751901
quadrotor_1,quadrotor,544,438.4185933906931,447.64845851470824
quadrotor_1,quadrotor,545,427.92304651187067,436.93195275422636
quadrotor_1,quadrotor,546,417.4274996330482,426.2154469937445
quadrotor_1,quadrotor,547,406.9319527542258,415.4989412332626
quadrotor_1,quadrotor,548,396.43640587540335,404.7824354727807
quadrotor_1,quadrotor,549,385.9408589965809,394.06592971229884
quadrotor_1,quadrotor,550,375.4453121177585,383.34942395181696
quadrotor_1,quadrotor,551,364.94976523893604,372.6329181913351
quadrotor_1,quadrotor,552,354.4542183601136,361.9164124308532
quadrotor_1,quadrotor,553,343.95867148129116,351.1999066703713
quadrotor_1,quadrotor,554,333.4631246024687,340.48340090988944
quadrotor_1,quadrotor,555,322.9675777236463,329.76689514940756
quadrotor_1,quadrotor,556,312.47203084482385,319.0503893889257
quadrotor_1,quadrotor,557,301.9764839660014,308.3338836284438
quadrotor_1,quadrotor,558,291.480937087179,297.6173778679619
quadrotor_1,quadrotor,559,280.98539020835653,286.90087210748004
quadrotor_1,quadrotor,560,270.4898433295341,276.18436634699816
quadrotor_1,quadrotor,561,259.99429645071166,265.4678605865163
quadrotor_1,quadrotor,562,249.49874957188922,254.75135482603443
quadrotor_1,quadrotor,563,239.00320269306678,244.03484906555258
quadrotor_1,quadrotor,564,228.50765581424434,233.31834330507073
quadrotor_1,quadrotor,565,218.0121089354219,222.60183754458888
quadrotor_1,quadrotor,566,207.51656205659947,211.88533178410702
quadrotor_1,quadrotor,567,197.02101517777703,201.16882602362517
quadrotor_1,quadrotor,568,186.5254682989546,190.45232026314332
quadrotor_1,quadrotor,569,176.02992142013215,179.73581450266147
quadrotor_1,quadrotor,570,165.53437454130972,169.01930874217962
quadrotor_1,quadrotor,571,155.03882766248728,158.30280298169777
quadrotor_1,quadrotor,572,144.54328078366484,147.58629722121591
quadrotor_1,quadrotor,573,134.04773390484243,136.86979146073406
quadrotor_1,quadrotor,574,123.55218702602001,126.1532857002522
quadrotor_1,quadrotor,575,113.05664014719758,115.43677993977033
quadrotor_1,quadrotor,576,102.56109326837516,104.72027417928848
quadrotor_1,quadrotor,577,92.06554638955274,94.00376841880663
quadrotor_1,quadrotor,578,81.56999951073031,83.28726265832476
quadrotor_1,quadrotor,579,71.07445263190789,72.5707568978429
quadrotor_1,quadrotor,580,60.578905753085465,61.85425113736104
quadrotor_1,quadrotor,581,50.08335887426304,51.13774537687918
quadrotor_1,quadrotor,582,39.58781199544062,40.42123961639732
quadrotor_1,quadrotor,583,29.092265116618194,29.704733855915464
quadrotor_1,quadrotor,584,18.59671823779577,18.988228095433605
quadrotor_1,quadrotor,585,8.101171358973346,8.271722334951745
quadrotor_1,quadrotor,586,0.0,0.0
quadrotor_1,quadrotor,587,0.0,0.0
quadrotor_1,quadrotor,588,0.0,0.0
quadrotor_1,quadrotor,589,0.0,0.0
quadrotor_1,quadrotor,590,0.0,0.0
quadrotor_1,quadrotor,591,0.0,0.0
quadrotor_1,quadrotor,592,0.0,0.0
quadrotor_1,quadrotor,593,0.0,0.0
quadrotor_1,quadrotor,594,0.0,0.0
quadrotor_1,quadrotor,595,0.0,0.0
quadrotor_1,quadrotor,596,0.0,0.0
quadrotor_1,quadrotor,597,0.0,0.0
quadrotor_1,quadrotor,598,0.0,0.0
quadrotor_1,quadrotor,599,0.0,0.0
