agent_id,uav_type,step,x,y
fixedwing_0,fixedwing,0,0.0,0.0
fixedwing_0,fixedwing,1,27.1892336110995,-12.678547852220984
fixedwing_0,fixedwing,2,46.47286190169568,-22.98133329356934
fixedwing_0,fixedwing,3,54.237433254771304,-28.97777478867205
fixedwing_0,fixedwing,4,49.027987924763394,-29.544232590366242
fixedwing_0,fixedwing,5,31.82069483423201,-24.574561328669752
fixedwing_0,fixedwing,6,5.839932720698851,-14.999999999999998
fixedwing_0,fixedwing,7,-24.045908222053516,-2.614672282429746
fixedwing_0,fixedwing,8,-28.190778623577252,10.26060429977006
fixedwing_0,fixedwing,9,-21.21320343559643,31.473807735366485
fixedwing_0,fixedwing,10,-10.260604299770057,59.66458635894374
fixedwing_0,fixedwing,11,2.6146722824297632,89.5504273016961
fixedwing_0,fixedwing,12,17.61467228242979,115.53118941522925
fixedwing_0,fixedwing,13,42.18923361109957,132.7384825057606
fixedwing_0,fixedwing,14,66.76379493976934,149.94577559629195
fixedwing_0,fixedwing,15,91.33835626843911,167.1530686868233
fixedwing_0,fixedwing,16,115.91291759710889,184.36036177735465
fixedwing_0,fixedwing,17,140.48747892577867,201.567654867886
fixedwing_0,fixedwing,18,165.06204025444845,218.77494795841736
fixedwing_0,fixedwing,19,189.63660158311822,235.9822410489487
fixedwing_0,fixedwing,20,214.211162911788,253.18953413948006
fixedwing_0,fixedwing,21,238.78572424045777,270.3968272300114
fixedwing_0,fixedwing,22,263.36028556912754,287.60412032054273
fixedwing_0,fixedwing,23,287.93484689779734,304.81141341107406
fixedwing_0,fixedwing,24,312.50940822646714,322.0187065016054
fixedwing_0,fixedwing,25,337.08396955513695,339.2259995921367
fixedwing_0,fixedwing,26,361.65853088380675,356.433292682668
fixedwing_0,fixedwing,27,386.23309221247655,373.64058577319935
fixedwing_0,fixedwing,28,410.80765354114635,390.84787886373067
fixedwing_0,fixedwing,29,435.38221486981615,408.055171954262
fixedwing_0,fixedwing,30,459.95677619848595,425.2624650447933
fixedwing_0,fixedwing,31,484.53133752715576,442.46975813532464
fixedwing_0,fixedwing,32,509.10589885582556,459.67705122585596
fixedwing_0,fixedwing,33,533.6804601844954,476.8843443163873
fixedwing_0,fixedwing,34,558.2550215131652,494.0916374069186
fixedwing_0,fixedwing,35,582.829582841835,511.29893049744993
fixedwing_0,fixedwing,36,607.4041441705048,528.5062235879813
fixedwing_0,fixedwing,37,631.9787054991746,545.7135166785126
fixedwing_0,fixedwing,38,656.5532668278444,562.920809769044
fixedwing_0,fixedwing,39,681.1278281565142,580.1281028595754
fixedwing_0,fixedwing,40,705.702389485184,597.3353959501068
fixedwing_0,fixedwing,41,730.2769508138538,614.5426890406382
fixedwing_0,fixedwing,42,754.8515121425236,631.7499821311695
fixedwing_0,fixedwing,43,779.4260734711934,648.9572752217009
fixedwing_0,fixedwing,44,804.0006347998632,666.1645683122323
fixedwing_0,fixedwing,45,828.575196128533,683.3718614027637
fixedwing_0,fixedwing,46,853.1497574572028,700.579154493295
fixedwing_0,fixedwing,47,877.7243187858726,717.7864475838264
fixedwing_0,fixedwing,48,902.2988801145424,734.9937406743578
fixedwing_0,fixedwing,49,926.8734414432122,752.2010337648892
fixedwing_0,fixedwing,50,951.448002771882,769.4083268554206
fixedwing_0,fixedwing,51,976.0225641005518,786.615619945952
fixedwing_0,fixedwing,52,1000.5971254292216,803.8229130364833
fixedwing_0,fixedwing,53,1025.1716867578914,821.0302061270147
fixedwing_0,fixedwing,54,1049.746248086561,838.2374992175461
fixedwing_0,fixedwing,55,1074.3208094152308,855.4447923080775
fixedwing_0,fixedwing,56,1098.8953707439005,872.6520853986088
fixedwing_0,fixedwing,57,1123.4699320725701,889.8593784891402
fixedwing_0,fixedwing,58,1148.0444934012398,907.0666715796716
fixedwing_0,fixedwing,59,1172.6190547299095,924.273964670203
fixedwing_0,fixedwing,60,1197.1936160585792,941.4812577607344
fixedwing_0,fixedwing,61,1221.768177387249,958.6885508512657
fixedwing_0,fixedwing,62,1246.3427387159186,975.8958439417971
fixedwing_0,fixedwing,63,1270.9173000445883,993.1031370323285
fixedwing_0,fixedwing,64,1295.491861373258,1010.3104301228599
fixedwing_0,fixedwing,65,1320.0664227019276,1027.5177232133913
fixedwing_0,fixedwing,66,1344.6409840305973,1044.7250163039225
fixedwing_0,fixedwing,67,1369.215545359267,1061.9323093944538
fixedwing_0,fixedwing,68,1393.7901066879367,1079.139602484985
fixedwing_0,fixedwing,69,1418.3646680166064,1096.3468955755163
fixedwing_0,fixedwing,70,1442.939229345276,1113.5541886660476
fixedwing_0,fixedwing,71,1467.5137906739458,1130.7614817565789
fixedwing_0,fixedwing,72,1492.0883520026155,1147.9687748471101
fixedwing_0,fixedwing,73,1516.6629133312852,1165.1760679376414
fixedwing_0,fixedwing,74,1541.2374746599548,1182.3833610281727
fixedwing_0,fixedwing,75,1565.8120359886245,1199.590654118704
fixedwing_0,fixedwing,76,1590.3865973172942,1216.7979472092352
fixedwing_0,fixedwing,77,1614.961158645964,1234.0052402997665
fixedwing_0,fixedwing,78,1639.5357199746336,1251.2125333902977
fixedwing_0,fixedwing,79,1664.1102813033033,1268.419826480829
fixedwing_0,fixedwing,80,1688.684842631973,1285.6271195713603
fixedwing_0,fixedwing,81,1713.2594039606427,1302.8344126618915
fixedwing_0,fixedwing,82,1737.8339652893123,1320.0417057524228
fixedwing_0,fixedwing,83,1728.7534679107243,1348.6344420215778
fixedwing_0,fixedwing,84,1719.6729705321363,1377.2271782907328
fixedwing_0,fixedwing,85,1710.5924731535483,1405.8199145598878
fixedwing_0,fixedwing,86,1701.5119757749603,1434.4126508290428
fixedwing_0,fixedwing,87,1692.4314783963723,1463.0053870981978
fixedwing_0,fixedwing,88,1683.3509810177843,1491.5981233673529
fixedwing_0,fixedwing,89,1674.2704836391963,1520.1908596365079
fixedwing_0,fixedwing,90,1665.1899862606083,1548.7835959056629
fixedwing_0,fixedwing,91,1656.1094888820203,1577.376332174818
fixedwing_0,fixedwing,92,1647.0289915034323,1605.969068443973
fixedwing_0,fixedwing,93,1637.9484941248443,1634.561804713128
fixedwing_0,fixedwing,94,1628.8679967462563,1663.154540982283
fixedwing_0,fixedwing,95,1619.7874993676683,1691.747277251438
fixedwing_0,fixedwing,96,1610.7070019890803,1720.340013520593
fixedwing_0,fixedwing,97,1601.6265046104922,1748.932749789748
fixedwing_0,fixedwing,98,1592.5460072319042,1777.525486058903
fixedwing_0,fixedwing,99,1583.4655098533162,1806.118222328058
fixedwing_0,fixedwing,100,1574.3850124747282,1834.710958597213
fixedwing_0,fixedwing,101,1565.3045150961402,1863.303694866368
fixedwing_0,fixedwing,102,1556.2240177175522,1891.896431135523
fixedwing_0,fixedwing,103,1547.1435203389642,1920.489167404678
fixedwing_0,fixedwing,104,1538.0630229603762,1949.081903673833
fixedwing_0,fixedwing,105,1517.7494849755155,1971.1581391893737
fixedwing_0,fixedwing,106,1490.0093470382153,1982.5811312325977
fixedwing_0,fixedwing,107,1460.0406789709841,1981.2103889971204
fixedwing_0,fixedwing,108,1433.459142435388,1967.30276822983
fixedwing_0,fixedwing,109,1415.2457033953992,1943.4643404642115
fixedwing_0,fixedwing,110,1397.0322643554105,1919.625912698593
fixedwing_0,fixedwing,111,1378.8188253154217,1895.7874849329746
fixedwing_0,fixedwing,112,1360.605386275433,1871.9490571673562
fixedwing_0,fixedwing,113,1342.3919472354441,1848.1106294017377
fixedwing_0,fixedwing,114,1324.1785081954554,1824.2722016361192
fixedwing_0,fixedwing,115,1305.9650691554666,1800.4337738705008
fixedwing_0,fixedwing,116,1287.7516301154778,1776.5953461048823
fixedwing_0,fixedwing,117,1269.538191075489,1752.7569183392638
fixedwing_0,fixedwing,118,1251.3247520355003,1728.9184905736454
fixedwing_0,fixedwing,119,1235.725308612727,1703.2931639435378
fixedwing_0,fixedwing,120,1220.1258651899539,1677.6678373134303
fixedwing_0,fixedwing,121,1208.23571915996,1650.1246997400633
fixedwing_0,fixedwing,122,1196.345573129966,1622.5815621666964
fixedwing_0,fixedwing,123,1184.455427099972,1595.0384245933294
fixedwing_0,fixedwing,124,1172.565281069978,1567.4952870199625
fixedwing_0,fixedwing,125,1160.675135039984,1539.9521494465955
fixedwing_0,fixedwing,126,1148.78498900999,1512.4090118732286
fixedwing_0,fixedwing,127,1136.8948429799962,1484.8658742998616
fixedwing_0,fixedwing,128,1125.0046969500022,1457.3227367264947
fixedwing_0,fixedwing,129,1113.1145509200082,1429.7795991531277
fixedwing_0,fixedwing,130,1101.2244048900143,1402.2364615797608
fixedwing_0,fixedwing,131,1089.3342588600203,1374.6933240063938
fixedwing_0,fixedwing,132,1077.4441128300264,1347.1501864330269
fixedwing_0,fixedwing,133,1065.5539668000324,1319.60704885966
fixedwing_0,fixedwing,134,1053.6638207700385,1292.063911286293
fixedwing_0,fixedwing,135,1041.7736747400445,1264.520773712926
fixedwing_0,fixedwing,136,1029.8835287100505,1236.977636139559
fixedwing_0,fixedwing,137,1017.9933826800565,1209.4344985661921
fixedwing_0,fixedwing,138,1006.1032366500624,1181.8913609928252
fixedwing_0,fixedwing,139,994.2130906200683,1154.3482234194582
fixedwing_0,fixedwing,140,982.3229445900743,1126.8050858460913
fixedwing_0,fixedwing,141,970.4327985600802,1099.2619482727243
fixedwing_0,fixedwing,142,958.5426525300861,1071.7188106993574
fixedwing_0,fixedwing,143,946.652506500092,1044.1756731259904
fixedwing_0,fixedwing,144,934.762360470098,1016.6325355526235
fixedwing_0,fixedwing,145,936.1606762346897,986.6651413879235
fixedwing_0,fixedwing,146,937.5589919992815,956.6977472232236
fixedwing_0,fixedwing,147,938.9573077638732,926.7303530585236
fixedwing_0,fixedwing,148,940.355623528465,896.7629588938237
fixedwing_0,fixedwing,149,953.2829889289974,869.6911428520226
fixedwing_0,fixedwing,150,966.2103543295298,842.6193268102215
fixedwing_0,fixedwing,151,979.1377197300621,815.5475107684205
fixedwing_0,fixedwing,152,992.0650851305945,788.4756947266194
fixedwing_0,fixedwing,153,1004.9924505311269,761.4038786848183
fixedwing_0,fixedwing,154,1017.9198159316593,734.3320626430173
fixedwing_0,fixedwing,155,1030.8471813321917,707.2602466012162
fixedwing_0,fixedwing,156,1043.774546732724,680.1884305594151
fixedwing_0,fixedwing,157,1056.7019121332564,653.116614517614
fixedwing_0,fixedwing,158,1069.6292775337888,626.044798475813
fixedwing_0,fixedwing,159,1082.5566429343212,598.9729824340119
fixedwing_0,fixedwing,160,1095.4840083348536,571.9011663922108
fixedwing_0,fixedwing,161,1108.411373735386,544.8293503504098
fixedwing_0,fixedwing,162,1121.3387391359183,517.7575343086087
fixedwing_0,fixedwing,163,1134.2661045364507,490.6857182668076
fixedwing_0,fixedwing,164,1155.14626085615,469.14461634362556
fixedwing_0,fixedwing,165,1176.0264171758495,447.6035144204435
fixedwing_0,fixedwing,166,1196.9065734955489,426.06241249726145
fixedwing_0,fixedwing,167,1217.7867298152482,404.5213105740794
fixedwing_0,fixedwing,168,1238.6668861349476,382.98020865089734
fixedwing_0,fixedwing,169,1259.547042454647,361.4391067277153
fixedwing_0,fixedwing,170,1280.4271987743464,339.89800480453323
fixedwing_0,fixedwing,171,1301.3073550940458,318.3569028813512
fixedwing_0,fixedwing,172,1322.1875114137451,296.8158009581691
fixedwing_0,fixedwing,173,1343.0676677334445,275.27469903498707
fixedwing_0,fixedwing,174,1363.947824053144,253.733597111805
fixedwing_0,fixedwing,175,1384.8279803728433,232.19249518862296
fixedwing_0,fixedwing,176,1405.7081366925427,210.6513932654409
fixedwing_0,fixedwing,177,1432.3706432302108,196.8996390090269
fixedwing_0,fixedwing,178,1459.033149767879,183.14788475261292
fixedwing_0,fixedwing,179,1485.6956563055471,169.39613049619894
fixedwing_0,fixedwing,180,1512.3581628432153,155.64437623978495
fixedwing_0,fixedwing,181,1539.0206693808834,141.89262198337096
fixedwing_0,fixedwing,182,1565.6831759185516,128.14086772695697
fixedwing_0,fixedwing,183,1592.3456824562197,114.38911347054298
fixedwing_0,fixedwing,184,1619.0081889938879,100.63735921412899
fixedwing_0,fixedwing,185,1645.670695531556,86.885604957715
fixedwing_0,fixedwing,186,1675.2427203525037,81.8363131272451
fixedwing_0,fixedwing,187,1704.8147451734515,76.78702129677521
fixedwing_0,fixedwing,188,1734.3867699943992,71.73772946630531
fixedwing_0,fixedwing,189,1763.958794815347,66.68843763583541
fixedwing_0,fixedwing,190,1793.5308196362946,61.639145805365516
fixedwing_0,fixedwing,191,1823.1028444572423,56.58985397489562
fixedwing_0,fixedwing,192,1852.67486927819,51.54056214442572
fixedwing_0,fixedwing,193,1877.3423027154413,34.46667191346856
fixedwing_0,fixedwing,194,1892.4828519152718,8.567564401287527
fixedwing_0,fixedwing,195,1895.2594137576564,-21.30367099893345
fixedwing_0,fixedwing,196,1885.1517037957096,-28.245958991069184
fixedwing_0,fixedwing,197,1864.0537494580847,-21.327829771626792
fixedwing_0,fixedwing,198,1835.918978806565,-10.413197414165726
fixedwing_0,fixedwing,199,1806.0194096882651,2.452705962810178
fixedwing_0,fixedwing,200,1779.9577556978732,17.311716403788083
fixedwing_0,fixedwing,201,1762.6175649070792,41.79268418161223
fixedwing_0,fixedwing,202,1745.2773741162853,66.27365195943638
fixedwing_0,fixedwing,203,1727.9371833254913,90.75461973726053
fixedwing_0,fixedwing,204,1710.5969925346974,115.23558751508467
fixedwing_0,fixedwing,205,1693.2568017439035,139.71655529290882
fixedwing_0,fixedwing,206,1675.9166109531095,164.19752307073296
fixedwing_0,fixedwing,207,1658.5764201623156,188.6784908485571
fixedwing_0,fixedwing,208,1631.7190626112542,202.0457024266853
fixedwing_0,fixedwing,209,1604.861705060193,215.4129140048135
fixedwing_0,fixedwing,210,1578.0043475091315,228.7801255829417
fixedwing_0,fixedwing,211,1551.1469899580702,242.1473371610699
fixedwing_0,fixedwing,212,1524.2896324070089,255.51454873919812
fixedwing_0,fixedwing,213,1494.289658941163,255.47464825615262
fixedwing_0,fixedwing,214,1464.2896854753171,255.43474777310712
fixedwing_0,fixedwing,215,1434.2897120094713,255.39484729006162
fixedwing_0,fixedwing,216,1404.2897385436254,255.35494680701612
fixedwing_0,fixedwing,217,1374.2897650777795,255.31504632397062
fixedwing_0,fixedwing,218,1344.2897916119337,255.27514584092512
fixedwing_0,fixedwing,219,1314.2898181460878,255.23524535787962
fixedwing_0,fixedwing,220,1284.289844680242,255.19534487483412
fixedwing_0,fixedwing,221,1254.289871214396,255.15544439178862
fixedwing_0,fixedwing,222,1224.2898977485502,255.11554390874312
fixedwing_0,fixedwing,223,1194.2899242827043,255.07564342569762
fixedwing_0,fixedwing,224,1164.2899508168584,255.03574294265212
fixedwing_0,fixedwing,225,1134.2899773510126,254.99584245960662
fixedwing_0,fixedwing,226,1104.2900038851667,254.95594197656112
fixedwing_0,fixedwing,227,1074.2900304193208,254.91604149351562
fixedwing_0,fixedwing,228,1044.290056953475,254.87614101047012
fixedwing_0,fixedwing,229,1014.2900834876291,254.83624052742462
fixedwing_0,fixedwing,230,984.2901100217832,254.79634004437912
fixedwing_0,fixedwing,231,954.2901365559374,254.75643956133362
fixedwing_0,fixedwing,232,924.2901630900915,254.71653907828812
fixedwing_0,fixedwing,233,894.2901896242456,254.67663859524262
fixedwing_0,fixedwing,234,864.2902161583997,254.63673811219712
fixedwing_0,fixedwing,235,834.2902426925539,254.59683762915162
fixedwing_0,fixedwing,236,804.290269226708,254.55693714610612
fixedwing_0,fixedwing,237,774.2902957608621,254.51703666306062
fixedwing_0,fixedwing,238,747.6219841750255,240.77654332545683
fixedwing_0,fixedwing,239,720.953672589189,227.03604998785303
fixedwing_0,fixedwing,240,694.2853610033524,213.29555665024924
fixedwing_0,fixedwing,241,667.6170494175158,199.55506331264544
fixedwing_0,fixedwing,242,640.9487378316792,185.81456997504165
fixedwing_0,fixedwing,243,614.2804262458426,172.07407663743786
fixedwing_0,fixedwing,244,587.612114660006,158.33358329983406
fixedwing_0,fixedwing,245,560.9438030741694,144.59308996223027
fixedwing_0,fixedwing,246,534.2754914883328,130.85259662462647
fixedwing_0,fixedwing,247,507.6071799024962,117.11210328702268
fixedwing_0,fixedwing,248,480.93886831665964,103.37160994941888
fixedwing_0,fixedwing,249,454.27055673082305,89.63111661181509
fixedwing_0,fixedwing,250,427.60224514498645,75.8906232742113
fixedwing_0,fixedwing,251,400.93393355914986,62.1501299366075
fixedwing_0,fixedwing,252,370.9572516919887,60.96752931297758
fixedwing_0,fixedwing,253,340.9805698248275,59.784928689347666
fixedwing_0,fixedwing,254,311.00388795766634,58.60232806571775
fixedwing_0,fixedwing,255,281.02720609050516,57.41972744208783
fixedwing_0,fixedwing,256,251.05052422334398,56.23712681845792
fixedwing_0,fixedwing,257,221.0738423561828,55.054526194828
fixedwing_0,fixedwing,258,191.09716048902163,53.871925571198084
fixedwing_0,fixedwing,259,161.12047862186046,52.68932494756817
fixedwing_0,fixedwing,260,131.14379675469928,51.50672432393825
fixedwing_0,fixedwing,261,101.1671148875381,50.324123700308334
fixedwing_0,fixedwing,262,73.49922606191764,61.92101672961175
fixedwing_0,fixedwing,263,53.32466174203054,84.12432626901912
fixedwing_0,fixedwing,264,44.42382108128014,112.77349790681578
fixedwing_0,fixedwing,265,48.46458299714619,142.5001230623777
fixedwing_0,fixedwing,266,52.50534491301224,172.22674821793962
fixedwing_0,fixedwing,267,56.54610682887829,201.95337337350153
fixedwing_0,fixedwing,268,60.586868744744336,231.67999852906345
fixedwing_0,fixedwing,269,64.62763066061038,261.4066236846254
fixedwing_0,fixedwing,270,68.66839257647644,291.1332488401873
fixedwing_0,fixedwing,271,72.70915449234249,320.85987399574924
fixedwing_0,fixedwing,272,76.74991640820855,350.58649915131116
fixedwing_0,fixedwing,273,80.7906783240746,380.3131243068731
fixedwing_0,fixedwing,274,84.83144023994066,410.039749462435
fixedwing_0,fixedwing,275,88.87220215580672,439.7663746179969
fixedwing_0,fixedwing,276,92.91296407167277,469.49299977355884
fixedwing_0,fixedwing,277,96.95372598753883,499.21962492912076
fixedwing_0,fixedwing,278,100.99448790340489,528.9462500846827
fixedwing_0,fixedwing,279,105.03524981927094,558.6728752402446
fixedwing_0,fixedwing,280,109.076011735137,588.3995003958065
fixedwing_0,fixedwing,281,113.11677365100306,618.1261255513684
fixedwing_0,fixedwing,282,117.15753556686911,647.8527507069304
fixedwing_0,fixedwing,283,121.19829748273517,677.5793758624923
fixedwing_0,fixedwing,284,125.23905939860123,707.3060010180542
fixedwing_0,fixedwing,285,129.27982131446728,737.0326261736161
fixedwing_0,fixedwing,286,133.32058323033334,766.759251329178
fixedwing_0,fixedwing,287,137.3613451461994,796.48587648474
fixedwing_0,fixedwing,288,141.40210706206545,826.2125016403019
fixedwing_0,fixedwing,289,145.4428689779315,855.9391267958638
fixedwing_0,fixedwing,290,149.48363089379757,885.6657519514257
fixedwing_0,fixedwing,291,153.52439280966362,915.3923771069876
fixedwing_0,fixedwing,292,157.56515472552968,945.1190022625495
fixedwing_0,fixedwing,293,161.60591664139574,974.8456274181115
fixedwing_0,fixedwing,294,165.6466785572618,1004.5722525736734
fixedwing_0,fixedwing,295,169.68744047312785,1034.2988777292353
fixedwing_0,fixedwing,296,173.7282023889939,1064.0255028847973
fixedwing_0,fixedwing,297,177.76896430485996,1093.7521280403594
fixedwing_0,fixedwing,298,181.80972622072602,1123.4787531959214
fixedwing_0,fixedwing,299,185.85048813659208,1153.2053783514834
fixedwing_0,fixedwing,300,189.89125005245813,1182.9320035070455
fixedwing_0,fixedwing,301,193.9320119683242,1212.6586286626075
fixedwing_0,fixedwing,302,197.97277388419025,1242.3852538181695
fixedwing_0,fixedwing,303,202.0135358000563,1272.1118789737316
fixedwing_0,fixedwing,304,206.05429771592236,1301.8385041292936
fixedwing_0,fixedwing,305,210.09505963178842,1331.5651292848556
fixedwing_0,fixedwing,306,214.13582154765447,1361.2917544404177
fixedwing_0,fixedwing,307,218.17658346352053,1391.0183795959797
fixedwing_0,fixedwing,308,222.2173453793866,1420.7450047515417
fixedwing_0,fixedwing,309,226.25810729525264,1450.4716299071038
fixedwing_0,fixedwing,310,230.2988692111187,1480.1982550626658
fixedwing_0,fixedwing,311,234.33963112698476,1509.9248802182278
fixedwing_0,fixedwing,312,238.3803930428508,1539.6515053737899
fixedwing_0,fixedwing,313,242.42115495871687,1569.378130529352
fixedwing_0,fixedwing,314,246.46191687458293,1599.104755684914
fixedwing_0,fixedwing,315,250.50267879044898,1628.831380840476
fixedwing_0,fixedwing,316,254.54344070631504,1658.558005996038
fixedwing_0,fixedwing,317,258.58420262218107,1688.2846311516
fixedwing_0,fixedwing,318,262.6249645380471,1718.011256307162
fixedwing_0,fixedwing,319,266.6657264539131,1747.737881462724
fixedwing_0,fixedwing,320,270.70648836977915,1777.4645066182861
fixedwing_0,fixedwing,321,274.7472502856452,1807.1911317738482
fixedwing_0,fixedwing,322,278.7880122015112,1836.9177569294102
fixedwing_0,fixedwing,323,282.82877411737724,1866.6443820849722
fixedwing_0,fixedwing,324,286.86953603324326,1896.3710072405343
fixedwing_0,fixedwing,325,290.9102979491093,1926.0976323960963
fixedwing_0,fixedwing,326,282.0094572883589,1954.7468040338929
fixedwing_0,fixedwing,327,261.83489296847176,1976.9501135733003
fixedwing_0,fixedwing,328,234.16700414285128,1988.5470066026037
fixedwing_0,fixedwing,329,204.1903222756901,1987.3644059789738
fixedwing_0,fixedwing,330,177.52201068985352,1973.62391264137
fixedwing_0,fixedwing,331,159.15929564228787,1949.900281045809
fixedwing_0,fixedwing,332,140.79658059472223,1926.1766494502479
fixedwing_0,fixedwing,333,122.4338655471566,1902.4530178546868
fixedwing_0,fixedwing,334,104.07115049959097,1878.7293862591257
fixedwing_0,fixedwing,335,85.70843545202534,1855.0057546635646
fixedwing_0,fixedwing,336,67.34572040445971,1831.2821230680036
fixedwing_0,fixedwing,337,40.67740881862312,1817.5416297303998
fixedwing_0,fixedwing,338,10.700726951461938,1816.3590291067699
fixedwing_0,fixedwing,339,-16.96716187415853,1827.9559221360732
fixedwing_0,fixedwing,340,-20.1745643198871,1850.1592316754807
fixedwing_0,fixedwing,341,-8.900840660750404,1878.8084033132773
fixedwing_0,fixedwing,342,4.0407619158660495,1908.5350284688393
fixedwing_0,fixedwing,343,20.265950556437517,1933.7688005526534
fixedwing_0,fixedwing,344,24.306712472303566,1963.4954257082154
fixedwing_0,fixedwing,345,15.405871811553162,1992.144597346012
fixedwing_0,fixedwing,346,-4.768692508333938,2014.3479068854194
fixedwing_0,fixedwing,347,-27.66788882562047,2011.5968930293034
fixedwing_0,fixedwing,348,-29.976681867161183,1998.81739937637
fixedwing_0,fixedwing,349,-26.668311585836587,1985.0769060387663
fixedwing_0,fixedwing,350,-18.362715047565633,1961.3532744432052
fixedwing_0,fixedwing,351,-26.668311585836587,1947.6127811056015
fixedwing_0,fixedwing,352,-29.976681867161183,1946.4301804819715
fixedwing_0,fixedwing,353,-27.66788882562047,1958.027073511275
fixedwing_0,fixedwing,354,-29.976681867161183,1956.844472887645
fixedwing_0,fixedwing,355,-26.668311585836587,1943.1039795500412
fixedwing_0,fixedwing,356,-29.976681867161183,1941.9213789264113
fixedwing_0,fixedwing,357,-27.66788882562047,1953.5182719557147
fixedwing_0,fixedwing,358,-29.976681867161183,1952.3356713320848
fixedwing_0,fixedwing,359,-26.668311585836587,1938.595177994481
fixedwing_0,fixedwing,360,-29.976681867161183,1937.412577370851
fixedwing_0,fixedwing,361,-27.66788882562047,1949.0094704001544
fixedwing_0,fixedwing,362,-29.976681867161183,1947.8268697765245
fixedwing_0,fixedwing,363,-27.66788882562047,1959.423762805828
fixedwing_0,fixedwing,364,-29.976681867161183,1958.241162182198
fixedwing_0,fixedwing,365,-26.668311585836587,1944.5006688445942
fixedwing_0,fixedwing,366,-29.976681867161183,1943.3180682209643
fixedwing_0,fixedwing,367,-27.66788882562047,1954.9149612502677
fixedwing_0,fixedwing,368,-29.976681867161183,1953.7323606266377
fixedwing_0,fixedwing,369,-26.668311585836587,1939.991867289034
fixedwing_0,fixedwing,370,-29.976681867161183,1938.809266665404
fixedwing_0,fixedwing,371,-27.66788882562047,1950.4061596947074
fixedwing_0,fixedwing,372,-29.976681867161183,1949.2235590710775
fixedwing_0,fixedwing,373,-27.66788882562047,1960.8204521003809
fixedwing_0,fixedwing,374,-29.976681867161183,1959.637851476751
fixedwing_0,fixedwing,375,-26.668311585836587,1945.8973581391472
fixedwing_0,fixedwing,376,-13.30607122024305,1919.0096570718968
fixedwing_0,fixedwing,377,-23.42262944901546,1900.2645129088312
fixedwing_0,fixedwing,378,-29.150151704790286,1893.1744737278595
fixedwing_0,fixedwing,379,-29.41538951768677,1899.0681024507062
fixedwing_0,fixedwing,380,-24.168641452401253,1916.8410248425155
fixedwing_0,fixedwing,381,-14.393066383129264,1943.1628720438582
fixedwing_0,fixedwing,382,-24.168641452401243,1960.9357944356675
fixedwing_0,fixedwing,383,-29.415389517686766,1966.8294231585141
fixedwing_0,fixedwing,384,-29.15015170479029,1959.7393839775425
fixedwing_0,fixedwing,385,-23.422629449015464,1940.994239814477
fixedwing_0,fixedwing,386,-29.15015170479029,1933.9042006335053
fixedwing_0,fixedwing,387,-29.415389517686766,1939.797829356352
fixedwing_0,fixedwing,388,-24.168641452401243,1957.5707517481612
fixedwing_0,fixedwing,389,-29.415389517686766,1963.4643804710079
fixedwing_0,fixedwing,390,-29.15015170479029,1956.3743412900362
fixedwing_0,fixedwing,391,-29.415389517686766,1962.2679700128829
fixedwing_0,fixedwing,392,-29.15015170479029,1955.1779308319112
fixedwing_0,fixedwing,393,-29.415389517686766,1961.0715595547579
fixedwing_0,fixedwing,394,-29.15015170479029,1953.9815203737862
fixedwing_0,fixedwing,395,-29.415389517686766,1959.8751490966329
fixedwing_0,fixedwing,396,-29.15015170479029,1952.7851099156612
fixedwing_0,fixedwing,397,-29.415389517686766,1958.6787386385079
fixedwing_0,fixedwing,398,-29.15015170479029,1951.5886994575362
fixedwing_0,fixedwing,399,-29.415389517686766,1957.4823281803829
fixedwing_0,fixedwing,400,-29.15015170479029,1950.3922889994112
fixedwing_0,fixedwing,401,-29.415389517686766,1956.2859177222579
fixedwing_0,fixedwing,402,-29.15015170479029,1949.1958785412862
fixedwing_0,fixedwing,403,-29.415389517686766,1955.0895072641329
fixedwing_0,fixedwing,404,-29.15015170479029,1947.9994680831612
fixedwing_0,fixedwing,405,-29.415389517686766,1953.8930968060079
fixedwing_0,fixedwing,406,-29.15015170479029,1946.8030576250362
fixedwing_0,fixedwing,407,-29.415389517686766,1952.6966863478829
fixedwing_0,fixedwing,408,-29.15015170479029,1945.6066471669112
fixedwing_0,fixedwing,409,-29.415389517686766,1951.5002758897579
fixedwing_0,fixedwing,410,-29.15015170479029,1944.4102367087862
fixedwing_0,fixedwing,411,-29.415389517686766,1950.3038654316329
fixedwing_0,fixedwing,412,-29.15015170479029,1943.2138262506612
fixedwing_0,fixedwing,413,-29.415389517686766,1949.1074549735079
fixedwing_0,fixedwing,414,-29.15015170479029,1942.0174157925362
fixedwing_0,fixedwing,415,-29.415389517686766,1947.9110445153829
fixedwing_0,fixedwing,416,-29.15015170479029,1940.8210053344112
fixedwing_0,fixedwing,417,-29.415389517686766,1946.7146340572579
fixedwing_0,fixedwing,418,-29.15015170479029,1939.6245948762862
fixedwing_0,fixedwing,419,-29.415389517686766,1945.5182235991329
fixedwing_0,fixedwing,420,-29.15015170479029,1938.4281844181612
fixedwing_0,fixedwing,421,-29.415389517686766,1944.3218131410079
fixedwing_0,fixedwing,422,-29.15015170479029,1937.2317739600362
fixedwing_0,fixedwing,423,-29.415389517686766,1943.1254026828829
fixedwing_0,fixedwing,424,-24.168641452401243,1960.8983250746921
fixedwing_0,fixedwing,425,-29.415389517686766,1966.7919537975388
fixedwing_0,fixedwing,426,-29.15015170479029,1959.7019146165671
fixedwing_0,fixedwing,427,-23.422629449015464,1940.9567704535016
fixedwing_0,fixedwing,428,-29.15015170479029,1933.86673127253
fixedwing_0,fixedwing,429,-29.415389517686766,1939.7603599953766
fixedwing_0,fixedwing,430,-24.168641452401243,1957.5332823871859
fixedwing_0,fixedwing,431,-29.415389517686766,1963.4269111100325
fixedwing_0,fixedwing,432,-29.15015170479029,1956.3368719290609
fixedwing_0,fixedwing,433,-29.415389517686766,1962.2305006519075
fixedwing_0,fixedwing,434,-29.15015170479029,1955.1404614709359
fixedwing_0,fixedwing,435,-29.415389517686766,1961.0340901937825
fixedwing_0,fixedwing,436,-29.15015170479029,1953.9440510128109
fixedwing_0,fixedwing,437,-29.415389517686766,1959.8376797356575
fixedwing_0,fixedwing,438,-29.15015170479029,1952.7476405546859
fixedwing_0,fixedwing,439,-29.415389517686766,1958.6412692775325
fixedwing_0,fixedwing,440,-29.15015170479029,1951.5512300965609
fixedwing_0,fixedwing,441,-29.415389517686766,1957.4448588194075
fixedwing_0,fixedwing,442,-29.15015170479029,1950.3548196384359
fixedwing_0,fixedwing,443,-29.415389517686766,1956.2484483612825
fixedwing_0,fixedwing,444,-29.15015170479029,1949.1584091803109
fixedwing_0,fixedwing,445,-29.415389517686766,1955.0520379031575
fixedwing_0,fixedwing,446,-29.15015170479029,1947.9619987221859
fixedwing_0,fixedwing,447,-29.415389517686766,1953.8556274450325
fixedwing_0,fixedwing,448,-29.15015170479029,1946.7655882640609
fixedwing_0,fixedwing,449,-29.415389517686766,1952.6592169869075
fixedwing_0,fixedwing,450,-29.15015170479029,1945.5691778059359
fixedwing_0,fixedwing,451,-29.415389517686766,1951.4628065287825
fixedwing_0,fixedwing,452,-29.15015170479029,1944.3727673478108
fixedwing_0,fixedwing,453,-18.42038996348741,1920.6938899759198
fixedwing_0,fixedwing,454,-26.70166885904015,1907.018332212444
fixedwing_0,fixedwing,455,-13.361657214790528,1880.1582109082794
fixedwing_0,fixedwing,456,-23.46135175718946,1861.461554155656
fixedwing_0,fixedwing,457,-29.164754369103065,1854.4318242469124
fixedwing_0,fixedwing,458,-29.403136226269076,1860.3862830854184
fixedwing_0,fixedwing,459,-24.1318282812311,1878.2091578200166
fixedwing_0,fixedwing,460,-14.338591547152934,1904.5607193002006
fixedwing_0,fixedwing,461,-1.8585260674140653,1934.503095305734
fixedwing_0,fixedwing,462,-14.338591547152934,1960.854656785918
fixedwing_0,fixedwing,463,-24.1318282812311,1978.6775315205161
fixedwing_0,fixedwing,464,-29.403136226269076,1984.6319903590222
fixedwing_0,fixedwing,465,-29.164754369103065,1977.6022604502787
fixedwing_0,fixedwing,466,-23.46135175718946,1958.9056036976551
fixedwing_0,fixedwing,467,-29.164754369103065,1951.8758737889116
fixedwing_0,fixedwing,468,-29.403136226269076,1957.8303326274176
fixedwing_0,fixedwing,469,-29.164754369103065,1950.800602718674
fixedwing_0,fixedwing,470,-29.403136226269076,1956.7550615571802
fixedwing_0,fixedwing,471,-29.164754369103065,1949.7253316484366
fixedwing_0,fixedwing,472,-29.403136226269076,1955.6797904869427
fixedwing_0,fixedwing,473,-25.77709687576283,1940.332436426469
fixedwing_0,fixedwing,474,-29.848055721058408,1937.3168818054096
fixedwing_0,fixedwing,475,-28.325953780035302,1947.1981945952823
fixedwing_0,fixedwing,476,-29.848055721058408,1944.1826399742229
fixedwing_0,fixedwing,477,-28.325953780035302,1954.0639527640956
fixedwing_0,fixedwing,478,-29.848055721058408,1951.0483981430361
fixedwing_0,fixedwing,479,-28.325953780035302,1960.9297109329088
fixedwing_0,fixedwing,480,-29.848055721058408,1957.9141563118494
fixedwing_0,fixedwing,481,-25.77709687576283,1942.5668022513757
fixedwing_0,fixedwing,482,-29.848055721058408,1939.5512476303163
fixedwing_0,fixedwing,483,-28.325953780035302,1949.432560420189
fixedwing_0,fixedwing,484,-29.848055721058408,1946.4170057991296
fixedwing_0,fixedwing,485,-28.325953780035302,1956.2983185890023
fixedwing_0,fixedwing,486,-29.848055721058408,1953.2827639679429
fixedwing_0,fixedwing,487,-25.77709687576283,1937.9354099074692
fixedwing_0,fixedwing,488,-29.848055721058408,1934.9198552864098
fixedwing_0,fixedwing,489,-28.325953780035302,1944.8011680762825
fixedwing_0,fixedwing,490,-29.848055721058408,1941.785613455223
fixedwing_0,fixedwing,491,-28.325953780035302,1951.6669262450957
fixedwing_0,fixedwing,492,-29.848055721058408,1948.6513716240363
fixedwing_0,fixedwing,493,-28.325953780035302,1958.532684413909
fixedwing_0,fixedwing,494,-29.848055721058408,1955.5171297928496
fixedwing_0,fixedwing,495,-25.77709687576283,1940.169775732376
fixedwing_0,fixedwing,496,-29.848055721058408,1937.1542211113165
fixedwing_0,fixedwing,497,-28.325953780035302,1947.0355339011892
fixedwing_0,fixedwing,498,-29.848055721058408,1944.0199792801297
fixedwing_0,fixedwing,499,-28.325953780035302,1953.9012920700025
fixedwing_0,fixedwing,500,-29.848055721058408,1950.885737448943
fixedwing_0,fixedwing,501,-28.325953780035302,1960.7670502388157
fixedwing_0,fixedwing,502,-29.848055721058408,1957.7514956177563
fixedwing_0,fixedwing,503,-25.77709687576283,1942.4041415572826
fixedwing_0,fixedwing,504,-29.848055721058408,1939.3885869362232
fixedwing_0,fixedwing,505,-28.325953780035302,1949.269899726096
fixedwing_0,fixedwing,506,-29.848055721058408,1946.2543451050365
fixedwing_0,fixedwing,507,-28.325953780035302,1956.1356578949092
fixedwing_0,fixedwing,508,-29.848055721058408,1953.1201032738497
fixedwing_0,fixedwing,509,-25.77709687576283,1937.772749213376
fixedwing_0,fixedwing,510,-29.848055721058408,1934.7571945923166
fixedwing_0,fixedwing,511,-28.325953780035302,1944.6385073821893
fixedwing_0,fixedwing,512,-29.848055721058408,1941.62295276113
fixedwing_0,fixedwing,513,-28.325953780035302,1951.5042655510026
fixedwing_0,fixedwing,514,-29.848055721058408,1948.4887109299432
fixedwing_0,fixedwing,515,-28.325953780035302,1958.370023719816
fixedwing_0,fixedwing,516,-29.848055721058408,1955.3544690987565
fixedwing_0,fixedwing,517,-25.77709687576283,1940.0071150382828
fixedwing_0,fixedwing,518,-29.848055721058408,1936.9915604172234
fixedwing_0,fixedwing,519,-28.325953780035302,1946.872873207096
fixedwing_0,fixedwing,520,-29.848055721058408,1943.8573185860366
fixedwing_0,fixedwing,521,-28.325953780035302,1953.7386313759093
fixedwing_0,fixedwing,522,-29.848055721058408,1950.72307675485
fixedwing_0,fixedwing,523,-28.325953780035302,1960.6043895447226
fixedwing_0,fixedwing,524,-29.848055721058408,1957.5888349236632
fixedwing_0,fixedwing,525,-25.77709687576283,1942.2414808631895
fixedwing_0,fixedwing,526,-29.848055721058408,1939.22592624213
fixedwing_0,fixedwing,527,-28.325953780035302,1949.1072390320028
fixedwing_0,fixedwing,528,-29.848055721058408,1946.0916844109433
fixedwing_0,fixedwing,529,-28.325953780035302,1955.972997200816
fixedwing_0,fixedwing,530,-29.848055721058408,1952.9574425797566
fixedwing_0,fixedwing,531,-28.325953780035302,1962.8387553696293
fixedwing_0,fixedwing,532,-29.848055721058408,1959.82320074857
fixedwing_0,fixedwing,533,-25.77709687576283,1944.4758466880962
fixedwing_0,fixedwing,534,-29.848055721058408,1941.4602920670368
fixedwing_0,fixedwing,535,-28.325953780035302,1951.3416048569095
fixedwing_0,fixedwing,536,-29.848055721058408,1948.32605023585
fixedwing_0,fixedwing,537,-28.325953780035302,1958.2073630257228
fixedwing_0,fixedwing,538,-29.848055721058408,1955.1918084046633
fixedwing_0,fixedwing,539,-25.77709687576283,1939.8444543441897
fixedwing_0,fixedwing,540,-29.848055721058408,1936.8288997231302
fixedwing_0,fixedwing,541,-28.325953780035302,1946.710212513003
fixedwing_0,fixedwing,542,-29.848055721058408,1943.6946578919435
fixedwing_0,fixedwing,543,-28.325953780035302,1953.5759706818162
fixedwing_0,fixedwing,544,-29.848055721058408,1950.5604160607568
fixedwing_0,fixedwing,545,-28.325953780035302,1960.4417288506295
fixedwing_0,fixedwing,546,-29.848055721058408,1957.42617422957
fixedwing_0,fixedwing,547,-25.77709687576283,1942.0788201690964
fixedwing_0,fixedwing,548,-29.848055721058408,1939.063265548037
fixedwing_0,fixedwing,549,-28.325953780035302,1948.9445783379097
fixedwing_0,fixedwing,550,-29.848055721058408,1945.9290237168502
fixedwing_0,fixedwing,551,-28.325953780035302,1955.810336506723
fixedwing_0,fixedwing,552,-29.848055721058408,1952.7947818856635
fixedwing_0,fixedwing,553,-28.325953780035302,1962.6760946755362
fixedwing_0,fixedwing,554,-29.848055721058408,1959.6605400544768
fixedwing_0,fixedwing,555,-25.77709687576283,1944.313185994003
fixedwing_0,fixedwing,556,-29.848055721058408,1941.2976313729437
fixedwing_0,fixedwing,557,-28.325953780035302,1951.1789441628164
fixedwing_0,fixedwing,558,-29.848055721058408,1948.163389541757
fixedwing_0,fixedwing,559,-28.325953780035302,1958.0447023316297
fixedwing_0,fixedwing,560,-29.848055721058408,1955.0291477105702
fixedwing_0,fixedwing,561,-25.77709687576283,1939.6817936500966
fixedwing_0,fixedwing,562,-29.848055721058408,1936.6662390290371
fixedwing_0,fixedwing,563,-28.325953780035302,1946.5475518189098
fixedwing_0,fixedwing,564,-29.848055721058408,1943.5319971978504
fixedwing_0,fixedwing,565,-28.325953780035302,1953.413309987723
fixedwing_0,fixedwing,566,-29.848055721058408,1950.3977553666637
fixedwing_0,fixedwing,567,-28.325953780035302,1960.2790681565364
fixedwing_0,fixedwing,568,-29.848055721058408,1957.263513535477
fixedwing_0,fixedwing,569,-25.77709687576283,1941.9161594750033
fixedwing_0,fixedwing,570,-29.848055721058408,1938.9006048539438
fixedwing_0,fixedwing,571,-28.325953780035302,1948.7819176438165
fixedwing_0,fixedwing,572,-29.848055721058408,1945.766363022757
fixedwing_0,fixedwing,573,-28.325953780035302,1955.6476758126298
fixedwing_0,fixedwing,574,-29.848055721058408,1952.6321211915704
fixedwing_0,fixedwing,575,-28.325953780035302,1962.513433981443
fixedwing_0,fixedwing,576,-29.848055721058408,1959.4978793603836
fixedwing_0,fixedwing,577,-25.77709687576283,1944.15052529991
fixedwing_0,fixedwing,578,-29.848055721058408,1941.1349706788506
fixedwing_0,fixedwing,579,-21.063221877028408,1919.7728386654237
fixedwing_0,fixedwing,580,-28.117789105821327,1909.3138742902786
fixedwing_0,fixedwing,581,-29.903520564691895,1911.7179245886393
fixedwing_0,fixedwing,582,-26.085797989360408,1926.5345079754488
fixedwing_0,fixedwing,583,-17.38000313295274,1950.9872274785748
fixedwing_0,fixedwing,584,-26.0857979893604,1965.8038108653843
fixedwing_0,fixedwing,585,-29.903520564691895,1968.207861163745
fixedwing_0,fixedwing,586,-28.117789105821334,1957.7488967886
fixedwing_0,fixedwing,587,-29.903520564691895,1960.1529470869607
fixedwing_0,fixedwing,588,-28.117789105821334,1949.6939827118156
fixedwing_0,fixedwing,589,-29.903520564691895,1952.0980330101763
fixedwing_0,fixedwing,590,-28.117789105821334,1941.6390686350312
fixedwing_0,fixedwing,591,-29.903520564691895,1944.043118933392
fixedwing_0,fixedwing,592,-26.0857979893604,1958.8597023202014
fixedwing_0,fixedwing,593,-29.903520564691895,1961.2637526185622
fixedwing_0,fixedwing,594,-28.117789105821334,1950.804788243417
fixedwing_0,fixedwing,595,-29.903520564691895,1953.2088385417778
fixedwing_0,fixedwing,596,-28.117789105821334,1942.7498741666327
fixedwing_0,fixedwing,597,-29.903520564691895,1945.1539244649935
fixedwing_0,fixedwing,598,-26.0857979893604,1959.970507851803
fixedwing_0,fixedwing,599,-29.903520564691895,1962.3745581501637
fixedwing_0,fixedwing,600,-28.117789105821334,1951.9155937750186
fixedwing_0,fixedwing,601,-29.903520564691895,1954.3196440733793
fixedwing_0,fixedwing,602,-28.117789105821334,1943.8606796982342
fixedwing_0,fixedwing,603,-29.903520564691895,1946.264729996595
fixedwing_0,fixedwing,604,-26.0857979893604,1961.0813133834044
fixedwing_0,fixedwing,605,-29.903520564691895,1963.4853636817652
fixedwing_0,fixedwing,606,-28.117789105821334,1953.02639930662
fixedwing_0,fixedwing,607,-29.903520564691895,1955.4304496049808
fixedwing_0,fixedwing,608,-28.117789105821334,1944.9714852298357
fixedwing_0,fixedwing,609,-29.903520564691895,1947.3755355281965
fixedwing_0,fixedwing,610,-26.0857979893604,1962.192118915006
fixedwing_0,fixedwing,611,-29.903520564691895,1964.5961692133667
fixedwing_0,fixedwing,612,-28.117789105821334,1954.1372048382216
fixedwing_0,fixedwing,613,-29.903520564691895,1956.5412551365823
fixedwing_0,fixedwing,614,-28.117789105821334,1946.0822907614372
fixedwing_0,fixedwing,615,-29.903520564691895,1948.486341059798
fixedwing_0,fixedwing,616,-28.117789105821334,1938.0273766846528
fixedwing_0,fixedwing,617,-29.903520564691895,1940.4314269830136
fixedwing_0,fixedwing,618,-26.0857979893604,1955.248010369823
fixedwing_0,fixedwing,619,-29.903520564691895,1957.6520606681838
fixedwing_0,fixedwing,620,-28.117789105821334,1947.1930962930387
fixedwing_0,fixedwing,621,-29.903520564691895,1949.5971465913995
fixedwing_0,fixedwing,622,-28.117789105821334,1939.1381822162543
fixedwing_0,fixedwing,623,-29.903520564691895,1941.542232514615
fixedwing_0,fixedwing,624,-26.0857979893604,1956.3588159014246
fixedwing_0,fixedwing,625,-29.903520564691895,1958.7628661997853
fixedwing_0,fixedwing,626,-28.117789105821334,1948.3039018246402
fixedwing_0,fixedwing,627,-29.903520564691895,1950.707952123001
fixedwing_0,fixedwing,628,-28.117789105821334,1940.2489877478558
fixedwing_0,fixedwing,629,-29.903520564691895,1942.6530380462166
fixedwing_0,fixedwing,630,-26.0857979893604,1957.469621433026
fixedwing_0,fixedwing,631,-29.903520564691895,1959.8736717313868
fixedwing_0,fixedwing,632,-28.117789105821334,1949.4147073562417
fixedwing_0,fixedwing,633,-29.903520564691895,1951.8187576546025
fixedwing_0,fixedwing,634,-28.117789105821334,1941.3597932794573
fixedwing_0,fixedwing,635,-29.903520564691895,1943.763843577818
fixedwing_0,fixedwing,636,-26.0857979893604,1958.5804269646276
fixedwing_0,fixedwing,637,-29.903520564691895,1960.9844772629883
fixedwing_0,fixedwing,638,-28.117789105821334,1950.5255128878432
fixedwing_0,fixedwing,639,-29.903520564691895,1952.929563186204
fixedwing_0,fixedwing,640,-28.117789105821334,1942.4705988110588
fixedwing_0,fixedwing,641,-29.903520564691895,1944.8746491094196
fixedwing_0,fixedwing,642,-26.0857979893604,1959.691232496229
fixedwing_0,fixedwing,643,-29.903520564691895,1962.0952827945898
fixedwing_0,fixedwing,644,-28.117789105821334,1951.6363184194447
fixedwing_0,fixedwing,645,-29.903520564691895,1954.0403687178054
fixedwing_0,fixedwing,646,-28.117789105821334,1943.5814043426603
fixedwing_0,fixedwing,647,-29.903520564691895,1945.985454641021
fixedwing_0,fixedwing,648,-26.0857979893604,1960.8020380278306
fixedwing_0,fixedwing,649,-29.903520564691895,1963.2060883261913
fixedwing_0,fixedwing,650,-28.117789105821334,1952.7471239510462
fixedwing_0,fixedwing,651,-29.903520564691895,1955.151174249407
fixedwing_0,fixedwing,652,-28.117789105821334,1944.6922098742618
fixedwing_0,fixedwing,653,-29.903520564691895,1947.0962601726226
fixedwing_0,fixedwing,654,-26.0857979893604,1961.912843559432
fixedwing_0,fixedwing,655,-29.903520564691895,1964.3168938577928
fixedwing_0,fixedwing,656,-28.117789105821334,1953.8579294826477
fixedwing_0,fixedwing,657,-29.903520564691895,1956.2619797810084
fixedwing_0,fixedwing,658,-28.117789105821334,1945.8030154058633
fixedwing_0,fixedwing,659,-29.903520564691895,1948.207065704224
fixedwing_0,fixedwing,660,-28.117789105821334,1937.748101329079
fixedwing_0,fixedwing,661,-29.903520564691895,1940.1521516274397
fixedwing_0,fixedwing,662,-26.0857979893604,1954.9687350142492
fixedwing_0,fixedwing,663,-29.903520564691895,1957.37278531261
fixedwing_0,fixedwing,664,-28.117789105821334,1946.9138209374648
fixedwing_0,fixedwing,665,-29.903520564691895,1949.3178712358256
fixedwing_0,fixedwing,666,-28.117789105821334,1938.8589068606805
fixedwing_0,fixedwing,667,-29.903520564691895,1941.2629571590412
fixedwing_0,fixedwing,668,-26.0857979893604,1956.0795405458507
fixedwing_0,fixedwing,669,-29.903520564691895,1958.4835908442114
fixedwing_0,fixedwing,670,-28.117789105821334,1948.0246264690663
fixedwing_0,fixedwing,671,-29.903520564691895,1950.428676767427
fixedwing_0,fixedwing,672,-28.117789105821334,1939.969712392282
fixedwing_0,fixedwing,673,-29.903520564691895,1942.3737626906427
fixedwing_0,fixedwing,674,-26.0857979893604,1957.1903460774522
fixedwing_0,fixedwing,675,-29.903520564691895,1959.594396375813
fixedwing_0,fixedwing,676,-28.117789105821334,1949.1354320006678
fixedwing_0,fixedwing,677,-29.903520564691895,1951.5394822990286
fixedwing_0,fixedwing,678,-28.117789105821334,1941.0805179238835
fixedwing_0,fixedwing,679,-29.903520564691895,1943.4845682222442
fixedwing_0,fixedwing,680,-26.0857979893604,1958.3011516090537
fixedwing_0,fixedwing,681,-29.903520564691895,1960.7052019074144
fixedwing_0,fixedwing,682,-28.117789105821334,1950.2462375322693
fixedwing_0,fixedwing,683,-29.903520564691895,1952.65028783063
fixedwing_0,fixedwing,684,-28.117789105821334,1942.191323455485
fixedwing_0,fixedwing,685,-29.903520564691895,1944.5953737538457
fixedwing_0,fixedwing,686,-26.0857979893604,1959.4119571406552
fixedwing_0,fixedwing,687,-29.903520564691895,1961.816007439016
fixedwing_0,fixedwing,688,-28.117789105821334,1951.3570430638708
fixedwing_0,fixedwing,689,-29.903520564691895,1953.7610933622316
fixedwing_0,fixedwing,690,-28.117789105821334,1943.3021289870865
fixedwing_0,fixedwing,691,-29.903520564691895,1945.7061792854472
fixedwing_0,fixedwing,692,-26.0857979893604,1960.5227626722567
fixedwing_0,fixedwing,693,-29.903520564691895,1962.9268129706174
fixedwing_0,fixedwing,694,-28.117789105821334,1952.4678485954723
fixedwing_0,fixedwing,695,-29.903520564691895,1954.871898893833
fixedwing_0,fixedwing,696,-28.117789105821334,1944.412934518688
fixedwing_0,fixedwing,697,-29.903520564691895,1946.8169848170487
fixedwing_0,fixedwing,698,-26.0857979893604,1961.6335682038582
fixedwing_0,fixedwing,699,-29.903520564691895,1964.037618502219
fixedwing_0,fixedwing,700,-28.117789105821334,1953.5786541270738
fixedwing_0,fixedwing,701,-29.903520564691895,1955.9827044254346
fixedwing_0,fixedwing,702,-28.117789105821334,1945.5237400502895
fixedwing_0,fixedwing,703,-29.903520564691895,1947.9277903486502
fixedwing_0,fixedwing,704,-28.117789105821334,1937.468825973505
fixedwing_0,fixedwing,705,-29.903520564691895,1939.8728762718658
fixedwing_0,fixedwing,706,-26.0857979893604,1954.6894596586753
fixedwing_0,fixedwing,707,-29.903520564691895,1957.093509957036
fixedwing_0,fixedwing,708,-28.117789105821334,1946.634545581891
fixedwing_0,fixedwing,709,-29.903520564691895,1949.0385958802517
fixedwing_0,fixedwing,710,-28.117789105821334,1938.5796315051066
fixedwing_0,fixedwing,711,-29.903520564691895,1940.9836818034673
fixedwing_0,fixedwing,712,-26.0857979893604,1955.8002651902768
fixedwing_0,fixedwing,713,-29.903520564691895,1958.2043154886376
fixedwing_0,fixedwing,714,-28.117789105821334,1947.7453511134925
fixedwing_0,fixedwing,715,-29.903520564691895,1950.1494014118532
fixedwing_0,fixedwing,716,-28.117789105821334,1939.690437036708
fixedwing_0,fixedwing,717,-29.903520564691895,1942.0944873350688
fixedwing_0,fixedwing,718,-26.0857979893604,1956.9110707218783
fixedwing_0,fixedwing,719,-29.903520564691895,1959.315121020239
fixedwing_0,fixedwing,720,-28.117789105821334,1948.856156645094
fixedwing_0,fixedwing,721,-29.903520564691895,1951.2602069434547
fixedwing_0,fixedwing,722,-28.117789105821334,1940.8012425683096
fixedwing_0,fixedwing,723,-29.903520564691895,1943.2052928666703
fixedwing_0,fixedwing,724,-26.0857979893604,1958.0218762534798
fixedwing_0,fixedwing,725,-29.903520564691895,1960.4259265518406
fixedwing_0,fixedwing,726,-28.117789105821334,1949.9669621766955
fixedwing_0,fixedwing,727,-29.903520564691895,1952.3710124750562
fixedwing_0,fixedwing,728,-28.117789105821334,1941.912048099911
fixedwing_0,fixedwing,729,-29.903520564691895,1944.3160983982718
fixedwing_0,fixedwing,730,-26.0857979893604,1959.1326817850813
fixedwing_0,fixedwing,731,-29.903520564691895,1961.536732083442
fixedwing_0,fixedwing,732,-28.117789105821334,1951.077767708297
fixedwing_0,fixedwing,733,-29.903520564691895,1953.4818180066577
fixedwing_0,fixedwing,734,-28.117789105821334,1943.0228536315126
fixedwing_0,fixedwing,735,-29.903520564691895,1945.4269039298733
fixedwing_0,fixedwing,736,-26.0857979893604,1960.2434873166828
fixedwing_0,fixedwing,737,-29.903520564691895,1962.6475376150436
fixedwing_0,fixedwing,738,-28.117789105821334,1952.1885732398985
fixedwing_0,fixedwing,739,-29.903520564691895,1954.5926235382592
fixedwing_0,fixedwing,740,-24.086671033387027,1936.7087682903157
fixedwing_0,fixedwing,741,-29.38798133945692,1930.6799580601185
fixedwing_0,fixedwing,742,-29.182441633088104,1937.6358979916738
fixedwing_0,fixedwing,743,-23.50856685416364,1956.2731532741268
fixedwing_0,fixedwing,744,-29.71857370244072,1952.1735951159103
fixedwing_0,fixedwing,745,-28.66672290887496,1961.0177455932476
fixedwing_0,fixedwing,746,-29.71857370244072,1956.918187435031
fixedwing_0,fixedwing,747,-25.201626623414306,1940.6431139932915
fixedwing_0,fixedwing,748,-29.71857370244072,1936.543555835075
fixedwing_0,fixedwing,749,-28.66672290887496,1945.3877063124123
fixedwing_0,fixedwing,750,-29.71857370244072,1941.2881481541958
fixedwing_0,fixedwing,751,-28.66672290887496,1950.132298631533
fixedwing_0,fixedwing,752,-29.71857370244072,1946.0327404733166
fixedwing_0,fixedwing,753,-28.66672290887496,1954.876890950654
fixedwing_0,fixedwing,754,-29.71857370244072,1950.7773327924374
fixedwing_0,fixedwing,755,-28.66672290887496,1959.6214832697747
fixedwing_0,fixedwing,756,-29.71857370244072,1955.5219251115582
fixedwing_0,fixedwing,757,-25.201626623414306,1939.2468516698186
fixedwing_0,fixedwing,758,-29.71857370244072,1935.1472935116021
fixedwing_0,fixedwing,759,-28.66672290887496,1943.9914439889394
fixedwing_0,fixedwing,760,-29.71857370244072,1939.891885830723
fixedwing_0,fixedwing,761,-28.66672290887496,1948.7360363080602
fixedwing_0,fixedwing,762,-29.71857370244072,1944.6364781498437
fixedwing_0,fixedwing,763,-28.66672290887496,1953.480628627181
fixedwing_0,fixedwing,764,-29.71857370244072,1949.3810704689645
fixedwing_0,fixedwing,765,-28.66672290887496,1958.2252209463018
fixedwing_0,fixedwing,766,-29.71857370244072,1954.1256627880853
fixedwing_0,fixedwing,767,-25.201626623414306,1937.8505893463457
fixedwing_0,fixedwing,768,-29.71857370244072,1933.7510311881292
fixedwing_0,fixedwing,769,-28.159121722873053,1923.4038642427079
fixedwing_0,fixedwing,770,-29.8937330019675,1925.9267053409696
fixedwing_0,fixedwing,771,-26.026724283682228,1940.8468133520125
fixedwing_0,fixedwing,772,1.83697019872103e-15,1910.8468133520125
fixedwing_0,fixedwing,773,3.67394039744206e-15,1880.8468133520125
fixedwing_0,fixedwing,774,5.5109105961630896e-15,1850.8468133520125
fixedwing_0,fixedwing,775,7.34788079488412e-15,1820.8468133520125
fixedwing_0,fixedwing,776,9.18485099360515e-15,1790.8468133520125
fixedwing_0,fixedwing,777,1.102182119232618e-14,1760.8468133520125
fixedwing_0,fixedwing,778,1.2858791391047211e-14,1730.8468133520125
fixedwing_0,fixedwing,779,1.469576158976824e-14,1700.8468133520125
fixedwing_0,fixedwing,780,1.653273178848927e-14,1670.8468133520125
fixedwing_0,fixedwing,781,1.83697019872103e-14,1640.8468133520125
fixedwing_0,fixedwing,782,2.020667218593133e-14,1610.8468133520125
fixedwing_0,fixedwing,783,2.204364238465236e-14,1580.8468133520125
fixedwing_0,fixedwing,784,2.3880612583373392e-14,1550.8468133520125
fixedwing_0,fixedwing,785,2.5717582782094422e-14,1520.8468133520125
fixedwing_0,fixedwing,786,2.7554552980815453e-14,1490.8468133520125
fixedwing_0,fixedwing,787,2.939152317953648e-14,1460.8468133520125
fixedwing_0,fixedwing,788,3.122849337825751e-14,1430.8468133520125
fixedwing_0,fixedwing,789,3.3065463576978534e-14,1400.8468133520125
fixedwing_0,fixedwing,790,3.490243377569956e-14,1370.8468133520125
fixedwing_0,fixedwing,791,3.673940397442059e-14,1340.8468133520125
fixedwing_0,fixedwing,792,3.8576374173141616e-14,1310.8468133520125
fixedwing_0,fixedwing,793,4.041334437186264e-14,1280.8468133520125
fixedwing_0,fixedwing,794,4.225031457058367e-14,1250.8468133520125
fixedwing_0,fixedwing,795,4.40872847693047e-14,1220.8468133520125
fixedwing_0,fixedwing,796,4.5924254968025725e-14,1190.8468133520125
fixedwing_0,fixedwing,797,4.776122516674675e-14,1160.8468133520125
fixedwing_0,fixedwing,798,4.959819536546778e-14,1130.8468133520125
fixedwing_0,fixedwing,799,5.1435165564188806e-14,1100.8468133520125
fixedwing_0,fixedwing,800,5.3272135762909834e-14,1070.8468133520125
fixedwing_0,fixedwing,801,5.510910596163086e-14,1040.8468133520125
fixedwing_0,fixedwing,802,5.028473801260095e-14,1010.8468133520125
fixedwing_0,fixedwing,803,5.2121708211321976e-14,980.8468133520125
fixedwing_0,fixedwing,804,4.7297340262292064e-14,950.8468133520125
fixedwing_0,fixedwing,805,4.913431046101309e-14,920.8468133520125
fixedwing_0,fixedwing,806,4.430994251198318e-14,890.8468133520125
fixedwing_0,fixedwing,807,4.6146912710704206e-14,860.8468133520125
fixedwing_0,fixedwing,808,4.1322544761674294e-14,830.8468133520125
fixedwing_0,fixedwing,809,4.315951496039532e-14,800.8468133520125
fixedwing_0,fixedwing,810,3.833514701136541e-14,770.8468133520125
fixedwing_0,fixedwing,811,4.017211721008644e-14,740.8468133520125
fixedwing_0,fixedwing,812,3.5347749261056525e-14,710.8468133520125
fixedwing_0,fixedwing,813,3.718471945977755e-14,680.8468133520125
fixedwing_0,fixedwing,814,3.236035151074764e-14,650.8468133520125
fixedwing_0,fixedwing,815,3.419732170946867e-14,620.8468133520125
fixedwing_0,fixedwing,816,2.9372953760438755e-14,590.8468133520125
fixedwing_0,fixedwing,817,3.120992395915978e-14,560.8468133520125
fixedwing_0,fixedwing,818,2.6385556010129874e-14,530.8468133520125
fixedwing_0,fixedwing,819,2.8222526208850904e-14,500.84681335201253
fixedwing_0,fixedwing,820,2.3398158259820995e-14,470.84681335201253
fixedwing_0,fixedwing,821,2.5235128458542025e-14,440.84681335201253
fixedwing_0,fixedwing,822,2.0410760509512117e-14,410.84681335201253
fixedwing_0,fixedwing,823,2.2247730708233147e-14,380.84681335201253
fixedwing_0,fixedwing,824,1.7423362759203238e-14,350.84681335201253
fixedwing_0,fixedwing,825,1.926033295792427e-14,320.84681335201253
fixedwing_0,fixedwing,826,1.443596500889436e-14,290.84681335201253
fixedwing_0,fixedwing,827,1.627293520761539e-14,260.84681335201253
fixedwing_0,fixedwing,828,1.1448567258585481e-14,230.84681335201253
fixedwing_0,fixedwing,829,1.3285537457306512e-14,200.84681335201253
fixedwing_0,fixedwing,830,8.461169508276603e-15,170.84681335201253
fixedwing_0,fixedwing,831,1.0298139706997633e-14,140.84681335201253
fixedwing_0,fixedwing,832,5.4737717579677234e-15,110.84681335201253
fixedwing_0,fixedwing,833,7.310741956688753e-15,80.84681335201253
fixedwing_0,fixedwing,834,2.4863740076588433e-15,50.84681335201253
fixedwing_0,fixedwing,835,4.323344206379873e-15,20.846813352012532
quadrotor_0,quadrotor,0,0.0,75.0
quadrotor_0,quadrotor,1,0.0,75.0
quadrotor_0,quadrotor,2,0.0,75.0
quadrotor_0,quadrotor,3,0.0,75.0
quadrotor_0,quadrotor,4,0.0,75.0
quadrotor_0,quadrotor,5,0.0,75.0
quadrotor_0,quadrotor,6,0.0,75.0
quadrotor_0,quadrotor,7,0.0,75.0
quadrotor_0,quadrotor,8,0.0,75.0
quadrotor_0,quadrotor,9,0.0,75.0
quadrotor_0,quadrotor,10,0.0,75.0
quadrotor_0,quadrotor,11,0.0,75.0
quadrotor_0,quadrotor,12,0.0,75.0
quadrotor_0,quadrotor,13,0.0,75.0
quadrotor_0,quadrotor,14,0.0,75.0
quadrotor_0,quadrotor,15,0.0,75.0
quadrotor_0,quadrotor,16,0.0,75.0
quadrotor_0,quadrotor,17,0.0,75.0
quadrotor_0,quadrotor,18,0.0,75.0
quadrotor_0,quadrotor,19,0.0,75.0
quadrotor_0,quadrotor,20,0.0,75.0
quadrotor_0,quadrotor,21,0.0,75.0
quadrotor_0,quadrotor,22,0.0,75.0
quadrotor_0,quadrotor,23,0.0,75.0
quadrotor_0,quadrotor,24,0.0,75.0
quadrotor_0,quadrotor,25,0.0,75.0
quadrotor_0,quadrotor,26,0.0,75.0
quadrotor_0,quadrotor,27,0.0,75.0
quadrotor_0,quadrotor,28,0.0,75.0
quadrotor_0,quadrotor,29,0.0,75.0
quadrotor_0,quadrotor,30,0.0,75.0
quadrotor_0,quadrotor,31,0.0,75.0
quadrotor_0,quadrotor,32,0.0,75.0
quadrotor_0,quadrotor,33,0.0,75.0
quadrotor_0,quadrotor,34,0.0,75.0
quadrotor_0,quadrotor,35,0.0,75.0
quadrotor_0,quadrotor,36,0.0,75.0
quadrotor_0,quadrotor,37,0.0,75.0
quadrotor_0,quadrotor,38,0.0,75.0
quadrotor_0,quadrotor,39,0.0,75.0
quadrotor_0,quadrotor,40,0.0,75.0
quadrotor_0,quadrotor,41,0.0,75.0
quadrotor_0,quadrotor,42,0.0,75.0
quadrotor_0,quadrotor,43,0.0,75.0
quadrotor_0,quadrotor,44,0.0,75.0
quadrotor_0,quadrotor,45,0.0,75.0
quadrotor_0,quadrotor,46,0.0,75.0
quadrotor_0,quadrotor,47,0.0,75.0
quadrotor_0,quadrotor,48,0.0,75.0
quadrotor_0,quadrotor,49,0.0,75.0
quadrotor_0,quadrotor,50,0.0,75.0
quadrotor_0,quadrotor,51,0.0,75.0
quadrotor_0,quadrotor,52,0.0,75.0
quadrotor_0,quadrotor,53,0.0,75.0
quadrotor_0,quadrotor,54,0.0,75.0
quadrotor_0,quadrotor,55,0.0,75.0
quadrotor_0,quadrotor,56,0.0,75.0
quadrotor_0,quadrotor,57,0.0,75.0
quadrotor_0,quadrotor,58,0.0,75.0
quadrotor_0,quadrotor,59,0.0,75.0
quadrotor_0,quadrotor,60,0.0,75.0
quadrotor_0,quadrotor,61,0.0,75.0
quadrotor_0,quadrotor,62,0.0,75.0
quadrotor_0,quadrotor,63,0.0,75.0
quadrotor_0,quadrotor,64,0.0,75.0
quadrotor_0,quadrotor,65,0.0,75.0
quadrotor_0,quadrotor,66,0.0,75.0
quadrotor_0,quadrotor,67,0.0,75.0
quadrotor_0,quadrotor,68,0.0,75.0
quadrotor_0,quadrotor,69,0.0,75.0
quadrotor_0,quadrotor,70,0.0,75.0
quadrotor_0,quadrotor,71,0.0,75.0
quadrotor_0,quadrotor,72,0.0,75.0
quadrotor_0,quadrotor,73,0.0,75.0
quadrotor_0,quadrotor,74,0.0,75.0
quadrotor_0,quadrotor,75,0.0,75.0
quadrotor_0,quadrotor,76,0.0,75.0
quadrotor_0,quadrotor,77,0.0,75.0
quadrotor_0,quadrotor,78,0.0,75.0
quadrotor_0,quadrotor,79,11.838722505213221,84.21111553746657
quadrotor_0,quadrotor,80,11.838722505213221,84.21111553746657
quadrotor_0,quadrotor,81,23.677445010426442,93.42223107493314
quadrotor_0,quadrotor,82,23.677445010426442,93.42223107493314
quadrotor_0,quadrotor,83,35.516167515639665,102.6333466123997
quadrotor_0,quadrotor,84,35.516167515639665,102.6333466123997
quadrotor_0,quadrotor,85,47.354890020852885,111.84446214986627
quadrotor_0,quadrotor,86,47.354890020852885,111.84446214986627
quadrotor_0,quadrotor,87,59.193612526066104,121.05557768733284
quadrotor_0,quadrotor,88,59.193612526066104,121.05557768733284
quadrotor_0,quadrotor,89,71.03233503127933,130.2666932247994
quadrotor_0,quadrotor,90,71.03233503127933,130.2666932247994
quadrotor_0,quadrotor,91,82.87105753649256,139.47780876226597
quadrotor_0,quadrotor,92,82.87105753649256,139.47780876226597
quadrotor_0,quadrotor,93,94.70978004170578,148.68892429973252
quadrotor_0,quadrotor,94,94.70978004170578,148.68892429973252
quadrotor_0,quadrotor,95,106.54850254691901,157.90003983719907
quadrotor_0,quadrotor,96,106.54850254691901,157.90003983719907
quadrotor_0,quadrotor,97,118.38722505213224,167.11115537466563
quadrotor_0,quadrotor,98,118.38722505213224,167.11115537466563
quadrotor_0,quadrotor,99,130.22594755734545,176.32227091213218
quadrotor_0,quadrotor,100,130.22594755734545,176.32227091213218
quadrotor_0,quadrotor,101,142.06467006255866,185.53338644959874
quadrotor_0,quadrotor,102,142.06467006255866,185.53338644959874
quadrotor_0,quadrotor,103,153.90339256777187,194.7445019870653
quadrotor_0,quadrotor,104,153.90339256777187,194.7445019870653
quadrotor_0,quadrotor,105,165.7421150729851,203.95561752453185
quadrotor_0,quadrotor,106,165.7421150729851,203.95561752453185
quadrotor_0,quadrotor,107,177.5808375781983,213.1667330619984
quadrotor_0,quadrotor,108,177.5808375781983,213.1667330619984
quadrotor_0,quadrotor,109,189.4195600834115,222.37784859946495
quadrotor_0,quadrotor,110,189.4195600834115,222.37784859946495
quadrotor_0,quadrotor,111,201.25828258862472,231.5889641369315
quadrotor_0,quadrotor,112,201.25828258862472,231.5889641369315
quadrotor_0,quadrotor,113,213.09700509383794,240.80007967439806
quadrotor_0,quadrotor,114,213.09700509383794,240.80007967439806
quadrotor_0,quadrotor,115,224.93572759905115,250.01119521186462
quadrotor_0,quadrotor,116,224.93572759905115,250.01119521186462
quadrotor_0,quadrotor,117,236.77445010426436,259.2223107493312
quadrotor_0,quadrotor,118,236.77445010426436,259.2223107493312
quadrotor_0,quadrotor,119,248.61317260947757,268.4334262867978
quadrotor_0,quadrotor,120,248.61317260947757,268.4334262867978
quadrotor_0,quadrotor,121,260.4518951146908,277.64454182426437
quadrotor_0,quadrotor,122,260.4518951146908,277.64454182426437
quadrotor_0,quadrotor,123,272.290617619904,286.85565736173095
quadrotor_0,quadrotor,124,272.290617619904,286.85565736173095
quadrotor_0,quadrotor,125,284.12934012511727,296.06677289919753
quadrotor_0,quadrotor,126,284.12934012511727,296.06677289919753
quadrotor_0,quadrotor,127,295.9680626303305,305.2778884366641
quadrotor_0,quadrotor,128,295.9680626303305,305.2778884366641
quadrotor_0,quadrotor,129,307.80678513554375,314.4890039741307
quadrotor_0,quadrotor,130,307.80678513554375,314.4890039741307
quadrotor_0,quadrotor,131,319.645507640757,323.7001195115973
quadrotor_0,quadrotor,132,319.645507640757,323.7001195115973
quadrotor_0,quadrotor,133,331.48423014597023,332.91123504906386
quadrotor_0,quadrotor,134,331.48423014597023,332.91123504906386
quadrotor_0,quadrotor,135,343.32295265118347,342.12235058653044
quadrotor_0,quadrotor,136,343.32295265118347,342.12235058653044
quadrotor_0,quadrotor,137,355.1616751563967,351.333466123997
quadrotor_0,quadrotor,138,355.1616751563967,351.333466123997
quadrotor_0,quadrotor,139,367.00039766160995,360.5445816614636
quadrotor_0,quadrotor,140,367.00039766160995,360.5445816614636
quadrotor_0,quadrotor,141,378.8391201668232,369.7556971989302
quadrotor_0,quadrotor,142,378.8391201668232,369.7556971989302
quadrotor_0,quadrotor,143,390.67784267203643,378.9668127363968
quadrotor_0,quadrotor,144,390.67784267203643,378.9668127363968
quadrotor_0,quadrotor,145,402.5165651772497,388.17792827386336
quadrotor_0,quadrotor,146,402.5165651772497,388.17792827386336
quadrotor_0,quadrotor,147,414.3552876824629,397.38904381132994
quadrotor_0,quadrotor,148,414.3552876824629,397.38904381132994
quadrotor_0,quadrotor,149,426.19401018767616,406.6001593487965
quadrotor_0,quadrotor,150,426.19401018767616,406.6001593487965
quadrotor_0,quadrotor,151,438.0327326928894,415.8112748862631
quadrotor_0,quadrotor,152,438.0327326928894,415.8112748862631
quadrotor_0,quadrotor,153,449.87145519810264,425.0223904237297
quadrotor_0,quadrotor,154,449.87145519810264,425.0223904237297
quadrotor_0,quadrotor,155,461.7101777033159,434.2335059611963
quadrotor_0,quadrotor,156,461.7101777033159,434.2335059611963
quadrotor_0,quadrotor,157,473.5489002085291,443.44462149866285
quadrotor_0,quadrotor,158,473.5489002085291,443.44462149866285
quadrotor_0,quadrotor,159,485.38762271374236,452.65573703612944
quadrotor_0,quadrotor,160,485.38762271374236,452.65573703612944
quadrotor_0,quadrotor,161,497.2263452189556,461.866852573596
quadrotor_0,quadrotor,162,497.2263452189556,461.866852573596
quadrotor_0,quadrotor,163,509.06506772416884,471.0779681110626
quadrotor_0,quadrotor,164,509.06506772416884,471.0779681110626
quadrotor_0,quadrotor,165,520.903790229382,480.2890836485292
quadrotor_0,quadrotor,166,520.903790229382,480.2890836485292
quadrotor_0,quadrotor,167,532.7425127345953,489.50019918599577
quadrotor_0,quadrotor,168,532.7425127345953,489.50019918599577
quadrotor_0,quadrotor,169,544.5812352398085,498.71131472346235
quadrotor_0,quadrotor,170,544.5812352398085,498.71131472346235
quadrotor_0,quadrotor,171,556.4199577450217,507.92243026092893
quadrotor_0,quadrotor,172,556.4199577450217,507.92243026092893
quadrotor_0,quadrotor,173,568.258680250235,517.1335457983955
quadrotor_0,quadrotor,174,568.258680250235,517.1335457983955
quadrotor_0,quadrotor,175,580.0974027554482,526.344661335862
quadrotor_0,quadrotor,176,580.0974027554482,526.344661335862
quadrotor_0,quadrotor,177,591.9361252606615,535.5557768733286
quadrotor_0,quadrotor,178,591.9361252606615,535.5557768733286
quadrotor_0,quadrotor,179,603.7748477658747,544.7668924107951
quadrotor_0,quadrotor,180,603.7748477658747,544.7668924107951
quadrotor_0,quadrotor,181,615.613570271088,553.9780079482616
quadrotor_0,quadrotor,182,615.613570271088,553.9780079482616
quadrotor_0,quadrotor,183,627.4522927763012,563.1891234857281
quadrotor_0,quadrotor,184,627.4522927763012,563.1891234857281
quadrotor_0,quadrotor,185,639.2910152815144,572.4002390231947
quadrotor_0,quadrotor,186,639.2910152815144,572.4002390231947
quadrotor_0,quadrotor,187,651.1297377867277,581.6113545606612
quadrotor_0,quadrotor,188,651.1297377867277,581.6113545606612
quadrotor_0,quadrotor,189,662.9684602919409,590.8224700981277
quadrotor_0,quadrotor,190,662.9684602919409,590.8224700981277
quadrotor_0,quadrotor,191,674.8071827971542,600.0335856355942
quadrotor_0,quadrotor,192,674.8071827971542,600.0335856355942
quadrotor_0,quadrotor,193,686.6459053023674,609.2447011730608
quadrotor_0,quadrotor,194,686.6459053023674,609.2447011730608
quadrotor_0,quadrotor,195,698.4846278075806,618.4558167105273
quadrotor_0,quadrotor,196,698.4846278075806,618.4558167105273
quadrotor_0,quadrotor,197,710.3233503127939,627.6669322479938
quadrotor_0,quadrotor,198,710.3233503127939,627.6669322479938
quadrotor_0,quadrotor,199,722.1620728180071,636.8780477854604
quadrotor_0,quadrotor,200,722.1620728180071,636.8780477854604
quadrotor_0,quadrotor,201,734.0007953232204,646.0891633229269
quadrotor_0,quadrotor,202,734.0007953232204,646.0891633229269
quadrotor_0,quadrotor,203,745.8395178284336,655.3002788603934
quadrotor_0,quadrotor,204,745.8395178284336,655.3002788603934
quadrotor_0,quadrotor,205,757.6782403336468,664.5113943978599
quadrotor_0,quadrotor,206,757.6782403336468,664.5113943978599
quadrotor_0,quadrotor,207,769.5169628388601,673.7225099353265
quadrotor_0,quadrotor,208,769.5169628388601,673.7225099353265
quadrotor_0,quadrotor,209,781.3556853440733,682.933625472793
quadrotor_0,quadrotor,210,781.3556853440733,682.933625472793
quadrotor_0,quadrotor,211,793.1944078492866,692.1447410102595
quadrotor_0,quadrotor,212,793.1944078492866,692.1447410102595
quadrotor_0,quadrotor,213,805.0331303544998,701.355856547726
quadrotor_0,quadrotor,214,805.0331303544998,701.355856547726
quadrotor_0,quadrotor,215,816.871852859713,710.5669720851926
quadrotor_0,quadrotor,216,816.871852859713,710.5669720851926
quadrotor_0,quadrotor,217,828.7105753649263,719.7780876226591
quadrotor_0,quadrotor,218,828.7105753649263,719.7780876226591
quadrotor_0,quadrotor,219,840.5492978701395,728.9892031601256
quadrotor_0,quadrotor,220,840.5492978701395,728.9892031601256
quadrotor_0,quadrotor,221,852.3880203753528,738.2003186975921
quadrotor_0,quadrotor,222,852.3880203753528,738.2003186975921
quadrotor_0,quadrotor,223,864.226742880566,747.4114342350587
quadrotor_0,quadrotor,224,864.226742880566,747.4114342350587
quadrotor_0,quadrotor,225,876.0654653857792,756.6225497725252
quadrotor_0,quadrotor,226,876.0654653857792,756.6225497725252
quadrotor_0,quadrotor,227,887.9041878909925,765.8336653099917
quadrotor_0,quadrotor,228,887.9041878909925,765.8336653099917
quadrotor_0,quadrotor,229,899.7429103962057,775.0447808474582
quadrotor_0,quadrotor,230,899.7429103962057,775.0447808474582
quadrotor_0,quadrotor,231,911.581632901419,784.2558963849248
quadrotor_0,quadrotor,232,911.581632901419,784.2558963849248
quadrotor_0,quadrotor,233,923.4203554066322,793.4670119223913
quadrotor_0,quadrotor,234,923.4203554066322,793.4670119223913
quadrotor_0,quadrotor,235,935.2590779118455,802.6781274598579
quadrotor_0,quadrotor,236,935.2590779118455,802.6781274598579
quadrotor_0,quadrotor,237,947.0978004170587,811.8892429973246
quadrotor_0,quadrotor,238,947.0978004170587,811.8892429973246
quadrotor_0,quadrotor,239,958.9365229222719,821.1003585347912
quadrotor_0,quadrotor,240,958.9365229222719,821.1003585347912
quadrotor_0,quadrotor,241,970.7752454274852,830.3114740722577
quadrotor_0,quadrotor,242,970.7752454274852,830.3114740722577
quadrotor_0,quadrotor,243,982.6139679326984,839.5225896097243
quadrotor_0,quadrotor,244,982.6139679326984,839.5225896097243
quadrotor_0,quadrotor,245,994.4526904379117,848.7337051471909
quadrotor_0,quadrotor,246,994.4526904379117,848.7337051471909
quadrotor_0,quadrotor,247,1006.2914129431249,857.9448206846575
quadrotor_0,quadrotor,248,1006.2914129431249,857.9448206846575
quadrotor_0,quadrotor,249,1018.1301354483381,867.1559362221242
quadrotor_0,quadrotor,250,1018.1301354483381,867.1559362221242
quadrotor_0,quadrotor,251,1029.9688579535514,876.3670517595908
quadrotor_0,quadrotor,252,1029.9688579535514,876.3670517595908
quadrotor_0,quadrotor,253,1041.8075804587645,885.5781672970575
quadrotor_0,quadrotor,254,1041.8075804587645,885.5781672970575
quadrotor_0,quadrotor,255,1053.6463029639776,894.789282834524
quadrotor_0,quadrotor,256,1053.6463029639776,894.789282834524
quadrotor_0,quadrotor,257,1065.4850254691908,904.0003983719905
quadrotor_0,quadrotor,258,1065.4850254691908,904.0003983719905
quadrotor_0,quadrotor,259,1077.323747974404,913.211513909457
quadrotor_0,quadrotor,260,1077.323747974404,913.211513909457
quadrotor_0,quadrotor,261,1089.162470479617,922.4226294469236
quadrotor_0,quadrotor,262,1089.162470479617,922.4226294469236
quadrotor_0,quadrotor,263,1101.0011929848301,931.6337449843901
quadrotor_0,quadrotor,264,1101.0011929848301,931.6337449843901
quadrotor_0,quadrotor,265,1112.8399154900433,940.8448605218566
quadrotor_0,quadrotor,266,1112.8399154900433,940.8448605218566
quadrotor_0,quadrotor,267,1124.6786379952564,950.0559760593231
quadrotor_0,quadrotor,268,1124.6786379952564,950.0559760593231
quadrotor_0,quadrotor,269,1136.5173605004695,959.2670915967897
quadrotor_0,quadrotor,270,1136.5173605004695,959.2670915967897
quadrotor_0,quadrotor,271,1148.3560830056826,968.4782071342562
quadrotor_0,quadrotor,272,1148.3560830056826,968.4782071342562
quadrotor_0,quadrotor,273,1160.1948055108958,977.6893226717227
quadrotor_0,quadrotor,274,1160.1948055108958,977.6893226717227
quadrotor_0,quadrotor,275,1172.033528016109,986.9004382091892
quadrotor_0,quadrotor,276,1172.033528016109,986.9004382091892
quadrotor_0,quadrotor,277,1183.872250521322,996.1115537466558
quadrotor_0,quadrotor,278,1183.872250521322,996.1115537466558
quadrotor_0,quadrotor,279,1195.7109730265352,1005.3226692841223
quadrotor_0,quadrotor,280,1195.7109730265352,1005.3226692841223
quadrotor_0,quadrotor,281,1207.5496955317483,1014.5337848215888
quadrotor_0,quadrotor,282,1207.5496955317483,1014.5337848215888
quadrotor_0,quadrotor,283,1219.3884180369614,1023.7449003590554
quadrotor_0,quadrotor,284,1219.3884180369614,1023.7449003590554
quadrotor_0,quadrotor,285,1231.2271405421745,1032.9560158965219
quadrotor_0,quadrotor,286,1231.2271405421745,1032.9560158965219
quadrotor_0,quadrotor,287,1243.0658630473877,1042.1671314339885
quadrotor_0,quadrotor,288,1243.0658630473877,1042.1671314339885
quadrotor_0,quadrotor,289,1254.9045855526008,1051.3782469714552
quadrotor_0,quadrotor,290,1254.9045855526008,1051.3782469714552
quadrotor_0,quadrotor,291,1266.743308057814,1060.5893625089218
quadrotor_0,quadrotor,292,1266.743308057814,1060.5893625089218
quadrotor_0,quadrotor,293,1278.582030563027,1069.8004780463884
quadrotor_0,quadrotor,294,1278.582030563027,1069.8004780463884
quadrotor_0,quadrotor,295,1290.4207530682402,1079.011593583855
quadrotor_0,quadrotor,296,1290.4207530682402,1079.011593583855
quadrotor_0,quadrotor,297,1302.2594755734533,1088.2227091213217
quadrotor_0,quadrotor,298,1302.2594755734533,1088.2227091213217
quadrotor_0,quadrotor,299,1314.0981980786664,1097.4338246587884
quadrotor_0,quadrotor,300,1314.0981980786664,1097.4338246587884
quadrotor_0,quadrotor,301,1325.9369205838796,1106.644940196255
quadrotor_0,quadrotor,302,1325.9369205838796,1106.644940196255
quadrotor_0,quadrotor,303,1337.7756430890927,1115.8560557337216
quadrotor_0,quadrotor,304,1337.7756430890927,1115.8560557337216
quadrotor_0,quadrotor,305,1349.6143655943058,1125.0671712711883
quadrotor_0,quadrotor,306,1349.6143655943058,1125.0671712711883
quadrotor_0,quadrotor,307,1361.453088099519,1134.278286808655
quadrotor_0,quadrotor,308,1361.453088099519,1134.278286808655
quadrotor_0,quadrotor,309,1373.2918106047323,1143.4894023461216
quadrotor_0,quadrotor,310,1373.2918106047323,1143.4894023461216
quadrotor_0,quadrotor,311,1385.1305331099456,1152.7005178835882
quadrotor_0,quadrotor,312,1385.1305331099456,1152.7005178835882
quadrotor_0,quadrotor,313,1396.969255615159,1161.9116334210548
quadrotor_0,quadrotor,314,1396.969255615159,1161.9116334210548
quadrotor_0,quadrotor,315,1408.8079781203724,1171.1227489585215
quadrotor_0,quadrotor,316,1408.8079781203724,1171.1227489585215
quadrotor_0,quadrotor,317,1420.6467006255857,1180.333864495988
quadrotor_0,quadrotor,318,1420.6467006255857,1180.333864495988
quadrotor_0,quadrotor,319,1432.485423130799,1189.5449800334547
quadrotor_0,quadrotor,320,1432.485423130799,1189.5449800334547
quadrotor_0,quadrotor,321,1444.3241456360124,1198.7560955709214
quadrotor_0,quadrotor,322,1444.3241456360124,1198.7560955709214
quadrotor_0,quadrotor,323,1456.1628681412258,1207.967211108388
quadrotor_0,quadrotor,324,1456.1628681412258,1207.967211108388
quadrotor_0,quadrotor,325,1468.0015906464391,1217.1783266458547
quadrotor_0,quadrotor,326,1468.0015906464391,1217.1783266458547
quadrotor_0,quadrotor,327,1479.8403131516525,1226.3894421833213
quadrotor_0,quadrotor,328,1479.8403131516525,1226.3894421833213
quadrotor_0,quadrotor,329,1491.6790356568658,1235.600557720788
quadrotor_0,quadrotor,330,1491.6790356568658,1235.600557720788
quadrotor_0,quadrotor,331,1503.5177581620792,1244.8116732582546
quadrotor_0,quadrotor,332,1503.5177581620792,1244.8116732582546
quadrotor_0,quadrotor,333,1515.3564806672925,1254.0227887957212
quadrotor_0,quadrotor,334,1515.3564806672925,1254.0227887957212
quadrotor_0,quadrotor,335,1527.195203172506,1263.2339043331879
quadrotor_0,quadrotor,336,1527.195203172506,1263.2339043331879
quadrotor_0,quadrotor,337,1539.0339256777193,1272.4450198706545
quadrotor_0,quadrotor,338,1539.0339256777193,1272.4450198706545
quadrotor_0,quadrotor,339,1550.8726481829326,1281.6561354081211
quadrotor_0,quadrotor,340,1550.8726481829326,1281.6561354081211
quadrotor_0,quadrotor,341,1562.711370688146,1290.8672509455878
quadrotor_0,quadrotor,342,1562.711370688146,1290.8672509455878
quadrotor_0,quadrotor,343,1574.5500931933593,1300.0783664830542
quadrotor_0,quadrotor,344,1574.5500931933593,1300.0783664830542
quadrotor_0,quadrotor,345,1586.3888156985727,1309.2894820205208
quadrotor_0,quadrotor,346,1586.3888156985727,1309.2894820205208
quadrotor_0,quadrotor,347,1586.3888156985727,1309.2894820205208
quadrotor_0,quadrotor,348,1586.3888156985727,1309.2894820205208
quadrotor_0,quadrotor,349,1586.3888156985727,1309.2894820205208
quadrotor_0,quadrotor,350,1586.3888156985727,1309.2894820205208
quadrotor_0,quadrotor,351,1586.3888156985727,1309.2894820205208
quadrotor_0,quadrotor,352,1586.3888156985727,1309.2894820205208
quadrotor_0,quadrotor,353,1586.3888156985727,1309.2894820205208
quadrotor_0,quadrotor,354,1586.3888156985727,1309.2894820205208
quadrotor_0,quadrotor,355,1586.3888156985727,1309.2894820205208
quadrotor_0,quadrotor,356,1586.3888156985727,1309.2894820205208
quadrotor_0,quadrotor,357,1586.3888156985727,1309.2894820205208
quadrotor_0,quadrotor,358,1586.3888156985727,1309.2894820205208
quadrotor_0,quadrotor,359,1586.3888156985727,1309.2894820205208
quadrotor_0,quadrotor,360,1586.3888156985727,1309.2894820205208
quadrotor_0,quadrotor,361,1586.3888156985727,1309.2894820205208
quadrotor_0,quadrotor,362,1586.3888156985727,1309.2894820205208
quadrotor_0,quadrotor,363,1586.3888156985727,1309.2894820205208
quadrotor_0,quadrotor,364,1586.3888156985727,1309.2894820205208
quadrotor_0,quadrotor,365,1586.3888156985727,1309.2894820205208
quadrotor_0,quadrotor,366,1586.3888156985727,1309.2894820205208
quadrotor_0,quadrotor,367,1586.3888156985727,1309.2894820205208
quadrotor_0,quadrotor,368,1586.3888156985727,1309.2894820205208
quadrotor_0,quadrotor,369,1586.3888156985727,1309.2894820205208
quadrotor_0,quadrotor,370,1586.3888156985727,1309.2894820205208
quadrotor_0,quadrotor,371,1586.3888156985727,1309.2894820205208
quadrotor_0,quadrotor,372,1586.3888156985727,1309.2894820205208
quadrotor_0,quadrotor,373,1586.3888156985727,1309.2894820205208
quadrotor_0,quadrotor,374,1586.3888156985727,1309.2894820205208
quadrotor_0,quadrotor,375,1586.3888156985727,1309.2894820205208
quadrotor_0,quadrotor,376,1586.3888156985727,1309.2894820205208
quadrotor_0,quadrotor,377,1586.3888156985727,1309.2894820205208
quadrotor_0,quadrotor,378,1586.3888156985727,1309.2894820205208
quadrotor_0,quadrotor,379,1586.3888156985727,1309.2894820205208
quadrotor_0,quadrotor,380,1586.3888156985727,1309.2894820205208
quadrotor_0,quadrotor,381,1586.3888156985727,1309.2894820205208
quadrotor_0,quadrotor,382,1586.3888156985727,1309.2894820205208
quadrotor_0,quadrotor,383,1586.3888156985727,1309.2894820205208
quadrotor_0,quadrotor,384,1586.3888156985727,1309.2894820205208
quadrotor_0,quadrotor,385,1586.3888156985727,1309.2894820205208
quadrotor_0,quadrotor,386,1586.3888156985727,1309.2894820205208
quadrotor_0,quadrotor,387,1586.3888156985727,1309.2894820205208
quadrotor_0,quadrotor,388,1586.3888156985727,1309.2894820205208
quadrotor_0,quadrotor,389,1586.3888156985727,1309.2894820205208
quadrotor_0,quadrotor,390,1586.3888156985727,1309.2894820205208
quadrotor_0,quadrotor,391,1586.3888156985727,1309.2894820205208
quadrotor_0,quadrotor,392,1586.3888156985727,1309.2894820205208
quadrotor_0,quadrotor,393,1586.3888156985727,1309.2894820205208
quadrotor_0,quadrotor,394,1586.3888156985727,1309.2894820205208
quadrotor_0,quadrotor,395,1586.3888156985727,1309.2894820205208
quadrotor_0,quadrotor,396,1586.3888156985727,1309.2894820205208
quadrotor_0,quadrotor,397,1586.3888156985727,1309.2894820205208
quadrotor_0,quadrotor,398,1586.3888156985727,1309.2894820205208
quadrotor_0,quadrotor,399,1586.3888156985727,1309.2894820205208
quadrotor_0,quadrotor,400,1586.3888156985727,1309.2894820205208
quadrotor_0,quadrotor,401,1586.3888156985727,1309.2894820205208
quadrotor_0,quadrotor,402,1586.3888156985727,1309.2894820205208
quadrotor_0,quadrotor,403,1586.3888156985727,1309.2894820205208
quadrotor_0,quadrotor,404,1586.3888156985727,1309.2894820205208
quadrotor_0,quadrotor,405,1586.3888156985727,1309.2894820205208
quadrotor_0,quadrotor,406,1586.3888156985727,1309.2894820205208
quadrotor_0,quadrotor,407,1586.3888156985727,1309.2894820205208
quadrotor_0,quadrotor,408,1586.3888156985727,1309.2894820205208
quadrotor_0,quadrotor,409,1586.3888156985727,1309.2894820205208
quadrotor_0,quadrotor,410,1586.3888156985727,1309.2894820205208
quadrotor_0,quadrotor,411,1586.3888156985727,1309.2894820205208
quadrotor_0,quadrotor,412,1586.3888156985727,1309.2894820205208
quadrotor_0,quadrotor,413,1586.3888156985727,1309.2894820205208
quadrotor_0,quadrotor,414,1586.3888156985727,1309.2894820205208
quadrotor_0,quadrotor,415,1586.3888156985727,1309.2894820205208
quadrotor_0,quadrotor,416,1586.3888156985727,1309.2894820205208
quadrotor_0,quadrotor,417,1586.3888156985727,1309.2894820205208
quadrotor_0,quadrotor,418,1586.3888156985727,1309.2894820205208
quadrotor_0,quadrotor,419,1586.3888156985727,1309.2894820205208
quadrotor_0,quadrotor,420,1586.3888156985727,1309.2894820205208
quadrotor_0,quadrotor,421,1586.3888156985727,1309.2894820205208
quadrotor_0,quadrotor,422,1586.3888156985727,1309.2894820205208
quadrotor_0,quadrotor,423,1586.3888156985727,1309.2894820205208
quadrotor_0,quadrotor,424,1586.3888156985727,1309.2894820205208
quadrotor_0,quadrotor,425,1586.3888156985727,1309.2894820205208
quadrotor_0,quadrotor,426,1586.3888156985727,1309.2894820205208
quadrotor_0,quadrotor,427,1586.3888156985727,1309.2894820205208
quadrotor_0,quadrotor,428,1586.3888156985727,1309.2894820205208
quadrotor_0,quadrotor,429,1586.3888156985727,1309.2894820205208
quadrotor_0,quadrotor,430,1586.3888156985727,1309.2894820205208
quadrotor_0,quadrotor,431,1586.3888156985727,1309.2894820205208
quadrotor_0,quadrotor,432,1586.3888156985727,1309.2894820205208
quadrotor_0,quadrotor,433,1586.3888156985727,1309.2894820205208
quadrotor_0,quadrotor,434,1586.3888156985727,1309.2894820205208
quadrotor_0,quadrotor,435,1586.3888156985727,1309.2894820205208
quadrotor_0,quadrotor,436,1586.3888156985727,1309.2894820205208
quadrotor_0,quadrotor,437,1586.3888156985727,1309.2894820205208
quadrotor_0,quadrotor,438,1586.3888156985727,1309.2894820205208
quadrotor_0,quadrotor,439,1586.3888156985727,1309.2894820205208
quadrotor_0,quadrotor,440,1586.3888156985727,1309.2894820205208
quadrotor_0,quadrotor,441,1586.3888156985727,1309.2894820205208
quadrotor_0,quadrotor,442,1586.3888156985727,1309.2894820205208
quadrotor_0,quadrotor,443,1586.3888156985727,1309.2894820205208
quadrotor_0,quadrotor,444,1586.3888156985727,1309.2894820205208
quadrotor_0,quadrotor,445,1586.3888156985727,1309.2894820205208
quadrotor_0,quadrotor,446,1586.3888156985727,1309.2894820205208
quadrotor_0,quadrotor,447,1586.3888156985727,1309.2894820205208
quadrotor_0,quadrotor,448,1586.3888156985727,1309.2894820205208
quadrotor_0,quadrotor,449,1586.3888156985727,1309.2894820205208
quadrotor_0,quadrotor,450,1586.3888156985727,1309.2894820205208
quadrotor_0,quadrotor,451,1586.3888156985727,1309.2894820205208
quadrotor_0,quadrotor,452,1586.3888156985727,1309.2894820205208
quadrotor_0,quadrotor,453,1586.3888156985727,1309.2894820205208
quadrotor_0,quadrotor,454,1586.3888156985727,1309.2894820205208
quadrotor_0,quadrotor,455,1586.3888156985727,1309.2894820205208
quadrotor_0,quadrotor,456,1586.3888156985727,1309.2894820205208
quadrotor_0,quadrotor,457,1586.3888156985727,1309.2894820205208
quadrotor_0,quadrotor,458,1586.3888156985727,1309.2894820205208
quadrotor_0,quadrotor,459,1586.3888156985727,1309.2894820205208
quadrotor_0,quadrotor,460,1586.3888156985727,1309.2894820205208
quadrotor_0,quadrotor,461,1586.3888156985727,1309.2894820205208
quadrotor_0,quadrotor,462,1586.3888156985727,1309.2894820205208
quadrotor_0,quadrotor,463,1586.3888156985727,1309.2894820205208
quadrotor_0,quadrotor,464,1586.3888156985727,1309.2894820205208
quadrotor_0,quadrotor,465,1586.3888156985727,1309.2894820205208
quadrotor_0,quadrotor,466,1586.3888156985727,1309.2894820205208
quadrotor_0,quadrotor,467,1586.3888156985727,1309.2894820205208
quadrotor_0,quadrotor,468,1586.3888156985727,1309.2894820205208
quadrotor_0,quadrotor,469,1586.3888156985727,1309.2894820205208
quadrotor_0,quadrotor,470,1586.3888156985727,1309.2894820205208
quadrotor_0,quadrotor,471,1586.3888156985727,1309.2894820205208
quadrotor_0,quadrotor,472,1586.3888156985727,1309.2894820205208
quadrotor_0,quadrotor,473,1586.3888156985727,1309.2894820205208
quadrotor_0,quadrotor,474,1586.3888156985727,1309.2894820205208
quadrotor_0,quadrotor,475,1586.3888156985727,1309.2894820205208
quadrotor_0,quadrotor,476,1586.3888156985727,1309.2894820205208
quadrotor_0,quadrotor,477,1586.3888156985727,1309.2894820205208
quadrotor_0,quadrotor,478,1586.3888156985727,1309.2894820205208
quadrotor_0,quadrotor,479,1586.3888156985727,1309.2894820205208
quadrotor_0,quadrotor,480,1586.3888156985727,1309.2894820205208
quadrotor_0,quadrotor,481,1586.3888156985727,1309.2894820205208
quadrotor_0,quadrotor,482,1586.3888156985727,1309.2894820205208
quadrotor_0,quadrotor,483,1586.3888156985727,1309.2894820205208
quadrotor_0,quadrotor,484,1586.3888156985727,1309.2894820205208
quadrotor_0,quadrotor,485,1586.3888156985727,1309.2894820205208
quadrotor_0,quadrotor,486,1586.3888156985727,1309.2894820205208
quadrotor_0,quadrotor,487,1586.3888156985727,1309.2894820205208
quadrotor_0,quadrotor,488,1586.3888156985727,1309.2894820205208
quadrotor_0,quadrotor,489,1586.3888156985727,1309.2894820205208
quadrotor_0,quadrotor,490,1586.3888156985727,1309.2894820205208
quadrotor_0,quadrotor,491,1586.3888156985727,1309.2894820205208
quadrotor_0,quadrotor,492,1586.3888156985727,1309.2894820205208
quadrotor_0,quadrotor,493,1586.3888156985727,1309.2894820205208
quadrotor_0,quadrotor,494,1586.3888156985727,1309.2894820205208
quadrotor_0,quadrotor,495,1586.3888156985727,1309.2894820205208
quadrotor_0,quadrotor,496,1586.3888156985727,1309.2894820205208
quadrotor_0,quadrotor,497,1586.3888156985727,1309.2894820205208
quadrotor_0,quadrotor,498,1586.3888156985727,1309.2894820205208
quadrotor_0,quadrotor,499,1586.3888156985727,1309.2894820205208
quadrotor_0,quadrotor,500,1586.3888156985727,1309.2894820205208
quadrotor_0,quadrotor,501,1586.3888156985727,1309.2894820205208
quadrotor_0,quadrotor,502,1586.3888156985727,1309.2894820205208
quadrotor_0,quadrotor,503,1586.3888156985727,1309.2894820205208
quadrotor_0,quadrotor,504,1586.3888156985727,1309.2894820205208
quadrotor_0,quadrotor,505,1586.3888156985727,1309.2894820205208
quadrotor_0,quadrotor,506,1586.3888156985727,1309.2894820205208
quadrotor_0,quadrotor,507,1586.3888156985727,1309.2894820205208
quadrotor_0,quadrotor,508,1586.3888156985727,1309.2894820205208
quadrotor_0,quadrotor,509,1586.3888156985727,1309.2894820205208
quadrotor_0,quadrotor,510,1586.3888156985727,1309.2894820205208
quadrotor_0,quadrotor,511,1586.3888156985727,1309.2894820205208
quadrotor_0,quadrotor,512,1586.3888156985727,1309.2894820205208
quadrotor_0,quadrotor,513,1586.3888156985727,1309.2894820205208
quadrotor_0,quadrotor,514,1586.3888156985727,1309.2894820205208
quadrotor_0,quadrotor,515,1586.3888156985727,1309.2894820205208
quadrotor_0,quadrotor,516,1586.3888156985727,1309.2894820205208
quadrotor_0,quadrotor,517,1586.3888156985727,1309.2894820205208
quadrotor_0,quadrotor,518,1586.3888156985727,1309.2894820205208
quadrotor_0,quadrotor,519,1586.3888156985727,1309.2894820205208
quadrotor_0,quadrotor,520,1586.3888156985727,1309.2894820205208
quadrotor_0,quadrotor,521,1586.3888156985727,1309.2894820205208
quadrotor_0,quadrotor,522,1586.3888156985727,1309.2894820205208
quadrotor_0,quadrotor,523,1586.3888156985727,1309.2894820205208
quadrotor_0,quadrotor,524,1586.3888156985727,1309.2894820205208
quadrotor_0,quadrotor,525,1586.3888156985727,1309.2894820205208
quadrotor_0,quadrotor,526,1586.3888156985727,1309.2894820205208
quadrotor_0,quadrotor,527,1586.3888156985727,1309.2894820205208
quadrotor_0,quadrotor,528,1586.3888156985727,1309.2894820205208
quadrotor_0,quadrotor,529,1586.3888156985727,1309.2894820205208
quadrotor_0,quadrotor,530,1586.3888156985727,1309.2894820205208
quadrotor_0,quadrotor,531,1586.3888156985727,1309.2894820205208
quadrotor_0,quadrotor,532,1586.3888156985727,1309.2894820205208
quadrotor_0,quadrotor,533,1586.3888156985727,1309.2894820205208
quadrotor_0,quadrotor,534,1586.3888156985727,1309.2894820205208
quadrotor_0,quadrotor,535,1586.3888156985727,1309.2894820205208
quadrotor_0,quadrotor,536,1586.3888156985727,1309.2894820205208
quadrotor_0,quadrotor,537,1586.3888156985727,1309.2894820205208
quadrotor_0,quadrotor,538,1586.3888156985727,1309.2894820205208
quadrotor_0,quadrotor,539,1586.3888156985727,1309.2894820205208
quadrotor_0,quadrotor,540,1586.3888156985727,1309.2894820205208
quadrotor_0,quadrotor,541,1586.3888156985727,1309.2894820205208
quadrotor_0,quadrotor,542,1586.3888156985727,1309.2894820205208
quadrotor_0,quadrotor,543,1586.3888156985727,1309.2894820205208
quadrotor_0,quadrotor,544,1586.3888156985727,1309.2894820205208
quadrotor_0,quadrotor,545,1586.3888156985727,1309.2894820205208
quadrotor_0,quadrotor,546,1586.3888156985727,1309.2894820205208
quadrotor_0,quadrotor,547,1586.3888156985727,1309.2894820205208
quadrotor_0,quadrotor,548,1586.3888156985727,1309.2894820205208
quadrotor_0,quadrotor,549,1586.3888156985727,1309.2894820205208
quadrotor_0,quadrotor,550,1586.3888156985727,1309.2894820205208
quadrotor_0,quadrotor,551,1586.3888156985727,1309.2894820205208
quadrotor_0,quadrotor,552,1586.3888156985727,1309.2894820205208
quadrotor_0,quadrotor,553,1586.3888156985727,1309.2894820205208
quadrotor_0,quadrotor,554,1586.3888156985727,1309.2894820205208
quadrotor_0,quadrotor,555,1586.3888156985727,1309.2894820205208
quadrotor_0,quadrotor,556,1586.3888156985727,1309.2894820205208
quadrotor_0,quadrotor,557,1586.3888156985727,1309.2894820205208
quadrotor_0,quadrotor,558,1586.3888156985727,1309.2894820205208
quadrotor_0,quadrotor,559,1586.3888156985727,1309.2894820205208
quadrotor_0,quadrotor,560,1586.3888156985727,1309.2894820205208
quadrotor_0,quadrotor,561,1586.3888156985727,1309.2894820205208
quadrotor_0,quadrotor,562,1586.3888156985727,1309.2894820205208
quadrotor_0,quadrotor,563,1586.3888156985727,1309.2894820205208
quadrotor_0,quadrotor,564,1586.3888156985727,1309.2894820205208
quadrotor_0,quadrotor,565,1586.3888156985727,1309.2894820205208
quadrotor_0,quadrotor,566,1586.3888156985727,1309.2894820205208
quadrotor_0,quadrotor,567,1586.3888156985727,1309.2894820205208
quadrotor_0,quadrotor,568,1586.3888156985727,1309.2894820205208
quadrotor_0,quadrotor,569,1586.3888156985727,1309.2894820205208
quadrotor_0,quadrotor,570,1586.3888156985727,1309.2894820205208
quadrotor_0,quadrotor,571,1586.3888156985727,1309.2894820205208
quadrotor_0,quadrotor,572,1586.3888156985727,1309.2894820205208
quadrotor_0,quadrotor,573,1586.3888156985727,1309.2894820205208
quadrotor_0,quadrotor,574,1586.3888156985727,1309.2894820205208
quadrotor_0,quadrotor,575,1586.3888156985727,1309.2894820205208
quadrotor_0,quadrotor,576,1586.3888156985727,1309.2894820205208
quadrotor_0,quadrotor,577,1586.3888156985727,1309.2894820205208
quadrotor_0,quadrotor,578,1586.3888156985727,1309.2894820205208
quadrotor_0,quadrotor,579,1586.3888156985727,1309.2894820205208
quadrotor_0,quadrotor,580,1586.3888156985727,1309.2894820205208
quadrotor_0,quadrotor,581,1586.3888156985727,1309.2894820205208
quadrotor_0,quadrotor,582,1586.3888156985727,1309.2894820205208
quadrotor_0,quadrotor,583,1586.3888156985727,1309.2894820205208
quadrotor_0,quadrotor,584,1586.3888156985727,1309.2894820205208
quadrotor_0,quadrotor,585,1586.3888156985727,1309.2894820205208
quadrotor_0,quadrotor,586,1586.3888156985727,1309.2894820205208
quadrotor_0,quadrotor,587,1586.3888156985727,1309.2894820205208
quadrotor_0,quadrotor,588,1586.3888156985727,1309.2894820205208
quadrotor_0,quadrotor,589,1586.3888156985727,1309.2894820205208
quadrotor_0,quadrotor,590,1586.3888156985727,1309.2894820205208
quadrotor_0,quadrotor,591,1586.3888156985727,1309.2894820205208
quadrotor_0,quadrotor,592,1586.3888156985727,1309.2894820205208
quadrotor_0,quadrotor,593,1586.3888156985727,1309.2894820205208
quadrotor_0,quadrotor,594,1586.3888156985727,1309.2894820205208
quadrotor_0,quadrotor,595,1586.3888156985727,1309.2894820205208
quadrotor_0,quadrotor,596,1586.3888156985727,1309.2894820205208
quadrotor_0,quadrotor,597,1586.3888156985727,1309.2894820205208
quadrotor_0,quadrotor,598,1586.3888156985727,1309.2894820205208
quadrotor_0,quadrotor,599,1586.3888156985727,1309.2894820205208
quadrotor_0,quadrotor,600,1586.3888156985727,1309.2894820205208
quadrotor_0,quadrotor,601,1586.3888156985727,1309.2894820205208
quadrotor_0,quadrotor,602,1586.3888156985727,1309.2894820205208
quadrotor_0,quadrotor,603,1586.3888156985727,1309.2894820205208
quadrotor_0,quadrotor,604,1586.3888156985727,1309.2894820205208
quadrotor_0,quadrotor,605,1586.3888156985727,1309.2894820205208
quadrotor_0,quadrotor,606,1586.3888156985727,1309.2894820205208
quadrotor_0,quadrotor,607,1586.3888156985727,1309.2894820205208
quadrotor_0,quadrotor,608,1586.3888156985727,1309.2894820205208
quadrotor_0,quadrotor,609,1586.3888156985727,1309.2894820205208
quadrotor_0,quadrotor,610,1586.3888156985727,1309.2894820205208
quadrotor_0,quadrotor,611,1586.3888156985727,1309.2894820205208
quadrotor_0,quadrotor,612,1586.3888156985727,1309.2894820205208
quadrotor_0,quadrotor,613,1586.3888156985727,1309.2894820205208
quadrotor_0,quadrotor,614,1586.3888156985727,1309.2894820205208
quadrotor_0,quadrotor,615,1586.3888156985727,1309.2894820205208
quadrotor_0,quadrotor,616,1586.3888156985727,1309.2894820205208
quadrotor_0,quadrotor,617,1586.3888156985727,1309.2894820205208
quadrotor_0,quadrotor,618,1586.3888156985727,1309.2894820205208
quadrotor_0,quadrotor,619,1586.3888156985727,1309.2894820205208
quadrotor_0,quadrotor,620,1586.3888156985727,1309.2894820205208
quadrotor_0,quadrotor,621,1586.3888156985727,1309.2894820205208
quadrotor_0,quadrotor,622,1586.3888156985727,1309.2894820205208
quadrotor_0,quadrotor,623,1586.3888156985727,1309.2894820205208
quadrotor_0,quadrotor,624,1586.3888156985727,1309.2894820205208
quadrotor_0,quadrotor,625,1586.3888156985727,1309.2894820205208
quadrotor_0,quadrotor,626,1574.8200736178085,1299.7414871174662
quadrotor_0,quadrotor,627,1563.2513315370443,1290.1934922144117
quadrotor_0,quadrotor,628,1551.68258945628,1280.645497311357
quadrotor_0,quadrotor,629,1540.113847375516,1271.0975024083025
quadrotor_0,quadrotor,630,1528.5451052947517,1261.549507505248
quadrotor_0,quadrotor,631,1516.9763632139875,1252.0015126021933
quadrotor_0,quadrotor,632,1505.4076211332233,1242.4535176991387
quadrotor_0,quadrotor,633,1493.838879052459,1232.9055227960841
quadrotor_0,quadrotor,634,1482.270136971695,1223.3575278930296
quadrotor_0,quadrotor,635,1470.7013948909307,1213.809532989975
quadrotor_0,quadrotor,636,1459.1326528101665,1204.2615380869204
quadrotor_0,quadrotor,637,1447.5639107294023,1194.7135431838658
quadrotor_0,quadrotor,638,1435.9951686486381,1185.1655482808112
quadrotor_0,quadrotor,639,1424.426426567874,1175.6175533777566
quadrotor_0,quadrotor,640,1412.8576844871097,1166.069558474702
quadrotor_0,quadrotor,641,1401.2889424063455,1156.5215635716474
quadrotor_0,quadrotor,642,1389.7202003255813,1146.9735686685929
quadrotor_0,quadrotor,643,1378.1514582448171,1137.4255737655383
quadrotor_0,quadrotor,644,1366.582716164053,1127.8775788624837
quadrotor_0,quadrotor,645,1355.0139740832888,1118.329583959429
quadrotor_0,quadrotor,646,1343.4452320025246,1108.7815890563745
quadrotor_0,quadrotor,647,1331.8764899217604,1099.23359415332
quadrotor_0,quadrotor,648,1320.3077478409962,1089.6855992502653
quadrotor_0,quadrotor,649,1308.739005760232,1080.1376043472108
quadrotor_0,quadrotor,650,1297.1702636794678,1070.5896094441562
quadrotor_0,quadrotor,651,1285.6015215987036,1061.0416145411016
quadrotor_0,quadrotor,652,1274.0327795179394,1051.493619638047
quadrotor_0,quadrotor,653,1262.4640374371752,1041.9456247349924
quadrotor_0,quadrotor,654,1250.895295356411,1032.3976298319378
quadrotor_0,quadrotor,655,1239.3265532756468,1022.8496349288832
quadrotor_0,quadrotor,656,1227.7578111948826,1013.3016400258286
quadrotor_0,quadrotor,657,1216.1890691141184,1003.7536451227741
quadrotor_0,quadrotor,658,1204.6203270333542,994.2056502197195
quadrotor_0,quadrotor,659,1193.05158495259,984.6576553166649
quadrotor_0,quadrotor,660,1181.4828428718258,975.1096604136103
quadrotor_0,quadrotor,661,1169.9141007910616,965.5616655105557
quadrotor_0,quadrotor,662,1158.3453587102974,956.0136706075011
quadrotor_0,quadrotor,663,1146.7766166295332,946.4656757044465
quadrotor_0,quadrotor,664,1135.207874548769,936.917680801392
quadrotor_0,quadrotor,665,1123.6391324680048,927.3696858983374
quadrotor_0,quadrotor,666,1112.0703903872406,917.8216909952828
quadrotor_0,quadrotor,667,1100.5016483064765,908.2736960922282
quadrotor_0,quadrotor,668,1088.9329062257123,898.7257011891736
quadrotor_0,quadrotor,669,1077.364164144948,889.177706286119
quadrotor_0,quadrotor,670,1065.7954220641839,879.6297113830644
quadrotor_0,quadrotor,671,1054.2266799834197,870.0817164800098
quadrotor_0,quadrotor,672,1042.6579379026555,860.5337215769553
quadrotor_0,quadrotor,673,1031.0891958218913,850.9857266739007
quadrotor_0,quadrotor,674,1019.5204537411271,841.4377317708461
quadrotor_0,quadrotor,675,1007.9517116603629,831.8897368677915
quadrotor_0,quadrotor,676,996.3829695795987,822.3417419647369
quadrotor_0,quadrotor,677,984.8142274988345,812.7937470616823
quadrotor_0,quadrotor,678,973.2454854180703,803.2457521586277
quadrotor_0,quadrotor,679,961.6767433373061,793.6977572555732
quadrotor_0,quadrotor,680,950.1080012565419,784.1497623525186
quadrotor_0,quadrotor,681,938.5392591757777,774.601767449464
quadrotor_0,quadrotor,682,926.9705170950135,765.0537725464094
quadrotor_0,quadrotor,683,915.4017750142493,755.5057776433548
quadrotor_0,quadrotor,684,903.8330329334851,745.9577827403002
quadrotor_0,quadrotor,685,892.2642908527209,736.4097878372456
quadrotor_0,quadrotor,686,880.6955487719567,726.861792934191
quadrotor_0,quadrotor,687,869.1268066911925,717.3137980311365
quadrotor_0,quadrotor,688,857.5580646104283,707.7658031280819
quadrotor_0,quadrotor,689,845.9893225296642,698.2178082250273
quadrotor_0,quadrotor,690,834.4205804489,688.6698133219727
quadrotor_0,quadrotor,691,822.8518383681358,679.1218184189181
quadrotor_0,quadrotor,692,811.2830962873716,669.5738235158635
quadrotor_0,quadrotor,693,799.7143542066074,660.0258286128089
quadrotor_0,quadrotor,694,788.1456121258432,650.4778337097543
quadrotor_0,quadrotor,695,776.576870045079,640.9298388066998
quadrotor_0,quadrotor,696,765.0081279643148,631.3818439036452
quadrotor_0,quadrotor,697,753.4393858835506,621.8338490005906
quadrotor_0,quadrotor,698,741.8706438027864,612.285854097536
quadrotor_0,quadrotor,699,730.3019017220222,602.7378591944814
quadrotor_0,quadrotor,700,718.733159641258,593.1898642914268
quadrotor_0,quadrotor,701,707.1644175604938,583.6418693883722
quadrotor_0,quadrotor,702,695.5956754797296,574.0938744853177
quadrotor_0,quadrotor,703,684.0269333989654,564.5458795822631
quadrotor_0,quadrotor,704,672.4581913182012,554.9978846792085
quadrotor_0,quadrotor,705,660.889449237437,545.4498897761539
quadrotor_0,quadrotor,706,649.3207071566728,535.9018948730993
quadrotor_0,quadrotor,707,637.7519650759086,526.3538999700447
quadrotor_0,quadrotor,708,626.1832229951444,516.8059050669901
quadrotor_0,quadrotor,709,614.6144809143802,507.2579101639356
quadrotor_0,quadrotor,710,603.045738833616,497.7099152608811
quadrotor_0,quadrotor,711,591.4769967528518,488.16192035782655
quadrotor_0,quadrotor,712,579.9082546720877,478.613925454772
quadrotor_0,quadrotor,713,568.3395125913235,469.0659305517175
quadrotor_0,quadrotor,714,556.7707705105593,459.51793564866296
quadrotor_0,quadrotor,715,545.2020284297951,449.96994074560837
quadrotor_0,quadrotor,716,533.6332863490309,440.42194584255384
quadrotor_0,quadrotor,717,522.0645442682667,430.8739509394993
quadrotor_0,quadrotor,718,510.4958021875025,421.3259560364447
quadrotor_0,quadrotor,719,498.9270601067383,411.77796113339014
quadrotor_0,quadrotor,720,487.3583180259741,402.2299662303356
quadrotor_0,quadrotor,721,475.7895759452099,392.6819713272811
quadrotor_0,quadrotor,722,464.2208338644457,383.1339764242265
quadrotor_0,quadrotor,723,452.6520917836815,373.5859815211719
quadrotor_0,quadrotor,724,441.0833497029173,364.0379866181174
quadrotor_0,quadrotor,725,429.5146076221531,354.48999171506284
quadrotor_0,quadrotor,726,417.9458655413889,344.94199681200826
quadrotor_0,quadrotor,727,406.3771234606247,335.39400190895367
quadrotor_0,quadrotor,728,394.8083813798605,325.8460070058991
quadrotor_0,quadrotor,729,383.2396392990963,316.2980121028445
quadrotor_0,quadrotor,730,371.67089721833213,306.75001719978997
quadrotor_0,quadrotor,731,360.10215513756793,297.20202229673544
quadrotor_0,quadrotor,732,348.53341305680374,287.65402739368085
quadrotor_0,quadrotor,733,336.96467097603954,278.10603249062626
quadrotor_0,quadrotor,734,325.39592889527535,268.55803758757173
quadrotor_0,quadrotor,735,313.82718681451115,259.0100426845172
quadrotor_0,quadrotor,736,302.25844473374696,249.46204778146264
quadrotor_0,quadrotor,737,290.68970265298276,239.91405287840809
quadrotor_0,quadrotor,738,279.12096057221856,230.36605797535353
quadrotor_0,quadrotor,739,267.55221849145437,220.81806307229897
quadrotor_0,quadrotor,740,255.98347641069017,211.2700681692444
quadrotor_0,quadrotor,741,244.41473432992598,201.72207326618985
quadrotor_0,quadrotor,742,232.84599224916178,192.1740783631353
quadrotor_0,quadrotor,743,221.2772501683976,182.62608346008074
quadrotor_0,quadrotor,744,209.7085080876334,173.07808855702618
quadrotor_0,quadrotor,745,198.1397660068692,163.53009365397162
quadrotor_0,quadrotor,746,186.571023926105,153.98209875091706
quadrotor_0,quadrotor,747,175.0022818453408,144.4341038478625
quadrotor_0,quadrotor,748,163.4335397645766,134.88610894480794
quadrotor_0,quadrotor,749,151.8647976838124,125.33811404175339
quadrotor_0,quadrotor,750,140.29605560304822,115.79011913869883
quadrotor_0,quadrotor,751,128.72731352228402,106.24212423564427
quadrotor_0,quadrotor,752,117.15857144151984,96.69412933258971
quadrotor_0,quadrotor,753,105.58982936075566,87.14613442953515
quadrotor_0,quadrotor,754,94.02108727999146,77.5981395264806
quadrotor_0,quadrotor,755,82.45234519922728,68.05014462342604
quadrotor_0,quadrotor,756,70.8836031184631,58.50214972037147
quadrotor_0,quadrotor,757,59.31486103769891,48.954154817316905
quadrotor_0,quadrotor,758,47.74611895693472,39.406159914262346
quadrotor_0,quadrotor,759,36.177376876170534,29.85816501120778
quadrotor_0,quadrotor,760,24.608634795406346,20.310170108153216
quadrotor_0,quadrotor,761,13.039892714642159,10.76217520509865
quadrotor_0,quadrotor,762,1.471150633877972,1.2141803020440847
quadrotor_0,quadrotor,763,0.0,0.0
quadrotor_0,quadrotor,764,0.0,0.0
quadrotor_0,quadrotor,765,0.0,0.0
quadrotor_0,quadrotor,766,0.0,0.0
quadrotor_0,quadrotor,767,0.0,0.0
quadrotor_0,quadrotor,768,0.0,0.0
quadrotor_0,quadrotor,769,0.0,0.0
quadrotor_0,quadrotor,770,0.0,0.0
quadrotor_0,quadrotor,771,0.0,0.0
quadrotor_0,quadrotor,772,0.0,0.0
quadrotor_0,quadrotor,773,0.0,0.0
quadrotor_0,quadrotor,774,0.0,0.0
quadrotor_1,quadrotor,0,0.0,150.0
quadrotor_1,quadrotor,1,0.0,150.0
quadrotor_1,quadrotor,2,0.0,150.0
quadrotor_1,quadrotor,3,0.0,150.0
quadrotor_1,quadrotor,4,0.0,150.0
quadrotor_1,quadrotor,5,0.0,150.0
quadrotor_1,quadrotor,6,0.0,150.0
quadrotor_1,quadrotor,7,0.0,150.0
quadrotor_1,quadrotor,8,0.0,150.0
quadrotor_1,quadrotor,9,0.0,150.0
quadrotor_1,quadrotor,10,0.0,150.0
quadrotor_1,quadrotor,11,0.0,150.0
quadrotor_1,quadrotor,12,0.0,150.0
quadrotor_1,quadrotor,13,0.0,150.0
quadrotor_1,quadrotor,14,0.0,150.0
quadrotor_1,quadrotor,15,0.0,150.0
quadrotor_1,quadrotor,16,0.0,150.0
quadrotor_1,quadrotor,17,0.0,150.0
quadrotor_1,quadrotor,18,0.0,150.0
quadrotor_1,quadrotor,19,0.0,150.0
quadrotor_1,quadrotor,20,0.0,150.0
quadrotor_1,quadrotor,21,0.0,150.0
quadrotor_1,quadrotor,22,0.0,150.0
quadrotor_1,quadrotor,23,0.0,150.0
quadrotor_1,quadrotor,24,0.0,150.0
quadrotor_1,quadrotor,25,0.0,150.0
quadrotor_1,quadrotor,26,0.0,150.0
quadrotor_1,quadrotor,27,0.0,150.0
quadrotor_1,quadrotor,28,0.0,150.0
quadrotor_1,quadrotor,29,0.0,150.0
quadrotor_1,quadrotor,30,0.0,150.0
quadrotor_1,quadrotor,31,0.0,150.0
quadrotor_1,quadrotor,32,0.0,150.0
quadrotor_1,quadrotor,33,0.0,150.0
quadrotor_1,quadrotor,34,0.0,150.0
quadrotor_1,quadrotor,35,0.0,150.0
quadrotor_1,quadrotor,36,0.0,150.0
quadrotor_1,quadrotor,37,0.0,150.0
quadrotor_1,quadrotor,38,0.0,150.0
quadrotor_1,quadrotor,39,0.0,150.0
quadrotor_1,quadrotor,40,0.0,150.0
quadrotor_1,quadrotor,41,0.0,150.0
quadrotor_1,quadrotor,42,0.0,150.0
quadrotor_1,quadrotor,43,0.0,150.0
quadrotor_1,quadrotor,44,0.0,150.0
quadrotor_1,quadrotor,45,0.0,150.0
quadrotor_1,quadrotor,46,0.0,150.0
quadrotor_1,quadrotor,47,0.0,150.0
quadrotor_1,quadrotor,48,0.0,150.0
quadrotor_1,quadrotor,49,0.0,150.0
quadrotor_1,quadrotor,50,0.0,150.0
quadrotor_1,quadrotor,51,0.0,150.0
quadrotor_1,quadrotor,52,0.0,150.0
quadrotor_1,quadrotor,53,0.0,150.0
quadrotor_1,quadrotor,54,0.0,150.0
quadrotor_1,quadrotor,55,0.0,150.0
quadrotor_1,quadrotor,56,0.0,150.0
quadrotor_1,quadrotor,57,0.0,150.0
quadrotor_1,quadrotor,58,0.0,150.0
quadrotor_1,quadrotor,59,0.0,150.0
quadrotor_1,quadrotor,60,0.0,150.0
quadrotor_1,quadrotor,61,0.0,150.0
quadrotor_1,quadrotor,62,0.0,150.0
quadrotor_1,quadrotor,63,0.0,150.0
quadrotor_1,quadrotor,64,0.0,150.0
quadrotor_1,quadrotor,65,0.0,150.0
quadrotor_1,quadrotor,66,0.0,150.0
quadrotor_1,quadrotor,67,0.0,150.0
quadrotor_1,quadrotor,68,0.0,150.0
quadrotor_1,quadrotor,69,0.0,150.0
quadrotor_1,quadrotor,70,0.0,150.0
quadrotor_1,quadrotor,71,0.0,150.0
quadrotor_1,quadrotor,72,0.0,150.0
quadrotor_1,quadrotor,73,0.0,150.0
quadrotor_1,quadrotor,74,0.0,150.0
quadrotor_1,quadrotor,75,0.0,150.0
quadrotor_1,quadrotor,76,0.0,150.0
quadrotor_1,quadrotor,77,0.0,150.0
quadrotor_1,quadrotor,78,0.0,150.0
quadrotor_1,quadrotor,79,0.0,150.0
quadrotor_1,quadrotor,80,0.0,150.0
quadrotor_1,quadrotor,81,0.0,150.0
quadrotor_1,quadrotor,82,0.0,150.0
quadrotor_1,quadrotor,83,0.0,150.0
quadrotor_1,quadrotor,84,0.0,150.0
quadrotor_1,quadrotor,85,0.0,150.0
quadrotor_1,quadrotor,86,0.0,150.0
quadrotor_1,quadrotor,87,0.0,150.0
quadrotor_1,quadrotor,88,0.0,150.0
quadrotor_1,quadrotor,89,0.0,150.0
quadrotor_1,quadrotor,90,0.0,150.0
quadrotor_1,quadrotor,91,0.0,150.0
quadrotor_1,quadrotor,92,0.0,150.0
quadrotor_1,quadrotor,93,0.0,150.0
quadrotor_1,quadrotor,94,0.0,150.0
quadrotor_1,quadrotor,95,0.0,150.0
quadrotor_1,quadrotor,96,0.0,150.0
quadrotor_1,quadrotor,97,0.0,150.0
quadrotor_1,quadrotor,98,0.0,150.0
quadrotor_1,quadrotor,99,0.0,150.0
quadrotor_1,quadrotor,100,0.0,150.0
quadrotor_1,quadrotor,101,0.0,150.0
quadrotor_1,quadrotor,102,0.0,150.0
quadrotor_1,quadrotor,103,0.0,150.0
quadrotor_1,quadrotor,104,0.0,150.0
quadrotor_1,quadrotor,105,0.0,150.0
quadrotor_1,quadrotor,106,0.0,150.0
quadrotor_1,quadrotor,107,0.0,150.0
quadrotor_1,quadrotor,108,0.0,150.0
quadrotor_1,quadrotor,109,0.0,150.0
quadrotor_1,quadrotor,110,0.0,150.0
quadrotor_1,quadrotor,111,0.0,150.0
quadrotor_1,quadrotor,112,0.0,150.0
quadrotor_1,quadrotor,113,0.0,150.0
quadrotor_1,quadrotor,114,0.0,150.0
quadrotor_1,quadrotor,115,0.0,150.0
quadrotor_1,quadrotor,116,0.0,150.0
quadrotor_1,quadrotor,117,0.0,150.0
quadrotor_1,quadrotor,118,0.0,150.0
quadrotor_1,quadrotor,119,9.908100261405647,161.26186259949628
quadrotor_1,quadrotor,120,9.908100261405647,161.26186259949628
quadrotor_1,quadrotor,121,19.816200522811293,172.52372519899257
quadrotor_1,quadrotor,122,19.816200522811293,172.52372519899257
quadrotor_1,quadrotor,123,29.72430078421694,183.78558779848885
quadrotor_1,quadrotor,124,29.72430078421694,183.78558779848885
quadrotor_1,quadrotor,125,39.632401045622586,195.04745039798513
quadrotor_1,quadrotor,126,39.632401045622586,195.04745039798513
quadrotor_1,quadrotor,127,49.54050130702824,206.3093129974814
quadrotor_1,quadrotor,128,49.54050130702824,206.3093129974814
quadrotor_1,quadrotor,129,59.44860156843389,217.5711755969777
quadrotor_1,quadrotor,130,59.44860156843389,217.5711755969777
quadrotor_1,quadrotor,131,69.35670182983954,228.83303819647398
quadrotor_1,quadrotor,132,69.35670182983954,228.83303819647398
quadrotor_1,quadrotor,133,79.26480209124519,240.09490079597026
quadrotor_1,quadrotor,134,79.26480209124519,240.09490079597026
quadrotor_1,quadrotor,135,89.17290235265084,251.35676339546654
quadrotor_1,quadrotor,136,89.17290235265084,251.35676339546654
quadrotor_1,quadrotor,137,99.08100261405649,262.6186259949628
quadrotor_1,quadrotor,138,99.08100261405649,262.6186259949628
quadrotor_1,quadrotor,139,108.98910287546214,273.8804885944591
quadrotor_1,quadrotor,140,108.98910287546214,273.8804885944591
quadrotor_1,quadrotor,141,118.89720313686779,285.1423511939554
quadrotor_1,quadrotor,142,118.89720313686779,285.1423511939554
quadrotor_1,quadrotor,143,128.80530339827342,296.4042137934517
quadrotor_1,quadrotor,144,128.80530339827342,296.4042137934517
quadrotor_1,quadrotor,145,138.71340365967907,307.66607639294796
quadrotor_1,quadrotor,146,138.71340365967907,307.66607639294796
quadrotor_1,quadrotor,147,148.62150392108472,318.92793899244424
quadrotor_1,quadrotor,148,148.62150392108472,318.92793899244424
quadrotor_1,quadrotor,149,158.52960418249037,330.1898015919405
quadrotor_1,quadrotor,150,158.52960418249037,330.1898015919405
quadrotor_1,quadrotor,151,168.43770444389602,341.4516641914368
quadrotor_1,quadrotor,152,168.43770444389602,341.4516641914368
quadrotor_1,quadrotor,153,178.34580470530167,352.7135267909331
quadrotor_1,quadrotor,154,178.34580470530167,352.7135267909331
quadrotor_1,quadrotor,155,188.25390496670732,363.97538939042937
quadrotor_1,quadrotor,156,188.25390496670732,363.97538939042937
quadrotor_1,quadrotor,157,198.16200522811297,375.23725198992565
quadrotor_1,quadrotor,158,198.16200522811297,375.23725198992565
quadrotor_1,quadrotor,159,208.07010548951862,386.49911458942194
quadrotor_1,quadrotor,160,208.07010548951862,386.49911458942194
quadrotor_1,quadrotor,161,217.97820575092427,397.7609771889182
quadrotor_1,quadrotor,162,217.97820575092427,397.7609771889182
quadrotor_1,quadrotor,163,227.88630601232992,409.0228397884145
quadrotor_1,quadrotor,164,227.88630601232992,409.0228397884145
quadrotor_1,quadrotor,165,237.79440627373558,420.2847023879108
quadrotor_1,quadrotor,166,237.79440627373558,420.2847023879108
quadrotor_1,quadrotor,167,247.70250653514123,431.54656498740707
quadrotor_1,quadrotor,168,247.70250653514123,431.54656498740707
quadrotor_1,quadrotor,169,257.61060679654685,442.80842758690335
quadrotor_1,quadrotor,170,257.61060679654685,442.80842758690335
quadrotor_1,quadrotor,171,267.5187070579525,454.07029018639963
quadrotor_1,quadrotor,172,267.5187070579525,454.07029018639963
quadrotor_1,quadrotor,173,277.42680731935815,465.3321527858959
quadrotor_1,quadrotor,174,277.42680731935815,465.3321527858959
quadrotor_1,quadrotor,175,287.3349075807638,476.5940153853922
quadrotor_1,quadrotor,176,287.3349075807638,476.5940153853922
quadrotor_1,quadrotor,177,297.24300784216945,487.8558779848885
quadrotor_1,quadrotor,178,297.24300784216945,487.8558779848885
quadrotor_1,quadrotor,179,307.1511081035751,499.11774058438476
quadrotor_1,quadrotor,180,307.1511081035751,499.11774058438476
quadrotor_1,quadrotor,181,317.05920836498075,510.37960318388104
quadrotor_1,quadrotor,182,317.05920836498075,510.37960318388104
quadrotor_1,quadrotor,183,326.9673086263864,521.6414657833774
quadrotor_1,quadrotor,184,326.9673086263864,521.6414657833774
quadrotor_1,quadrotor,185,336.87540888779205,532.9033283828737
quadrotor_1,quadrotor,186,336.87540888779205,532.9033283828737
quadrotor_1,quadrotor,187,346.7835091491977,544.1651909823701
quadrotor_1,quadrotor,188,346.7835091491977,544.1651909823701
quadrotor_1,quadrotor,189,356.69160941060335,555.4270535818664
quadrotor_1,quadrotor,190,356.69160941060335,555.4270535818664
quadrotor_1,quadrotor,191,366.599709672009,566.6889161813627
quadrotor_1,quadrotor,192,366.599709672009,566.6889161813627
quadrotor_1,quadrotor,193,376.50780993341465,577.9507787808591
quadrotor_1,quadrotor,194,376.50780993341465,577.9507787808591
quadrotor_1,quadrotor,195,386.4159101948203,589.2126413803554
quadrotor_1,quadrotor,196,386.4159101948203,589.2126413803554
quadrotor_1,quadrotor,197,396.32401045622595,600.4745039798518
quadrotor_1,quadrotor,198,396.32401045622595,600.4745039798518
quadrotor_1,quadrotor,199,406.2321107176316,611.7363665793481
quadrotor_1,quadrotor,200,406.2321107176316,611.7363665793481
quadrotor_1,quadrotor,201,416.14021097903725,622.9982291788444
quadrotor_1,quadrotor,202,416.14021097903725,622.9982291788444
quadrotor_1,quadrotor,203,426.0483112404429,634.2600917783408
quadrotor_1,quadrotor,204,426.0483112404429,634.2600917783408
quadrotor_1,quadrotor,205,435.95641150184855,645.5219543778371
quadrotor_1,quadrotor,206,435.95641150184855,645.5219543778371
quadrotor_1,quadrotor,207,445.8645117632542,656.7838169773335
quadrotor_1,quadrotor,208,445.8645117632542,656.7838169773335
quadrotor_1,quadrotor,209,455.77261202465985,668.0456795768298
quadrotor_1,quadrotor,210,455.77261202465985,668.0456795768298
quadrotor_1,quadrotor,211,465.6807122860655,679.3075421763261
quadrotor_1,quadrotor,212,465.6807122860655,679.3075421763261
quadrotor_1,quadrotor,213,475.58881254747115,690.5694047758225
quadrotor_1,quadrotor,214,475.58881254747115,690.5694047758225
quadrotor_1,quadrotor,215,485.4969128088768,701.8312673753188
quadrotor_1,quadrotor,216,485.4969128088768,701.8312673753188
quadrotor_1,quadrotor,217,495.40501307028245,713.0931299748152
quadrotor_1,quadrotor,218,495.40501307028245,713.0931299748152
quadrotor_1,quadrotor,219,505.3131133316881,724.3549925743115
quadrotor_1,quadrotor,220,505.3131133316881,724.3549925743115
quadrotor_1,quadrotor,221,515.2212135930937,735.6168551738078
quadrotor_1,quadrotor,222,515.2212135930937,735.6168551738078
quadrotor_1,quadrotor,223,525.1293138544993,746.8787177733042
quadrotor_1,quadrotor,224,525.1293138544993,746.8787177733042
quadrotor_1,quadrotor,225,535.037414115905,758.1405803728005
quadrotor_1,quadrotor,226,535.037414115905,758.1405803728005
quadrotor_1,quadrotor,227,544.9455143773107,769.4024429722969
quadrotor_1,quadrotor,228,544.9455143773107,769.4024429722969
quadrotor_1,quadrotor,229,554.8536146387163,780.6643055717932
quadrotor_1,quadrotor,230,554.8536146387163,780.6643055717932
quadrotor_1,quadrotor,231,564.761714900122,791.9261681712895
quadrotor_1,quadrotor,232,564.761714900122,791.9261681712895
quadrotor_1,quadrotor,233,574.6698151615277,803.1880307707859
quadrotor_1,quadrotor,234,574.6698151615277,803.1880307707859
quadrotor_1,quadrotor,235,584.5779154229333,814.4498933702822
quadrotor_1,quadrotor,236,584.5779154229333,814.4498933702822
quadrotor_1,quadrotor,237,594.486015684339,825.7117559697786
quadrotor_1,quadrotor,238,594.486015684339,825.7117559697786
quadrotor_1,quadrotor,239,604.3941159457447,836.9736185692749
quadrotor_1,quadrotor,240,604.3941159457447,836.9736185692749
quadrotor_1,quadrotor,241,614.3022162071504,848.2354811687712
quadrotor_1,quadrotor,242,614.3022162071504,848.2354811687712
quadrotor_1,quadrotor,243,624.2103164685561,859.4973437682676
quadrotor_1,quadrotor,244,624.2103164685561,859.4973437682676
quadrotor_1,quadrotor,245,634.1184167299618,870.7592063677639
quadrotor_1,quadrotor,246,634.1184167299618,870.7592063677639
quadrotor_1,quadrotor,247,644.0265169913675,882.0210689672602
quadrotor_1,quadrotor,248,644.0265169913675,882.0210689672602
quadrotor_1,quadrotor,249,653.9346172527733,893.2829315667566
quadrotor_1,quadrotor,250,653.9346172527733,893.2829315667566
quadrotor_1,quadrotor,251,663.842717514179,904.5447941662529
quadrotor_1,quadrotor,252,663.842717514179,904.5447941662529
quadrotor_1,quadrotor,253,673.7508177755847,915.8066567657493
quadrotor_1,quadrotor,254,673.7508177755847,915.8066567657493
quadrotor_1,quadrotor,255,683.6589180369904,927.0685193652456
quadrotor_1,quadrotor,256,683.6589180369904,927.0685193652456
quadrotor_1,quadrotor,257,693.5670182983961,938.330381964742
quadrotor_1,quadrotor,258,693.5670182983961,938.330381964742
quadrotor_1,quadrotor,259,703.4751185598018,949.5922445642383
quadrotor_1,quadrotor,260,703.4751185598018,949.5922445642383
quadrotor_1,quadrotor,261,713.3832188212075,960.8541071637346
quadrotor_1,quadrotor,262,713.3832188212075,960.8541071637346
quadrotor_1,quadrotor,263,723.2913190826132,972.115969763231
quadrotor_1,quadrotor,264,723.2913190826132,972.115969763231
quadrotor_1,quadrotor,265,733.1994193440189,983.3778323627273
quadrotor_1,quadrotor,266,733.1994193440189,983.3778323627273
quadrotor_1,quadrotor,267,743.1075196054246,994.6396949622236
quadrotor_1,quadrotor,268,743.1075196054246,994.6396949622236
quadrotor_1,quadrotor,269,753.0156198668303,1005.90155756172
quadrotor_1,quadrotor,270,753.0156198668303,1005.90155756172
quadrotor_1,quadrotor,271,762.9237201282359,1017.1634201612163
quadrotor_1,quadrotor,272,762.9237201282359,1017.1634201612163
quadrotor_1,quadrotor,273,772.8318203896416,1028.4252827607127
quadrotor_1,quadrotor,274,772.8318203896416,1028.4252827607127
quadrotor_1,quadrotor,275,782.7399206510472,1039.687145360209
quadrotor_1,quadrotor,276,782.7399206510472,1039.687145360209
quadrotor_1,quadrotor,277,792.6480209124529,1050.949007959705
quadrotor_1,quadrotor,278,792.6480209124529,1050.949007959705
quadrotor_1,quadrotor,279,802.5561211738585,1062.2108705592013
quadrotor_1,quadrotor,280,802.5561211738585,1062.2108705592013
quadrotor_1,quadrotor,281,812.4642214352641,1073.4727331586976
quadrotor_1,quadrotor,282,812.4642214352641,1073.4727331586976
quadrotor_1,quadrotor,283,822.3723216966698,1084.7345957581938
quadrotor_1,quadrotor,284,822.3723216966698,1084.7345957581938
quadrotor_1,quadrotor,285,832.2804219580754,1095.99645835769
quadrotor_1,quadrotor,286,832.2804219580754,1095.99645835769
quadrotor_1,quadrotor,287,842.188522219481,1107.2583209571862
quadrotor_1,quadrotor,288,842.188522219481,1107.2583209571862
quadrotor_1,quadrotor,289,852.0966224808867,1118.5201835566825
quadrotor_1,quadrotor,290,852.0966224808867,1118.5201835566825
quadrotor_1,quadrotor,291,862.0047227422923,1129.7820461561787
quadrotor_1,quadrotor,292,862.0047227422923,1129.7820461561787
quadrotor_1,quadrotor,293,871.9128230036979,1141.043908755675
quadrotor_1,quadrotor,294,871.9128230036979,1141.043908755675
quadrotor_1,quadrotor,295,881.8209232651035,1152.3057713551711
quadrotor_1,quadrotor,296,881.8209232651035,1152.3057713551711
quadrotor_1,quadrotor,297,891.7290235265091,1163.5676339546674
quadrotor_1,quadrotor,298,891.7290235265091,1163.5676339546674
quadrotor_1,quadrotor,299,901.6371237879147,1174.8294965541636
quadrotor_1,quadrotor,300,901.6371237879147,1174.8294965541636
quadrotor_1,quadrotor,301,911.5452240493203,1186.0913591536598
quadrotor_1,quadrotor,302,911.5452240493203,1186.0913591536598
quadrotor_1,quadrotor,303,921.4533243107259,1197.353221753156
quadrotor_1,quadrotor,304,921.4533243107259,1197.353221753156
quadrotor_1,quadrotor,305,931.3614245721315,1208.6150843526523
quadrotor_1,quadrotor,306,931.3614245721315,1208.6150843526523
quadrotor_1,quadrotor,307,941.269524833537,1219.8769469521485
quadrotor_1,quadrotor,308,941.269524833537,1219.8769469521485
quadrotor_1,quadrotor,309,951.1776250949426,1231.1388095516447
quadrotor_1,quadrotor,310,951.1776250949426,1231.1388095516447
quadrotor_1,quadrotor,311,961.0857253563482,1242.400672151141
quadrotor_1,quadrotor,312,961.0857253563482,1242.400672151141
quadrotor_1,quadrotor,313,970.9938256177538,1253.6625347506372
quadrotor_1,quadrotor,314,970.9938256177538,1253.6625347506372
quadrotor_1,quadrotor,315,980.9019258791594,1264.9243973501334
quadrotor_1,quadrotor,316,980.9019258791594,1264.9243973501334
quadrotor_1,quadrotor,317,990.810026140565,1276.1862599496296
quadrotor_1,quadrotor,318,990.810026140565,1276.1862599496296
quadrotor_1,quadrotor,319,1000.7181264019706,1287.4481225491259
quadrotor_1,quadrotor,320,1000.7181264019706,1287.4481225491259
quadrotor_1,quadrotor,321,1010.6262266633762,1298.709985148622
quadrotor_1,quadrotor,322,1010.6262266633762,1298.709985148622
quadrotor_1,quadrotor,323,1020.5343269247818,1309.9718477481183
quadrotor_1,quadrotor,324,1020.5343269247818,1309.9718477481183
quadrotor_1,quadrotor,325,1030.4424271861874,1321.2337103476145
quadrotor_1,quadrotor,326,1030.4424271861874,1321.2337103476145
quadrotor_1,quadrotor,327,1040.350527447593,1332.4955729471108
quadrotor_1,quadrotor,328,1040.350527447593,1332.4955729471108
quadrotor_1,quadrotor,329,1050.2586277089988,1343.757435546607
quadrotor_1,quadrotor,330,1050.2586277089988,1343.757435546607
quadrotor_1,quadrotor,331,1060.1667279704045,1355.0192981461032
quadrotor_1,quadrotor,332,1060.1667279704045,1355.0192981461032
quadrotor_1,quadrotor,333,1070.0748282318102,1366.2811607455994
quadrotor_1,quadrotor,334,1070.0748282318102,1366.2811607455994
quadrotor_1,quadrotor,335,1079.982928493216,1377.5430233450957
quadrotor_1,quadrotor,336,1079.982928493216,1377.5430233450957
quadrotor_1,quadrotor,337,1089.8910287546216,1388.804885944592
quadrotor_1,quadrotor,338,1089.8910287546216,1388.804885944592
quadrotor_1,quadrotor,339,1099.7991290160273,1400.0667485440881
quadrotor_1,quadrotor,340,1099.7991290160273,1400.0667485440881
quadrotor_1,quadrotor,341,1109.707229277433,1411.3286111435843
quadrotor_1,quadrotor,342,1109.707229277433,1411.3286111435843
quadrotor_1,quadrotor,343,1119.6153295388388,1422.5904737430806
quadrotor_1,quadrotor,344,1119.6153295388388,1422.5904737430806
quadrotor_1,quadrotor,345,1129.5234298002445,1433.8523363425768
quadrotor_1,quadrotor,346,1129.5234298002445,1433.8523363425768
quadrotor_1,quadrotor,347,1139.4315300616502,1445.114198942073
quadrotor_1,quadrotor,348,1139.4315300616502,1445.114198942073
quadrotor_1,quadrotor,349,1149.3396303230556,1456.3760615415695
quadrotor_1,quadrotor,350,1149.3396303230556,1456.3760615415695
quadrotor_1,quadrotor,351,1159.2477305844614,1467.6379241410657
quadrotor_1,quadrotor,352,1159.2477305844614,1467.6379241410657
quadrotor_1,quadrotor,353,1169.1558308458668,1478.8997867405621
quadrotor_1,quadrotor,354,1169.1558308458668,1478.8997867405621
quadrotor_1,quadrotor,355,1179.0639311072725,1490.1616493400584
quadrotor_1,quadrotor,356,1179.0639311072725,1490.1616493400584
quadrotor_1,quadrotor,357,1188.972031368678,1501.4235119395548
quadrotor_1,quadrotor,358,1188.972031368678,1501.4235119395548
quadrotor_1,quadrotor,359,1198.8801316300837,1512.685374539051
quadrotor_1,quadrotor,360,1198.8801316300837,1512.685374539051
quadrotor_1,quadrotor,361,1208.7882318914892,1523.9472371385475
quadrotor_1,quadrotor,362,1208.7882318914892,1523.9472371385475
quadrotor_1,quadrotor,363,1218.696332152895,1535.2090997380437
quadrotor_1,quadrotor,364,1218.696332152895,1535.2090997380437
quadrotor_1,quadrotor,365,1218.696332152895,1535.2090997380437
quadrotor_1,quadrotor,366,1218.696332152895,1535.2090997380437
quadrotor_1,quadrotor,367,1218.696332152895,1535.2090997380437
quadrotor_1,quadrotor,368,1218.696332152895,1535.2090997380437
quadrotor_1,quadrotor,369,1218.696332152895,1535.2090997380437
quadrotor_1,quadrotor,370,1218.696332152895,1535.2090997380437
quadrotor_1,quadrotor,371,1218.696332152895,1535.2090997380437
quadrotor_1,quadrotor,372,1218.696332152895,1535.2090997380437
quadrotor_1,quadrotor,373,1218.696332152895,1535.2090997380437
quadrotor_1,quadrotor,374,1218.696332152895,1535.2090997380437
quadrotor_1,quadrotor,375,1218.696332152895,1535.2090997380437
quadrotor_1,quadrotor,376,1218.696332152895,1535.2090997380437
quadrotor_1,quadrotor,377,1218.696332152895,1535.2090997380437
quadrotor_1,quadrotor,378,1218.696332152895,1535.2090997380437
quadrotor_1,quadrotor,379,1218.696332152895,1535.2090997380437
quadrotor_1,quadrotor,380,1218.696332152895,1535.2090997380437
quadrotor_1,quadrotor,381,1218.696332152895,1535.2090997380437
quadrotor_1,quadrotor,382,1218.696332152895,1535.2090997380437
quadrotor_1,quadrotor,383,1218.696332152895,1535.2090997380437
quadrotor_1,quadrotor,384,1218.696332152895,1535.2090997380437
quadrotor_1,quadrotor,385,1218.696332152895,1535.2090997380437
quadrotor_1,quadrotor,386,1218.696332152895,1535.2090997380437
quadrotor_1,quadrotor,387,1218.696332152895,1535.2090997380437
quadrotor_1,quadrotor,388,1218.696332152895,1535.2090997380437
quadrotor_1,quadrotor,389,1218.696332152895,1535.2090997380437
quadrotor_1,quadrotor,390,1218.696332152895,1535.2090997380437
quadrotor_1,quadrotor,391,1218.696332152895,1535.2090997380437
quadrotor_1,quadrotor,392,1218.696332152895,1535.2090997380437
quadrotor_1,quadrotor,393,1218.696332152895,1535.2090997380437
quadrotor_1,quadrotor,394,1218.696332152895,1535.2090997380437
quadrotor_1,quadrotor,395,1218.696332152895,1535.2090997380437
quadrotor_1,quadrotor,396,1218.696332152895,1535.2090997380437
quadrotor_1,quadrotor,397,1218.696332152895,1535.2090997380437
quadrotor_1,quadrotor,398,1218.696332152895,1535.2090997380437
quadrotor_1,quadrotor,399,1218.696332152895,1535.2090997380437
quadrotor_1,quadrotor,400,1218.696332152895,1535.2090997380437
quadrotor_1,quadrotor,401,1218.696332152895,1535.2090997380437
quadrotor_1,quadrotor,402,1218.696332152895,1535.2090997380437
quadrotor_1,quadrotor,403,1218.696332152895,1535.2090997380437
quadrotor_1,quadrotor,404,1218.696332152895,1535.2090997380437
quadrotor_1,quadrotor,405,1218.696332152895,1535.2090997380437
quadrotor_1,quadrotor,406,1218.696332152895,1535.2090997380437
quadrotor_1,quadrotor,407,1218.696332152895,1535.2090997380437
quadrotor_1,quadrotor,408,1218.696332152895,1535.2090997380437
quadrotor_1,quadrotor,409,1218.696332152895,1535.2090997380437
quadrotor_1,quadrotor,410,1218.696332152895,1535.2090997380437
quadrotor_1,quadrotor,411,1218.696332152895,1535.2090997380437
quadrotor_1,quadrotor,412,1218.696332152895,1535.2090997380437
quadrotor_1,quadrotor,413,1218.696332152895,1535.2090997380437
quadrotor_1,quadrotor,414,1218.696332152895,1535.2090997380437
quadrotor_1,quadrotor,415,1218.696332152895,1535.2090997380437
quadrotor_1,quadrotor,416,1218.696332152895,1535.2090997380437
quadrotor_1,quadrotor,417,1218.696332152895,1535.2090997380437
quadrotor_1,quadrotor,418,1218.696332152895,1535.2090997380437
quadrotor_1,quadrotor,419,1218.696332152895,1535.2090997380437
quadrotor_1,quadrotor,420,1218.696332152895,1535.2090997380437
quadrotor_1,quadrotor,421,1218.696332152895,1535.2090997380437
quadrotor_1,quadrotor,422,1218.696332152895,1535.2090997380437
quadrotor_1,quadrotor,423,1218.696332152895,1535.2090997380437
quadrotor_1,quadrotor,424,1218.696332152895,1535.2090997380437
quadrotor_1,quadrotor,425,1218.696332152895,1535.2090997380437
quadrotor_1,quadrotor,426,1218.696332152895,1535.2090997380437
quadrotor_1,quadrotor,427,1218.696332152895,1535.2090997380437
quadrotor_1,quadrotor,428,1218.696332152895,1535.2090997380437
quadrotor_1,quadrotor,429,1218.696332152895,1535.2090997380437
quadrotor_1,quadrotor,430,1218.696332152895,1535.2090997380437
quadrotor_1,quadrotor,431,1218.696332152895,1535.2090997380437
quadrotor_1,quadrotor,432,1218.696332152895,1535.2090997380437
quadrotor_1,quadrotor,433,1218.696332152895,1535.2090997380437
quadrotor_1,quadrotor,434,1218.696332152895,1535.2090997380437
quadrotor_1,quadrotor,435,1218.696332152895,1535.2090997380437
quadrotor_1,quadrotor,436,1218.696332152895,1535.2090997380437
quadrotor_1,quadrotor,437,1218.696332152895,1535.2090997380437
quadrotor_1,quadrotor,438,1218.696332152895,1535.2090997380437
quadrotor_1,quadrotor,439,1218.696332152895,1535.2090997380437
quadrotor_1,quadrotor,440,1218.696332152895,1535.2090997380437
quadrotor_1,quadrotor,441,1218.696332152895,1535.2090997380437
quadrotor_1,quadrotor,442,1218.696332152895,1535.2090997380437
quadrotor_1,quadrotor,443,1218.696332152895,1535.2090997380437
quadrotor_1,quadrotor,444,1218.696332152895,1535.2090997380437
quadrotor_1,quadrotor,445,1218.696332152895,1535.2090997380437
quadrotor_1,quadrotor,446,1218.696332152895,1535.2090997380437
quadrotor_1,quadrotor,447,1218.696332152895,1535.2090997380437
quadrotor_1,quadrotor,448,1218.696332152895,1535.2090997380437
quadrotor_1,quadrotor,449,1218.696332152895,1535.2090997380437
quadrotor_1,quadrotor,450,1218.696332152895,1535.2090997380437
quadrotor_1,quadrotor,451,1218.696332152895,1535.2090997380437
quadrotor_1,quadrotor,452,1218.696332152895,1535.2090997380437
quadrotor_1,quadrotor,453,1218.696332152895,1535.2090997380437
quadrotor_1,quadrotor,454,1218.696332152895,1535.2090997380437
quadrotor_1,quadrotor,455,1218.696332152895,1535.2090997380437
quadrotor_1,quadrotor,456,1218.696332152895,1535.2090997380437
quadrotor_1,quadrotor,457,1218.696332152895,1535.2090997380437
quadrotor_1,quadrotor,458,1218.696332152895,1535.2090997380437
quadrotor_1,quadrotor,459,1218.696332152895,1535.2090997380437
quadrotor_1,quadrotor,460,1218.696332152895,1535.2090997380437
quadrotor_1,quadrotor,461,1218.696332152895,1535.2090997380437
quadrotor_1,quadrotor,462,1218.696332152895,1535.2090997380437
quadrotor_1,quadrotor,463,1218.696332152895,1535.2090997380437
quadrotor_1,quadrotor,464,1218.696332152895,1535.2090997380437
quadrotor_1,quadrotor,465,1218.696332152895,1535.2090997380437
quadrotor_1,quadrotor,466,1218.696332152895,1535.2090997380437
quadrotor_1,quadrotor,467,1218.696332152895,1535.2090997380437
quadrotor_1,quadrotor,468,1218.696332152895,1535.2090997380437
quadrotor_1,quadrotor,469,1218.696332152895,1535.2090997380437
quadrotor_1,quadrotor,470,1218.696332152895,1535.2090997380437
quadrotor_1,quadrotor,471,1218.696332152895,1535.2090997380437
quadrotor_1,quadrotor,472,1218.696332152895,1535.2090997380437
quadrotor_1,quadrotor,473,1218.696332152895,1535.2090997380437
quadrotor_1,quadrotor,474,1218.696332152895,1535.2090997380437
quadrotor_1,quadrotor,475,1218.696332152895,1535.2090997380437
quadrotor_1,quadrotor,476,1218.696332152895,1535.2090997380437
quadrotor_1,quadrotor,477,1218.696332152895,1535.2090997380437
quadrotor_1,quadrotor,478,1218.696332152895,1535.2090997380437
quadrotor_1,quadrotor,479,1218.696332152895,1535.2090997380437
quadrotor_1,quadrotor,480,1218.696332152895,1535.2090997380437
quadrotor_1,quadrotor,481,1218.696332152895,1535.2090997380437
quadrotor_1,quadrotor,482,1218.696332152895,1535.2090997380437
quadrotor_1,quadrotor,483,1218.696332152895,1535.2090997380437
quadrotor_1,quadrotor,484,1218.696332152895,1535.2090997380437
quadrotor_1,quadrotor,485,1218.696332152895,1535.2090997380437
quadrotor_1,quadrotor,486,1218.696332152895,1535.2090997380437
quadrotor_1,quadrotor,487,1218.696332152895,1535.2090997380437
quadrotor_1,quadrotor,488,1218.696332152895,1535.2090997380437
quadrotor_1,quadrotor,489,1218.696332152895,1535.2090997380437
quadrotor_1,quadrotor,490,1218.696332152895,1535.2090997380437
quadrotor_1,quadrotor,491,1218.696332152895,1535.2090997380437
quadrotor_1,quadrotor,492,1218.696332152895,1535.2090997380437
quadrotor_1,quadrotor,493,1218.696332152895,1535.2090997380437
quadrotor_1,quadrotor,494,1218.696332152895,1535.2090997380437
quadrotor_1,quadrotor,495,1218.696332152895,1535.2090997380437
quadrotor_1,quadrotor,496,1218.696332152895,1535.2090997380437
quadrotor_1,quadrotor,497,1218.696332152895,1535.2090997380437
quadrotor_1,quadrotor,498,1218.696332152895,1535.2090997380437
quadrotor_1,quadrotor,499,1218.696332152895,1535.2090997380437
quadrotor_1,quadrotor,500,1218.696332152895,1535.2090997380437
quadrotor_1,quadrotor,501,1218.696332152895,1535.2090997380437
quadrotor_1,quadrotor,502,1218.696332152895,1535.2090997380437
quadrotor_1,quadrotor,503,1218.696332152895,1535.2090997380437
quadrotor_1,quadrotor,504,1218.696332152895,1535.2090997380437
quadrotor_1,quadrotor,505,1218.696332152895,1535.2090997380437
quadrotor_1,quadrotor,506,1218.696332152895,1535.2090997380437
quadrotor_1,quadrotor,507,1218.696332152895,1535.2090997380437
quadrotor_1,quadrotor,508,1218.696332152895,1535.2090997380437
quadrotor_1,quadrotor,509,1218.696332152895,1535.2090997380437
quadrotor_1,quadrotor,510,1218.696332152895,1535.2090997380437
quadrotor_1,quadrotor,511,1218.696332152895,1535.2090997380437
quadrotor_1,quadrotor,512,1218.696332152895,1535.2090997380437
quadrotor_1,quadrotor,513,1218.696332152895,1535.2090997380437
quadrotor_1,quadrotor,514,1218.696332152895,1535.2090997380437
quadrotor_1,quadrotor,515,1218.696332152895,1535.2090997380437
quadrotor_1,quadrotor,516,1218.696332152895,1535.2090997380437
quadrotor_1,quadrotor,517,1218.696332152895,1535.2090997380437
quadrotor_1,quadrotor,518,1218.696332152895,1535.2090997380437
quadrotor_1,quadrotor,519,1218.696332152895,1535.2090997380437
quadrotor_1,quadrotor,520,1218.696332152895,1535.2090997380437
quadrotor_1,quadrotor,521,1218.696332152895,1535.2090997380437
quadrotor_1,quadrotor,522,1218.696332152895,1535.2090997380437
quadrotor_1,quadrotor,523,1218.696332152895,1535.2090997380437
quadrotor_1,quadrotor,524,1218.696332152895,1535.2090997380437
quadrotor_1,quadrotor,525,1218.696332152895,1535.2090997380437
quadrotor_1,quadrotor,526,1218.696332152895,1535.2090997380437
quadrotor_1,quadrotor,527,1218.696332152895,1535.2090997380437
quadrotor_1,quadrotor,528,1218.696332152895,1535.2090997380437
quadrotor_1,quadrotor,529,1218.696332152895,1535.2090997380437
quadrotor_1,quadrotor,530,1218.696332152895,1535.2090997380437
quadrotor_1,quadrotor,531,1218.696332152895,1535.2090997380437
quadrotor_1,quadrotor,532,1218.696332152895,1535.2090997380437
quadrotor_1,quadrotor,533,1218.696332152895,1535.2090997380437
quadrotor_1,quadrotor,534,1218.696332152895,1535.2090997380437
quadrotor_1,quadrotor,535,1218.696332152895,1535.2090997380437
quadrotor_1,quadrotor,536,1218.696332152895,1535.2090997380437
quadrotor_1,quadrotor,537,1218.696332152895,1535.2090997380437
quadrotor_1,quadrotor,538,1218.696332152895,1535.2090997380437
quadrotor_1,quadrotor,539,1218.696332152895,1535.2090997380437
quadrotor_1,quadrotor,540,1218.696332152895,1535.2090997380437
quadrotor_1,quadrotor,541,1218.696332152895,1535.2090997380437
quadrotor_1,quadrotor,542,1218.696332152895,1535.2090997380437
quadrotor_1,quadrotor,543,1218.696332152895,1535.2090997380437
quadrotor_1,quadrotor,544,1218.696332152895,1535.2090997380437
quadrotor_1,quadrotor,545,1218.696332152895,1535.2090997380437
quadrotor_1,quadrotor,546,1218.696332152895,1535.2090997380437
quadrotor_1,quadrotor,547,1218.696332152895,1535.2090997380437
quadrotor_1,quadrotor,548,1218.696332152895,1535.2090997380437
quadrotor_1,quadrotor,549,1218.696332152895,1535.2090997380437
quadrotor_1,quadrotor,550,1218.696332152895,1535.2090997380437
quadrotor_1,quadrotor,551,1218.696332152895,1535.2090997380437
quadrotor_1,quadrotor,552,1218.696332152895,1535.2090997380437
quadrotor_1,quadrotor,553,1218.696332152895,1535.2090997380437
quadrotor_1,quadrotor,554,1218.696332152895,1535.2090997380437
quadrotor_1,quadrotor,555,1218.696332152895,1535.2090997380437
quadrotor_1,quadrotor,556,1218.696332152895,1535.2090997380437
quadrotor_1,quadrotor,557,1218.696332152895,1535.2090997380437
quadrotor_1,quadrotor,558,1218.696332152895,1535.2090997380437
quadrotor_1,quadrotor,559,1218.696332152895,1535.2090997380437
quadrotor_1,quadrotor,560,1218.696332152895,1535.2090997380437
quadrotor_1,quadrotor,561,1218.696332152895,1535.2090997380437
quadrotor_1,quadrotor,562,1218.696332152895,1535.2090997380437
quadrotor_1,quadrotor,563,1218.696332152895,1535.2090997380437
quadrotor_1,quadrotor,564,1218.696332152895,1535.2090997380437
quadrotor_1,quadrotor,565,1218.696332152895,1535.2090997380437
quadrotor_1,quadrotor,566,1218.696332152895,1535.2090997380437
quadrotor_1,quadrotor,567,1218.696332152895,1535.2090997380437
quadrotor_1,quadrotor,568,1218.696332152895,1535.2090997380437
quadrotor_1,quadrotor,569,1218.696332152895,1535.2090997380437
quadrotor_1,quadrotor,570,1218.696332152895,1535.2090997380437
quadrotor_1,quadrotor,571,1218.696332152895,1535.2090997380437
quadrotor_1,quadrotor,572,1218.696332152895,1535.2090997380437
quadrotor_1,quadrotor,573,1218.696332152895,1535.2090997380437
quadrotor_1,quadrotor,574,1218.696332152895,1535.2090997380437
quadrotor_1,quadrotor,575,1218.696332152895,1535.2090997380437
quadrotor_1,quadrotor,576,1218.696332152895,1535.2090997380437
quadrotor_1,quadrotor,577,1218.696332152895,1535.2090997380437
quadrotor_1,quadrotor,578,1218.696332152895,1535.2090997380437
quadrotor_1,quadrotor,579,1218.696332152895,1535.2090997380437
quadrotor_1,quadrotor,580,1218.696332152895,1535.2090997380437
quadrotor_1,quadrotor,581,1218.696332152895,1535.2090997380437
quadrotor_1,quadrotor,582,1218.696332152895,1535.2090997380437
quadrotor_1,quadrotor,583,1218.696332152895,1535.2090997380437
quadrotor_1,quadrotor,584,1218.696332152895,1535.2090997380437
quadrotor_1,quadrotor,585,1218.696332152895,1535.2090997380437
quadrotor_1,quadrotor,586,1218.696332152895,1535.2090997380437
quadrotor_1,quadrotor,587,1218.696332152895,1535.2090997380437
quadrotor_1,quadrotor,588,1218.696332152895,1535.2090997380437
quadrotor_1,quadrotor,589,1218.696332152895,1535.2090997380437
quadrotor_1,quadrotor,590,1218.696332152895,1535.2090997380437
quadrotor_1,quadrotor,591,1218.696332152895,1535.2090997380437
quadrotor_1,quadrotor,592,1218.696332152895,1535.2090997380437
quadrotor_1,quadrotor,593,1218.696332152895,1535.2090997380437
quadrotor_1,quadrotor,594,1218.696332152895,1535.2090997380437
quadrotor_1,quadrotor,595,1218.696332152895,1535.2090997380437
quadrotor_1,quadrotor,596,1218.696332152895,1535.2090997380437
quadrotor_1,quadrotor,597,1218.696332152895,1535.2090997380437
quadrotor_1,quadrotor,598,1218.696332152895,1535.2090997380437
quadrotor_1,quadrotor,599,1218.696332152895,1535.2090997380437
quadrotor_1,quadrotor,600,1218.696332152895,1535.2090997380437
quadrotor_1,quadrotor,601,1218.696332152895,1535.2090997380437
quadrotor_1,quadrotor,602,1218.696332152895,1535.2090997380437
quadrotor_1,quadrotor,603,1218.696332152895,1535.2090997380437
quadrotor_1,quadrotor,604,1218.696332152895,1535.2090997380437
quadrotor_1,quadrotor,605,1218.696332152895,1535.2090997380437
quadrotor_1,quadrotor,606,1218.696332152895,1535.2090997380437
quadrotor_1,quadrotor,607,1218.696332152895,1535.2090997380437
quadrotor_1,quadrotor,608,1218.696332152895,1535.2090997380437
quadrotor_1,quadrotor,609,1218.696332152895,1535.2090997380437
quadrotor_1,quadrotor,610,1218.696332152895,1535.2090997380437
quadrotor_1,quadrotor,611,1218.696332152895,1535.2090997380437
quadrotor_1,quadrotor,612,1218.696332152895,1535.2090997380437
quadrotor_1,quadrotor,613,1218.696332152895,1535.2090997380437
quadrotor_1,quadrotor,614,1218.696332152895,1535.2090997380437
quadrotor_1,quadrotor,615,1218.696332152895,1535.2090997380437
quadrotor_1,quadrotor,616,1218.696332152895,1535.2090997380437
quadrotor_1,quadrotor,617,1218.696332152895,1535.2090997380437
quadrotor_1,quadrotor,618,1218.696332152895,1535.2090997380437
quadrotor_1,quadrotor,619,1218.696332152895,1535.2090997380437
quadrotor_1,quadrotor,620,1218.696332152895,1535.2090997380437
quadrotor_1,quadrotor,621,1218.696332152895,1535.2090997380437
quadrotor_1,quadrotor,622,1218.696332152895,1535.2090997380437
quadrotor_1,quadrotor,623,1218.696332152895,1535.2090997380437
quadrotor_1,quadrotor,624,1218.696332152895,1535.2090997380437
quadrotor_1,quadrotor,625,1218.696332152895,1535.2090997380437
quadrotor_1,quadrotor,626,1218.696332152895,1535.2090997380437
quadrotor_1,quadrotor,627,1218.696332152895,1535.2090997380437
quadrotor_1,quadrotor,628,1218.696332152895,1535.2090997380437
quadrotor_1,quadrotor,629,1218.696332152895,1535.2090997380437
quadrotor_1,quadrotor,630,1218.696332152895,1535.2090997380437
quadrotor_1,quadrotor,631,1218.696332152895,1535.2090997380437
quadrotor_1,quadrotor,632,1218.696332152895,1535.2090997380437
quadrotor_1,quadrotor,633,1218.696332152895,1535.2090997380437
quadrotor_1,quadrotor,634,1218.696332152895,1535.2090997380437
quadrotor_1,quadrotor,635,1218.696332152895,1535.2090997380437
quadrotor_1,quadrotor,636,1218.696332152895,1535.2090997380437
quadrotor_1,quadrotor,637,1218.696332152895,1535.2090997380437
quadrotor_1,quadrotor,638,1218.696332152895,1535.2090997380437
quadrotor_1,quadrotor,639,1218.696332152895,1535.2090997380437
quadrotor_1,quadrotor,640,1218.696332152895,1535.2090997380437
quadrotor_1,quadrotor,641,1218.696332152895,1535.2090997380437
quadrotor_1,quadrotor,642,1209.3701665155404,1523.4607962645787
quadrotor_1,quadrotor,643,1200.044000878186,1511.7124927911136
quadrotor_1,quadrotor,644,1190.7178352408314,1499.9641893176486
quadrotor_1,quadrotor,645,1181.3916696034769,1488.2158858441835
quadrotor_1,quadrotor,646,1172.0655039661224,1476.4675823707184
quadrotor_1,quadrotor,647,1162.7393383287679,1464.7192788972534
quadrotor_1,quadrotor,648,1153.4131726914134,1452.9709754237883
quadrotor_1,quadrotor,649,1144.0870070540589,1441.2226719503233
quadrotor_1,quadrotor,650,1134.7608414167044,1429.4743684768582
quadrotor_1,quadrotor,651,1125.4346757793498,1417.7260650033932
quadrotor_1,quadrotor,652,1116.1085101419953,1405.977761529928
quadrotor_1,quadrotor,653,1106.7823445046408,1394.229458056463
quadrotor_1,quadrotor,654,1097.4561788672863,1382.481154582998
quadrotor_1,quadrotor,655,1088.1300132299318,1370.732851109533
quadrotor_1,quadrotor,656,1078.8038475925773,1358.9845476360679
quadrotor_1,quadrotor,657,1069.4776819552228,1347.2362441626028
quadrotor_1,quadrotor,658,1060.1515163178683,1335.4879406891378
quadrotor_1,quadrotor,659,1050.8253506805138,1323.7396372156727
quadrotor_1,quadrotor,660,1041.4991850431593,1311.9913337422076
quadrotor_1,quadrotor,661,1032.1730194058048,1300.2430302687426
quadrotor_1,quadrotor,662,1022.8468537684503,1288.4947267952775
quadrotor_1,quadrotor,663,1013.5206881310958,1276.7464233218127
quadrotor_1,quadrotor,664,1004.1945224937413,1264.9981198483479
quadrotor_1,quadrotor,665,994.8683568563868,1253.2498163748828
quadrotor_1,quadrotor,666,985.5421912190322,1241.5015129014178
quadrotor_1,quadrotor,667,976.2160255816777,1229.753209427953
quadrotor_1,quadrotor,668,966.8898599443232,1218.004905954488
quadrotor_1,quadrotor,669,957.5636943069687,1206.256602481023
quadrotor_1,quadrotor,670,948.2375286696142,1194.508299007558
quadrotor_1,quadrotor,671,938.9113630322597,1182.759995534093
quadrotor_1,quadrotor,672,929.5851973949052,1171.0116920606279
quadrotor_1,quadrotor,673,920.2590317575507,1159.263388587163
quadrotor_1,quadrotor,674,910.9328661201962,1147.5150851136982
quadrotor_1,quadrotor,675,901.6067004828417,1135.7667816402331
quadrotor_1,quadrotor,676,892.2805348454872,1124.018478166768
quadrotor_1,quadrotor,677,882.9543692081327,1112.270174693303
quadrotor_1,quadrotor,678,873.6282035707782,1100.5218712198382
quadrotor_1,quadrotor,679,864.3020379334237,1088.7735677463734
quadrotor_1,quadrotor,680,854.9758722960692,1077.0252642729083
quadrotor_1,quadrotor,681,845.6497066587146,1065.2769607994433
quadrotor_1,quadrotor,682,836.3235410213601,1053.5286573259782
quadrotor_1,quadrotor,683,826.9973753840056,1041.7803538525131
quadrotor_1,quadrotor,684,817.6712097466511,1030.0320503790483
quadrotor_1,quadrotor,685,808.3450441092966,1018.2837469055834
quadrotor_1,quadrotor,686,799.0188784719421,1006.5354434321184
quadrotor_1,quadrotor,687,789.6927128345876,994.7871399586535
quadrotor_1,quadrotor,688,780.3665471972331,983.0388364851885
quadrotor_1,quadrotor,689,771.0403815598786,971.2905330117236
quadrotor_1,quadrotor,690,761.7142159225241,959.5422295382587
quadrotor_1,quadrotor,691,752.3880502851696,947.7939260647937
quadrotor_1,quadrotor,692,743.0618846478151,936.0456225913288
quadrotor_1,quadrotor,693,733.7357190104606,924.2973191178638
quadrotor_1,quadrotor,694,724.4095533731061,912.5490156443989
quadrotor_1,quadrotor,695,715.0833877357516,900.8007121709339
quadrotor_1,quadrotor,696,705.757222098397,889.052408697469
quadrotor_1,quadrotor,697,696.4310564610425,877.304105224004
quadrotor_1,quadrotor,698,687.104890823688,865.5558017505391
quadrotor_1,quadrotor,699,677.7787251863335,853.8074982770742
quadrotor_1,quadrotor,700,668.452559548979,842.0591948036092
quadrotor_1,quadrotor,701,659.1263939116245,830.3108913301443
quadrotor_1,quadrotor,702,649.80022827427,818.5625878566793
quadrotor_1,quadrotor,703,640.4740626369155,806.8142843832144
quadrotor_1,quadrotor,704,631.147896999561,795.0659809097494
quadrotor_1,quadrotor,705,621.8217313622065,783.3176774362845
quadrotor_1,quadrotor,706,612.495565724852,771.5693739628196
quadrotor_1,quadrotor,707,603.1694000874975,759.8210704893546
quadrotor_1,quadrotor,708,593.843234450143,748.0727670158897
quadrotor_1,quadrotor,709,584.5170688127885,736.3244635424247
quadrotor_1,quadrotor,710,575.190903175434,724.5761600689598
quadrotor_1,quadrotor,711,565.8647375380795,712.8278565954948
quadrotor_1,quadrotor,712,556.538571900725,701.0795531220299
quadrotor_1,quadrotor,713,547.2124062633704,689.331249648565
quadrotor_1,quadrotor,714,537.8862406260159,677.5829461751
quadrotor_1,quadrotor,715,528.5600749886614,665.8346427016351
quadrotor_1,quadrotor,716,519.2339093513069,654.0863392281701
quadrotor_1,quadrotor,717,509.90774371395247,642.3380357547052
quadrotor_1,quadrotor,718,500.581578076598,630.5897322812402
quadrotor_1,quadrotor,719,491.25541243924357,618.8414288077753
quadrotor_1,quadrotor,720,481.9292468018891,607.0931253343103
quadrotor_1,quadrotor,721,472.6030811645346,595.3448218608454
quadrotor_1,quadrotor,722,463.2769155271801,583.5965183873805
quadrotor_1,quadrotor,723,453.95074988982566,571.8482149139155
quadrotor_1,quadrotor,724,444.6245842524712,560.0999114404506
quadrotor_1,quadrotor,725,435.2984186151167,548.3516079669856
quadrotor_1,quadrotor,726,425.97225297776225,536.6033044935207
quadrotor_1,quadrotor,727,416.6460873404078,524.8550010200557
quadrotor_1,quadrotor,728,407.3199217030533,513.1066975465908
quadrotor_1,quadrotor,729,397.9937560656988,501.35839407312585
quadrotor_1,quadrotor,730,388.66759042834434,489.6100905996609
quadrotor_1,quadrotor,731,379.3414247909899,477.86178712619596
quadrotor_1,quadrotor,732,370.0152591536354,466.113483652731
quadrotor_1,quadrotor,733,360.6890935162809,454.3651801792661
quadrotor_1,quadrotor,734,351.3629278789264,442.61687670580113
quadrotor_1,quadrotor,735,342.036762241572,430.8685732323362
quadrotor_1,quadrotor,736,332.71059660421747,419.12026975887125
quadrotor_1,quadrotor,737,323.38443096686296,407.3719662854063
quadrotor_1,quadrotor,738,314.0582653295085,395.62366281194136
quadrotor_1,quadrotor,739,304.73209969215407,383.8753593384764
quadrotor_1,quadrotor,740,295.4059340547996,372.12705586501147
quadrotor_1,quadrotor,741,286.07976841744517,360.3787523915465
quadrotor_1,quadrotor,742,276.75360278009066,348.6304489180816
quadrotor_1,quadrotor,743,267.4274371427362,336.88214544461664
quadrotor_1,quadrotor,744,258.10127150538176,325.1338419711517
quadrotor_1,quadrotor,745,248.77510586802728,313.38553849768675
quadrotor_1,quadrotor,746,239.4489402306728,301.6372350242218
quadrotor_1,quadrotor,747,230.12277459331833,289.88893155075687
quadrotor_1,quadrotor,748,220.79660895596385,278.1406280772919
quadrotor_1,quadrotor,749,211.47044331860937,266.392324603827
quadrotor_1,quadrotor,750,202.1442776812549,254.64402113036203
quadrotor_1,quadrotor,751,192.8181120439004,242.8957176568971
quadrotor_1,quadrotor,752,183.49194640654594,231.14741418343215
quadrotor_1,quadrotor,753,174.16578076919146,219.3991107099672
quadrotor_1,quadrotor,754,164.83961513183698,207.65080723650226
quadrotor_1,quadrotor,755,155.5134494944825,195.90250376303732
quadrotor_1,quadrotor,756,146.18728385712802,184.15420028957237
quadrotor_1,quadrotor,757,136.86111821977354,172.40589681610743
quadrotor_1,quadrotor,758,127.53495258241907,160.65759334264249
quadrotor_1,quadrotor,759,118.20878694506459,148.90928986917754
quadrotor_1,quadrotor,760,108.88262130771011,137.1609863957126
quadrotor_1,quadrotor,761,99.55645567035563,125.41268292224765
quadrotor_1,quadrotor,762,90.23029003300115,113.66437944878271
quadrotor_1,quadrotor,763,80.90412439564668,101.91607597531777
quadrotor_1,quadrotor,764,71.5779587582922,90.16777250185282
quadrotor_1,quadrotor,765,62.25179312093773,78.41946902838787
quadrotor_1,quadrotor,766,52.925627483583256,66.67116555492291
quadrotor_1,quadrotor,767,43.599461846228785,54.92286208145796
quadrotor_1,quadrotor,768,34.273296208874314,43.174558607993006
quadrotor_1,quadrotor,769,24.94713057151984,31.426255134528056
quadrotor_1,quadrotor,770,15.620964934165364,19.677951661063105
quadrotor_1,quadrotor,771,6.29479929681089,7.929648187598156
quadrotor_1,quadrotor,772,0.0,0.0
quadrotor_1,quadrotor,773,0.0,0.0
quadrotor_1,quadrotor,774,0.0,0.0
quadrotor_1,quadrotor,775,0.0,0.0
quadrotor_1,quadrotor,776,0.0,0.0
quadrotor_1,quadrotor,777,0.0,0.0
quadrotor_1,quadrotor,778,0.0,0.0
quadrotor_1,quadrotor,779,0.0,0.0
quadrotor_1,quadrotor,780,0.0,0.0
quadrotor_1,quadrotor,781,0.0,0.0
quadrotor_1,quadrotor,782,0.0,0.0
quadrotor_1,quadrotor,783,0.0,0.0
quadrotor_1,quadrotor,784,0.0,0.0
quadrotor_1,quadrotor,785,0.0,0.0
quadrotor_1,quadrotor,786,0.0,0.0
quadrotor_1,quadrotor,787,0.0,0.0
quadrotor_1,quadrotor,788,0.0,0.0
quadrotor_1,quadrotor,789,0.0,0.0
quadrotor_1,quadrotor,790,0.0,0.0
quadrotor_1,quadrotor,791,0.0,0.0
