step,agent_id,uav_type,x,y,action,action_name,battery,nearest_candidate_distance,in_candidate_range,coverage_ratio,target_detection_rate,inspection_success_rate,collision_count
0,fixedwing_0,fixedwing,0.0,0.0,5,turn_left,100.0,,,0.005625,0.0,0.0,0
0,quadrotor_0,quadrotor,0.0,75.0,2,move_east,100.0,,,0.005625,0.0,0.0,0
0,quadrotor_1,quadrotor,0.0,150.0,2,move_east,100.0,,,0.005625,0.0,0.0,0
1,fixedwing_0,fixedwing,27.1892336110995,12.678547852220984,5,turn_left,99.85000000000001,,,0.0075,0.0,0.0,0
1,quadrotor_0,quadrotor,15.0,75.0,2,move_east,99.9,,,0.0075,0.0,0.0,0
1,quadrotor_1,quadrotor,15.0,150.0,2,move_east,99.9,,,0.0075,0.0,0.0,0
2,fixedwing_0,fixedwing,46.47286190169568,35.65988114579032,8,orbit_candidate,99.70000000000002,,,0.008125,0.0,0.0,0
2,quadrotor_0,quadrotor,30.0,75.0,2,move_east,99.80000000000001,,,0.008125,0.0,0.0,0
2,quadrotor_1,quadrotor,30.0,150.0,2,move_east,99.80000000000001,,,0.008125,0.0,0.0,0
3,fixedwing_0,fixedwing,65.75649019229186,58.64121443935966,8,orbit_candidate,99.65000000000002,,,0.009375,0.0,0.0,0
3,quadrotor_0,quadrotor,45.0,75.0,2,move_east,99.70000000000002,,,0.009375,0.0,0.0,0
3,quadrotor_1,quadrotor,45.0,150.0,2,move_east,99.70000000000002,,,0.009375,0.0,0.0,0
4,fixedwing_0,fixedwing,85.04011848288805,81.622547732929,8,orbit_candidate,99.60000000000002,,,0.0125,0.0,0.0,0
4,quadrotor_0,quadrotor,60.0,75.0,2,move_east,99.60000000000002,,,0.0125,0.0,0.0,0
4,quadrotor_1,quadrotor,60.0,150.0,2,move_east,99.60000000000002,,,0.0125,0.0,0.0,0
5,fixedwing_0,fixedwing,104.32374677348423,104.60388102649833,8,orbit_candidate,99.55000000000003,,,0.015,0.0,0.0,0
5,quadrotor_0,quadrotor,75.0,75.0,1,move_south,99.50000000000003,,,0.015,0.0,0.0,0
5,quadrotor_1,quadrotor,75.0,150.0,0,move_north,99.50000000000003,,,0.015,0.0,0.0,0
6,fixedwing_0,fixedwing,123.60737506408041,127.58521432006766,8,orbit_candidate,99.50000000000003,,,0.01625,0.0,0.0,0
6,quadrotor_0,quadrotor,75.0,60.0,2,move_east,99.40000000000003,,,0.01625,0.0,0.0,0
6,quadrotor_1,quadrotor,75.0,165.0,2,move_east,99.40000000000003,,,0.01625,0.0,0.0,0
7,fixedwing_0,fixedwing,142.8910033546766,150.566547613637,8,orbit_candidate,99.45000000000003,,,0.019375,0.0,0.0,0
7,quadrotor_0,quadrotor,90.0,60.0,2,move_east,99.30000000000004,,,0.019375,0.0,0.0,0
7,quadrotor_1,quadrotor,90.0,165.0,2,move_east,99.30000000000004,,,0.019375,0.0,0.0,0
8,fixedwing_0,fixedwing,162.17463164527277,173.54788090720635,8,orbit_candidate,99.40000000000003,,,0.020625,0.0,0.0,0
8,quadrotor_0,quadrotor,105.0,60.0,0,move_north,99.20000000000005,,,0.020625,0.0,0.0,0
8,quadrotor_1,quadrotor,105.0,165.0,2,move_east,99.20000000000005,,,0.020625,0.0,0.0,0
9,fixedwing_0,fixedwing,181.45825993586894,196.5292142007757,8,orbit_candidate,99.35000000000004,,,0.024375,0.0,0.0,0
9,quadrotor_0,quadrotor,105.0,75.0,2,move_east,99.10000000000005,,,0.024375,0.0,0.0,0
9,quadrotor_1,quadrotor,120.0,165.0,2,move_east,99.10000000000005,,,0.024375,0.0,0.0,0
10,fixedwing_0,fixedwing,200.7418882264651,219.51054749434505,8,orbit_candidate,99.30000000000004,,,0.025625,0.0,0.0,0
10,quadrotor_0,quadrotor,120.0,75.0,2,move_east,99.00000000000006,,,0.025625,0.0,0.0,0
10,quadrotor_1,quadrotor,135.0,165.0,2,move_east,99.00000000000006,,,0.025625,0.0,0.0,0
11,fixedwing_0,fixedwing,220.02551651706128,242.4918807879144,8,orbit_candidate,99.25000000000004,,,0.028125,0.0,0.0,0
11,quadrotor_0,quadrotor,135.0,75.0,2,move_east,98.90000000000006,,,0.028125,0.0,0.0,0
11,quadrotor_1,quadrotor,150.0,165.0,2,move_east,98.90000000000006,,,0.028125,0.0,0.0,0
12,fixedwing_0,fixedwing,239.30914480765745,265.4732140814837,8,orbit_candidate,99.20000000000005,,,0.030625,0.0,0.0,0
12,quadrotor_0,quadrotor,150.0,75.0,3,move_west,98.80000000000007,,,0.030625,0.0,0.0,0
12,quadrotor_1,quadrotor,165.0,165.0,2,move_east,98.80000000000007,,,0.030625,0.0,0.0,0
13,fixedwing_0,fixedwing,258.59277309825364,288.45454737505304,8,orbit_candidate,99.15000000000005,,,0.0325,0.0,0.0,0
13,quadrotor_0,quadrotor,135.0,75.0,2,move_east,98.70000000000007,,,0.0325,0.0,0.0,0
13,quadrotor_1,quadrotor,180.0,165.0,2,move_east,98.70000000000007,,,0.0325,0.0,0.0,0
14,fixedwing_0,fixedwing,277.87640138884984,311.43588066862236,8,orbit_candidate,99.10000000000005,,,0.034375,0.0,0.0,0
14,quadrotor_0,quadrotor,150.0,75.0,2,move_east,98.60000000000008,,,0.034375,0.0,0.0,0
14,quadrotor_1,quadrotor,195.0,165.0,2,move_east,98.60000000000008,,,0.034375,0.0,0.0,0
15,fixedwing_0,fixedwing,297.16002967944604,334.4172139621917,8,orbit_candidate,99.05000000000005,,,0.036875,0.0,0.0,0
15,quadrotor_0,quadrotor,165.0,75.0,2,move_east,98.50000000000009,,,0.036875,0.0,0.0,0
15,quadrotor_1,quadrotor,210.0,165.0,2,move_east,98.50000000000009,,,0.036875,0.0,0.0,0
16,fixedwing_0,fixedwing,316.44365797004224,357.398547255761,8,orbit_candidate,99.00000000000006,,,0.03875,0.0,0.0,0
16,quadrotor_0,quadrotor,180.0,75.0,2,move_east,98.40000000000009,,,0.03875,0.0,0.0,0
16,quadrotor_1,quadrotor,225.0,165.0,2,move_east,98.40000000000009,,,0.03875,0.0,0.0,0
17,fixedwing_0,fixedwing,335.72728626063844,380.3798805493303,8,orbit_candidate,98.95000000000006,,,0.0425,0.0,0.0,0
17,quadrotor_0,quadrotor,195.0,75.0,2,move_east,98.3000000000001,,,0.0425,0.0,0.0,0
17,quadrotor_1,quadrotor,240.0,165.0,3,move_west,98.3000000000001,,,0.0425,0.0,0.0,0
18,fixedwing_0,fixedwing,355.01091455123463,403.36121384289964,8,orbit_candidate,98.90000000000006,,,0.044375,0.0,0.0,0
18,quadrotor_0,quadrotor,210.0,75.0,2,move_east,98.2000000000001,,,0.044375,0.0,0.0,0
18,quadrotor_1,quadrotor,225.0,165.0,2,move_east,98.2000000000001,,,0.044375,0.0,0.0,0
19,fixedwing_0,fixedwing,374.29454284183083,426.34254713646897,8,orbit_candidate,98.85000000000007,,,0.04625,0.0,0.0,0
19,quadrotor_0,quadrotor,225.0,75.0,2,move_east,98.10000000000011,,,0.04625,0.0,0.0,0
19,quadrotor_1,quadrotor,240.0,165.0,2,move_east,98.10000000000011,,,0.04625,0.0,0.0,0
20,fixedwing_0,fixedwing,393.57817113242703,449.3238804300383,8,orbit_candidate,98.80000000000007,,,0.049375,0.0,0.0,0
20,quadrotor_0,quadrotor,240.0,75.0,2,move_east,98.00000000000011,,,0.049375,0.0,0.0,0
20,quadrotor_1,quadrotor,255.0,165.0,2,move_east,98.00000000000011,,,0.049375,0.0,0.0,0
21,fixedwing_0,fixedwing,412.86179942302323,472.3052137236076,8,orbit_candidate,98.75000000000007,,,0.051875,0.0,0.0,0
21,quadrotor_0,quadrotor,255.0,75.0,2,move_east,97.90000000000012,,,0.051875,0.0,0.0,0
21,quadrotor_1,quadrotor,270.0,165.0,2,move_east,97.90000000000012,,,0.051875,0.0,0.0,0
22,fixedwing_0,fixedwing,432.1454277136194,495.28654701717693,8,orbit_candidate,98.70000000000007,,,0.05625,0.0,0.0,0
22,quadrotor_0,quadrotor,270.0,75.0,2,move_east,97.80000000000013,,,0.05625,0.0,0.0,0
22,quadrotor_1,quadrotor,285.0,165.0,3,move_west,97.80000000000013,,,0.05625,0.0,0.0,0
23,fixedwing_0,fixedwing,451.4290560042156,518.2678803107462,8,orbit_candidate,98.65000000000008,,,0.0575,0.0,0.0,0
23,quadrotor_0,quadrotor,285.0,75.0,2,move_east,97.70000000000013,,,0.0575,0.0,0.0,0
23,quadrotor_1,quadrotor,270.0,165.0,2,move_east,97.70000000000013,,,0.0575,0.0,0.0,0
24,fixedwing_0,fixedwing,470.7126842948118,541.2492136043156,8,orbit_candidate,98.60000000000008,,,0.060625,0.0,0.0,0
24,quadrotor_0,quadrotor,300.0,75.0,2,move_east,97.60000000000014,,,0.060625,0.0,0.0,0
24,quadrotor_1,quadrotor,285.0,165.0,2,move_east,97.60000000000014,,,0.060625,0.0,0.0,0
25,fixedwing_0,fixedwing,489.996312585408,564.230546897885,8,orbit_candidate,98.55000000000008,,,0.063125,0.0,0.0,0
25,quadrotor_0,quadrotor,315.0,75.0,2,move_east,97.50000000000014,,,0.063125,0.0,0.0,0
25,quadrotor_1,quadrotor,300.0,165.0,3,move_west,97.50000000000014,,,0.063125,0.0,0.0,0
26,fixedwing_0,fixedwing,509.2799408760042,587.2118801914544,5,turn_left,98.50000000000009,,,0.06625,0.0,0.0,0
26,quadrotor_0,quadrotor,330.0,75.0,2,move_east,97.40000000000015,,,0.06625,0.0,0.0,0
26,quadrotor_1,quadrotor,285.0,165.0,3,move_west,97.40000000000015,,,0.06625,0.0,0.0,0
27,fixedwing_0,fixedwing,517.0445122290798,616.1896549801264,8,orbit_candidate,98.3500000000001,,,0.0675,0.0,0.0,0
27,quadrotor_0,quadrotor,345.0,75.0,0,move_north,97.30000000000015,,,0.0675,0.0,0.0,0
27,quadrotor_1,quadrotor,270.0,165.0,0,move_north,97.30000000000015,,,0.0675,0.0,0.0,0
28,fixedwing_0,fixedwing,524.8090835821555,645.1674297687985,8,orbit_candidate,98.3000000000001,,,0.07,0.0,0.0,0
28,quadrotor_0,quadrotor,345.0,90.0,2,move_east,97.20000000000016,,,0.07,0.0,0.0,0
28,quadrotor_1,quadrotor,270.0,180.0,2,move_east,97.20000000000016,,,0.07,0.0,0.0,0
29,fixedwing_0,fixedwing,532.5736549352312,674.1452045574705,8,orbit_candidate,98.2500000000001,,,0.073125,0.0,0.0,0
29,quadrotor_0,quadrotor,360.0,90.0,2,move_east,97.10000000000016,,,0.073125,0.0,0.0,0
29,quadrotor_1,quadrotor,285.0,180.0,2,move_east,97.10000000000016,,,0.073125,0.0,0.0,0
30,fixedwing_0,fixedwing,540.3382262883068,703.1229793461425,8,orbit_candidate,98.2000000000001,,,0.07625,0.0,0.0,0
30,quadrotor_0,quadrotor,375.0,90.0,0,move_north,97.00000000000017,633.1588937419115,0,0.07625,0.0,0.0,0
30,quadrotor_1,quadrotor,300.0,180.0,2,move_east,97.00000000000017,,,0.07625,0.0,0.0,0
31,fixedwing_0,fixedwing,554.9662991655541,729.3149530002593,8,orbit_candidate,98.1500000000001,,,0.07875,0.0,0.0,0
31,quadrotor_0,quadrotor,375.0,105.0,2,move_east,96.90000000000018,619.1158594463336,0,0.07875,0.0,0.0,0
31,quadrotor_1,quadrotor,315.0,180.0,2,move_east,96.90000000000018,,,0.07875,0.0,0.0,0
32,fixedwing_0,fixedwing,576.404389711652,750.3008595505446,5,turn_left,98.10000000000011,,,0.08,0.0,0.0,0
32,quadrotor_0,quadrotor,390.0,105.0,0,move_north,96.80000000000018,613.9446417335046,0,0.08,0.0,0.0,0
32,quadrotor_1,quadrotor,330.0,180.0,0,move_north,96.80000000000018,,,0.08,0.0,0.0,0
33,fixedwing_0,fixedwing,586.9648707654429,778.3806786367232,8,orbit_candidate,97.95000000000012,,,0.084375,0.0,0.0,0
33,quadrotor_0,quadrotor,390.0,120.0,0,move_north,96.70000000000019,599.8268798634922,0,0.084375,0.0,0.0,0
33,quadrotor_1,quadrotor,330.0,195.0,2,move_east,96.70000000000019,,,0.084375,0.0,0.0,0
34,fixedwing_0,fixedwing,607.7243432192239,800.0381093116835,5,turn_left,97.90000000000012,,,0.086875,0.0,0.0,0
34,quadrotor_0,quadrotor,390.0,135.0,2,move_east,96.6000000000002,585.7529756648818,0,0.086875,0.0,0.0,0
34,quadrotor_1,quadrotor,345.0,195.0,4,hover_inspect,96.6000000000002,,,0.086875,0.0,0.0,0
35,fixedwing_0,fixedwing,617.385989053237,828.4397395426772,8,orbit_candidate,97.75000000000013,,,0.08875,0.0,0.0,0
35,quadrotor_0,quadrotor,405.0,135.0,0,move_north,96.5000000000002,580.6721314094318,0,0.08875,0.0,0.0,0
35,quadrotor_1,quadrotor,345.0,195.0,2,move_east,96.6000000000002,,,0.08875,0.0,0.0,0
36,fixedwing_0,fixedwing,638.3328669899952,849.9159660432185,5,turn_left,97.70000000000013,,,0.0925,0.0,0.0,0
36,quadrotor_0,quadrotor,405.0,150.0,0,move_north,96.4000000000002,566.5195379588099,0,0.0925,0.0,0.0,0
36,quadrotor_1,quadrotor,360.0,195.0,4,hover_inspect,96.5000000000002,,,0.0925,0.0,0.0,0
37,fixedwing_0,fixedwing,648.240940065777,878.2325704993493,5,turn_left,97.55000000000014,,,0.095,0.0,0.0,0
37,quadrotor_0,quadrotor,405.0,165.0,2,move_east,96.30000000000021,552.4116667690453,0,0.095,0.0,0.0,0
37,quadrotor_1,quadrotor,360.0,195.0,0,move_north,96.5000000000002,,,0.095,0.0,0.0,0
38,fixedwing_0,fixedwing,645.2535896952372,908.0834622408642,8,orbit_candidate,97.40000000000015,,,0.0975,0.0,0.0,0
38,quadrotor_0,quadrotor,420.0,165.0,2,move_east,96.20000000000022,547.4323933399114,0,0.0975,0.0,0.0,0
38,quadrotor_1,quadrotor,360.0,210.0,3,move_west,96.4000000000002,,,0.0975,0.0,0.0,0
39,fixedwing_0,fixedwing,657.472004003564,935.4825562366531,6,straight,97.35000000000015,,,0.1,0.0,0.0,0
39,quadrotor_0,quadrotor,435.0,165.0,0,move_north,96.10000000000022,542.8220711919997,0,0.1,0.0,0.0,0
39,quadrotor_1,quadrotor,345.0,210.0,4,hover_inspect,96.30000000000021,,,0.1,0.0,0.0,0
40,fixedwing_0,fixedwing,669.6904183118909,962.881650232442,7,turn_right,97.30000000000015,,,0.10125,0.0,0.0,0
40,quadrotor_0,quadrotor,435.0,180.0,0,move_north,96.00000000000023,528.507392253565,0,0.10125,0.0,0.0,0
40,quadrotor_1,quadrotor,345.0,210.0,0,move_north,96.30000000000021,,,0.10125,0.0,0.0,0
41,fixedwing_0,fixedwing,692.3434198225378,982.5499374623618,8,orbit_candidate,97.15000000000016,,,0.105,0.0,0.0,0
41,quadrotor_0,quadrotor,435.0,195.0,0,move_north,95.90000000000023,514.2317827207441,0,0.105,0.0,0.0,0
41,quadrotor_1,quadrotor,345.0,225.0,2,move_east,96.20000000000022,,,0.105,0.0,0.0,0
42,fixedwing_0,fixedwing,720.7737921474019,992.1266764412421,5,turn_left,97.10000000000016,,,0.10625,0.0,0.0,0
42,quadrotor_0,quadrotor,435.0,210.0,0,move_north,95.80000000000024,499.9985890516551,0,0.10625,0.0,0.0,0
42,quadrotor_1,quadrotor,360.0,225.0,2,move_east,96.10000000000022,,,0.10625,0.0,0.0,0
43,fixedwing_0,fixedwing,742.4931551933786,1012.8213440847937,8,orbit_candidate,96.95000000000017,,,0.109375,0.0,0.0,0
43,quadrotor_0,quadrotor,435.0,225.0,2,move_east,95.70000000000024,485.8115393309807,0,0.109375,0.0,0.0,0
43,quadrotor_1,quadrotor,375.0,225.0,0,move_north,96.00000000000023,,,0.109375,0.0,0.0,0
44,fixedwing_0,fixedwing,770.6921843392371,1023.0592518413141,5,turn_left,96.90000000000018,,,0.11125,0.0,0.0,0
44,quadrotor_0,quadrotor,450.0,225.0,0,move_north,95.60000000000025,481.07840051538983,0,0.11125,0.0,0.0,0
44,quadrotor_1,quadrotor,375.0,240.0,2,move_east,95.90000000000023,,,0.11125,0.0,0.0,0
45,fixedwing_0,fixedwing,791.9224572610799,1044.2553720444096,8,orbit_candidate,96.75000000000018,,,0.114375,0.0,0.0,0
45,quadrotor_0,quadrotor,450.0,240.0,2,move_east,95.50000000000026,466.7983399027218,0,0.114375,0.0,0.0,0
45,quadrotor_1,quadrotor,390.0,240.0,1,move_south,95.80000000000024,,,0.114375,0.0,0.0,0
46,fixedwing_0,fixedwing,820.0380893525609,1054.7201334892054,8,orbit_candidate,96.70000000000019,,,0.116875,0.0,0.0,0
46,quadrotor_0,quadrotor,465.0,240.0,0,move_north,95.40000000000026,462.3572923954437,0,0.116875,0.0,0.0,0
46,quadrotor_1,quadrotor,390.0,225.0,3,move_west,95.70000000000024,,,0.116875,0.0,0.0,0
47,fixedwing_0,fixedwing,850.0349286808427,1054.2846678611154,6,straight,96.65000000000019,,,0.120625,0.0,0.0,0
47,quadrotor_0,quadrotor,465.0,255.0,2,move_east,95.30000000000027,447.98273239572194,0,0.120625,0.0,0.0,0
47,quadrotor_1,quadrotor,375.0,225.0,2,move_east,95.60000000000025,,,0.120625,0.0,0.0,0
48,fixedwing_0,fixedwing,880.0317680091244,1053.8492022330254,8,orbit_candidate,96.6000000000002,,,0.121875,0.0,0.0,0
48,quadrotor_0,quadrotor,480.0,255.0,0,move_north,95.20000000000027,443.86045579669053,0,0.121875,0.0,0.0,0
48,quadrotor_1,quadrotor,390.0,225.0,2,move_east,95.50000000000026,,,0.121875,0.0,0.0,0
49,fixedwing_0,fixedwing,908.2500503808882,1043.6644813243597,5,turn_left,96.5500000000002,,,0.125,0.0,0.0,0
49,quadrotor_0,quadrotor,480.0,270.0,0,move_north,95.10000000000028,429.3906926256518,0,0.125,0.0,0.0,0
49,quadrotor_1,quadrotor,405.0,225.0,2,move_east,95.40000000000026,,,0.125,0.0,0.0,0
50,fixedwing_0,fixedwing,938.128748477951,1046.3595509013041,5,turn_left,96.4000000000002,,,0.126875,0.0,0.0,0
50,quadrotor_0,quadrotor,480.0,285.0,2,move_east,95.00000000000028,414.9585878217586,0,0.126875,0.0,0.0,0
50,quadrotor_1,quadrotor,420.0,225.0,2,move_east,95.30000000000027,,,0.126875,0.0,0.0,0
51,fixedwing_0,fixedwing,964.0690596099578,1061.4293968983502,5,turn_left,96.25000000000021,,,0.12875,0.0,0.0,0
51,quadrotor_0,quadrotor,495.0,285.0,0,move_north,94.90000000000029,411.0525578345633,0,0.12875,0.0,0.0,0
51,quadrotor_1,quadrotor,435.0,225.0,2,move_east,95.20000000000027,,,0.12875,0.0,0.0,0
52,fixedwing_0,fixedwing,981.2101734670773,1086.0501648745378,8,orbit_candidate,96.10000000000022,,,0.1325,0.0,0.0,0
52,quadrotor_0,quadrotor,495.0,300.0,0,move_north,94.8000000000003,396.5204509175134,0,0.1325,0.0,0.0,0
52,quadrotor_1,quadrotor,450.0,225.0,2,move_east,95.10000000000028,,,0.1325,0.0,0.0,0
53,fixedwing_0,fixedwing,1007.9859694311125,1099.5800115289667,8,orbit_candidate,96.05000000000022,,,0.134375,0.0,0.0,0
53,quadrotor_0,quadrotor,495.0,315.0,2,move_east,94.7000000000003,382.024515822374,0,0.134375,0.0,0.0,0
53,quadrotor_1,quadrotor,465.0,225.0,3,move_west,95.00000000000028,,,0.134375,0.0,0.0,0
54,fixedwing_0,fixedwing,1037.9558654838181,1100.9236374404554,8,orbit_candidate,96.00000000000023,,,0.13625,0.0,0.0,0
54,quadrotor_0,quadrotor,510.0,315.0,0,move_north,94.6000000000003,378.3732368768015,0,0.13625,0.0,0.0,0
54,quadrotor_1,quadrotor,450.0,225.0,0,move_north,94.90000000000029,,,0.13625,0.0,0.0,0
55,fixedwing_0,fixedwing,1066.4345946958756,1091.4916714488768,9,change_altitude,95.95000000000023,,,0.13875,0.0,0.0,0
55,quadrotor_0,quadrotor,510.0,330.0,0,move_north,94.50000000000031,363.7726887468592,0,0.13875,0.0,0.0,0
55,quadrotor_1,quadrotor,450.0,240.0,2,move_east,94.8000000000003,,,0.13875,0.0,0.0,0
56,fixedwing_0,fixedwing,1094.913323907933,1082.0597054572982,10,return_to_base,95.90000000000023,,,0.141875,0.0,0.0,0
56,quadrotor_0,quadrotor,510.0,345.0,2,move_east,94.40000000000032,349.20600191235326,0,0.141875,0.0,0.0,0
56,quadrotor_1,quadrotor,465.0,240.0,2,move_east,94.7000000000003,,,0.141875,0.0,0.0,0
57,fixedwing_0,fixedwing,1073.575242153528,1060.9721198429534,6,straight,95.85000000000024,,,0.143125,0.0,0.0,0
57,quadrotor_0,quadrotor,525.0,345.0,0,move_north,94.30000000000032,345.85894157433506,0,0.143125,0.0,0.0,0
57,quadrotor_1,quadrotor,480.0,240.0,4,hover_inspect,94.6000000000003,,,0.143125,0.0,0.0,0
58,fixedwing_0,fixedwing,1052.237160399123,1039.8845342286086,7,turn_right,95.80000000000024,,,0.143125,0.0,0.0,0
58,quadrotor_0,quadrotor,525.0,360.0,2,move_east,94.20000000000033,331.1837407850972,0,0.143125,0.0,0.0,0
58,quadrotor_1,quadrotor,480.0,240.0,2,move_east,94.6000000000003,,,0.143125,0.0,0.0,0
59,fixedwing_0,fixedwing,1023.9862919680384,1029.7905541964535,5,turn_left,95.65000000000025,,,0.144375,0.0,0.0,0
59,quadrotor_0,quadrotor,540.0,360.0,0,move_north,94.10000000000034,328.3386146278249,0,0.144375,0.0,0.0,0
59,quadrotor_1,quadrotor,495.0,240.0,2,move_east,94.50000000000031,,,0.144375,0.0,0.0,0
60,fixedwing_0,fixedwing,1002.6482102136332,1008.7029685821087,6,straight,95.50000000000026,,,0.146875,0.0,0.0,0
60,quadrotor_0,quadrotor,540.0,375.0,0,move_north,94.00000000000034,313.5610124827551,0,0.146875,0.0,0.0,0
60,quadrotor_1,quadrotor,510.0,240.0,1,move_south,94.40000000000032,,,0.146875,0.0,0.0,0
61,fixedwing_0,fixedwing,981.310128459228,987.6153829677639,8,orbit_candidate,95.45000000000026,,,0.148125,0.0,0.0,0
61,quadrotor_0,quadrotor,540.0,390.0,0,move_north,93.90000000000035,298.8055743166476,0,0.148125,0.0,0.0,0
61,quadrotor_1,quadrotor,510.0,225.0,2,move_east,94.30000000000032,,,0.148125,0.0,0.0,0
62,fixedwing_0,fixedwing,959.6182122278595,966.8919476779455,9,change_altitude,95.40000000000026,,,0.150625,0.0,0.0,0
62,quadrotor_0,quadrotor,540.0,405.0,2,move_east,93.80000000000035,284.0757538689157,0,0.150625,0.0,0.0,0
62,quadrotor_1,quadrotor,525.0,225.0,4,hover_inspect,94.20000000000033,,,0.150625,0.0,0.0,0
63,fixedwing_0,fixedwing,937.926295996491,946.168512388127,7,turn_right,95.35000000000026,,,0.153125,0.0,0.0,0
63,quadrotor_0,quadrotor,555.0,405.0,0,move_north,93.70000000000036,281.55391958113745,0,0.153125,0.0,0.0,0
63,quadrotor_1,quadrotor,525.0,225.0,0,move_north,94.20000000000033,,,0.153125,0.0,0.0,0
64,fixedwing_0,fixedwing,909.5086412007761,936.5541015423404,8,orbit_candidate,95.20000000000027,,,0.15375,0.0,0.0,0
64,quadrotor_0,quadrotor,555.0,420.0,0,move_north,93.60000000000036,266.714964568906,0,0.15375,0.0,0.0,0
64,quadrotor_1,quadrotor,525.0,240.0,3,move_west,94.10000000000034,,,0.15375,0.0,0.0,0
65,fixedwing_0,fixedwing,881.6363432882317,925.4574800261142,6,straight,95.15000000000028,,,0.15375,0.0,0.0,0
65,quadrotor_0,quadrotor,555.0,435.0,2,move_east,93.50000000000037,251.89508732502887,0,0.15375,0.0,0.0,0
65,quadrotor_1,quadrotor,510.0,240.0,3,move_west,94.00000000000034,,,0.15375,0.0,0.0,0
66,fixedwing_0,fixedwing,853.7640453756874,914.3608585098881,6,straight,95.10000000000028,,,0.155625,0.0,0.0,0
66,quadrotor_0,quadrotor,570.0,435.0,0,move_north,93.40000000000038,249.94941631016619,0,0.155625,0.0,0.0,0
66,quadrotor_1,quadrotor,495.0,240.0,2,move_east,93.90000000000035,,,0.155625,0.0,0.0,0
67,fixedwing_0,fixedwing,825.891747463143,903.2642369936619,6,straight,95.05000000000028,,,0.15625,0.0,0.0,0
67,quadrotor_0,quadrotor,570.0,450.0,0,move_north,93.30000000000038,235.02972877337012,0,0.15625,0.0,0.0,0
67,quadrotor_1,quadrotor,510.0,240.0,0,move_north,93.80000000000035,,,0.15625,0.0,0.0,0
68,fixedwing_0,fixedwing,798.0194495505987,892.1676154774358,8,orbit_candidate,95.00000000000028,,,0.15625,0.0,0.0,0
68,quadrotor_0,quadrotor,570.0,465.0,4,hover_inspect,93.20000000000039,220.1209578862837,0,0.15625,0.0,0.0,0
68,quadrotor_1,quadrotor,510.0,255.0,4,hover_inspect,93.70000000000036,,,0.15625,0.0,0.0,0
69,fixedwing_0,fixedwing,770.9008545487018,879.3386714397104,8,orbit_candidate,94.95000000000029,,,0.15625,0.0,0.0,0
69,quadrotor_0,quadrotor,570.0,465.0,2,move_east,93.20000000000039,220.1209578862837,0,0.15625,0.0,0.0,0
69,quadrotor_1,quadrotor,510.0,255.0,2,move_east,93.70000000000036,,,0.15625,0.0,0.0,0
70,fixedwing_0,fixedwing,744.5933184903457,864.9194638838738,6,straight,94.90000000000029,,,0.156875,0.0,0.0,0
70,quadrotor_0,quadrotor,585.0,465.0,0,move_north,93.10000000000039,218.92193082485804,0,0.156875,0.0,0.0,0
70,quadrotor_1,quadrotor,525.0,255.0,2,move_east,93.60000000000036,,,0.156875,0.0,0.0,0
71,fixedwing_0,fixedwing,718.2857824319897,850.5002563280373,5,turn_left,94.85000000000029,,,0.156875,0.0,0.0,0
71,quadrotor_0,quadrotor,585.0,480.0,2,move_east,93.0000000000004,203.93889891233374,0,0.156875,0.0,0.0,0
71,quadrotor_1,quadrotor,540.0,255.0,3,move_west,93.50000000000037,,,0.156875,0.0,0.0,0
72,fixedwing_0,fixedwing,700.5368780774801,826.3139710776217,6,straight,94.7000000000003,,,0.156875,0.0,0.0,0
72,quadrotor_0,quadrotor,600.0,480.0,2,move_east,92.9000000000004,203.7514421663904,0,0.156875,0.0,0.0,0
72,quadrotor_1,quadrotor,525.0,255.0,4,hover_inspect,93.40000000000038,,,0.156875,0.0,0.0,0
73,fixedwing_0,fixedwing,682.7879737229705,802.127685827206,8,orbit_candidate,94.6500000000003,,,0.15875,0.0,0.0,0
73,quadrotor_0,quadrotor,615.0,480.0,0,move_north,92.80000000000041,204.6661327142153,0,0.15875,0.0,0.0,0
73,quadrotor_1,quadrotor,525.0,255.0,3,move_west,93.40000000000038,,,0.15875,0.0,0.0,0
74,fixedwing_0,fixedwing,665.0226646771654,777.9534475867354,6,straight,94.6000000000003,,,0.15875,0.0,0.0,0
74,quadrotor_0,quadrotor,615.0,495.0,4,hover_inspect,92.70000000000041,189.74321746424545,0,0.15875,0.0,0.0,0
74,quadrotor_1,quadrotor,510.0,255.0,2,move_east,93.30000000000038,,,0.15875,0.0,0.0,0
75,fixedwing_0,fixedwing,647.2573556313603,753.7792093462647,6,straight,94.55000000000031,,,0.159375,0.0,0.0,0
75,quadrotor_0,quadrotor,615.0,495.0,2,move_east,92.70000000000041,189.74321746424545,0,0.159375,0.0,0.0,0
75,quadrotor_1,quadrotor,525.0,255.0,0,move_north,93.20000000000039,,,0.159375,0.0,0.0,0
76,fixedwing_0,fixedwing,629.4920465855552,729.604971105794,8,orbit_candidate,94.50000000000031,,,0.16,0.0,0.0,0
76,quadrotor_0,quadrotor,630.0,495.0,4,hover_inspect,92.60000000000042,191.9011836049814,0,0.16,0.0,0.0,0
76,quadrotor_1,quadrotor,525.0,270.0,0,move_north,93.10000000000039,,,0.16,0.0,0.0,0
77,fixedwing_0,fixedwing,611.6909576261894,705.4570678456608,9,change_altitude,94.45000000000032,,,0.160625,0.0,0.0,0
77,quadrotor_0,quadrotor,630.0,495.0,2,move_east,92.60000000000042,191.9011836049814,0,0.160625,0.0,0.0,0
77,quadrotor_1,quadrotor,525.0,285.0,4,hover_inspect,93.0000000000004,,,0.160625,0.0,0.0,0
78,fixedwing_0,fixedwing,593.8898686668238,681.3091645855277,6,straight,94.40000000000032,,,0.160625,0.0,0.0,0
78,quadrotor_0,quadrotor,645.0,495.0,3,move_west,92.50000000000043,195.1912906978732,0,0.160625,0.0,0.0,0
78,quadrotor_1,quadrotor,525.0,285.0,3,move_west,93.0000000000004,,,0.160625,0.0,0.0,0
79,fixedwing_0,fixedwing,576.0887797074581,657.1612613253945,8,orbit_candidate,94.35000000000032,,,0.160625,0.0,0.0,0
79,quadrotor_0,quadrotor,630.0,495.0,0,move_north,92.40000000000043,191.9011836049814,0,0.160625,0.0,0.0,0
79,quadrotor_1,quadrotor,510.0,285.0,4,hover_inspect,92.9000000000004,,,0.160625,0.0,0.0,0
80,fixedwing_0,fixedwing,571.256405184827,627.5530165872642,6,straight,94.30000000000032,,,0.160625,0.0,0.0,0
80,quadrotor_0,quadrotor,630.0,510.0,0,move_north,92.30000000000044,177.17315530995077,0,0.160625,0.0,0.0,0
80,quadrotor_1,quadrotor,510.0,285.0,2,move_east,92.9000000000004,,,0.160625,0.0,0.0,0
81,fixedwing_0,fixedwing,566.424030662196,597.9447718491339,9,change_altitude,94.25000000000033,,,0.160625,0.0,0.0,0
81,quadrotor_0,quadrotor,630.0,525.0,2,move_east,92.20000000000044,162.49489116884595,0,0.160625,0.0,0.0,0
81,quadrotor_1,quadrotor,525.0,285.0,4,hover_inspect,92.80000000000041,,,0.160625,0.0,0.0,0
82,fixedwing_0,fixedwing,561.5916561395649,568.3365271110035,8,orbit_candidate,94.20000000000033,,,0.160625,0.0,0.0,0
82,quadrotor_0,quadrotor,645.0,525.0,0,move_north,92.10000000000045,166.36756099457594,0,0.160625,0.0,0.0,0
82,quadrotor_1,quadrotor,525.0,285.0,2,move_east,92.80000000000041,,,0.160625,0.0,0.0,0
83,fixedwing_0,fixedwing,570.2098962281784,539.6010797023583,8,orbit_candidate,94.15000000000033,,,0.160625,0.0,0.0,0
83,quadrotor_0,quadrotor,645.0,540.0,0,move_north,92.00000000000045,152.1263555232133,0,0.160625,0.0,0.0,0
83,quadrotor_1,quadrotor,540.0,285.0,2,move_east,92.70000000000041,,,0.160625,0.0,0.0,0
84,fixedwing_0,fixedwing,589.3824346963339,516.5269866825428,6,straight,94.10000000000034,,,0.164375,0.0,0.0,0
84,quadrotor_0,quadrotor,645.0,555.0,4,hover_inspect,91.90000000000046,138.04597327798535,0,0.164375,0.0,0.0,0
84,quadrotor_1,quadrotor,555.0,285.0,2,move_east,92.60000000000042,,,0.164375,0.0,0.0,0
85,fixedwing_0,fixedwing,608.5549731644894,493.45289366272726,6,straight,94.05000000000034,,,0.16625,0.0,0.0,0
85,quadrotor_0,quadrotor,645.0,555.0,0,move_north,91.90000000000046,138.04597327798535,0,0.16625,0.0,0.0,0
85,quadrotor_1,quadrotor,570.0,285.0,2,move_east,92.50000000000043,,,0.16625,0.0,0.0,0
86,fixedwing_0,fixedwing,627.7275116326449,470.37880064291176,9,change_altitude,94.00000000000034,,,0.168125,0.0,0.0,0
86,quadrotor_0,quadrotor,645.0,570.0,3,move_west,91.80000000000047,124.18113154484217,0,0.168125,0.0,0.0,0
86,quadrotor_1,quadrotor,585.0,285.0,2,move_east,92.40000000000043,,,0.168125,0.0,0.0,0
87,fixedwing_0,fixedwing,646.9000501008004,447.30470762309625,6,straight,93.95000000000034,,,0.17125,0.0,0.0,0
87,quadrotor_0,quadrotor,630.0,570.0,0,move_north,91.70000000000047,118.94274982716912,0,0.17125,0.0,0.0,0
87,quadrotor_1,quadrotor,600.0,285.0,2,move_east,92.30000000000044,,,0.17125,0.0,0.0,0
88,fixedwing_0,fixedwing,666.0725885689559,424.23061460328074,8,orbit_candidate,93.90000000000035,,,0.1725,0.0,0.0,0
88,quadrotor_0,quadrotor,630.0,585.0,4,hover_inspect,91.60000000000048,104.69785303405077,0,0.1725,0.0,0.0,0
88,quadrotor_1,quadrotor,615.0,285.0,2,move_east,92.20000000000044,,,0.1725,0.0,0.0,0
89,fixedwing_0,fixedwing,692.8173723495674,410.6395682665067,6,straight,93.85000000000035,,,0.175625,0.0,0.0,0
89,quadrotor_0,quadrotor,630.0,585.0,4,hover_inspect,91.60000000000048,104.69785303405077,0,0.175625,0.0,0.0,0
89,quadrotor_1,quadrotor,630.0,285.0,2,move_east,92.10000000000045,,,0.175625,0.0,0.0,0
90,fixedwing_0,fixedwing,719.562156130179,397.0485219297327,8,orbit_candidate,93.80000000000035,,,0.176875,0.0,0.0,0
90,quadrotor_0,quadrotor,630.0,585.0,0,move_north,91.60000000000048,104.69785303405077,0,0.176875,0.0,0.0,0
90,quadrotor_1,quadrotor,645.0,285.0,2,move_east,92.00000000000045,,,0.176875,0.0,0.0,0
91,fixedwing_0,fixedwing,749.4045385616606,393.9773314743564,5,turn_left,93.75000000000036,,,0.18,0.0,0.0,0
91,quadrotor_0,quadrotor,630.0,600.0,2,move_east,91.50000000000048,90.69676468006365,0,0.18,0.0,0.0,0
91,quadrotor_1,quadrotor,660.0,285.0,4,hover_inspect,91.90000000000046,,,0.18,0.0,0.0,0
92,fixedwing_0,fixedwing,777.748863314764,403.80582343857014,8,orbit_candidate,93.60000000000036,,,0.18125,0.0,0.0,0
92,quadrotor_0,quadrotor,645.0,600.0,4,hover_inspect,91.40000000000049,97.46526980796645,0,0.18125,0.0,0.0,0
92,quadrotor_1,quadrotor,660.0,285.0,2,move_east,91.65000000000046,,,0.18125,0.0,0.0,0
93,fixedwing_0,fixedwing,802.4054777999845,420.8953337336961,8,orbit_candidate,93.55000000000037,,,0.183125,0.0,0.0,0
93,quadrotor_0,quadrotor,645.0,600.0,4,hover_inspect,91.40000000000049,97.46526980796645,0,0.183125,0.0,0.0,0
93,quadrotor_1,quadrotor,675.0,285.0,3,move_west,91.55000000000047,,,0.183125,0.0,0.0,0
94,fixedwing_0,fixedwing,822.1826129423517,443.45336834579257,8,orbit_candidate,93.50000000000037,,,0.185625,0.0,0.0,0
94,quadrotor_0,quadrotor,645.0,600.0,0,move_north,91.40000000000049,97.46526980796645,0,0.185625,0.0,0.0,0
94,quadrotor_1,quadrotor,660.0,285.0,2,move_east,91.45000000000047,,,0.185625,0.0,0.0,0
95,fixedwing_0,fixedwing,836.5187149585905,469.8062842941273,6,straight,93.45000000000037,,,0.188125,0.0,0.0,0
95,quadrotor_0,quadrotor,645.0,615.0,4,hover_inspect,91.3000000000005,84.93374778161414,0,0.188125,0.0,0.0,0
95,quadrotor_1,quadrotor,675.0,285.0,4,hover_inspect,91.35000000000048,,,0.188125,0.0,0.0,0
96,fixedwing_0,fixedwing,850.8548169748293,496.159200242462,8,orbit_candidate,93.40000000000038,,,0.19125,0.0,0.0,0
96,quadrotor_0,quadrotor,645.0,615.0,4,hover_inspect,91.3000000000005,84.93374778161414,0,0.19125,0.0,0.0,0
96,quadrotor_1,quadrotor,675.0,285.0,2,move_east,91.35000000000048,,,0.19125,0.0,0.0,0
97,fixedwing_0,fixedwing,859.2251493429739,524.9678367261068,5,turn_left,93.35000000000038,,,0.191875,0.0,0.0,0
97,quadrotor_0,quadrotor,645.0,615.0,0,move_north,91.3000000000005,84.93374778161414,0,0.191875,0.0,0.0,0
97,quadrotor_1,quadrotor,690.0,285.0,0,move_north,91.25000000000048,,,0.191875,0.0,0.0,0
98,fixedwing_0,fixedwing,854.6361908744705,554.6147836207595,8,orbit_candidate,93.20000000000039,,,0.195,0.0,0.0,0
98,quadrotor_0,quadrotor,645.0,630.0,4,hover_inspect,91.2000000000005,73.33487714397562,1,0.195,0.0,0.0,0
98,quadrotor_1,quadrotor,690.0,300.0,2,move_east,91.15000000000049,,,0.195,0.0,0.0,0
99,fixedwing_0,fixedwing,845.8583980598027,583.3018948957339,8,orbit_candidate,93.15000000000039,,,0.19625,0.0,0.0,0
99,quadrotor_0,quadrotor,645.0,630.0,0,move_north,91.2000000000005,73.33487714397562,1,0.19625,0.0,0.0,0
99,quadrotor_1,quadrotor,705.0,300.0,0,move_north,91.0500000000005,,,0.19625,0.0,0.0,0
100,fixedwing_0,fixedwing,833.327550084829,610.5595149134115,8,orbit_candidate,93.10000000000039,,,0.196875,0.0,0.0,0
100,quadrotor_0,quadrotor,645.0,645.0,4,hover_inspect,91.1000000000005,63.184388097164856,1,0.196875,0.0,0.0,0
100,quadrotor_1,quadrotor,705.0,315.0,4,hover_inspect,90.9500000000005,,,0.196875,0.0,0.0,0
101,fixedwing_0,fixedwing,817.4626364783583,636.0213395978134,5,turn_left,93.0500000000004,,,0.196875,0.0,0.0,0
101,quadrotor_0,quadrotor,645.0,645.0,2,move_east,91.1000000000005,63.184388097164856,1,0.196875,0.0,0.0,0
101,quadrotor_1,quadrotor,705.0,315.0,4,hover_inspect,90.9500000000005,,,0.196875,0.0,0.0,0
102,fixedwing_0,fixedwing,792.3235096472818,652.3927873704158,6,straight,92.9000000000004,,,0.196875,0.0,0.0,0
102,quadrotor_0,quadrotor,660.0,645.0,4,hover_inspect,91.00000000000051,75.60319169533784,0,0.196875,0.0,0.0,0
102,quadrotor_1,quadrotor,705.0,315.0,4,hover_inspect,90.9500000000005,,,0.196875,0.0,0.0,0
103,fixedwing_0,fixedwing,767.1843828162052,668.7642351430183,8,orbit_candidate,92.8500000000004,,,0.196875,0.0,0.0,0
103,quadrotor_0,quadrotor,660.0,645.0,0,move_north,91.00000000000051,75.60319169533784,0,0.196875,0.0,0.0,0
103,quadrotor_1,quadrotor,705.0,315.0,4,hover_inspect,90.9500000000005,,,0.196875,0.0,0.0,0
104,fixedwing_0,fixedwing,740.9092983555479,683.2424925169333,6,straight,92.80000000000041,,,0.196875,0.0,0.0,0
104,quadrotor_0,quadrotor,660.0,660.0,4,hover_inspect,90.90000000000052,69.1383055043523,1,0.196875,0.0,0.0,0
104,quadrotor_1,quadrotor,705.0,315.0,4,hover_inspect,90.9500000000005,,,0.196875,0.0,0.0,0
105,fixedwing_0,fixedwing,714.6342138948905,697.7207498908484,7,turn_right,92.75000000000041,,,0.196875,0.0,0.0,0
105,quadrotor_0,quadrotor,660.0,660.0,1,move_south,90.90000000000052,69.1383055043523,1,0.196875,0.0,0.0,0
105,quadrotor_1,quadrotor,705.0,315.0,1,move_south,90.9500000000005,,,0.196875,0.0,0.0,0
106,fixedwing_0,fixedwing,696.9396762075496,721.9468378134014,8,orbit_candidate,92.60000000000042,,,0.196875,0.0,0.0,0
106,quadrotor_0,quadrotor,660.0,645.0,2,move_east,90.80000000000052,75.60319169533784,0,0.196875,0.0,0.0,0
106,quadrotor_1,quadrotor,705.0,300.0,4,hover_inspect,90.8500000000005,,,0.196875,0.0,0.0,0
107,fixedwing_0,fixedwing,700.4349700692958,751.7425240921237,8,orbit_candidate,92.55000000000042,,,0.196875,0.0,0.0,0
107,quadrotor_0,quadrotor,675.0,645.0,10,return_to_base,90.70000000000053,88.82239745599561,0,0.196875,0.0,0.0,0
107,quadrotor_1,quadrotor,705.0,300.0,4,hover_inspect,90.6000000000005,,,0.196875,0.0,0.0,0
108,fixedwing_0,fixedwing,720.2190487026139,774.294469299371,5,turn_left,92.50000000000043,,,0.196875,0.0,0.0,0
108,quadrotor_0,quadrotor,664.1551396327033,634.6371334268053,2,move_east,90.60000000000053,84.74771252973032,0,0.196875,0.0,0.0,0
108,quadrotor_1,quadrotor,705.0,300.0,4,hover_inspect,90.6000000000005,,,0.196875,0.0,0.0,0
109,fixedwing_0,fixedwing,728.6186493449771,803.0945857756774,8,orbit_candidate,92.35000000000043,,,0.196875,0.0,0.0,0
109,quadrotor_0,quadrotor,679.1551396327033,634.6371334268053,2,move_east,90.50000000000054,97.36736960250987,0,0.196875,0.0,0.0,0
109,quadrotor_1,quadrotor,705.0,300.0,2,move_east,90.6000000000005,,,0.196875,0.0,0.0,0
110,fixedwing_0,fixedwing,750.9309667120821,823.1485253813905,8,orbit_candidate,92.30000000000044,,,0.196875,0.0,0.0,0
110,quadrotor_0,quadrotor,694.1551396327033,634.6371334268053,4,hover_inspect,90.40000000000055,110.58315670843237,0,0.196875,0.0,0.0,0
110,quadrotor_1,quadrotor,720.0,300.0,2,move_east,90.50000000000051,,,0.196875,0.0,0.0,0
111,fixedwing_0,fixedwing,779.9183589272909,830.877114680975,9,change_altitude,92.25000000000044,,,0.196875,0.0,0.0,0
111,quadrotor_0,quadrotor,694.1551396327033,634.6371334268053,4,hover_inspect,90.15000000000055,110.58315670843237,0,0.196875,0.0,0.0,0
111,quadrotor_1,quadrotor,735.0,300.0,2,move_east,90.40000000000052,,,0.196875,0.0,0.0,0
112,fixedwing_0,fixedwing,808.9057511424998,838.6057039805594,8,orbit_candidate,92.20000000000044,,,0.1975,0.0,0.0,0
112,quadrotor_0,quadrotor,694.1551396327033,634.6371334268053,4,hover_inspect,90.15000000000055,110.58315670843237,0,0.1975,0.0,0.0,0
112,quadrotor_1,quadrotor,750.0,300.0,4,hover_inspect,90.30000000000052,,,0.1975,0.0,0.0,0
113,fixedwing_0,fixedwing,838.5427104008955,833.9526785221951,5,turn_left,92.15000000000045,,,0.198125,0.0,0.0,0
113,quadrotor_0,quadrotor,694.1551396327033,634.6371334268053,4,hover_inspect,90.15000000000055,110.58315670843237,0,0.198125,0.0,0.0,0
113,quadrotor_1,quadrotor,750.0,300.0,0,move_north,90.30000000000052,,,0.198125,0.0,0.0,0
114,fixedwing_0,fixedwing,867.3693708919168,842.260725521063,8,orbit_candidate,92.00000000000045,,,0.198125,0.0,0.0,0
114,quadrotor_0,quadrotor,694.1551396327033,634.6371334268053,4,hover_inspect,90.15000000000055,110.58315670843237,0,0.198125,0.0,0.0,0
114,quadrotor_1,quadrotor,750.0,315.0,2,move_east,90.20000000000053,,,0.198125,0.0,0.0,0
115,fixedwing_0,fixedwing,897.016022388126,837.6698590383261,7,turn_right,91.95000000000046,,,0.199375,0.0,0.0,0
115,quadrotor_0,quadrotor,694.1551396327033,634.6371334268053,3,move_west,90.15000000000055,110.58315670843237,0,0.199375,0.0,0.0,0
115,quadrotor_1,quadrotor,765.0,315.0,2,move_east,90.10000000000053,,,0.199375,0.0,0.0,0
116,fixedwing_0,fixedwing,921.9448294858842,820.9799046740159,5,turn_left,91.80000000000047,,,0.2,0.0,0.0,0
116,quadrotor_0,quadrotor,679.1551396327033,634.6371334268053,3,move_west,90.05000000000055,97.36736960250987,0,0.2,0.0,0.0,0
116,quadrotor_1,quadrotor,780.0,315.0,2,move_east,90.00000000000054,,,0.2,0.0,0.0,0
117,fixedwing_0,fixedwing,951.5914809820933,816.3890381912789,6,straight,91.65000000000047,,,0.201875,0.0,0.0,0
117,quadrotor_0,quadrotor,664.1551396327033,634.6371334268053,4,hover_inspect,89.95000000000056,84.74771252973032,0,0.201875,0.0,0.0,0
117,quadrotor_1,quadrotor,795.0,315.0,1,move_south,89.90000000000055,,,0.201875,0.0,0.0,0
118,fixedwing_0,fixedwing,981.2381324783025,811.798171708542,9,change_altitude,91.60000000000048,,,0.204375,0.0,0.0,0
118,quadrotor_0,quadrotor,664.1551396327033,634.6371334268053,4,hover_inspect,89.95000000000056,84.74771252973032,0,0.204375,0.0,0.0,0
118,quadrotor_1,quadrotor,795.0,300.0,3,move_west,89.80000000000055,,,0.204375,0.0,0.0,0
119,fixedwing_0,fixedwing,1010.8847839745117,807.207305225805,6,straight,91.55000000000048,,,0.20625,0.0,0.0,0
119,quadrotor_0,quadrotor,664.1551396327033,634.6371334268053,4,hover_inspect,89.95000000000056,84.74771252973032,0,0.20625,0.0,0.0,0
119,quadrotor_1,quadrotor,780.0,300.0,4,hover_inspect,89.70000000000056,,,0.20625,0.0,0.0,0
120,fixedwing_0,fixedwing,1040.531435470721,802.6164387430681,5,turn_left,91.50000000000048,,,0.2075,0.125,0.0,0
120,quadrotor_0,quadrotor,664.1551396327033,634.6371334268053,2,move_east,89.95000000000056,515.8903889478744,0,0.2075,0.125,0.0,0
120,quadrotor_1,quadrotor,780.0,300.0,4,hover_inspect,89.70000000000056,,,0.2075,0.125,0.0,0
121,fixedwing_0,fixedwing,1069.3406105941149,810.9849170222783,5,turn_left,91.35000000000049,,,0.209375,0.125,0.0,0
121,quadrotor_0,quadrotor,679.1551396327033,634.6371334268053,2,move_east,89.85000000000056,502.6718992526681,0,0.209375,0.125,0.0,0
121,quadrotor_1,quadrotor,780.0,300.0,4,hover_inspect,89.70000000000056,,,0.209375,0.125,0.0,0
122,fixedwing_0,fixedwing,1091.9139186027749,830.7446175652058,5,turn_left,91.2000000000005,,,0.211875,0.125,0.0,0
122,quadrotor_0,quadrotor,694.1551396327033,634.6371334268053,2,move_east,89.75000000000057,489.5561083142359,0,0.211875,0.125,0.0,0
122,quadrotor_1,quadrotor,780.0,300.0,4,hover_inspect,89.70000000000056,,,0.211875,0.125,0.0,0
123,fixedwing_0,fixedwing,1104.0214731342314,858.1928802291305,6,straight,91.05000000000051,,,0.2125,0.125,0.0,0
123,quadrotor_0,quadrotor,709.1551396327033,634.6371334268053,4,hover_inspect,89.65000000000057,476.551495724518,0,0.2125,0.125,0.0,0
123,quadrotor_1,quadrotor,780.0,300.0,2,move_east,89.70000000000056,,,0.2125,0.125,0.0,0
124,fixedwing_0,fixedwing,1116.129027665688,885.6411428930553,8,orbit_candidate,91.00000000000051,,,0.213125,0.125,0.0,0
124,quadrotor_0,quadrotor,709.1551396327033,634.6371334268053,2,move_east,89.65000000000057,476.551495724518,0,0.213125,0.125,0.0,0
124,quadrotor_1,quadrotor,795.0,300.0,4,hover_inspect,89.60000000000056,,,0.213125,0.125,0.0,0
125,fixedwing_0,fixedwing,1136.9003538367494,907.2872051006574,5,turn_left,90.95000000000051,,,0.214375,0.125,0.0,0
125,quadrotor_0,quadrotor,724.1551396327033,634.6371334268053,2,move_east,89.55000000000058,463.6674163306827,0,0.214375,0.125,0.0,0
125,quadrotor_1,quadrotor,795.0,300.0,2,move_east,89.60000000000056,,,0.214375,0.125,0.0,0
126,fixedwing_0,fixedwing,1146.5775473089527,935.6835415985499,8,orbit_candidate,90.80000000000052,,,0.215625,0.125,0.0,0
126,quadrotor_0,quadrotor,739.1551396327033,634.6371334268053,0,move_north,89.45000000000059,450.9142023226437,0,0.215625,0.125,0.0,0
126,quadrotor_1,quadrotor,810.0,300.0,4,hover_inspect,89.50000000000057,,,0.215625,0.125,0.0,0
127,fixedwing_0,fixedwing,1168.3414808405512,956.3313307594301,8,orbit_candidate,90.75000000000053,,,0.21625,0.125,0.0,0
127,quadrotor_0,quadrotor,739.1551396327033,649.6371334268053,2,move_east,89.35000000000059,443.08864576131964,0,0.21625,0.125,0.0,0
127,quadrotor_1,quadrotor,810.0,300.0,4,hover_inspect,89.50000000000057,,,0.21625,0.125,0.0,0
128,fixedwing_0,fixedwing,1196.727567599209,966.0385486167751,9,change_altitude,90.70000000000053,,,0.21875,0.125,0.0,0
128,quadrotor_0,quadrotor,754.1551396327033,649.6371334268053,2,move_east,89.2500000000006,430.2484083550985,0,0.21875,0.125,0.0,0
128,quadrotor_1,quadrotor,810.0,300.0,2,move_east,89.50000000000057,,,0.21875,0.125,0.0,0
129,fixedwing_0,fixedwing,1225.1136543578666,975.74576647412,6,straight,90.65000000000053,,,0.22125,0.125,0.0,0
129,quadrotor_0,quadrotor,769.1551396327033,649.6371334268053,2,move_east,89.1500000000006,417.5521976730466,0,0.22125,0.125,0.0,0
129,quadrotor_1,quadrotor,825.0,300.0,4,hover_inspect,89.40000000000057,,,0.22125,0.125,0.0,0
130,fixedwing_0,fixedwing,1253.4997411165243,985.452984331465,5,turn_left,90.60000000000053,,,0.223125,0.125,0.0,0
130,quadrotor_0,quadrotor,784.1551396327033,649.6371334268053,2,move_east,89.05000000000061,405.01355862623456,0,0.223125,0.125,0.0,0
130,quadrotor_1,quadrotor,825.0,300.0,2,move_east,89.40000000000057,,,0.223125,0.125,0.0,0
131,fixedwing_0,fixedwing,1275.1238250521842,1006.2471901096026,5,turn_left,90.45000000000054,,,0.224375,0.125,0.0,0
131,quadrotor_0,quadrotor,799.1551396327033,649.6371334268053,0,move_north,88.95000000000061,392.6475869791915,0,0.224375,0.125,0.0,0
131,quadrotor_1,quadrotor,840.0,300.0,2,move_east,89.30000000000058,,,0.224375,0.125,0.0,0
132,fixedwing_0,fixedwing,1285.933889610372,1034.2318734961948,7,turn_right,90.30000000000055,,,0.22875,0.125,0.0,0
132,quadrotor_0,quadrotor,799.1551396327033,664.6371334268053,2,move_east,88.85000000000062,384.221365500301,0,0.22875,0.125,0.0,0
132,quadrotor_1,quadrotor,855.0,300.0,2,move_east,89.20000000000059,,,0.22875,0.125,0.0,0
133,fixedwing_0,fixedwing,1307.557973546032,1055.0260792743325,8,orbit_candidate,90.15000000000056,,,0.23125,0.125,0.0,0
133,quadrotor_0,quadrotor,814.1551396327033,664.6371334268053,4,hover_inspect,88.75000000000063,371.76901780058444,0,0.23125,0.125,0.0,0
133,quadrotor_1,quadrotor,870.0,300.0,0,move_north,89.10000000000059,,,0.23125,0.125,0.0,0
134,fixedwing_0,fixedwing,1336.2664176237206,1063.7338481411673,8,orbit_candidate,90.10000000000056,,,0.233125,0.125,0.0,0
134,quadrotor_0,quadrotor,814.1551396327033,664.6371334268053,2,move_east,88.75000000000063,371.76901780058444,0,0.233125,0.125,0.0,0
134,quadrotor_1,quadrotor,870.0,315.0,0,move_north,89.0000000000006,,,0.233125,0.125,0.0,0
135,fixedwing_0,fixedwing,1366.0741827150262,1060.3431048212535,6,straight,90.05000000000057,,,0.235,0.125,0.0,0
135,quadrotor_0,quadrotor,829.1551396327033,664.6371334268053,2,move_east,88.65000000000063,359.5112619736782,0,0.235,0.125,0.0,0
135,quadrotor_1,quadrotor,870.0,330.0,2,move_east,88.9000000000006,,,0.235,0.125,0.0,0
136,fixedwing_0,fixedwing,1395.8819478063317,1056.9523615013397,6,straight,90.00000000000057,,,0.2375,0.125,0.0,0
136,quadrotor_0,quadrotor,844.1551396327033,664.6371334268053,2,move_east,88.55000000000064,347.46869265503915,0,0.2375,0.125,0.0,0
136,quadrotor_1,quadrotor,885.0,330.0,2,move_east,88.80000000000061,,,0.2375,0.125,0.0,0
137,fixedwing_0,fixedwing,1425.6897128976373,1053.561618181426,8,orbit_candidate,89.95000000000057,,,0.23875,0.125,0.0,0
137,quadrotor_0,quadrotor,859.1551396327033,664.6371334268053,2,move_east,88.45000000000064,335.66447125797725,0,0.23875,0.125,0.0,0
137,quadrotor_1,quadrotor,900.0,330.0,2,move_east,88.70000000000061,,,0.23875,0.125,0.0,0
138,fixedwing_0,fixedwing,1452.184454195718,1039.4893517133771,6,straight,89.90000000000057,,,0.243125,0.125,0.0,0
138,quadrotor_0,quadrotor,874.1551396327033,664.6371334268053,0,move_north,88.35000000000065,324.12463984460175,0,0.243125,0.125,0.0,0
138,quadrotor_1,quadrotor,915.0,330.0,2,move_east,88.60000000000062,,,0.243125,0.125,0.0,0
139,fixedwing_0,fixedwing,1478.6791954937987,1025.4170852453283,5,turn_left,89.85000000000058,,,0.245,0.125,0.0,0
139,quadrotor_0,quadrotor,874.1551396327033,679.6371334268053,0,move_north,88.25000000000065,314.58021600337,0,0.245,0.125,0.0,0
139,quadrotor_1,quadrotor,930.0,330.0,2,move_east,88.50000000000063,,,0.245,0.125,0.0,0
140,fixedwing_0,fixedwing,1508.6387826412497,1023.8604420767454,8,orbit_candidate,89.70000000000059,,,0.246875,0.125,0.0,0
140,quadrotor_0,quadrotor,874.1551396327033,694.6371334268053,2,move_east,88.15000000000066,305.474454655477,0,0.246875,0.125,0.0,0
140,quadrotor_1,quadrotor,945.0,330.0,4,hover_inspect,88.40000000000063,,,0.246875,0.125,0.0,0
141,fixedwing_0,fixedwing,1535.5130145935423,1010.5271882737766,5,turn_left,89.65000000000059,,,0.250625,0.125,0.0,0
141,quadrotor_0,quadrotor,889.1551396327033,694.6371334268053,2,move_east,88.05000000000067,293.5145436542395,0,0.250625,0.125,0.0,0
141,quadrotor_1,quadrotor,945.0,330.0,0,move_north,88.40000000000063,,,0.250625,0.125,0.0,0
142,fixedwing_0,fixedwing,1565.5042168280922,1009.8006977189041,6,straight,89.5000000000006,,,0.2525,0.125,0.0,0
142,quadrotor_0,quadrotor,904.1551396327033,694.6371334268053,2,move_east,87.95000000000067,281.845582236181,0,0.2525,0.125,0.0,0
142,quadrotor_1,quadrotor,945.0,345.0,0,move_north,88.30000000000064,,,0.2525,0.125,0.0,0
143,fixedwing_0,fixedwing,1595.4954190626422,1009.0742071640316,6,straight,89.4500000000006,,,0.255,0.125,0.0,0
143,quadrotor_0,quadrotor,919.1551396327033,694.6371334268053,4,hover_inspect,87.85000000000068,270.5052256714225,0,0.255,0.125,0.0,0
143,quadrotor_1,quadrotor,945.0,360.0,4,hover_inspect,88.20000000000064,,,0.255,0.125,0.0,0
144,fixedwing_0,fixedwing,1625.4866212971922,1008.3477166091591,6,straight,89.4000000000006,,,0.25625,0.125,0.0,0
144,quadrotor_0,quadrotor,919.1551396327033,694.6371334268053,2,move_east,87.60000000000068,270.5052256714225,0,0.25625,0.125,0.0,0
144,quadrotor_1,quadrotor,945.0,360.0,4,hover_inspect,88.20000000000064,,,0.25625,0.125,0.0,0
145,fixedwing_0,fixedwing,1655.4778235317422,1007.6212260542866,6,straight,89.3500000000006,,,0.26,0.125,0.0,0
145,quadrotor_0,quadrotor,934.1551396327033,694.6371334268053,0,move_north,87.50000000000068,259.53655234868677,0,0.26,0.125,0.0,0
145,quadrotor_1,quadrotor,945.0,360.0,2,move_east,88.20000000000064,,,0.26,0.125,0.0,0
146,fixedwing_0,fixedwing,1685.4690257662921,1006.8947354994141,5,turn_left,89.30000000000061,,,0.263125,0.125,0.0,0
146,quadrotor_0,quadrotor,934.1551396327033,709.6371334268053,2,move_east,87.40000000000069,249.32539411655756,0,0.263125,0.125,0.0,0
146,quadrotor_1,quadrotor,960.0,360.0,2,move_east,88.10000000000065,,,0.263125,0.125,0.0,0
147,fixedwing_0,fixedwing,1712.957314069527,1018.911141208204,5,turn_left,89.15000000000062,,,0.264375,0.125,0.0,0
147,quadrotor_0,quadrotor,949.1551396327033,709.6371334268053,1,move_south,87.3000000000007,238.32603097620733,0,0.264375,0.125,0.0,0
147,quadrotor_1,quadrotor,975.0,360.0,2,move_east,88.00000000000065,,,0.264375,0.125,0.0,0
148,fixedwing_0,fixedwing,1732.7918113180374,1041.4187558952121,8,orbit_candidate,89.00000000000063,,,0.26875,0.125,0.0,0
148,quadrotor_0,quadrotor,949.1551396327033,694.6371334268053,2,move_east,87.2000000000007,248.98868828631151,0,0.26875,0.125,0.0,0
148,quadrotor_1,quadrotor,990.0,360.0,2,move_east,87.90000000000066,,,0.26875,0.125,0.0,0
149,fixedwing_0,fixedwing,1761.7717049824485,1049.175415176077,5,turn_left,88.95000000000063,,,0.27125,0.125,0.0,0
149,quadrotor_0,quadrotor,964.1551396327033,694.6371334268053,4,hover_inspect,87.1000000000007,238.91737438711607,0,0.27125,0.125,0.0,0
149,quadrotor_1,quadrotor,1005.0,360.0,4,hover_inspect,87.80000000000067,,,0.27125,0.125,0.0,0
150,fixedwing_0,fixedwing,1784.7583024158043,1068.4527681695986,8,orbit_candidate,88.80000000000064,,,0.273125,0.125,0.0,0
150,quadrotor_0,quadrotor,964.1551396327033,694.6371334268053,2,move_east,87.1000000000007,238.91737438711607,0,0.273125,0.125,0.0,0
150,quadrotor_1,quadrotor,1005.0,360.0,2,move_east,87.80000000000067,,,0.273125,0.125,0.0,0
151,fixedwing_0,fixedwing,1814.4256175852813,1072.9081481348671,6,straight,88.75000000000064,,,0.275,0.125,0.0,0
151,quadrotor_0,quadrotor,979.1551396327033,694.6371334268053,2,move_east,87.00000000000071,229.38538897133088,0,0.275,0.125,0.0,0
151,quadrotor_1,quadrotor,1020.0,360.0,4,hover_inspect,87.70000000000067,,,0.275,0.125,0.0,0
152,fixedwing_0,fixedwing,1844.0929327547583,1077.3635281001357,9,change_altitude,88.70000000000064,,,0.278125,0.125,0.0,0
152,quadrotor_0,quadrotor,994.1551396327033,694.6371334268053,0,move_north,86.90000000000072,220.4626988019156,0,0.278125,0.125,0.0,0
152,quadrotor_1,quadrotor,1020.0,360.0,4,hover_inspect,87.70000000000067,,,0.278125,0.125,0.0,0
153,fixedwing_0,fixedwing,1873.7602479242353,1081.8189080654042,5,turn_left,88.65000000000065,,,0.28,0.125,0.0,0
153,quadrotor_0,quadrotor,994.1551396327033,709.6371334268053,4,hover_inspect,86.80000000000072,208.34522242988507,0,0.28,0.125,0.0,0
153,quadrotor_1,quadrotor,1020.0,360.0,2,move_east,87.70000000000067,,,0.28,0.125,0.0,0
154,fixedwing_0,fixedwing,1898.7650417464868,1098.3948027895722,7,turn_right,88.50000000000065,,,0.28125,0.125,0.0,0
154,quadrotor_0,quadrotor,994.1551396327033,709.6371334268053,2,move_east,86.80000000000072,208.34522242988507,0,0.28125,0.125,0.0,0
154,quadrotor_1,quadrotor,1035.0,360.0,2,move_east,87.60000000000068,,,0.28125,0.125,0.0,0
155,fixedwing_0,fixedwing,1928.4323569159637,1102.8501827548407,8,orbit_candidate,88.35000000000066,,,0.281875,0.125,0.0,0
155,quadrotor_0,quadrotor,1009.1551396327033,709.6371334268053,2,move_east,86.70000000000073,199.6093099002491,0,0.281875,0.125,0.0,0
155,quadrotor_1,quadrotor,1050.0,360.0,2,move_east,87.50000000000068,,,0.281875,0.125,0.0,0
156,fixedwing_0,fixedwing,1956.9640084322727,1093.5795375911048,6,straight,88.30000000000067,,,0.283125,0.125,0.0,0
156,quadrotor_0,quadrotor,1024.1551396327031,709.6371334268053,3,move_west,86.60000000000073,191.65078003584824,0,0.283125,0.125,0.0,0
156,quadrotor_1,quadrotor,1065.0,360.0,2,move_east,87.40000000000069,,,0.283125,0.125,0.0,0
157,fixedwing_0,fixedwing,1985.4956599485818,1084.3088924273688,9,change_altitude,88.25000000000067,,,0.283125,0.125,0.0,0
157,quadrotor_0,quadrotor,1009.1551396327031,709.6371334268053,0,move_north,86.50000000000074,199.60930990024914,0,0.283125,0.125,0.0,0
157,quadrotor_1,quadrotor,1080.0,360.0,2,move_east,87.3000000000007,,,0.283125,0.125,0.0,0
158,fixedwing_0,fixedwing,2000.0,1075.038247263633,5,turn_left,88.20000000000067,,,0.28375,0.125,0.0,0
158,quadrotor_0,quadrotor,1009.1551396327031,724.6371334268053,2,move_east,86.40000000000074,187.344086496446,0,0.28375,0.125,0.0,0
158,quadrotor_1,quadrotor,1095.0,360.0,4,hover_inspect,87.2000000000007,,,0.28375,0.125,0.0,0
159,fixedwing_0,fixedwing,2000.0,1078.6941863292993,5,turn_left,88.05000000000068,,,0.28375,0.125,0.0,0
159,quadrotor_0,quadrotor,1024.1551396327031,724.6371334268053,2,move_east,86.30000000000075,178.8405760298351,0,0.28375,0.125,0.0,0
159,quadrotor_1,quadrotor,1095.0,360.0,2,move_east,87.2000000000007,,,0.28375,0.125,0.0,0
160,fixedwing_0,fixedwing,2000.0,1094.5916435813251,5,turn_left,87.90000000000069,,,0.285,0.125,0.0,0
160,quadrotor_0,quadrotor,1039.1551396327031,724.6371334268053,2,move_east,86.20000000000076,171.2311201977567,0,0.285,0.125,0.0,0
160,quadrotor_1,quadrotor,1110.0,360.0,2,move_east,87.1000000000007,,,0.285,0.125,0.0,0
161,fixedwing_0,fixedwing,2000.0,1119.7516831188452,8,orbit_candidate,87.7500000000007,,,0.285,0.125,0.0,0
161,quadrotor_0,quadrotor,1054.1551396327031,724.6371334268053,0,move_north,86.10000000000076,164.63973218416623,0,0.285,0.125,0.0,0
161,quadrotor_1,quadrotor,1125.0,360.0,1,move_south,87.00000000000071,,,0.285,0.125,0.0,0
162,fixedwing_0,fixedwing,2000.0,1131.5852723890196,8,orbit_candidate,87.7000000000007,,,0.28625,0.125,0.0,0
162,quadrotor_0,quadrotor,1054.1551396327031,739.6371334268053,4,hover_inspect,86.00000000000077,151.03036635063864,0,0.28625,0.125,0.0,0
162,quadrotor_1,quadrotor,1125.0,345.0,2,move_east,86.90000000000072,,,0.28625,0.125,0.0,0
163,fixedwing_0,fixedwing,2000.0,1128.841551585038,5,turn_left,87.6500000000007,,,0.28625,0.125,0.0,0
163,quadrotor_0,quadrotor,1054.1551396327031,739.6371334268053,0,move_north,86.00000000000077,151.03036635063864,0,0.28625,0.125,0.0,0
163,quadrotor_1,quadrotor,1140.0,345.0,3,move_west,86.80000000000072,,,0.28625,0.125,0.0,0
164,fixedwing_0,fixedwing,2000.0,1138.9803080290546,8,orbit_candidate,87.50000000000071,,,0.28625,0.125,0.0,0
164,quadrotor_0,quadrotor,1054.1551396327031,754.6371334268053,2,move_east,85.90000000000077,137.7102091580078,0,0.28625,0.125,0.0,0
164,quadrotor_1,quadrotor,1125.0,345.0,2,move_east,86.70000000000073,,,0.28625,0.125,0.0,0
165,fixedwing_0,fixedwing,2000.0,1134.7705590004157,6,straight,87.45000000000071,,,0.28625,0.125,0.0,0
165,quadrotor_0,quadrotor,1069.1551396327031,754.6371334268053,2,move_east,85.80000000000078,131.14971062048764,0,0.28625,0.125,0.0,0
165,quadrotor_1,quadrotor,1140.0,345.0,4,hover_inspect,86.60000000000073,,,0.28625,0.125,0.0,0
166,fixedwing_0,fixedwing,2000.0,1130.5608099717767,5,turn_left,87.40000000000072,,,0.28625,0.125,0.0,0
166,quadrotor_0,quadrotor,1084.1551396327031,754.6371334268053,0,move_north,85.70000000000078,126.04122930744934,0,0.28625,0.125,0.0,0
166,quadrotor_1,quadrotor,1140.0,345.0,2,move_east,86.60000000000073,,,0.28625,0.125,0.0,0
167,fixedwing_0,fixedwing,2000.0,1139.2985816210783,10,return_to_base,87.25000000000072,,,0.2875,0.125,0.0,0
167,quadrotor_0,quadrotor,1084.1551396327031,769.6371334268053,4,hover_inspect,85.60000000000079,111.76010751456516,0,0.2875,0.125,0.0,0
167,quadrotor_1,quadrotor,1155.0,345.0,4,hover_inspect,86.50000000000074,,,0.2875,0.125,0.0,0
168,fixedwing_0,fixedwing,1973.9327497154543,1124.449390983106,8,orbit_candidate,87.20000000000073,,,0.2875,0.125,0.0,0
168,quadrotor_0,quadrotor,1084.1551396327031,769.6371334268053,4,hover_inspect,85.60000000000079,111.76010751456516,0,0.2875,0.125,0.0,0
168,quadrotor_1,quadrotor,1155.0,345.0,2,move_east,86.50000000000074,,,0.2875,0.125,0.0,0
169,fixedwing_0,fixedwing,1947.2513251835467,1110.7343778606873,8,orbit_candidate,87.15000000000073,,,0.288125,0.125,0.0,0
169,quadrotor_0,quadrotor,1084.1551396327031,769.6371334268053,0,move_north,85.60000000000079,111.76010751456516,0,0.288125,0.125,0.0,0
169,quadrotor_1,quadrotor,1170.0,345.0,3,move_west,86.40000000000074,,,0.288125,0.125,0.0,0
170,fixedwing_0,fixedwing,1920.0512116269376,1098.0791883122224,8,orbit_candidate,87.10000000000073,,,0.288125,0.125,0.0,0
170,quadrotor_0,quadrotor,1084.1551396327031,784.6371334268053,3,move_west,85.5000000000008,97.69468653924483,0,0.288125,0.125,0.0,0
170,quadrotor_1,quadrotor,1155.0,345.0,0,move_north,86.30000000000075,,,0.288125,0.125,0.0,0
171,fixedwing_0,fixedwing,1892.4109648061933,1086.4165661504474,6,straight,87.05000000000074,,,0.28875,0.125,0.0,0
171,quadrotor_0,quadrotor,1069.1551396327031,784.6371334268053,1,move_south,85.4000000000008,104.20224032383337,0,0.28875,0.125,0.0,0
171,quadrotor_1,quadrotor,1155.0,360.0,2,move_east,86.20000000000076,,,0.28875,0.125,0.0,0
172,fixedwing_0,fixedwing,1864.770717985449,1074.7539439886723,6,straight,87.00000000000074,,,0.28875,0.125,0.0,0
172,quadrotor_0,quadrotor,1069.1551396327031,769.6371334268053,4,hover_inspect,85.30000000000081,117.49117729502835,0,0.28875,0.125,0.0,0
172,quadrotor_1,quadrotor,1170.0,360.0,0,move_north,86.10000000000076,,,0.28875,0.125,0.0,0
173,fixedwing_0,fixedwing,1837.1304711647047,1063.0913218268972,9,change_altitude,86.95000000000074,,,0.29,0.125,0.0,0
173,quadrotor_0,quadrotor,1069.1551396327031,769.6371334268053,2,move_east,85.30000000000081,117.49117729502835,0,0.29,0.125,0.0,0
173,quadrotor_1,quadrotor,1170.0,375.0,2,move_east,86.00000000000077,,,0.29,0.125,0.0,0
174,fixedwing_0,fixedwing,1809.4902243439603,1051.4286996651222,7,turn_right,86.90000000000074,,,0.29,0.125,0.0,0
174,quadrotor_0,quadrotor,1084.1551396327031,769.6371334268053,4,hover_inspect,85.20000000000081,111.76010751456516,0,0.29,0.125,0.0,0
174,quadrotor_1,quadrotor,1185.0,375.0,2,move_east,85.90000000000077,,,0.29,0.125,0.0,0
175,fixedwing_0,fixedwing,1779.5108163093566,1052.5400474481062,8,orbit_candidate,86.75000000000075,,,0.290625,0.125,0.0,0
175,quadrotor_0,quadrotor,1084.1551396327031,769.6371334268053,4,hover_inspect,85.20000000000081,111.76010751456516,0,0.290625,0.125,0.0,0
175,quadrotor_1,quadrotor,1200.0,375.0,0,move_north,85.80000000000078,,,0.290625,0.125,0.0,0
176,fixedwing_0,fixedwing,1749.5140454205373,1052.9802022432334,7,turn_right,86.70000000000076,,,0.290625,0.125,0.0,0
176,quadrotor_0,quadrotor,1084.1551396327031,769.6371334268053,2,move_east,85.20000000000081,111.76010751456516,0,0.290625,0.125,0.0,0
176,quadrotor_1,quadrotor,1200.0,390.0,3,move_west,85.70000000000078,,,0.290625,0.125,0.0,0
177,fixedwing_0,fixedwing,1722.5137558324595,1066.0563011324257,8,orbit_candidate,86.55000000000076,,,0.29125,0.125,0.0,0
177,quadrotor_0,quadrotor,1099.1551396327031,769.6371334268053,3,move_west,85.10000000000082,107.82609387881278,0,0.29125,0.125,0.0,0
177,quadrotor_1,quadrotor,1185.0,390.0,4,hover_inspect,85.60000000000079,,,0.29125,0.125,0.0,0
178,fixedwing_0,fixedwing,1694.3117247671103,1076.2859366972477,5,turn_left,86.50000000000077,,,0.291875,0.125,0.0,0
178,quadrotor_0,quadrotor,1084.1551396327031,769.6371334268053,1,move_south,85.00000000000082,111.76010751456516,0,0.291875,0.125,0.0,0
178,quadrotor_1,quadrotor,1185.0,390.0,0,move_north,85.60000000000079,,,0.291875,0.125,0.0,0
179,fixedwing_0,fixedwing,1664.4287736016888,1073.6384417217978,6,straight,86.35000000000078,,,0.293125,0.125,0.0,0
179,quadrotor_0,quadrotor,1084.1551396327031,754.6371334268053,2,move_east,84.90000000000083,126.04122930744934,0,0.293125,0.125,0.0,0
179,quadrotor_1,quadrotor,1185.0,405.0,2,move_east,85.5000000000008,,,0.293125,0.125,0.0,0
180,fixedwing_0,fixedwing,1634.5458224362674,1070.9909467463478,6,straight,86.30000000000078,,,0.29375,0.125,0.0,0
180,quadrotor_0,quadrotor,1099.1551396327031,754.6371334268053,0,move_north,84.80000000000084,122.56645697264977,0,0.29375,0.125,0.0,0
180,quadrotor_1,quadrotor,1200.0,405.0,3,move_west,85.4000000000008,,,0.29375,0.125,0.0,0
181,fixedwing_0,fixedwing,1604.662871270846,1068.343451770898,6,straight,86.25000000000078,,,0.294375,0.125,0.0,0
181,quadrotor_0,quadrotor,1099.1551396327031,769.6371334268053,2,move_east,84.70000000000084,107.82609387881278,0,0.294375,0.125,0.0,0
181,quadrotor_1,quadrotor,1185.0,405.0,3,move_west,85.30000000000081,,,0.294375,0.125,0.0,0
182,fixedwing_0,fixedwing,1574.7799201054245,1065.695956795448,6,straight,86.20000000000078,,,0.294375,0.125,0.0,0
182,quadrotor_0,quadrotor,1114.1551396327031,769.6371334268053,4,hover_inspect,84.60000000000085,105.88961899382737,0,0.294375,0.125,0.0,0
182,quadrotor_1,quadrotor,1170.0,405.0,2,move_east,85.20000000000081,,,0.294375,0.125,0.0,0
183,fixedwing_0,fixedwing,1544.896968940003,1063.048461819998,7,turn_right,86.15000000000079,,,0.294375,0.125,0.0,0
183,quadrotor_0,quadrotor,1114.1551396327031,769.6371334268053,2,move_east,84.60000000000085,105.88961899382737,0,0.294375,0.125,0.0,0
183,quadrotor_1,quadrotor,1185.0,405.0,2,move_east,85.10000000000082,,,0.294375,0.125,0.0,0
184,fixedwing_0,fixedwing,1516.6949378746538,1073.27809738482,9,change_altitude,86.0000000000008,,,0.294375,0.125,0.0,0
184,quadrotor_0,quadrotor,1129.1551396327031,769.6371334268053,4,hover_inspect,84.50000000000085,106.06015415863446,0,0.294375,0.125,0.0,0
184,quadrotor_1,quadrotor,1200.0,405.0,2,move_east,85.00000000000082,,,0.294375,0.125,0.0,0
185,fixedwing_0,fixedwing,1488.4929068093045,1083.507732949642,8,orbit_candidate,85.9500000000008,,,0.29625,0.125,0.0,0
185,quadrotor_0,quadrotor,1129.1551396327031,769.6371334268053,3,move_west,84.50000000000085,106.06015415863446,0,0.29625,0.125,0.0,0
185,quadrotor_1,quadrotor,1215.0,405.0,2,move_east,84.90000000000083,,,0.29625,0.125,0.0,0
186,fixedwing_0,fixedwing,1458.597116582666,1081.0093881526138,8,orbit_candidate,85.9000000000008,,,0.296875,0.125,0.0,0
186,quadrotor_0,quadrotor,1114.1551396327031,769.6371334268053,4,hover_inspect,84.40000000000086,105.88961899382737,0,0.296875,0.125,0.0,0
186,quadrotor_1,quadrotor,1230.0,405.0,0,move_north,84.80000000000084,,,0.296875,0.125,0.0,0
187,fixedwing_0,fixedwing,1431.9075079202435,1067.3103082766977,7,turn_right,85.8500000000008,,,0.2975,0.125,0.0,0
187,quadrotor_0,quadrotor,1114.1551396327031,769.6371334268053,4,hover_inspect,84.40000000000086,105.88961899382737,0,0.2975,0.125,0.0,0
187,quadrotor_1,quadrotor,1230.0,420.0,2,move_east,84.70000000000084,,,0.2975,0.125,0.0,0
188,fixedwing_0,fixedwing,1401.9290264319222,1066.1742415293704,6,straight,85.70000000000081,,,0.2975,0.125,0.0,0
188,quadrotor_0,quadrotor,1114.1551396327031,769.6371334268053,4,hover_inspect,84.40000000000086,105.88961899382737,0,0.2975,0.125,0.0,0
188,quadrotor_1,quadrotor,1245.0,420.0,0,move_north,84.60000000000085,,,0.2975,0.125,0.0,0
189,fixedwing_0,fixedwing,1371.950544943601,1065.0381747820431,5,turn_left,85.65000000000082,,,0.2975,0.125,0.0,0
189,quadrotor_0,quadrotor,1114.1551396327031,769.6371334268053,2,move_east,84.40000000000086,105.88961899382737,0,0.2975,0.125,0.0,0
189,quadrotor_1,quadrotor,1245.0,435.0,3,move_west,84.50000000000085,,,0.2975,0.125,0.0,0
190,fixedwing_0,fixedwing,1345.2609362811784,1051.339094906127,9,change_altitude,85.50000000000082,,,0.2975,0.125,0.0,0
190,quadrotor_0,quadrotor,1129.1551396327031,769.6371334268053,3,move_west,84.30000000000086,106.06015415863446,0,0.2975,0.125,0.0,0
190,quadrotor_1,quadrotor,1230.0,435.0,2,move_east,84.40000000000086,,,0.2975,0.125,0.0,0
191,fixedwing_0,fixedwing,1318.5713276187557,1037.6400150302109,7,turn_right,85.45000000000083,,,0.2975,0.125,0.0,0
191,quadrotor_0,quadrotor,1114.1551396327031,769.6371334268053,2,move_east,84.20000000000087,105.88961899382737,0,0.2975,0.125,0.0,0
191,quadrotor_1,quadrotor,1245.0,435.0,3,move_west,84.30000000000086,,,0.2975,0.125,0.0,0
192,fixedwing_0,fixedwing,1288.5928461304345,1036.5039482828836,8,orbit_candidate,85.30000000000084,,,0.2975,0.125,0.0,0
192,quadrotor_0,quadrotor,1129.1551396327031,769.6371334268053,4,hover_inspect,84.10000000000088,106.06015415863446,0,0.2975,0.125,0.0,0
192,quadrotor_1,quadrotor,1230.0,435.0,2,move_east,84.20000000000087,,,0.2975,0.125,0.0,0
193,fixedwing_0,fixedwing,1258.9156422526987,1032.1149199166844,6,straight,85.25000000000084,,,0.2975,0.125,0.0,0
193,quadrotor_0,quadrotor,1129.1551396327031,769.6371334268053,2,move_east,84.10000000000088,106.06015415863446,0,0.2975,0.125,0.0,0
193,quadrotor_1,quadrotor,1245.0,435.0,0,move_north,84.10000000000088,,,0.2975,0.125,0.0,0
194,fixedwing_0,fixedwing,1229.238438374963,1027.7258915504851,6,straight,85.20000000000084,,,0.2975,0.125,0.0,0
194,quadrotor_0,quadrotor,1144.1551396327031,769.6371334268053,4,hover_inspect,84.00000000000088,108.32774893649682,0,0.2975,0.125,0.0,0
194,quadrotor_1,quadrotor,1245.0,450.0,2,move_east,84.00000000000088,,,0.2975,0.125,0.0,0
195,fixedwing_0,fixedwing,1199.5612344972271,1023.3368631842859,8,orbit_candidate,85.15000000000084,,,0.29875,0.125,0.0,0
195,quadrotor_0,quadrotor,1144.1551396327031,769.6371334268053,4,hover_inspect,84.00000000000088,108.32774893649682,0,0.29875,0.125,0.0,0
195,quadrotor_1,quadrotor,1260.0,450.0,0,move_north,83.90000000000089,,,0.29875,0.125,0.0,0
196,fixedwing_0,fixedwing,1170.7865159755368,1014.8506641530655,9,change_altitude,85.10000000000085,,,0.3,0.125,0.0,0
196,quadrotor_0,quadrotor,1144.1551396327031,769.6371334268053,10,return_to_base,84.00000000000088,108.32774893649682,0,0.3,0.125,0.0,0
196,quadrotor_1,quadrotor,1260.0,465.0,2,move_east,83.80000000000089,,,0.3,0.125,0.0,0
197,fixedwing_0,fixedwing,1142.0117974538464,1006.3644651218451,9,change_altitude,85.05000000000085,,,0.3,0.125,0.0,0
197,quadrotor_0,quadrotor,1131.7089692711704,761.2649865497073,0,move_north,83.90000000000089,114.62871948767638,0,0.3,0.125,0.0,0
197,quadrotor_1,quadrotor,1275.0,465.0,2,move_east,83.7000000000009,,,0.3,0.125,0.0,0
198,fixedwing_0,fixedwing,1113.237078932156,997.8782660906247,9,change_altitude,85.00000000000085,,,0.300625,0.125,0.0,0
198,quadrotor_0,quadrotor,1131.7089692711704,776.2649865497073,0,move_north,83.80000000000089,99.71213101426324,0,0.300625,0.125,0.0,0
198,quadrotor_1,quadrotor,1290.0,465.0,4,hover_inspect,83.6000000000009,,,0.300625,0.125,0.0,0
199,fixedwing_0,fixedwing,1084.4623604104656,989.3920670594043,6,straight,84.95000000000086,,,0.300625,0.125,0.0,0
199,quadrotor_0,quadrotor,1131.7089692711704,791.2649865497073,0,move_north,83.7000000000009,84.82496573195176,0,0.300625,0.125,0.0,0
199,quadrotor_1,quadrotor,1290.0,465.0,2,move_east,83.6000000000009,,,0.300625,0.125,0.0,0
200,fixedwing_0,fixedwing,1055.6876418887753,980.9058680281839,8,orbit_candidate,84.90000000000086,,,0.30125,0.125,0.0,0
200,quadrotor_0,quadrotor,1131.7089692711704,806.2649865497073,2,move_east,83.6000000000009,69.98600253942203,1,0.30125,0.125,0.0,0
200,quadrotor_1,quadrotor,1305.0,465.0,2,move_east,83.50000000000091,,,0.30125,0.125,0.0,0
201,fixedwing_0,fixedwing,1030.3007957222396,964.9212491175982,6,straight,84.85000000000086,,,0.301875,0.125,0.0,0
201,quadrotor_0,quadrotor,1146.7089692711704,806.2649865497073,0,move_north,83.50000000000091,73.89722816247838,1,0.301875,0.125,0.0,0
201,quadrotor_1,quadrotor,1320.0,465.0,2,move_east,83.40000000000092,,,0.301875,0.125,0.0,0
202,fixedwing_0,fixedwing,1004.913949555704,948.9366302070125,9,change_altitude,84.80000000000086,,,0.3025,0.125,0.0,0
202,quadrotor_0,quadrotor,1146.7089692711704,821.2649865497073,2,move_east,83.40000000000092,60.11294428089997,1,0.3025,0.125,0.0,0
202,quadrotor_1,quadrotor,1335.0,465.0,3,move_west,83.30000000000092,,,0.3025,0.125,0.0,0
203,fixedwing_0,fixedwing,979.5271033891684,932.9520112964268,6,straight,84.75000000000087,,,0.3025,0.125,0.0,0
203,quadrotor_0,quadrotor,1161.7089692711704,821.2649865497073,0,move_north,83.30000000000092,68.0170996791835,1,0.3025,0.125,0.0,0
203,quadrotor_1,quadrotor,1320.0,465.0,4,hover_inspect,83.20000000000093,,,0.3025,0.125,0.0,0
204,fixedwing_0,fixedwing,954.1402572226327,916.9673923858411,9,change_altitude,84.70000000000087,,,0.3025,0.125,0.0,0
204,quadrotor_0,quadrotor,1161.7089692711704,836.2649865497073,4,hover_inspect,83.20000000000093,56.82509646968653,1,0.3025,0.125,0.0,0
204,quadrotor_1,quadrotor,1320.0,465.0,2,move_east,83.20000000000093,,,0.3025,0.125,0.0,0
205,fixedwing_0,fixedwing,928.7534110560971,900.9827734752554,9,change_altitude,84.65000000000087,,,0.3025,0.125,0.125,0
205,quadrotor_0,quadrotor,1161.7089692711704,836.2649865497073,4,hover_inspect,82.95000000000093,90.7953053937287,0,0.3025,0.125,0.125,0
205,quadrotor_1,quadrotor,1335.0,465.0,0,move_north,83.10000000000093,609.2327711382113,0,0.3025,0.125,0.125,0
206,fixedwing_0,fixedwing,903.3665648895615,884.9981545646697,6,straight,84.60000000000088,,,0.3025,0.125,0.125,0
206,quadrotor_0,quadrotor,1161.7089692711704,836.2649865497073,4,hover_inspect,82.95000000000093,90.7953053937287,0,0.3025,0.125,0.125,0
206,quadrotor_1,quadrotor,1335.0,480.0,0,move_north,83.00000000000094,595.3848971724575,0,0.3025,0.125,0.125,0
207,fixedwing_0,fixedwing,877.9797187230258,869.013535654084,8,orbit_candidate,84.55000000000088,,,0.3025,0.125,0.125,0
207,quadrotor_0,quadrotor,1161.7089692711704,836.2649865497073,4,hover_inspect,82.70000000000093,90.7953053937287,0,0.3025,0.125,0.125,0
207,quadrotor_1,quadrotor,1335.0,495.0,0,move_north,82.90000000000094,581.5941730565837,0,0.3025,0.125,0.125,0
208,fixedwing_0,fixedwing,859.8232305931933,845.1317028351555,9,change_altitude,84.50000000000088,,,0.303125,0.125,0.125,0
208,quadrotor_0,quadrotor,1161.7089692711704,836.2649865497073,2,move_east,82.70000000000093,90.7953053937287,0,0.303125,0.125,0.125,0
208,quadrotor_1,quadrotor,1335.0,510.0,0,move_north,82.80000000000095,567.8647624969216,0,0.303125,0.125,0.125,0
209,fixedwing_0,fixedwing,841.6667424633608,821.249870016227,6,straight,84.45000000000088,,,0.30375,0.125,0.125,0
209,quadrotor_0,quadrotor,1176.7089692711704,836.2649865497073,4,hover_inspect,82.60000000000093,105.78362637161801,0,0.30375,0.125,0.125,0
209,quadrotor_1,quadrotor,1335.0,525.0,0,move_north,82.70000000000095,554.2012223353526,0,0.30375,0.125,0.125,0
210,fixedwing_0,fixedwing,823.5102543335283,797.3680371972985,6,straight,84.40000000000089,,,0.304375,0.125,0.125,0
210,quadrotor_0,quadrotor,1176.7089692711704,836.2649865497073,3,move_west,82.60000000000093,105.78362637161801,0,0.304375,0.125,0.125,0
210,quadrotor_1,quadrotor,1335.0,540.0,0,move_north,82.60000000000096,540.608547093285,0,0.304375,0.125,0.125,0
211,fixedwing_0,fixedwing,805.3537662036958,773.48620437837,6,straight,84.35000000000089,,,0.305,0.125,0.125,0
211,quadrotor_0,quadrotor,1161.7089692711704,836.2649865497073,1,move_south,82.50000000000094,90.7953053937287,0,0.305,0.125,0.125,0
211,quadrotor_1,quadrotor,1335.0,555.0,0,move_north,82.50000000000097,527.092219201371,0,0.305,0.125,0.125,0
212,fixedwing_0,fixedwing,787.1972780738633,749.6043715594415,7,turn_right,84.30000000000089,,,0.305625,0.125,0.125,0
212,quadrotor_0,quadrotor,1161.7089692711704,821.2649865497073,1,move_south,82.40000000000094,91.39359978556467,0,0.305625,0.125,0.125,0
212,quadrotor_1,quadrotor,1335.0,570.0,0,move_north,82.40000000000097,513.6582656737257,0,0.305625,0.125,0.125,0
213,fixedwing_0,fixedwing,760.6490128234401,735.6333439596846,9,change_altitude,84.1500000000009,,,0.30625,0.125,0.125,0
213,quadrotor_0,quadrotor,1161.7089692711704,806.2649865497073,4,hover_inspect,82.30000000000095,94.40229171999732,0,0.30625,0.125,0.125,0
213,quadrotor_1,quadrotor,1335.0,585.0,0,move_north,82.30000000000098,500.3133220765298,0,0.30625,0.125,0.125,0
214,fixedwing_0,fixedwing,734.1007475730169,721.6623163599277,8,orbit_candidate,84.1000000000009,,,0.30625,0.125,0.125,0
214,quadrotor_0,quadrotor,1161.7089692711704,806.2649865497073,1,move_south,82.30000000000095,94.40229171999732,0,0.30625,0.125,0.125,0
214,quadrotor_1,quadrotor,1335.0,600.0,2,move_east,82.20000000000098,487.0647047360003,0,0.30625,0.125,0.125,0
215,fixedwing_0,fixedwing,707.110184985495,708.5661516080216,8,orbit_candidate,84.0500000000009,,,0.30625,0.125,0.125,0
215,quadrotor_0,quadrotor,1161.7089692711704,791.2649865497073,4,hover_inspect,82.20000000000095,99.60318911666926,0,0.30625,0.125,0.125,0
215,quadrotor_1,quadrotor,1350.0,600.0,0,move_north,82.10000000000099,480.11750937328884,0,0.30625,0.125,0.125,0
216,fixedwing_0,fixedwing,679.6779110385115,696.4224146997365,8,orbit_candidate,84.00000000000091,,,0.3075,0.125,0.125,0
216,quadrotor_0,quadrotor,1161.7089692711704,791.2649865497073,4,hover_inspect,82.20000000000095,99.60318911666926,0,0.3075,0.125,0.125,0
216,quadrotor_1,quadrotor,1350.0,615.0,2,move_east,82.000000000001,466.77770850708345,0,0.3075,0.125,0.125,0
217,fixedwing_0,fixedwing,651.7806839531029,685.3886156737825,8,orbit_candidate,83.95000000000091,,,0.30875,0.125,0.125,0
217,quadrotor_0,quadrotor,1161.7089692711704,791.2649865497073,4,hover_inspect,82.20000000000095,99.60318911666926,0,0.30875,0.125,0.125,0
217,quadrotor_1,quadrotor,1365.0,615.0,2,move_east,81.900000000001,460.0132882497709,0,0.30875,0.125,0.125,0
218,fixedwing_0,fixedwing,623.3475822508512,675.81998319106,8,orbit_candidate,83.90000000000092,,,0.309375,0.125,0.125,0
218,quadrotor_0,quadrotor,1161.7089692711704,791.2649865497073,4,hover_inspect,82.20000000000095,99.60318911666926,0,0.309375,0.125,0.125,0
218,quadrotor_1,quadrotor,1380.0,615.0,0,move_north,81.800000000001,453.64415743356574,0,0.309375,0.125,0.125,0
219,fixedwing_0,fixedwing,611.856572753809,648.1079514947213,7,turn_right,83.85000000000092,,,0.309375,0.125,0.125,0
219,quadrotor_0,quadrotor,1161.7089692711704,791.2649865497073,1,move_south,82.20000000000095,99.60318911666926,0,0.309375,0.125,0.125,0
219,quadrotor_1,quadrotor,1380.0,630.0,0,move_north,81.70000000000101,440.0132133537849,0,0.309375,0.125,0.125,0
220,fixedwing_0,fixedwing,589.7305707009176,627.8486318330089,5,turn_left,83.70000000000093,,,0.309375,0.125,0.125,0
220,quadrotor_0,quadrotor,1161.7089692711704,776.2649865497073,0,move_north,82.10000000000096,106.67613548697051,0,0.309375,0.125,0.125,0
220,quadrotor_1,quadrotor,1380.0,645.0,2,move_east,81.60000000000102,426.474189463134,0,0.309375,0.125,0.125,0
221,fixedwing_0,fixedwing,578.2395612038754,600.1366001366702,9,change_altitude,83.55000000000094,,,0.309375,0.125,0.125,0
221,quadrotor_0,quadrotor,1161.7089692711704,791.2649865497073,3,move_west,82.00000000000097,99.60318911666926,0,0.309375,0.125,0.125,0
221,quadrotor_1,quadrotor,1395.0,645.0,0,move_north,81.50000000000102,420.13215835672486,0,0.309375,0.125,0.125,0
222,fixedwing_0,fixedwing,566.7485517068332,572.4245684403314,6,straight,83.50000000000094,,,0.310625,0.125,0.125,0
222,quadrotor_0,quadrotor,1146.7089692711704,791.2649865497073,2,move_east,81.90000000000097,86.16499959624768,0,0.310625,0.125,0.125,0
222,quadrotor_1,quadrotor,1395.0,660.0,2,move_east,81.40000000000103,406.48448535927395,0,0.310625,0.125,0.125,0
223,fixedwing_0,fixedwing,555.2575422097909,544.7125367439927,6,straight,83.45000000000094,,,0.311875,0.125,0.125,0
223,quadrotor_0,quadrotor,1161.7089692711704,791.2649865497073,4,hover_inspect,81.80000000000098,99.60318911666926,0,0.311875,0.125,0.125,0
223,quadrotor_1,quadrotor,1410.0,660.0,0,move_north,81.30000000000103,400.3878532685985,0,0.311875,0.125,0.125,0
224,fixedwing_0,fixedwing,543.7665327127487,517.000505047654,8,orbit_candidate,83.40000000000094,,,0.311875,0.125,0.125,0
224,quadrotor_0,quadrotor,1161.7089692711704,791.2649865497073,4,hover_inspect,81.80000000000098,99.60318911666926,0,0.311875,0.125,0.125,0
224,quadrotor_1,quadrotor,1410.0,675.0,2,move_east,81.20000000000104,386.6251923987241,0,0.311875,0.125,0.125,0
225,fixedwing_0,fixedwing,546.5332337767678,487.12835471959164,6,straight,83.35000000000095,,,0.3125,0.125,0.125,0
225,quadrotor_0,quadrotor,1161.7089692711704,791.2649865497073,4,hover_inspect,81.80000000000098,99.60318911666926,0,0.3125,0.125,0.125,0
225,quadrotor_1,quadrotor,1425.0,675.0,2,move_east,81.10000000000105,380.8015698557366,0,0.3125,0.125,0.125,0
226,fixedwing_0,fixedwing,549.2999348407869,457.2562043915293,9,change_altitude,83.30000000000095,,,0.3125,0.125,0.125,0
226,quadrotor_0,quadrotor,1161.7089692711704,791.2649865497073,4,hover_inspect,81.80000000000098,99.60318911666926,0,0.3125,0.125,0.125,0
226,quadrotor_1,quadrotor,1440.0,675.0,0,move_north,81.00000000000105,375.4871926069336,0,0.3125,0.125,0.125,0
227,fixedwing_0,fixedwing,552.066635904806,427.384054063467,6,straight,83.25000000000095,,,0.3125,0.125,0.125,0
227,quadrotor_0,quadrotor,1161.7089692711704,791.2649865497073,2,move_east,81.80000000000098,99.60318911666926,0,0.3125,0.125,0.125,0
227,quadrotor_1,quadrotor,1440.0,690.0,0,move_north,80.90000000000106,361.39900133253013,0,0.3125,0.125,0.125,0
228,fixedwing_0,fixedwing,554.8333369688252,397.51190373540464,9,change_altitude,83.20000000000095,,,0.313125,0.125,0.125,0
228,quadrotor_0,quadrotor,1176.7089692711704,791.2649865497073,0,move_north,81.70000000000098,113.43360793433575,0,0.313125,0.125,0.125,0
228,quadrotor_1,quadrotor,1440.0,705.0,2,move_east,80.80000000000106,347.3871680365637,0,0.313125,0.125,0.125,0
229,fixedwing_0,fixedwing,557.6000380328443,367.6397534073423,7,turn_right,83.15000000000096,,,0.314375,0.125,0.125,0
229,quadrotor_0,quadrotor,1176.7089692711704,806.2649865497073,10,return_to_base,81.60000000000099,108.89527450159208,0,0.314375,0.125,0.125,0
229,quadrotor_1,quadrotor,1455.0,705.0,2,move_east,80.70000000000107,342.2113977115706,0,0.314375,0.125,0.125,0
230,fixedwing_0,fixedwing,547.4830045054648,339.3971325550581,5,turn_left,83.00000000000097,,,0.315,0.125,0.125,0
230,quadrotor_0,quadrotor,1164.3349907153333,797.7865046867979,4,hover_inspect,81.500000000001,99.54971129541062,0,0.315,0.125,0.125,0
230,quadrotor_1,quadrotor,1470.0,705.0,2,move_east,80.60000000000107,337.6232174050679,0,0.315,0.125,0.125,0
231,fixedwing_0,fixedwing,550.2497055694839,309.52498222699575,6,straight,82.85000000000097,,,0.315,0.125,0.125,0
231,quadrotor_0,quadrotor,1164.3349907153333,797.7865046867979,2,move_east,81.500000000001,99.54971129541062,0,0.315,0.125,0.125,0
231,quadrotor_1,quadrotor,1485.0,705.0,0,move_north,80.50000000000108,333.6468689171124,0,0.315,0.125,0.125,0
232,fixedwing_0,fixedwing,553.016406633503,279.6528318989334,5,turn_left,82.80000000000098,,,0.31625,0.125,0.125,0
232,quadrotor_0,quadrotor,1179.3349907153333,797.7865046867979,0,move_north,81.400000000001,113.73352095628672,0,0.31625,0.125,0.125,0
232,quadrotor_1,quadrotor,1485.0,720.0,3,move_west,80.40000000000109,319.12198214868624,0,0.31625,0.125,0.125,0
233,fixedwing_0,fixedwing,568.1484055983287,253.748727835513,6,straight,82.65000000000099,,,0.31875,0.125,0.125,0
233,quadrotor_0,quadrotor,1179.3349907153333,812.7865046867979,4,hover_inspect,81.300000000001,110.09975809693373,0,0.31875,0.125,0.125,0
233,quadrotor_1,quadrotor,1470.0,720.0,0,move_north,80.30000000000109,323.27703797712485,0,0.31875,0.125,0.125,0
234,fixedwing_0,fixedwing,583.2804045631544,227.84462377209258,5,turn_left,82.60000000000099,,,0.319375,0.125,0.125,0
234,quadrotor_0,quadrotor,1179.3349907153333,812.7865046867979,4,hover_inspect,81.300000000001,110.09975809693373,0,0.319375,0.125,0.125,0
234,quadrotor_1,quadrotor,1470.0,735.0,0,move_north,80.2000000000011,308.99296049518193,0,0.319375,0.125,0.125,0
235,fixedwing_0,fixedwing,607.9422004896394,210.76259164238363,5,turn_left,82.450000000001,,,0.321875,0.125,0.125,0
235,quadrotor_0,quadrotor,1179.3349907153333,812.7865046867979,4,hover_inspect,81.300000000001,110.09975809693373,0,0.321875,0.125,0.125,0
235,quadrotor_1,quadrotor,1470.0,750.0,0,move_north,80.1000000000011,294.78001287042974,0,0.321875,0.125,0.125,0
236,fixedwing_0,fixedwing,637.5125569057778,205.70353823067308,5,turn_left,82.300000000001,,,0.325,0.125,0.125,0
236,quadrotor_0,quadrotor,1179.3349907153333,812.7865046867979,4,hover_inspect,81.300000000001,110.09975809693373,0,0.325,0.125,0.125,0
236,quadrotor_1,quadrotor,1470.0,765.0,4,hover_inspect,80.00000000000111,280.64900202958927,0,0.325,0.125,0.125,0
237,fixedwing_0,fixedwing,666.4504495500837,213.61545135624687,6,straight,82.15000000000101,,,0.325625,0.125,0.125,0
237,quadrotor_0,quadrotor,1179.3349907153333,812.7865046867979,4,hover_inspect,81.300000000001,110.09975809693373,0,0.325625,0.125,0.125,0
237,quadrotor_1,quadrotor,1470.0,765.0,2,move_east,80.00000000000111,280.64900202958927,0,0.325625,0.125,0.125,0
238,fixedwing_0,fixedwing,695.3883421943896,221.52736448182065,5,turn_left,82.10000000000102,,,0.3275,0.125,0.125,0
238,quadrotor_0,quadrotor,1179.3349907153333,812.7865046867979,4,hover_inspect,81.300000000001,110.09975809693373,0,0.3275,0.125,0.125,0
238,quadrotor_1,quadrotor,1485.0,765.0,4,hover_inspect,79.90000000000111,275.8526029375967,0,0.3275,0.125,0.125,0
239,fixedwing_0,fixedwing,718.2712606661812,240.9276748456612,6,straight,81.95000000000103,,,0.3275,0.125,0.125,0
239,quadrotor_0,quadrotor,1179.3349907153333,812.7865046867979,4,hover_inspect,81.300000000001,110.09975809693373,0,0.3275,0.125,0.125,0
239,quadrotor_1,quadrotor,1485.0,765.0,0,move_north,79.90000000000111,275.8526029375967,0,0.3275,0.125,0.125,0
240,fixedwing_0,fixedwing,741.1541791379728,260.3279852095017,6,straight,81.90000000000103,,,0.328125,0.125,0.125,0
240,quadrotor_0,quadrotor,1179.3349907153333,812.7865046867979,1,move_south,81.300000000001,110.09975809693373,0,0.328125,0.125,0.125,0
240,quadrotor_1,quadrotor,1485.0,780.0,2,move_east,79.80000000000112,261.5592951889897,0,0.328125,0.125,0.125,0
241,fixedwing_0,fixedwing,764.0370976097645,279.7282955733422,6,straight,81.85000000000103,,,0.328125,0.125,0.125,0
241,quadrotor_0,quadrotor,1179.3349907153333,797.7865046867979,3,move_west,81.20000000000101,113.73352095628672,0,0.328125,0.125,0.125,0
241,quadrotor_1,quadrotor,1500.0,780.0,0,move_north,79.70000000000113,257.2820652649618,0,0.328125,0.125,0.125,0
242,fixedwing_0,fixedwing,786.9200160815561,299.1286059371827,5,turn_left,81.80000000000103,,,0.328125,0.125,0.125,0
242,quadrotor_0,quadrotor,1164.3349907153333,797.7865046867979,2,move_east,81.10000000000102,99.54971129541062,0,0.328125,0.125,0.125,0
242,quadrotor_1,quadrotor,1500.0,795.0,0,move_north,79.60000000000113,242.8222960506669,0,0.328125,0.125,0.125,0
243,fixedwing_0,fixedwing,799.4600578394693,326.38199751896195,5,turn_left,81.65000000000104,,,0.328125,0.125,0.125,0
243,quadrotor_0,quadrotor,1179.3349907153333,797.7865046867979,4,hover_inspect,81.00000000000102,113.73352095628672,0,0.328125,0.125,0.125,0
243,quadrotor_1,quadrotor,1500.0,810.0,3,move_west,79.50000000000114,228.43220834994213,0,0.328125,0.125,0.125,0
244,fixedwing_0,fixedwing,799.3074143576007,356.38160918257256,6,straight,81.50000000000105,,,0.328125,0.125,0.125,0
244,quadrotor_0,quadrotor,1179.3349907153333,797.7865046867979,0,move_north,81.00000000000102,113.73352095628672,0,0.328125,0.125,0.125,0
244,quadrotor_1,quadrotor,1485.0,810.0,0,move_north,79.40000000000114,233.23909964752556,0,0.328125,0.125,0.125,0
245,fixedwing_0,fixedwing,799.1547708757321,386.38122084618317,5,turn_left,81.45000000000105,,,0.328125,0.125,0.125,0
245,quadrotor_0,quadrotor,1179.3349907153333,812.7865046867979,4,hover_inspect,80.90000000000103,110.09975809693373,0,0.328125,0.125,0.125,0
245,quadrotor_1,quadrotor,1485.0,825.0,0,move_north,79.30000000000115,219.24662815355225,0,0.328125,0.125,0.125,0
246,fixedwing_0,fixedwing,786.338045165303,413.5055925820156,6,straight,81.30000000000106,,,0.32875,0.125,0.125,0
246,quadrotor_0,quadrotor,1179.3349907153333,812.7865046867979,4,hover_inspect,80.90000000000103,110.09975809693373,0,0.32875,0.125,0.125,0
246,quadrotor_1,quadrotor,1485.0,840.0,0,move_north,79.20000000000115,205.3964223374294,0,0.32875,0.125,0.125,0
247,fixedwing_0,fixedwing,773.521319454874,440.629964317848,8,orbit_candidate,81.25000000000107,,,0.32875,0.125,0.125,0
247,quadrotor_0,quadrotor,1179.3349907153333,812.7865046867979,0,move_north,80.65000000000103,110.09975809693373,0,0.32875,0.125,0.125,0
247,quadrotor_1,quadrotor,1485.0,855.0,0,move_north,79.10000000000116,191.7193173921953,0,0.32875,0.125,0.125,0
248,fixedwing_0,fixedwing,759.9290734091094,467.37413840177516,6,straight,81.20000000000107,,,0.32875,0.125,0.125,0
248,quadrotor_0,quadrotor,1179.3349907153333,827.7865046867979,2,move_east,80.55000000000103,108.43707703960179,0,0.32875,0.125,0.125,0
248,quadrotor_1,quadrotor,1485.0,870.0,4,hover_inspect,79.00000000000117,178.25516265635332,0,0.32875,0.125,0.125,0
249,fixedwing_0,fixedwing,746.3368273633448,494.1183124857023,8,orbit_candidate,81.15000000000107,,,0.32875,0.125,0.125,0
249,quadrotor_0,quadrotor,1194.3349907153333,827.7865046867979,1,move_south,80.45000000000104,123.4251532184872,0,0.32875,0.125,0.125,0
249,quadrotor_1,quadrotor,1485.0,870.0,3,move_west,79.00000000000117,178.25516265635332,0,0.32875,0.125,0.125,0
250,fixedwing_0,fixedwing,731.9353001286828,520.4355314365962,8,orbit_candidate,81.10000000000107,,,0.32875,0.125,0.125,0
250,quadrotor_0,quadrotor,1194.3349907153333,812.7865046867979,10,return_to_base,80.35000000000105,124.88845224086104,0,0.32875,0.125,0.125,0
250,quadrotor_1,quadrotor,1470.0,870.0,4,hover_inspect,78.90000000000117,185.59123580169395,0,0.32875,0.125,0.125,0
251,fixedwing_0,fixedwing,716.7622687125682,546.315622581057,8,orbit_candidate,81.05000000000108,,,0.32875,0.125,0.125,0
251,quadrotor_0,quadrotor,1181.934177706242,804.3473200867578,4,hover_inspect,80.25000000000105,114.42961019297796,0,0.32875,0.125,0.125,0
251,quadrotor_1,quadrotor,1470.0,870.0,0,move_north,78.90000000000117,185.59123580169395,0,0.32875,0.125,0.125,0
252,fixedwing_0,fixedwing,700.8397790047269,571.7414818881422,8,orbit_candidate,81.00000000000108,,,0.32875,0.125,0.125,0
252,quadrotor_0,quadrotor,1181.934177706242,804.3473200867578,2,move_east,80.25000000000105,114.42961019297796,0,0.32875,0.125,0.125,0
252,quadrotor_1,quadrotor,1470.0,885.0,2,move_east,78.80000000000118,172.95292179871848,0,0.32875,0.125,0.125,0
253,fixedwing_0,fixedwing,684.1706130705908,596.6841943922032,8,orbit_candidate,80.95000000000108,,,0.32875,0.125,0.125,0
253,quadrotor_0,quadrotor,1196.934177706242,804.3473200867578,4,hover_inspect,80.15000000000106,129.02433905569387,0,0.32875,0.125,0.125,0
253,quadrotor_1,quadrotor,1485.0,885.0,4,hover_inspect,78.70000000000118,165.05607945773048,0,0.32875,0.125,0.125,0
254,fixedwing_0,fixedwing,666.7304453280886,621.0940397238186,6,straight,80.90000000000109,,,0.32875,0.125,0.125,0
254,quadrotor_0,quadrotor,1196.934177706242,804.3473200867578,4,hover_inspect,80.15000000000106,129.02433905569387,0,0.32875,0.125,0.125,0
254,quadrotor_1,quadrotor,1485.0,885.0,2,move_east,78.70000000000118,165.05607945773048,0,0.32875,0.125,0.125,0
255,fixedwing_0,fixedwing,649.2902775855865,645.503885055434,8,orbit_candidate,80.85000000000109,,,0.32875,0.125,0.125,0
255,quadrotor_0,quadrotor,1196.934177706242,804.3473200867578,1,move_south,80.15000000000106,129.02433905569387,0,0.32875,0.125,0.125,0
255,quadrotor_1,quadrotor,1500.0,885.0,0,move_north,78.60000000000119,158.19072530714195,0,0.32875,0.125,0.125,0
256,fixedwing_0,fixedwing,630.638951955388,669.0012902789114,8,orbit_candidate,80.80000000000109,,,0.329375,0.125,0.125,0
256,quadrotor_0,quadrotor,1196.934177706242,789.3473200867578,4,hover_inspect,80.05000000000106,133.09324799880213,0,0.329375,0.125,0.125,0
256,quadrotor_1,quadrotor,1500.0,900.0,0,move_north,78.5000000000012,144.7166608428805,0,0.329375,0.125,0.125,0
257,fixedwing_0,fixedwing,610.2515519294238,691.0093324494751,8,orbit_candidate,80.7500000000011,,,0.329375,0.125,0.125,0
257,quadrotor_0,quadrotor,1196.934177706242,789.3473200867578,0,move_north,80.05000000000106,133.09324799880213,0,0.329375,0.125,0.125,0
257,quadrotor_1,quadrotor,1500.0,915.0,4,hover_inspect,78.4000000000012,131.57324301630234,0,0.329375,0.125,0.125,0
258,fixedwing_0,fixedwing,610.3852774156702,721.0090344062334,8,orbit_candidate,80.7000000000011,,,0.329375,0.125,0.125,0
258,quadrotor_0,quadrotor,1196.934177706242,804.3473200867578,0,move_north,79.95000000000107,129.02433905569387,0,0.329375,0.125,0.125,0
258,quadrotor_1,quadrotor,1500.0,915.0,2,move_east,78.4000000000012,131.57324301630234,0,0.329375,0.125,0.125,0
259,fixedwing_0,fixedwing,625.6423321216758,746.8396805789088,5,turn_left,80.6500000000011,,,0.329375,0.125,0.125,0
259,quadrotor_0,quadrotor,1196.934177706242,819.3473200867578,4,hover_inspect,79.85000000000107,126.61258813659353,0,0.329375,0.125,0.125,0
259,quadrotor_1,quadrotor,1515.0,915.0,4,hover_inspect,78.3000000000012,124.66881921743688,0,0.329375,0.125,0.125,0
260,fixedwing_0,fixedwing,628.5534168238378,776.6981062885278,7,turn_right,80.50000000000111,,,0.329375,0.125,0.125,0
260,quadrotor_0,quadrotor,1196.934177706242,819.3473200867578,4,hover_inspect,79.85000000000107,126.61258813659353,0,0.329375,0.125,0.125,0
260,quadrotor_1,quadrotor,1515.0,915.0,4,hover_inspect,78.3000000000012,124.66881921743688,0,0.329375,0.125,0.125,0
261,fixedwing_0,fixedwing,643.8104715298434,802.5287524612032,8,orbit_candidate,80.35000000000112,,,0.329375,0.125,0.125,0
261,quadrotor_0,quadrotor,1196.934177706242,819.3473200867578,4,hover_inspect,79.85000000000107,126.61258813659353,0,0.329375,0.125,0.125,0
261,quadrotor_1,quadrotor,1515.0,915.0,2,move_east,78.3000000000012,124.66881921743688,0,0.329375,0.125,0.125,0
262,fixedwing_0,fixedwing,668.7777325562923,819.1611268207818,8,orbit_candidate,80.30000000000112,,,0.329375,0.125,0.125,0
262,quadrotor_0,quadrotor,1196.934177706242,819.3473200867578,4,hover_inspect,79.85000000000107,126.61258813659353,0,0.329375,0.125,0.125,0
262,quadrotor_1,quadrotor,1530.0,915.0,4,hover_inspect,78.20000000000121,119.26068376591243,0,0.329375,0.125,0.125,0
263,fixedwing_0,fixedwing,698.2428028996273,824.8011294504195,5,turn_left,80.25000000000112,,,0.329375,0.125,0.125,0
263,quadrotor_0,quadrotor,1196.934177706242,819.3473200867578,4,hover_inspect,79.85000000000107,126.61258813659353,0,0.329375,0.125,0.125,0
263,quadrotor_1,quadrotor,1530.0,915.0,4,hover_inspect,78.20000000000121,119.26068376591243,0,0.329375,0.125,0.125,0
264,fixedwing_0,fixedwing,722.5636574898241,842.365184563135,6,straight,80.10000000000113,,,0.329375,0.125,0.125,0
264,quadrotor_0,quadrotor,1196.934177706242,819.3473200867578,2,move_east,79.85000000000107,126.61258813659353,0,0.329375,0.125,0.125,0
264,quadrotor_1,quadrotor,1530.0,915.0,4,hover_inspect,78.20000000000121,119.26068376591243,0,0.329375,0.125,0.125,0
265,fixedwing_0,fixedwing,746.8845120800208,859.9292396758506,8,orbit_candidate,80.05000000000113,,,0.33,0.125,0.125,0
265,quadrotor_0,quadrotor,1211.934177706242,819.3473200867578,4,hover_inspect,79.75000000000108,141.5411313169724,0,0.33,0.125,0.125,0
265,quadrotor_1,quadrotor,1530.0,915.0,2,move_east,78.20000000000121,119.26068376591243,0,0.33,0.125,0.125,0
266,fixedwing_0,fixedwing,776.3483387442465,865.5757357840989,5,turn_left,80.00000000000114,,,0.33,0.125,0.125,0
266,quadrotor_0,quadrotor,1211.934177706242,819.3473200867578,2,move_east,79.75000000000108,141.5411313169724,0,0.33,0.125,0.125,0
266,quadrotor_1,quadrotor,1545.0,915.0,4,hover_inspect,78.10000000000122,115.55910565401577,0,0.33,0.125,0.125,0
267,fixedwing_0,fixedwing,800.6653219157387,883.1451503855409,9,change_altitude,79.85000000000115,,,0.330625,0.125,0.125,0
267,quadrotor_0,quadrotor,1226.934177706242,819.3473200867578,4,hover_inspect,79.65000000000109,156.48334171511738,0,0.330625,0.125,0.125,0
267,quadrotor_1,quadrotor,1545.0,915.0,2,move_east,78.10000000000122,115.55910565401577,0,0.330625,0.125,0.125,0
268,fixedwing_0,fixedwing,824.9823050872309,900.7145649869829,5,turn_left,79.80000000000115,,,0.330625,0.125,0.125,0
268,quadrotor_0,quadrotor,1226.934177706242,819.3473200867578,10,return_to_base,79.65000000000109,156.48334171511738,0,0.330625,0.125,0.125,0
268,quadrotor_1,quadrotor,1560.0,915.0,4,hover_inspect,78.00000000000122,113.73083621779533,0,0.330625,0.125,0.125,0
269,fixedwing_0,fixedwing,839.5958208341304,926.914663412659,5,turn_left,79.65000000000116,,,0.330625,0.125,0.125,0
269,quadrotor_0,quadrotor,1214.4599552835862,811.0170274778447,0,move_north,79.55000000000109,145.04847719995522,0,0.330625,0.125,0.125,0
269,quadrotor_1,quadrotor,1560.0,915.0,4,hover_inspect,78.00000000000122,113.73083621779533,0,0.330625,0.125,0.125,0
270,fixedwing_0,fixedwing,841.7675238974336,956.8359552598511,6,straight,79.50000000000117,,,0.330625,0.125,0.125,0
270,quadrotor_0,quadrotor,1214.4599552835862,826.0170274778447,4,hover_inspect,79.4500000000011,143.6057776193094,0,0.330625,0.125,0.125,0
270,quadrotor_1,quadrotor,1560.0,915.0,1,move_south,78.00000000000122,113.73083621779533,0,0.330625,0.125,0.125,0
271,fixedwing_0,fixedwing,843.9392269607368,986.7572471070431,5,turn_left,79.45000000000117,,,0.330625,0.125,0.125,0
271,quadrotor_0,quadrotor,1214.4599552835862,826.0170274778447,2,move_east,79.4500000000011,143.6057776193094,0,0.330625,0.125,0.125,0
271,quadrotor_1,quadrotor,1560.0,900.0,2,move_east,77.90000000000123,128.70934991089547,0,0.330625,0.125,0.125,0
272,fixedwing_0,fixedwing,833.2621740086435,1014.7929482799797,8,orbit_candidate,79.30000000000118,,,0.33125,0.125,0.125,0
272,quadrotor_0,quadrotor,1229.4599552835862,826.0170274778447,4,hover_inspect,79.3500000000011,158.59236133183916,0,0.33125,0.125,0.125,0
272,quadrotor_1,quadrotor,1575.0,900.0,3,move_west,77.80000000000123,128.82892905604834,0,0.33125,0.125,0.125,0
273,fixedwing_0,fixedwing,833.996718225675,1044.783954345019,8,orbit_candidate,79.25000000000118,,,0.33125,0.125,0.125,0
273,quadrotor_0,quadrotor,1229.4599552835862,826.0170274778447,3,move_west,79.3500000000011,158.59236133183916,0,0.33125,0.125,0.125,0
273,quadrotor_1,quadrotor,1560.0,900.0,4,hover_inspect,77.70000000000124,128.70934991089547,0,0.33125,0.125,0.125,0
274,fixedwing_0,fixedwing,844.7342160695363,1072.7965611507607,5,turn_left,79.20000000000118,,,0.33125,0.125,0.125,0
274,quadrotor_0,quadrotor,1214.4599552835862,826.0170274778447,2,move_east,79.25000000000111,143.6057776193094,0,0.33125,0.125,0.125,0
274,quadrotor_1,quadrotor,1560.0,900.0,4,hover_inspect,77.70000000000124,128.70934991089547,0,0.33125,0.125,0.125,0
275,fixedwing_0,fixedwing,842.6270547836489,1102.7224675082173,8,orbit_candidate,79.05000000000119,,,0.333125,0.125,0.125,0
275,quadrotor_0,quadrotor,1229.4599552835862,826.0170274778447,1,move_south,79.15000000000111,158.59236133183916,0,0.333125,0.125,0.125,0
275,quadrotor_1,quadrotor,1560.0,900.0,2,move_east,77.70000000000124,128.70934991089547,0,0.333125,0.125,0.125,0
276,fixedwing_0,fixedwing,851.6720966632433,1131.3264395644962,8,orbit_candidate,79.0000000000012,,,0.334375,0.125,0.125,0
276,quadrotor_0,quadrotor,1229.4599552835862,811.0170274778447,4,hover_inspect,79.05000000000112,159.89990132951309,0,0.334375,0.125,0.125,0
276,quadrotor_1,quadrotor,1575.0,900.0,4,hover_inspect,77.60000000000124,128.82892905604834,0,0.334375,0.125,0.125,0
277,fixedwing_0,fixedwing,869.506466476877,1155.4497737733188,5,turn_left,78.9500000000012,,,0.335,0.125,0.125,0
277,quadrotor_0,quadrotor,1229.4599552835862,811.0170274778447,10,return_to_base,79.05000000000112,159.89990132951309,0,0.335,0.125,0.125,0
277,quadrotor_1,quadrotor,1575.0,900.0,4,hover_inspect,77.60000000000124,128.82892905604834,0,0.335,0.125,0.125,0
278,fixedwing_0,fixedwing,875.4749331451419,1184.850069785941,8,orbit_candidate,78.8000000000012,,,0.338125,0.125,0.125,0
278,quadrotor_0,quadrotor,1216.9388174374608,802.7574205236169,4,hover_inspect,78.95000000000113,148.92241187440337,0,0.338125,0.125,0.125,0
278,quadrotor_1,quadrotor,1575.0,900.0,2,move_east,77.35000000000124,128.82892905604834,0,0.338125,0.125,0.125,0
279,fixedwing_0,fixedwing,890.9260624871555,1210.5650965612795,6,straight,78.75000000000121,,,0.339375,0.125,0.125,0
279,quadrotor_0,quadrotor,1216.9388174374608,802.7574205236169,3,move_west,78.95000000000113,148.92241187440337,0,0.339375,0.125,0.125,0
279,quadrotor_1,quadrotor,1590.0,900.0,2,move_east,77.25000000000125,130.68163286771156,0,0.339375,0.125,0.125,0
280,fixedwing_0,fixedwing,906.3771918291691,1236.2801233366179,5,turn_left,78.70000000000121,,,0.34125,0.125,0.125,0
280,quadrotor_0,quadrotor,1201.9388174374608,802.7574205236169,0,move_north,78.85000000000113,134.25573055445756,0,0.34125,0.125,0.125,0
280,quadrotor_1,quadrotor,1605.0,900.0,0,move_north,77.15000000000126,134.19569805405223,0,0.34125,0.125,0.125,0
281,fixedwing_0,fixedwing,909.5130307539374,1266.1157817714154,8,orbit_candidate,78.55000000000122,,,0.343125,0.125,0.125,0
281,quadrotor_0,quadrotor,1201.9388174374608,817.7574205236169,4,hover_inspect,78.75000000000114,131.7587629180879,0,0.343125,0.125,0.125,0
281,quadrotor_1,quadrotor,1605.0,915.0,0,move_north,77.05000000000126,119.90451087648043,0,0.343125,0.125,0.125,0
282,fixedwing_0,fixedwing,923.5259374930233,1292.6419659056191,8,orbit_candidate,78.50000000000122,,,0.345625,0.125,0.125,0
282,quadrotor_0,quadrotor,1201.9388174374608,817.7574205236169,3,move_west,78.75000000000114,131.7587629180879,0,0.345625,0.125,0.125,0
282,quadrotor_1,quadrotor,1605.0,930.0,4,hover_inspect,76.95000000000127,105.80972583293875,0,0.345625,0.125,0.125,0
283,fixedwing_0,fixedwing,945.4235524358925,1313.1479274732665,8,orbit_candidate,78.45000000000122,,,0.348125,0.125,0.125,0
283,quadrotor_0,quadrotor,1186.9388174374608,817.7574205236169,4,hover_inspect,78.65000000000114,116.86354450352155,0,0.348125,0.125,0.125,0
283,quadrotor_1,quadrotor,1605.0,930.0,0,move_north,76.70000000000127,105.80972583293875,0,0.348125,0.125,0.125,0
284,fixedwing_0,fixedwing,972.290059626826,1326.496739830908,5,turn_left,78.40000000000123,,,0.349375,0.125,0.125,0
284,quadrotor_0,quadrotor,1186.9388174374608,817.7574205236169,1,move_south,78.65000000000114,116.86354450352155,0,0.349375,0.125,0.125,0
284,quadrotor_1,quadrotor,1605.0,945.0,4,hover_inspect,76.60000000000127,92.0016545131408,0,0.349375,0.125,0.125,0
285,fixedwing_0,fixedwing,990.9979324295559,1349.9491489864058,5,turn_left,78.25000000000124,,,0.351875,0.125,0.125,0
285,quadrotor_0,quadrotor,1186.9388174374608,802.7574205236169,4,hover_inspect,78.55000000000115,119.67170766280884,0,0.351875,0.125,0.125,0
285,quadrotor_1,quadrotor,1605.0,945.0,0,move_north,76.60000000000127,92.0016545131408,0,0.351875,0.125,0.125,0
286,fixedwing_0,fixedwing,998.0416068386331,1379.110538713559,7,turn_right,78.10000000000124,,,0.354375,0.125,0.125,0
286,quadrotor_0,quadrotor,1186.9388174374608,802.7574205236169,4,hover_inspect,78.55000000000115,119.67170766280884,0,0.354375,0.125,0.125,0
286,quadrotor_1,quadrotor,1605.0,960.0,4,hover_inspect,76.50000000000128,78.63148723933037,0,0.354375,0.125,0.125,0
287,fixedwing_0,fixedwing,1016.7494796413631,1402.5629478690569,5,turn_left,77.95000000000125,,,0.355625,0.125,0.125,0
287,quadrotor_0,quadrotor,1186.9388174374608,802.7574205236169,4,hover_inspect,78.55000000000115,119.67170766280884,0,0.355625,0.125,0.125,0
287,quadrotor_1,quadrotor,1605.0,960.0,4,hover_inspect,76.25000000000128,78.63148723933037,0,0.355625,0.125,0.125,0
288,fixedwing_0,fixedwing,1023.7931540504403,1431.72433759621,8,orbit_candidate,77.80000000000126,,,0.3575,0.125,0.125,0
288,quadrotor_0,quadrotor,1186.9388174374608,802.7574205236169,4,hover_inspect,78.55000000000115,119.67170766280884,0,0.3575,0.125,0.125,0
288,quadrotor_1,quadrotor,1605.0,960.0,0,move_north,76.25000000000128,78.63148723933037,0,0.3575,0.125,0.125,0
289,fixedwing_0,fixedwing,1041.874366331172,1455.6632131433012,5,turn_left,77.75000000000126,,,0.360625,0.125,0.125,0
289,quadrotor_0,quadrotor,1186.9388174374608,802.7574205236169,4,hover_inspect,78.55000000000115,119.67170766280884,0,0.360625,0.125,0.125,0
289,quadrotor_1,quadrotor,1605.0,975.0,2,move_east,76.15000000000128,65.96603018056058,1,0.360625,0.125,0.125,0
290,fixedwing_0,fixedwing,1048.1445038485233,1485.0006529687785,8,orbit_candidate,77.60000000000127,,,0.3625,0.125,0.125,0
290,quadrotor_0,quadrotor,1186.9388174374608,802.7574205236169,3,move_west,78.55000000000115,119.67170766280884,0,0.3625,0.125,0.125,0
290,quadrotor_1,quadrotor,1620.0,975.0,10,return_to_base,76.05000000000129,75.71204227218837,0,0.3625,0.125,0.125,0
291,fixedwing_0,fixedwing,1065.879514923965,1509.1971275498813,6,straight,77.55000000000128,,,0.364375,0.125,0.125,0
291,quadrotor_0,quadrotor,1171.9388174374608,802.7574205236169,1,move_south,78.45000000000115,105.20472443362252,0,0.364375,0.125,0.125,0
291,quadrotor_1,quadrotor,1607.148117922617,967.2650709719454,3,move_west,75.9500000000013,73.55158622153581,1,0.364375,0.125,0.125,0
292,fixedwing_0,fixedwing,1083.6145259994066,1533.3936021309842,8,orbit_candidate,77.50000000000128,,,0.3675,0.125,0.125,0
292,quadrotor_0,quadrotor,1171.9388174374608,787.7574205236169,4,hover_inspect,78.35000000000116,110.37329216871565,0,0.3675,0.125,0.125,0
292,quadrotor_1,quadrotor,1592.148117922617,967.2650709719454,2,move_east,75.8500000000013,66.44242688811491,1,0.3675,0.125,0.125,0
293,fixedwing_0,fixedwing,1108.8664394312614,1549.5905422132994,5,turn_left,77.45000000000128,,,0.369375,0.125,0.125,0
293,quadrotor_0,quadrotor,1171.9388174374608,787.7574205236169,2,move_east,78.35000000000116,110.37329216871565,0,0.369375,0.125,0.125,0
293,quadrotor_1,quadrotor,1607.148117922617,967.2650709719454,4,hover_inspect,75.75000000000131,73.55158622153581,1,0.369375,0.125,0.125,0
294,fixedwing_0,fixedwing,1124.9073225490204,1574.9418748962648,8,orbit_candidate,77.30000000000129,,,0.370625,0.125,0.125,0
294,quadrotor_0,quadrotor,1186.9388174374608,787.7574205236169,2,move_east,78.25000000000117,124.23987763974576,0,0.370625,0.125,0.125,0
294,quadrotor_1,quadrotor,1607.148117922617,967.2650709719454,4,hover_inspect,75.50000000000131,73.55158622153581,1,0.370625,0.125,0.125,0
295,fixedwing_0,fixedwing,1149.3397729411818,1592.35036040864,5,turn_left,77.2500000000013,,,0.37375,0.125,0.125,0
295,quadrotor_0,quadrotor,1201.9388174374608,787.7574205236169,4,hover_inspect,78.15000000000117,138.34316306820995,0,0.37375,0.125,0.125,0
295,quadrotor_1,quadrotor,1607.148117922617,967.2650709719454,4,hover_inspect,75.50000000000131,73.55158622153581,1,0.37375,0.125,0.125,0
296,fixedwing_0,fixedwing,1164.125949101206,1618.4534061038214,8,orbit_candidate,77.1000000000013,,,0.375625,0.125,0.125,0
296,quadrotor_0,quadrotor,1201.9388174374608,787.7574205236169,3,move_west,78.15000000000117,138.34316306820995,0,0.375625,0.125,0.125,0
296,quadrotor_1,quadrotor,1607.148117922617,967.2650709719454,4,hover_inspect,75.50000000000131,73.55158622153581,1,0.375625,0.125,0.125,0
297,fixedwing_0,fixedwing,1186.0507416681032,1638.930307014324,5,turn_left,77.0500000000013,,,0.379375,0.125,0.125,0
297,quadrotor_0,quadrotor,1186.9388174374608,787.7574205236169,10,return_to_base,78.05000000000118,124.23987763974576,0,0.379375,0.125,0.125,0
297,quadrotor_1,quadrotor,1607.148117922617,967.2650709719454,4,hover_inspect,75.50000000000131,73.55158622153581,1,0.379375,0.125,0.125,0
298,fixedwing_0,fixedwing,1197.2674396320122,1666.7544994875377,8,orbit_candidate,76.90000000000131,,,0.380625,0.125,0.125,0
298,quadrotor_0,quadrotor,1174.4409096891936,779.4627052231497,4,hover_inspect,77.95000000000118,116.20254410097824,0,0.380625,0.125,0.125,0
298,quadrotor_1,quadrotor,1607.148117922617,967.2650709719454,4,hover_inspect,75.50000000000131,73.55158622153581,1,0.380625,0.125,0.125,0
299,fixedwing_0,fixedwing,1217.0103607109288,1689.3424845077132,5,turn_left,76.85000000000132,,,0.383125,0.125,0.125,0
299,quadrotor_0,quadrotor,1174.4409096891936,779.4627052231497,2,move_east,77.95000000000118,116.20254410097824,0,0.383125,0.125,0.125,0
299,quadrotor_1,quadrotor,1607.148117922617,967.2650709719454,2,move_east,75.50000000000131,73.55158622153581,1,0.383125,0.125,0.125,0
300,fixedwing_0,fixedwing,1225.3574288581497,1718.157870213021,8,orbit_candidate,76.70000000000132,,,0.385,0.125,0.125,0
300,quadrotor_0,quadrotor,1189.4409096891936,779.4627052231497,0,move_north,77.85000000000119,129.73579920311167,0,0.385,0.125,0.125,0
300,quadrotor_1,quadrotor,1622.148117922617,967.2650709719454,4,hover_inspect,75.40000000000131,82.79538381229679,0,0.385,0.125,0.125,0
301,fixedwing_0,fixedwing,1243.3213425733618,1742.1848925843512,8,orbit_candidate,76.65000000000133,,,0.388125,0.125,0.125,0
301,quadrotor_0,quadrotor,1189.4409096891936,794.4627052231497,3,move_west,77.7500000000012,124.37164690897147,0,0.388125,0.125,0.125,0
301,quadrotor_1,quadrotor,1622.148117922617,967.2650709719454,0,move_north,75.40000000000131,82.79538381229679,0,0.388125,0.125,0.125,0
302,fixedwing_0,fixedwing,1267.7787877836872,1759.5582449892247,8,orbit_candidate,76.60000000000133,,,0.389375,0.125,0.125,0
302,quadrotor_0,quadrotor,1174.4409096891936,794.4627052231497,3,move_west,77.6500000000012,110.18148762618682,0,0.389375,0.125,0.125,0
302,quadrotor_1,quadrotor,1622.148117922617,982.2650709719454,4,hover_inspect,75.30000000000132,72.39913025788054,1,0.389375,0.125,0.125,0
303,fixedwing_0,fixedwing,1295.9849981292714,1769.7763513666641,8,orbit_candidate,76.55000000000133,,,0.391875,0.125,0.125,0
303,quadrotor_0,quadrotor,1159.4409096891936,794.4627052231497,2,move_east,77.5500000000012,96.23727903566915,0,0.391875,0.125,0.125,0
303,quadrotor_1,quadrotor,1622.148117922617,982.2650709719454,1,move_south,75.30000000000132,72.39913025788054,1,0.391875,0.125,0.125,0
304,fixedwing_0,fixedwing,1325.7960580166466,1773.1380039946625,7,turn_right,76.50000000000134,,,0.39375,0.125,0.125,0
304,quadrotor_0,quadrotor,1174.4409096891936,794.4627052231497,0,move_north,77.45000000000121,110.18148762618682,0,0.39375,0.125,0.125,0
304,quadrotor_1,quadrotor,1622.148117922617,967.2650709719454,2,move_east,75.20000000000132,82.79538381229679,0,0.39375,0.125,0.125,0
305,fixedwing_0,fixedwing,1354.2347495226113,1763.5859976384793,8,orbit_candidate,76.35000000000134,,,0.39625,0.125,0.125,0
305,quadrotor_0,quadrotor,1174.4409096891936,809.4627052231497,3,move_west,77.35000000000122,105.9570156974012,0,0.39625,0.125,0.125,0
305,quadrotor_1,quadrotor,1637.148117922617,967.2650709719454,1,move_south,75.10000000000133,93.54312014011002,0,0.39625,0.125,0.125,0
306,fixedwing_0,fixedwing,1380.996865850558,1750.0291126847205,5,turn_left,76.30000000000135,,,0.398125,0.125,0.125,0
306,quadrotor_0,quadrotor,1159.4409096891936,809.4627052231497,4,hover_inspect,77.25000000000122,91.37036081886188,0,0.398125,0.125,0.125,0
306,quadrotor_1,quadrotor,1637.148117922617,952.2650709719454,4,hover_inspect,75.00000000000134,103.98921503730587,0,0.398125,0.125,0.125,0
307,fixedwing_0,fixedwing,1410.980967429933,1749.0525613661882,5,turn_left,76.15000000000136,,,0.400625,0.125,0.125,0
307,quadrotor_0,quadrotor,1159.4409096891936,809.4627052231497,2,move_east,77.25000000000122,91.37036081886188,0,0.400625,0.125,0.125,0
307,quadrotor_1,quadrotor,1637.148117922617,952.2650709719454,4,hover_inspect,75.00000000000134,103.98921503730587,0,0.400625,0.125,0.125,0
308,fixedwing_0,fixedwing,1438.5685005993569,1760.8393341910935,6,straight,76.00000000000136,,,0.4025,0.125,0.125,0
308,quadrotor_0,quadrotor,1174.4409096891936,809.4627052231497,4,hover_inspect,77.15000000000123,105.9570156974012,0,0.4025,0.125,0.125,0
308,quadrotor_1,quadrotor,1637.148117922617,952.2650709719454,0,move_north,75.00000000000134,103.98921503730587,0,0.4025,0.125,0.125,0
309,fixedwing_0,fixedwing,1466.1560337687808,1772.6261070159987,5,turn_left,75.95000000000137,,,0.404375,0.125,0.125,0
309,quadrotor_0,quadrotor,1174.4409096891936,809.4627052231497,4,hover_inspect,77.15000000000123,105.9570156974012,0,0.404375,0.125,0.125,0
309,quadrotor_1,quadrotor,1637.148117922617,967.2650709719454,1,move_south,74.90000000000134,93.54312014011002,0,0.404375,0.125,0.125,0
310,fixedwing_0,fixedwing,1486.1775244625678,1794.9675463250182,8,orbit_candidate,75.80000000000138,,,0.4075,0.125,0.125,0
310,quadrotor_0,quadrotor,1174.4409096891936,809.4627052231497,0,move_north,77.15000000000123,105.9570156974012,0,0.4075,0.125,0.125,0
310,quadrotor_1,quadrotor,1637.148117922617,952.2650709719454,4,hover_inspect,74.80000000000135,103.98921503730587,0,0.4075,0.125,0.125,0
311,fixedwing_0,fixedwing,1512.588979402602,1809.1955134303548,5,turn_left,75.75000000000138,,,0.409375,0.125,0.125,0
311,quadrotor_0,quadrotor,1174.4409096891936,824.4627052231497,0,move_north,77.05000000000123,103.7488223329744,0,0.409375,0.125,0.125,0
311,quadrotor_1,quadrotor,1637.148117922617,952.2650709719454,2,move_east,74.80000000000135,103.98921503730587,0,0.409375,0.125,0.125,0
312,fixedwing_0,fixedwing,1530.5128879555616,1833.2523939884227,8,orbit_candidate,75.60000000000139,,,0.411875,0.125,0.125,0
312,quadrotor_0,quadrotor,1174.4409096891936,839.4627052231497,4,hover_inspect,76.95000000000124,103.68580951826945,0,0.411875,0.125,0.125,0
312,quadrotor_1,quadrotor,1652.148117922617,952.2650709719454,3,move_west,74.70000000000135,114.71266969692824,0,0.411875,0.125,0.125,0
313,fixedwing_0,fixedwing,1555.8990681994546,1849.2380704715927,8,orbit_candidate,75.55000000000139,,,0.415,0.125,0.125,0
313,quadrotor_0,quadrotor,1174.4409096891936,839.4627052231497,3,move_west,76.95000000000124,103.68580951826945,0,0.415,0.125,0.125,0
313,quadrotor_1,quadrotor,1637.148117922617,952.2650709719454,10,return_to_base,74.60000000000136,103.98921503730587,0,0.415,0.125,0.125,0
314,fixedwing_0,fixedwing,1585.0105277396262,1856.4853405397596,8,orbit_candidate,75.50000000000139,,,0.416875,0.125,0.125,0
314,quadrotor_0,quadrotor,1159.4409096891936,839.4627052231497,4,hover_inspect,76.85000000000124,88.72655045773243,0,0.416875,0.125,0.125,0
314,quadrotor_1,quadrotor,1624.182006578798,944.7231907939201,3,move_west,74.50000000000136,101.76746034630098,0,0.416875,0.125,0.125,0
315,fixedwing_0,fixedwing,1614.995563466344,1855.5379058626177,9,change_altitude,75.4500000000014,,,0.41875,0.125,0.125,0
315,quadrotor_0,quadrotor,1159.4409096891936,839.4627052231497,4,hover_inspect,76.85000000000124,88.72655045773243,0,0.41875,0.125,0.125,0
315,quadrotor_1,quadrotor,1609.182006578798,944.7231907939201,4,hover_inspect,74.40000000000137,94.07634974173367,0,0.41875,0.125,0.125,0
316,fixedwing_0,fixedwing,1644.9805991930618,1854.5904711854757,8,orbit_candidate,75.4000000000014,,,0.42125,0.125,0.125,0
316,quadrotor_0,quadrotor,1159.4409096891936,839.4627052231497,4,hover_inspect,76.85000000000124,88.72655045773243,0,0.42125,0.125,0.125,0
316,quadrotor_1,quadrotor,1609.182006578798,944.7231907939201,3,move_west,74.40000000000137,94.07634974173367,0,0.42125,0.125,0.125,0
317,fixedwing_0,fixedwing,1673.8396186746709,1846.3955340557527,8,orbit_candidate,75.3500000000014,,,0.4225,0.125,0.125,0
317,quadrotor_0,quadrotor,1159.4409096891936,839.4627052231497,4,hover_inspect,76.85000000000124,88.72655045773243,0,0.4225,0.125,0.125,0
317,quadrotor_1,quadrotor,1594.182006578798,944.7231907939201,1,move_south,74.30000000000138,88.28421815999754,0,0.4225,0.125,0.125,0
318,fixedwing_0,fixedwing,1700.3042614663004,1832.2667449387952,5,turn_left,75.3000000000014,,,0.425,0.25,0.125,0
318,quadrotor_0,quadrotor,1159.4409096891936,839.4627052231497,0,move_north,76.85000000000124,1229.5660516958933,0,0.425,0.25,0.125,0
318,quadrotor_1,quadrotor,1594.182006578798,929.7231907939201,4,hover_inspect,74.20000000000138,,,0.425,0.25,0.125,0
319,fixedwing_0,fixedwing,1730.260457606607,1830.6461546748849,7,turn_right,75.15000000000141,,,0.426875,0.25,0.125,0
319,quadrotor_0,quadrotor,1159.4409096891936,854.4627052231497,0,move_north,76.75000000000125,1216.9849494965931,0,0.426875,0.25,0.125,0
319,quadrotor_1,quadrotor,1594.182006578798,929.7231907939201,2,move_east,74.20000000000138,,,0.426875,0.25,0.125,0
320,fixedwing_0,fixedwing,1756.7251003982365,1816.5173655579274,5,turn_left,75.00000000000142,,,0.43,0.25,0.125,0
320,quadrotor_0,quadrotor,1159.4409096891936,869.4627052231497,2,move_east,76.65000000000126,1204.4592392934776,0,0.43,0.25,0.125,0
320,quadrotor_1,quadrotor,1609.182006578798,929.7231907939201,4,hover_inspect,74.10000000000139,,,0.43,0.25,0.125,0
321,fixedwing_0,fixedwing,1786.681296538543,1814.896775294017,5,turn_left,74.85000000000143,,,0.4325,0.25,0.125,0
321,quadrotor_0,quadrotor,1174.4409096891936,869.4627052231497,2,move_east,76.55000000000126,1196.2290999355514,0,0.4325,0.25,0.125,0
321,quadrotor_1,quadrotor,1609.182006578798,929.7231907939201,4,hover_inspect,74.10000000000139,,,0.4325,0.25,0.125,0
322,fixedwing_0,fixedwing,1814.5157214108276,1826.0880572594192,6,straight,74.70000000000144,,,0.435,0.25,0.125,0
322,quadrotor_0,quadrotor,1189.4409096891936,869.4627052231497,0,move_north,76.45000000000127,1188.1313311018343,0,0.435,0.25,0.125,0
322,quadrotor_1,quadrotor,1609.182006578798,929.7231907939201,4,hover_inspect,74.10000000000139,,,0.435,0.25,0.125,0
323,fixedwing_0,fixedwing,1842.3501462831123,1837.2793392248213,5,turn_left,74.65000000000144,,,0.4375,0.25,0.125,0
323,quadrotor_0,quadrotor,1189.4409096891936,884.4627052231497,0,move_north,76.35000000000127,1175.489579606733,0,0.4375,0.25,0.125,0
323,quadrotor_1,quadrotor,1609.182006578798,929.7231907939201,1,move_south,73.85000000000139,,,0.4375,0.25,0.125,0
324,fixedwing_0,fixedwing,1862.8470621616823,1859.1854214730652,5,turn_left,74.50000000000145,,,0.439375,0.25,0.125,0
324,quadrotor_0,quadrotor,1189.4409096891936,899.4627052231497,0,move_north,76.25000000000128,1162.9038840687615,0,0.439375,0.25,0.125,0
324,quadrotor_1,quadrotor,1609.182006578798,914.7231907939201,2,move_east,73.75000000000139,,,0.439375,0.25,0.125,0
325,fixedwing_0,fixedwing,1872.1656662313637,1887.7014453577606,8,orbit_candidate,74.35000000000146,,,0.44,0.25,0.125,0
325,quadrotor_0,quadrotor,1189.4409096891936,914.4627052231497,0,move_north,76.15000000000128,1150.376084330863,0,0.44,0.25,0.125,0
325,quadrotor_1,quadrotor,1624.182006578798,914.7231907939201,1,move_south,73.6500000000014,,,0.44,0.25,0.125,0
326,fixedwing_0,fixedwing,1896.2040533238996,1905.6501485418182,5,turn_left,74.30000000000146,,,0.440625,0.25,0.125,0
326,quadrotor_0,quadrotor,1189.4409096891936,929.4627052231497,0,move_north,76.05000000000129,1137.9080926061674,0,0.440625,0.25,0.125,0
326,quadrotor_1,quadrotor,1624.182006578798,899.7231907939201,4,hover_inspect,73.5500000000014,,,0.440625,0.25,0.125,0
327,fixedwing_0,fixedwing,1910.40478099352,1932.0762593728368,8,orbit_candidate,74.15000000000147,,,0.440625,0.25,0.125,0
327,quadrotor_0,quadrotor,1189.4409096891936,944.4627052231497,2,move_east,75.9500000000013,1125.5018965052006,0,0.440625,0.25,0.125,0
327,quadrotor_1,quadrotor,1624.182006578798,899.7231907939201,4,hover_inspect,73.5500000000014,,,0.440625,0.25,0.125,0
328,fixedwing_0,fixedwing,1936.1966903836772,1947.3987072846403,5,turn_left,74.10000000000147,,,0.440625,0.25,0.125,0
328,quadrotor_0,quadrotor,1204.4409096891936,944.4627052231497,2,move_east,75.8500000000013,1117.0928875657567,0,0.440625,0.25,0.125,0
328,quadrotor_1,quadrotor,1624.182006578798,899.7231907939201,4,hover_inspect,73.5500000000014,,,0.440625,0.25,0.125,0
329,fixedwing_0,fixedwing,1953.0965524044213,1972.185693057013,5,turn_left,73.95000000000148,,,0.440625,0.25,0.125,0
329,quadrotor_0,quadrotor,1219.4409096891936,944.4627052231497,0,move_north,75.75000000000131,1108.8230336096005,0,0.440625,0.25,0.125,0
329,quadrotor_1,quadrotor,1624.182006578798,899.7231907939201,3,move_west,73.5500000000014,,,0.440625,0.25,0.125,0
330,fixedwing_0,fixedwing,1957.9375961127553,2000.0,8,orbit_candidate,73.80000000000149,,,0.440625,0.25,0.125,0
330,quadrotor_0,quadrotor,1219.4409096891936,959.4627052231497,0,move_north,75.65000000000131,1096.2929406328378,0,0.440625,0.25,0.125,0
330,quadrotor_1,quadrotor,1609.182006578798,899.7231907939201,2,move_east,73.45000000000141,,,0.440625,0.25,0.125,0
331,fixedwing_0,fixedwing,1977.941856932595,2000.0,8,orbit_candidate,73.75000000000149,,,0.440625,0.25,0.125,0
331,quadrotor_0,quadrotor,1219.4409096891936,974.4627052231497,0,move_north,75.55000000000132,1083.825587213917,0,0.440625,0.25,0.125,0
331,quadrotor_1,quadrotor,1624.182006578798,899.7231907939201,2,move_east,73.35000000000142,,,0.440625,0.25,0.125,0
332,fixedwing_0,fixedwing,2000.0,2000.0,9,change_altitude,73.7000000000015,,,0.440625,0.25,0.125,0
332,quadrotor_0,quadrotor,1219.4409096891936,989.4627052231497,0,move_north,75.45000000000132,1071.4231635156061,0,0.440625,0.25,0.125,0
332,quadrotor_1,quadrotor,1639.182006578798,899.7231907939201,10,return_to_base,73.25000000000142,,,0.440625,0.25,0.125,0
333,fixedwing_0,fixedwing,2000.0,2000.0,8,orbit_candidate,73.6500000000015,,,0.440625,0.25,0.125,0
333,quadrotor_0,quadrotor,1219.4409096891936,1004.4627052231497,2,move_east,75.35000000000133,1059.0879506141057,0,0.440625,0.25,0.125,0
333,quadrotor_1,quadrotor,1626.0325843093228,892.5056639336287,4,hover_inspect,73.15000000000143,,,0.440625,0.25,0.125,0
334,fixedwing_0,fixedwing,2000.0,1997.5647922685487,5,turn_left,73.6000000000015,,,0.440625,0.25,0.125,0
334,quadrotor_0,quadrotor,1234.4409096891936,1004.4627052231497,2,move_east,75.25000000000134,1050.5756933934765,0,0.440625,0.25,0.125,0
334,quadrotor_1,quadrotor,1626.0325843093228,892.5056639336287,2,move_east,73.15000000000143,,,0.440625,0.25,0.125,0
335,fixedwing_0,fixedwing,2000.0,2000.0,5,turn_left,73.45000000000151,,,0.440625,0.25,0.125,0
335,quadrotor_0,quadrotor,1249.4409096891936,1004.4627052231497,0,move_north,75.15000000000134,1042.209809953054,0,0.440625,0.25,0.125,0
335,quadrotor_1,quadrotor,1641.0325843093228,892.5056639336287,2,move_east,73.05000000000143,,,0.440625,0.25,0.125,0
336,fixedwing_0,fixedwing,2000.0,2000.0,8,orbit_candidate,73.30000000000152,,,0.44125,0.25,0.125,0
336,quadrotor_0,quadrotor,1249.4409096891936,1019.4627052231497,0,move_north,75.05000000000135,1029.7431620460407,0,0.44125,0.25,0.125,0
336,quadrotor_1,quadrotor,1656.0325843093228,892.5056639336287,4,hover_inspect,72.95000000000144,,,0.44125,0.25,0.125,0
337,fixedwing_0,fixedwing,2000.0,2000.0,5,turn_left,73.25000000000152,,,0.44125,0.25,0.125,0
337,quadrotor_0,quadrotor,1249.4409096891936,1034.4627052231497,0,move_north,74.95000000000135,1017.3449127993788,0,0.44125,0.25,0.125,0
337,quadrotor_1,quadrotor,1656.0325843093228,892.5056639336287,3,move_west,72.95000000000144,,,0.44125,0.25,0.125,0
338,fixedwing_0,fixedwing,2000.0,2000.0,8,orbit_candidate,73.10000000000153,,,0.44125,0.25,0.125,0
338,quadrotor_0,quadrotor,1249.4409096891936,1049.4627052231497,0,move_north,74.85000000000136,1005.0175935857903,0,0.44125,0.25,0.125,0
338,quadrotor_1,quadrotor,1641.0325843093228,892.5056639336287,2,move_east,72.85000000000144,,,0.44125,0.25,0.125,0
339,fixedwing_0,fixedwing,2000.0,2000.0,10,return_to_base,73.05000000000153,,,0.44125,0.25,0.125,0
339,quadrotor_0,quadrotor,1249.4409096891936,1064.4627052231497,2,move_east,74.75000000000136,992.7638466600051,0,0.44125,0.25,0.125,0
339,quadrotor_1,quadrotor,1656.0325843093228,892.5056639336287,4,hover_inspect,72.75000000000145,,,0.44125,0.25,0.125,0
340,fixedwing_0,fixedwing,1978.7867965644036,1978.7867965644036,9,change_altitude,73.00000000000153,,,0.44125,0.25,0.125,0
340,quadrotor_0,quadrotor,1264.4409096891936,1064.4627052231497,2,move_east,74.65000000000137,984.1351815926342,0,0.44125,0.25,0.125,0
340,quadrotor_1,quadrotor,1656.0325843093228,892.5056639336287,4,hover_inspect,72.75000000000145,,,0.44125,0.25,0.125,0
341,fixedwing_0,fixedwing,1957.5735931288073,1957.5735931288073,9,change_altitude,72.95000000000154,,,0.44125,0.25,0.125,0
341,quadrotor_0,quadrotor,1279.4409096891936,1064.4627052231497,0,move_north,74.55000000000138,975.6608304434305,0,0.44125,0.25,0.125,0
341,quadrotor_1,quadrotor,1656.0325843093228,892.5056639336287,4,hover_inspect,72.75000000000145,,,0.44125,0.25,0.125,0
342,fixedwing_0,fixedwing,1936.360389693211,1936.360389693211,6,straight,72.90000000000154,,,0.44125,0.25,0.125,0
342,quadrotor_0,quadrotor,1279.4409096891936,1079.4627052231497,0,move_north,74.45000000000138,963.267225581646,0,0.44125,0.25,0.125,0
342,quadrotor_1,quadrotor,1656.0325843093228,892.5056639336287,1,move_south,72.75000000000145,,,0.44125,0.25,0.125,0
343,fixedwing_0,fixedwing,1915.1471862576145,1915.1471862576145,6,straight,72.85000000000154,,,0.44125,0.25,0.125,0
343,quadrotor_0,quadrotor,1279.4409096891936,1094.4627052231497,0,move_north,74.35000000000139,950.9487050824346,0,0.44125,0.25,0.125,0
343,quadrotor_1,quadrotor,1656.0325843093228,877.5056639336287,3,move_west,72.65000000000146,,,0.44125,0.25,0.125,0
344,fixedwing_0,fixedwing,1893.9339828220182,1893.9339828220182,9,change_altitude,72.80000000000155,,,0.44125,0.25,0.125,0
344,quadrotor_0,quadrotor,1279.4409096891936,1109.4627052231497,2,move_east,74.25000000000139,938.7082249113173,0,0.44125,0.25,0.125,0
344,quadrotor_1,quadrotor,1641.0325843093228,877.5056639336287,4,hover_inspect,72.55000000000146,,,0.44125,0.25,0.125,0
345,fixedwing_0,fixedwing,1872.7207793864218,1872.7207793864218,8,orbit_candidate,72.75000000000155,,,0.44125,0.25,0.125,0
345,quadrotor_0,quadrotor,1294.4409096891936,1109.4627052231497,0,move_north,74.1500000000014,930.061896826955,0,0.44125,0.25,0.125,0
345,quadrotor_1,quadrotor,1641.0325843093228,877.5056639336287,2,move_east,72.55000000000146,,,0.44125,0.25,0.125,0
346,fixedwing_0,fixedwing,1873.8745376507404,1842.7429735649891,5,turn_left,72.70000000000155,,,0.44125,0.25,0.125,0
346,quadrotor_0,quadrotor,1294.4409096891936,1124.4627052231497,0,move_north,74.0500000000014,917.7880058856462,0,0.44125,0.25,0.125,0
346,quadrotor_1,quadrotor,1656.0325843093228,877.5056639336287,1,move_south,72.45000000000147,,,0.44125,0.25,0.125,0
347,fixedwing_0,fixedwing,1887.5893659371045,1816.0614540228876,8,orbit_candidate,72.55000000000156,,,0.443125,0.25,0.125,0
347,quadrotor_0,quadrotor,1294.4409096891936,1139.4627052231497,2,move_east,73.95000000000141,905.5962210421088,0,0.443125,0.25,0.125,0
347,quadrotor_1,quadrotor,1656.0325843093228,862.5056639336287,4,hover_inspect,72.35000000000147,,,0.443125,0.25,0.125,0
348,fixedwing_0,fixedwing,1912.8189339104945,1799.8297289181398,6,straight,72.50000000000156,,,0.44375,0.25,0.125,0
348,quadrotor_0,quadrotor,1309.4409096891936,1139.4627052231497,0,move_north,73.85000000000142,896.8815506960467,0,0.44375,0.25,0.125,0
348,quadrotor_1,quadrotor,1656.0325843093228,862.5056639336287,1,move_south,72.35000000000147,,,0.44375,0.25,0.125,0
349,fixedwing_0,fixedwing,1938.0485018838845,1783.598003813392,10,return_to_base,72.45000000000157,,,0.445625,0.25,0.125,0
349,quadrotor_0,quadrotor,1309.4409096891936,1154.4627052231497,0,move_north,73.75000000000142,884.655982739699,0,0.445625,0.25,0.125,0
349,quadrotor_1,quadrotor,1656.0325843093228,847.5056639336287,1,move_south,72.25000000000148,,,0.445625,0.25,0.125,0
350,fixedwing_0,fixedwing,1915.973939461025,1763.2826477042986,8,orbit_candidate,72.40000000000157,,,0.448125,0.25,0.125,0
350,quadrotor_0,quadrotor,1309.4409096891936,1169.4627052231497,0,move_north,73.65000000000143,872.5169910181348,0,0.448125,0.25,0.125,0
350,quadrotor_1,quadrotor,1656.0325843093228,832.5056639336287,2,move_east,72.15000000000148,,,0.448125,0.25,0.125,0
351,fixedwing_0,fixedwing,1912.1389169736829,1733.5287806863532,6,straight,72.35000000000157,,,0.449375,0.25,0.125,0
351,quadrotor_0,quadrotor,1309.4409096891936,1184.4627052231497,2,move_east,73.55000000000143,860.4682396425433,0,0.449375,0.25,0.125,0
351,quadrotor_1,quadrotor,1671.0325843093228,832.5056639336287,3,move_west,72.05000000000149,,,0.449375,0.25,0.125,0
352,fixedwing_0,fixedwing,1908.3038944863406,1703.7749136684079,9,change_altitude,72.30000000000157,,,0.451875,0.25,0.125,0
352,quadrotor_0,quadrotor,1324.4409096891936,1184.4627052231497,2,move_east,73.45000000000144,851.5559828025015,0,0.451875,0.25,0.125,0
352,quadrotor_1,quadrotor,1656.0325843093228,832.5056639336287,4,hover_inspect,71.9500000000015,,,0.451875,0.25,0.125,0
353,fixedwing_0,fixedwing,1904.4688719989983,1674.0210466504625,5,turn_left,72.25000000000158,,,0.453125,0.25,0.125,0
353,quadrotor_0,quadrotor,1339.4409096891936,1184.4627052231497,2,move_east,73.35000000000144,842.8164641604549,0,0.453125,0.25,0.125,0
353,quadrotor_1,quadrotor,1656.0325843093228,832.5056639336287,4,hover_inspect,71.9500000000015,,,0.453125,0.25,0.125,0
354,fixedwing_0,fixedwing,1913.5676888144474,1645.4341347403085,9,change_altitude,72.10000000000159,,,0.455625,0.25,0.125,0
354,quadrotor_0,quadrotor,1354.4409096891936,1184.4627052231497,0,move_north,73.25000000000145,834.2551124644838,0,0.455625,0.25,0.125,0
354,quadrotor_1,quadrotor,1656.0325843093228,832.5056639336287,1,move_south,71.9500000000015,,,0.455625,0.25,0.125,0
355,fixedwing_0,fixedwing,1922.6665056298964,1616.8472228301546,9,change_altitude,72.05000000000159,,,0.456875,0.25,0.125,0
355,quadrotor_0,quadrotor,1354.4409096891936,1199.4627052231497,2,move_east,73.15000000000146,821.9192688405144,0,0.456875,0.25,0.125,0
355,quadrotor_1,quadrotor,1656.0325843093228,817.5056639336287,1,move_south,71.8500000000015,,,0.456875,0.25,0.125,0
356,fixedwing_0,fixedwing,1931.7653224453454,1588.2603109200006,6,straight,72.00000000000159,,,0.458125,0.25,0.125,0
356,quadrotor_0,quadrotor,1369.4409096891936,1199.4627052231497,0,move_north,73.05000000000146,813.4145836561593,0,0.458125,0.25,0.125,0
356,quadrotor_1,quadrotor,1656.0325843093228,802.5056639336287,4,hover_inspect,71.7500000000015,,,0.458125,0.25,0.125,0
357,fixedwing_0,fixedwing,1940.8641392607944,1559.6733990098467,7,turn_right,71.9500000000016,,,0.46125,0.25,0.125,0
357,quadrotor_0,quadrotor,1369.4409096891936,1214.4627052231497,0,move_north,72.95000000000147,801.0386861586151,0,0.46125,0.25,0.125,0
357,quadrotor_1,quadrotor,1656.0325843093228,802.5056639336287,2,move_east,71.7500000000015,,,0.46125,0.25,0.125,0
358,fixedwing_0,fixedwing,1937.0291167734522,1529.9195319919013,9,change_altitude,71.8000000000016,,,0.4625,0.25,0.125,0
358,quadrotor_0,quadrotor,1369.4409096891936,1229.4627052231497,0,move_north,72.85000000000147,788.7538706978987,0,0.4625,0.25,0.125,0
358,quadrotor_1,quadrotor,1671.0325843093228,802.5056639336287,4,hover_inspect,71.65000000000151,,,0.4625,0.25,0.125,0
359,fixedwing_0,fixedwing,1933.19409428611,1500.165664973956,9,change_altitude,71.7500000000016,,,0.465,0.25,0.125,0
359,quadrotor_0,quadrotor,1369.4409096891936,1244.4627052231497,2,move_east,72.75000000000148,776.5644598866953,0,0.465,0.25,0.125,0
359,quadrotor_1,quadrotor,1671.0325843093228,802.5056639336287,3,move_west,71.65000000000151,,,0.465,0.25,0.125,0
360,fixedwing_0,fixedwing,1929.3590717987677,1470.4117979560106,8,orbit_candidate,71.70000000000161,,,0.46625,0.25,0.125,0
360,quadrotor_0,quadrotor,1384.4409096891936,1244.4627052231497,2,move_east,72.65000000000148,767.8504807397806,0,0.46625,0.25,0.125,0
360,quadrotor_1,quadrotor,1656.0325843093228,802.5056639336287,3,move_west,71.55000000000152,,,0.46625,0.25,0.125,0
361,fixedwing_0,fixedwing,1941.0455171872231,1442.781615289538,9,change_altitude,71.65000000000161,,,0.468125,0.25,0.125,0
361,quadrotor_0,quadrotor,1399.4409096891936,1244.4627052231497,0,move_north,72.55000000000149,759.3328395279037,0,0.468125,0.25,0.125,0
361,quadrotor_1,quadrotor,1641.0325843093228,802.5056639336287,1,move_south,71.45000000000152,,,0.468125,0.25,0.125,0
362,fixedwing_0,fixedwing,1952.7319625756786,1415.1514326230654,6,straight,71.60000000000161,,,0.47125,0.25,0.125,0
362,quadrotor_0,quadrotor,1399.4409096891936,1259.4627052231497,0,move_north,72.4500000000015,746.9645594027245,0,0.47125,0.25,0.125,0
362,quadrotor_1,quadrotor,1641.0325843093228,787.5056639336287,2,move_east,71.35000000000153,,,0.47125,0.25,0.125,0
363,fixedwing_0,fixedwing,1964.418407964134,1387.5212499565928,6,straight,71.55000000000162,,,0.471875,0.25,0.125,0
363,quadrotor_0,quadrotor,1399.4409096891936,1274.4627052231497,2,move_east,72.3500000000015,734.6943206680611,0,0.471875,0.25,0.125,0
363,quadrotor_1,quadrotor,1656.0325843093228,787.5056639336287,1,move_south,71.25000000000153,,,0.471875,0.25,0.125,0
364,fixedwing_0,fixedwing,1976.1048533525895,1359.8910672901202,6,straight,71.50000000000162,,,0.4725,0.25,0.125,0
364,quadrotor_0,quadrotor,1414.4409096891936,1274.4627052231497,0,move_north,72.2500000000015,726.0976141229917,0,0.4725,0.25,0.125,0
364,quadrotor_1,quadrotor,1656.0325843093228,772.5056639336287,0,move_north,71.15000000000154,,,0.4725,0.25,0.125,0
365,fixedwing_0,fixedwing,1987.791298741045,1332.2608846236476,6,straight,71.45000000000162,,,0.473125,0.25,0.125,0
365,quadrotor_0,quadrotor,1414.4409096891936,1289.4627052231497,0,move_north,72.15000000000151,713.783886798587,0,0.473125,0.25,0.125,0
365,quadrotor_1,quadrotor,1656.0325843093228,787.5056639336287,1,move_south,71.05000000000155,,,0.473125,0.25,0.125,0
366,fixedwing_0,fixedwing,1999.4777441295005,1304.630701957175,9,change_altitude,71.40000000000163,,,0.47375,0.25,0.125,0
366,quadrotor_0,quadrotor,1414.4409096891936,1304.4627052231497,2,move_east,72.05000000000152,701.574749311501,0,0.47375,0.25,0.125,0
366,quadrotor_1,quadrotor,1656.0325843093228,772.5056639336287,10,return_to_base,70.95000000000155,,,0.47375,0.25,0.125,0
367,fixedwing_0,fixedwing,2000.0,1277.0005192907024,5,turn_left,71.35000000000163,,,0.47375,0.25,0.125,0
367,quadrotor_0,quadrotor,1429.4409096891936,1304.4627052231497,2,move_east,71.95000000000152,692.8918597333155,0,0.47375,0.25,0.125,0
367,quadrotor_1,quadrotor,1642.4388636634326,766.1644685414732,2,move_east,70.85000000000156,,,0.47375,0.25,0.125,0
368,fixedwing_0,fixedwing,2000.0,1256.8979748188299,9,change_altitude,71.20000000000164,,,0.47375,0.25,0.125,0
368,quadrotor_0,quadrotor,1444.4409096891936,1304.4627052231497,0,move_north,71.85000000000153,684.4275927356302,0,0.47375,0.25,0.125,0
368,quadrotor_1,quadrotor,1657.4388636634326,766.1644685414732,4,hover_inspect,70.75000000000156,,,0.47375,0.25,0.125,0
369,fixedwing_0,fixedwing,2000.0,1236.7954303469573,9,change_altitude,71.15000000000164,,,0.474375,0.25,0.125,0
369,quadrotor_0,quadrotor,1444.4409096891936,1319.4627052231497,0,move_north,71.75000000000153,672.0199561888672,0,0.474375,0.25,0.125,0
369,quadrotor_1,quadrotor,1657.4388636634326,766.1644685414732,4,hover_inspect,70.50000000000156,,,0.474375,0.25,0.125,0
370,fixedwing_0,fixedwing,2000.0,1216.6928858750848,10,return_to_base,71.10000000000164,,,0.474375,0.25,0.125,0
370,quadrotor_0,quadrotor,1444.4409096891936,1334.4627052231497,0,move_north,71.65000000000154,659.7200264765988,0,0.474375,0.25,0.125,0
370,quadrotor_1,quadrotor,1657.4388636634326,766.1644685414732,0,move_north,70.50000000000156,,,0.474375,0.25,0.125,0
371,fixedwing_0,fixedwing,1974.3700690365588,1201.1010085407406,9,change_altitude,71.05000000000165,,,0.475,0.25,0.125,0
371,quadrotor_0,quadrotor,1444.4409096891936,1349.4627052231497,2,move_east,71.55000000000155,647.5339413131034,0,0.475,0.25,0.125,0
371,quadrotor_1,quadrotor,1657.4388636634326,781.1644685414732,3,move_west,70.40000000000157,,,0.475,0.25,0.125,0
372,fixedwing_0,fixedwing,1948.7401380731176,1185.5091312063964,6,straight,71.00000000000165,,,0.47625,0.25,0.125,0
372,quadrotor_0,quadrotor,1459.4409096891936,1349.4627052231497,2,move_east,71.45000000000155,638.8209495356886,0,0.47625,0.25,0.125,0
372,quadrotor_1,quadrotor,1642.4388636634326,781.1644685414732,4,hover_inspect,70.30000000000157,,,0.47625,0.25,0.125,0
373,fixedwing_0,fixedwing,1923.1102071096764,1169.9172538720522,8,orbit_candidate,70.95000000000165,,,0.476875,0.25,0.125,0
373,quadrotor_0,quadrotor,1474.4409096891936,1349.4627052231497,0,move_north,71.35000000000156,630.3445137215647,0,0.476875,0.25,0.125,0
373,quadrotor_1,quadrotor,1642.4388636634326,781.1644685414732,0,move_north,70.30000000000157,,,0.476875,0.25,0.125,0
374,fixedwing_0,fixedwing,1910.1313543471379,1142.8700843164713,5,turn_left,70.90000000000165,,,0.4775,0.25,0.125,0
374,quadrotor_0,quadrotor,1474.4409096891936,1364.4627052231497,2,move_east,71.25000000000156,617.9432804044989,0,0.4775,0.25,0.125,0
374,quadrotor_1,quadrotor,1642.4388636634326,796.1644685414732,4,hover_inspect,70.20000000000158,,,0.4775,0.25,0.125,0
375,fixedwing_0,fixedwing,1909.7991468042326,1112.871923737055,6,straight,70.75000000000166,,,0.478125,0.25,0.125,0
375,quadrotor_0,quadrotor,1489.4409096891936,1364.4627052231497,2,move_east,71.15000000000157,609.5456489962587,0,0.478125,0.25,0.125,0
375,quadrotor_1,quadrotor,1642.4388636634326,796.1644685414732,2,move_east,70.20000000000158,,,0.478125,0.25,0.125,0
376,fixedwing_0,fixedwing,1909.4669392613273,1082.873763157639,6,straight,70.70000000000167,,,0.47875,0.25,0.125,0
376,quadrotor_0,quadrotor,1504.4409096891936,1364.4627052231497,2,move_east,71.05000000000157,601.4049373121802,0,0.47875,0.25,0.125,0
376,quadrotor_1,quadrotor,1657.4388636634326,796.1644685414732,2,move_east,70.10000000000159,,,0.47875,0.25,0.125,0
377,fixedwing_0,fixedwing,1909.134731718422,1052.8756025782227,6,straight,70.65000000000167,,,0.480625,0.25,0.125,0
377,quadrotor_0,quadrotor,1519.4409096891936,1364.4627052231497,0,move_north,70.95000000000158,593.5317169593084,0,0.480625,0.25,0.125,0
377,quadrotor_1,quadrotor,1672.4388636634326,796.1644685414732,1,move_south,70.00000000000159,,,0.480625,0.25,0.125,0
378,fixedwing_0,fixedwing,1908.8025241755167,1022.8774419988066,6,straight,70.60000000000167,,,0.481875,0.25,0.125,0
378,quadrotor_0,quadrotor,1519.4409096891936,1379.4627052231497,0,move_north,70.85000000000159,580.7319440627163,0,0.481875,0.25,0.125,0
378,quadrotor_1,quadrotor,1672.4388636634326,781.1644685414732,0,move_north,69.9000000000016,,,0.481875,0.25,0.125,0
379,fixedwing_0,fixedwing,1908.4703166326115,992.8792814193905,9,change_altitude,70.55000000000167,,,0.48375,0.25,0.125,0
379,quadrotor_0,quadrotor,1519.4409096891936,1394.4627052231497,0,move_north,70.75000000000159,568.0398601093581,0,0.48375,0.25,0.125,0
379,quadrotor_1,quadrotor,1672.4388636634326,796.1644685414732,2,move_east,69.8000000000016,,,0.48375,0.25,0.125,0
380,fixedwing_0,fixedwing,1908.1381090897062,962.8811208399744,9,change_altitude,70.50000000000168,,,0.485625,0.25,0.125,0
380,quadrotor_0,quadrotor,1519.4409096891936,1409.4627052231497,0,move_north,70.6500000000016,555.462847084534,0,0.485625,0.25,0.125,0
380,quadrotor_1,quadrotor,1687.4388636634326,796.1644685414732,4,hover_inspect,69.70000000000161,,,0.485625,0.25,0.125,0
381,fixedwing_0,fixedwing,1907.805901546801,932.8829602605583,5,turn_left,70.45000000000168,,,0.488125,0.25,0.125,0
381,quadrotor_0,quadrotor,1519.4409096891936,1424.4627052231497,0,move_north,70.5500000000016,543.0089007644845,0,0.488125,0.25,0.125,0
381,quadrotor_1,quadrotor,1687.4388636634326,796.1644685414732,4,hover_inspect,69.70000000000161,,,0.488125,0.25,0.125,0
382,fixedwing_0,fixedwing,1920.1825897432448,905.5549967563378,5,turn_left,70.30000000000169,,,0.490625,0.25,0.125,0
382,quadrotor_0,quadrotor,1519.4409096891936,1439.4627052231497,0,move_north,70.45000000000161,530.6866854629491,0,0.490625,0.25,0.125,0
382,quadrotor_1,quadrotor,1687.4388636634326,796.1644685414732,0,move_north,69.70000000000161,,,0.490625,0.25,0.125,0
383,fixedwing_0,fixedwing,1942.9489750664734,886.0180650802971,6,straight,70.1500000000017,,,0.49125,0.25,0.125,0
383,quadrotor_0,quadrotor,1519.4409096891936,1454.4627052231497,0,move_north,70.35000000000161,518.5055929745101,0,0.49125,0.25,0.125,0
383,quadrotor_1,quadrotor,1687.4388636634326,811.1644685414732,3,move_west,69.60000000000161,,,0.49125,0.25,0.125,0
384,fixedwing_0,fixedwing,1965.715360389702,866.4811334042564,9,change_altitude,70.1000000000017,,,0.493125,0.25,0.125,0
384,quadrotor_0,quadrotor,1519.4409096891936,1469.4627052231497,2,move_east,70.25000000000162,506.47580570452294,0,0.493125,0.25,0.125,0
384,quadrotor_1,quadrotor,1672.4388636634326,811.1644685414732,4,hover_inspect,69.50000000000162,,,0.493125,0.25,0.125,0
385,fixedwing_0,fixedwing,1988.4817457129307,846.9442017282157,5,turn_left,70.0500000000017,,,0.49375,0.25,0.125,0
385,quadrotor_0,quadrotor,1534.4409096891936,1469.4627052231497,0,move_north,70.15000000000163,497.55375807770037,0,0.49375,0.25,0.125,0
385,quadrotor_1,quadrotor,1672.4388636634326,811.1644685414732,2,move_east,69.50000000000162,,,0.49375,0.25,0.125,0
386,fixedwing_0,fixedwing,2000.0,838.8592186068389,7,turn_right,69.90000000000171,,,0.49375,0.25,0.125,0
386,quadrotor_0,quadrotor,1534.4409096891936,1484.4627052231497,0,move_north,70.05000000000163,485.4682626036846,0,0.49375,0.25,0.125,0
386,quadrotor_1,quadrotor,1687.4388636634326,811.1644685414732,2,move_east,69.40000000000163,,,0.49375,0.25,0.125,0
387,fixedwing_0,fixedwing,2000.0,819.3222869307982,9,change_altitude,69.75000000000172,,,0.495,0.25,0.125,0
387,quadrotor_0,quadrotor,1534.4409096891936,1499.4627052231497,2,move_east,69.95000000000164,473.54949668818927,0,0.495,0.25,0.125,0
387,quadrotor_1,quadrotor,1702.4388636634326,811.1644685414732,0,move_north,69.30000000000163,,,0.495,0.25,0.125,0
388,fixedwing_0,fixedwing,2000.0,799.7853552547575,5,turn_left,69.70000000000172,,,0.49625,0.25,0.125,0
388,quadrotor_0,quadrotor,1549.4409096891936,1499.4627052231497,0,move_north,69.85000000000164,464.4794142121204,0,0.49625,0.25,0.125,0
388,quadrotor_1,quadrotor,1702.4388636634326,826.1644685414732,4,hover_inspect,69.20000000000164,,,0.49625,0.25,0.125,0
389,fixedwing_0,fixedwing,2000.0,791.7003721333807,6,straight,69.55000000000173,,,0.4975,0.25,0.125,0
389,quadrotor_0,quadrotor,1549.4409096891936,1514.4627052231497,0,move_north,69.75000000000165,452.505047535419,0,0.4975,0.25,0.125,0
389,quadrotor_1,quadrotor,1702.4388636634326,826.1644685414732,4,hover_inspect,69.20000000000164,,,0.4975,0.25,0.125,0
390,fixedwing_0,fixedwing,2000.0,783.6153890120039,9,change_altitude,69.50000000000173,,,0.4975,0.25,0.125,0
390,quadrotor_0,quadrotor,1549.4409096891936,1529.4627052231497,0,move_north,69.65000000000165,440.7159060701453,0,0.4975,0.25,0.125,0
390,quadrotor_1,quadrotor,1702.4388636634326,826.1644685414732,2,move_east,69.20000000000164,,,0.4975,0.25,0.125,0
391,fixedwing_0,fixedwing,2000.0,775.5304058906271,6,straight,69.45000000000174,,,0.4975,0.25,0.125,0
391,quadrotor_0,quadrotor,1549.4409096891936,1544.4627052231497,2,move_east,69.55000000000166,429.12725581280256,0,0.4975,0.25,0.125,0
391,quadrotor_1,quadrotor,1717.4388636634326,826.1644685414732,4,hover_inspect,69.10000000000164,,,0.4975,0.25,0.125,0
392,fixedwing_0,fixedwing,2000.0,767.4454227692503,5,turn_left,69.40000000000174,,,0.499375,0.25,0.125,0
392,quadrotor_0,quadrotor,1564.4409096891936,1544.4627052231497,0,move_north,69.45000000000167,419.63341393962367,0,0.499375,0.25,0.125,0
392,quadrotor_1,quadrotor,1717.4388636634326,826.1644685414732,0,move_north,69.10000000000164,,,0.499375,0.25,0.125,0
393,fixedwing_0,fixedwing,2000.0,772.3273881233636,6,straight,69.25000000000175,,,0.5,0.25,0.125,0
393,quadrotor_0,quadrotor,1564.4409096891936,1559.4627052231497,2,move_east,69.35000000000167,407.9974190026462,0,0.5,0.25,0.125,0
393,quadrotor_1,quadrotor,1717.4388636634326,841.1644685414732,10,return_to_base,69.00000000000165,,,0.5,0.25,0.125,0
394,fixedwing_0,fixedwing,2000.0,777.2093534774768,5,turn_left,69.20000000000175,,,0.5,0.25,0.125,0
394,quadrotor_0,quadrotor,1579.4409096891936,1559.4627052231497,2,move_east,69.25000000000168,398.56479313408755,0,0.5,0.25,0.125,0
394,quadrotor_1,quadrotor,1703.9678298523359,834.5666470782714,4,hover_inspect,68.90000000000165,,,0.5,0.25,0.125,0
395,fixedwing_0,fixedwing,2000.0,794.1434630318057,5,turn_left,69.05000000000176,,,0.500625,0.25,0.125,0
395,quadrotor_0,quadrotor,1594.4409096891936,1559.4627052231497,0,move_north,69.15000000000168,389.48157175817073,0,0.500625,0.25,0.125,0
395,quadrotor_1,quadrotor,1703.9678298523359,834.5666470782714,2,move_east,68.90000000000165,,,0.500625,0.25,0.125,0
396,fixedwing_0,fixedwing,2000.0,819.9565283889324,5,turn_left,68.90000000000177,,,0.500625,0.25,0.125,0
396,quadrotor_0,quadrotor,1594.4409096891936,1574.4627052231497,2,move_east,69.05000000000169,377.5123660986649,0,0.500625,0.25,0.125,0
396,quadrotor_1,quadrotor,1718.9678298523359,834.5666470782714,1,move_south,68.80000000000166,,,0.500625,0.25,0.125,0
397,fixedwing_0,fixedwing,2000.0,849.8115831155033,7,turn_right,68.75000000000178,,,0.501875,0.25,0.125,0
397,quadrotor_0,quadrotor,1609.4409096891936,1574.4627052231497,0,move_north,68.9500000000017,368.5208094132671,0,0.501875,0.25,0.125,0
397,quadrotor_1,quadrotor,1718.9678298523359,819.5666470782714,2,move_east,68.70000000000167,,,0.501875,0.25,0.125,0
398,fixedwing_0,fixedwing,2000.0,875.6246484726299,5,turn_left,68.60000000000178,,,0.5025,0.25,0.125,0
398,quadrotor_0,quadrotor,1609.4409096891936,1589.4627052231497,0,move_north,68.8500000000017,356.47900189044356,0,0.5025,0.25,0.125,0
398,quadrotor_1,quadrotor,1733.9678298523359,819.5666470782714,4,hover_inspect,68.60000000000167,,,0.5025,0.25,0.125,0
399,fixedwing_0,fixedwing,2000.0,905.4797031992008,6,straight,68.4500000000018,,,0.503125,0.25,0.125,0
399,quadrotor_0,quadrotor,1609.4409096891936,1604.4627052231497,2,move_east,68.7500000000017,344.6693641840019,0,0.503125,0.25,0.125,0
399,quadrotor_1,quadrotor,1733.9678298523359,819.5666470782714,2,move_east,68.60000000000167,,,0.503125,0.25,0.125,0
400,fixedwing_0,fixedwing,2000.0,935.3347579257717,8,orbit_candidate,68.4000000000018,,,0.503125,0.25,0.125,0
400,quadrotor_0,quadrotor,1624.4409096891936,1604.4627052231497,2,move_east,68.65000000000171,335.4682861616002,0,0.503125,0.25,0.125,0
400,quadrotor_1,quadrotor,1748.9678298523359,819.5666470782714,4,hover_inspect,68.50000000000168,,,0.503125,0.25,0.125,0
401,fixedwing_0,fixedwing,2000.0,965.263952085543,8,orbit_candidate,68.3500000000018,,,0.503125,0.25,0.125,0
401,quadrotor_0,quadrotor,1639.4409096891936,1604.4627052231497,2,move_east,68.55000000000172,326.6970637048922,0,0.503125,0.25,0.125,0
401,quadrotor_1,quadrotor,1748.9678298523359,819.5666470782714,1,move_south,68.50000000000168,,,0.503125,0.25,0.125,0
402,fixedwing_0,fixedwing,2000.0,995.2372470803064,8,orbit_candidate,68.3000000000018,,,0.504375,0.25,0.125,0
402,quadrotor_0,quadrotor,1654.4409096891936,1604.4627052231497,2,move_east,68.45000000000172,318.3912245125413,0,0.504375,0.25,0.125,0
402,quadrotor_1,quadrotor,1748.9678298523359,804.5666470782714,2,move_east,68.40000000000168,,,0.504375,0.25,0.125,0
403,fixedwing_0,fixedwing,2000.0,1025.2323640887794,8,orbit_candidate,68.2500000000018,,,0.505625,0.25,0.125,0
403,quadrotor_0,quadrotor,1669.4409096891936,1604.4627052231497,0,move_north,68.35000000000173,310.5881070804106,0,0.505625,0.25,0.125,0
403,quadrotor_1,quadrotor,1763.9678298523359,804.5666470782714,2,move_east,68.30000000000169,,,0.505625,0.25,0.125,0
404,fixedwing_0,fixedwing,1999.8663634174143,1055.2320664416993,5,turn_left,68.20000000000181,,,0.505625,0.25,0.125,0
404,quadrotor_0,quadrotor,1669.4409096891936,1619.4627052231497,1,move_south,68.25000000000173,297.715743752308,0,0.505625,0.25,0.125,0
404,quadrotor_1,quadrotor,1778.9678298523359,804.5666470782714,4,hover_inspect,68.2000000000017,,,0.505625,0.25,0.125,0
405,fixedwing_0,fixedwing,1987.0668254808545,1082.364553032695,5,turn_left,68.05000000000182,,,0.505625,0.25,0.125,0
405,quadrotor_0,quadrotor,1669.4409096891936,1604.4627052231497,2,move_east,68.15000000000174,310.5881070804106,0,0.505625,0.25,0.125,0
405,quadrotor_1,quadrotor,1778.9678298523359,804.5666470782714,1,move_south,68.2000000000017,,,0.505625,0.25,0.125,0
406,fixedwing_0,fixedwing,1963.9998202586899,1101.545618437949,8,orbit_candidate,67.90000000000182,,,0.50625,0.25,0.125,0
406,quadrotor_0,quadrotor,1684.4409096891936,1604.4627052231497,2,move_east,68.05000000000175,303.3265116553278,0,0.50625,0.25,0.125,0
406,quadrotor_1,quadrotor,1778.9678298523359,789.5666470782714,2,move_east,68.1000000000017,,,0.50625,0.25,0.125,0
407,fixedwing_0,fixedwing,1943.6538081132264,1123.591928554988,7,turn_right,67.85000000000183,,,0.506875,0.25,0.125,0
407,quadrotor_0,quadrotor,1699.4409096891936,1604.4627052231497,2,move_east,67.95000000000175,296.64620861589793,0,0.506875,0.25,0.125,0
407,quadrotor_1,quadrotor,1793.9678298523359,789.5666470782714,4,hover_inspect,68.0000000000017,,,0.506875,0.25,0.125,0
408,fixedwing_0,fixedwing,1934.53123213011,1152.1712673757563,9,change_altitude,67.70000000000184,,,0.5075,0.25,0.125,0
408,quadrotor_0,quadrotor,1714.4409096891936,1604.4627052231497,3,move_west,67.85000000000176,290.5872906707792,0,0.5075,0.25,0.125,0
408,quadrotor_1,quadrotor,1793.9678298523359,789.5666470782714,0,move_north,68.0000000000017,,,0.5075,0.25,0.125,0
409,fixedwing_0,fixedwing,1925.4086561469937,1180.7506061965246,6,straight,67.65000000000184,,,0.5075,0.25,0.125,0
409,quadrotor_0,quadrotor,1699.4409096891936,1604.4627052231497,0,move_north,67.75000000000176,296.64620861589793,0,0.5075,0.25,0.125,0
409,quadrotor_1,quadrotor,1793.9678298523359,804.5666470782714,2,move_east,67.90000000000171,,,0.5075,0.25,0.125,0
410,fixedwing_0,fixedwing,1916.2860801638774,1209.3299450172929,8,orbit_candidate,67.60000000000184,,,0.50875,0.25,0.125,0
410,quadrotor_0,quadrotor,1699.4409096891936,1619.4627052231497,2,move_east,67.65000000000177,283.1407157305077,0,0.50875,0.25,0.125,0
410,quadrotor_1,quadrotor,1808.9678298523359,804.5666470782714,4,hover_inspect,67.80000000000172,,,0.50875,0.25,0.125,0
411,fixedwing_0,fixedwing,1910.7566040474276,1238.8159568513406,6,straight,67.55000000000184,,,0.509375,0.25,0.125,0
411,quadrotor_0,quadrotor,1714.4409096891936,1619.4627052231497,0,move_north,67.55000000000177,276.78631707073464,0,0.509375,0.25,0.125,0
411,quadrotor_1,quadrotor,1808.9678298523359,804.5666470782714,2,move_east,67.80000000000172,,,0.509375,0.25,0.125,0
412,fixedwing_0,fixedwing,1905.2271279309778,1268.3019686853884,6,straight,67.50000000000185,,,0.51,0.25,0.125,0
412,quadrotor_0,quadrotor,1714.4409096891936,1634.4627052231497,4,hover_inspect,67.45000000000178,263.1166226899748,0,0.51,0.25,0.125,0
412,quadrotor_1,quadrotor,1823.9678298523359,804.5666470782714,2,move_east,67.70000000000172,,,0.51,0.25,0.125,0
413,fixedwing_0,fixedwing,1899.697651814528,1297.7879805194361,8,orbit_candidate,67.45000000000185,,,0.510625,0.25,0.25,0
413,quadrotor_0,quadrotor,1714.4409096891936,1634.4627052231497,4,hover_inspect,67.20000000000178,263.1166226899748,0,0.510625,0.25,0.25,0
413,quadrotor_1,quadrotor,1838.9678298523359,804.5666470782714,4,hover_inspect,67.60000000000173,,,0.510625,0.25,0.25,0
414,fixedwing_0,fixedwing,1902.2872525551152,1327.6760043417692,8,orbit_candidate,67.40000000000185,,,0.510625,0.25,0.25,0
414,quadrotor_0,quadrotor,1714.4409096891936,1634.4627052231497,0,move_north,67.20000000000178,263.1166226899748,0,0.510625,0.25,0.25,0
414,quadrotor_1,quadrotor,1838.9678298523359,804.5666470782714,4,hover_inspect,67.60000000000173,,,0.510625,0.25,0.25,0
415,fixedwing_0,fixedwing,1913.5086777392844,1355.4982906754997,6,straight,67.35000000000186,,,0.510625,0.25,0.25,0
415,quadrotor_0,quadrotor,1714.4409096891936,1649.4627052231497,2,move_east,67.10000000000178,249.5997775519359,0,0.510625,0.25,0.25,0
415,quadrotor_1,quadrotor,1838.9678298523359,804.5666470782714,4,hover_inspect,67.60000000000173,,,0.510625,0.25,0.25,0
416,fixedwing_0,fixedwing,1924.7301029234536,1383.3205770092302,5,turn_left,67.30000000000186,,,0.510625,0.25,0.25,0
416,quadrotor_0,quadrotor,1729.4409096891936,1649.4627052231497,2,move_east,67.00000000000179,243.2941622135085,0,0.510625,0.25,0.25,0
416,quadrotor_1,quadrotor,1838.9678298523359,804.5666470782714,10,return_to_base,67.60000000000173,,,0.510625,0.25,0.25,0
417,fixedwing_0,fixedwing,1923.1419616615021,1413.2785109722406,8,orbit_candidate,67.15000000000187,,,0.51125,0.25,0.25,0
417,quadrotor_0,quadrotor,1744.4409096891936,1649.4627052231497,0,move_north,66.9000000000018,237.76889994355886,0,0.51125,0.25,0.25,0
417,quadrotor_1,quadrotor,1825.2255198313899,798.5542502776431,2,move_east,67.50000000000173,,,0.51125,0.25,0.25,0
418,fixedwing_0,fixedwing,1934.1665016341747,1441.1793983844886,5,turn_left,67.10000000000187,,,0.51125,0.25,0.25,0
418,quadrotor_0,quadrotor,1744.4409096891936,1664.4627052231497,0,move_north,66.8000000000018,223.72693534433313,0,0.51125,0.25,0.25,0
418,quadrotor_1,quadrotor,1840.2255198313899,798.5542502776431,4,hover_inspect,67.40000000000174,,,0.51125,0.25,0.25,0
419,fixedwing_0,fixedwing,1932.3667035207172,1471.1253618311837,8,orbit_candidate,66.95000000000188,,,0.51125,0.25,0.25,0
419,quadrotor_0,quadrotor,1744.4409096891936,1679.4627052231497,2,move_east,66.70000000000181,209.81761941449227,0,0.51125,0.25,0.25,0
419,quadrotor_1,quadrotor,1840.2255198313899,798.5542502776431,4,hover_inspect,67.40000000000174,,,0.51125,0.25,0.25,0
420,fixedwing_0,fixedwing,1943.867337677213,1498.8334006285877,8,orbit_candidate,66.90000000000188,,,0.51125,0.25,0.25,0
420,quadrotor_0,quadrotor,1759.4409096891936,1679.4627052231497,0,move_north,66.60000000000181,204.488224184088,0,0.51125,0.25,0.25,0
420,quadrotor_1,quadrotor,1840.2255198313899,798.5542502776431,2,move_east,67.40000000000174,,,0.51125,0.25,0.25,0
421,fixedwing_0,fixedwing,1965.1930957533393,1519.9334490284973,5,turn_left,66.85000000000188,,,0.51125,0.25,0.25,0
421,quadrotor_0,quadrotor,1759.4409096891936,1694.4627052231497,0,move_north,66.50000000000182,190.3552616771051,0,0.51125,0.25,0.25,0
421,quadrotor_1,quadrotor,1855.2255198313899,798.5542502776431,0,move_north,67.30000000000175,,,0.51125,0.25,0.25,0
422,fixedwing_0,fixedwing,1975.603530584778,1548.069242008621,5,turn_left,66.70000000000189,,,0.51125,0.25,0.25,0
422,quadrotor_0,quadrotor,1759.4409096891936,1709.4627052231497,4,hover_inspect,66.40000000000182,176.36557902934592,0,0.51125,0.25,0.25,0
422,quadrotor_1,quadrotor,1855.2255198313899,813.5542502776431,1,move_south,67.20000000000175,,,0.51125,0.25,0.25,0
423,fixedwing_0,fixedwing,1973.1478888169922,1577.9685701533854,8,orbit_candidate,66.5500000000019,,,0.51125,0.25,0.25,0
423,quadrotor_0,quadrotor,1759.4409096891936,1709.4627052231497,0,move_north,66.40000000000182,176.36557902934592,0,0.51125,0.25,0.25,0
423,quadrotor_1,quadrotor,1855.2255198313899,798.5542502776431,2,move_east,67.10000000000176,,,0.51125,0.25,0.25,0
424,fixedwing_0,fixedwing,1985.0030489447463,1605.5267845067376,8,orbit_candidate,66.5000000000019,,,0.51125,0.25,0.25,0
424,quadrotor_0,quadrotor,1759.4409096891936,1724.4627052231497,4,hover_inspect,66.30000000000183,162.55617270517223,0,0.51125,0.25,0.25,0
424,quadrotor_1,quadrotor,1870.2255198313899,798.5542502776431,4,hover_inspect,67.00000000000176,,,0.51125,0.25,0.25,0
425,fixedwing_0,fixedwing,1992.850751281696,1634.4821565131656,5,turn_left,66.4500000000019,,,0.51125,0.25,0.25,0
425,quadrotor_0,quadrotor,1759.4409096891936,1724.4627052231497,4,hover_inspect,66.30000000000183,162.55617270517223,0,0.51125,0.25,0.25,0
425,quadrotor_1,quadrotor,1870.2255198313899,798.5542502776431,4,hover_inspect,67.00000000000176,,,0.51125,0.25,0.25,0
426,fixedwing_0,fixedwing,1987.7261160346072,1664.0412179594343,8,orbit_candidate,66.30000000000192,,,0.51125,0.25,0.25,0
426,quadrotor_0,quadrotor,1759.4409096891936,1724.4627052231497,2,move_east,66.30000000000183,162.55617270517223,0,0.51125,0.25,0.25,0
426,quadrotor_1,quadrotor,1870.2255198313899,798.5542502776431,0,move_north,67.00000000000176,,,0.51125,0.25,0.25,0
427,fixedwing_0,fixedwing,1980.4515209513286,1693.1458613411069,8,orbit_candidate,66.25000000000192,,,0.51125,0.25,0.25,0
427,quadrotor_0,quadrotor,1774.4409096891936,1724.4627052231497,2,move_east,66.20000000000184,157.05575346911328,0,0.51125,0.25,0.25,0
427,quadrotor_1,quadrotor,1870.2255198313899,813.5542502776431,3,move_west,66.90000000000177,,,0.51125,0.25,0.25,0
428,fixedwing_0,fixedwing,1971.1611992868625,1721.6711119687657,8,orbit_candidate,66.20000000000192,,,0.51125,0.25,0.25,0
428,quadrotor_0,quadrotor,1789.4409096891936,1724.4627052231497,3,move_west,66.10000000000184,152.83491129630036,0,0.51125,0.25,0.25,0
428,quadrotor_1,quadrotor,1855.2255198313899,813.5542502776431,4,hover_inspect,66.80000000000177,,,0.51125,0.25,0.25,0
429,fixedwing_0,fixedwing,1959.9621469076294,1749.502411360048,8,orbit_candidate,66.15000000000192,,,0.51125,0.25,0.25,0
429,quadrotor_0,quadrotor,1774.4409096891936,1724.4627052231497,4,hover_inspect,66.00000000000185,157.05575346911328,0,0.51125,0.25,0.25,0
429,quadrotor_1,quadrotor,1855.2255198313899,813.5542502776431,4,hover_inspect,66.80000000000177,,,0.51125,0.25,0.25,0
430,fixedwing_0,fixedwing,1946.930582034822,1776.5242232342694,5,turn_left,66.10000000000193,,,0.51125,0.25,0.25,0
430,quadrotor_0,quadrotor,1774.4409096891936,1724.4627052231497,4,hover_inspect,66.00000000000185,157.05575346911328,0,0.51125,0.25,0.25,0
430,quadrotor_1,quadrotor,1855.2255198313899,813.5542502776431,3,move_west,66.80000000000177,,,0.51125,0.25,0.25,0
431,fixedwing_0,fixedwing,1923.7000621499558,1795.5069244614087,6,straight,65.95000000000194,,,0.51125,0.25,0.25,0
431,quadrotor_0,quadrotor,1774.4409096891936,1724.4627052231497,0,move_north,66.00000000000185,157.05575346911328,0,0.51125,0.25,0.25,0
431,quadrotor_1,quadrotor,1840.2255198313899,813.5542502776431,0,move_north,66.70000000000178,,,0.51125,0.25,0.25,0
432,fixedwing_0,fixedwing,1900.4695422650896,1814.4896256885481,8,orbit_candidate,65.90000000000194,,,0.51125,0.25,0.25,0
432,quadrotor_0,quadrotor,1774.4409096891936,1739.4627052231497,2,move_east,65.90000000000185,142.95524305162158,0,0.51125,0.25,0.25,0
432,quadrotor_1,quadrotor,1840.2255198313899,828.5542502776431,0,move_north,66.60000000000178,,,0.51125,0.25,0.25,0
433,fixedwing_0,fixedwing,1877.175490313784,1833.3943114486942,8,orbit_candidate,65.85000000000194,,,0.51125,0.25,0.25,0
433,quadrotor_0,quadrotor,1789.4409096891936,1739.4627052231497,4,hover_inspect,65.80000000000186,138.30474297414864,0,0.51125,0.25,0.25,0
433,quadrotor_1,quadrotor,1840.2255198313899,843.5542502776431,0,move_north,66.50000000000179,,,0.51125,0.25,0.25,0
434,fixedwing_0,fixedwing,1853.8029003892877,1852.2018110225702,9,change_altitude,65.80000000000194,,,0.51125,0.25,0.25,0
434,quadrotor_0,quadrotor,1789.4409096891936,1739.4627052231497,0,move_north,65.80000000000186,138.30474297414864,0,0.51125,0.25,0.25,0
434,quadrotor_1,quadrotor,1840.2255198313899,858.5542502776431,4,hover_inspect,66.4000000000018,,,0.51125,0.25,0.25,0
435,fixedwing_0,fixedwing,1830.4303104647915,1871.009310596446,8,orbit_candidate,65.75000000000195,,,0.51125,0.25,0.25,0
435,quadrotor_0,quadrotor,1789.4409096891936,1754.4627052231497,0,move_north,65.70000000000186,123.88661649808112,0,0.51125,0.25,0.25,0
435,quadrotor_1,quadrotor,1840.2255198313899,858.5542502776431,2,move_east,66.4000000000018,,,0.51125,0.25,0.25,0
436,fixedwing_0,fixedwing,1806.2468001826835,1888.761995757716,9,change_altitude,65.70000000000195,,,0.51125,0.25,0.25,0
436,quadrotor_0,quadrotor,1789.4409096891936,1769.4627052231497,4,hover_inspect,65.60000000000187,109.62474887332667,0,0.51125,0.25,0.25,0
436,quadrotor_1,quadrotor,1855.2255198313899,858.5542502776431,4,hover_inspect,66.3000000000018,,,0.51125,0.25,0.25,0
437,fixedwing_0,fixedwing,1782.0632899005755,1906.514680918986,6,straight,65.65000000000195,,,0.51125,0.25,0.25,0
437,quadrotor_0,quadrotor,1789.4409096891936,1769.4627052231497,0,move_north,65.60000000000187,109.62474887332667,0,0.51125,0.25,0.25,0
437,quadrotor_1,quadrotor,1855.2255198313899,858.5542502776431,2,move_east,66.3000000000018,,,0.51125,0.25,0.25,0
438,fixedwing_0,fixedwing,1757.8797796184674,1924.267366080256,8,orbit_candidate,65.60000000000196,,,0.51125,0.25,0.25,0
438,quadrotor_0,quadrotor,1789.4409096891936,1784.4627052231497,1,move_south,65.50000000000188,95.58910703494017,0,0.51125,0.25,0.25,0
438,quadrotor_1,quadrotor,1870.2255198313899,858.5542502776431,1,move_south,66.20000000000181,,,0.51125,0.25,0.25,0
439,fixedwing_0,fixedwing,1744.4537379629858,1951.0953627528602,8,orbit_candidate,65.55000000000196,,,0.51125,0.25,0.25,0
439,quadrotor_0,quadrotor,1789.4409096891936,1769.4627052231497,2,move_east,65.40000000000188,109.62474887332667,0,0.51125,0.25,0.25,0
439,quadrotor_1,quadrotor,1870.2255198313899,843.5542502776431,4,hover_inspect,66.10000000000181,,,0.51125,0.25,0.25,0
440,fixedwing_0,fixedwing,1743.1410737136455,1981.0666308703173,5,turn_left,65.50000000000196,,,0.51125,0.25,0.25,0
440,quadrotor_0,quadrotor,1804.4409096891936,1769.4627052231497,3,move_west,65.30000000000189,105.63894158281335,0,0.51125,0.25,0.25,0
440,quadrotor_1,quadrotor,1870.2255198313899,843.5542502776431,4,hover_inspect,66.10000000000181,,,0.51125,0.25,0.25,0
441,fixedwing_0,fixedwing,1729.2849906487395,2000.0,8,orbit_candidate,65.35000000000197,,,0.51125,0.25,0.25,0
441,quadrotor_0,quadrotor,1789.4409096891936,1769.4627052231497,0,move_north,65.20000000000189,109.62474887332667,0,0.51125,0.25,0.25,0
441,quadrotor_1,quadrotor,1870.2255198313899,843.5542502776431,4,hover_inspect,66.10000000000181,,,0.51125,0.25,0.25,0
442,fixedwing_0,fixedwing,1725.257385957991,2000.0,8,orbit_candidate,65.30000000000197,,,0.51125,0.25,0.25,0
442,quadrotor_0,quadrotor,1789.4409096891936,1784.4627052231497,4,hover_inspect,65.1000000000019,95.58910703494017,0,0.51125,0.25,0.25,0
442,quadrotor_1,quadrotor,1870.2255198313899,843.5542502776431,4,hover_inspect,66.10000000000181,,,0.51125,0.25,0.25,0
443,fixedwing_0,fixedwing,1729.9769419256502,2000.0,8,orbit_candidate,65.25000000000198,,,0.51125,0.25,0.25,0
443,quadrotor_0,quadrotor,1789.4409096891936,1784.4627052231497,4,hover_inspect,65.1000000000019,95.58910703494017,0,0.51125,0.25,0.25,0
443,quadrotor_1,quadrotor,1870.2255198313899,843.5542502776431,2,move_east,66.10000000000181,,,0.51125,0.25,0.25,0
444,fixedwing_0,fixedwing,1741.8768776573643,2000.0,5,turn_left,65.20000000000198,,,0.51125,0.25,0.25,0
444,quadrotor_0,quadrotor,1789.4409096891936,1784.4627052231497,4,hover_inspect,65.1000000000019,95.58910703494017,0,0.51125,0.25,0.25,0
444,quadrotor_1,quadrotor,1885.2255198313899,843.5542502776431,3,move_west,66.00000000000182,,,0.51125,0.25,0.25,0
445,fixedwing_0,fixedwing,1741.0234360658278,2000.0,8,orbit_candidate,65.05000000000199,,,0.51125,0.25,0.25,0
445,quadrotor_0,quadrotor,1789.4409096891936,1784.4627052231497,4,hover_inspect,65.1000000000019,95.58910703494017,0,0.51125,0.25,0.25,0
445,quadrotor_1,quadrotor,1870.2255198313899,843.5542502776431,4,hover_inspect,65.90000000000182,,,0.51125,0.25,0.25,0
446,fixedwing_0,fixedwing,1748.5167739178007,2000.0,6,straight,65.00000000000199,,,0.51125,0.25,0.25,0
446,quadrotor_0,quadrotor,1789.4409096891936,1784.4627052231497,0,move_north,65.1000000000019,95.58910703494017,0,0.51125,0.25,0.25,0
446,quadrotor_1,quadrotor,1870.2255198313899,843.5542502776431,4,hover_inspect,65.90000000000182,,,0.51125,0.25,0.25,0
447,fixedwing_0,fixedwing,1756.0101117697736,2000.0,8,orbit_candidate,64.95000000000199,,,0.51125,0.25,0.25,0
447,quadrotor_0,quadrotor,1789.4409096891936,1799.4627052231497,0,move_north,65.0000000000019,81.89608783046086,0,0.51125,0.25,0.25,0
447,quadrotor_1,quadrotor,1870.2255198313899,843.5542502776431,4,hover_inspect,65.90000000000182,,,0.51125,0.25,0.25,0
448,fixedwing_0,fixedwing,1770.2920622675342,2000.0,7,turn_right,64.900000000002,,,0.51125,0.25,0.25,0
448,quadrotor_0,quadrotor,1789.4409096891936,1814.4627052231497,0,move_north,64.90000000000191,68.7507165063163,1,0.51125,0.25,0.25,0
448,quadrotor_1,quadrotor,1870.2255198313899,843.5542502776431,4,hover_inspect,65.90000000000182,,,0.51125,0.25,0.25,0
449,fixedwing_0,fixedwing,1794.3855480792633,2000.0,5,turn_left,64.750000000002,,,0.51125,0.25,0.25,0
449,quadrotor_0,quadrotor,1789.4409096891936,1829.4627052231497,1,move_south,64.80000000000192,56.53629664498005,1,0.51125,0.25,0.25,0
449,quadrotor_1,quadrotor,1870.2255198313899,843.5542502776431,4,hover_inspect,65.65000000000182,,,0.51125,0.25,0.25,0
450,fixedwing_0,fixedwing,1808.667498577024,2000.0,8,orbit_candidate,64.60000000000201,,,0.51125,0.25,0.25,0
450,quadrotor_0,quadrotor,1789.4409096891936,1814.4627052231497,4,hover_inspect,64.70000000000192,68.7507165063163,1,0.51125,0.25,0.25,0
450,quadrotor_1,quadrotor,1870.2255198313899,843.5542502776431,4,hover_inspect,65.65000000000182,,,0.51125,0.25,0.25,0
451,fixedwing_0,fixedwing,1828.8025949603243,2000.0,8,orbit_candidate,64.55000000000202,,,0.51125,0.25,0.375,0
451,quadrotor_0,quadrotor,1789.4409096891936,1814.4627052231497,2,move_east,64.45000000000192,170.36637336945094,0,0.51125,0.25,0.375,0
451,quadrotor_1,quadrotor,1870.2255198313899,843.5542502776431,0,move_north,65.65000000000182,355.6507131695207,0,0.51125,0.25,0.375,0
452,fixedwing_0,fixedwing,1853.4783001547767,2000.0,5,turn_left,64.50000000000202,,,0.51125,0.25,0.375,0
452,quadrotor_0,quadrotor,1804.4409096891936,1814.4627052231497,0,move_north,64.35000000000193,163.5507182970231,0,0.51125,0.25,0.375,0
452,quadrotor_1,quadrotor,1870.2255198313899,858.5542502776431,3,move_west,65.55000000000183,348.08427663230015,0,0.51125,0.25,0.375,0
453,fixedwing_0,fixedwing,1868.631399265264,2000.0,5,turn_left,64.35000000000203,,,0.51125,0.25,0.375,0
453,quadrotor_0,quadrotor,1804.4409096891936,1829.4627052231497,4,hover_inspect,64.25000000000193,150.05496954136612,0,0.51125,0.25,0.375,0
453,quadrotor_1,quadrotor,1855.2255198313899,858.5542502776431,0,move_north,65.45000000000184,335.0747705161446,0,0.51125,0.25,0.375,0
454,fixedwing_0,fixedwing,1871.4224375139572,2000.0,5,turn_left,64.20000000000203,,,0.51125,0.25,0.375,0
454,quadrotor_0,quadrotor,1804.4409096891936,1829.4627052231497,4,hover_inspect,64.25000000000193,150.05496954136612,0,0.51125,0.25,0.375,0
454,quadrotor_1,quadrotor,1855.2255198313899,873.5542502776431,4,hover_inspect,65.35000000000184,327.71990433461605,0,0.51125,0.25,0.375,0
455,fixedwing_0,fixedwing,1861.3284178008855,2000.0,6,straight,64.05000000000204,,,0.51125,0.25,0.375,0
455,quadrotor_0,quadrotor,1804.4409096891936,1829.4627052231497,2,move_east,64.25000000000193,150.05496954136612,0,0.51125,0.25,0.375,0
455,quadrotor_1,quadrotor,1855.2255198313899,873.5542502776431,0,move_north,65.35000000000184,327.71990433461605,0,0.51125,0.25,0.375,0
456,fixedwing_0,fixedwing,1851.2343980878138,2000.0,8,orbit_candidate,64.00000000000205,,,0.51125,0.25,0.375,0
456,quadrotor_0,quadrotor,1819.4409096891936,1829.4627052231497,0,move_north,64.15000000000194,143.84237958429833,0,0.51125,0.25,0.375,0
456,quadrotor_1,quadrotor,1855.2255198313899,888.5542502776431,4,hover_inspect,65.25000000000185,320.898067239011,0,0.51125,0.25,0.375,0
457,fixedwing_0,fixedwing,1854.2387018463864,2000.0,8,orbit_candidate,63.95000000000205,,,0.51125,0.25,0.375,0
457,quadrotor_0,quadrotor,1819.4409096891936,1844.4627052231497,2,move_east,64.05000000000194,130.03186760583526,0,0.51125,0.25,0.375,0
457,quadrotor_1,quadrotor,1855.2255198313899,888.5542502776431,3,move_west,65.25000000000185,320.898067239011,0,0.51125,0.25,0.375,0
458,fixedwing_0,fixedwing,1868.269566183993,2000.0,5,turn_left,63.90000000000205,,,0.51125,0.25,0.375,0
458,quadrotor_0,quadrotor,1834.4409096891936,1844.4627052231497,0,move_north,63.95000000000194,124.62914134934297,0,0.51125,0.25,0.375,0
458,quadrotor_1,quadrotor,1840.2255198313899,888.5542502776431,4,hover_inspect,65.15000000000185,307.4703363831187,0,0.51125,0.25,0.375,0
459,fixedwing_0,fixedwing,1869.7794103779538,2000.0,6,straight,63.75000000000205,,,0.51125,0.25,0.375,0
459,quadrotor_0,quadrotor,1834.4409096891936,1859.4627052231497,4,hover_inspect,63.85000000000194,110.45396915485934,0,0.51125,0.25,0.375,0
459,quadrotor_1,quadrotor,1840.2255198313899,888.5542502776431,0,move_north,65.15000000000185,307.4703363831187,0,0.51125,0.25,0.375,0
460,fixedwing_0,fixedwing,1871.2892545719146,2000.0,6,straight,63.700000000002056,,,0.51125,0.25,0.375,0
460,quadrotor_0,quadrotor,1834.4409096891936,1859.4627052231497,0,move_north,63.85000000000194,110.45396915485934,0,0.51125,0.25,0.375,0
460,quadrotor_1,quadrotor,1840.2255198313899,903.5542502776431,1,move_south,65.05000000000186,300.93727189597354,0,0.51125,0.25,0.375,0
461,fixedwing_0,fixedwing,1872.7990987658754,2000.0,5,turn_left,63.65000000000206,,,0.51125,0.25,0.375,0
461,quadrotor_0,quadrotor,1834.4409096891936,1874.4627052231497,2,move_east,63.75000000000194,96.52841929012783,0,0.51125,0.25,0.375,0
461,quadrotor_1,quadrotor,1840.2255198313899,888.5542502776431,0,move_north,64.95000000000186,307.4703363831187,0,0.51125,0.25,0.375,0
462,fixedwing_0,fixedwing,1861.5050015286663,2000.0,6,straight,63.50000000000206,,,0.51125,0.25,0.375,0
462,quadrotor_0,quadrotor,1849.4409096891936,1874.4627052231497,4,hover_inspect,63.65000000000194,91.60716135250435,0,0.51125,0.25,0.375,0
462,quadrotor_1,quadrotor,1840.2255198313899,903.5542502776431,4,hover_inspect,64.85000000000187,300.93727189597354,0,0.51125,0.25,0.375,0
463,fixedwing_0,fixedwing,1850.2109042914572,2000.0,8,orbit_candidate,63.45000000000206,,,0.51125,0.25,0.375,0
463,quadrotor_0,quadrotor,1849.4409096891936,1874.4627052231497,4,hover_inspect,63.65000000000194,91.60716135250435,0,0.51125,0.25,0.375,0
463,quadrotor_1,quadrotor,1840.2255198313899,903.5542502776431,4,hover_inspect,64.85000000000187,300.93727189597354,0,0.51125,0.25,0.375,0
464,fixedwing_0,fixedwing,1852.0353794861662,2000.0,6,straight,63.400000000002066,,,0.51125,0.25,0.375,0
464,quadrotor_0,quadrotor,1849.4409096891936,1874.4627052231497,4,hover_inspect,63.65000000000194,91.60716135250435,0,0.51125,0.25,0.375,0
464,quadrotor_1,quadrotor,1840.2255198313899,903.5542502776431,3,move_west,64.85000000000187,300.93727189597354,0,0.51125,0.25,0.375,0
465,fixedwing_0,fixedwing,1853.8598546808753,2000.0,7,turn_right,63.35000000000207,,,0.51125,0.25,0.375,0
465,quadrotor_0,quadrotor,1849.4409096891936,1874.4627052231497,4,hover_inspect,63.65000000000194,91.60716135250435,0,0.51125,0.25,0.375,0
465,quadrotor_1,quadrotor,1825.2255198313899,903.5542502776431,4,hover_inspect,64.75000000000188,287.35984377432834,0,0.51125,0.25,0.375,0
466,fixedwing_0,fixedwing,1868.1684706644019,2000.0,8,orbit_candidate,63.20000000000207,,,0.51125,0.25,0.375,0
466,quadrotor_0,quadrotor,1849.4409096891936,1874.4627052231497,3,move_west,63.65000000000194,91.60716135250435,0,0.51125,0.25,0.375,0
466,quadrotor_1,quadrotor,1825.2255198313899,903.5542502776431,4,hover_inspect,64.75000000000188,287.35984377432834,0,0.51125,0.25,0.375,0
467,fixedwing_0,fixedwing,1891.1973695050501,2000.0,6,straight,63.15000000000207,,,0.51125,0.25,0.375,0
467,quadrotor_0,quadrotor,1834.4409096891936,1874.4627052231497,0,move_north,63.55000000000194,96.52841929012783,0,0.51125,0.25,0.375,0
467,quadrotor_1,quadrotor,1825.2255198313899,903.5542502776431,0,move_north,64.75000000000188,287.35984377432834,0,0.51125,0.25,0.375,0
468,fixedwing_0,fixedwing,1914.2262683456984,2000.0,5,turn_left,63.100000000002076,,,0.51125,0.25,0.375,0
468,quadrotor_0,quadrotor,1834.4409096891936,1889.4627052231497,0,move_north,63.450000000001936,82.97826317318787,0,0.51125,0.25,0.375,0
468,quadrotor_1,quadrotor,1825.2255198313899,918.5542502776431,4,hover_inspect,64.65000000000188,281.1599432256475,0,0.51125,0.25,0.375,0
469,fixedwing_0,fixedwing,1926.9719421174084,2000.0,7,turn_right,62.95000000000208,,,0.51125,0.25,0.375,0
469,quadrotor_0,quadrotor,1834.4409096891936,1904.4627052231497,4,hover_inspect,63.350000000001934,70.0217722414031,1,0.51125,0.25,0.375,0
469,quadrotor_1,quadrotor,1825.2255198313899,918.5542502776431,4,hover_inspect,64.65000000000188,281.1599432256475,0,0.51125,0.25,0.375,0
470,fixedwing_0,fixedwing,1950.0008409580566,2000.0,6,straight,62.80000000000208,,,0.51125,0.25,0.375,0
470,quadrotor_0,quadrotor,1834.4409096891936,1904.4627052231497,0,move_north,63.350000000001934,70.0217722414031,1,0.51125,0.25,0.375,0
470,quadrotor_1,quadrotor,1825.2255198313899,918.5542502776431,3,move_west,64.65000000000188,281.1599432256475,0,0.51125,0.25,0.375,0
471,fixedwing_0,fixedwing,1973.029739798705,2000.0,5,turn_left,62.75000000000208,,,0.51125,0.25,0.375,0
471,quadrotor_0,quadrotor,1834.4409096891936,1919.4627052231497,0,move_north,63.25000000000193,58.057773092110885,1,0.51125,0.25,0.375,0
471,quadrotor_1,quadrotor,1810.2255198313899,918.5542502776431,4,hover_inspect,64.55000000000189,267.41980456290935,0,0.51125,0.25,0.375,0
472,fixedwing_0,fixedwing,1985.775413570415,2000.0,5,turn_left,62.60000000000208,,,0.51125,0.25,0.375,0
472,quadrotor_0,quadrotor,1834.4409096891936,1934.4627052231497,10,return_to_base,63.15000000000193,47.836821016902235,1,0.51125,0.25,0.375,0
472,quadrotor_1,quadrotor,1810.2255198313899,918.5542502776431,4,hover_inspect,64.55000000000189,267.41980456290935,0,0.51125,0.25,0.375,0
473,fixedwing_0,fixedwing,1985.8495215104258,2000.0,8,orbit_candidate,62.450000000002085,,,0.51125,0.25,0.375,0
473,quadrotor_0,quadrotor,1824.119427456296,1923.5784503328973,4,hover_inspect,63.05000000000193,62.66875195237076,1,0.51125,0.25,0.375,0
473,quadrotor_1,quadrotor,1810.2255198313899,918.5542502776431,4,hover_inspect,64.55000000000189,267.41980456290935,0,0.51125,0.25,0.375,0
474,fixedwing_0,fixedwing,2000.0,2000.0,8,orbit_candidate,62.40000000000209,,,0.51125,0.25,0.375,0
474,quadrotor_0,quadrotor,1824.119427456296,1923.5784503328973,4,hover_inspect,63.05000000000193,62.66875195237076,1,0.51125,0.25,0.375,0
474,quadrotor_1,quadrotor,1810.2255198313899,918.5542502776431,1,move_south,64.55000000000189,267.41980456290935,0,0.51125,0.25,0.375,0
475,fixedwing_0,fixedwing,2000.0,2000.0,5,turn_left,62.35000000000209,,,0.51125,0.25,0.375,0
475,quadrotor_0,quadrotor,1824.119427456296,1923.5784503328973,4,hover_inspect,63.05000000000193,62.66875195237076,1,0.51125,0.25,0.375,0
475,quadrotor_1,quadrotor,1810.2255198313899,903.5542502776431,4,hover_inspect,64.45000000000189,273.9308635619975,0,0.51125,0.25,0.375,0
476,fixedwing_0,fixedwing,2000.0,2000.0,8,orbit_candidate,62.20000000000209,,,0.51125,0.25,0.375,0
476,quadrotor_0,quadrotor,1824.119427456296,1923.5784503328973,0,move_north,63.05000000000193,62.66875195237076,1,0.51125,0.25,0.375,0
476,quadrotor_1,quadrotor,1810.2255198313899,903.5542502776431,4,hover_inspect,64.45000000000189,273.9308635619975,0,0.51125,0.25,0.375,0
477,fixedwing_0,fixedwing,2000.0,2000.0,9,change_altitude,62.150000000002095,,,0.51125,0.25,0.375,0
477,quadrotor_0,quadrotor,1824.119427456296,1938.5784503328973,4,hover_inspect,62.95000000000193,54.483954088780195,1,0.51125,0.25,0.375,0
477,quadrotor_1,quadrotor,1810.2255198313899,903.5542502776431,4,hover_inspect,64.45000000000189,273.9308635619975,0,0.51125,0.25,0.375,0
478,fixedwing_0,fixedwing,2000.0,2000.0,6,straight,62.1000000000021,,,0.51125,0.25,0.375,0
478,quadrotor_0,quadrotor,1824.119427456296,1938.5784503328973,4,hover_inspect,62.95000000000193,54.483954088780195,1,0.51125,0.25,0.375,0
478,quadrotor_1,quadrotor,1810.2255198313899,903.5542502776431,0,move_north,64.45000000000189,273.9308635619975,0,0.51125,0.25,0.375,0
479,fixedwing_0,fixedwing,2000.0,2000.0,5,turn_left,62.0500000000021,,,0.51125,0.25,0.375,0
479,quadrotor_0,quadrotor,1824.119427456296,1938.5784503328973,4,hover_inspect,62.95000000000193,54.483954088780195,1,0.51125,0.25,0.375,0
479,quadrotor_1,quadrotor,1810.2255198313899,918.5542502776431,0,move_north,64.3500000000019,267.41980456290935,0,0.51125,0.25,0.375,0
480,fixedwing_0,fixedwing,2000.0,2000.0,8,orbit_candidate,61.9000000000021,,,0.51125,0.25,0.375,0
480,quadrotor_0,quadrotor,1824.119427456296,1938.5784503328973,4,hover_inspect,62.95000000000193,54.483954088780195,1,0.51125,0.25,0.375,0
480,quadrotor_1,quadrotor,1810.2255198313899,933.5542502776431,4,hover_inspect,64.2500000000019,261.6076943308579,0,0.51125,0.25,0.375,0
481,fixedwing_0,fixedwing,2000.0,2000.0,5,turn_left,61.850000000002105,,,0.51125,0.25,0.375,0
481,quadrotor_0,quadrotor,1824.119427456296,1938.5784503328973,4,hover_inspect,62.95000000000193,54.483954088780195,1,0.51125,0.25,0.375,0
481,quadrotor_1,quadrotor,1810.2255198313899,933.5542502776431,1,move_south,64.2500000000019,261.6076943308579,0,0.51125,0.25,0.375,0
482,fixedwing_0,fixedwing,2000.0,2000.0,5,turn_left,61.700000000002106,,,0.51125,0.25,0.375,0
482,quadrotor_0,quadrotor,1824.119427456296,1938.5784503328973,2,move_east,62.95000000000193,54.483954088780195,1,0.51125,0.25,0.375,0
482,quadrotor_1,quadrotor,1810.2255198313899,918.5542502776431,4,hover_inspect,64.15000000000191,267.41980456290935,0,0.51125,0.25,0.375,0
483,fixedwing_0,fixedwing,2000.0,2000.0,8,orbit_candidate,61.55000000000211,,,0.51125,0.25,0.375,0
483,quadrotor_0,quadrotor,1839.119427456296,1938.5784503328973,3,move_west,62.85000000000193,41.62923331715858,1,0.51125,0.25,0.375,0
483,quadrotor_1,quadrotor,1810.2255198313899,918.5542502776431,4,hover_inspect,64.15000000000191,267.41980456290935,0,0.51125,0.25,0.375,0
484,fixedwing_0,fixedwing,2000.0,2000.0,5,turn_left,61.50000000000211,,,0.51125,0.25,0.375,0
484,quadrotor_0,quadrotor,1824.119427456296,1938.5784503328973,4,hover_inspect,62.750000000001926,54.483954088780195,1,0.51125,0.25,0.375,0
484,quadrotor_1,quadrotor,1810.2255198313899,918.5542502776431,3,move_west,64.15000000000191,267.41980456290935,0,0.51125,0.25,0.375,0
485,fixedwing_0,fixedwing,2000.0,2000.0,6,straight,61.35000000000211,,,0.51125,0.25,0.375,0
485,quadrotor_0,quadrotor,1824.119427456296,1938.5784503328973,4,hover_inspect,62.750000000001926,54.483954088780195,1,0.51125,0.25,0.375,0
485,quadrotor_1,quadrotor,1795.2255198313899,918.5542502776431,4,hover_inspect,64.05000000000192,253.82235927963464,0,0.51125,0.25,0.375,0
486,fixedwing_0,fixedwing,2000.0,2000.0,8,orbit_candidate,61.300000000002115,,,0.51125,0.25,0.375,0
486,quadrotor_0,quadrotor,1824.119427456296,1938.5784503328973,4,hover_inspect,62.750000000001926,54.483954088780195,1,0.51125,0.25,0.375,0
486,quadrotor_1,quadrotor,1795.2255198313899,918.5542502776431,4,hover_inspect,64.05000000000192,253.82235927963464,0,0.51125,0.25,0.375,0
487,fixedwing_0,fixedwing,2000.0,2000.0,6,straight,61.25000000000212,,,0.51125,0.25,0.375,0
487,quadrotor_0,quadrotor,1824.119427456296,1938.5784503328973,2,move_east,62.750000000001926,54.483954088780195,1,0.51125,0.25,0.375,0
487,quadrotor_1,quadrotor,1795.2255198313899,918.5542502776431,0,move_north,64.05000000000192,253.82235927963464,0,0.51125,0.25,0.375,0
488,fixedwing_0,fixedwing,2000.0,2000.0,6,straight,61.20000000000212,,,0.51125,0.25,0.375,0
488,quadrotor_0,quadrotor,1839.119427456296,1938.5784503328973,4,hover_inspect,62.650000000001924,41.62923331715858,1,0.51125,0.25,0.375,0
488,quadrotor_1,quadrotor,1795.2255198313899,933.5542502776431,2,move_east,63.950000000001914,247.69138848761554,0,0.51125,0.25,0.375,0
489,fixedwing_0,fixedwing,2000.0,2000.0,5,turn_left,61.15000000000212,,,0.51125,0.25,0.375,0
489,quadrotor_0,quadrotor,1839.119427456296,1938.5784503328973,4,hover_inspect,62.650000000001924,41.62923331715858,1,0.51125,0.25,0.375,0
489,quadrotor_1,quadrotor,1810.2255198313899,933.5542502776431,4,hover_inspect,63.85000000000191,261.6076943308579,0,0.51125,0.25,0.375,0
490,fixedwing_0,fixedwing,2000.0,2000.0,8,orbit_candidate,61.000000000002125,,,0.51125,0.25,0.375,0
490,quadrotor_0,quadrotor,1839.119427456296,1938.5784503328973,3,move_west,62.650000000001924,41.62923331715858,1,0.51125,0.25,0.375,0
490,quadrotor_1,quadrotor,1810.2255198313899,933.5542502776431,4,hover_inspect,63.85000000000191,261.6076943308579,0,0.51125,0.25,0.375,0
491,fixedwing_0,fixedwing,2000.0,2000.0,5,turn_left,60.95000000000213,,,0.51125,0.25,0.375,0
491,quadrotor_0,quadrotor,1824.119427456296,1938.5784503328973,2,move_east,62.55000000000192,54.483954088780195,1,0.51125,0.25,0.375,0
491,quadrotor_1,quadrotor,1810.2255198313899,933.5542502776431,4,hover_inspect,63.85000000000191,261.6076943308579,0,0.51125,0.25,0.375,0
492,fixedwing_0,fixedwing,2000.0,2000.0,5,turn_left,60.80000000000213,,,0.51125,0.25,0.375,0
492,quadrotor_0,quadrotor,1839.119427456296,1938.5784503328973,1,move_south,62.45000000000192,41.62923331715858,1,0.51125,0.25,0.375,0
492,quadrotor_1,quadrotor,1810.2255198313899,933.5542502776431,4,hover_inspect,63.85000000000191,261.6076943308579,0,0.51125,0.25,0.375,0
493,fixedwing_0,fixedwing,2000.0,2000.0,5,turn_left,60.65000000000213,,,0.51125,0.25,0.375,0
493,quadrotor_0,quadrotor,1839.119427456296,1923.5784503328973,2,move_east,62.35000000000192,51.88317920765739,1,0.51125,0.25,0.375,0
493,quadrotor_1,quadrotor,1810.2255198313899,933.5542502776431,0,move_north,63.85000000000191,261.6076943308579,0,0.51125,0.25,0.375,0
494,fixedwing_0,fixedwing,2000.0,2000.0,5,turn_left,60.50000000000213,,,0.51125,0.25,0.375,0
494,quadrotor_0,quadrotor,1854.119427456296,1923.5784503328973,10,return_to_base,62.25000000000192,43.66183800666219,1,0.51125,0.25,0.375,0
494,quadrotor_1,quadrotor,1810.2255198313899,948.5542502776431,4,hover_inspect,63.75000000000191,256.5420425461498,0,0.51125,0.25,0.375,0
495,fixedwing_0,fixedwing,1988.8649551626484,2000.0,8,orbit_candidate,60.35000000000213,,,0.51125,0.25,0.375,0
495,quadrotor_0,quadrotor,1843.7096045508558,1912.7786546368034,4,hover_inspect,62.15000000000192,58.075066203009946,1,0.51125,0.25,0.375,0
495,quadrotor_1,quadrotor,1810.2255198313899,948.5542502776431,4,hover_inspect,63.75000000000191,256.5420425461498,0,0.51125,0.25,0.375,0
496,fixedwing_0,fixedwing,1998.7956611296415,2000.0,8,orbit_candidate,60.300000000002136,,,0.51125,0.25,0.375,0
496,quadrotor_0,quadrotor,1843.7096045508558,1912.7786546368034,4,hover_inspect,61.90000000000192,58.075066203009946,1,0.51125,0.25,0.375,0
496,quadrotor_1,quadrotor,1810.2255198313899,948.5542502776431,1,move_south,63.75000000000191,256.5420425461498,0,0.51125,0.25,0.375,0
497,fixedwing_0,fixedwing,2000.0,2000.0,5,turn_left,60.25000000000214,,,0.51125,0.25,0.375,0
497,quadrotor_0,quadrotor,1843.7096045508558,1912.7786546368034,4,hover_inspect,61.90000000000192,58.075066203009946,1,0.51125,0.25,0.375,0
497,quadrotor_1,quadrotor,1810.2255198313899,933.5542502776431,4,hover_inspect,63.65000000000191,261.6076943308579,0,0.51125,0.25,0.375,0
498,fixedwing_0,fixedwing,2000.0,2000.0,5,turn_left,60.10000000000214,,,0.51125,0.25,0.375,0
498,quadrotor_0,quadrotor,1843.7096045508558,1912.7786546368034,4,hover_inspect,61.90000000000192,58.075066203009946,1,0.51125,0.25,0.375,0
498,quadrotor_1,quadrotor,1810.2255198313899,933.5542502776431,1,move_south,63.65000000000191,261.6076943308579,0,0.51125,0.25,0.375,0
499,fixedwing_0,fixedwing,2000.0,2000.0,8,orbit_candidate,59.95000000000214,,,0.51125,0.25,0.375,0
499,quadrotor_0,quadrotor,1843.7096045508558,1912.7786546368034,4,hover_inspect,61.90000000000192,58.075066203009946,1,0.51125,0.25,0.375,0
499,quadrotor_1,quadrotor,1810.2255198313899,918.5542502776431,4,hover_inspect,63.55000000000191,267.41980456290935,0,0.51125,0.25,0.375,0
500,fixedwing_0,fixedwing,2000.0,2000.0,8,orbit_candidate,59.900000000002144,,,0.51125,0.25,0.375,0
500,quadrotor_0,quadrotor,1843.7096045508558,1912.7786546368034,4,hover_inspect,61.90000000000192,58.075066203009946,1,0.51125,0.25,0.375,0
500,quadrotor_1,quadrotor,1810.2255198313899,918.5542502776431,4,hover_inspect,63.55000000000191,267.41980456290935,0,0.51125,0.25,0.375,0
501,fixedwing_0,fixedwing,2000.0,2000.0,6,straight,59.85000000000215,,,0.51125,0.25,0.375,0
501,quadrotor_0,quadrotor,1843.7096045508558,1912.7786546368034,4,hover_inspect,61.90000000000192,58.075066203009946,1,0.51125,0.25,0.375,0
501,quadrotor_1,quadrotor,1810.2255198313899,918.5542502776431,4,hover_inspect,63.55000000000191,267.41980456290935,0,0.51125,0.25,0.375,0
502,fixedwing_0,fixedwing,2000.0,2000.0,8,orbit_candidate,59.80000000000215,,,0.51125,0.25,0.375,0
502,quadrotor_0,quadrotor,1843.7096045508558,1912.7786546368034,4,hover_inspect,61.90000000000192,58.075066203009946,1,0.51125,0.25,0.375,0
502,quadrotor_1,quadrotor,1810.2255198313899,918.5542502776431,4,hover_inspect,63.55000000000191,267.41980456290935,0,0.51125,0.25,0.375,0
503,fixedwing_0,fixedwing,2000.0,1994.4377647483939,6,straight,59.75000000000215,,,0.51125,0.25,0.375,0
503,quadrotor_0,quadrotor,1843.7096045508558,1912.7786546368034,4,hover_inspect,61.90000000000192,58.075066203009946,1,0.51125,0.25,0.375,0
503,quadrotor_1,quadrotor,1810.2255198313899,918.5542502776431,4,hover_inspect,63.30000000000191,267.41980456290935,0,0.51125,0.25,0.375,0
504,fixedwing_0,fixedwing,2000.0,1988.8755294967877,6,straight,59.700000000002156,,,0.51125,0.25,0.375,0
504,quadrotor_0,quadrotor,1843.7096045508558,1912.7786546368034,4,hover_inspect,61.90000000000192,58.075066203009946,1,0.51125,0.25,0.375,0
504,quadrotor_1,quadrotor,1810.2255198313899,918.5542502776431,4,hover_inspect,63.30000000000191,267.41980456290935,0,0.51125,0.25,0.375,0
505,fixedwing_0,fixedwing,2000.0,1983.3132942451816,10,return_to_base,59.65000000000216,,,0.51125,0.25,0.375,0
505,quadrotor_0,quadrotor,1843.7096045508558,1912.7786546368034,2,move_east,61.90000000000192,58.075066203009946,1,0.51125,0.25,0.375,0
505,quadrotor_1,quadrotor,1810.2255198313899,918.5542502776431,4,hover_inspect,63.30000000000191,267.41980456290935,0,0.51125,0.25,0.375,0
506,fixedwing_0,fixedwing,1978.6981181385072,1962.189141501012,6,straight,59.60000000000216,,,0.51125,0.25,0.375,0
506,quadrotor_0,quadrotor,1858.7096045508558,1912.7786546368034,1,move_south,61.800000000001916,52.20067471543733,1,0.51125,0.25,0.375,0
506,quadrotor_1,quadrotor,1810.2255198313899,918.5542502776431,4,hover_inspect,63.30000000000191,267.41980456290935,0,0.51125,0.25,0.375,0
507,fixedwing_0,fixedwing,1957.3962362770144,1941.0649887568425,9,change_altitude,59.550000000002164,,,0.51125,0.25,0.375,0
507,quadrotor_0,quadrotor,1858.7096045508558,1897.7786546368034,3,move_west,61.700000000001914,66.76657494397315,1,0.51125,0.25,0.375,0
507,quadrotor_1,quadrotor,1810.2255198313899,918.5542502776431,2,move_east,63.30000000000191,267.41980456290935,0,0.51125,0.25,0.375,0
508,fixedwing_0,fixedwing,1936.0943544155216,1919.940836012673,6,straight,59.50000000000217,,,0.51125,0.25,0.375,0
508,quadrotor_0,quadrotor,1843.7096045508558,1897.7786546368034,2,move_east,61.60000000000191,71.45333024769575,1,0.51125,0.25,0.375,0
508,quadrotor_1,quadrotor,1825.2255198313899,918.5542502776431,4,hover_inspect,63.20000000000191,281.1599432256475,0,0.51125,0.25,0.375,0
509,fixedwing_0,fixedwing,1914.7924725540288,1898.8166832685033,9,change_altitude,59.45000000000217,,,0.51125,0.25,0.375,0
509,quadrotor_0,quadrotor,1858.7096045508558,1897.7786546368034,2,move_east,61.50000000000191,66.76657494397315,1,0.51125,0.25,0.375,0
509,quadrotor_1,quadrotor,1825.2255198313899,918.5542502776431,3,move_west,63.20000000000191,281.1599432256475,0,0.51125,0.25,0.375,0
510,fixedwing_0,fixedwing,1893.490590692536,1877.6925305243337,9,change_altitude,59.40000000000217,,,0.51125,0.25,0.375,0
510,quadrotor_0,quadrotor,1873.7096045508558,1897.7786546368034,4,hover_inspect,61.40000000000191,65.2684660154664,1,0.51125,0.25,0.375,0
510,quadrotor_1,quadrotor,1810.2255198313899,918.5542502776431,4,hover_inspect,63.100000000001906,267.41980456290935,0,0.51125,0.25,0.375,0
511,fixedwing_0,fixedwing,1872.1887088310432,1856.5683777801642,6,straight,59.350000000002176,,,0.51125,0.25,0.375,0
511,quadrotor_0,quadrotor,1873.7096045508558,1897.7786546368034,4,hover_inspect,61.40000000000191,65.2684660154664,1,0.51125,0.25,0.375,0
511,quadrotor_1,quadrotor,1810.2255198313899,918.5542502776431,4,hover_inspect,63.100000000001906,267.41980456290935,0,0.51125,0.25,0.375,0
512,fixedwing_0,fixedwing,1850.8868269695504,1835.4442250359946,6,straight,59.30000000000218,,,0.51125,0.25,0.375,0
512,quadrotor_0,quadrotor,1873.7096045508558,1897.7786546368034,2,move_east,61.40000000000191,65.2684660154664,1,0.51125,0.25,0.375,0
512,quadrotor_1,quadrotor,1810.2255198313899,918.5542502776431,4,hover_inspect,63.100000000001906,267.41980456290935,0,0.51125,0.25,0.375,0
513,fixedwing_0,fixedwing,1829.5849451080576,1814.320072291825,9,change_altitude,59.25000000000218,,,0.51125,0.25,0.375,0
513,quadrotor_0,quadrotor,1888.7096045508558,1897.7786546368034,0,move_north,61.30000000000191,67.17268628151628,1,0.51125,0.25,0.375,0
513,quadrotor_1,quadrotor,1810.2255198313899,918.5542502776431,4,hover_inspect,63.100000000001906,267.41980456290935,0,0.51125,0.25,0.375,0
514,fixedwing_0,fixedwing,1808.2830632465648,1793.1959195476554,9,change_altitude,59.200000000002184,,,0.51125,0.25,0.375,0
514,quadrotor_0,quadrotor,1888.7096045508558,1912.7786546368034,2,move_east,61.20000000000191,52.719111271651,1,0.51125,0.25,0.375,0
514,quadrotor_1,quadrotor,1810.2255198313899,918.5542502776431,0,move_north,63.100000000001906,267.41980456290935,0,0.51125,0.25,0.375,0
515,fixedwing_0,fixedwing,1786.981181385072,1772.0717668034858,9,change_altitude,59.15000000000219,,,0.51125,0.25,0.375,0
515,quadrotor_0,quadrotor,1903.7096045508558,1912.7786546368034,3,move_west,61.100000000001906,59.004252554672966,1,0.51125,0.25,0.375,0
515,quadrotor_1,quadrotor,1810.2255198313899,933.5542502776431,4,hover_inspect,63.000000000001904,261.6076943308579,0,0.51125,0.25,0.375,0
516,fixedwing_0,fixedwing,1765.6792995235792,1750.9476140593163,6,straight,59.10000000000219,,,0.51125,0.375,0.375,0
516,quadrotor_0,quadrotor,1888.7096045508558,1912.7786546368034,0,move_north,61.000000000001904,52.719111271651,1,0.51125,0.375,0.375,0
516,quadrotor_1,quadrotor,1810.2255198313899,933.5542502776431,4,hover_inspect,63.000000000001904,261.6076943308579,0,0.51125,0.375,0.375,0
517,fixedwing_0,fixedwing,1744.3774176620864,1729.8234613151467,8,orbit_candidate,59.05000000000219,,,0.51125,0.375,0.375,0
517,quadrotor_0,quadrotor,1888.7096045508558,1927.7786546368034,4,hover_inspect,60.9000000000019,38.683841643125824,1,0.51125,0.375,0.375,0
517,quadrotor_1,quadrotor,1810.2255198313899,933.5542502776431,3,move_west,63.000000000001904,261.6076943308579,0,0.51125,0.375,0.375,0
518,fixedwing_0,fixedwing,1723.5292600150576,1708.2513885653009,9,change_altitude,59.000000000002196,,,0.51125,0.375,0.375,0
518,quadrotor_0,quadrotor,1888.7096045508558,1927.7786546368034,4,hover_inspect,60.9000000000019,38.683841643125824,1,0.51125,0.375,0.375,0
518,quadrotor_1,quadrotor,1795.2255198313899,933.5542502776431,4,hover_inspect,62.9000000000019,247.69138848761554,0,0.51125,0.375,0.375,0
519,fixedwing_0,fixedwing,1702.6811023680289,1686.679315815455,5,turn_left,58.9500000000022,,,0.51125,0.375,0.375,0
519,quadrotor_0,quadrotor,1888.7096045508558,1927.7786546368034,1,move_south,60.9000000000019,38.683841643125824,1,0.51125,0.375,0.375,0
519,quadrotor_1,quadrotor,1795.2255198313899,933.5542502776431,4,hover_inspect,62.9000000000019,247.69138848761554,0,0.51125,0.375,0.375,0
520,fixedwing_0,fixedwing,1692.9030066348428,1658.3175661544653,6,straight,58.8000000000022,,,0.5125,0.375,0.375,0
520,quadrotor_0,quadrotor,1888.7096045508558,1912.7786546368034,4,hover_inspect,60.8000000000019,52.719111271651,1,0.5125,0.375,0.375,0
520,quadrotor_1,quadrotor,1795.2255198313899,933.5542502776431,4,hover_inspect,62.9000000000019,247.69138848761554,0,0.5125,0.375,0.375,0
521,fixedwing_0,fixedwing,1683.1249109016567,1629.9558164934756,6,straight,58.7500000000022,,,0.513125,0.375,0.375,0
521,quadrotor_0,quadrotor,1888.7096045508558,1912.7786546368034,4,hover_inspect,60.8000000000019,52.719111271651,1,0.513125,0.375,0.375,0
521,quadrotor_1,quadrotor,1795.2255198313899,933.5542502776431,4,hover_inspect,62.9000000000019,247.69138848761554,0,0.513125,0.375,0.375,0
522,fixedwing_0,fixedwing,1673.3468151684706,1601.5940668324859,9,change_altitude,58.700000000002206,,,0.515,0.375,0.375,0
522,quadrotor_0,quadrotor,1888.7096045508558,1912.7786546368034,4,hover_inspect,60.8000000000019,52.719111271651,1,0.515,0.375,0.375,0
522,quadrotor_1,quadrotor,1795.2255198313899,933.5542502776431,4,hover_inspect,62.9000000000019,247.69138848761554,0,0.515,0.375,0.375,0
523,fixedwing_0,fixedwing,1663.5687194352845,1573.232317171496,6,straight,58.65000000000221,,,0.516875,0.375,0.375,0
523,quadrotor_0,quadrotor,1888.7096045508558,1912.7786546368034,4,hover_inspect,60.8000000000019,52.719111271651,1,0.516875,0.375,0.375,0
523,quadrotor_1,quadrotor,1795.2255198313899,933.5542502776431,4,hover_inspect,62.9000000000019,247.69138848761554,0,0.516875,0.375,0.375,0
524,fixedwing_0,fixedwing,1653.7906237020984,1544.8705675105064,9,change_altitude,58.60000000000221,,,0.518125,0.375,0.375,0
524,quadrotor_0,quadrotor,1888.7096045508558,1912.7786546368034,0,move_north,60.8000000000019,52.719111271651,1,0.518125,0.375,0.375,0
524,quadrotor_1,quadrotor,1795.2255198313899,933.5542502776431,4,hover_inspect,62.9000000000019,247.69138848761554,0,0.518125,0.375,0.375,0
525,fixedwing_0,fixedwing,1644.0125279689123,1516.5088178495166,6,straight,58.550000000002214,,,0.519375,0.375,0.375,0
525,quadrotor_0,quadrotor,1888.7096045508558,1927.7786546368034,3,move_west,60.7000000000019,38.683841643125824,1,0.519375,0.375,0.375,0
525,quadrotor_1,quadrotor,1795.2255198313899,933.5542502776431,4,hover_inspect,62.9000000000019,247.69138848761554,0,0.519375,0.375,0.375,0
526,fixedwing_0,fixedwing,1634.2344322357262,1488.1470681885269,7,turn_right,58.50000000000222,,,0.52,0.375,0.375,0
526,quadrotor_0,quadrotor,1873.7096045508558,1927.7786546368034,3,move_west,60.6000000000019,35.27382142620111,1,0.52,0.375,0.375,0
526,quadrotor_1,quadrotor,1795.2255198313899,933.5542502776431,4,hover_inspect,62.9000000000019,247.69138848761554,0,0.52,0.375,0.375,0
527,fixedwing_0,fixedwing,1613.3862745886975,1466.574995438681,5,turn_left,58.35000000000222,,,0.520625,0.375,0.375,0
527,quadrotor_0,quadrotor,1858.7096045508558,1927.7786546368034,4,hover_inspect,60.5000000000019,37.97427223456183,1,0.520625,0.375,0.375,0
527,quadrotor_1,quadrotor,1795.2255198313899,933.5542502776431,4,hover_inspect,62.9000000000019,247.69138848761554,0,0.520625,0.375,0.375,0
528,fixedwing_0,fixedwing,1603.6081788555114,1438.2132457776913,6,straight,58.20000000000222,,,0.52125,0.375,0.375,0
528,quadrotor_0,quadrotor,1858.7096045508558,1927.7786546368034,4,hover_inspect,60.5000000000019,37.97427223456183,1,0.52125,0.375,0.375,0
528,quadrotor_1,quadrotor,1795.2255198313899,933.5542502776431,4,hover_inspect,62.9000000000019,247.69138848761554,0,0.52125,0.375,0.375,0
529,fixedwing_0,fixedwing,1593.8300831223253,1409.8514961167016,7,turn_right,58.15000000000222,,,0.5225,0.375,0.375,0
529,quadrotor_0,quadrotor,1858.7096045508558,1927.7786546368034,4,hover_inspect,60.5000000000019,37.97427223456183,1,0.5225,0.375,0.375,0
529,quadrotor_1,quadrotor,1795.2255198313899,933.5542502776431,10,return_to_base,62.9000000000019,247.69138848761554,0,0.5225,0.375,0.375,0
530,fixedwing_0,fixedwing,1572.9819254752965,1388.2794233668558,6,straight,58.000000000002224,,,0.523125,0.375,0.375,0
530,quadrotor_0,quadrotor,1858.7096045508558,1927.7786546368034,4,hover_inspect,60.5000000000019,37.97427223456183,1,0.523125,0.375,0.375,0
530,quadrotor_1,quadrotor,1781.9173800236224,926.6337434423807,4,hover_inspect,62.8000000000019,238.33229646962022,0,0.523125,0.375,0.375,0
531,fixedwing_0,fixedwing,1552.1337678282678,1366.70735061701,7,turn_right,57.95000000000223,,,0.524375,0.375,0.375,0
531,quadrotor_0,quadrotor,1858.7096045508558,1927.7786546368034,0,move_north,60.5000000000019,37.97427223456183,1,0.524375,0.375,0.375,0
531,quadrotor_1,quadrotor,1781.9173800236224,926.6337434423807,10,return_to_base,62.8000000000019,238.33229646962022,0,0.524375,0.375,0.375,0
532,fixedwing_0,fixedwing,1524.1221683197143,1355.967225246587,5,turn_left,57.80000000000223,,,0.524375,0.375,0.375,0
532,quadrotor_0,quadrotor,1858.7096045508558,1942.7786546368034,4,hover_inspect,60.400000000001896,24.68157739574862,1,0.524375,0.375,0.375,0
532,quadrotor_1,quadrotor,1768.609240215855,919.7132366071183,2,move_east,62.7000000000019,229.57252263727688,0,0.524375,0.375,0.375,0
533,fixedwing_0,fixedwing,1503.2740106726856,1334.3951524967413,7,turn_right,57.65000000000223,,,0.524375,0.375,0.375,0
533,quadrotor_0,quadrotor,1858.7096045508558,1942.7786546368034,1,move_south,60.400000000001896,24.68157739574862,1,0.524375,0.375,0.375,0
533,quadrotor_1,quadrotor,1783.609240215855,919.7132366071183,4,hover_inspect,62.6000000000019,242.88395699132056,0,0.524375,0.375,0.375,0
534,fixedwing_0,fixedwing,1475.2624111641321,1323.6550271263184,5,turn_left,57.50000000000223,,,0.525,0.375,0.375,0
534,quadrotor_0,quadrotor,1858.7096045508558,1927.7786546368034,4,hover_inspect,60.300000000001894,37.97427223456183,1,0.525,0.375,0.375,0
534,quadrotor_1,quadrotor,1783.609240215855,919.7132366071183,0,move_north,62.6000000000019,242.88395699132056,0,0.525,0.375,0.375,0
535,fixedwing_0,fixedwing,1454.4142535171034,1302.0829543764726,6,straight,57.35000000000223,,,0.52625,0.375,0.375,0
535,quadrotor_0,quadrotor,1858.7096045508558,1927.7786546368034,1,move_south,60.300000000001894,37.97427223456183,1,0.52625,0.375,0.375,0
535,quadrotor_1,quadrotor,1783.609240215855,934.7132366071183,2,move_east,62.5000000000019,236.5430616490132,0,0.52625,0.375,0.375,0
536,fixedwing_0,fixedwing,1433.5660958700746,1280.5108816266268,6,straight,57.300000000002235,,,0.52625,0.375,0.375,0
536,quadrotor_0,quadrotor,1858.7096045508558,1912.7786546368034,4,hover_inspect,60.20000000000189,52.20067471543733,1,0.52625,0.375,0.375,0
536,quadrotor_1,quadrotor,1798.609240215855,934.7132366071183,4,hover_inspect,62.400000000001896,250.38309333500837,0,0.52625,0.375,0.375,0
537,fixedwing_0,fixedwing,1412.7179382230458,1258.938808876781,6,straight,57.25000000000224,,,0.526875,0.375,0.375,0
537,quadrotor_0,quadrotor,1858.7096045508558,1912.7786546368034,4,hover_inspect,60.20000000000189,52.20067471543733,1,0.526875,0.375,0.375,0
537,quadrotor_1,quadrotor,1798.609240215855,934.7132366071183,4,hover_inspect,62.400000000001896,250.38309333500837,0,0.526875,0.375,0.375,0
538,fixedwing_0,fixedwing,1391.869780576017,1237.3667361269352,9,change_altitude,57.20000000000224,,,0.5275,0.375,0.375,0
538,quadrotor_0,quadrotor,1858.7096045508558,1912.7786546368034,0,move_north,60.20000000000189,52.20067471543733,1,0.5275,0.375,0.375,0
538,quadrotor_1,quadrotor,1798.609240215855,934.7132366071183,4,hover_inspect,62.400000000001896,250.38309333500837,0,0.5275,0.375,0.375,0
539,fixedwing_0,fixedwing,1371.0216229289883,1215.7946633770894,8,orbit_candidate,57.150000000002244,,,0.528125,0.375,0.375,0
539,quadrotor_0,quadrotor,1858.7096045508558,1927.7786546368034,0,move_north,60.10000000000189,37.97427223456183,1,0.528125,0.375,0.375,0
539,quadrotor_1,quadrotor,1798.609240215855,934.7132366071183,0,move_north,62.400000000001896,250.38309333500837,0,0.528125,0.375,0.375,0
540,fixedwing_0,fixedwing,1355.8023422442805,1189.9417429339348,8,orbit_candidate,57.10000000000225,,,0.528125,0.375,0.375,0
540,quadrotor_0,quadrotor,1858.7096045508558,1942.7786546368034,4,hover_inspect,60.00000000000189,24.68157739574862,1,0.528125,0.375,0.375,0
540,quadrotor_1,quadrotor,1798.609240215855,949.7132366071183,4,hover_inspect,62.300000000001894,245.1564742741556,0,0.528125,0.375,0.375,0
541,fixedwing_0,fixedwing,1346.5166856441838,1161.41497337436,6,straight,57.05000000000225,,,0.528125,0.375,0.375,0
541,quadrotor_0,quadrotor,1858.7096045508558,1942.7786546368034,4,hover_inspect,60.00000000000189,24.68157739574862,1,0.528125,0.375,0.375,0
541,quadrotor_1,quadrotor,1798.609240215855,949.7132366071183,3,move_west,62.300000000001894,245.1564742741556,0,0.528125,0.375,0.375,0
542,fixedwing_0,fixedwing,1337.231029044087,1132.8882038147851,9,change_altitude,57.00000000000225,,,0.528125,0.375,0.375,0
542,quadrotor_0,quadrotor,1858.7096045508558,1942.7786546368034,4,hover_inspect,60.00000000000189,24.68157739574862,1,0.528125,0.375,0.375,0
542,quadrotor_1,quadrotor,1783.609240215855,949.7132366071183,0,move_north,62.20000000000189,231.00351396638118,0,0.528125,0.375,0.375,0
543,fixedwing_0,fixedwing,1327.9453724439904,1104.3614342552103,7,turn_right,56.950000000002255,,,0.528125,0.375,0.375,0
543,quadrotor_0,quadrotor,1858.7096045508558,1942.7786546368034,4,hover_inspect,60.00000000000189,24.68157739574862,1,0.528125,0.375,0.375,0
543,quadrotor_1,quadrotor,1783.609240215855,964.7132366071183,10,return_to_base,62.10000000000189,226.32416334837797,0,0.528125,0.375,0.375,0
544,fixedwing_0,fixedwing,1307.4737757952296,1082.4316889158215,8,orbit_candidate,56.80000000000226,,,0.528125,0.375,0.375,0
544,quadrotor_0,quadrotor,1858.7096045508558,1942.7786546368034,4,hover_inspect,60.00000000000189,24.68157739574862,1,0.528125,0.375,0.375,0
544,quadrotor_1,quadrotor,1770.415499994827,957.5770458179067,3,move_west,62.00000000000189,215.93752060361672,0,0.528125,0.375,0.375,0
545,fixedwing_0,fixedwing,1294.8717849894952,1055.2068872134732,6,straight,56.75000000000226,,,0.528125,0.375,0.375,0
545,quadrotor_0,quadrotor,1858.7096045508558,1942.7786546368034,4,hover_inspect,60.00000000000189,24.68157739574862,1,0.528125,0.375,0.375,0
545,quadrotor_1,quadrotor,1755.415499994827,957.5770458179067,4,hover_inspect,61.90000000000189,201.8309976127294,0,0.528125,0.375,0.375,0
546,fixedwing_0,fixedwing,1282.2697941837607,1027.982085511125,6,straight,56.70000000000226,,,0.528125,0.375,0.375,0
546,quadrotor_0,quadrotor,1858.7096045508558,1942.7786546368034,1,move_south,60.00000000000189,24.68157739574862,1,0.528125,0.375,0.375,0
546,quadrotor_1,quadrotor,1755.415499994827,957.5770458179067,3,move_west,61.90000000000189,201.8309976127294,0,0.528125,0.375,0.375,0
547,fixedwing_0,fixedwing,1269.6678033780263,1000.7572838087767,6,straight,56.650000000002265,,,0.528125,0.375,0.375,0
547,quadrotor_0,quadrotor,1858.7096045508558,1927.7786546368034,0,move_north,59.90000000000189,37.97427223456183,1,0.528125,0.375,0.375,0
547,quadrotor_1,quadrotor,1740.415499994827,957.5770458179067,2,move_east,61.80000000000189,187.8629564077542,0,0.528125,0.375,0.375,0
548,fixedwing_0,fixedwing,1257.0658125722919,973.5324821064285,9,change_altitude,56.60000000000227,,,0.528125,0.375,0.375,0
548,quadrotor_0,quadrotor,1858.7096045508558,1942.7786546368034,4,hover_inspect,59.80000000000189,24.68157739574862,1,0.528125,0.375,0.375,0
548,quadrotor_1,quadrotor,1755.415499994827,957.5770458179067,3,move_west,61.700000000001886,201.8309976127294,0,0.528125,0.375,0.375,0
549,fixedwing_0,fixedwing,1244.4638217665574,946.3076804040802,7,turn_right,56.55000000000227,,,0.529375,0.375,0.375,0
549,quadrotor_0,quadrotor,1858.7096045508558,1942.7786546368034,2,move_east,59.55000000000189,24.68157739574862,1,0.529375,0.375,0.375,0
549,quadrotor_1,quadrotor,1740.415499994827,957.5770458179067,4,hover_inspect,61.600000000001884,187.8629564077542,0,0.529375,0.375,0.375,0
550,fixedwing_0,fixedwing,1221.5368409954744,926.9594620695051,6,straight,56.40000000000227,,,0.529375,0.375,0.375,0
550,quadrotor_0,quadrotor,1873.7096045508558,1942.7786546368034,0,move_north,59.450000000001886,20.282440410494,1,0.529375,0.375,0.375,0
550,quadrotor_1,quadrotor,1740.415499994827,957.5770458179067,4,hover_inspect,61.600000000001884,187.8629564077542,0,0.529375,0.375,0.375,0
551,fixedwing_0,fixedwing,1198.6098602243915,907.61124373493,8,orbit_candidate,56.350000000002275,,,0.529375,0.375,0.375,0
551,quadrotor_0,quadrotor,1873.7096045508558,1957.7786546368034,4,hover_inspect,59.350000000001884,5.339691002572666,1,0.529375,0.375,0.375,0
551,quadrotor_1,quadrotor,1740.415499994827,957.5770458179067,4,hover_inspect,61.600000000001884,187.8629564077542,0,0.529375,0.375,0.375,0
552,fixedwing_0,fixedwing,1174.8100158256464,889.3474159161095,6,straight,56.30000000000228,,,0.529375,0.375,0.375,0
552,quadrotor_0,quadrotor,1873.7096045508558,1957.7786546368034,4,hover_inspect,59.350000000001884,5.339691002572666,1,0.529375,0.375,0.375,0
552,quadrotor_1,quadrotor,1740.415499994827,957.5770458179067,4,hover_inspect,61.600000000001884,187.8629564077542,0,0.529375,0.375,0.375,0
553,fixedwing_0,fixedwing,1151.0101714269013,871.0835880972891,6,straight,56.25000000000228,,,0.529375,0.375,0.375,0
553,quadrotor_0,quadrotor,1873.7096045508558,1957.7786546368034,4,hover_inspect,59.350000000001884,5.339691002572666,1,0.529375,0.375,0.375,0
553,quadrotor_1,quadrotor,1740.415499994827,957.5770458179067,3,move_west,61.600000000001884,187.8629564077542,0,0.529375,0.375,0.375,0
554,fixedwing_0,fixedwing,1127.2103270281561,852.8197602784686,8,orbit_candidate,56.200000000002284,,,0.529375,0.375,0.375,0
554,quadrotor_0,quadrotor,1873.7096045508558,1957.7786546368034,4,hover_inspect,59.350000000001884,5.339691002572666,1,0.529375,0.375,0.375,0
554,quadrotor_1,quadrotor,1725.415499994827,957.5770458179067,4,hover_inspect,61.50000000000188,174.06673772772882,0,0.529375,0.375,0.375,0
555,fixedwing_0,fixedwing,1119.3867700498558,823.857855019883,6,straight,56.15000000000229,,,0.529375,0.375,0.375,0
555,quadrotor_0,quadrotor,1873.7096045508558,1957.7786546368034,4,hover_inspect,59.350000000001884,5.339691002572666,1,0.529375,0.375,0.375,0
555,quadrotor_1,quadrotor,1725.415499994827,957.5770458179067,0,move_north,61.50000000000188,174.06673772772882,0,0.529375,0.375,0.375,0
556,fixedwing_0,fixedwing,1111.5632130715555,794.8959497612974,6,straight,56.10000000000229,,,0.53,0.375,0.375,0
556,quadrotor_0,quadrotor,1873.7096045508558,1957.7786546368034,4,hover_inspect,59.350000000001884,5.339691002572666,1,0.53,0.375,0.375,0
556,quadrotor_1,quadrotor,1725.415499994827,972.5770458179067,4,hover_inspect,61.40000000000188,168.508595952921,0,0.53,0.375,0.375,0
557,fixedwing_0,fixedwing,1103.7396560932552,765.9340445027118,6,straight,56.05000000000229,,,0.53125,0.375,0.375,0
557,quadrotor_0,quadrotor,1873.7096045508558,1957.7786546368034,4,hover_inspect,59.350000000001884,5.339691002572666,1,0.53125,0.375,0.375,0
557,quadrotor_1,quadrotor,1725.415499994827,972.5770458179067,4,hover_inspect,61.15000000000188,168.508595952921,0,0.53125,0.375,0.375,0
558,fixedwing_0,fixedwing,1095.916099114955,736.9721392441262,9,change_altitude,56.000000000002295,,,0.533125,0.375,0.375,0
558,quadrotor_0,quadrotor,1873.7096045508558,1957.7786546368034,0,move_north,59.350000000001884,5.339691002572666,1,0.533125,0.375,0.375,0
558,quadrotor_1,quadrotor,1725.415499994827,972.5770458179067,4,hover_inspect,61.15000000000188,168.508595952921,0,0.533125,0.375,0.375,0
559,fixedwing_0,fixedwing,1088.0925421366546,708.0102339855406,6,straight,55.9500000000023,,,0.535,0.375,0.375,0
559,quadrotor_0,quadrotor,1873.7096045508558,1972.7786546368034,4,hover_inspect,59.25000000000188,9.779939212524326,1,0.535,0.375,0.375,0
559,quadrotor_1,quadrotor,1725.415499994827,972.5770458179067,4,hover_inspect,61.15000000000188,168.508595952921,0,0.535,0.375,0.375,0
560,fixedwing_0,fixedwing,1080.2689851583543,679.048328726955,6,straight,55.9000000000023,,,0.535625,0.375,0.375,0
560,quadrotor_0,quadrotor,1873.7096045508558,1972.7786546368034,0,move_north,59.25000000000188,9.779939212524326,1,0.535625,0.375,0.375,0
560,quadrotor_1,quadrotor,1725.415499994827,972.5770458179067,4,hover_inspect,61.15000000000188,168.508595952921,0,0.535625,0.375,0.375,0
561,fixedwing_0,fixedwing,1072.445428180054,650.0864234683694,5,turn_left,55.850000000002304,,,0.5375,0.375,0.375,0
561,quadrotor_0,quadrotor,1873.7096045508558,1987.7786546368034,4,hover_inspect,59.15000000000188,24.75443641043735,1,0.5375,0.375,0.375,0
561,quadrotor_1,quadrotor,1725.415499994827,972.5770458179067,4,hover_inspect,61.15000000000188,168.508595952921,0,0.5375,0.375,0.375,0
562,fixedwing_0,fixedwing,1077.5947076253779,620.5316451542969,6,straight,55.700000000002305,,,0.539375,0.375,0.375,0
562,quadrotor_0,quadrotor,1873.7096045508558,1987.7786546368034,4,hover_inspect,59.15000000000188,24.75443641043735,1,0.539375,0.375,0.375,0
562,quadrotor_1,quadrotor,1725.415499994827,972.5770458179067,1,move_south,61.15000000000188,168.508595952921,0,0.539375,0.375,0.375,0
563,fixedwing_0,fixedwing,1082.7439870707017,590.9768668402245,9,change_altitude,55.65000000000231,,,0.54125,0.375,0.375,0
563,quadrotor_0,quadrotor,1873.7096045508558,1987.7786546368034,0,move_north,59.15000000000188,24.75443641043735,1,0.54125,0.375,0.375,0
563,quadrotor_1,quadrotor,1725.415499994827,957.5770458179067,4,hover_inspect,61.05000000000188,174.06673772772882,0,0.54125,0.375,0.375,0
564,fixedwing_0,fixedwing,1087.8932665160255,561.422088526152,9,change_altitude,55.60000000000231,,,0.54125,0.375,0.375,0
564,quadrotor_0,quadrotor,1873.7096045508558,2000.0,4,hover_inspect,59.05000000000188,36.97029268720314,1,0.54125,0.375,0.375,0
564,quadrotor_1,quadrotor,1725.415499994827,957.5770458179067,4,hover_inspect,61.05000000000188,174.06673772772882,0,0.54125,0.375,0.375,0
565,fixedwing_0,fixedwing,1093.0425459613493,531.8673102120796,9,change_altitude,55.55000000000231,,,0.54125,0.375,0.375,0
565,quadrotor_0,quadrotor,1873.7096045508558,2000.0,2,move_east,59.05000000000188,36.97029268720314,1,0.54125,0.375,0.375,0
565,quadrotor_1,quadrotor,1725.415499994827,957.5770458179067,4,hover_inspect,61.05000000000188,174.06673772772882,0,0.54125,0.375,0.375,0
566,fixedwing_0,fixedwing,1098.1918254066732,502.31253189800714,6,straight,55.500000000002316,,,0.54125,0.375,0.375,0
566,quadrotor_0,quadrotor,1888.7096045508558,2000.0,4,hover_inspect,58.95000000000188,40.23679494741569,1,0.54125,0.375,0.375,0
566,quadrotor_1,quadrotor,1725.415499994827,957.5770458179067,2,move_east,61.05000000000188,174.06673772772882,0,0.54125,0.375,0.375,0
567,fixedwing_0,fixedwing,1103.341104851997,472.7577535839347,8,orbit_candidate,55.45000000000232,,,0.54125,0.375,0.375,0
567,quadrotor_0,quadrotor,1888.7096045508558,2000.0,4,hover_inspect,58.95000000000188,40.23679494741569,1,0.54125,0.375,0.375,0
567,quadrotor_1,quadrotor,1740.415499994827,957.5770458179067,4,hover_inspect,60.95000000000188,187.8629564077542,0,0.54125,0.375,0.375,0
568,fixedwing_0,fixedwing,1119.4328744137902,447.4386905607866,9,change_altitude,55.40000000000232,,,0.54125,0.375,0.375,0
568,quadrotor_0,quadrotor,1888.7096045508558,2000.0,4,hover_inspect,58.95000000000188,40.23679494741569,1,0.54125,0.375,0.375,0
568,quadrotor_1,quadrotor,1740.415499994827,957.5770458179067,4,hover_inspect,60.95000000000188,187.8629564077542,0,0.54125,0.375,0.375,0
569,fixedwing_0,fixedwing,1135.5246439755833,422.1196275376385,6,straight,55.350000000002325,,,0.54125,0.375,0.375,0
569,quadrotor_0,quadrotor,1888.7096045508558,2000.0,4,hover_inspect,58.95000000000188,40.23679494741569,1,0.54125,0.375,0.375,0
569,quadrotor_1,quadrotor,1740.415499994827,957.5770458179067,4,hover_inspect,60.95000000000188,187.8629564077542,0,0.54125,0.375,0.375,0
570,fixedwing_0,fixedwing,1151.6164135373765,396.8005645144904,6,straight,55.30000000000233,,,0.543125,0.375,0.375,0
570,quadrotor_0,quadrotor,1888.7096045508558,2000.0,4,hover_inspect,58.95000000000188,40.23679494741569,1,0.543125,0.375,0.375,0
570,quadrotor_1,quadrotor,1740.415499994827,957.5770458179067,2,move_east,60.95000000000188,187.8629564077542,0,0.543125,0.375,0.375,0
571,fixedwing_0,fixedwing,1167.7081830991697,371.4815014913423,6,straight,55.25000000000233,,,0.544375,0.375,0.375,0
571,quadrotor_0,quadrotor,1888.7096045508558,2000.0,4,hover_inspect,58.95000000000188,40.23679494741569,1,0.544375,0.375,0.375,0
571,quadrotor_1,quadrotor,1755.415499994827,957.5770458179067,0,move_north,60.85000000000188,201.8309976127294,0,0.544375,0.375,0.375,0
572,fixedwing_0,fixedwing,1183.7999526609628,346.16243846819424,9,change_altitude,55.20000000000233,,,0.546875,0.375,0.375,0
572,quadrotor_0,quadrotor,1888.7096045508558,2000.0,4,hover_inspect,58.95000000000188,40.23679494741569,1,0.546875,0.375,0.375,0
572,quadrotor_1,quadrotor,1755.415499994827,972.5770458179067,0,move_north,60.750000000001876,197.0575279561794,0,0.546875,0.375,0.375,0
573,fixedwing_0,fixedwing,1199.891722222756,320.84337544504615,6,straight,55.150000000002336,,,0.549375,0.375,0.375,0
573,quadrotor_0,quadrotor,1888.7096045508558,2000.0,4,hover_inspect,58.95000000000188,40.23679494741569,1,0.549375,0.375,0.375,0
573,quadrotor_1,quadrotor,1755.415499994827,987.5770458179067,4,hover_inspect,60.650000000001874,193.33284007392868,0,0.549375,0.375,0.375,0
574,fixedwing_0,fixedwing,1215.9834917845492,295.52431242189806,6,straight,55.10000000000234,,,0.550625,0.375,0.375,0
574,quadrotor_0,quadrotor,1888.7096045508558,2000.0,0,move_north,58.95000000000188,40.23679494741569,1,0.550625,0.375,0.375,0
574,quadrotor_1,quadrotor,1755.415499994827,987.5770458179067,0,move_north,60.650000000001874,193.33284007392868,0,0.550625,0.375,0.375,0
575,fixedwing_0,fixedwing,1232.0752613463424,270.20524939874997,5,turn_left,55.05000000000234,,,0.55375,0.5,0.375,0
575,quadrotor_0,quadrotor,1888.7096045508558,2000.0,1,move_south,58.85000000000188,1977.95101321702,0,0.55375,0.5,0.375,0
575,quadrotor_1,quadrotor,1755.415499994827,1002.5770458179067,4,hover_inspect,60.55000000000187,,,0.55375,0.5,0.375,0
576,fixedwing_0,fixedwing,1257.359655811141,254.0590611009361,6,straight,54.90000000000234,,,0.55625,0.5,0.375,0
576,quadrotor_0,quadrotor,1888.7096045508558,1985.0,1,move_south,58.750000000001876,1963.8443372268848,0,0.55625,0.5,0.375,0
576,quadrotor_1,quadrotor,1755.415499994827,1002.5770458179067,0,move_north,60.55000000000187,,,0.55625,0.5,0.375,0
577,fixedwing_0,fixedwing,1282.6440502759397,237.91287280312224,6,straight,54.850000000002346,,,0.558125,0.5,0.375,0
577,quadrotor_0,quadrotor,1888.7096045508558,1970.0,10,return_to_base,58.650000000001874,1949.7509971865559,0,0.558125,0.5,0.375,0
577,quadrotor_1,quadrotor,1755.415499994827,1017.5770458179067,4,hover_inspect,60.45000000000187,,,0.558125,0.5,0.375,0
578,fixedwing_0,fixedwing,1307.9284447407383,221.76668450530838,10,return_to_base,54.80000000000235,,,0.559375,0.5,0.375,0
578,quadrotor_0,quadrotor,1878.3287525459007,1959.1723542886177,10,return_to_base,58.55000000000187,1936.024910603755,0,0.559375,0.5,0.375,0
578,quadrotor_1,quadrotor,1755.415499994827,1017.5770458179067,4,hover_inspect,60.45000000000187,,,0.559375,0.5,0.375,0
579,fixedwing_0,fixedwing,1278.3506006613077,216.75159331841203,7,turn_right,54.75000000000235,,,0.560625,0.5,0.375,0
579,quadrotor_0,quadrotor,1867.9479005409455,1948.3447085772355,10,return_to_base,58.45000000000187,1922.3178607937311,0,0.560625,0.5,0.375,0
579,quadrotor_1,quadrotor,1755.415499994827,1017.5770458179067,4,hover_inspect,60.45000000000187,,,0.560625,0.5,0.375,0
580,fixedwing_0,fixedwing,1249.4245011284866,224.70651417391545,6,straight,54.60000000000235,,,0.560625,0.5,0.375,0
580,quadrotor_0,quadrotor,1857.5670485359904,1937.5170628658532,1,move_south,58.35000000000187,1908.6302579009102,0,0.560625,0.5,0.375,0
580,quadrotor_1,quadrotor,1755.415499994827,1017.5770458179067,4,hover_inspect,60.45000000000187,,,0.560625,0.5,0.375,0
581,fixedwing_0,fixedwing,1220.4984015956654,232.66143502941887,6,straight,54.550000000002356,,,0.561875,0.5,0.375,0
581,quadrotor_0,quadrotor,1857.5670485359904,1922.5170628658532,1,move_south,58.25000000000187,1894.5021297588414,0,0.561875,0.5,0.375,0
581,quadrotor_1,quadrotor,1755.415499994827,1017.5770458179067,4,hover_inspect,60.45000000000187,,,0.561875,0.5,0.375,0
582,fixedwing_0,fixedwing,1191.5723020628443,240.61635588492229,6,straight,54.50000000000236,,,0.5625,0.5,0.375,0
582,quadrotor_0,quadrotor,1857.5670485359904,1907.5170628658532,10,return_to_base,58.15000000000187,1880.3875073895479,0,0.5625,0.5,0.375,0
582,quadrotor_1,quadrotor,1755.415499994827,1017.5770458179067,1,move_south,60.45000000000187,,,0.5625,0.5,0.375,0
583,fixedwing_0,fixedwing,1162.6462025300232,248.5712767404257,8,orbit_candidate,54.45000000000236,,,0.56375,0.5,0.375,0
583,quadrotor_0,quadrotor,1847.1020816776536,1896.770692843659,1,move_south,58.050000000001866,1866.735210134869,0,0.56375,0.5,0.375,0
583,quadrotor_1,quadrotor,1755.415499994827,1002.5770458179067,10,return_to_base,60.35000000000187,,,0.56375,0.5,0.375,0
584,fixedwing_0,fixedwing,1132.7384408511102,246.22057655594034,6,straight,54.400000000002365,,,0.565,0.5,0.375,0
584,quadrotor_0,quadrotor,1847.1020816776536,1881.770692843659,10,return_to_base,57.950000000001864,1852.617498066946,0,0.565,0.5,0.375,0
584,quadrotor_1,quadrotor,1742.3901989986184,995.1378567520095,1,move_south,60.25000000000187,,,0.565,0.5,0.375,0
585,fixedwing_0,fixedwing,1102.8306791721973,243.86987637145498,5,turn_left,54.35000000000237,,,0.566875,0.5,0.375,0
585,quadrotor_0,quadrotor,1836.594547308673,1871.0659405585898,1,move_south,57.85000000000186,1838.9939414006121,0,0.566875,0.5,0.375,0
585,quadrotor_1,quadrotor,1742.3901989986184,980.1378567520095,2,move_east,60.15000000000187,,,0.566875,0.5,0.375,0
586,fixedwing_0,fixedwing,1076.718490695603,229.09985223597008,6,straight,54.20000000000237,,,0.5675,0.5,0.375,0
586,quadrotor_0,quadrotor,1836.594547308673,1856.0659405585898,1,move_south,57.75000000000186,1824.872902002566,0,0.5675,0.5,0.375,0
586,quadrotor_1,quadrotor,1757.3901989986184,980.1378567520095,4,hover_inspect,60.050000000001866,,,0.5675,0.5,0.375,0
587,fixedwing_0,fixedwing,1050.6063022190085,214.32982810048517,6,straight,54.15000000000237,,,0.57,0.5,0.375,0
587,quadrotor_0,quadrotor,1836.594547308673,1841.0659405585898,1,move_south,57.65000000000186,1810.7659982500156,0,0.57,0.5,0.375,0
587,quadrotor_1,quadrotor,1757.3901989986184,980.1378567520095,4,hover_inspect,59.800000000001866,,,0.57,0.5,0.375,0
588,fixedwing_0,fixedwing,1024.4941137424141,199.55980396500027,9,change_altitude,54.100000000002375,,,0.57125,0.5,0.375,0
588,quadrotor_0,quadrotor,1836.594547308673,1826.0659405585898,10,return_to_base,57.55000000000186,1796.6735631086367,0,0.57125,0.5,0.375,0
588,quadrotor_1,quadrotor,1757.3901989986184,980.1378567520095,4,hover_inspect,59.800000000001866,,,0.57125,0.5,0.375,0
589,fixedwing_0,fixedwing,998.3819252658196,184.78977982951537,7,turn_right,54.05000000000238,,,0.573125,0.5,0.375,0
589,quadrotor_0,quadrotor,1825.957500024771,1815.489872050868,1,move_south,57.45000000000186,1783.0957903176945,0,0.573125,0.5,0.375,0
589,quadrotor_1,quadrotor,1757.3901989986184,980.1378567520095,1,move_south,59.800000000001866,,,0.573125,0.5,0.375,0
590,fixedwing_0,fixedwing,968.4741635869066,182.43907964503,7,turn_right,53.90000000000238,,,0.57375,0.5,0.375,0
590,quadrotor_0,quadrotor,1825.957500024771,1800.489872050868,1,move_south,57.350000000001856,1768.999794081114,0,0.57375,0.5,0.375,0
590,quadrotor_1,quadrotor,1757.3901989986184,965.1378567520095,2,move_east,59.700000000001864,,,0.57375,0.5,0.375,0
591,fixedwing_0,fixedwing,940.3750774586306,192.94818801613977,7,turn_right,53.75000000000238,,,0.574375,0.5,0.375,0
591,quadrotor_0,quadrotor,1825.957500024771,1785.489872050868,1,move_south,57.250000000001855,1754.9187860038892,0,0.574375,0.5,0.375,0
591,quadrotor_1,quadrotor,1772.3901989986184,965.1378567520095,4,hover_inspect,59.60000000000186,,,0.574375,0.5,0.375,0
592,fixedwing_0,fixedwing,919.3499980042036,214.34786170372277,8,orbit_candidate,53.60000000000238,,,0.574375,0.5,0.375,0
592,quadrotor_0,quadrotor,1825.957500024771,1770.489872050868,1,move_south,57.15000000000185,1740.8531297842746,0,0.574375,0.5,0.375,0
592,quadrotor_1,quadrotor,1772.3901989986184,965.1378567520095,4,hover_inspect,59.60000000000186,,,0.574375,0.5,0.375,0
593,fixedwing_0,fixedwing,890.2159298118062,221.50370341247628,8,orbit_candidate,53.550000000002385,,,0.574375,0.5,0.375,0
593,quadrotor_0,quadrotor,1825.957500024771,1755.489872050868,1,move_south,57.05000000000185,1726.803200567466,0,0.574375,0.5,0.375,0
593,quadrotor_1,quadrotor,1772.3901989986184,965.1378567520095,4,hover_inspect,59.60000000000186,,,0.574375,0.5,0.375,0
594,fixedwing_0,fixedwing,861.0031910200255,214.67612021758262,8,orbit_candidate,53.50000000000239,,,0.575,0.5,0.375,0
594,quadrotor_0,quadrotor,1825.957500024771,1740.489872050868,1,move_south,56.95000000000185,1712.7693853815772,0,0.575,0.5,0.375,0
594,quadrotor_1,quadrotor,1772.3901989986184,965.1378567520095,4,hover_inspect,59.35000000000186,,,0.575,0.5,0.375,0
595,fixedwing_0,fixedwing,836.8531147909885,196.87797935591675,5,turn_left,53.45000000000239,,,0.575625,0.5,0.375,0
595,quadrotor_0,quadrotor,1825.957500024771,1725.489872050868,1,move_south,56.85000000000185,1698.7520835927546,0,0.575625,0.5,0.375,0
595,quadrotor_1,quadrotor,1772.3901989986184,965.1378567520095,1,move_south,59.35000000000186,,,0.575625,0.5,0.375,0
596,fixedwing_0,fixedwing,822.4875320002568,170.54112246139277,6,straight,53.30000000000239,,,0.57625,0.5,0.375,0
596,quadrotor_0,quadrotor,1825.957500024771,1710.489872050868,10,return_to_base,56.75000000000185,1684.751707380368,0,0.57625,0.5,0.375,0
596,quadrotor_1,quadrotor,1772.3901989986184,950.1378567520095,4,hover_inspect,59.25000000000186,,,0.57625,0.5,0.375,0
597,fixedwing_0,fixedwing,808.1219492095252,144.2042655668688,6,straight,53.250000000002395,,,0.578125,0.5,0.375,0
597,quadrotor_0,quadrotor,1815.0104185272633,1700.2350484694052,1,move_south,56.650000000001846,1671.2531656372753,0,0.578125,0.5,0.375,0
597,quadrotor_1,quadrotor,1772.3901989986184,950.1378567520095,4,hover_inspect,59.25000000000186,,,0.578125,0.5,0.375,0
598,fixedwing_0,fixedwing,793.7563664187935,117.86740867234482,6,straight,53.2000000000024,,,0.578125,0.5,0.375,0
598,quadrotor_0,quadrotor,1815.0104185272633,1685.2350484694052,10,return_to_base,56.550000000001845,1657.249064676278,0,0.578125,0.5,0.375,0
598,quadrotor_1,quadrotor,1772.3901989986184,950.1378567520095,4,hover_inspect,59.25000000000186,,,0.578125,0.5,0.375,0
599,fixedwing_0,fixedwing,779.3907836280619,91.53055177782085,6,straight,53.1500000000024,,,0.57875,0.5,0.375,0
599,quadrotor_0,quadrotor,1804.0181182370145,1675.028710520415,1,move_south,56.45000000000184,1643.784338108461,0,0.57875,0.5,0.375,0
599,quadrotor_1,quadrotor,1772.3901989986184,950.1378567520095,4,hover_inspect,59.00000000000186,,,0.57875,0.5,0.375,0
600,fixedwing_0,fixedwing,765.0252008373302,65.19369488329687,9,change_altitude,53.1000000000024,,,0.579375,0.5,0.375,0
600,quadrotor_0,quadrotor,1804.0181182370145,1660.028710520415,1,move_south,56.35000000000184,1629.7761990736415,0,0.579375,0.5,0.375,0
600,quadrotor_1,quadrotor,1772.3901989986184,950.1378567520095,4,hover_inspect,59.00000000000186,,,0.579375,0.5,0.375,0
601,fixedwing_0,fixedwing,750.6596180465986,38.85683798877289,6,straight,53.050000000002406,,,0.579375,0.5,0.375,0
601,quadrotor_0,quadrotor,1804.0181182370145,1645.028710520415,1,move_south,56.25000000000184,1615.7858669771745,0,0.579375,0.5,0.375,0
601,quadrotor_1,quadrotor,1772.3901989986184,950.1378567520095,4,hover_inspect,59.00000000000186,,,0.579375,0.5,0.375,0
602,fixedwing_0,fixedwing,736.2940352558669,12.519981094248905,9,change_altitude,53.00000000000241,,,0.579375,0.5,0.375,0
602,quadrotor_0,quadrotor,1804.0181182370145,1630.028710520415,1,move_south,56.15000000000184,1601.8138083995384,0,0.579375,0.5,0.375,0
602,quadrotor_1,quadrotor,1772.3901989986184,950.1378567520095,2,move_east,59.00000000000186,,,0.579375,0.5,0.375,0
603,fixedwing_0,fixedwing,721.9284524651353,0.0,6,straight,52.95000000000241,,,0.58,0.5,0.375,0
603,quadrotor_0,quadrotor,1804.0181182370145,1615.028710520415,1,move_south,56.05000000000184,1587.8605057232473,0,0.58,0.5,0.375,0
603,quadrotor_1,quadrotor,1787.3901989986184,950.1378567520095,1,move_south,58.90000000000186,,,0.58,0.5,0.375,0
604,fixedwing_0,fixedwing,707.5628696744036,0.0,6,straight,52.900000000002414,,,0.58,0.5,0.375,0
604,quadrotor_0,quadrotor,1804.0181182370145,1600.028710520415,1,move_south,55.950000000001836,1573.9264577774723,0,0.58,0.5,0.375,0
604,quadrotor_1,quadrotor,1787.3901989986184,935.1378567520095,3,move_west,58.80000000000186,,,0.58,0.5,0.375,0
605,fixedwing_0,fixedwing,693.197286883672,0.0,7,turn_right,52.85000000000242,,,0.58,0.5,0.375,0
605,quadrotor_0,quadrotor,1804.0181182370145,1585.028710520415,1,move_south,55.850000000001835,1560.012180512766,0,0.58,0.5,0.375,0
605,quadrotor_1,quadrotor,1772.3901989986184,935.1378567520095,4,hover_inspect,58.70000000000186,,,0.58,0.5,0.375,0
606,fixedwing_0,fixedwing,669.0472106546349,0.0,6,straight,52.70000000000242,,,0.580625,0.5,0.375,0
606,quadrotor_0,quadrotor,1804.0181182370145,1570.028710520415,4,hover_inspect,55.75000000000183,1546.1182077074343,0,0.580625,0.5,0.375,0
606,quadrotor_1,quadrotor,1772.3901989986184,935.1378567520095,2,move_east,58.70000000000186,,,0.580625,0.5,0.375,0
607,fixedwing_0,fixedwing,644.8971344255979,0.0,6,straight,52.65000000000242,,,0.58125,0.5,0.375,0
607,quadrotor_0,quadrotor,1804.0181182370145,1570.028710520415,1,move_south,55.75000000000183,1546.1182077074343,0,0.58125,0.5,0.375,0
607,quadrotor_1,quadrotor,1787.3901989986184,935.1378567520095,4,hover_inspect,58.600000000001856,,,0.58125,0.5,0.375,0
608,fixedwing_0,fixedwing,620.7470581965608,0.0,6,straight,52.600000000002424,,,0.581875,0.5,0.375,0
608,quadrotor_0,quadrotor,1804.0181182370145,1555.028710520415,10,return_to_base,55.65000000000183,1532.2450917071665,0,0.581875,0.5,0.375,0
608,quadrotor_1,quadrotor,1787.3901989986184,935.1378567520095,10,return_to_base,58.600000000001856,,,0.581875,0.5,0.375,0
609,fixedwing_0,fixedwing,596.5969819675238,0.0,5,turn_left,52.55000000000243,,,0.5825,0.5,0.375,0
609,quadrotor_0,quadrotor,1792.6564725995072,1545.235191826518,1,move_south,55.55000000000183,1518.8692564364767,0,0.5825,0.5,0.375,0
609,quadrotor_1,quadrotor,1774.0993222669345,928.1842536785533,3,move_west,58.500000000001855,,,0.5825,0.5,0.375,0
610,fixedwing_0,fixedwing,582.2313991767921,0.0,7,turn_right,52.40000000000243,,,0.5825,0.5,0.375,0
610,quadrotor_0,quadrotor,1792.6564725995072,1530.235191826518,1,move_south,55.45000000000183,1504.9920705987013,0,0.5825,0.5,0.375,0
610,quadrotor_1,quadrotor,1759.0993222669345,928.1842536785533,4,hover_inspect,58.40000000000185,,,0.5825,0.5,0.375,0
611,fixedwing_0,fixedwing,558.0813229477551,0.0,8,orbit_candidate,52.25000000000243,,,0.583125,0.5,0.375,0
611,quadrotor_0,quadrotor,1792.6564725995072,1515.235191826518,1,move_south,55.35000000000183,1491.136629213446,0,0.583125,0.5,0.375,0
611,quadrotor_1,quadrotor,1759.0993222669345,928.1842536785533,2,move_east,58.40000000000185,,,0.583125,0.5,0.375,0
612,fixedwing_0,fixedwing,542.9514176807115,0.0,6,straight,52.20000000000243,,,0.583125,0.5,0.375,0
612,quadrotor_0,quadrotor,1792.6564725995072,1500.235191826518,1,move_south,55.250000000001826,1477.3035440961714,0,0.583125,0.5,0.375,0
612,quadrotor_1,quadrotor,1774.0993222669345,928.1842536785533,4,hover_inspect,58.30000000000185,,,0.583125,0.5,0.375,0
613,fixedwing_0,fixedwing,527.821512413668,0.0,5,turn_left,52.150000000002436,,,0.583125,0.5,0.375,0
613,quadrotor_0,quadrotor,1792.6564725995072,1485.235191826518,1,move_south,55.150000000001825,1463.4934491879967,0,0.583125,0.5,0.375,0
613,quadrotor_1,quadrotor,1774.0993222669345,928.1842536785533,3,move_west,58.30000000000185,,,0.583125,0.5,0.375,0
614,fixedwing_0,fixedwing,525.0572257165933,0.0,6,straight,52.00000000000244,,,0.583125,0.5,0.375,0
614,quadrotor_0,quadrotor,1792.6564725995072,1470.235191826518,1,move_south,55.05000000000182,1449.7070015121158,0,0.583125,0.5,0.375,0
614,quadrotor_1,quadrotor,1759.0993222669345,928.1842536785533,4,hover_inspect,58.20000000000185,,,0.583125,0.5,0.375,0
615,fixedwing_0,fixedwing,522.2929390195186,0.0,6,straight,51.95000000000244,,,0.583125,0.5,0.375,0
615,quadrotor_0,quadrotor,1792.6564725995072,1455.235191826518,10,return_to_base,54.95000000000182,1435.9448821770009,0,0.583125,0.5,0.375,0
615,quadrotor_1,quadrotor,1759.0993222669345,928.1842536785533,1,move_south,58.20000000000185,,,0.583125,0.5,0.375,0
616,fixedwing_0,fixedwing,519.5286523224439,0.0,6,straight,51.90000000000244,,,0.583125,0.5,0.375,0
616,quadrotor_0,quadrotor,1781.0106362069182,1445.7813833496634,10,return_to_base,54.85000000000182,1422.6409980919723,0,0.583125,0.5,0.375,0
616,quadrotor_1,quadrotor,1759.0993222669345,913.1842536785533,1,move_south,58.10000000000185,,,0.583125,0.5,0.375,0
617,fixedwing_0,fixedwing,516.7643656253692,0.0,8,orbit_candidate,51.850000000002446,,,0.583125,0.5,0.375,0
617,quadrotor_0,quadrotor,1769.3647998143292,1436.3275748728088,1,move_south,54.75000000000182,1409.3711768919945,0,0.583125,0.5,0.375,0
617,quadrotor_1,quadrotor,1759.0993222669345,898.1842536785533,4,hover_inspect,58.00000000000185,,,0.583125,0.5,0.375,0
618,fixedwing_0,fixedwing,527.7722345715384,0.0,6,straight,51.80000000000245,,,0.583125,0.5,0.375,0
618,quadrotor_0,quadrotor,1769.3647998143292,1421.3275748728088,1,move_south,54.65000000000182,1395.5757439779497,0,0.583125,0.5,0.375,0
618,quadrotor_1,quadrotor,1759.0993222669345,898.1842536785533,4,hover_inspect,58.00000000000185,,,0.583125,0.5,0.375,0
619,fixedwing_0,fixedwing,538.7801035177076,0.0,9,change_altitude,51.75000000000245,,,0.583125,0.5,0.375,0
619,quadrotor_0,quadrotor,1769.3647998143292,1406.3275748728088,1,move_south,54.550000000001816,1381.805413256617,0,0.583125,0.5,0.375,0
619,quadrotor_1,quadrotor,1759.0993222669345,898.1842536785533,2,move_east,58.00000000000185,,,0.583125,0.5,0.375,0
620,fixedwing_0,fixedwing,549.7879724638768,0.0,8,orbit_candidate,51.700000000002454,,,0.583125,0.5,0.375,0
620,quadrotor_0,quadrotor,1769.3647998143292,1391.3275748728088,1,move_south,54.450000000001815,1368.0609427328052,0,0.583125,0.5,0.375,0
620,quadrotor_1,quadrotor,1774.0993222669345,898.1842536785533,2,move_east,57.900000000001846,,,0.583125,0.5,0.375,0
621,fixedwing_0,fixedwing,566.3713723024487,0.0,5,turn_left,51.65000000000246,,,0.58375,0.5,0.375,0
621,quadrotor_0,quadrotor,1769.3647998143292,1376.3275748728088,10,return_to_base,54.35000000000181,1354.3431197287687,0,0.58375,0.5,0.375,0
621,quadrotor_1,quadrotor,1789.0993222669345,898.1842536785533,2,move_east,57.800000000001845,,,0.58375,0.5,0.375,0
622,fixedwing_0,fixedwing,591.9664159140405,0.0,6,straight,51.50000000000246,,,0.58375,0.5,0.375,0
622,quadrotor_0,quadrotor,1757.5250190560635,1367.1178196319677,4,hover_inspect,54.25000000000181,1341.1337797775527,0,0.58375,0.5,0.375,0
622,quadrotor_1,quadrotor,1804.0993222669345,898.1842536785533,1,move_south,57.70000000000184,,,0.58375,0.5,0.375,0
623,fixedwing_0,fixedwing,617.5614595256322,0.0,6,straight,51.45000000000246,,,0.58375,0.5,0.375,0
623,quadrotor_0,quadrotor,1757.5250190560635,1367.1178196319677,1,move_south,54.25000000000181,1341.1337797775527,0,0.58375,0.5,0.375,0
623,quadrotor_1,quadrotor,1804.0993222669345,883.1842536785533,1,move_south,57.60000000000184,,,0.58375,0.5,0.375,0
624,fixedwing_0,fixedwing,643.156503137224,0.0,9,change_altitude,51.400000000002464,,,0.58375,0.5,0.375,0
624,quadrotor_0,quadrotor,1757.5250190560635,1352.1178196319677,1,move_south,54.15000000000181,1327.4112591218038,0,0.58375,0.5,0.375,0
624,quadrotor_1,quadrotor,1804.0993222669345,868.1842536785533,3,move_west,57.50000000000184,,,0.58375,0.5,0.375,0
625,fixedwing_0,fixedwing,668.7515467488158,0.0,5,turn_left,51.35000000000247,,,0.584375,0.5,0.375,0
625,quadrotor_0,quadrotor,1757.5250190560635,1337.1178196319677,1,move_south,54.05000000000181,1313.7166690067688,0,0.584375,0.5,0.375,0
625,quadrotor_1,quadrotor,1789.0993222669345,868.1842536785533,4,hover_inspect,57.40000000000184,,,0.584375,0.5,0.375,0
626,fixedwing_0,fixedwing,698.5621215797006,0.0,5,turn_left,51.20000000000247,,,0.584375,0.5,0.375,0
626,quadrotor_0,quadrotor,1757.5250190560635,1322.1178196319677,1,move_south,53.95000000000181,1300.0508920842858,0,0.584375,0.5,0.375,0
626,quadrotor_1,quadrotor,1789.0993222669345,868.1842536785533,2,move_east,57.40000000000184,,,0.584375,0.5,0.375,0
627,fixedwing_0,fixedwing,727.002190178648,9.547905429316112,8,orbit_candidate,51.05000000000247,,,0.584375,0.5,0.375,0
627,quadrotor_0,quadrotor,1757.5250190560635,1307.1178196319677,10,return_to_base,53.850000000001806,1286.414846615218,0,0.584375,0.5,0.375,0
627,quadrotor_1,quadrotor,1804.0993222669345,868.1842536785533,4,hover_inspect,57.30000000000184,,,0.584375,0.5,0.375,0
628,fixedwing_0,fixedwing,755.5360984513944,18.811602244437506,5,turn_left,51.00000000000247,,,0.585,0.5,0.375,0
628,quadrotor_0,quadrotor,1745.4888717893832,1298.1662187151044,1,move_south,53.750000000001805,1273.2652393395838,0,0.585,0.5,0.375,0
628,quadrotor_1,quadrotor,1804.0993222669345,868.1842536785533,4,hover_inspect,57.30000000000184,,,0.585,0.5,0.375,0
629,fixedwing_0,fixedwing,777.4815942682745,39.266313519625314,5,turn_left,50.850000000002474,,,0.58625,0.5,0.375,0
629,quadrotor_0,quadrotor,1745.4888717893832,1283.1662187151044,1,move_south,53.6500000000018,1259.6244493184868,0,0.58625,0.5,0.375,0
629,quadrotor_1,quadrotor,1804.0993222669345,868.1842536785533,4,hover_inspect,57.30000000000184,,,0.58625,0.5,0.375,0
630,fixedwing_0,fixedwing,788.7264334939655,67.07914492508208,6,straight,50.700000000002476,,,0.58625,0.5,0.375,0
630,quadrotor_0,quadrotor,1745.4888717893832,1268.1662187151044,1,move_south,53.5500000000018,1246.0149023712816,0,0.58625,0.5,0.375,0
630,quadrotor_1,quadrotor,1804.0993222669345,868.1842536785533,10,return_to_base,57.05000000000184,,,0.58625,0.5,0.375,0
631,fixedwing_0,fixedwing,799.9712727196564,94.89197633053884,6,straight,50.65000000000248,,,0.58625,0.5,0.375,0
631,quadrotor_0,quadrotor,1745.4888717893832,1253.1662187151044,10,return_to_base,53.4500000000018,1232.4376335302843,0,0.58625,0.5,0.375,0
631,quadrotor_1,quadrotor,1790.5829616850858,861.6797939299308,2,move_east,56.950000000001836,,,0.58625,0.5,0.375,0
632,fixedwing_0,fixedwing,811.2161119453474,122.7048077359956,6,straight,50.60000000000248,,,0.58625,0.5,0.375,0
632,quadrotor_0,quadrotor,1733.3039983270849,1244.418141285876,1,move_south,53.3500000000018,1219.342533297062,0,0.58625,0.5,0.375,0
632,quadrotor_1,quadrotor,1805.5829616850858,861.6797939299308,4,hover_inspect,56.850000000001835,,,0.58625,0.5,0.375,0
633,fixedwing_0,fixedwing,822.4609511710383,150.51763914145238,6,straight,50.550000000002484,,,0.58625,0.5,0.375,0
633,quadrotor_0,quadrotor,1733.3039983270849,1229.418141285876,1,move_south,53.2500000000018,1205.7603573847446,0,0.58625,0.5,0.375,0
633,quadrotor_1,quadrotor,1805.5829616850858,861.6797939299308,4,hover_inspect,56.850000000001835,,,0.58625,0.5,0.375,0
634,fixedwing_0,fixedwing,833.7057903967293,178.33047054690914,5,turn_left,50.50000000000249,,,0.58625,0.5,0.375,0
634,quadrotor_0,quadrotor,1733.3039983270849,1214.418141285876,10,return_to_base,53.150000000001796,1192.212172968334,0,0.58625,0.5,0.375,0
634,quadrotor_1,quadrotor,1805.5829616850858,861.6797939299308,1,move_south,56.850000000001835,,,0.58625,0.5,0.375,0
635,fixedwing_0,fixedwing,832.1428652882869,208.28973063632725,8,orbit_candidate,50.35000000000249,,,0.58625,0.5,0.375,0
635,quadrotor_0,quadrotor,1721.0192011022025,1205.810949110519,1,move_south,53.050000000001795,1179.1686185326937,0,0.58625,0.5,0.375,0
635,quadrotor_1,quadrotor,1805.5829616850858,846.6797939299308,4,hover_inspect,56.75000000000183,,,0.58625,0.5,0.375,0
636,fixedwing_0,fixedwing,838.6290790379501,237.58015622547975,8,orbit_candidate,50.30000000000249,,,0.58625,0.5,0.375,0
636,quadrotor_0,quadrotor,1721.0192011022025,1190.810949110519,1,move_south,52.95000000000179,1165.6151477356718,0,0.58625,0.5,0.375,0
636,quadrotor_1,quadrotor,1805.5829616850858,846.6797939299308,1,move_south,56.75000000000183,,,0.58625,0.5,0.375,0
637,fixedwing_0,fixedwing,851.9187939679957,264.47594543267945,8,orbit_candidate,50.250000000002494,,,0.58625,0.5,0.375,0
637,quadrotor_0,quadrotor,1721.0192011022025,1175.810949110519,1,move_south,52.85000000000179,1152.0975281326675,0,0.58625,0.5,0.375,0
637,quadrotor_1,quadrotor,1805.5829616850858,831.6797939299308,4,hover_inspect,56.65000000000183,,,0.58625,0.5,0.375,0
638,fixedwing_0,fixedwing,870.6694590665428,287.89415540616227,6,straight,50.2000000000025,,,0.58625,0.5,0.375,0
638,quadrotor_0,quadrotor,1721.0192011022025,1160.810949110519,1,move_south,52.75000000000179,1138.6170365965695,0,0.58625,0.5,0.375,0
638,quadrotor_1,quadrotor,1805.5829616850858,831.6797939299308,4,hover_inspect,56.65000000000183,,,0.58625,0.5,0.375,0
639,fixedwing_0,fixedwing,889.4201241650899,311.3123653796451,6,straight,50.1500000000025,,,0.58625,0.5,0.375,0
639,quadrotor_0,quadrotor,1721.0192011022025,1145.810949110519,1,move_south,52.65000000000179,1125.1750075994864,0,0.58625,0.5,0.375,0
639,quadrotor_1,quadrotor,1805.5829616850858,831.6797939299308,4,hover_inspect,56.65000000000183,,,0.58625,0.5,0.375,0
640,fixedwing_0,fixedwing,908.170789263637,334.7305753531279,8,orbit_candidate,50.1000000000025,,,0.58625,0.5,0.375,0
640,quadrotor_0,quadrotor,1721.0192011022025,1130.810949110519,1,move_south,52.55000000000179,1111.7728362507582,0,0.58625,0.5,0.375,0
640,quadrotor_1,quadrotor,1805.5829616850858,831.6797939299308,4,hover_inspect,56.65000000000183,,,0.58625,0.5,0.375,0
641,fixedwing_0,fixedwing,931.5558550888476,353.52256024963543,7,turn_right,50.050000000002505,,,0.58625,0.5,0.375,0
641,quadrotor_0,quadrotor,1721.0192011022025,1115.810949110519,1,move_south,52.450000000001786,1098.411981509491,0,0.58625,0.5,0.375,0
641,quadrotor_1,quadrotor,1805.5829616850858,831.6797939299308,4,hover_inspect,56.65000000000183,,,0.58625,0.5,0.375,0
642,fixedwing_0,fixedwing,960.6917583382201,360.670926625473,5,turn_left,49.90000000000251,,,0.58625,0.5,0.375,0
642,quadrotor_0,quadrotor,1721.0192011022025,1100.810949110519,1,move_south,52.350000000001785,1085.093969581509,0,0.58625,0.5,0.375,0
642,quadrotor_1,quadrotor,1805.5829616850858,831.6797939299308,2,move_east,56.65000000000183,,,0.58625,0.5,0.375,0
643,fixedwing_0,fixedwing,984.0768241634307,379.4629115219805,7,turn_right,49.75000000000251,,,0.58625,0.5,0.375,0
643,quadrotor_0,quadrotor,1721.0192011022025,1085.810949110519,1,move_south,52.25000000000178,1071.8203975110325,0,0.58625,0.5,0.375,0
643,quadrotor_1,quadrotor,1820.5829616850858,831.6797939299308,3,move_west,56.55000000000183,,,0.58625,0.5,0.375,0
644,fixedwing_0,fixedwing,1013.2127274128032,386.61127789781807,5,turn_left,49.60000000000251,,,0.58625,0.5,0.375,0
644,quadrotor_0,quadrotor,1721.0192011022025,1070.810949110519,1,move_south,52.15000000000178,1058.5929369777878,0,0.58625,0.5,0.375,0
644,quadrotor_1,quadrotor,1805.5829616850858,831.6797939299308,4,hover_inspect,56.45000000000183,,,0.58625,0.5,0.375,0
645,fixedwing_0,fixedwing,1036.5977932380138,405.4032627943256,6,straight,49.45000000000251,,,0.58625,0.5,0.375,0
645,quadrotor_0,quadrotor,1721.0192011022025,1055.810949110519,1,move_south,52.05000000000178,1045.4133383106462,0,0.58625,0.5,0.375,0
645,quadrotor_1,quadrotor,1805.5829616850858,831.6797939299308,2,move_east,56.45000000000183,,,0.58625,0.5,0.375,0
646,fixedwing_0,fixedwing,1059.9828590632244,424.1952476908331,6,straight,49.400000000002514,,,0.58625,0.5,0.375,0
646,quadrotor_0,quadrotor,1721.0192011022025,1040.810949110519,1,move_south,51.95000000000178,1032.283434729222,0,0.58625,0.5,0.375,0
646,quadrotor_1,quadrotor,1820.5829616850858,831.6797939299308,4,hover_inspect,56.35000000000183,,,0.58625,0.5,0.375,0
647,fixedwing_0,fixedwing,1083.367924888435,442.98723258734066,5,turn_left,49.35000000000252,,,0.58625,0.5,0.375,0
647,quadrotor_0,quadrotor,1721.0192011022025,1025.810949110519,4,hover_inspect,51.85000000000178,1019.2051468251673,0,0.58625,0.5,0.375,0
647,quadrotor_1,quadrotor,1820.5829616850858,831.6797939299308,4,hover_inspect,56.35000000000183,,,0.58625,0.5,0.375,0
648,fixedwing_0,fixedwing,1096.6201561545686,469.9015107026629,8,orbit_candidate,49.20000000000252,,,0.58625,0.5,0.375,0
648,quadrotor_0,quadrotor,1721.0192011022025,1025.810949110519,1,move_south,51.85000000000178,1019.2051468251673,0,0.58625,0.5,0.375,0
648,quadrotor_1,quadrotor,1820.5829616850858,831.6797939299308,4,hover_inspect,56.35000000000183,,,0.58625,0.5,0.375,0
649,fixedwing_0,fixedwing,1109.4889989611231,497.00119492259785,8,orbit_candidate,49.15000000000252,,,0.58625,0.5,0.375,0
649,quadrotor_0,quadrotor,1721.0192011022025,1010.810949110519,1,move_south,51.750000000001776,1006.1804872951282,0,0.58625,0.5,0.375,0
649,quadrotor_1,quadrotor,1820.5829616850858,831.6797939299308,4,hover_inspect,56.35000000000183,,,0.58625,0.5,0.375,0
650,fixedwing_0,fixedwing,1121.9926636615542,524.2712951985263,5,turn_left,49.100000000002524,,,0.58625,0.5,0.375,0
650,quadrotor_0,quadrotor,1721.0192011022025,995.810949110519,1,move_south,51.650000000001775,993.2115659374957,0,0.58625,0.5,0.375,0
650,quadrotor_1,quadrotor,1820.5829616850858,831.6797939299308,4,hover_inspect,56.35000000000183,,,0.58625,0.5,0.375,0
651,fixedwing_0,fixedwing,1121.7999899699425,554.2706764729553,8,orbit_candidate,48.950000000002525,,,0.58625,0.5,0.375,0
651,quadrotor_0,quadrotor,1721.0192011022025,980.810949110519,1,move_south,51.55000000000177,980.3005949251298,0,0.58625,0.5,0.375,0
651,quadrotor_1,quadrotor,1820.5829616850858,831.6797939299308,4,hover_inspect,56.35000000000183,,,0.58625,0.5,0.375,0
652,fixedwing_0,fixedwing,1123.4080201365514,584.2275494570182,5,turn_left,48.90000000000253,,,0.58625,0.5,0.375,0
652,quadrotor_0,quadrotor,1721.0192011022025,965.810949110519,1,move_south,51.45000000000177,967.4498943661703,0,0.58625,0.5,0.375,0
652,quadrotor_1,quadrotor,1820.5829616850858,831.6797939299308,10,return_to_base,56.35000000000183,,,0.58625,0.5,0.375,0
653,fixedwing_0,fixedwing,1112.2050688106274,612.0572796315811,5,turn_left,48.75000000000253,,,0.58625,0.5,0.375,0
653,quadrotor_0,quadrotor,1721.0192011022025,950.810949110519,1,move_south,51.35000000000177,954.661898164824,0,0.58625,0.5,0.375,0
653,quadrotor_1,quadrotor,1806.93918248357,825.4470345811125,4,hover_inspect,56.250000000001826,,,0.58625,0.5,0.375,0
654,fixedwing_0,fixedwing,1090.2903945950634,632.5450089841886,8,orbit_candidate,48.60000000000253,,,0.58625,0.5,0.375,0
654,quadrotor_0,quadrotor,1721.0192011022025,935.810949110519,1,move_south,51.25000000000177,941.9391601935953,0,0.58625,0.5,0.375,0
654,quadrotor_1,quadrotor,1806.93918248357,825.4470345811125,2,move_east,56.250000000001826,,,0.58625,0.5,0.375,0
655,fixedwing_0,fixedwing,1082.130397489322,661.4139273434603,8,orbit_candidate,48.550000000002534,,,0.58625,0.5,0.375,0
655,quadrotor_0,quadrotor,1721.0192011022025,920.810949110519,10,return_to_base,51.15000000000177,929.2843607877874,0,0.58625,0.5,0.375,0
655,quadrotor_1,quadrotor,1821.93918248357,825.4470345811125,1,move_south,56.150000000001825,,,0.58625,0.5,0.375,0
656,fixedwing_0,fixedwing,1087.7926405946716,690.8747318643134,5,turn_left,48.50000000000254,,,0.58625,0.5,0.375,0
656,quadrotor_0,quadrotor,1707.7932810843702,913.7345771812109,1,move_south,51.050000000001766,916.2109577834373,0,0.58625,0.5,0.375,0
656,quadrotor_1,quadrotor,1821.93918248357,810.4470345811125,2,move_east,56.05000000000182,,,0.58625,0.5,0.375,0
657,fixedwing_0,fixedwing,1080.473701617059,719.9682557526633,7,turn_right,48.35000000000254,,,0.58625,0.5,0.375,0
657,quadrotor_0,quadrotor,1707.7932810843702,898.7345771812109,1,move_south,50.950000000001765,903.5623121948333,0,0.58625,0.5,0.375,0
657,quadrotor_1,quadrotor,1836.93918248357,810.4470345811125,4,hover_inspect,55.95000000000182,,,0.58625,0.5,0.375,0
658,fixedwing_0,fixedwing,1086.1359447224088,749.4290602735164,7,turn_right,48.20000000000254,,,0.58625,0.5,0.375,0
658,quadrotor_0,quadrotor,1707.7932810843702,883.7345771812109,1,move_south,50.850000000001764,890.9866356322656,0,0.58625,0.5,0.375,0
658,quadrotor_1,quadrotor,1836.93918248357,810.4470345811125,4,hover_inspect,55.95000000000182,,,0.58625,0.5,0.375,0
659,fixedwing_0,fixedwing,1103.7183537369674,773.736649484394,6,straight,48.05000000000254,,,0.58625,0.5,0.375,0
659,quadrotor_0,quadrotor,1707.7932810843702,868.7345771812109,1,move_south,50.75000000000176,878.4870617896051,0,0.58625,0.5,0.375,0
659,quadrotor_1,quadrotor,1836.93918248357,810.4470345811125,4,hover_inspect,55.70000000000182,,,0.58625,0.5,0.375,0
660,fixedwing_0,fixedwing,1121.300762751526,798.0442386952716,6,straight,48.000000000002544,,,0.58625,0.5,0.375,0
660,quadrotor_0,quadrotor,1707.7932810843702,853.7345771812109,1,move_south,50.65000000000176,866.0668857473789,0,0.58625,0.5,0.375,0
660,quadrotor_1,quadrotor,1836.93918248357,810.4470345811125,4,hover_inspect,55.70000000000182,,,0.58625,0.5,0.375,0
661,fixedwing_0,fixedwing,1138.8831717660846,822.3518279061492,8,orbit_candidate,47.95000000000255,,,0.58625,0.5,0.375,0
661,quadrotor_0,quadrotor,1707.7932810843702,838.7345771812109,1,move_south,50.55000000000176,853.729572783205,0,0.58625,0.5,0.375,0
661,quadrotor_1,quadrotor,1836.93918248357,810.4470345811125,4,hover_inspect,55.70000000000182,,,0.58625,0.5,0.375,0
662,fixedwing_0,fixedwing,1152.7914471586776,848.9330219275583,6,straight,47.90000000000255,,,0.58625,0.5,0.375,0
662,quadrotor_0,quadrotor,1707.7932810843702,823.7345771812109,4,hover_inspect,50.45000000000176,841.4787675877649,0,0.58625,0.5,0.375,0
662,quadrotor_1,quadrotor,1836.93918248357,810.4470345811125,2,move_east,55.70000000000182,,,0.58625,0.5,0.375,0
663,fixedwing_0,fixedwing,1166.6997225512705,875.5142159489675,8,orbit_candidate,47.85000000000255,,,0.58625,0.5,0.375,0
663,quadrotor_0,quadrotor,1707.7932810843702,823.7345771812109,4,hover_inspect,50.45000000000176,841.4787675877649,0,0.58625,0.5,0.375,0
663,quadrotor_1,quadrotor,1851.93918248357,810.4470345811125,4,hover_inspect,55.60000000000182,,,0.58625,0.5,0.375,0
664,fixedwing_0,fixedwing,1193.6508467824103,888.6913515511258,8,orbit_candidate,47.800000000002555,,,0.58625,0.5,0.375,0
664,quadrotor_0,quadrotor,1707.7932810843702,823.7345771812109,1,move_south,50.45000000000176,841.4787675877649,0,0.58625,0.5,0.375,0
664,quadrotor_1,quadrotor,1851.93918248357,810.4470345811125,4,hover_inspect,55.60000000000182,,,0.58625,0.5,0.375,0
665,fixedwing_0,fixedwing,1223.601027509556,886.9631517908813,5,turn_left,47.75000000000256,,,0.58625,0.5,0.375,0
665,quadrotor_0,quadrotor,1707.7932810843702,808.7345771812109,1,move_south,50.35000000000176,829.3183038842527,0,0.58625,0.5,0.375,0
665,quadrotor_1,quadrotor,1851.93918248357,810.4470345811125,4,hover_inspect,55.60000000000182,,,0.58625,0.5,0.375,0
666,fixedwing_0,fixedwing,1251.4754783043384,898.0543642083429,6,straight,47.60000000000256,,,0.588125,0.5,0.375,0
666,quadrotor_0,quadrotor,1707.7932810843702,793.7345771812109,1,move_south,50.250000000001755,817.2522144441602,0,0.588125,0.5,0.375,0
666,quadrotor_1,quadrotor,1851.93918248357,810.4470345811125,4,hover_inspect,55.60000000000182,,,0.588125,0.5,0.375,0
667,fixedwing_0,fixedwing,1279.3499290991208,909.1455766258046,5,turn_left,47.55000000000256,,,0.588125,0.5,0.375,0
667,quadrotor_0,quadrotor,1707.7932810843702,778.7345771812109,1,move_south,50.150000000001754,805.2847414860869,0,0.588125,0.5,0.375,0
667,quadrotor_1,quadrotor,1851.93918248357,810.4470345811125,4,hover_inspect,55.60000000000182,,,0.588125,0.5,0.375,0
668,fixedwing_0,fixedwing,1299.9254120013375,930.9778807492952,8,orbit_candidate,47.400000000002564,,,0.588125,0.5,0.375,0
668,quadrotor_0,quadrotor,1707.7932810843702,763.7345771812109,1,move_south,50.05000000000175,793.4203474368072,0,0.588125,0.5,0.375,0
668,quadrotor_1,quadrotor,1851.93918248357,810.4470345811125,1,move_south,55.35000000000182,,,0.588125,0.5,0.375,0
669,fixedwing_0,fixedwing,1328.8653809749374,938.8821957611779,8,orbit_candidate,47.35000000000257,,,0.588125,0.5,0.375,0
669,quadrotor_0,quadrotor,1707.7932810843702,748.7345771812109,1,move_south,49.95000000000175,781.6637260249281,0,0.588125,0.5,0.375,0
669,quadrotor_1,quadrotor,1851.93918248357,795.4470345811125,2,move_east,55.25000000000182,,,0.588125,0.5,0.375,0
670,fixedwing_0,fixedwing,1358.26607983258,932.9157138260497,5,turn_left,47.30000000000257,,,0.589375,0.5,0.375,0
670,quadrotor_0,quadrotor,1707.7932810843702,733.7345771812109,4,hover_inspect,49.85000000000175,770.0198136668978,0,0.589375,0.5,0.375,0
670,quadrotor_1,quadrotor,1866.93918248357,795.4470345811125,1,move_south,55.15000000000182,,,0.589375,0.5,0.375,0
671,fixedwing_0,fixedwing,1387.4337063757123,939.9335170322082,6,straight,47.15000000000257,,,0.589375,0.5,0.375,0
671,quadrotor_0,quadrotor,1707.7932810843702,733.7345771812109,1,move_south,49.85000000000175,770.0198136668978,0,0.589375,0.5,0.375,0
671,quadrotor_1,quadrotor,1866.93918248357,780.4470345811125,4,hover_inspect,55.050000000001816,,,0.589375,0.5,0.375,0
672,fixedwing_0,fixedwing,1416.6013329188445,946.9513202383667,8,orbit_candidate,47.100000000002574,,,0.589375,0.5,0.375,0
672,quadrotor_0,quadrotor,1707.7932810843702,718.7345771812109,1,move_south,49.75000000000175,758.4938010926878,0,0.589375,0.5,0.375,0
672,quadrotor_1,quadrotor,1866.93918248357,780.4470345811125,0,move_north,55.050000000001816,,,0.589375,0.5,0.375,0
673,fixedwing_0,fixedwing,1445.4701663347323,955.1116178558386,5,turn_left,47.050000000002576,,,0.59,0.5,0.375,0
673,quadrotor_0,quadrotor,1707.7932810843702,703.7345771812109,1,move_south,49.65000000000175,747.0911451439268,0,0.59,0.5,0.375,0
673,quadrotor_1,quadrotor,1866.93918248357,795.4470345811125,4,hover_inspect,54.950000000001815,,,0.59,0.5,0.375,0
674,fixedwing_0,fixedwing,1468.1855240678326,974.7078553277943,5,turn_left,46.90000000000258,,,0.59125,0.5,0.375,0
674,quadrotor_0,quadrotor,1707.7932810843702,688.7345771812109,4,hover_inspect,49.550000000001745,735.8175806603795,0,0.59125,0.5,0.375,0
674,quadrotor_1,quadrotor,1866.93918248357,795.4470345811125,4,hover_inspect,54.950000000001815,,,0.59125,0.5,0.375,0
675,fixedwing_0,fixedwing,1480.4909018496087,1002.0680029452282,8,orbit_candidate,46.75000000000258,,,0.59125,0.5,0.375,0
675,quadrotor_0,quadrotor,1707.7932810843702,688.7345771812109,1,move_south,49.300000000001745,735.8175806603795,0,0.59125,0.5,0.375,0
675,quadrotor_1,quadrotor,1866.93918248357,795.4470345811125,0,move_north,54.950000000001815,,,0.59125,0.5,0.375,0
676,fixedwing_0,fixedwing,1496.1731075051755,1027.642764445123,5,turn_left,46.70000000000258,,,0.59125,0.5,0.375,0
676,quadrotor_0,quadrotor,1707.7932810843702,673.7345771812109,1,move_south,49.200000000001744,724.6791323512249,0,0.59125,0.5,0.375,0
676,quadrotor_1,quadrotor,1866.93918248357,810.4470345811125,2,move_east,54.85000000000181,,,0.59125,0.5,0.375,0
677,fixedwing_0,fixedwing,1499.5776513592075,1057.4489564384987,8,orbit_candidate,46.55000000000258,,,0.59125,0.5,0.375,0
677,quadrotor_0,quadrotor,1707.7932810843702,658.7345771812109,3,move_west,49.10000000000174,713.6821265253559,0,0.59125,0.5,0.375,0
677,quadrotor_1,quadrotor,1881.93918248357,810.4470345811125,4,hover_inspect,54.75000000000181,,,0.59125,0.5,0.375,0
678,fixedwing_0,fixedwing,1511.0793554635288,1085.1565511139056,8,orbit_candidate,46.500000000002586,,,0.591875,0.5,0.375,0
678,quadrotor_0,quadrotor,1692.7932810843702,658.7345771812109,1,move_south,49.00000000000174,703.4876454933517,0,0.591875,0.5,0.375,0
678,quadrotor_1,quadrotor,1881.93918248357,810.4470345811125,2,move_east,54.75000000000181,,,0.591875,0.5,0.375,0
679,fixedwing_0,fixedwing,1530.1639490005196,1108.3034362073226,6,straight,46.45000000000259,,,0.593125,0.5,0.375,0
679,quadrotor_0,quadrotor,1692.7932810843702,643.7345771812109,4,hover_inspect,48.90000000000174,692.4790251106598,0,0.593125,0.5,0.375,0
679,quadrotor_1,quadrotor,1896.93918248357,810.4470345811125,4,hover_inspect,54.65000000000181,,,0.593125,0.5,0.375,0
680,fixedwing_0,fixedwing,1549.2485425375103,1131.4503213007397,5,turn_left,46.40000000000259,,,0.59375,0.5,0.375,0
680,quadrotor_0,quadrotor,1692.7932810843702,643.7345771812109,10,return_to_base,48.90000000000174,692.4790251106598,0,0.59375,0.5,0.375,0
680,quadrotor_1,quadrotor,1896.93918248357,810.4470345811125,2,move_east,54.65000000000181,,,0.59375,0.5,0.375,0
681,fixedwing_0,fixedwing,1556.7627619296227,1160.494021253177,8,orbit_candidate,46.25000000000259,,,0.59375,0.5,0.375,0
681,quadrotor_0,quadrotor,1678.7728289954796,638.4028867154087,10,return_to_base,48.80000000000174,679.0259576894739,0,0.59375,0.5,0.375,0
681,quadrotor_1,quadrotor,1911.93918248357,810.4470345811125,4,hover_inspect,54.55000000000181,,,0.59375,0.5,0.375,0
682,fixedwing_0,fixedwing,1575.519372312071,1183.9074696741386,6,straight,46.200000000002596,,,0.594375,0.5,0.375,0
682,quadrotor_0,quadrotor,1664.752376906589,633.0711962496066,1,move_south,48.70000000000174,665.639017947419,0,0.594375,0.5,0.375,0
682,quadrotor_1,quadrotor,1911.93918248357,810.4470345811125,2,move_east,54.55000000000181,,,0.594375,0.5,0.375,0
683,fixedwing_0,fixedwing,1594.2759826945194,1207.3209180951003,5,turn_left,46.1500000000026,,,0.595,0.5,0.375,0
683,quadrotor_0,quadrotor,1664.752376906589,618.0711962496066,1,move_south,48.600000000001735,654.5819555245796,0,0.595,0.5,0.375,0
683,quadrotor_1,quadrotor,1926.93918248357,810.4470345811125,3,move_west,54.45000000000181,,,0.595,0.5,0.375,0
684,fixedwing_0,fixedwing,1601.3802938695223,1236.4675947963767,8,orbit_candidate,46.0000000000026,,,0.595,0.5,0.375,0
684,quadrotor_0,quadrotor,1664.752376906589,603.0711962496066,1,move_south,48.500000000001734,643.6845273756087,0,0.595,0.5,0.375,0
684,quadrotor_1,quadrotor,1911.93918248357,810.4470345811125,4,hover_inspect,54.350000000001806,,,0.595,0.5,0.375,0
685,fixedwing_0,fixedwing,1620.6932435492229,1259.4242926135576,5,turn_left,45.9500000000026,,,0.59625,0.5,0.375,0
685,quadrotor_0,quadrotor,1664.752376906589,588.0711962496066,1,move_south,48.40000000000173,632.9549787047566,0,0.59625,0.5,0.375,0
685,quadrotor_1,quadrotor,1911.93918248357,810.4470345811125,2,move_east,54.350000000001806,,,0.59625,0.5,0.375,0
686,fixedwing_0,fixedwing,1628.494800507779,1288.3921318326363,8,orbit_candidate,45.800000000002605,,,0.59625,0.5,0.375,0
686,quadrotor_0,quadrotor,1664.752376906589,573.0711962496066,1,move_south,48.30000000000173,622.4019917637773,0,0.59625,0.5,0.375,0
686,quadrotor_1,quadrotor,1926.93918248357,810.4470345811125,4,hover_inspect,54.250000000001805,,,0.59625,0.5,0.375,0
687,fixedwing_0,fixedwing,1648.5008600788947,1310.747390284217,9,change_altitude,45.75000000000261,,,0.596875,0.5,0.375,0
687,quadrotor_0,quadrotor,1664.752376906589,558.0711962496066,10,return_to_base,48.20000000000173,612.0346996992043,0,0.596875,0.5,0.375,0
687,quadrotor_1,quadrotor,1926.93918248357,810.4470345811125,4,hover_inspect,54.250000000001805,,,0.596875,0.5,0.375,0
688,fixedwing_0,fixedwing,1668.5069196500103,1333.1026487357979,9,change_altitude,45.70000000000261,,,0.596875,0.5,0.375,0
688,quadrotor_0,quadrotor,1650.5302309034432,553.3035382223146,3,move_west,48.10000000000173,598.4380635011877,0,0.596875,0.5,0.375,0
688,quadrotor_1,quadrotor,1926.93918248357,810.4470345811125,2,move_east,54.250000000001805,,,0.596875,0.5,0.375,0
689,fixedwing_0,fixedwing,1688.512979221126,1355.4579071873786,5,turn_left,45.65000000000261,,,0.598125,0.5,0.375,0
689,quadrotor_0,quadrotor,1635.5302309034432,553.3035382223146,4,hover_inspect,48.00000000000173,587.7063016443715,0,0.598125,0.5,0.375,0
689,quadrotor_1,quadrotor,1941.93918248357,810.4470345811125,4,hover_inspect,54.1500000000018,,,0.598125,0.5,0.375,0
690,fixedwing_0,fixedwing,1697.1968863307761,1384.1735781234888,5,turn_left,45.500000000002615,,,0.598125,0.5,0.375,0
690,quadrotor_0,quadrotor,1635.5302309034432,553.3035382223146,10,return_to_base,47.75000000000173,587.7063016443715,0,0.598125,0.5,0.375,0
690,quadrotor_1,quadrotor,1941.93918248357,810.4470345811125,4,hover_inspect,54.1500000000018,,,0.598125,0.5,0.375,0
691,fixedwing_0,fixedwing,1692.931412030418,1413.8687920306656,7,turn_right,45.350000000002616,,,0.59875,0.5,0.375,0
691,quadrotor_0,quadrotor,1621.3213041448605,548.4966264934359,1,move_south,47.650000000001725,574.2782391594127,0,0.59875,0.5,0.375,0
691,quadrotor_1,quadrotor,1941.93918248357,810.4470345811125,4,hover_inspect,54.1500000000018,,,0.59875,0.5,0.375,0
692,fixedwing_0,fixedwing,1701.615319140068,1442.5844629667758,6,straight,45.20000000000262,,,0.599375,0.5,0.375,0
692,quadrotor_0,quadrotor,1621.3213041448605,533.4966264934359,1,move_south,47.550000000001724,563.6798447249103,0,0.599375,0.5,0.375,0
692,quadrotor_1,quadrotor,1941.93918248357,810.4470345811125,2,move_east,54.1500000000018,,,0.599375,0.5,0.375,0
693,fixedwing_0,fixedwing,1710.2992262497182,1471.300133902886,8,orbit_candidate,45.15000000000262,,,0.6,0.5,0.375,0
693,quadrotor_0,quadrotor,1621.3213041448605,518.4966264934359,1,move_south,47.45000000000172,553.2851332958099,0,0.6,0.5,0.375,0
693,quadrotor_1,quadrotor,1956.93918248357,810.4470345811125,2,move_east,54.0500000000018,,,0.6,0.5,0.375,0
694,fixedwing_0,fixedwing,1716.7762416839344,1500.5925948965432,6,straight,45.10000000000262,,,0.6,0.5,0.375,0
694,quadrotor_0,quadrotor,1621.3213041448605,503.4966264934359,1,move_south,47.35000000000172,543.1058001008878,0,0.6,0.5,0.375,0
694,quadrotor_1,quadrotor,1971.93918248357,810.4470345811125,2,move_east,53.9500000000018,,,0.6,0.5,0.375,0
695,fixedwing_0,fixedwing,1723.2532571181505,1529.8850558902004,8,orbit_candidate,45.050000000002626,,,0.600625,0.5,0.375,0
695,quadrotor_0,quadrotor,1621.3213041448605,488.4966264934359,1,move_south,47.25000000000172,533.1541817150915,0,0.600625,0.5,0.375,0
695,quadrotor_1,quadrotor,1986.93918248357,810.4470345811125,0,move_north,53.8500000000018,,,0.600625,0.5,0.375,0
696,fixedwing_0,fixedwing,1726.870472813641,1559.6661866714903,6,straight,45.00000000000263,,,0.601875,0.5,0.375,0
696,quadrotor_0,quadrotor,1621.3213041448605,473.4966264934359,1,move_south,47.15000000000172,523.4432661304871,0,0.601875,0.5,0.375,0
696,quadrotor_1,quadrotor,1986.93918248357,825.4470345811125,1,move_south,53.7500000000018,,,0.601875,0.5,0.375,0
697,fixedwing_0,fixedwing,1730.4876885091317,1589.4473174527802,5,turn_left,44.95000000000263,,,0.601875,0.5,0.375,0
697,quadrotor_0,quadrotor,1621.3213041448605,458.4966264934359,10,return_to_base,47.05000000000172,513.9866965539238,0,0.601875,0.5,0.375,0
697,quadrotor_1,quadrotor,1986.93918248357,810.4470345811125,4,hover_inspect,53.650000000001796,,,0.601875,0.5,0.375,0
698,fixedwing_0,fixedwing,1721.1799495378848,1617.9668895961895,8,orbit_candidate,44.80000000000263,,,0.601875,0.5,0.375,0
698,quadrotor_0,quadrotor,1606.887355573508,454.4148219121809,4,hover_inspect,46.950000000001715,500.17651535904974,0,0.601875,0.5,0.375,0
698,quadrotor_1,quadrotor,1986.93918248357,810.4470345811125,4,hover_inspect,53.650000000001796,,,0.601875,0.5,0.375,0
699,fixedwing_0,fixedwing,1708.2640843399977,1645.0441942292214,9,change_altitude,44.750000000002636,,,0.601875,0.5,0.375,0
699,quadrotor_0,quadrotor,1606.887355573508,454.4148219121809,4,hover_inspect,46.700000000001715,500.17651535904974,0,0.601875,0.5,0.375,0
699,quadrotor_1,quadrotor,1986.93918248357,810.4470345811125,3,move_west,53.650000000001796,,,0.601875,0.5,0.375,0
700,fixedwing_0,fixedwing,1695.3482191421106,1672.1214988622532,5,turn_left,44.70000000000264,,,0.601875,0.5,0.375,0
700,quadrotor_0,quadrotor,1606.887355573508,454.4148219121809,4,hover_inspect,46.700000000001715,500.17651535904974,0,0.601875,0.5,0.375,0
700,quadrotor_1,quadrotor,1971.93918248357,810.4470345811125,3,move_west,53.550000000001795,,,0.601875,0.5,0.375,0
701,fixedwing_0,fixedwing,1672.1991065203144,1691.2033904043253,8,orbit_candidate,44.55000000000264,,,0.601875,0.5,0.375,0
701,quadrotor_0,quadrotor,1606.887355573508,454.4148219121809,4,hover_inspect,46.700000000001715,500.17651535904974,0,0.601875,0.5,0.375,0
701,quadrotor_1,quadrotor,1956.93918248357,810.4470345811125,2,move_east,53.45000000000179,,,0.601875,0.5,0.375,0
702,fixedwing_0,fixedwing,1663.7958013285759,1720.0024261842693,8,orbit_candidate,44.50000000000264,,,0.601875,0.5,0.375,0
702,quadrotor_0,quadrotor,1606.887355573508,454.4148219121809,3,move_west,46.700000000001715,500.17651535904974,0,0.601875,0.5,0.375,0
702,quadrotor_1,quadrotor,1971.93918248357,810.4470345811125,1,move_south,53.35000000000179,,,0.601875,0.5,0.375,0
703,fixedwing_0,fixedwing,1670.07600756159,1749.3377122689628,6,straight,44.450000000002646,,,0.603125,0.5,0.375,0
703,quadrotor_0,quadrotor,1591.887355573508,454.4148219121809,10,return_to_base,46.600000000001714,488.62707039425595,0,0.603125,0.5,0.375,0
703,quadrotor_1,quadrotor,1971.93918248357,795.4470345811125,3,move_west,53.25000000000179,,,0.603125,0.5,0.375,0
704,fixedwing_0,fixedwing,1676.356213794604,1778.6729983536563,8,orbit_candidate,44.40000000000265,,,0.603125,0.5,0.375,0
704,quadrotor_0,quadrotor,1577.463515134309,450.2974408289528,3,move_west,46.50000000000171,474.993425829203,0,0.603125,0.5,0.375,0
704,quadrotor_1,quadrotor,1956.93918248357,795.4470345811125,3,move_west,53.15000000000179,,,0.603125,0.5,0.375,0
705,fixedwing_0,fixedwing,1694.574906995795,1802.5074108289175,8,orbit_candidate,44.35000000000265,,,0.603125,0.5,0.375,0
705,quadrotor_0,quadrotor,1562.463515134309,450.2974408289528,1,move_south,46.40000000000171,463.7686246389356,0,0.603125,0.5,0.375,0
705,quadrotor_1,quadrotor,1941.93918248357,795.4470345811125,4,hover_inspect,53.05000000000179,,,0.603125,0.5,0.375,0
706,fixedwing_0,fixedwing,1714.273422627242,1825.134131358363,8,orbit_candidate,44.300000000002655,,,0.604375,0.5,0.375,0
706,quadrotor_0,quadrotor,1562.463515134309,435.2974408289528,1,move_south,46.30000000000171,453.8356356066453,0,0.604375,0.5,0.375,0
706,quadrotor_1,quadrotor,1941.93918248357,795.4470345811125,4,hover_inspect,53.05000000000179,,,0.604375,0.5,0.375,0
707,fixedwing_0,fixedwing,1735.4481884742393,1846.3857028608386,8,orbit_candidate,44.25000000000266,,,0.604375,0.5,0.375,0
707,quadrotor_0,quadrotor,1562.463515134309,420.2974408289528,3,move_west,46.20000000000171,444.1871577313841,0,0.604375,0.5,0.375,0
707,quadrotor_1,quadrotor,1941.93918248357,795.4470345811125,3,move_west,53.05000000000179,,,0.604375,0.5,0.375,0
708,fixedwing_0,fixedwing,1758.1565191396535,1865.9900829426012,8,orbit_candidate,44.20000000000266,,,0.605,0.5,0.375,0
708,quadrotor_0,quadrotor,1547.463515134309,420.2974408289528,1,move_south,46.10000000000171,432.6832718190211,0,0.605,0.5,0.375,0
708,quadrotor_1,quadrotor,1926.93918248357,795.4470345811125,4,hover_inspect,52.950000000001786,,,0.605,0.5,0.375,0
709,fixedwing_0,fixedwing,1782.5583090557166,1883.441519814456,8,orbit_candidate,44.15000000000266,,,0.605,0.5,0.375,0
709,quadrotor_0,quadrotor,1547.463515134309,405.2974408289528,1,move_south,46.000000000001705,423.0842240724779,0,0.605,0.5,0.375,0
709,quadrotor_1,quadrotor,1926.93918248357,795.4470345811125,4,hover_inspect,52.950000000001786,,,0.605,0.5,0.375,0
710,fixedwing_0,fixedwing,1809.0017828103626,1897.6098893673488,9,change_altitude,44.100000000002666,,,0.606875,0.5,0.375,0
710,quadrotor_0,quadrotor,1547.463515134309,390.2974408289528,1,move_south,45.900000000001704,413.8063648688943,0,0.606875,0.5,0.375,0
710,quadrotor_1,quadrotor,1926.93918248357,795.4470345811125,2,move_east,52.950000000001786,,,0.606875,0.5,0.375,0
711,fixedwing_0,fixedwing,1835.4452565650085,1911.7782589202418,6,straight,44.05000000000267,,,0.606875,0.5,0.375,0
711,quadrotor_0,quadrotor,1547.463515134309,375.2974408289528,4,hover_inspect,45.8000000000017,404.8717754462594,0,0.606875,0.5,0.375,0
711,quadrotor_1,quadrotor,1941.93918248357,795.4470345811125,3,move_west,52.850000000001785,,,0.606875,0.5,0.375,0
712,fixedwing_0,fixedwing,1861.8887303196545,1925.9466284731348,5,turn_left,44.00000000000267,,,0.606875,0.5,0.375,0
712,quadrotor_0,quadrotor,1547.463515134309,375.2974408289528,10,return_to_base,45.8000000000017,404.8717754462594,0,0.606875,0.5,0.375,0
712,quadrotor_1,quadrotor,1926.93918248357,795.4470345811125,2,move_east,52.75000000000178,,,0.606875,0.5,0.375,0
713,fixedwing_0,fixedwing,1879.8668447876462,1949.963027041109,5,turn_left,43.85000000000267,,,0.6075,0.5,0.375,0
713,quadrotor_0,quadrotor,1532.8860974421755,371.7620634192453,1,move_south,45.7000000000017,391.01231821710365,0,0.6075,0.5,0.375,0
713,quadrotor_1,quadrotor,1941.93918248357,795.4470345811125,0,move_north,52.65000000000178,,,0.6075,0.5,0.375,0
714,fixedwing_0,fixedwing,1886.0107813101542,1979.3271555656777,8,orbit_candidate,43.700000000002674,,,0.6075,0.5,0.375,0
714,quadrotor_0,quadrotor,1532.8860974421755,356.7620634192453,10,return_to_base,45.6000000000017,382.272339133768,0,0.6075,0.5,0.375,0
714,quadrotor_1,quadrotor,1941.93918248357,810.4470345811125,4,hover_inspect,52.55000000000178,,,0.6075,0.5,0.375,0
715,fixedwing_0,fixedwing,1906.4328586997747,2000.0,6,straight,43.65000000000268,,,0.6075,0.5,0.375,0
715,quadrotor_0,quadrotor,1518.2765595481515,353.3618571721074,1,move_south,45.5000000000017,368.3698883122283,0,0.6075,0.5,0.375,0
715,quadrotor_1,quadrotor,1941.93918248357,810.4470345811125,4,hover_inspect,52.55000000000178,,,0.6075,0.5,0.375,0
716,fixedwing_0,fixedwing,1926.854936089395,2000.0,5,turn_left,43.60000000000268,,,0.608125,0.5,0.375,0
716,quadrotor_0,quadrotor,1518.2765595481515,338.3618571721074,4,hover_inspect,45.4000000000017,359.8470356580233,0,0.608125,0.5,0.375,0
716,quadrotor_1,quadrotor,1941.93918248357,810.4470345811125,4,hover_inspect,52.55000000000178,,,0.608125,0.5,0.375,0
717,fixedwing_0,fixedwing,1936.0762209058753,2000.0,5,turn_left,43.45000000000268,,,0.608125,0.5,0.375,0
717,quadrotor_0,quadrotor,1518.2765595481515,338.3618571721074,3,move_west,45.4000000000017,359.8470356580233,0,0.608125,0.5,0.375,0
717,quadrotor_1,quadrotor,1941.93918248357,810.4470345811125,4,hover_inspect,52.55000000000178,,,0.608125,0.5,0.375,0
718,fixedwing_0,fixedwing,1932.3687879875722,2000.0,8,orbit_candidate,43.30000000000268,,,0.60875,0.5,0.375,0
718,quadrotor_0,quadrotor,1503.2765595481515,338.3618571721074,3,move_west,45.300000000001695,347.4594657769145,0,0.60875,0.5,0.375,0
718,quadrotor_1,quadrotor,1941.93918248357,810.4470345811125,4,hover_inspect,52.55000000000178,,,0.60875,0.5,0.375,0
719,fixedwing_0,fixedwing,1947.2294566382989,2000.0,8,orbit_candidate,43.250000000002686,,,0.61,0.5,0.375,0
719,quadrotor_0,quadrotor,1488.2765595481515,338.3618571721074,4,hover_inspect,45.200000000001694,335.28535852925484,0,0.61,0.5,0.375,0
719,quadrotor_1,quadrotor,1941.93918248357,810.4470345811125,4,hover_inspect,52.55000000000178,,,0.61,0.5,0.375,0
720,fixedwing_0,fixedwing,1973.6631061409782,2000.0,6,straight,43.20000000000269,,,0.61,0.5,0.375,0
720,quadrotor_0,quadrotor,1488.2765595481515,338.3618571721074,3,move_west,45.200000000001694,335.28535852925484,0,0.61,0.5,0.375,0
720,quadrotor_1,quadrotor,1941.93918248357,810.4470345811125,4,hover_inspect,52.55000000000178,,,0.61,0.5,0.375,0
721,fixedwing_0,fixedwing,2000.0,2000.0,6,straight,43.15000000000269,,,0.61,0.5,0.375,0
721,quadrotor_0,quadrotor,1473.2765595481515,338.3618571721074,3,move_west,45.10000000000169,323.3488254659403,0,0.61,0.5,0.375,0
721,quadrotor_1,quadrotor,1941.93918248357,810.4470345811125,4,hover_inspect,52.55000000000178,,,0.61,0.5,0.375,0
722,fixedwing_0,fixedwing,2000.0,2000.0,8,orbit_candidate,43.100000000002694,,,0.61,0.5,0.375,0
722,quadrotor_0,quadrotor,1458.2765595481515,338.3618571721074,3,move_west,45.00000000000169,311.6771634501239,0,0.61,0.5,0.375,0
722,quadrotor_1,quadrotor,1941.93918248357,810.4470345811125,4,hover_inspect,52.55000000000178,,,0.61,0.5,0.375,0
723,fixedwing_0,fixedwing,2000.0,1999.695817367012,8,orbit_candidate,43.0500000000027,,,0.61,0.5,0.375,0
723,quadrotor_0,quadrotor,1443.2765595481515,338.3618571721074,4,hover_inspect,44.90000000000169,300.3012579101649,0,0.61,0.5,0.375,0
723,quadrotor_1,quadrotor,1941.93918248357,810.4470345811125,2,move_east,52.55000000000178,,,0.61,0.5,0.375,0
724,fixedwing_0,fixedwing,2000.0,1986.978150389931,7,turn_right,43.0000000000027,,,0.61,0.5,0.375,0
724,quadrotor_0,quadrotor,1443.2765595481515,338.3618571721074,10,return_to_base,44.90000000000169,300.3012579101649,0,0.61,0.5,0.375,0
724,quadrotor_1,quadrotor,1956.93918248357,810.4470345811125,4,hover_inspect,52.45000000000178,,,0.61,0.5,0.375,0
725,fixedwing_0,fixedwing,2000.0,1963.969086829025,6,straight,42.8500000000027,,,0.610625,0.5,0.375,0
725,quadrotor_0,quadrotor,1428.672526041794,334.9380865394286,1,move_south,44.80000000000169,287.19608490947314,0,0.610625,0.5,0.375,0
725,quadrotor_1,quadrotor,1956.93918248357,810.4470345811125,1,move_south,52.45000000000178,,,0.610625,0.5,0.375,0
726,fixedwing_0,fixedwing,2000.0,1940.960023268119,9,change_altitude,42.800000000002704,,,0.610625,0.5,0.375,0
726,quadrotor_0,quadrotor,1428.672526041794,319.9380865394286,4,hover_inspect,44.70000000000169,277.17831582397065,0,0.610625,0.5,0.375,0
726,quadrotor_1,quadrotor,1956.93918248357,795.4470345811125,4,hover_inspect,52.35000000000178,,,0.610625,0.5,0.375,0
727,fixedwing_0,fixedwing,2000.0,1917.9509597072129,6,straight,42.75000000000271,,,0.610625,0.5,0.375,0
727,quadrotor_0,quadrotor,1428.672526041794,319.9380865394286,4,hover_inspect,44.70000000000169,277.17831582397065,0,0.610625,0.5,0.375,0
727,quadrotor_1,quadrotor,1956.93918248357,795.4470345811125,2,move_east,52.35000000000178,,,0.610625,0.5,0.375,0
728,fixedwing_0,fixedwing,2000.0,1894.9418961463068,9,change_altitude,42.70000000000271,,,0.610625,0.5,0.375,0
728,quadrotor_0,quadrotor,1428.672526041794,319.9380865394286,4,hover_inspect,44.70000000000169,277.17831582397065,0,0.610625,0.5,0.375,0
728,quadrotor_1,quadrotor,1971.93918248357,795.4470345811125,4,hover_inspect,52.250000000001776,,,0.610625,0.5,0.375,0
729,fixedwing_0,fixedwing,2000.0,1871.9328325854008,7,turn_right,42.65000000000271,,,0.610625,0.5,0.375,0
729,quadrotor_0,quadrotor,1428.672526041794,319.9380865394286,4,hover_inspect,44.70000000000169,277.17831582397065,0,0.610625,0.5,0.375,0
729,quadrotor_1,quadrotor,1971.93918248357,795.4470345811125,1,move_south,52.250000000001776,,,0.610625,0.5,0.375,0
730,fixedwing_0,fixedwing,2000.0,1842.9439126071409,9,change_altitude,42.500000000002714,,,0.610625,0.5,0.375,0
730,quadrotor_0,quadrotor,1428.672526041794,319.9380865394286,1,move_south,44.70000000000169,277.17831582397065,0,0.610625,0.5,0.375,0
730,quadrotor_1,quadrotor,1971.93918248357,780.4470345811125,1,move_south,52.150000000001775,,,0.610625,0.5,0.375,0
731,fixedwing_0,fixedwing,2000.0,1813.954992628881,5,turn_left,42.45000000000272,,,0.610625,0.5,0.375,0
731,quadrotor_0,quadrotor,1428.672526041794,304.9380865394286,1,move_south,44.600000000001685,267.6266921267315,0,0.610625,0.5,0.375,0
731,quadrotor_1,quadrotor,1971.93918248357,765.4470345811125,1,move_south,52.05000000000177,,,0.610625,0.5,0.375,0
732,fixedwing_0,fixedwing,2000.0,1790.945929067975,6,straight,42.30000000000272,,,0.610625,0.5,0.375,0
732,quadrotor_0,quadrotor,1428.672526041794,289.9380865394286,2,move_east,44.500000000001684,258.5928728994282,0,0.610625,0.5,0.375,0
732,quadrotor_1,quadrotor,1971.93918248357,750.4470345811125,4,hover_inspect,51.95000000000177,,,0.610625,0.5,0.375,0
733,fixedwing_0,fixedwing,2000.0,1767.936865507069,9,change_altitude,42.25000000000272,,,0.61125,0.5,0.375,0
733,quadrotor_0,quadrotor,1443.672526041794,289.9380865394286,10,return_to_base,44.40000000000168,270.91319942571454,0,0.61125,0.5,0.375,0
733,quadrotor_1,quadrotor,1971.93918248357,750.4470345811125,2,move_east,51.95000000000177,,,0.61125,0.5,0.375,0
734,fixedwing_0,fixedwing,2000.0,1744.9278019461628,6,straight,42.200000000002724,,,0.61125,0.5,0.375,0
734,quadrotor_0,quadrotor,1428.966178437788,286.98455642274763,4,hover_inspect,44.30000000000168,257.119947532192,0,0.61125,0.5,0.375,0
734,quadrotor_1,quadrotor,1986.93918248357,750.4470345811125,3,move_west,51.85000000000177,,,0.61125,0.5,0.375,0
735,fixedwing_0,fixedwing,2000.0,1721.9187383852568,5,turn_left,42.15000000000273,,,0.61125,0.5,0.375,0
735,quadrotor_0,quadrotor,1428.966178437788,286.98455642274763,4,hover_inspect,44.30000000000168,257.119947532192,0,0.61125,0.5,0.375,0
735,quadrotor_1,quadrotor,1971.93918248357,750.4470345811125,0,move_north,51.75000000000177,,,0.61125,0.5,0.375,0
736,fixedwing_0,fixedwing,2000.0,1709.2010714081757,6,straight,42.00000000000273,,,0.61125,0.5,0.375,0
736,quadrotor_0,quadrotor,1428.966178437788,286.98455642274763,4,hover_inspect,44.30000000000168,257.119947532192,0,0.61125,0.5,0.375,0
736,quadrotor_1,quadrotor,1971.93918248357,765.4470345811125,4,hover_inspect,51.65000000000177,,,0.61125,0.5,0.375,0
737,fixedwing_0,fixedwing,2000.0,1696.4834044310946,6,straight,41.95000000000273,,,0.61125,0.5,0.375,0
737,quadrotor_0,quadrotor,1428.966178437788,286.98455642274763,4,hover_inspect,44.30000000000168,257.119947532192,0,0.61125,0.5,0.375,0
737,quadrotor_1,quadrotor,1971.93918248357,765.4470345811125,0,move_north,51.65000000000177,,,0.61125,0.5,0.375,0
738,fixedwing_0,fixedwing,2000.0,1683.7657374540136,9,change_altitude,41.900000000002734,,,0.61125,0.5,0.375,0
738,quadrotor_0,quadrotor,1428.966178437788,286.98455642274763,4,hover_inspect,44.30000000000168,257.119947532192,0,0.61125,0.5,0.375,0
738,quadrotor_1,quadrotor,1971.93918248357,780.4470345811125,4,hover_inspect,51.550000000001766,,,0.61125,0.5,0.375,0
739,fixedwing_0,fixedwing,2000.0,1671.0480704769325,5,turn_left,41.85000000000274,,,0.61125,0.5,0.375,0
739,quadrotor_0,quadrotor,1428.966178437788,286.98455642274763,1,move_south,44.05000000000168,257.119947532192,0,0.61125,0.5,0.375,0
739,quadrotor_1,quadrotor,1971.93918248357,780.4470345811125,2,move_east,51.550000000001766,,,0.61125,0.5,0.375,0
740,fixedwing_0,fixedwing,2000.0,1671.0048928093038,5,turn_left,41.70000000000274,,,0.61125,0.5,0.375,0
740,quadrotor_0,quadrotor,1428.966178437788,271.98455642274763,4,hover_inspect,43.95000000000168,248.78806421961065,0,0.61125,0.5,0.375,0
740,quadrotor_1,quadrotor,1986.93918248357,780.4470345811125,2,move_east,51.450000000001765,,,0.61125,0.5,0.375,0
741,fixedwing_0,fixedwing,2000.0,1683.644295273589,6,straight,41.55000000000274,,,0.61125,0.5,0.375,0
741,quadrotor_0,quadrotor,1428.966178437788,271.98455642274763,4,hover_inspect,43.95000000000168,248.78806421961065,0,0.61125,0.5,0.375,0
741,quadrotor_1,quadrotor,2000.0,780.4470345811125,4,hover_inspect,51.350000000001764,,,0.61125,0.5,0.375,0
742,fixedwing_0,fixedwing,2000.0,1696.2836977378743,6,straight,41.50000000000274,,,0.61125,0.5,0.375,0
742,quadrotor_0,quadrotor,1428.966178437788,271.98455642274763,4,hover_inspect,43.95000000000168,248.78806421961065,0,0.61125,0.5,0.375,0
742,quadrotor_1,quadrotor,2000.0,780.4470345811125,4,hover_inspect,51.350000000001764,,,0.61125,0.5,0.375,0
743,fixedwing_0,fixedwing,2000.0,1708.9231002021595,6,straight,41.450000000002746,,,0.61125,0.5,0.375,0
743,quadrotor_0,quadrotor,1428.966178437788,271.98455642274763,4,hover_inspect,43.95000000000168,248.78806421961065,0,0.61125,0.5,0.375,0
743,quadrotor_1,quadrotor,2000.0,780.4470345811125,1,move_south,51.350000000001764,,,0.61125,0.5,0.375,0
744,fixedwing_0,fixedwing,2000.0,1721.5625026664447,6,straight,41.40000000000275,,,0.61125,0.5,0.375,0
744,quadrotor_0,quadrotor,1428.966178437788,271.98455642274763,4,hover_inspect,43.95000000000168,248.78806421961065,0,0.61125,0.5,0.375,0
744,quadrotor_1,quadrotor,2000.0,765.4470345811125,4,hover_inspect,51.25000000000176,,,0.61125,0.5,0.375,0
745,fixedwing_0,fixedwing,2000.0,1734.20190513073,9,change_altitude,41.35000000000275,,,0.61125,0.5,0.375,0
745,quadrotor_0,quadrotor,1428.966178437788,271.98455642274763,4,hover_inspect,43.95000000000168,248.78806421961065,0,0.61125,0.5,0.375,0
745,quadrotor_1,quadrotor,2000.0,765.4470345811125,1,move_south,51.25000000000176,,,0.61125,0.5,0.375,0
746,fixedwing_0,fixedwing,2000.0,1746.8413075950152,8,orbit_candidate,41.300000000002754,,,0.61125,0.5,0.375,0
746,quadrotor_0,quadrotor,1428.966178437788,271.98455642274763,1,move_south,43.95000000000168,248.78806421961065,0,0.61125,0.5,0.375,0
746,quadrotor_1,quadrotor,2000.0,750.4470345811125,4,hover_inspect,51.15000000000176,,,0.61125,0.5,0.375,0
747,fixedwing_0,fixedwing,2000.0,1767.2245236670476,6,straight,41.25000000000276,,,0.61125,0.5,0.375,0
747,quadrotor_0,quadrotor,1428.966178437788,256.98455642274763,4,hover_inspect,43.85000000000168,241.10233175422638,0,0.61125,0.5,0.375,0
747,quadrotor_1,quadrotor,2000.0,750.4470345811125,4,hover_inspect,51.15000000000176,,,0.61125,0.5,0.375,0
748,fixedwing_0,fixedwing,2000.0,1787.60773973908,7,turn_right,41.20000000000276,,,0.61125,0.5,0.375,0
748,quadrotor_0,quadrotor,1428.966178437788,256.98455642274763,1,move_south,43.85000000000168,241.10233175422638,0,0.61125,0.5,0.375,0
748,quadrotor_1,quadrotor,2000.0,750.4470345811125,4,hover_inspect,51.15000000000176,,,0.61125,0.5,0.375,0
749,fixedwing_0,fixedwing,2000.0,1796.7785689694547,9,change_altitude,41.05000000000276,,,0.61125,0.5,0.375,0
749,quadrotor_0,quadrotor,1428.966178437788,241.98455642274763,4,hover_inspect,43.75000000000168,234.1263929088495,0,0.61125,0.5,0.375,0
749,quadrotor_1,quadrotor,2000.0,750.4470345811125,4,hover_inspect,51.15000000000176,,,0.61125,0.5,0.375,0
750,fixedwing_0,fixedwing,2000.0,1805.9493981998294,6,straight,41.000000000002764,,,0.61125,0.5,0.375,0
750,quadrotor_0,quadrotor,1428.966178437788,241.98455642274763,4,hover_inspect,43.75000000000168,234.1263929088495,0,0.61125,0.5,0.375,0
750,quadrotor_1,quadrotor,2000.0,750.4470345811125,4,hover_inspect,51.15000000000176,,,0.61125,0.5,0.375,0
751,fixedwing_0,fixedwing,2000.0,1815.120227430204,8,orbit_candidate,40.95000000000277,,,0.61125,0.5,0.375,0
751,quadrotor_0,quadrotor,1428.966178437788,241.98455642274763,10,return_to_base,43.75000000000168,234.1263929088495,0,0.61125,0.5,0.375,0
751,quadrotor_1,quadrotor,2000.0,750.4470345811125,4,hover_inspect,51.15000000000176,,,0.61125,0.5,0.375,0
752,fixedwing_0,fixedwing,2000.0,1834.1532511489106,10,return_to_base,40.90000000000277,,,0.61125,0.5,0.375,0
752,quadrotor_0,quadrotor,1414.1767368471162,239.48007694866286,3,move_west,43.650000000001675,219.7845758328419,0,0.61125,0.5,0.375,0
752,quadrotor_1,quadrotor,2000.0,750.4470345811125,4,hover_inspect,51.15000000000176,,,0.61125,0.5,0.375,0
753,fixedwing_0,fixedwing,1977.8898913581527,1813.8765873245607,9,change_altitude,40.85000000000277,,,0.61125,0.5,0.375,0
753,quadrotor_0,quadrotor,1399.1767368471162,239.48007694866286,4,hover_inspect,43.550000000001674,206.55857702154475,0,0.61125,0.5,0.375,0
753,quadrotor_1,quadrotor,2000.0,750.4470345811125,4,hover_inspect,51.15000000000176,,,0.61125,0.5,0.375,0
754,fixedwing_0,fixedwing,1955.7797827163054,1793.5999235002107,7,turn_right,40.800000000002775,,,0.61125,0.5,0.375,0
754,quadrotor_0,quadrotor,1399.1767368471162,239.48007694866286,2,move_east,43.300000000001674,206.55857702154475,0,0.61125,0.5,0.375,0
754,quadrotor_1,quadrotor,2000.0,750.4470345811125,2,move_east,51.15000000000176,,,0.61125,0.5,0.375,0
755,fixedwing_0,fixedwing,1927.1719306626253,1784.5671608621935,8,orbit_candidate,40.65000000000278,,,0.61125,0.5,0.375,0
755,quadrotor_0,quadrotor,1414.1767368471162,239.48007694866286,2,move_east,43.20000000000167,219.7845758328419,0,0.61125,0.5,0.375,0
755,quadrotor_1,quadrotor,2000.0,750.4470345811125,4,hover_inspect,51.05000000000176,,,0.61125,0.5,0.375,0
756,fixedwing_0,fixedwing,1913.4319295087314,1757.898595690985,6,straight,40.60000000000278,,,0.61125,0.5,0.375,0
756,quadrotor_0,quadrotor,1429.1767368471162,239.48007694866286,4,hover_inspect,43.10000000000167,233.2253712761093,0,0.61125,0.5,0.375,0
756,quadrotor_1,quadrotor,2000.0,750.4470345811125,2,move_east,51.05000000000176,,,0.61125,0.5,0.375,0
757,fixedwing_0,fixedwing,1899.6919283548375,1731.2300305197766,7,turn_right,40.55000000000278,,,0.61125,0.5,0.375,0
757,quadrotor_0,quadrotor,1429.1767368471162,239.48007694866286,4,hover_inspect,43.10000000000167,233.2253712761093,0,0.61125,0.5,0.375,0
757,quadrotor_1,quadrotor,2000.0,750.4470345811125,2,move_east,50.95000000000176,,,0.61125,0.5,0.375,0
758,fixedwing_0,fixedwing,1875.9686356593963,1712.8668776399898,8,orbit_candidate,40.400000000002784,,,0.61125,0.5,0.375,0
758,quadrotor_0,quadrotor,1429.1767368471162,239.48007694866286,4,hover_inspect,43.10000000000167,233.2253712761093,0,0.61125,0.5,0.375,0
758,quadrotor_1,quadrotor,2000.0,750.4470345811125,4,hover_inspect,50.85000000000176,,,0.61125,0.5,0.375,0
759,fixedwing_0,fixedwing,1868.3067700677543,1683.8617778184823,6,straight,40.35000000000279,,,0.61125,0.5,0.375,0
759,quadrotor_0,quadrotor,1429.1767368471162,239.48007694866286,1,move_south,42.85000000000167,233.2253712761093,0,0.61125,0.5,0.375,0
759,quadrotor_1,quadrotor,2000.0,750.4470345811125,4,hover_inspect,50.85000000000176,,,0.61125,0.5,0.375,0
760,fixedwing_0,fixedwing,1860.6449044761123,1654.856677996975,6,straight,40.30000000000279,,,0.611875,0.5,0.375,0
760,quadrotor_0,quadrotor,1429.1767368471162,224.48007694866286,4,hover_inspect,42.75000000000167,227.16522988847902,0,0.611875,0.5,0.375,0
760,quadrotor_1,quadrotor,2000.0,750.4470345811125,4,hover_inspect,50.85000000000176,,,0.611875,0.5,0.375,0
761,fixedwing_0,fixedwing,1852.9830388844703,1625.8515781754675,9,change_altitude,40.25000000000279,,,0.611875,0.5,0.375,0
761,quadrotor_0,quadrotor,1429.1767368471162,224.48007694866286,1,move_south,42.75000000000167,227.16522988847902,0,0.611875,0.5,0.375,0
761,quadrotor_1,quadrotor,2000.0,750.4470345811125,3,move_west,50.85000000000176,,,0.611875,0.5,0.375,0
762,fixedwing_0,fixedwing,1845.3211732928282,1596.84647835396,6,straight,40.200000000002795,,,0.611875,0.5,0.375,0
762,quadrotor_0,quadrotor,1429.1767368471162,209.48007694866286,4,hover_inspect,42.65000000000167,221.95497186071773,0,0.611875,0.5,0.375,0
762,quadrotor_1,quadrotor,1985.0,750.4470345811125,4,hover_inspect,50.750000000001755,,,0.611875,0.5,0.375,0
763,fixedwing_0,fixedwing,1837.6593077011862,1567.8413785324526,9,change_altitude,40.1500000000028,,,0.611875,0.5,0.375,0
763,quadrotor_0,quadrotor,1429.1767368471162,209.48007694866286,4,hover_inspect,42.65000000000167,221.95497186071773,0,0.611875,0.5,0.375,0
763,quadrotor_1,quadrotor,1985.0,750.4470345811125,4,hover_inspect,50.750000000001755,,,0.611875,0.5,0.375,0
764,fixedwing_0,fixedwing,1829.9974421095442,1538.8362787109452,9,change_altitude,40.1000000000028,,,0.611875,0.5,0.375,0
764,quadrotor_0,quadrotor,1429.1767368471162,209.48007694866286,4,hover_inspect,42.65000000000167,221.95497186071773,0,0.611875,0.5,0.375,0
764,quadrotor_1,quadrotor,1985.0,750.4470345811125,2,move_east,50.750000000001755,,,0.611875,0.5,0.375,0
765,fixedwing_0,fixedwing,1822.3355765179022,1509.8311788894378,6,straight,40.050000000002804,,,0.611875,0.5,0.375,0
765,quadrotor_0,quadrotor,1429.1767368471162,209.48007694866286,4,hover_inspect,42.65000000000167,221.95497186071773,0,0.611875,0.5,0.375,0
765,quadrotor_1,quadrotor,2000.0,750.4470345811125,1,move_south,50.650000000001754,,,0.611875,0.5,0.375,0
766,fixedwing_0,fixedwing,1814.6737109262601,1480.8260790679303,9,change_altitude,40.00000000000281,,,0.611875,0.5,0.375,0
766,quadrotor_0,quadrotor,1429.1767368471162,209.48007694866286,4,hover_inspect,42.65000000000167,221.95497186071773,0,0.611875,0.5,0.375,0
766,quadrotor_1,quadrotor,2000.0,735.4470345811125,2,move_east,50.55000000000175,,,0.611875,0.5,0.375,0
767,fixedwing_0,fixedwing,1807.011845334618,1451.820979246423,5,turn_left,39.95000000000281,,,0.611875,0.5,0.375,0
767,quadrotor_0,quadrotor,1429.1767368471162,209.48007694866286,3,move_west,42.65000000000167,221.95497186071773,0,0.611875,0.5,0.375,0
767,quadrotor_1,quadrotor,2000.0,735.4470345811125,2,move_east,50.45000000000175,,,0.611875,0.5,0.375,0
768,fixedwing_0,fixedwing,1812.3259217538657,1422.2953870963847,9,change_altitude,39.80000000000281,,,0.611875,0.5,0.375,0
768,quadrotor_0,quadrotor,1414.1767368471162,209.48007694866286,4,hover_inspect,42.55000000000167,207.78641798932674,0,0.611875,0.5,0.375,0
768,quadrotor_1,quadrotor,2000.0,735.4470345811125,1,move_south,50.35000000000175,,,0.611875,0.5,0.375,0
769,fixedwing_0,fixedwing,1817.6399981731133,1392.7697949463466,6,straight,39.750000000002814,,,0.611875,0.5,0.375,0
769,quadrotor_0,quadrotor,1414.1767368471162,209.48007694866286,1,move_south,42.30000000000167,207.78641798932674,0,0.611875,0.5,0.375,0
769,quadrotor_1,quadrotor,2000.0,720.4470345811125,4,hover_inspect,50.25000000000175,,,0.611875,0.5,0.375,0
770,fixedwing_0,fixedwing,1822.954074592361,1363.2442027963084,6,straight,39.70000000000282,,,0.6125,0.5,0.375,0
770,quadrotor_0,quadrotor,1414.1767368471162,194.48007694866286,4,hover_inspect,42.200000000001666,203.1875078941658,0,0.6125,0.5,0.375,0
770,quadrotor_1,quadrotor,2000.0,720.4470345811125,1,move_south,50.25000000000175,,,0.6125,0.5,0.375,0
771,fixedwing_0,fixedwing,1828.2681510116086,1333.7186106462702,9,change_altitude,39.65000000000282,,,0.6125,0.5,0.375,0
771,quadrotor_0,quadrotor,1414.1767368471162,194.48007694866286,4,hover_inspect,42.200000000001666,203.1875078941658,0,0.6125,0.5,0.375,0
771,quadrotor_1,quadrotor,2000.0,705.4470345811125,2,move_east,50.15000000000175,,,0.6125,0.5,0.375,0
772,fixedwing_0,fixedwing,1833.5822274308562,1304.193018496232,6,straight,39.60000000000282,,,0.6125,0.5,0.375,0
772,quadrotor_0,quadrotor,1414.1767368471162,194.48007694866286,4,hover_inspect,42.200000000001666,203.1875078941658,0,0.6125,0.5,0.375,0
772,quadrotor_1,quadrotor,2000.0,705.4470345811125,1,move_south,50.050000000001745,,,0.6125,0.5,0.375,0
773,fixedwing_0,fixedwing,1838.8963038501038,1274.667426346194,6,straight,39.550000000002825,,,0.6125,0.5,0.375,0
773,quadrotor_0,quadrotor,1414.1767368471162,194.48007694866286,4,hover_inspect,42.200000000001666,203.1875078941658,0,0.6125,0.5,0.375,0
773,quadrotor_1,quadrotor,2000.0,690.4470345811125,4,hover_inspect,49.950000000001744,,,0.6125,0.5,0.375,0
774,fixedwing_0,fixedwing,1844.2103802693514,1245.1418341961557,6,straight,39.50000000000283,,,0.6125,0.5,0.375,0
774,quadrotor_0,quadrotor,1414.1767368471162,194.48007694866286,4,hover_inspect,42.200000000001666,203.1875078941658,0,0.6125,0.5,0.375,0
774,quadrotor_1,quadrotor,2000.0,690.4470345811125,4,hover_inspect,49.950000000001744,,,0.6125,0.5,0.375,0
775,fixedwing_0,fixedwing,1849.524456688599,1215.6162420461176,6,straight,39.45000000000283,,,0.6125,0.5,0.375,0
775,quadrotor_0,quadrotor,1414.1767368471162,194.48007694866286,10,return_to_base,42.200000000001666,203.1875078941658,0,0.6125,0.5,0.375,0
775,quadrotor_1,quadrotor,2000.0,690.4470345811125,2,move_east,49.950000000001744,,,0.6125,0.5,0.375,0
776,fixedwing_0,fixedwing,1854.8385331078466,1186.0906498960794,9,change_altitude,39.400000000002834,,,0.6125,0.5,0.375,0
776,quadrotor_0,quadrotor,1399.3165978938205,192.43648445289887,4,hover_inspect,42.100000000001664,188.34590730170544,0,0.6125,0.5,0.375,0
776,quadrotor_1,quadrotor,2000.0,690.4470345811125,4,hover_inspect,49.85000000000174,,,0.6125,0.5,0.375,0
777,fixedwing_0,fixedwing,1860.1526095270942,1156.5650577460412,9,change_altitude,39.35000000000284,,,0.6125,0.5,0.375,0
777,quadrotor_0,quadrotor,1399.3165978938205,192.43648445289887,4,hover_inspect,42.100000000001664,188.34590730170544,0,0.6125,0.5,0.375,0
777,quadrotor_1,quadrotor,2000.0,690.4470345811125,4,hover_inspect,49.85000000000174,,,0.6125,0.5,0.375,0
778,fixedwing_0,fixedwing,1865.4666859463418,1127.039465596003,6,straight,39.30000000000284,,,0.6125,0.5,0.375,0
778,quadrotor_0,quadrotor,1399.3165978938205,192.43648445289887,4,hover_inspect,42.100000000001664,188.34590730170544,0,0.6125,0.5,0.375,0
778,quadrotor_1,quadrotor,2000.0,690.4470345811125,2,move_east,49.85000000000174,,,0.6125,0.5,0.375,0
779,fixedwing_0,fixedwing,1870.7807623655895,1097.513873445965,5,turn_left,39.25000000000284,,,0.6125,0.5,0.375,0
779,quadrotor_0,quadrotor,1399.3165978938205,192.43648445289887,1,move_south,42.100000000001664,188.34590730170544,0,0.6125,0.5,0.375,0
779,quadrotor_1,quadrotor,2000.0,690.4470345811125,3,move_west,49.75000000000174,,,0.6125,0.5,0.375,0
780,fixedwing_0,fixedwing,1888.0750056365753,1073.0004251025769,9,change_altitude,39.100000000002844,,,0.6125,0.5,0.375,0
780,quadrotor_0,quadrotor,1399.3165978938205,177.43648445289887,4,hover_inspect,42.00000000000166,184.64955032596757,0,0.6125,0.5,0.375,0
780,quadrotor_1,quadrotor,1985.0,690.4470345811125,2,move_east,49.65000000000174,,,0.6125,0.5,0.375,0
781,fixedwing_0,fixedwing,1905.369248907561,1048.4869767591888,6,straight,39.050000000002846,,,0.6125,0.5,0.375,0
781,quadrotor_0,quadrotor,1399.3165978938205,177.43648445289887,4,hover_inspect,42.00000000000166,184.64955032596757,0,0.6125,0.5,0.375,0
781,quadrotor_1,quadrotor,2000.0,690.4470345811125,2,move_east,49.55000000000174,,,0.6125,0.5,0.375,0
782,fixedwing_0,fixedwing,1922.663492178547,1023.9735284158006,6,straight,39.00000000000285,,,0.6125,0.5,0.375,0
782,quadrotor_0,quadrotor,1399.3165978938205,177.43648445289887,4,hover_inspect,42.00000000000166,184.64955032596757,0,0.6125,0.5,0.375,0
782,quadrotor_1,quadrotor,2000.0,690.4470345811125,2,move_east,49.45000000000174,,,0.6125,0.5,0.375,0
783,fixedwing_0,fixedwing,1939.9577354495327,999.4600800724124,6,straight,38.95000000000285,,,0.6125,0.5,0.375,0
783,quadrotor_0,quadrotor,1399.3165978938205,177.43648445289887,1,move_south,42.00000000000166,184.64955032596757,0,0.6125,0.5,0.375,0
783,quadrotor_1,quadrotor,2000.0,690.4470345811125,0,move_north,49.350000000001735,,,0.6125,0.5,0.375,0
784,fixedwing_0,fixedwing,1957.2519787205185,974.9466317290243,9,change_altitude,38.900000000002855,,,0.6125,0.5,0.375,0
784,quadrotor_0,quadrotor,1399.3165978938205,162.43648445289887,3,move_west,41.90000000000166,182.11735796969333,0,0.6125,0.5,0.375,0
784,quadrotor_1,quadrotor,2000.0,705.4470345811125,0,move_north,49.250000000001734,,,0.6125,0.5,0.375,0
785,fixedwing_0,fixedwing,1974.5462219915044,950.4331833856361,9,change_altitude,38.85000000000286,,,0.6125,0.5,0.375,0
785,quadrotor_0,quadrotor,1384.3165978938205,162.43648445289887,4,hover_inspect,41.80000000000166,167.2534669583967,0,0.6125,0.5,0.375,0
785,quadrotor_1,quadrotor,2000.0,720.4470345811125,4,hover_inspect,49.15000000000173,,,0.6125,0.5,0.375,0
786,fixedwing_0,fixedwing,1991.8404652624902,925.9197350422479,9,change_altitude,38.80000000000286,,,0.6125,0.5,0.375,0
786,quadrotor_0,quadrotor,1384.3165978938205,162.43648445289887,4,hover_inspect,41.80000000000166,167.2534669583967,0,0.6125,0.5,0.375,0
786,quadrotor_1,quadrotor,2000.0,720.4470345811125,2,move_east,49.15000000000173,,,0.6125,0.5,0.375,0
787,fixedwing_0,fixedwing,2000.0,901.4062866988597,9,change_altitude,38.75000000000286,,,0.6125,0.5,0.375,0
787,quadrotor_0,quadrotor,1384.3165978938205,162.43648445289887,4,hover_inspect,41.80000000000166,167.2534669583967,0,0.6125,0.5,0.375,0
787,quadrotor_1,quadrotor,2000.0,720.4470345811125,4,hover_inspect,49.05000000000173,,,0.6125,0.5,0.375,0
788,fixedwing_0,fixedwing,2000.0,876.8928383554716,9,change_altitude,38.700000000002866,,,0.6125,0.5,0.375,0
788,quadrotor_0,quadrotor,1384.3165978938205,162.43648445289887,4,hover_inspect,41.80000000000166,167.2534669583967,0,0.6125,0.5,0.375,0
788,quadrotor_1,quadrotor,2000.0,720.4470345811125,2,move_east,49.05000000000173,,,0.6125,0.5,0.375,0
789,fixedwing_0,fixedwing,2000.0,852.3793900120834,9,change_altitude,38.65000000000287,,,0.6125,0.5,0.375,0
789,quadrotor_0,quadrotor,1384.3165978938205,162.43648445289887,4,hover_inspect,41.80000000000166,167.2534669583967,0,0.6125,0.5,0.375,0
789,quadrotor_1,quadrotor,2000.0,720.4470345811125,4,hover_inspect,48.95000000000173,,,0.6125,0.5,0.375,0
790,fixedwing_0,fixedwing,2000.0,827.8659416686952,7,turn_right,38.60000000000287,,,0.6125,0.5,0.375,0
790,quadrotor_0,quadrotor,1384.3165978938205,162.43648445289887,0,move_north,41.80000000000166,167.2534669583967,0,0.6125,0.5,0.375,0
790,quadrotor_1,quadrotor,2000.0,720.4470345811125,2,move_east,48.95000000000173,,,0.6125,0.5,0.375,0
791,fixedwing_0,fixedwing,2000.0,798.340349518657,6,straight,38.45000000000287,,,0.6125,0.5,0.375,0
791,quadrotor_0,quadrotor,1384.3165978938205,177.43648445289887,4,hover_inspect,41.70000000000166,170.0071956457258,0,0.6125,0.5,0.375,0
791,quadrotor_1,quadrotor,2000.0,720.4470345811125,4,hover_inspect,48.85000000000173,,,0.6125,0.5,0.375,0
792,fixedwing_0,fixedwing,2000.0,768.8147573686189,9,change_altitude,38.400000000002876,,,0.6125,0.5,0.375,0
792,quadrotor_0,quadrotor,1384.3165978938205,177.43648445289887,4,hover_inspect,41.45000000000166,170.0071956457258,0,0.6125,0.5,0.375,0
792,quadrotor_1,quadrotor,2000.0,720.4470345811125,2,move_east,48.85000000000173,,,0.6125,0.5,0.375,0
793,fixedwing_0,fixedwing,2000.0,739.2891652185807,6,straight,38.35000000000288,,,0.61375,0.5,0.375,0
793,quadrotor_0,quadrotor,1384.3165978938205,177.43648445289887,10,return_to_base,41.45000000000166,170.0071956457258,0,0.61375,0.5,0.375,0
793,quadrotor_1,quadrotor,2000.0,720.4470345811125,1,move_south,48.75000000000173,,,0.61375,0.5,0.375,0
794,fixedwing_0,fixedwing,2000.0,709.7635730685425,9,change_altitude,38.30000000000288,,,0.614375,0.5,0.375,0
794,quadrotor_0,quadrotor,1369.4383187008618,175.5294426976213,4,hover_inspect,41.35000000000166,155.09052415587854,0,0.614375,0.5,0.375,0
794,quadrotor_1,quadrotor,2000.0,705.4470345811125,3,move_west,48.650000000001725,,,0.614375,0.5,0.375,0
795,fixedwing_0,fixedwing,2000.0,680.2379809185044,8,orbit_candidate,38.250000000002885,,,0.615625,0.5,0.375,0
795,quadrotor_0,quadrotor,1369.4383187008618,175.5294426976213,4,hover_inspect,41.35000000000166,155.09052415587854,0,0.615625,0.5,0.375,0
795,quadrotor_1,quadrotor,1985.0,705.4470345811125,4,hover_inspect,48.550000000001724,,,0.615625,0.5,0.375,0
796,fixedwing_0,fixedwing,2000.0,658.4247782638746,9,change_altitude,38.20000000000289,,,0.61625,0.5,0.375,0
796,quadrotor_0,quadrotor,1369.4383187008618,175.5294426976213,1,move_south,41.35000000000166,155.09052415587854,0,0.61625,0.5,0.375,0
796,quadrotor_1,quadrotor,1985.0,705.4470345811125,2,move_east,48.550000000001724,,,0.61625,0.5,0.375,0
797,fixedwing_0,fixedwing,2000.0,636.6115756092448,7,turn_right,38.15000000000289,,,0.6175,0.5,0.375,0
797,quadrotor_0,quadrotor,1369.4383187008618,160.5294426976213,4,hover_inspect,41.250000000001656,152.2549098514819,0,0.6175,0.5,0.375,0
797,quadrotor_1,quadrotor,2000.0,705.4470345811125,4,hover_inspect,48.45000000000172,,,0.6175,0.5,0.375,0
798,fixedwing_0,fixedwing,2000.0,608.1379675892414,6,straight,38.00000000000289,,,0.618125,0.5,0.375,0
798,quadrotor_0,quadrotor,1369.4383187008618,160.5294426976213,4,hover_inspect,41.250000000001656,152.2549098514819,0,0.618125,0.5,0.375,0
798,quadrotor_1,quadrotor,2000.0,705.4470345811125,1,move_south,48.45000000000172,,,0.618125,0.5,0.375,0
799,fixedwing_0,fixedwing,2000.0,579.664359569238,5,turn_left,37.950000000002895,,,0.619375,0.5,0.375,0
799,quadrotor_0,quadrotor,1369.4383187008618,160.5294426976213,1,move_south,41.250000000001656,152.2549098514819,0,0.619375,0.5,0.375,0
799,quadrotor_1,quadrotor,2000.0,690.4470345811125,4,hover_inspect,48.35000000000172,,,0.619375,0.5,0.375,0
800,fixedwing_0,fixedwing,2000.0,557.8511569146082,6,straight,37.800000000002896,,,0.62125,0.5,0.375,0
800,quadrotor_0,quadrotor,1369.4383187008618,145.5294426976213,4,hover_inspect,41.150000000001654,150.8643246921571,0,0.62125,0.5,0.375,0
800,quadrotor_1,quadrotor,2000.0,690.4470345811125,4,hover_inspect,48.35000000000172,,,0.62125,0.5,0.375,0
801,fixedwing_0,fixedwing,2000.0,536.0379542599784,5,turn_left,37.7500000000029,,,0.621875,0.5,0.375,0
801,quadrotor_0,quadrotor,1369.4383187008618,145.5294426976213,1,move_south,41.150000000001654,150.8643246921571,0,0.621875,0.5,0.375,0
801,quadrotor_1,quadrotor,2000.0,690.4470345811125,1,move_south,48.35000000000172,,,0.621875,0.5,0.375,0
802,fixedwing_0,fixedwing,2000.0,524.9726114277829,5,turn_left,37.6000000000029,,,0.621875,0.5,0.375,0
802,quadrotor_0,quadrotor,1369.4383187008618,130.5294426976213,1,move_south,41.05000000000165,150.95870745259558,0,0.621875,0.5,0.375,0
802,quadrotor_1,quadrotor,2000.0,675.4470345811125,4,hover_inspect,48.25000000000172,,,0.621875,0.5,0.375,0
803,fixedwing_0,fixedwing,2000.0,526.7286013323147,5,turn_left,37.4500000000029,,,0.6225,0.5,0.375,0
803,quadrotor_0,quadrotor,1369.4383187008618,115.5294426976213,4,hover_inspect,40.95000000000165,152.5353016409515,0,0.6225,0.5,0.375,0
803,quadrotor_1,quadrotor,2000.0,675.4470345811125,4,hover_inspect,48.25000000000172,,,0.6225,0.5,0.375,0
804,fixedwing_0,fixedwing,2000.0,540.97687881338,5,turn_left,37.3000000000029,,,0.6225,0.5,0.375,0
804,quadrotor_0,quadrotor,1369.4383187008618,115.5294426976213,10,return_to_base,40.95000000000165,152.5353016409515,0,0.6225,0.5,0.375,0
804,quadrotor_1,quadrotor,2000.0,675.4470345811125,2,move_east,48.25000000000172,,,0.6225,0.5,0.375,0
805,fixedwing_0,fixedwing,2000.0,565.0475385747452,8,orbit_candidate,37.150000000002905,,,0.6225,0.5,0.375,0
805,quadrotor_0,quadrotor,1354.4914133826721,114.2684821871087,4,hover_inspect,40.85000000000165,138.0054338883131,0,0.6225,0.5,0.375,0
805,quadrotor_1,quadrotor,2000.0,675.4470345811125,2,move_east,48.15000000000172,,,0.6225,0.5,0.375,0
806,fixedwing_0,fixedwing,2000.0,592.3061113552653,5,turn_left,37.10000000000291,,,0.6225,0.5,0.375,0
806,quadrotor_0,quadrotor,1354.4914133826721,114.2684821871087,4,hover_inspect,40.85000000000165,138.0054338883131,0,0.6225,0.5,0.375,0
806,quadrotor_1,quadrotor,2000.0,675.4470345811125,4,hover_inspect,48.05000000000172,,,0.6225,0.5,0.375,0
807,fixedwing_0,fixedwing,1999.834955950537,622.3056573595258,8,orbit_candidate,36.95000000000291,,,0.6225,0.5,0.375,0
807,quadrotor_0,quadrotor,1354.4914133826721,114.2684821871087,3,move_west,40.85000000000165,138.0054338883131,0,0.6225,0.5,0.375,0
807,quadrotor_1,quadrotor,2000.0,675.4470345811125,1,move_south,48.05000000000172,,,0.6225,0.5,0.375,0
808,fixedwing_0,fixedwing,1996.025381808586,652.0627933920302,8,orbit_candidate,36.90000000000291,,,0.6225,0.5,0.375,0
808,quadrotor_0,quadrotor,1339.4914133826721,114.2684821871087,4,hover_inspect,40.75000000000165,123.27710839315658,0,0.6225,0.5,0.375,0
808,quadrotor_1,quadrotor,2000.0,660.4470345811125,2,move_east,47.950000000001715,,,0.6225,0.5,0.375,0
809,fixedwing_0,fixedwing,1989.0137953946287,681.2319150099263,6,straight,36.850000000002915,,,0.6225,0.5,0.375,0
809,quadrotor_0,quadrotor,1339.4914133826721,114.2684821871087,4,hover_inspect,40.75000000000165,123.27710839315658,0,0.6225,0.5,0.375,0
809,quadrotor_1,quadrotor,2000.0,660.4470345811125,3,move_west,47.850000000001714,,,0.6225,0.5,0.375,0
810,fixedwing_0,fixedwing,1982.0022089806714,710.4010366278224,8,orbit_candidate,36.80000000000292,,,0.6225,0.5,0.375,0
810,quadrotor_0,quadrotor,1339.4914133826721,114.2684821871087,4,hover_inspect,40.75000000000165,123.27710839315658,0,0.6225,0.5,0.375,0
810,quadrotor_1,quadrotor,1985.0,660.4470345811125,1,move_south,47.75000000000171,,,0.6225,0.5,0.375,0
811,fixedwing_0,fixedwing,1987.771997756883,739.8409676311027,5,turn_left,36.75000000000292,,,0.6225,0.5,0.375,0
811,quadrotor_0,quadrotor,1339.4914133826721,114.2684821871087,4,hover_inspect,40.75000000000165,123.27710839315658,0,0.6225,0.5,0.375,0
811,quadrotor_1,quadrotor,1985.0,645.4470345811125,4,hover_inspect,47.65000000000171,,,0.6225,0.5,0.375,0
812,fixedwing_0,fixedwing,1980.5593497879477,768.9610244524108,6,straight,36.60000000000292,,,0.6225,0.5,0.375,0
812,quadrotor_0,quadrotor,1339.4914133826721,114.2684821871087,4,hover_inspect,40.75000000000165,123.27710839315658,0,0.6225,0.5,0.375,0
812,quadrotor_1,quadrotor,1985.0,645.4470345811125,4,hover_inspect,47.65000000000171,,,0.6225,0.5,0.375,0
813,fixedwing_0,fixedwing,1973.3467018190124,798.081081273719,5,turn_left,36.550000000002925,,,0.6225,0.5,0.375,0
813,quadrotor_0,quadrotor,1339.4914133826721,114.2684821871087,4,hover_inspect,40.75000000000165,123.27710839315658,0,0.6225,0.5,0.375,0
813,quadrotor_1,quadrotor,1985.0,645.4470345811125,2,move_east,47.65000000000171,,,0.6225,0.5,0.375,0
814,fixedwing_0,fixedwing,1954.5031550040007,821.4246187826412,6,straight,36.400000000002926,,,0.6225,0.5,0.375,0
814,quadrotor_0,quadrotor,1339.4914133826721,114.2684821871087,4,hover_inspect,40.75000000000165,123.27710839315658,0,0.6225,0.5,0.375,0
814,quadrotor_1,quadrotor,2000.0,645.4470345811125,4,hover_inspect,47.55000000000171,,,0.6225,0.5,0.375,0
815,fixedwing_0,fixedwing,1935.659608188989,844.7681562915635,5,turn_left,36.35000000000293,,,0.6225,0.5,0.375,0
815,quadrotor_0,quadrotor,1339.4914133826721,114.2684821871087,4,hover_inspect,40.75000000000165,123.27710839315658,0,0.6225,0.5,0.375,0
815,quadrotor_1,quadrotor,2000.0,645.4470345811125,4,hover_inspect,47.30000000000171,,,0.6225,0.5,0.375,0
816,fixedwing_0,fixedwing,1908.7161497302548,857.9609591128922,5,turn_left,36.20000000000293,,,0.6225,0.5,0.375,0
816,quadrotor_0,quadrotor,1339.4914133826721,114.2684821871087,4,hover_inspect,40.75000000000165,123.27710839315658,0,0.6225,0.5,0.375,0
816,quadrotor_1,quadrotor,2000.0,645.4470345811125,4,hover_inspect,47.05000000000171,,,0.6225,0.5,0.375,0
817,fixedwing_0,fixedwing,1878.7215641235675,858.5309014635884,7,turn_right,36.05000000000293,,,0.6225,0.5,0.375,0
817,quadrotor_0,quadrotor,1339.4914133826721,114.2684821871087,4,hover_inspect,40.75000000000165,123.27710839315658,0,0.6225,0.5,0.375,0
817,quadrotor_1,quadrotor,2000.0,645.4470345811125,4,hover_inspect,47.05000000000171,,,0.6225,0.5,0.375,0
818,fixedwing_0,fixedwing,1851.7781056648332,871.7237042849171,8,orbit_candidate,35.90000000000293,,,0.6225,0.5,0.375,0
818,quadrotor_0,quadrotor,1339.4914133826721,114.2684821871087,4,hover_inspect,40.75000000000165,123.27710839315658,0,0.6225,0.5,0.375,0
818,quadrotor_1,quadrotor,2000.0,645.4470345811125,1,move_south,47.05000000000171,,,0.6225,0.5,0.375,0
819,fixedwing_0,fixedwing,1835.4609020012113,896.898073484559,8,orbit_candidate,35.850000000002936,,,0.6225,0.5,0.375,0
819,quadrotor_0,quadrotor,1339.4914133826721,114.2684821871087,4,hover_inspect,40.75000000000165,123.27710839315658,0,0.6225,0.5,0.375,0
819,quadrotor_1,quadrotor,2000.0,630.4470345811125,4,hover_inspect,46.95000000000171,,,0.6225,0.5,0.375,0
820,fixedwing_0,fixedwing,1832.0346744857895,926.7017807206155,5,turn_left,35.80000000000294,,,0.6225,0.5,0.375,0
820,quadrotor_0,quadrotor,1339.4914133826721,114.2684821871087,4,hover_inspect,40.75000000000165,123.27710839315658,0,0.6225,0.5,0.375,0
820,quadrotor_1,quadrotor,2000.0,630.4470345811125,4,hover_inspect,46.95000000000171,,,0.6225,0.5,0.375,0
821,fixedwing_0,fixedwing,1816.3338668628726,952.2651263543183,8,orbit_candidate,35.65000000000294,,,0.6225,0.5,0.375,0
821,quadrotor_0,quadrotor,1339.4914133826721,114.2684821871087,1,move_south,40.75000000000165,123.27710839315658,0,0.6225,0.5,0.375,0
821,quadrotor_1,quadrotor,2000.0,630.4470345811125,4,hover_inspect,46.95000000000171,,,0.6225,0.5,0.375,0
822,fixedwing_0,fixedwing,1797.9559025018987,975.9769467388179,8,orbit_candidate,35.60000000000294,,,0.6225,0.5,0.375,0
822,quadrotor_0,quadrotor,1339.4914133826721,99.2684821871087,4,hover_inspect,40.65000000000165,127.13599474590657,0,0.6225,0.5,0.375,0
822,quadrotor_1,quadrotor,2000.0,630.4470345811125,4,hover_inspect,46.95000000000171,,,0.6225,0.5,0.375,0
823,fixedwing_0,fixedwing,1777.2325414565476,997.6689338996111,8,orbit_candidate,35.550000000002946,,,0.6225,0.5,0.375,0
823,quadrotor_0,quadrotor,1339.4914133826721,99.2684821871087,4,hover_inspect,40.65000000000165,127.13599474590657,0,0.6225,0.5,0.375,0
823,quadrotor_1,quadrotor,2000.0,630.4470345811125,4,hover_inspect,46.95000000000171,,,0.6225,0.5,0.375,0
824,fixedwing_0,fixedwing,1754.4585665598968,1017.1970179686314,8,orbit_candidate,35.50000000000295,,,0.6225,0.5,0.375,0
824,quadrotor_0,quadrotor,1339.4914133826721,99.2684821871087,4,hover_inspect,40.65000000000165,127.13599474590657,0,0.6225,0.5,0.375,0
824,quadrotor_1,quadrotor,2000.0,630.4470345811125,4,hover_inspect,46.95000000000171,,,0.6225,0.5,0.375,0
825,fixedwing_0,fixedwing,1729.8956138653925,1034.4208780158897,7,turn_right,35.45000000000295,,,0.6225,0.5,0.375,0
825,quadrotor_0,quadrotor,1339.4914133826721,99.2684821871087,0,move_north,40.65000000000165,127.13599474590657,0,0.6225,0.5,0.375,0
825,quadrotor_1,quadrotor,2000.0,630.4470345811125,4,hover_inspect,46.95000000000171,,,0.6225,0.5,0.375,0
826,fixedwing_0,fixedwing,1714.9131363593879,1060.41174887052,6,straight,35.30000000000295,,,0.6225,0.5,0.375,0
826,quadrotor_0,quadrotor,1339.4914133826721,114.2684821871087,4,hover_inspect,40.550000000001646,123.27710839315658,0,0.6225,0.5,0.375,0
826,quadrotor_1,quadrotor,2000.0,630.4470345811125,2,move_east,46.95000000000171,,,0.6225,0.5,0.375,0
827,fixedwing_0,fixedwing,1699.9306588533832,1086.40261972515,5,turn_left,35.250000000002956,,,0.6225,0.5,0.375,0
827,quadrotor_0,quadrotor,1339.4914133826721,114.2684821871087,4,hover_inspect,40.550000000001646,123.27710839315658,0,0.6225,0.5,0.375,0
827,quadrotor_1,quadrotor,2000.0,630.4470345811125,4,hover_inspect,46.85000000000171,,,0.6225,0.5,0.375,0
828,fixedwing_0,fixedwing,1675.367706158879,1103.6264797724084,8,orbit_candidate,35.10000000000296,,,0.6225,0.5,0.375,0
828,quadrotor_0,quadrotor,1339.4914133826721,114.2684821871087,4,hover_inspect,40.550000000001646,123.27710839315658,0,0.6225,0.5,0.375,0
828,quadrotor_1,quadrotor,2000.0,630.4470345811125,4,hover_inspect,46.85000000000171,,,0.6225,0.5,0.375,0
829,fixedwing_0,fixedwing,1669.4354387218518,1133.0341012854717,5,turn_left,35.05000000000296,,,0.6225,0.5,0.375,0
829,quadrotor_0,quadrotor,1339.4914133826721,114.2684821871087,4,hover_inspect,40.550000000001646,123.27710839315658,0,0.6225,0.5,0.375,0
829,quadrotor_1,quadrotor,2000.0,630.4470345811125,4,hover_inspect,46.85000000000171,,,0.6225,0.5,0.375,0
830,fixedwing_0,fixedwing,1651.630780663111,1157.1793731085702,6,straight,34.90000000000296,,,0.6225,0.5,0.375,0
830,quadrotor_0,quadrotor,1339.4914133826721,114.2684821871087,10,return_to_base,40.550000000001646,123.27710839315658,0,0.6225,0.5,0.375,0
830,quadrotor_1,quadrotor,2000.0,630.4470345811125,4,hover_inspect,46.85000000000171,,,0.6225,0.5,0.375,0
831,fixedwing_0,fixedwing,1633.82612260437,1181.3246449316687,8,orbit_candidate,34.850000000002964,,,0.6225,0.5,0.375,0
831,quadrotor_0,quadrotor,1324.5456973773526,112.99350254478713,1,move_south,40.450000000001644,108.97299788649237,0,0.6225,0.5,0.375,0
831,quadrotor_1,quadrotor,2000.0,630.4470345811125,4,hover_inspect,46.85000000000171,,,0.6225,0.5,0.375,0
832,fixedwing_0,fixedwing,1635.1707696268516,1211.2944951879667,8,orbit_candidate,34.80000000000297,,,0.623125,0.5,0.375,0
832,quadrotor_0,quadrotor,1324.5456973773526,97.99350254478713,3,move_west,40.35000000000164,113.48867504686193,0,0.623125,0.5,0.375,0
832,quadrotor_1,quadrotor,2000.0,630.4470345811125,4,hover_inspect,46.85000000000171,,,0.623125,0.5,0.375,0
833,fixedwing_0,fixedwing,1651.4873879480103,1236.4692437778062,5,turn_left,34.75000000000297,,,0.623125,0.5,0.375,0
833,quadrotor_0,quadrotor,1309.5456973773526,97.99350254478713,1,move_south,40.25000000000164,99.64836433744576,0,0.623125,0.5,0.375,0
833,quadrotor_1,quadrotor,2000.0,630.4470345811125,1,move_south,46.85000000000171,,,0.623125,0.5,0.375,0
834,fixedwing_0,fixedwing,1655.6359577017843,1266.1810153338422,5,turn_left,34.60000000000297,,,0.62375,0.5,0.375,0
834,quadrotor_0,quadrotor,1309.5456973773526,82.99350254478713,0,move_north,40.15000000000164,106.69752391996303,0,0.62375,0.5,0.375,0
834,quadrotor_1,quadrotor,2000.0,615.4470345811125,2,move_east,46.750000000001705,,,0.62375,0.5,0.375,0
835,fixedwing_0,fixedwing,1646.8391015264456,1294.8622865997818,6,straight,34.45000000000297,,,0.62375,0.5,0.375,0
835,quadrotor_0,quadrotor,1309.5456973773526,97.99350254478713,1,move_south,40.05000000000164,99.64836433744576,0,0.62375,0.5,0.375,0
835,quadrotor_1,quadrotor,2000.0,615.4470345811125,3,move_west,46.650000000001704,,,0.62375,0.5,0.375,0
836,fixedwing_0,fixedwing,1638.0422453511069,1323.5435578657214,8,orbit_candidate,34.400000000002976,,,0.62375,0.5,0.375,0
836,quadrotor_0,quadrotor,1309.5456973773526,82.99350254478713,4,hover_inspect,39.95000000000164,106.69752391996303,0,0.62375,0.5,0.375,0
836,quadrotor_1,quadrotor,1985.0,615.4470345811125,1,move_south,46.5500000000017,,,0.62375,0.5,0.375,0
837,fixedwing_0,fixedwing,1645.2929132415934,1352.654171310681,7,turn_right,34.35000000000298,,,0.62375,0.5,0.375,0
837,quadrotor_0,quadrotor,1309.5456973773526,82.99350254478713,4,hover_inspect,39.95000000000164,106.69752391996303,0,0.62375,0.5,0.375,0
837,quadrotor_1,quadrotor,1985.0,600.4470345811125,4,hover_inspect,46.4500000000017,,,0.62375,0.5,0.375,0
838,fixedwing_0,fixedwing,1664.1669268642722,1375.9730823009254,8,orbit_candidate,34.20000000000298,,,0.62375,0.5,0.375,0
838,quadrotor_0,quadrotor,1309.5456973773526,82.99350254478713,4,hover_inspect,39.95000000000164,106.69752391996303,0,0.62375,0.5,0.375,0
838,quadrotor_1,quadrotor,1985.0,600.4470345811125,0,move_north,46.4500000000017,,,0.62375,0.5,0.375,0
839,fixedwing_0,fixedwing,1690.7165952255582,1389.941443332404,5,turn_left,34.15000000000298,,,0.62375,0.5,0.375,0
839,quadrotor_0,quadrotor,1309.5456973773526,82.99350254478713,4,hover_inspect,39.95000000000164,106.69752391996303,0,0.62375,0.5,0.375,0
839,quadrotor_1,quadrotor,1985.0,615.4470345811125,4,hover_inspect,46.3500000000017,,,0.62375,0.5,0.375,0
840,fixedwing_0,fixedwing,1708.8754819461421,1413.8214524000114,8,orbit_candidate,34.000000000002984,,,0.62375,0.5,0.375,0
840,quadrotor_0,quadrotor,1309.5456973773526,82.99350254478713,4,hover_inspect,39.95000000000164,106.69752391996303,0,0.62375,0.5,0.375,0
840,quadrotor_1,quadrotor,1985.0,615.4470345811125,4,hover_inspect,46.3500000000017,,,0.62375,0.5,0.375,0
841,fixedwing_0,fixedwing,1724.0315560834904,1439.7114778295702,6,straight,33.95000000000299,,,0.62375,0.5,0.375,0
841,quadrotor_0,quadrotor,1309.5456973773526,82.99350254478713,4,hover_inspect,39.95000000000164,106.69752391996303,0,0.62375,0.5,0.375,0
841,quadrotor_1,quadrotor,1985.0,615.4470345811125,4,hover_inspect,46.3500000000017,,,0.62375,0.5,0.375,0
842,fixedwing_0,fixedwing,1739.1876302208386,1465.601503259129,6,straight,33.90000000000299,,,0.62375,0.5,0.375,0
842,quadrotor_0,quadrotor,1309.5456973773526,82.99350254478713,4,hover_inspect,39.95000000000164,106.69752391996303,0,0.62375,0.5,0.375,0
842,quadrotor_1,quadrotor,1985.0,615.4470345811125,0,move_north,46.3500000000017,,,0.62375,0.5,0.375,0
843,fixedwing_0,fixedwing,1754.3437043581869,1491.4915286886878,8,orbit_candidate,33.85000000000299,,,0.62375,0.5,0.375,0
843,quadrotor_0,quadrotor,1309.5456973773526,82.99350254478713,4,hover_inspect,39.95000000000164,106.69752391996303,0,0.62375,0.5,0.375,0
843,quadrotor_1,quadrotor,1985.0,630.4470345811125,4,hover_inspect,46.2500000000017,,,0.62375,0.5,0.375,0
844,fixedwing_0,fixedwing,1765.3288774977698,1519.4079391150551,6,straight,33.800000000002996,,,0.62375,0.5,0.375,0
844,quadrotor_0,quadrotor,1309.5456973773526,82.99350254478713,4,hover_inspect,39.95000000000164,106.69752391996303,0,0.62375,0.5,0.375,0
844,quadrotor_1,quadrotor,1985.0,630.4470345811125,4,hover_inspect,46.2500000000017,,,0.62375,0.5,0.375,0
845,fixedwing_0,fixedwing,1776.3140506373527,1547.3243495414224,8,orbit_candidate,33.750000000003,,,0.62375,0.5,0.375,0
845,quadrotor_0,quadrotor,1309.5456973773526,82.99350254478713,4,hover_inspect,39.95000000000164,106.69752391996303,0,0.62375,0.5,0.375,0
845,quadrotor_1,quadrotor,1985.0,630.4470345811125,4,hover_inspect,46.2500000000017,,,0.62375,0.5,0.375,0
846,fixedwing_0,fixedwing,1782.0232531973165,1576.7760898317567,8,orbit_candidate,33.700000000003,,,0.62375,0.5,0.375,0
846,quadrotor_0,quadrotor,1309.5456973773526,82.99350254478713,3,move_west,39.95000000000164,106.69752391996303,0,0.62375,0.5,0.375,0
846,quadrotor_1,quadrotor,1985.0,630.4470345811125,4,hover_inspect,46.2500000000017,,,0.62375,0.5,0.375,0
847,fixedwing_0,fixedwing,1782.1411277254874,1606.7758582574565,8,orbit_candidate,33.650000000003004,,,0.624375,0.5,0.375,0
847,quadrotor_0,quadrotor,1294.5456973773526,82.99350254478713,4,hover_inspect,39.850000000001636,94.25751302621553,0,0.624375,0.5,0.375,0
847,quadrotor_1,quadrotor,1985.0,630.4470345811125,4,hover_inspect,46.2500000000017,,,0.624375,0.5,0.375,0
848,fixedwing_0,fixedwing,1776.4487065837322,1636.230846655772,7,turn_right,33.60000000000301,,,0.624375,0.5,0.375,0
848,quadrotor_0,quadrotor,1294.5456973773526,82.99350254478713,4,hover_inspect,39.850000000001636,94.25751302621553,0,0.624375,0.5,0.375,0
848,quadrotor_1,quadrotor,1985.0,630.4470345811125,0,move_north,46.2500000000017,,,0.624375,0.5,0.375,0
849,fixedwing_0,fixedwing,1783.737836972356,1665.331853136264,5,turn_left,33.45000000000301,,,0.624375,0.5,0.375,0
849,quadrotor_0,quadrotor,1294.5456973773526,82.99350254478713,4,hover_inspect,39.850000000001636,94.25751302621553,0,0.624375,0.5,0.375,0
849,quadrotor_1,quadrotor,1985.0,645.4470345811125,4,hover_inspect,46.1500000000017,,,0.624375,0.5,0.375,0
850,fixedwing_0,fixedwing,1778.0454158306009,1694.7868415345795,8,orbit_candidate,33.30000000000301,,,0.624375,0.5,0.375,0
850,quadrotor_0,quadrotor,1294.5456973773526,82.99350254478713,4,hover_inspect,39.850000000001636,94.25751302621553,0,0.624375,0.5,0.375,0
850,quadrotor_1,quadrotor,1985.0,645.4470345811125,4,hover_inspect,46.1500000000017,,,0.624375,0.5,0.375,0
851,fixedwing_0,fixedwing,1791.595997753138,1721.552149856372,7,turn_right,33.25000000000301,,,0.624375,0.5,0.375,0
851,quadrotor_0,quadrotor,1294.5456973773526,82.99350254478713,4,hover_inspect,39.850000000001636,94.25751302621553,0,0.624375,0.5,0.375,0
851,quadrotor_1,quadrotor,1985.0,645.4470345811125,4,hover_inspect,46.1500000000017,,,0.624375,0.5,0.375,0
852,fixedwing_0,fixedwing,1815.188503746321,1740.0830338331718,5,turn_left,33.100000000003014,,,0.624375,0.5,0.375,0
852,quadrotor_0,quadrotor,1294.5456973773526,82.99350254478713,3,move_west,39.850000000001636,94.25751302621553,0,0.624375,0.5,0.375,0
852,quadrotor_1,quadrotor,1985.0,645.4470345811125,4,hover_inspect,46.1500000000017,,,0.624375,0.5,0.375,0
853,fixedwing_0,fixedwing,1828.739085668858,1766.8483421549643,5,turn_left,32.950000000003016,,,0.624375,0.5,0.375,0
853,quadrotor_0,quadrotor,1279.5456973773526,82.99350254478713,4,hover_inspect,39.750000000001634,82.67161491783804,0,0.624375,0.5,0.375,0
853,quadrotor_1,quadrotor,1985.0,645.4470345811125,4,hover_inspect,46.1500000000017,,,0.624375,0.5,0.375,0
854,fixedwing_0,fixedwing,1829.7085755062215,1796.832672887119,5,turn_left,32.80000000000302,,,0.624375,0.5,0.375,0
854,quadrotor_0,quadrotor,1279.5456973773526,82.99350254478713,4,hover_inspect,39.750000000001634,82.67161491783804,0,0.624375,0.5,0.375,0
854,quadrotor_1,quadrotor,1985.0,645.4470345811125,4,hover_inspect,46.1500000000017,,,0.624375,0.5,0.375,0
855,fixedwing_0,fixedwing,1817.9153059617954,1824.4174294285954,5,turn_left,32.65000000000302,,,0.624375,0.5,0.375,0
855,quadrotor_0,quadrotor,1279.5456973773526,82.99350254478713,4,hover_inspect,39.750000000001634,82.67161491783804,0,0.624375,0.5,0.375,0
855,quadrotor_1,quadrotor,1985.0,645.4470345811125,4,hover_inspect,46.1500000000017,,,0.624375,0.5,0.375,0
856,fixedwing_0,fixedwing,1795.5691520789608,1844.4336580105405,6,straight,32.50000000000302,,,0.624375,0.5,0.375,0
856,quadrotor_0,quadrotor,1279.5456973773526,82.99350254478713,4,hover_inspect,39.750000000001634,82.67161491783804,0,0.624375,0.5,0.375,0
856,quadrotor_1,quadrotor,1985.0,645.4470345811125,4,hover_inspect,46.1500000000017,,,0.624375,0.5,0.375,0
857,fixedwing_0,fixedwing,1773.2229981961261,1864.4498865924857,8,orbit_candidate,32.45000000000302,,,0.624375,0.5,0.375,0
857,quadrotor_0,quadrotor,1279.5456973773526,82.99350254478713,4,hover_inspect,39.750000000001634,82.67161491783804,0,0.624375,0.5,0.375,0
857,quadrotor_1,quadrotor,1985.0,645.4470345811125,4,hover_inspect,46.1500000000017,,,0.624375,0.5,0.375,0
858,fixedwing_0,fixedwing,1758.764061962221,1890.7356082486217,5,turn_left,32.400000000003025,,,0.624375,0.5,0.375,0
858,quadrotor_0,quadrotor,1279.5456973773526,82.99350254478713,0,move_north,39.750000000001634,82.67161491783804,0,0.624375,0.5,0.375,0
858,quadrotor_1,quadrotor,1985.0,645.4470345811125,4,hover_inspect,46.1500000000017,,,0.624375,0.5,0.375,0
859,fixedwing_0,fixedwing,1734.55098946625,1908.447951975663,9,change_altitude,32.25000000000303,,,0.624375,0.5,0.375,0
859,quadrotor_0,quadrotor,1279.5456973773526,97.99350254478713,3,move_west,39.65000000000163,73.34869335987212,1,0.624375,0.5,0.375,0
859,quadrotor_1,quadrotor,1985.0,645.4470345811125,4,hover_inspect,46.1500000000017,,,0.624375,0.5,0.375,0
860,fixedwing_0,fixedwing,1710.3379169702791,1926.1602957027044,6,straight,32.20000000000303,,,0.624375,0.5,0.375,0
860,quadrotor_0,quadrotor,1264.5456973773526,97.99350254478713,4,hover_inspect,39.55000000000163,61.48290794063548,1,0.624375,0.5,0.375,0
860,quadrotor_1,quadrotor,1985.0,645.4470345811125,4,hover_inspect,46.1500000000017,,,0.624375,0.5,0.375,0
861,fixedwing_0,fixedwing,1686.1248444743082,1943.8726394297457,6,straight,32.15000000000303,,,0.624375,0.5,0.5,0
861,quadrotor_0,quadrotor,1264.5456973773526,97.99350254478713,4,hover_inspect,39.30000000000163,486.5494349168457,0,0.624375,0.5,0.5,0
861,quadrotor_1,quadrotor,1985.0,645.4470345811125,2,move_east,46.1500000000017,36.36121264065351,1,0.624375,0.5,0.5,0
862,fixedwing_0,fixedwing,1661.9117719783374,1961.584983156787,8,orbit_candidate,32.100000000003035,,,0.624375,0.5,0.5,0
862,quadrotor_0,quadrotor,1264.5456973773526,97.99350254478713,4,hover_inspect,39.30000000000163,486.5494349168457,0,0.624375,0.5,0.5,0
862,quadrotor_1,quadrotor,2000.0,645.4470345811125,4,hover_inspect,46.050000000001695,33.123070278867885,1,0.624375,0.5,0.5,0
863,fixedwing_0,fixedwing,1647.8386706620756,1988.079281021464,8,orbit_candidate,32.05000000000304,,,0.624375,0.5,0.5,0
863,quadrotor_0,quadrotor,1264.5456973773526,97.99350254478713,4,hover_inspect,39.30000000000163,486.5494349168457,0,0.624375,0.5,0.5,0
863,quadrotor_1,quadrotor,2000.0,645.4470345811125,4,hover_inspect,46.050000000001695,33.123070278867885,1,0.624375,0.5,0.5,0
864,fixedwing_0,fixedwing,1645.0468388232196,2000.0,8,orbit_candidate,32.00000000000304,,,0.624375,0.5,0.5,0
864,quadrotor_0,quadrotor,1264.5456973773526,97.99350254478713,4,hover_inspect,39.30000000000163,486.5494349168457,0,0.624375,0.5,0.5,0
864,quadrotor_1,quadrotor,2000.0,645.4470345811125,4,hover_inspect,46.050000000001695,33.123070278867885,1,0.624375,0.5,0.5,0
865,fixedwing_0,fixedwing,1652.422180861587,2000.0,8,orbit_candidate,31.95000000000304,,,0.624375,0.5,0.5,0
865,quadrotor_0,quadrotor,1264.5456973773526,97.99350254478713,0,move_north,39.30000000000163,486.5494349168457,0,0.624375,0.5,0.5,0
865,quadrotor_1,quadrotor,2000.0,645.4470345811125,4,hover_inspect,46.050000000001695,33.123070278867885,1,0.624375,0.5,0.5,0
866,fixedwing_0,fixedwing,1667.8901223373139,2000.0,8,orbit_candidate,31.90000000000304,,,0.624375,0.5,0.5,0
866,quadrotor_0,quadrotor,1264.5456973773526,112.99350254478713,0,move_north,39.20000000000163,480.6147673119639,0,0.624375,0.5,0.5,0
866,quadrotor_1,quadrotor,2000.0,645.4470345811125,4,hover_inspect,46.050000000001695,33.123070278867885,1,0.624375,0.5,0.5,0
867,fixedwing_0,fixedwing,1689.3648675710172,2000.0,9,change_altitude,31.85000000000304,,,0.624375,0.5,0.5,0
867,quadrotor_0,quadrotor,1264.5456973773526,127.99350254478713,4,hover_inspect,39.10000000000163,475.07973699029145,0,0.624375,0.5,0.5,0
867,quadrotor_1,quadrotor,2000.0,645.4470345811125,4,hover_inspect,46.050000000001695,33.123070278867885,1,0.624375,0.5,0.5,0
868,fixedwing_0,fixedwing,1710.8396128047204,2000.0,5,turn_left,31.80000000000304,,,0.624375,0.5,0.5,0
868,quadrotor_0,quadrotor,1264.5456973773526,127.99350254478713,0,move_north,39.10000000000163,475.07973699029145,0,0.624375,0.5,0.5,0
868,quadrotor_1,quadrotor,2000.0,645.4470345811125,4,hover_inspect,46.050000000001695,33.123070278867885,1,0.624375,0.5,0.5,0
869,fixedwing_0,fixedwing,1721.4491667071989,2000.0,8,orbit_candidate,31.650000000003036,,,0.624375,0.5,0.5,0
869,quadrotor_0,quadrotor,1264.5456973773526,142.99350254478713,0,move_north,39.00000000000163,466.4294265511709,0,0.624375,0.5,0.5,0
869,quadrotor_1,quadrotor,2000.0,645.4470345811125,4,hover_inspect,46.050000000001695,33.123070278867885,1,0.624375,0.5,0.5,0
870,fixedwing_0,fixedwing,1737.8596710785969,2000.0,6,straight,31.600000000003035,,,0.624375,0.5,0.5,0
870,quadrotor_0,quadrotor,1264.5456973773526,157.99350254478713,0,move_north,38.900000000001626,452.3289603021807,0,0.624375,0.5,0.5,0
870,quadrotor_1,quadrotor,2000.0,645.4470345811125,0,move_north,46.050000000001695,33.123070278867885,1,0.624375,0.5,0.5,0
871,fixedwing_0,fixedwing,1754.270175449995,2000.0,8,orbit_candidate,31.550000000003035,,,0.624375,0.5,0.5,0
871,quadrotor_0,quadrotor,1264.5456973773526,172.99350254478713,0,move_north,38.800000000001624,438.2882233225637,0,0.624375,0.5,0.5,0
871,quadrotor_1,quadrotor,2000.0,660.4470345811125,0,move_north,45.950000000001694,18.123070278867885,1,0.624375,0.5,0.5,0
872,fixedwing_0,fixedwing,1775.217337602587,2000.0,6,straight,31.500000000003034,,,0.624375,0.5,0.5,0
872,quadrotor_0,quadrotor,1264.5456973773526,187.99350254478713,0,move_north,38.70000000000162,424.31314506911883,0,0.624375,0.5,0.5,0
872,quadrotor_1,quadrotor,2000.0,675.4470345811125,4,hover_inspect,45.85000000000169,3.1230702788678855,1,0.624375,0.5,0.5,0
873,fixedwing_0,fixedwing,1796.164499755179,2000.0,7,turn_right,31.450000000003033,,,0.624375,0.5,0.5,0
873,quadrotor_0,quadrotor,1264.5456973773526,202.99350254478713,4,hover_inspect,38.60000000000162,410.4104329249498,0,0.624375,0.5,0.5,0
873,quadrotor_1,quadrotor,2000.0,675.4470345811125,4,hover_inspect,45.85000000000169,3.1230702788678855,1,0.624375,0.5,0.5,0
874,fixedwing_0,fixedwing,1824.2252042870518,2000.0,9,change_altitude,31.30000000000303,,,0.624375,0.5,0.5,0
874,quadrotor_0,quadrotor,1264.5456973773526,202.99350254478713,0,move_north,38.60000000000162,410.4104329249498,0,0.624375,0.5,0.5,0
874,quadrotor_1,quadrotor,2000.0,675.4470345811125,1,move_south,45.85000000000169,3.1230702788678855,1,0.624375,0.5,0.5,0
875,fixedwing_0,fixedwing,1852.2859088189248,2000.0,5,turn_left,31.25000000000303,,,0.624375,0.5,0.5,0
875,quadrotor_0,quadrotor,1264.5456973773526,217.99350254478713,4,hover_inspect,38.50000000000162,396.587697525834,0,0.624375,0.5,0.5,0
875,quadrotor_1,quadrotor,2000.0,660.4470345811125,4,hover_inspect,45.75000000000169,18.123070278867885,1,0.624375,0.5,0.5,0
876,fixedwing_0,fixedwing,1873.2330709715168,2000.0,6,straight,31.10000000000303,,,0.624375,0.5,0.5,0
876,quadrotor_0,quadrotor,1264.5456973773526,217.99350254478713,4,hover_inspect,38.50000000000162,396.587697525834,0,0.624375,0.5,0.5,0
876,quadrotor_1,quadrotor,2000.0,660.4470345811125,4,hover_inspect,45.75000000000169,18.123070278867885,1,0.624375,0.5,0.5,0
877,fixedwing_0,fixedwing,1894.1802331241088,2000.0,7,turn_right,31.050000000003028,,,0.624375,0.5,0.5,0
877,quadrotor_0,quadrotor,1264.5456973773526,217.99350254478713,4,hover_inspect,38.50000000000162,396.587697525834,0,0.624375,0.5,0.5,0
877,quadrotor_1,quadrotor,2000.0,660.4470345811125,4,hover_inspect,45.75000000000169,18.123070278867885,1,0.624375,0.5,0.5,0
878,fixedwing_0,fixedwing,1922.2409376559817,2000.0,9,change_altitude,30.900000000003025,,,0.624375,0.5,0.5,0
878,quadrotor_0,quadrotor,1264.5456973773526,217.99350254478713,0,move_north,38.50000000000162,396.587697525834,0,0.624375,0.5,0.5,0
878,quadrotor_1,quadrotor,2000.0,660.4470345811125,4,hover_inspect,45.75000000000169,18.123070278867885,1,0.624375,0.5,0.5,0
879,fixedwing_0,fixedwing,1950.3016421878547,2000.0,5,turn_left,30.850000000003025,,,0.624375,0.5,0.5,0
879,quadrotor_0,quadrotor,1264.5456973773526,232.99350254478713,0,move_north,38.40000000000162,382.85360152940973,0,0.624375,0.5,0.5,0
879,quadrotor_1,quadrotor,2000.0,660.4470345811125,4,hover_inspect,45.75000000000169,18.123070278867885,1,0.624375,0.5,0.5,0
880,fixedwing_0,fixedwing,1971.2488043404467,2000.0,10,return_to_base,30.700000000003023,,,0.624375,0.5,0.5,0
880,quadrotor_0,quadrotor,1264.5456973773526,247.99350254478713,0,move_north,38.30000000000162,369.21803663856633,0,0.624375,0.5,0.5,0
880,quadrotor_1,quadrotor,2000.0,660.4470345811125,4,hover_inspect,45.75000000000169,18.123070278867885,1,0.624375,0.5,0.5,0
881,fixedwing_0,fixedwing,1950.189732949646,1978.6337763711701,7,turn_right,30.650000000003022,,,0.624375,0.5,0.5,0
881,quadrotor_0,quadrotor,1264.5456973773526,262.99350254478713,0,move_north,38.200000000001616,355.69233468608144,0,0.624375,0.5,0.5,0
881,quadrotor_1,quadrotor,2000.0,660.4470345811125,4,hover_inspect,45.75000000000169,18.123070278867885,1,0.624375,0.5,0.5,0
882,fixedwing_0,fixedwing,1922.0739762704236,1968.1693496618486,6,straight,30.50000000000302,,,0.624375,0.5,0.5,0
882,quadrotor_0,quadrotor,1264.5456973773526,277.99350254478713,0,move_north,38.100000000001614,342.2895197484624,0,0.624375,0.5,0.5,0
882,quadrotor_1,quadrotor,2000.0,660.4470345811125,4,hover_inspect,45.50000000000169,18.123070278867885,1,0.624375,0.5,0.5,0
883,fixedwing_0,fixedwing,1893.9582195912012,1957.704922952527,8,orbit_candidate,30.45000000000302,,,0.624375,0.5,0.5,0
883,quadrotor_0,quadrotor,1264.5456973773526,292.99350254478713,2,move_east,38.00000000000161,329.02460957325167,0,0.624375,0.5,0.5,0
883,quadrotor_1,quadrotor,2000.0,660.4470345811125,1,move_south,45.50000000000169,18.123070278867885,1,0.624375,0.5,0.5,0
884,fixedwing_0,fixedwing,1883.319278420957,1929.654737021306,9,change_altitude,30.40000000000302,,,0.624375,0.5,0.5,0
884,quadrotor_0,quadrotor,1279.5456973773526,292.99350254478713,0,move_north,37.90000000000161,336.4256826891522,0,0.624375,0.5,0.5,0
884,quadrotor_1,quadrotor,2000.0,645.4470345811125,4,hover_inspect,45.40000000000169,33.123070278867885,1,0.624375,0.5,0.5,0
885,fixedwing_0,fixedwing,1872.680337250713,1901.6045510900847,8,orbit_candidate,30.350000000003018,,,0.624375,0.5,0.5,0
885,quadrotor_0,quadrotor,1279.5456973773526,307.99350254478713,4,hover_inspect,37.80000000000161,323.61600446835104,0,0.624375,0.5,0.5,0
885,quadrotor_1,quadrotor,2000.0,645.4470345811125,4,hover_inspect,45.40000000000169,33.123070278867885,1,0.624375,0.5,0.5,0
886,fixedwing_0,fixedwing,1859.3111928857365,1874.7481555957445,9,change_altitude,30.300000000003017,,,0.624375,0.5,0.5,0
886,quadrotor_0,quadrotor,1279.5456973773526,307.99350254478713,4,hover_inspect,37.80000000000161,323.61600446835104,0,0.624375,0.5,0.5,0
886,quadrotor_1,quadrotor,2000.0,645.4470345811125,4,hover_inspect,45.40000000000169,33.123070278867885,1,0.624375,0.5,0.5,0
887,fixedwing_0,fixedwing,1845.9420485207602,1847.8917601014043,6,straight,30.250000000003016,,,0.624375,0.5,0.5,0
887,quadrotor_0,quadrotor,1279.5456973773526,307.99350254478713,4,hover_inspect,37.80000000000161,323.61600446835104,0,0.624375,0.5,0.5,0
887,quadrotor_1,quadrotor,2000.0,645.4470345811125,2,move_east,45.40000000000169,33.123070278867885,1,0.624375,0.5,0.5,0
888,fixedwing_0,fixedwing,1832.5729041557838,1821.0353646070641,9,change_altitude,30.200000000003016,,,0.624375,0.5,0.5,0
888,quadrotor_0,quadrotor,1279.5456973773526,307.99350254478713,0,move_north,37.80000000000161,323.61600446835104,0,0.624375,0.5,0.5,0
888,quadrotor_1,quadrotor,2000.0,645.4470345811125,4,hover_inspect,45.30000000000169,33.123070278867885,1,0.624375,0.5,0.5,0
889,fixedwing_0,fixedwing,1819.2037597908075,1794.178969112724,5,turn_left,30.150000000003015,,,0.624375,0.5,0.5,0
889,quadrotor_0,quadrotor,1279.5456973773526,322.99350254478713,4,hover_inspect,37.70000000000161,311.00224552767696,0,0.624375,0.5,0.5,0
889,quadrotor_1,quadrotor,2000.0,645.4470345811125,4,hover_inspect,45.30000000000169,33.123070278867885,1,0.624375,0.5,0.5,0
890,fixedwing_0,fixedwing,1818.437203327251,1764.1887641919807,7,turn_right,30.000000000003013,,,0.624375,0.5,0.5,0
890,quadrotor_0,quadrotor,1279.5456973773526,322.99350254478713,0,move_north,37.45000000000161,311.00224552767696,0,0.624375,0.5,0.5,0
890,quadrotor_1,quadrotor,2000.0,645.4470345811125,0,move_north,45.30000000000169,33.123070278867885,1,0.624375,0.5,0.5,0
891,fixedwing_0,fixedwing,1805.0680589622746,1737.3323686976405,9,change_altitude,29.85000000000301,,,0.624375,0.5,0.5,0
891,quadrotor_0,quadrotor,1279.5456973773526,337.99350254478713,4,hover_inspect,37.35000000000161,298.6092347842831,0,0.624375,0.5,0.5,0
891,quadrotor_1,quadrotor,2000.0,660.4470345811125,4,hover_inspect,45.20000000000169,18.123070278867885,1,0.624375,0.5,0.5,0
892,fixedwing_0,fixedwing,1791.6989145972982,1710.4759732033003,6,straight,29.80000000000301,,,0.624375,0.5,0.5,0
892,quadrotor_0,quadrotor,1279.5456973773526,337.99350254478713,4,hover_inspect,37.35000000000161,298.6092347842831,0,0.624375,0.5,0.5,0
892,quadrotor_1,quadrotor,2000.0,660.4470345811125,4,hover_inspect,45.20000000000169,18.123070278867885,1,0.624375,0.5,0.5,0
893,fixedwing_0,fixedwing,1778.3297702323218,1683.6195777089602,9,change_altitude,29.75000000000301,,,0.624375,0.5,0.5,0
893,quadrotor_0,quadrotor,1279.5456973773526,337.99350254478713,4,hover_inspect,37.35000000000161,298.6092347842831,0,0.624375,0.5,0.5,0
893,quadrotor_1,quadrotor,2000.0,660.4470345811125,4,hover_inspect,45.20000000000169,18.123070278867885,1,0.624375,0.5,0.5,0
894,fixedwing_0,fixedwing,1764.9606258673455,1656.76318221462,9,change_altitude,29.70000000000301,,,0.624375,0.5,0.5,0
894,quadrotor_0,quadrotor,1279.5456973773526,337.99350254478713,4,hover_inspect,37.35000000000161,298.6092347842831,0,0.624375,0.5,0.5,0
894,quadrotor_1,quadrotor,2000.0,660.4470345811125,4,hover_inspect,45.20000000000169,18.123070278867885,1,0.624375,0.5,0.5,0
895,fixedwing_0,fixedwing,1751.591481502369,1629.9067867202798,6,straight,29.650000000003008,,,0.624375,0.5,0.5,0
895,quadrotor_0,quadrotor,1279.5456973773526,337.99350254478713,4,hover_inspect,37.35000000000161,298.6092347842831,0,0.624375,0.5,0.5,0
895,quadrotor_1,quadrotor,2000.0,660.4470345811125,4,hover_inspect,45.20000000000169,18.123070278867885,1,0.624375,0.5,0.5,0
896,fixedwing_0,fixedwing,1738.2223371373927,1603.0503912259396,6,straight,29.600000000003007,,,0.624375,0.5,0.5,0
896,quadrotor_0,quadrotor,1279.5456973773526,337.99350254478713,4,hover_inspect,37.35000000000161,298.6092347842831,0,0.624375,0.5,0.5,0
896,quadrotor_1,quadrotor,2000.0,660.4470345811125,4,hover_inspect,45.20000000000169,18.123070278867885,1,0.624375,0.5,0.5,0
897,fixedwing_0,fixedwing,1724.8531927724164,1576.1939957315994,7,turn_right,29.550000000003006,,,0.624375,0.5,0.5,0
897,quadrotor_0,quadrotor,1279.5456973773526,337.99350254478713,4,hover_inspect,37.35000000000161,298.6092347842831,0,0.624375,0.5,0.5,0
897,quadrotor_1,quadrotor,2000.0,660.4470345811125,2,move_east,45.20000000000169,18.123070278867885,1,0.624375,0.5,0.5,0
898,fixedwing_0,fixedwing,1701.3866299479823,1557.5038799158297,8,orbit_candidate,29.400000000003004,,,0.624375,0.5,0.5,0
898,quadrotor_0,quadrotor,1279.5456973773526,337.99350254478713,4,hover_inspect,37.35000000000161,298.6092347842831,0,0.624375,0.5,0.5,0
898,quadrotor_1,quadrotor,2000.0,660.4470345811125,4,hover_inspect,45.100000000001685,18.123070278867885,1,0.624375,0.5,0.5,0
899,fixedwing_0,fixedwing,1694.161777536067,1528.3868486862204,6,straight,29.350000000003003,,,0.624375,0.5,0.5,0
899,quadrotor_0,quadrotor,1279.5456973773526,337.99350254478713,4,hover_inspect,37.35000000000161,298.6092347842831,0,0.624375,0.5,0.5,0
899,quadrotor_1,quadrotor,2000.0,660.4470345811125,4,hover_inspect,45.100000000001685,18.123070278867885,1,0.624375,0.5,0.5,0
900,fixedwing_0,fixedwing,1686.9369251241515,1499.2698174566112,6,straight,29.300000000003003,,,0.624375,0.5,0.5,0
900,quadrotor_0,quadrotor,1279.5456973773526,337.99350254478713,3,move_west,37.35000000000161,298.6092347842831,0,0.624375,0.5,0.5,0
900,quadrotor_1,quadrotor,2000.0,660.4470345811125,4,hover_inspect,45.100000000001685,18.123070278867885,1,0.624375,0.5,0.5,0
901,fixedwing_0,fixedwing,1679.712072712236,1470.152786227002,9,change_altitude,29.250000000003002,,,0.624375,0.5,0.5,0
901,quadrotor_0,quadrotor,1264.5456973773526,337.99350254478713,0,move_north,37.250000000001606,290.24546306604634,0,0.624375,0.5,0.5,0
901,quadrotor_1,quadrotor,2000.0,660.4470345811125,4,hover_inspect,45.100000000001685,18.123070278867885,1,0.624375,0.5,0.5,0
902,fixedwing_0,fixedwing,1672.4872203003206,1441.0357549973928,6,straight,29.200000000003,,,0.624375,0.5,0.5,0
902,quadrotor_0,quadrotor,1264.5456973773526,352.99350254478713,0,move_north,37.150000000001604,277.7363987770082,0,0.624375,0.5,0.5,0
902,quadrotor_1,quadrotor,2000.0,660.4470345811125,4,hover_inspect,45.100000000001685,18.123070278867885,1,0.624375,0.5,0.5,0
903,fixedwing_0,fixedwing,1665.2623678884052,1411.9187237677836,6,straight,29.150000000003,,,0.624375,0.5,0.5,0
903,quadrotor_0,quadrotor,1264.5456973773526,367.99350254478713,4,hover_inspect,37.0500000000016,265.48556567319997,0,0.624375,0.5,0.5,0
903,quadrotor_1,quadrotor,2000.0,660.4470345811125,4,hover_inspect,45.100000000001685,18.123070278867885,1,0.624375,0.5,0.5,0
904,fixedwing_0,fixedwing,1658.0375154764897,1382.8016925381744,9,change_altitude,29.100000000003,,,0.624375,0.5,0.5,0
904,quadrotor_0,quadrotor,1264.5456973773526,367.99350254478713,4,hover_inspect,37.0500000000016,265.48556567319997,0,0.624375,0.5,0.5,0
904,quadrotor_1,quadrotor,2000.0,660.4470345811125,4,hover_inspect,45.100000000001685,18.123070278867885,1,0.624375,0.5,0.5,0
905,fixedwing_0,fixedwing,1650.8126630645743,1353.6846613085652,6,straight,29.050000000003,,,0.624375,0.5,0.5,0
905,quadrotor_0,quadrotor,1264.5456973773526,367.99350254478713,4,hover_inspect,37.0500000000016,265.48556567319997,0,0.624375,0.5,0.5,0
905,quadrotor_1,quadrotor,2000.0,660.4470345811125,4,hover_inspect,44.850000000001685,18.123070278867885,1,0.624375,0.5,0.5,0
906,fixedwing_0,fixedwing,1643.5878106526588,1324.567630078956,9,change_altitude,29.000000000003,,,0.624375,0.5,0.5,0
906,quadrotor_0,quadrotor,1264.5456973773526,367.99350254478713,4,hover_inspect,37.0500000000016,265.48556567319997,0,0.624375,0.5,0.5,0
906,quadrotor_1,quadrotor,2000.0,660.4470345811125,4,hover_inspect,44.850000000001685,18.123070278867885,1,0.624375,0.5,0.5,0
907,fixedwing_0,fixedwing,1636.3629582407434,1295.4505988493468,6,straight,28.950000000002998,,,0.624375,0.5,0.5,0
907,quadrotor_0,quadrotor,1264.5456973773526,367.99350254478713,4,hover_inspect,37.0500000000016,265.48556567319997,0,0.624375,0.5,0.5,0
907,quadrotor_1,quadrotor,2000.0,660.4470345811125,4,hover_inspect,44.850000000001685,18.123070278867885,1,0.624375,0.5,0.5,0
908,fixedwing_0,fixedwing,1629.138105828828,1266.3335676197376,9,change_altitude,28.900000000002997,,,0.624375,0.5,0.5,0
908,quadrotor_0,quadrotor,1264.5456973773526,367.99350254478713,4,hover_inspect,37.0500000000016,265.48556567319997,0,0.624375,0.5,0.5,0
908,quadrotor_1,quadrotor,2000.0,660.4470345811125,4,hover_inspect,44.850000000001685,18.123070278867885,1,0.624375,0.5,0.5,0
909,fixedwing_0,fixedwing,1621.9132534169125,1237.2165363901283,8,orbit_candidate,28.850000000002996,,,0.624375,0.5,0.5,0
909,quadrotor_0,quadrotor,1264.5456973773526,367.99350254478713,4,hover_inspect,37.0500000000016,265.48556567319997,0,0.624375,0.5,0.5,0
909,quadrotor_1,quadrotor,2000.0,660.4470345811125,4,hover_inspect,44.850000000001685,18.123070278867885,1,0.624375,0.5,0.5,0
910,fixedwing_0,fixedwing,1615.0566585130812,1208.010593393458,6,straight,28.800000000002996,,,0.624375,0.5,0.5,0
910,quadrotor_0,quadrotor,1264.5456973773526,367.99350254478713,4,hover_inspect,37.0500000000016,265.48556567319997,0,0.624375,0.5,0.5,0
910,quadrotor_1,quadrotor,2000.0,660.4470345811125,4,hover_inspect,44.850000000001685,18.123070278867885,1,0.624375,0.5,0.5,0
911,fixedwing_0,fixedwing,1608.2000636092498,1178.8046503967878,9,change_altitude,28.750000000002995,,,0.624375,0.5,0.5,0
911,quadrotor_0,quadrotor,1264.5456973773526,367.99350254478713,0,move_north,37.0500000000016,265.48556567319997,0,0.624375,0.5,0.5,0
911,quadrotor_1,quadrotor,2000.0,660.4470345811125,4,hover_inspect,44.850000000001685,18.123070278867885,1,0.624375,0.5,0.5,0
912,fixedwing_0,fixedwing,1601.3434687054184,1149.5987074001175,6,straight,28.700000000002994,,,0.624375,0.5,0.5,0
912,quadrotor_0,quadrotor,1264.5456973773526,382.99350254478713,4,hover_inspect,36.9500000000016,253.5304004572561,0,0.624375,0.5,0.5,0
912,quadrotor_1,quadrotor,2000.0,660.4470345811125,4,hover_inspect,44.850000000001685,18.123070278867885,1,0.624375,0.5,0.5,0
913,fixedwing_0,fixedwing,1594.486873801587,1120.3927644034472,6,straight,28.650000000002994,,,0.624375,0.5,0.5,0
913,quadrotor_0,quadrotor,1264.5456973773526,382.99350254478713,0,move_north,36.9500000000016,253.5304004572561,0,0.624375,0.5,0.5,0
913,quadrotor_1,quadrotor,2000.0,660.4470345811125,4,hover_inspect,44.850000000001685,18.123070278867885,1,0.624375,0.5,0.5,0
914,fixedwing_0,fixedwing,1587.6302788977557,1091.186821406777,5,turn_left,28.600000000002993,,,0.624375,0.5,0.5,0
914,quadrotor_0,quadrotor,1264.5456973773526,397.99350254478713,4,hover_inspect,36.8500000000016,241.91474186418301,0,0.624375,0.5,0.5,0
914,quadrotor_1,quadrotor,2000.0,660.4470345811125,4,hover_inspect,44.850000000001685,18.123070278867885,1,0.624375,0.5,0.5,0
915,fixedwing_0,fixedwing,1593.7590584056084,1061.819525621429,5,turn_left,28.45000000000299,,,0.624375,0.5,0.5,0
915,quadrotor_0,quadrotor,1264.5456973773526,397.99350254478713,4,hover_inspect,36.8500000000016,241.91474186418301,0,0.624375,0.5,0.5,0
915,quadrotor_1,quadrotor,2000.0,660.4470345811125,4,hover_inspect,44.850000000001685,18.123070278867885,1,0.624375,0.5,0.5,0
916,fixedwing_0,fixedwing,1611.7247744954348,1037.79385090916,9,change_altitude,28.30000000000299,,,0.624375,0.5,0.5,0
916,quadrotor_0,quadrotor,1264.5456973773526,397.99350254478713,2,move_east,36.8500000000016,241.91474186418301,0,0.624375,0.5,0.5,0
916,quadrotor_1,quadrotor,2000.0,660.4470345811125,1,move_south,44.850000000001685,18.123070278867885,1,0.624375,0.5,0.5,0
917,fixedwing_0,fixedwing,1629.6904905852612,1013.7681761968912,5,turn_left,28.250000000002988,,,0.624375,0.5,0.5,0
917,quadrotor_0,quadrotor,1279.5456973773526,397.99350254478713,3,move_west,36.7500000000016,251.88844475133382,0,0.624375,0.5,0.5,0
917,quadrotor_1,quadrotor,2000.0,645.4470345811125,4,hover_inspect,44.750000000001684,33.123070278867885,1,0.624375,0.5,0.5,0
918,fixedwing_0,fixedwing,1656.126647861207,999.5861598211617,9,change_altitude,28.100000000002986,,,0.624375,0.5,0.5,0
918,quadrotor_0,quadrotor,1264.5456973773526,397.99350254478713,2,move_east,36.6500000000016,241.91474186418301,0,0.624375,0.5,0.5,0
918,quadrotor_1,quadrotor,2000.0,645.4470345811125,2,move_east,44.750000000001684,33.123070278867885,1,0.624375,0.5,0.5,0
919,fixedwing_0,fixedwing,1682.5628051371527,985.4041434454322,5,turn_left,28.050000000002985,,,0.624375,0.5,0.5,0
919,quadrotor_0,quadrotor,1279.5456973773526,397.99350254478713,2,move_east,36.550000000001596,251.88844475133382,0,0.624375,0.5,0.5,0
919,quadrotor_1,quadrotor,2000.0,645.4470345811125,4,hover_inspect,44.65000000000168,33.123070278867885,1,0.624375,0.5,0.5,0
920,fixedwing_0,fixedwing,1712.515679444357,983.7232744032912,6,straight,27.900000000002983,,,0.624375,0.5,0.5,0
920,quadrotor_0,quadrotor,1294.5456973773526,397.99350254478713,4,hover_inspect,36.450000000001594,262.34106591854277,0,0.624375,0.5,0.5,0
920,quadrotor_1,quadrotor,2000.0,645.4470345811125,4,hover_inspect,44.65000000000168,33.123070278867885,1,0.624375,0.5,0.5,0
921,fixedwing_0,fixedwing,1742.468553751561,982.0424053611501,6,straight,27.850000000002982,,,0.624375,0.5,0.5,0
921,quadrotor_0,quadrotor,1294.5456973773526,397.99350254478713,4,hover_inspect,36.450000000001594,262.34106591854277,0,0.624375,0.5,0.5,0
921,quadrotor_1,quadrotor,2000.0,645.4470345811125,4,hover_inspect,44.65000000000168,33.123070278867885,1,0.624375,0.5,0.5,0
922,fixedwing_0,fixedwing,1772.4214280587653,980.3615363190091,8,orbit_candidate,27.80000000000298,,,0.624375,0.5,0.5,0
922,quadrotor_0,quadrotor,1294.5456973773526,397.99350254478713,4,hover_inspect,36.450000000001594,262.34106591854277,0,0.624375,0.5,0.5,0
922,quadrotor_1,quadrotor,2000.0,645.4470345811125,4,hover_inspect,44.40000000000168,33.123070278867885,1,0.624375,0.5,0.5,0
923,fixedwing_0,fixedwing,1800.1787889246323,991.7426134983464,9,change_altitude,27.75000000000298,,,0.624375,0.5,0.5,0
923,quadrotor_0,quadrotor,1294.5456973773526,397.99350254478713,4,hover_inspect,36.450000000001594,262.34106591854277,0,0.624375,0.5,0.5,0
923,quadrotor_1,quadrotor,2000.0,645.4470345811125,4,hover_inspect,44.40000000000168,33.123070278867885,1,0.624375,0.5,0.5,0
924,fixedwing_0,fixedwing,1827.9361497904993,1003.1236906776836,6,straight,27.70000000000298,,,0.624375,0.5,0.5,0
924,quadrotor_0,quadrotor,1294.5456973773526,397.99350254478713,2,move_east,36.450000000001594,262.34106591854277,0,0.624375,0.5,0.5,0
924,quadrotor_1,quadrotor,2000.0,645.4470345811125,4,hover_inspect,44.40000000000168,33.123070278867885,1,0.624375,0.5,0.5,0
925,fixedwing_0,fixedwing,1855.6935106563662,1014.5047678570209,5,turn_left,27.65000000000298,,,0.624375,0.5,0.5,0
925,quadrotor_0,quadrotor,1309.5456973773526,397.99350254478713,4,hover_inspect,36.35000000000159,273.2176442605943,0,0.624375,0.5,0.5,0
925,quadrotor_1,quadrotor,2000.0,645.4470345811125,4,hover_inspect,44.40000000000168,33.123070278867885,1,0.624375,0.5,0.5,0
926,fixedwing_0,fixedwing,1876.0403719024196,1036.5502943291615,5,turn_left,27.500000000002977,,,0.624375,0.5,0.5,0
926,quadrotor_0,quadrotor,1309.5456973773526,397.99350254478713,4,hover_inspect,36.35000000000159,273.2176442605943,0,0.624375,0.5,0.5,0
926,quadrotor_1,quadrotor,2000.0,645.4470345811125,10,return_to_base,44.40000000000168,33.123070278867885,1,0.624375,0.5,0.5,0
927,fixedwing_0,fixedwing,1885.1640486146573,1065.1292817718713,6,straight,27.350000000002975,,,0.624375,0.5,0.5,0
927,quadrotor_0,quadrotor,1309.5456973773526,397.99350254478713,0,move_north,36.35000000000159,273.2176442605943,0,0.624375,0.5,0.5,0
927,quadrotor_1,quadrotor,1985.7249667497776,640.840145641161,4,hover_inspect,44.30000000000168,40.34013382413006,1,0.624375,0.5,0.5,0
928,fixedwing_0,fixedwing,1894.287725326895,1093.7082692145812,8,orbit_candidate,27.300000000002974,,,0.624375,0.5,0.5,0
928,quadrotor_0,quadrotor,1309.5456973773526,412.99350254478713,4,hover_inspect,36.25000000000159,263.33051382341984,0,0.624375,0.5,0.5,0
928,quadrotor_1,quadrotor,1985.7249667497776,640.840145641161,3,move_west,44.30000000000168,40.34013382413006,1,0.624375,0.5,0.5,0
929,fixedwing_0,fixedwing,1903.5271673892187,1122.2500405397277,5,turn_left,27.250000000002974,,,0.624375,0.5,0.5,0
929,quadrotor_0,quadrotor,1309.5456973773526,412.99350254478713,4,hover_inspect,36.25000000000159,263.33051382341984,0,0.624375,0.5,0.5,0
929,quadrotor_1,quadrotor,1970.7249667497776,640.840145641161,4,hover_inspect,44.20000000000168,47.75539126062515,1,0.624375,0.5,0.5,0
930,fixedwing_0,fixedwing,1899.8386718937427,1152.0224270913607,7,turn_right,27.10000000000297,,,0.624375,0.5,0.5,0
930,quadrotor_0,quadrotor,1309.5456973773526,412.99350254478713,3,move_west,36.25000000000159,263.33051382341984,0,0.624375,0.5,0.5,0
930,quadrotor_1,quadrotor,1970.7249667497776,640.840145641161,4,hover_inspect,43.95000000000168,47.75539126062515,1,0.624375,0.5,0.5,0
931,fixedwing_0,fixedwing,1909.0781139560663,1180.5641984165072,5,turn_left,26.95000000000297,,,0.624375,0.5,0.5,0
931,quadrotor_0,quadrotor,1294.5456973773526,412.99350254478713,4,hover_inspect,36.15000000000159,252.02760412795035,0,0.624375,0.5,0.5,0
931,quadrotor_1,quadrotor,1970.7249667497776,640.840145641161,4,hover_inspect,43.95000000000168,47.75539126062515,1,0.624375,0.5,0.5,0
932,fixedwing_0,fixedwing,1905.3896184605903,1210.3365849681402,6,straight,26.800000000002967,,,0.624375,0.5,0.5,0
932,quadrotor_0,quadrotor,1294.5456973773526,412.99350254478713,4,hover_inspect,36.15000000000159,252.02760412795035,0,0.624375,0.5,0.5,0
932,quadrotor_1,quadrotor,1970.7249667497776,640.840145641161,4,hover_inspect,43.95000000000168,47.75539126062515,1,0.624375,0.5,0.5,0
933,fixedwing_0,fixedwing,1901.7011229651143,1240.1089715197731,5,turn_left,26.750000000002967,,,0.624375,0.5,0.5,0
933,quadrotor_0,quadrotor,1294.5456973773526,412.99350254478713,0,move_north,36.15000000000159,252.02760412795035,0,0.624375,0.5,0.5,0
933,quadrotor_1,quadrotor,1970.7249667497776,640.840145641161,4,hover_inspect,43.95000000000168,47.75539126062515,1,0.624375,0.5,0.5,0
934,fixedwing_0,fixedwing,1885.7758565227914,1265.5330917354468,8,orbit_candidate,26.600000000002964,,,0.624375,0.5,0.5,0
934,quadrotor_0,quadrotor,1294.5456973773526,427.99350254478713,4,hover_inspect,36.05000000000159,242.2044417794036,0,0.624375,0.5,0.5,0
934,quadrotor_1,quadrotor,1970.7249667497776,640.840145641161,1,move_south,43.95000000000168,47.75539126062515,1,0.624375,0.5,0.5,0
935,fixedwing_0,fixedwing,1877.1255912884267,1294.2589148111244,8,orbit_candidate,26.550000000002964,,,0.624375,0.5,0.5,0
935,quadrotor_0,quadrotor,1294.5456973773526,427.99350254478713,4,hover_inspect,36.05000000000159,242.2044417794036,0,0.624375,0.5,0.5,0
935,quadrotor_1,quadrotor,1970.7249667497776,625.840145641161,4,hover_inspect,43.85000000000168,60.311492860150395,1,0.624375,0.5,0.5,0
936,fixedwing_0,fixedwing,1876.7398574706924,1324.2564348656533,8,orbit_candidate,26.500000000002963,,,0.624375,0.5,0.5,0
936,quadrotor_0,quadrotor,1294.5456973773526,427.99350254478713,4,hover_inspect,36.05000000000159,242.2044417794036,0,0.624375,0.5,0.5,0
936,quadrotor_1,quadrotor,1970.7249667497776,625.840145641161,4,hover_inspect,43.85000000000168,60.311492860150395,1,0.624375,0.5,0.5,0
937,fixedwing_0,fixedwing,1884.866697594832,1353.1347047168179,8,orbit_candidate,26.450000000002962,,,0.624375,0.5,0.5,0
937,quadrotor_0,quadrotor,1294.5456973773526,427.99350254478713,1,move_south,36.05000000000159,242.2044417794036,0,0.624375,0.5,0.5,0
937,quadrotor_1,quadrotor,1970.7249667497776,625.840145641161,4,hover_inspect,43.85000000000168,60.311492860150395,1,0.624375,0.5,0.5,0
938,fixedwing_0,fixedwing,1900.9181179295056,1378.4793669800958,5,turn_left,26.40000000000296,,,0.624375,0.5,0.5,0
938,quadrotor_0,quadrotor,1294.5456973773526,412.99350254478713,10,return_to_base,35.95000000000159,252.02760412795035,0,0.624375,0.5,0.5,0
938,quadrotor_1,quadrotor,1970.7249667497776,625.840145641161,4,hover_inspect,43.85000000000168,60.311492860150395,1,0.624375,0.5,0.5,0
939,fixedwing_0,fixedwing,1904.754528061707,1408.2330551094276,6,straight,26.25000000000296,,,0.624375,0.5,0.5,0
939,quadrotor_0,quadrotor,1280.255299699717,408.4344967085302,4,hover_inspect,35.850000000001586,244.85045814251546,0,0.624375,0.5,0.5,0
939,quadrotor_1,quadrotor,1970.7249667497776,625.840145641161,0,move_north,43.85000000000168,60.311492860150395,1,0.624375,0.5,0.5,0
940,fixedwing_0,fixedwing,1908.5909381939086,1437.9867432387593,8,orbit_candidate,26.20000000000296,,,0.624375,0.5,0.5,0
940,quadrotor_0,quadrotor,1280.255299699717,408.4344967085302,4,hover_inspect,35.850000000001586,244.85045814251546,0,0.624375,0.5,0.5,0
940,quadrotor_1,quadrotor,1970.7249667497776,640.840145641161,4,hover_inspect,43.75000000000168,47.75539126062515,1,0.624375,0.5,0.5,0
941,fixedwing_0,fixedwing,1923.6219141493073,1463.9495967381001,8,orbit_candidate,26.150000000002958,,,0.624375,0.5,0.5,0
941,quadrotor_0,quadrotor,1280.255299699717,408.4344967085302,4,hover_inspect,35.850000000001586,244.85045814251546,0,0.624375,0.5,0.5,0
941,quadrotor_1,quadrotor,1970.7249667497776,640.840145641161,4,hover_inspect,43.75000000000168,47.75539126062515,1,0.624375,0.5,0.5,0
942,fixedwing_0,fixedwing,1946.7828235444358,1483.0171680567198,7,turn_right,26.100000000002957,,,0.624375,0.5,0.5,0
942,quadrotor_0,quadrotor,1280.255299699717,408.4344967085302,4,hover_inspect,35.850000000001586,244.85045814251546,0,0.624375,0.5,0.5,0
942,quadrotor_1,quadrotor,1970.7249667497776,640.840145641161,2,move_east,43.50000000000168,47.75539126062515,1,0.624375,0.5,0.5,0
943,fixedwing_0,fixedwing,1975.832039930383,1490.5100331537583,5,turn_left,25.950000000002955,,,0.624375,0.5,0.5,0
943,quadrotor_0,quadrotor,1280.255299699717,408.4344967085302,4,hover_inspect,35.850000000001586,244.85045814251546,0,0.624375,0.5,0.5,0
943,quadrotor_1,quadrotor,1985.7249667497776,640.840145641161,4,hover_inspect,43.400000000001675,40.34013382413006,1,0.624375,0.5,0.5,0
944,fixedwing_0,fixedwing,1998.9929493255115,1509.577604472378,10,return_to_base,25.800000000002953,,,0.624375,0.5,0.5,0
944,quadrotor_0,quadrotor,1280.255299699717,408.4344967085302,4,hover_inspect,35.850000000001586,244.85045814251546,0,0.624375,0.5,0.5,0
944,quadrotor_1,quadrotor,1985.7249667497776,640.840145641161,4,hover_inspect,43.400000000001675,40.34013382413006,1,0.624375,0.5,0.5,0
945,fixedwing_0,fixedwing,1975.052479745533,1491.4985028273811,6,straight,25.750000000002952,,,0.624375,0.5,0.5,0
945,quadrotor_0,quadrotor,1280.255299699717,408.4344967085302,4,hover_inspect,35.850000000001586,244.85045814251546,0,0.624375,0.5,0.5,0
945,quadrotor_1,quadrotor,1985.7249667497776,640.840145641161,4,hover_inspect,43.400000000001675,40.34013382413006,1,0.624375,0.5,0.5,0
946,fixedwing_0,fixedwing,1951.1120101655545,1473.4194011823843,9,change_altitude,25.70000000000295,,,0.624375,0.5,0.5,0
946,quadrotor_0,quadrotor,1280.255299699717,408.4344967085302,3,move_west,35.850000000001586,244.85045814251546,0,0.624375,0.5,0.5,0
946,quadrotor_1,quadrotor,1985.7249667497776,640.840145641161,4,hover_inspect,43.400000000001675,40.34013382413006,1,0.624375,0.5,0.5,0
947,fixedwing_0,fixedwing,1927.171540585576,1455.3402995373874,9,change_altitude,25.65000000000295,,,0.624375,0.5,0.5,0
947,quadrotor_0,quadrotor,1265.255299699717,408.4344967085302,4,hover_inspect,35.750000000001585,234.53232722782022,0,0.624375,0.5,0.5,0
947,quadrotor_1,quadrotor,1985.7249667497776,640.840145641161,4,hover_inspect,43.400000000001675,40.34013382413006,1,0.624375,0.5,0.5,0
948,fixedwing_0,fixedwing,1903.2310710055974,1437.2611978923906,7,turn_right,25.60000000000295,,,0.624375,0.5,0.5,0
948,quadrotor_0,quadrotor,1265.255299699717,408.4344967085302,4,hover_inspect,35.750000000001585,234.53232722782022,0,0.624375,0.5,0.5,0
948,quadrotor_1,quadrotor,1985.7249667497776,640.840145641161,4,hover_inspect,43.400000000001675,40.34013382413006,1,0.624375,0.5,0.5,0
949,fixedwing_0,fixedwing,1873.893078488907,1430.9936469280494,8,orbit_candidate,25.450000000002948,,,0.624375,0.5,0.5,0
949,quadrotor_0,quadrotor,1265.255299699717,408.4344967085302,4,hover_inspect,35.750000000001585,234.53232722782022,0,0.624375,0.5,0.5,0
949,quadrotor_1,quadrotor,1985.7249667497776,640.840145641161,4,hover_inspect,43.400000000001675,40.34013382413006,1,0.624375,0.5,0.5,0
950,fixedwing_0,fixedwing,1847.5960371296005,1416.5553085282568,8,orbit_candidate,25.400000000002947,,,0.624375,0.5,0.5,0
950,quadrotor_0,quadrotor,1265.255299699717,408.4344967085302,4,hover_inspect,35.750000000001585,234.53232722782022,0,0.624375,0.5,0.5,0
950,quadrotor_1,quadrotor,1985.7249667497776,640.840145641161,4,hover_inspect,43.400000000001675,40.34013382413006,1,0.624375,0.5,0.5,0
951,fixedwing_0,fixedwing,1826.1984830526774,1395.5280719165394,9,change_altitude,25.350000000002947,,,0.624375,0.5,0.5,0
951,quadrotor_0,quadrotor,1265.255299699717,408.4344967085302,4,hover_inspect,35.750000000001585,234.53232722782022,0,0.624375,0.5,0.5,0
951,quadrotor_1,quadrotor,1985.7249667497776,640.840145641161,4,hover_inspect,43.400000000001675,40.34013382413006,1,0.624375,0.5,0.5,0
952,fixedwing_0,fixedwing,1804.8009289757542,1374.500835304822,9,change_altitude,25.300000000002946,,,0.624375,0.5,0.5,0
952,quadrotor_0,quadrotor,1265.255299699717,408.4344967085302,4,hover_inspect,35.750000000001585,234.53232722782022,0,0.624375,0.5,0.5,0
952,quadrotor_1,quadrotor,1985.7249667497776,640.840145641161,4,hover_inspect,43.400000000001675,40.34013382413006,1,0.624375,0.5,0.5,0
953,fixedwing_0,fixedwing,1783.403374898831,1353.4735986931046,7,turn_right,25.250000000002945,,,0.624375,0.5,0.5,0
953,quadrotor_0,quadrotor,1265.255299699717,408.4344967085302,0,move_north,35.750000000001585,234.53232722782022,0,0.624375,0.5,0.5,0
953,quadrotor_1,quadrotor,1985.7249667497776,640.840145641161,2,move_east,43.400000000001675,40.34013382413006,1,0.624375,0.5,0.5,0
954,fixedwing_0,fixedwing,1755.1241108293234,1343.4594475215347,9,change_altitude,25.100000000002943,,,0.624375,0.5,0.5,0
954,quadrotor_0,quadrotor,1265.255299699717,423.4344967085302,4,hover_inspect,35.65000000000158,223.63747609693527,0,0.624375,0.5,0.5,0
954,quadrotor_1,quadrotor,2000.0,640.840145641161,4,hover_inspect,43.300000000001674,37.72995921881932,1,0.624375,0.5,0.5,0
955,fixedwing_0,fixedwing,1726.8448467598157,1333.4452963499648,6,straight,25.050000000002942,,,0.624375,0.5,0.5,0
955,quadrotor_0,quadrotor,1265.255299699717,423.4344967085302,4,hover_inspect,35.65000000000158,223.63747609693527,0,0.624375,0.5,0.5,0
955,quadrotor_1,quadrotor,2000.0,640.840145641161,4,hover_inspect,43.300000000001674,37.72995921881932,1,0.624375,0.5,0.5,0
956,fixedwing_0,fixedwing,1698.565582690308,1323.431145178395,8,orbit_candidate,25.00000000000294,,,0.624375,0.5,0.5,0
956,quadrotor_0,quadrotor,1265.255299699717,423.4344967085302,0,move_north,35.65000000000158,223.63747609693527,0,0.624375,0.5,0.5,0
956,quadrotor_1,quadrotor,2000.0,640.840145641161,0,move_north,43.050000000001674,37.72995921881932,1,0.624375,0.5,0.5,0
957,fixedwing_0,fixedwing,1671.571352694008,1310.3425414749108,9,change_altitude,24.95000000000294,,,0.624375,0.5,0.5,0
957,quadrotor_0,quadrotor,1265.255299699717,438.4344967085302,4,hover_inspect,35.55000000000158,213.24171476312333,0,0.624375,0.5,0.5,0
957,quadrotor_1,quadrotor,2000.0,655.840145641161,4,hover_inspect,42.95000000000167,22.729959218819317,1,0.624375,0.5,0.5,0
958,fixedwing_0,fixedwing,1644.577122697708,1297.2539377714268,6,straight,24.90000000000294,,,0.624375,0.5,0.5,0
958,quadrotor_0,quadrotor,1265.255299699717,438.4344967085302,4,hover_inspect,35.55000000000158,213.24171476312333,0,0.624375,0.5,0.5,0
958,quadrotor_1,quadrotor,2000.0,655.840145641161,4,hover_inspect,42.95000000000167,22.729959218819317,1,0.624375,0.5,0.5,0
959,fixedwing_0,fixedwing,1617.5828927014081,1284.1653340679427,6,straight,24.85000000000294,,,0.624375,0.5,0.5,0
959,quadrotor_0,quadrotor,1265.255299699717,438.4344967085302,4,hover_inspect,35.55000000000158,213.24171476312333,0,0.624375,0.5,0.5,0
959,quadrotor_1,quadrotor,2000.0,655.840145641161,4,hover_inspect,42.95000000000167,22.729959218819317,1,0.624375,0.5,0.5,0
960,fixedwing_0,fixedwing,1590.5886627051082,1271.0767303644586,8,orbit_candidate,24.80000000000294,,,0.624375,0.5,0.5,0
960,quadrotor_0,quadrotor,1265.255299699717,438.4344967085302,0,move_north,35.55000000000158,213.24171476312333,0,0.624375,0.5,0.5,0
960,quadrotor_1,quadrotor,2000.0,655.840145641161,4,hover_inspect,42.95000000000167,22.729959218819317,1,0.624375,0.5,0.5,0
961,fixedwing_0,fixedwing,1566.5710731039267,1253.1002070701945,9,change_altitude,24.750000000002938,,,0.624375,0.5,0.5,0
961,quadrotor_0,quadrotor,1265.255299699717,453.4344967085302,4,hover_inspect,35.45000000000158,203.42157485190012,0,0.624375,0.5,0.5,0
961,quadrotor_1,quadrotor,2000.0,655.840145641161,4,hover_inspect,42.95000000000167,22.729959218819317,1,0.624375,0.5,0.5,0
962,fixedwing_0,fixedwing,1542.5534835027452,1235.1236837759304,6,straight,24.700000000002937,,,0.624375,0.5,0.5,0
962,quadrotor_0,quadrotor,1265.255299699717,453.4344967085302,4,hover_inspect,35.45000000000158,203.42157485190012,0,0.624375,0.5,0.5,0
962,quadrotor_1,quadrotor,2000.0,655.840145641161,4,hover_inspect,42.95000000000167,22.729959218819317,1,0.624375,0.5,0.5,0
963,fixedwing_0,fixedwing,1518.5358939015637,1217.1471604816663,9,change_altitude,24.650000000002937,,,0.624375,0.5,0.5,0
963,quadrotor_0,quadrotor,1265.255299699717,453.4344967085302,3,move_west,35.45000000000158,203.42157485190012,0,0.624375,0.5,0.5,0
963,quadrotor_1,quadrotor,2000.0,655.840145641161,3,move_west,42.95000000000167,22.729959218819317,1,0.624375,0.5,0.5,0
964,fixedwing_0,fixedwing,1494.5183043003822,1199.1706371874022,8,orbit_candidate,24.600000000002936,,,0.624375,0.5,0.5,0
964,quadrotor_0,quadrotor,1250.255299699717,453.4344967085302,3,move_west,35.35000000000158,192.0520835021709,0,0.624375,0.5,0.5,0
964,quadrotor_1,quadrotor,1985.0,655.840145641161,4,hover_inspect,42.85000000000167,27.233270939958523,1,0.624375,0.5,0.5,0
965,fixedwing_0,fixedwing,1477.3554876300261,1174.564993039367,9,change_altitude,24.550000000002935,,,0.624375,0.5,0.5,0
965,quadrotor_0,quadrotor,1235.255299699717,453.4344967085302,4,hover_inspect,35.25000000000158,181.21166750466827,0,0.624375,0.5,0.5,0
965,quadrotor_1,quadrotor,1985.0,655.840145641161,4,hover_inspect,42.60000000000167,27.233270939958523,1,0.624375,0.5,0.5,0
966,fixedwing_0,fixedwing,1460.19267095967,1149.9593488913317,6,straight,24.500000000002935,,,0.624375,0.5,0.5,0
966,quadrotor_0,quadrotor,1235.255299699717,453.4344967085302,4,hover_inspect,35.25000000000158,181.21166750466827,0,0.624375,0.5,0.5,0
966,quadrotor_1,quadrotor,1985.0,655.840145641161,4,hover_inspect,42.60000000000167,27.233270939958523,1,0.624375,0.5,0.5,0
967,fixedwing_0,fixedwing,1443.029854289314,1125.3537047432965,6,straight,24.450000000002934,,,0.624375,0.5,0.5,0
967,quadrotor_0,quadrotor,1235.255299699717,453.4344967085302,3,move_west,35.25000000000158,181.21166750466827,0,0.624375,0.5,0.5,0
967,quadrotor_1,quadrotor,1985.0,655.840145641161,4,hover_inspect,42.60000000000167,27.233270939958523,1,0.624375,0.5,0.5,0
968,fixedwing_0,fixedwing,1425.867037618958,1100.7480605952612,7,turn_right,24.400000000002933,,,0.624375,0.5,0.5,0
968,quadrotor_0,quadrotor,1220.255299699717,453.4344967085302,0,move_north,35.150000000001576,171.00097690399338,0,0.624375,0.5,0.5,0
968,quadrotor_1,quadrotor,1985.0,655.840145641161,4,hover_inspect,42.60000000000167,27.233270939958523,1,0.624375,0.5,0.5,0
969,fixedwing_0,fixedwing,1399.9134486642788,1085.701093446644,6,straight,24.25000000000293,,,0.624375,0.5,0.5,0
969,quadrotor_0,quadrotor,1220.255299699717,468.4344967085302,4,hover_inspect,35.050000000001575,159.99888219056413,0,0.624375,0.5,0.5,0
969,quadrotor_1,quadrotor,1985.0,655.840145641161,2,move_east,42.60000000000167,27.233270939958523,1,0.624375,0.5,0.5,0
970,fixedwing_0,fixedwing,1373.9598597095996,1070.654126298027,6,straight,24.20000000000293,,,0.624375,0.5,0.5,0
970,quadrotor_0,quadrotor,1220.255299699717,468.4344967085302,4,hover_inspect,35.050000000001575,159.99888219056413,0,0.624375,0.5,0.5,0
970,quadrotor_1,quadrotor,2000.0,655.840145641161,4,hover_inspect,42.50000000000167,22.729959218819317,1,0.624375,0.5,0.5,0
971,fixedwing_0,fixedwing,1348.0062707549205,1055.6071591494099,8,orbit_candidate,24.15000000000293,,,0.624375,0.5,0.5,0
971,quadrotor_0,quadrotor,1220.255299699717,468.4344967085302,4,hover_inspect,35.050000000001575,159.99888219056413,0,0.624375,0.5,0.5,0
971,quadrotor_1,quadrotor,2000.0,655.840145641161,4,hover_inspect,42.50000000000167,22.729959218819317,1,0.624375,0.5,0.5,0
972,fixedwing_0,fixedwing,1329.3426887339833,1032.119487784463,7,turn_right,24.10000000000293,,,0.624375,0.5,0.5,0
972,quadrotor_0,quadrotor,1220.255299699717,468.4344967085302,4,hover_inspect,35.050000000001575,159.99888219056413,0,0.624375,0.5,0.5,0
972,quadrotor_1,quadrotor,2000.0,655.840145641161,4,hover_inspect,42.50000000000167,22.729959218819317,1,0.624375,0.5,0.5,0
973,fixedwing_0,fixedwing,1302.50142016982,1018.7199989185973,8,orbit_candidate,23.950000000002927,,,0.624375,0.5,0.5,0
973,quadrotor_0,quadrotor,1220.255299699717,468.4344967085302,4,hover_inspect,35.050000000001575,159.99888219056413,0,0.624375,0.5,0.5,0
973,quadrotor_1,quadrotor,2000.0,655.840145641161,4,hover_inspect,42.50000000000167,22.729959218819317,1,0.624375,0.5,0.5,0
974,fixedwing_0,fixedwing,1276.0829057655171,1004.5051441296927,9,change_altitude,23.900000000002926,,,0.624375,0.5,0.5,0
974,quadrotor_0,quadrotor,1220.255299699717,468.4344967085302,4,hover_inspect,34.800000000001575,159.99888219056413,0,0.624375,0.5,0.5,0
974,quadrotor_1,quadrotor,2000.0,655.840145641161,4,hover_inspect,42.50000000000167,22.729959218819317,1,0.624375,0.5,0.5,0
975,fixedwing_0,fixedwing,1249.6643913612143,990.290289340788,5,turn_left,23.850000000002925,,,0.624375,0.5,0.5,0
975,quadrotor_0,quadrotor,1220.255299699717,468.4344967085302,4,hover_inspect,34.800000000001575,159.99888219056413,0,0.624375,0.5,0.5,0
975,quadrotor_1,quadrotor,2000.0,655.840145641161,4,hover_inspect,42.50000000000167,22.729959218819317,1,0.624375,0.5,0.5,0
976,fixedwing_0,fixedwing,1231.7285432564381,966.2423091186905,6,straight,23.700000000002923,,,0.624375,0.5,0.5,0
976,quadrotor_0,quadrotor,1220.255299699717,468.4344967085302,0,move_north,34.800000000001575,159.99888219056413,0,0.624375,0.5,0.5,0
976,quadrotor_1,quadrotor,2000.0,655.840145641161,4,hover_inspect,42.50000000000167,22.729959218819317,1,0.624375,0.5,0.5,0
977,fixedwing_0,fixedwing,1213.792695151662,942.194328896593,6,straight,23.650000000002922,,,0.624375,0.5,0.5,0
977,quadrotor_0,quadrotor,1220.255299699717,483.4344967085302,2,move_east,34.70000000000157,149.69285387866708,0,0.624375,0.5,0.5,0
977,quadrotor_1,quadrotor,2000.0,655.840145641161,4,hover_inspect,42.50000000000167,22.729959218819317,1,0.624375,0.5,0.5,0
978,fixedwing_0,fixedwing,1195.8568470468858,918.1463486744955,9,change_altitude,23.60000000000292,,,0.624375,0.5,0.5,0
978,quadrotor_0,quadrotor,1235.255299699717,483.4344967085302,4,hover_inspect,34.60000000000157,161.25844114353316,0,0.624375,0.5,0.5,0
978,quadrotor_1,quadrotor,2000.0,655.840145641161,4,hover_inspect,42.50000000000167,22.729959218819317,1,0.624375,0.5,0.5,0
979,fixedwing_0,fixedwing,1177.9209989421097,894.098368452398,8,orbit_candidate,23.55000000000292,,,0.624375,0.5,0.5,0
979,quadrotor_0,quadrotor,1235.255299699717,483.4344967085302,4,hover_inspect,34.60000000000157,161.25844114353316,0,0.624375,0.5,0.5,0
979,quadrotor_1,quadrotor,2000.0,655.840145641161,4,hover_inspect,42.50000000000167,22.729959218819317,1,0.624375,0.5,0.5,0
980,fixedwing_0,fixedwing,1157.8479375869524,871.8032522196421,6,straight,23.50000000000292,,,0.624375,0.5,0.5,0
980,quadrotor_0,quadrotor,1235.255299699717,483.4344967085302,4,hover_inspect,34.35000000000157,161.25844114353316,0,0.624375,0.5,0.5,0
980,quadrotor_1,quadrotor,2000.0,655.840145641161,1,move_south,42.50000000000167,22.729959218819317,1,0.624375,0.5,0.5,0
981,fixedwing_0,fixedwing,1137.7748762317951,849.5081359868863,6,straight,23.45000000000292,,,0.624375,0.5,0.5,0
981,quadrotor_0,quadrotor,1235.255299699717,483.4344967085302,4,hover_inspect,34.35000000000157,161.25844114353316,0,0.624375,0.5,0.5,0
981,quadrotor_1,quadrotor,2000.0,640.840145641161,4,hover_inspect,42.40000000000167,37.72995921881932,1,0.624375,0.5,0.5,0
982,fixedwing_0,fixedwing,1117.7018148766379,827.2130197541304,9,change_altitude,23.40000000000292,,,0.624375,0.5,0.5,0
982,quadrotor_0,quadrotor,1235.255299699717,483.4344967085302,4,hover_inspect,34.35000000000157,161.25844114353316,0,0.624375,0.5,0.5,0
982,quadrotor_1,quadrotor,2000.0,640.840145641161,4,hover_inspect,42.40000000000167,37.72995921881932,1,0.624375,0.5,0.5,0
983,fixedwing_0,fixedwing,1097.6287535214806,804.9179035213746,6,straight,23.350000000002918,,,0.624375,0.5,0.5,0
983,quadrotor_0,quadrotor,1235.255299699717,483.4344967085302,4,hover_inspect,34.35000000000157,161.25844114353316,0,0.624375,0.5,0.5,0
983,quadrotor_1,quadrotor,2000.0,640.840145641161,4,hover_inspect,42.40000000000167,37.72995921881932,1,0.624375,0.5,0.5,0
984,fixedwing_0,fixedwing,1077.5556921663233,782.6227872886187,9,change_altitude,23.300000000002917,,,0.624375,0.5,0.5,0
984,quadrotor_0,quadrotor,1235.255299699717,483.4344967085302,4,hover_inspect,34.10000000000157,161.25844114353316,0,0.624375,0.5,0.5,0
984,quadrotor_1,quadrotor,2000.0,640.840145641161,4,hover_inspect,42.40000000000167,37.72995921881932,1,0.624375,0.5,0.5,0
985,fixedwing_0,fixedwing,1057.482630811166,760.3276710558629,9,change_altitude,23.250000000002917,,,0.624375,0.5,0.5,0
985,quadrotor_0,quadrotor,1235.255299699717,483.4344967085302,4,hover_inspect,34.10000000000157,161.25844114353316,0,0.624375,0.5,0.5,0
985,quadrotor_1,quadrotor,2000.0,640.840145641161,4,hover_inspect,42.40000000000167,37.72995921881932,1,0.624375,0.5,0.5,0
986,fixedwing_0,fixedwing,1037.4095694560087,738.032554823107,5,turn_left,23.200000000002916,,,0.624375,0.5,0.5,0
986,quadrotor_0,quadrotor,1235.255299699717,483.4344967085302,2,move_east,34.10000000000157,161.25844114353316,0,0.624375,0.5,0.5,0
986,quadrotor_1,quadrotor,2000.0,640.840145641161,4,hover_inspect,42.40000000000167,37.72995921881932,1,0.624375,0.5,0.5,0
987,fixedwing_0,fixedwing,1028.6395209077593,709.3430750707422,9,change_altitude,23.050000000002914,,,0.624375,0.5,0.5,0
987,quadrotor_0,quadrotor,1250.255299699717,483.4344967085302,10,return_to_base,34.00000000000157,173.35114414893465,0,0.624375,0.5,0.5,0
987,quadrotor_1,quadrotor,2000.0,640.840145641161,4,hover_inspect,42.40000000000167,37.72995921881932,1,0.624375,0.5,0.5,0
988,fixedwing_0,fixedwing,1019.8694723595099,680.6535953183774,9,change_altitude,23.000000000002913,,,0.624375,0.5,0.5,0
988,quadrotor_0,quadrotor,1236.2647626366436,478.0247949896946,0,move_north,33.90000000000157,165.41361170006306,0,0.624375,0.5,0.5,0
988,quadrotor_1,quadrotor,2000.0,640.840145641161,0,move_north,42.40000000000167,37.72995921881932,1,0.624375,0.5,0.5,0
989,fixedwing_0,fixedwing,1011.0994238112605,651.9641155660125,9,change_altitude,22.950000000002913,,,0.624375,0.5,0.5,0
989,quadrotor_0,quadrotor,1236.2647626366436,493.0247949896946,4,hover_inspect,33.80000000000157,156.3895139841675,0,0.624375,0.5,0.5,0
989,quadrotor_1,quadrotor,2000.0,655.840145641161,4,hover_inspect,42.30000000000167,22.729959218819317,1,0.624375,0.5,0.5,0
990,fixedwing_0,fixedwing,1002.3293752630111,623.2746358136477,6,straight,22.900000000002912,,,0.624375,0.5,0.5,0
990,quadrotor_0,quadrotor,1236.2647626366436,493.0247949896946,4,hover_inspect,33.80000000000157,156.3895139841675,0,0.624375,0.5,0.5,0
990,quadrotor_1,quadrotor,2000.0,655.840145641161,4,hover_inspect,42.30000000000167,22.729959218819317,1,0.624375,0.5,0.5,0
991,fixedwing_0,fixedwing,993.5593267147617,594.5851560612829,6,straight,22.85000000000291,,,0.624375,0.5,0.5,0
991,quadrotor_0,quadrotor,1236.2647626366436,493.0247949896946,1,move_south,33.80000000000157,156.3895139841675,0,0.624375,0.5,0.5,0
991,quadrotor_1,quadrotor,2000.0,655.840145641161,2,move_east,42.30000000000167,22.729959218819317,1,0.624375,0.5,0.5,0
992,fixedwing_0,fixedwing,984.7892781665123,565.895676308918,6,straight,22.80000000000291,,,0.624375,0.5,0.5,0
992,quadrotor_0,quadrotor,1236.2647626366436,478.0247949896946,1,move_south,33.700000000001566,165.41361170006306,0,0.624375,0.5,0.5,0
992,quadrotor_1,quadrotor,2000.0,655.840145641161,4,hover_inspect,42.200000000001666,22.729959218819317,1,0.624375,0.5,0.5,0
993,fixedwing_0,fixedwing,976.0192296182629,537.2061965565532,6,straight,22.75000000000291,,,0.624375,0.5,0.5,0
993,quadrotor_0,quadrotor,1236.2647626366436,463.0247949896946,4,hover_inspect,33.600000000001565,175.25879660409163,0,0.624375,0.5,0.5,0
993,quadrotor_1,quadrotor,2000.0,655.840145641161,4,hover_inspect,42.200000000001666,22.729959218819317,1,0.624375,0.5,0.5,0
994,fixedwing_0,fixedwing,967.2491810700135,508.51671680418843,9,change_altitude,22.70000000000291,,,0.624375,0.5,0.5,0
994,quadrotor_0,quadrotor,1236.2647626366436,463.0247949896946,0,move_north,33.600000000001565,175.25879660409163,0,0.624375,0.5,0.5,0
994,quadrotor_1,quadrotor,2000.0,655.840145641161,1,move_south,42.200000000001666,22.729959218819317,1,0.624375,0.5,0.5,0
995,fixedwing_0,fixedwing,958.4791325217641,479.82723705182366,9,change_altitude,22.65000000000291,,,0.624375,0.5,0.5,0
995,quadrotor_0,quadrotor,1236.2647626366436,478.0247949896946,4,hover_inspect,33.50000000000156,165.41361170006306,0,0.624375,0.5,0.5,0
995,quadrotor_1,quadrotor,2000.0,640.840145641161,4,hover_inspect,42.100000000001664,37.72995921881932,1,0.624375,0.5,0.5,0
996,fixedwing_0,fixedwing,949.7090839735147,451.1377572994589,6,straight,22.600000000002908,,,0.624375,0.5,0.5,0
996,quadrotor_0,quadrotor,1236.2647626366436,478.0247949896946,1,move_south,33.50000000000156,165.41361170006306,0,0.624375,0.5,0.5,0
996,quadrotor_1,quadrotor,2000.0,640.840145641161,4,hover_inspect,42.100000000001664,37.72995921881932,1,0.624375,0.5,0.5,0
997,fixedwing_0,fixedwing,940.9390354252653,422.4482775470941,9,change_altitude,22.550000000002907,,,0.624375,0.5,0.5,0
997,quadrotor_0,quadrotor,1236.2647626366436,463.0247949896946,2,move_east,33.40000000000156,175.25879660409163,0,0.624375,0.5,0.5,0
997,quadrotor_1,quadrotor,2000.0,640.840145641161,4,hover_inspect,42.100000000001664,37.72995921881932,1,0.624375,0.5,0.5,0
998,fixedwing_0,fixedwing,932.1689868770159,393.75879779472933,6,straight,22.500000000002906,,,0.624375,0.5,0.5,0
998,quadrotor_0,quadrotor,1251.2647626366436,463.0247949896946,10,return_to_base,33.30000000000156,186.5268452875471,0,0.624375,0.5,0.5,0
998,quadrotor_1,quadrotor,2000.0,640.840145641161,4,hover_inspect,42.100000000001664,37.72995921881932,1,0.624375,0.5,0.5,0
999,fixedwing_0,fixedwing,923.3989383287665,365.06931804236456,9,change_altitude,22.450000000002905,,,0.624375,0.5,0.5,0
999,quadrotor_0,quadrotor,1237.1970429548676,457.8190997474652,4,hover_inspect,33.20000000000156,179.5134340036965,0,0.624375,0.5,0.5,0
999,quadrotor_1,quadrotor,2000.0,640.840145641161,4,hover_inspect,42.100000000001664,37.72995921881932,1,0.624375,0.5,0.5,0
1000,fixedwing_0,fixedwing,914.628889780517,336.3798382899998,-1,terminal,22.400000000002905,,,0.624375,0.5,0.5,0
1000,quadrotor_0,quadrotor,1237.1970429548676,457.8190997474652,-1,terminal,33.20000000000156,179.5134340036965,0,0.624375,0.5,0.5,0
1000,quadrotor_1,quadrotor,2000.0,640.840145641161,-1,terminal,42.100000000001664,37.72995921881932,1,0.624375,0.5,0.5,0
