update,ablation,scenario,rollout_reward_mean,episode_count,coverage_ratio,inspection_success_rate,target_detection_rate,mission_success,mission_time,collision_count,invalid_action_count,policy_loss,value_loss,entropy,approx_kl,clip_fraction,mean_action_probability
1,full_ca_hmappo,1,-0.0692780437775582,2,0.01,0.0,0.0,0,4,0,0,-0.006525232456624508,206.00909423828125,1.7204701900482178,0.0037147453986108303,0.0,0.18214353919029236
2,full_ca_hmappo,1,0.3396072451678265,3,0.03375,0.0,0.0,0,132,0,0,-0.0045501720160245895,389.09222412109375,1.639078140258789,0.0023745920043438673,0.0,0.20730504393577576
3,full_ca_hmappo,1,-0.6207417781549793,6,0.040625,0.0,0.0,0,102,0,0,-0.0029169570188969374,285.3360900878906,1.6257836818695068,0.002359013771638274,0.0,0.2079709768295288
4,full_ca_hmappo,1,-0.5840496778400848,8,0.014375,0.0,0.0,0,41,0,0,-0.0016618778463453054,157.28933715820312,1.6215156316757202,0.00012684536341112107,0.0,0.2124093472957611
5,full_ca_hmappo,1,-0.3325348991838837,10,0.071875,0.0,0.0,0,142,0,0,-0.0024526617489755154,189.34793090820312,1.5901165008544922,0.0001873715518740937,0.0,0.2257378101348877
6,full_ca_hmappo,1,-0.3287907122139586,13,0.068125,0.0,0.0,0,86,0,0,-0.002894278150051832,246.40115356445312,1.5909392833709717,0.0010620251996442676,0.0,0.23137173056602478
7,full_ca_hmappo,1,-0.017469663430347282,15,0.04875,0.0,0.125,0,28,0,0,-0.002923116087913513,290.3013610839844,1.5545457601547241,0.0008892077021300793,0.0,0.24129530787467957
8,full_ca_hmappo,1,-0.531922881443279,15,0.085625,0.0,0.125,0,284,0,0,-0.0012891178485006094,82.61416625976562,1.5777063369750977,0.002267858712002635,0.0,0.22520582377910614
9,full_ca_hmappo,1,-0.28330872076458036,16,0.08125,0.0,0.125,0,159,0,0,-0.001541630714200437,104.56169128417969,1.556445837020874,0.001236618496477604,0.0,0.23968470096588135
10,full_ca_hmappo,1,-0.055088501296040704,18,0.02125,0.0,0.0,0,62,0,0,-0.001139320433139801,147.41738891601562,1.5527591705322266,0.0005350220017135143,0.0,0.246669739484787
11,full_ca_hmappo,1,-0.15155464682447928,19,0.034375,0.0,0.0,0,189,0,0,-0.0009241687948815525,156.1270751953125,1.4912865161895752,-0.0005155628896318376,0.0,0.2820894420146942
12,full_ca_hmappo,1,-0.43326583581074374,22,0.0175,0.0,0.0,0,44,0,0,-0.0008467572624795139,168.10330200195312,1.4815471172332764,0.0001936044282047078,0.0,0.269481897354126
13,full_ca_hmappo,1,0.12432453835390334,23,0.118125,0.0,0.375,0,193,0,0,-0.006907678209245205,246.04200744628906,1.4750795364379883,0.0007336388225667179,0.0,0.27582693099975586
14,full_ca_hmappo,1,-0.03998382366444275,24,0.085,0.0,0.0,0,181,0,0,-0.003669634461402893,175.60621643066406,1.4389994144439697,0.0024435846135020256,0.0,0.2954326272010803
15,full_ca_hmappo,1,-0.27403219463667483,25,0.16875,0.0,0.0,0,109,0,0,-0.0018140360480174422,66.97000122070312,1.4759457111358643,-0.0011860337108373642,0.0,0.279922217130661
16,full_ca_hmappo,1,0.5307152291311468,25,0.20375,0.0,0.0,0,365,0,0,0.0017306383233517408,294.82373046875,1.4441426992416382,-0.0006055266130715609,0.0,0.29099661111831665
17,full_ca_hmappo,1,-0.1169816355832154,27,0.036875,0.0,0.0,0,24,0,0,-0.00014804366219323128,121.48239135742188,1.4853956699371338,0.0006771556800231338,0.0,0.2833186089992523
18,full_ca_hmappo,1,-0.4068659215263324,28,0.050625,0.0,0.0,0,79,0,0,-0.002242010785266757,66.42816925048828,1.442631721496582,0.0004436178132891655,0.0,0.30785995721817017
19,full_ca_hmappo,1,-0.02014375109320099,28,0.140625,0.0,0.25,0,335,0,0,-0.00640098936855793,108.02665710449219,1.48246169090271,0.002939630998298526,0.0,0.27947041392326355
20,full_ca_hmappo,1,-0.11369791795004858,28,0.24625,0.0,0.75,0,591,0,0,-0.006421690806746483,9.53640079498291,1.5415643453598022,0.0037364372983574867,0.0,0.24583207070827484
21,full_ca_hmappo,1,0.23860137997212405,31,0.120625,0.0,0.0,0,110,0,0,-0.0013528758427128196,253.59097290039062,1.5145477056503296,0.0007810222450643778,0.0,0.263823926448822
22,full_ca_hmappo,1,0.0005525050237338291,31,0.245,0.0,0.0,0,366,0,0,-0.012198386713862419,6.849675178527832,1.5339634418487549,0.0017352409195154905,0.0,0.2547816038131714
23,full_ca_hmappo,1,0.6286360182439239,32,0.2375,0.125,0.375,0,242,0,0,-0.005517877638339996,232.91078186035156,1.5734326839447021,-0.0016927169635891914,0.0,0.24860374629497528
24,full_ca_hmappo,1,0.19973050276530557,32,0.2775,0.125,0.375,0,498,0,0,-0.009062842465937138,18.85872459411621,1.5777868032455444,0.00330915953963995,0.0,0.23601365089416504
25,full_ca_hmappo,1,0.3904745395411737,32,0.375,0.25,0.5,0,754,0,0,-0.0013699246337637305,86.51358032226562,1.5672869682312012,0.0004830341786146164,0.0,0.24381427466869354
26,full_ca_hmappo,1,0.38348411232254875,33,0.025625,0.0,0.0,0,10,0,0,-0.004519069567322731,46.037025451660156,1.5646800994873047,-0.0004399102181196213,0.0,0.25033992528915405
27,full_ca_hmappo,1,0.6136804882619344,33,0.33875,0.125,0.125,0,266,0,0,-0.000476043060189113,148.42478942871094,1.5251574516296387,-0.0009358893148601055,0.0,0.2707153558731079
28,full_ca_hmappo,1,0.29852611118985806,33,0.3875,0.125,0.25,0,522,0,0,-0.0021956427954137325,66.55036926269531,1.4995368719100952,0.00034326454624533653,0.0,0.2730666995048523
29,full_ca_hmappo,1,0.05185773715493269,33,0.455625,0.125,0.25,0,778,0,0,-0.007300132419914007,4.198071002960205,1.5009536743164062,0.001020326279103756,0.0,0.2895774841308594
30,full_ca_hmappo,1,0.17731543756576684,34,0.015625,0.0,0.0,0,34,0,0,-0.009592808783054352,57.70370864868164,1.538177251815796,0.007174186408519745,0.0,0.25469279289245605
31,full_ca_hmappo,1,0.1410681321967786,34,0.080625,0.125,0.125,0,290,0,0,-0.0019661569967865944,37.258094787597656,1.512495994567871,0.0009638355113565922,0.0,0.2530285120010376
32,full_ca_hmappo,1,0.49039583051785485,34,0.25125,0.125,0.375,0,546,0,0,-0.003875554306432605,178.49356079101562,1.525663137435913,0.0016610011225566268,0.0,0.256041944026947
33,full_ca_hmappo,1,0.544087348688663,34,0.551875,0.125,0.875,0,802,0,0,0.0008901836117729545,91.00053405761719,1.540653944015503,-0.0009208788978867233,0.0,0.249819815158844
34,full_ca_hmappo,1,0.335947328921975,35,0.10125,0.0,0.0,0,58,0,0,-0.0007114410400390625,71.62420654296875,1.5436863899230957,0.0001536607014713809,0.0,0.24444139003753662
35,full_ca_hmappo,1,0.14896106460219016,35,0.28875,0.0,0.125,0,314,0,0,-0.0037657003849744797,9.92568588256836,1.4905688762664795,-0.0008293764549307525,0.0,0.27129554748535156
36,full_ca_hmappo,1,0.22203233215986984,35,0.380625,0.0,0.25,0,570,0,0,-0.003149327589198947,32.90443420410156,1.4927619695663452,0.003099324181675911,0.0,0.25787442922592163
37,full_ca_hmappo,1,0.22219138178718367,35,0.4175,0.0,0.25,0,826,0,0,-0.008059083484113216,9.672523498535156,1.5026873350143433,0.003078780137002468,0.0,0.255735844373703
38,full_ca_hmappo,1,0.42181757439902867,36,0.11125,0.0,0.125,0,82,0,0,-0.0033568181097507477,105.802001953125,1.4800755977630615,0.004026410169899464,0.0,0.26924988627433777
39,full_ca_hmappo,1,0.5492971382045653,36,0.320625,0.125,0.25,0,338,0,0,0.000727090984582901,114.28184509277344,1.4466273784637451,0.00030882129794918,0.0,0.2795597314834595
40,full_ca_hmappo,1,0.4807800080720881,36,0.49875,0.125,0.625,0,594,0,0,-0.0004268018528819084,155.99835205078125,1.4435337781906128,-0.00024405308067798615,0.0,0.2884015440940857
41,full_ca_hmappo,1,0.5890235804363328,37,0.199375,0.0,0.375,0,115,0,0,-0.0001456858590245247,291.40283203125,1.390826940536499,-2.8366068363538943e-05,0.0,0.30915582180023193
42,full_ca_hmappo,1,0.4095913736618968,37,0.36625,0.0,0.5,0,371,0,0,-0.0004957591881975532,41.623409271240234,1.3962444067001343,0.0005435568164102733,0.0,0.3007006049156189
43,full_ca_hmappo,1,0.06423844656319488,38,0.008125,0.0,0.0,0,2,0,0,-0.002515186322852969,67.5161361694336,1.4124393463134766,0.00019173123291693628,0.0,0.2999991774559021
44,full_ca_hmappo,1,0.21611112872051308,38,0.221875,0.0,0.0,0,258,0,0,0.0007915472378954291,57.816253662109375,1.3872359991073608,0.0005802479572594166,0.0,0.31010496616363525
45,full_ca_hmappo,1,0.2011006340617314,38,0.33625,0.0,0.0,0,514,0,0,-0.0005711897974833846,15.79008674621582,1.4608163833618164,0.0007369473460130394,0.0,0.2752370834350586
46,full_ca_hmappo,1,0.16899866586754797,38,0.49625,0.0,0.125,0,770,0,0,-0.011423482559621334,19.875381469726562,1.480438232421875,-0.0012561751063913107,0.0,0.27225351333618164
47,full_ca_hmappo,1,0.2679874224213563,39,0.050625,0.0,0.0,0,26,0,0,-0.003779483726248145,38.84012222290039,1.4943962097167969,0.006730407476425171,0.0,0.2657972574234009
48,full_ca_hmappo,1,0.590811778922216,39,0.283125,0.0,0.125,0,282,0,0,-0.0013576144119724631,102.07324981689453,1.466245174407959,0.00014078384265303612,0.0,0.28377243876457214
49,full_ca_hmappo,1,0.1386479456523375,39,0.445625,0.0,0.125,0,538,0,0,-0.005216082092374563,4.6489481925964355,1.4827073812484741,0.0015523137990385294,0.0,0.2713834047317505
50,full_ca_hmappo,1,0.3485216416020762,39,0.52,0.0,0.25,0,794,0,0,0.0012255789479240775,43.268959045410156,1.4710593223571777,0.004029891453683376,0.0,0.28387126326560974
51,full_ca_hmappo,1,0.5755419134188742,40,0.10875,0.0,0.0,0,50,0,0,0.0009869163623079658,98.69145202636719,1.5000909566879272,0.0017339519690722227,0.0,0.2693527638912201
52,full_ca_hmappo,1,0.36146741971106167,40,0.445625,0.0,0.125,0,306,0,0,-9.383571887155995e-05,49.62108612060547,1.4446179866790771,0.001389272860251367,0.0,0.28836819529533386
53,full_ca_hmappo,1,0.031682291366450954,40,0.48375,0.0,0.125,0,562,0,0,-0.0041441950015723705,2.158843994140625,1.4276902675628662,0.0008222360047511756,0.0,0.3048928380012512
54,full_ca_hmappo,1,0.51727549185307,40,0.67,0.125,0.25,0,818,0,0,-0.001649381360039115,177.66685485839844,1.4882415533065796,-0.0011605297913774848,0.0,0.2699030637741089
55,full_ca_hmappo,1,0.6145986012670619,41,0.133125,0.0,0.0,0,74,0,0,-0.0010603310074657202,165.5246124267578,1.4735487699508667,-0.0002550349454395473,0.0,0.2675800621509552
56,full_ca_hmappo,1,0.5439783860238094,41,0.355,0.0,0.125,0,330,0,0,-6.719119846820831e-05,120.10690307617188,1.4671955108642578,1.4624558389186859e-05,0.0,0.270763099193573
57,full_ca_hmappo,1,0.4709100088039122,41,0.4325,0.0,0.25,0,586,0,0,-0.0025687715969979763,63.73536682128906,1.4737260341644287,-0.0002492095809429884,0.0,0.2666032910346985
58,full_ca_hmappo,1,0.3594668695723158,41,0.44125,0.0,0.25,0,842,0,0,-0.001970402430742979,22.543285369873047,1.470876693725586,0.00011495532089611515,0.0,0.27431318163871765
59,full_ca_hmappo,1,0.5443035045573197,42,0.14875,0.0,0.0,0,98,0,0,-0.0011656505521386862,108.7435073852539,1.4626193046569824,-0.0013408520026132464,0.0,0.2784265875816345
60,full_ca_hmappo,1,0.6995844577295429,42,0.478125,0.0,0.875,0,354,0,0,-0.0005931432242505252,118.20660400390625,1.4487571716308594,0.0007900534546934068,0.0,0.281030535697937
61,full_ca_hmappo,1,0.4491444718405546,42,0.63125,0.0,0.875,0,610,0,0,-0.0018972111865878105,35.86720275878906,1.456937551498413,0.0007077252375893295,0.0,0.27128487825393677
62,full_ca_hmappo,1,0.32792535691885405,42,0.6575,0.0,0.875,0,866,0,0,-0.0045592947863042355,12.913106918334961,1.4706677198410034,0.00044709150097332895,0.0,0.2754939794540405
63,full_ca_hmappo,1,0.3838577304509272,43,0.175625,0.0,0.0,0,122,0,0,-0.0026618391275405884,65.8362045288086,1.4227832555770874,0.0015525597846135497,0.0,0.28042274713516235
64,full_ca_hmappo,1,0.4037388912335018,43,0.43125,0.0,0.125,0,378,0,0,0.00029517276561819017,41.665260314941406,1.4194843769073486,0.0019152279710397124,0.0,0.2868702709674835
65,full_ca_hmappo,1,0.1085533537043375,43,0.469375,0.0,0.125,0,634,0,0,-0.011794856749475002,1.5838940143585205,1.462792158126831,-0.0003868373460136354,0.125,0.2826444208621979
66,full_ca_hmappo,1,0.07155112752661807,43,0.4825,0.0,0.125,0,890,0,0,-0.015114402398467064,1.8150556087493896,1.4449819326400757,0.012048795819282532,0.1432291716337204,0.2761615514755249
67,full_ca_hmappo,1,0.6104453159841796,44,0.223125,0.0,0.375,0,146,0,0,0.0005134148523211479,264.7801513671875,1.408273458480835,0.001960465218871832,0.0,0.29829537868499756
68,full_ca_hmappo,1,0.3777274533722448,44,0.343125,0.0,0.375,0,402,0,0,0.004607837647199631,20.131336212158203,1.3895820379257202,0.00018338572408538312,0.0,0.2984500527381897
69,full_ca_hmappo,1,0.12666189675474016,44,0.3825,0.0,0.375,0,658,0,0,-0.006661160849034786,2.2290501594543457,1.3950151205062866,0.0027965251356363297,0.0,0.2937411665916443
70,full_ca_hmappo,1,0.18063483480000286,44,0.40625,0.0,0.375,0,914,0,0,-0.005416871048510075,2.329998016357422,1.3568408489227295,0.001190150622278452,0.0,0.31219300627708435
71,full_ca_hmappo,1,0.41161984662903706,46,0.07625,0.0,0.0,0,36,0,0,0.00022030621767044067,186.21755981445312,1.354027509689331,0.0037520963232964277,0.0,0.30709394812583923
72,full_ca_hmappo,1,0.7565707426183508,46,0.424375,0.0,0.375,0,292,0,0,-0.0015903038438409567,179.4677734375,1.2984232902526855,0.0035079659428447485,0.0,0.32806646823883057
73,full_ca_hmappo,1,0.5892326269713521,46,0.634375,0.0,0.625,0,548,0,0,-0.004774360917508602,64.04496002197266,1.3548625707626343,0.0002503985015209764,0.0,0.3160601258277893
74,full_ca_hmappo,1,0.47661289592178946,46,0.71375,0.0,0.75,0,804,0,0,-0.004581127315759659,34.95893096923828,1.3358237743377686,0.0017987660830840468,0.0,0.318972110748291
75,full_ca_hmappo,1,0.8060084837234172,47,0.148125,0.0,0.25,0,60,0,0,-0.0015157433226704597,283.23199462890625,1.3043668270111084,-0.000765093311201781,0.0,0.33722347021102905
76,full_ca_hmappo,1,0.5834789005166385,47,0.326875,0.0,0.25,0,316,0,0,3.7568312109215185e-05,57.787086486816406,1.3411791324615479,0.0002554014208726585,0.0,0.3096349835395813
77,full_ca_hmappo,1,0.36965749178057195,47,0.42,0.0,0.375,0,572,0,0,0.0004942367668263614,19.90292739868164,1.3450164794921875,0.00027481638244353235,0.0,0.3145714998245239
78,full_ca_hmappo,1,0.33029621619789395,47,0.49625,0.0,0.375,0,828,0,0,-0.0009528649970889091,14.539033889770508,1.368072509765625,-4.387608350953087e-05,0.0,0.3057864308357239
79,full_ca_hmappo,1,0.4540999125583767,48,0.08375,0.0,0.125,0,84,0,0,-0.0011242169421166182,103.16915893554688,1.326235294342041,0.0006283937836997211,0.0,0.3250824213027954
80,full_ca_hmappo,1,0.6338171643983515,48,0.403125,0.0,0.375,0,340,0,0,0.00016222491103690118,101.56848907470703,1.3059803247451782,0.00028758420376107097,0.0,0.3405000865459442
81,full_ca_hmappo,1,0.4784170305611042,48,0.545625,0.0,0.625,0,596,0,0,-0.000731089327018708,53.5633430480957,1.3243603706359863,0.00023818179033696651,0.0,0.3293522000312805
82,full_ca_hmappo,1,0.30492879941903084,48,0.604375,0.0,0.625,0,852,0,0,-0.0012523289769887924,8.110634803771973,1.3969981670379639,0.0005266385851427913,0.0,0.30558109283447266
83,full_ca_hmappo,1,0.5231243026646553,49,0.081875,0.0,0.125,0,108,0,0,-0.00032712644315324724,92.7962646484375,1.3698071241378784,-0.0009176096646115184,0.0,0.3007345199584961
84,full_ca_hmappo,1,0.8796425046116383,49,0.33375,0.125,0.625,0,364,0,0,-0.0002045556902885437,318.8277282714844,1.3338966369628906,9.514267730992287e-05,0.0,0.3240050673484802
85,full_ca_hmappo,1,0.5038955933976013,49,0.445625,0.125,0.75,0,620,0,0,-0.0006720299716107547,33.506629943847656,1.3288370370864868,-0.00019038919708691537,0.0,0.31959059834480286
86,full_ca_hmappo,1,0.41266887232450244,49,0.6225,0.125,0.875,0,876,0,0,-0.00031245563877746463,27.99089813232422,1.316192865371704,-0.0005258551682345569,0.0,0.33567139506340027
87,full_ca_hmappo,1,0.5309930211569736,50,0.22625,0.0,0.125,0,132,0,0,-0.0005913575878366828,77.67826843261719,1.3148269653320312,-0.0003753276541829109,0.0,0.3223595917224884
88,full_ca_hmappo,1,0.6886207029047,50,0.4875,0.0,0.375,0,388,0,0,0.0003726420400198549,104.27214050292969,1.3003501892089844,0.0001365883945254609,0.0,0.3338720202445984
89,full_ca_hmappo,1,0.37936002267588265,50,0.52125,0.0,0.375,0,644,0,0,-0.0008474436472170055,14.802099227905273,1.2892731428146362,0.0002508588950149715,0.0,0.34963902831077576
90,full_ca_hmappo,1,0.5162543671253843,50,0.738125,0.0,0.75,0,900,0,0,-0.000736752524971962,51.87787628173828,1.348371982574463,0.0005851429887115955,0.0,0.3179839551448822
91,full_ca_hmappo,1,0.7181926713310531,51,0.096875,0.125,0.0,0,156,0,0,-7.930025458335876e-05,210.40585327148438,1.3463538885116577,0.0001619595568627119,0.0,0.3112242817878723
92,full_ca_hmappo,1,0.7326608549519733,51,0.416875,0.125,0.5,0,412,0,0,-0.0002322013897355646,144.9316864013672,1.3130247592926025,-1.3876551747671328e-05,0.0,0.339512437582016
93,full_ca_hmappo,1,0.5085334942705231,51,0.635,0.125,0.625,0,668,0,0,-0.0012347472365945578,41.00392150878906,1.3362263441085815,0.000264597125351429,0.0,0.3298470675945282
94,full_ca_hmappo,1,0.516367406142308,51,0.785625,0.125,0.75,0,924,0,0,-0.0004935550387017429,46.01751708984375,1.3675884008407593,0.0004914719611406326,0.0,0.313639372587204
95,full_ca_hmappo,1,1.0461152455682168,52,0.3275,0.0,0.25,0,180,0,0,-0.0005508313770405948,270.76751708984375,1.3307830095291138,0.00047116586938500404,0.0,0.3256678581237793
96,full_ca_hmappo,1,0.485019742136501,52,0.4625,0.0,0.25,0,436,0,0,-0.0006657398189418018,32.45943832397461,1.3046247959136963,0.0003353470820002258,0.0,0.3442811965942383
97,full_ca_hmappo,1,0.4625550151713469,52,0.58,0.0,0.5,0,692,0,0,-0.000514480285346508,41.910240173339844,1.3471630811691284,-3.1229574233293533e-06,0.0,0.31530481576919556
98,full_ca_hmappo,1,0.43189506232738495,52,0.650625,0.0,0.5,0,948,0,0,-0.0005371446604840457,21.15484619140625,1.3466780185699463,-5.971423161099665e-05,0.0,0.31609082221984863
99,full_ca_hmappo,1,0.5402835485701871,53,0.25625,0.0,0.125,0,204,0,0,-0.00034836804843507707,73.46903991699219,1.3108506202697754,-0.000286783033516258,0.0,0.335044264793396
100,full_ca_hmappo,1,0.44047045836971144,53,0.53,0.0,0.125,0,460,0,0,-0.00054145697504282,25.880640029907227,1.3403854370117188,-0.00039442972047254443,0.0,0.32272765040397644
101,full_ca_hmappo,1,0.23208543092914624,53,0.63375,0.0,0.125,0,716,0,0,-0.0033637546002864838,2.750199794769287,1.3642385005950928,-0.0013176955981180072,0.0,0.30166372656822205
102,full_ca_hmappo,1,0.16062736428284552,53,0.654375,0.0,0.125,0,972,0,0,-0.01826123148202896,1.2213664054870605,1.3352301120758057,0.03267224133014679,0.4752604365348816,0.30780765414237976
103,full_ca_hmappo,1,0.5917862193928158,54,0.268125,0.125,0.125,0,228,0,0,-0.00317549891769886,153.4154815673828,1.2831926345825195,0.010173137299716473,0.08984375,0.3375583291053772
104,full_ca_hmappo,1,0.13779934169269836,54,0.43625,0.125,0.125,0,484,0,0,0.0025796163827180862,3.1437089443206787,1.3440377712249756,0.003850918961688876,0.0,0.3081277012825012
105,full_ca_hmappo,1,0.2261323284737955,54,0.548125,0.125,0.25,0,740,0,0,-0.00103733129799366,15.31458568572998,1.3929593563079834,-0.0011406389530748129,0.0,0.3011068105697632
106,full_ca_hmappo,1,0.16183303427351348,54,0.57375,0.125,0.375,0,996,0,0,-0.017649203538894653,4.090012550354004,1.4527804851531982,0.008947093971073627,0.3125,0.27521395683288574
107,full_ca_hmappo,1,0.6267904930064105,55,0.244375,0.0,0.25,0,252,0,0,-0.0019652608316391706,165.78636169433594,1.3023412227630615,-0.0010450937552377582,0.0,0.3289373517036438
108,full_ca_hmappo,1,0.14525471421438851,55,0.32625,0.0,0.375,0,508,0,0,-0.010717980563640594,2.2977895736694336,1.435676097869873,0.00620632991194725,0.0,0.2691788673400879
109,full_ca_hmappo,1,0.14769095449810266,55,0.375,0.0,0.375,0,764,0,0,-0.010323140770196915,11.145984649658203,1.4299005270004272,0.00046576219028793275,0.0,0.27556926012039185
110,full_ca_hmappo,1,0.1999703458568547,56,0.028125,0.0,0.0,0,20,0,0,-0.006198688875883818,12.051857948303223,1.4377546310424805,-0.0028704344294965267,0.0,0.2683081328868866
111,full_ca_hmappo,1,0.6456586909025646,56,0.250625,0.0,0.25,0,276,0,0,0.00020138919353485107,189.70285034179688,1.3584846258163452,0.0017932436894625425,0.0,0.30917900800704956
112,full_ca_hmappo,1,0.29721005914461784,56,0.3325,0.125,0.25,0,532,0,0,5.901418626308441e-05,36.111717224121094,1.4207605123519897,0.00023595760285388678,0.0,0.27408742904663086
113,full_ca_hmappo,1,0.18041580069984775,56,0.47625,0.125,0.5,0,788,0,0,-0.004290260840207338,10.563882827758789,1.4140300750732422,0.003452626522630453,0.0,0.2787453830242157
114,full_ca_hmappo,1,0.25506532827421324,57,0.0525,0.0,0.0,0,44,0,0,-0.0014204842736944556,62.740875244140625,1.2967407703399658,0.00028967991238459945,0.0,0.3405628800392151
115,full_ca_hmappo,1,0.1562784359412035,60,0.04875,0.0,0.0,0,40,0,0,-0.0009457295527681708,316.3481750488281,1.367163062095642,0.0003143797512166202,0.0,0.30558082461357117
116,full_ca_hmappo,1,0.5514828749364824,61,0.189375,0.125,0.25,0,244,0,0,-0.00169985496904701,264.9330749511719,1.3835492134094238,0.002017610240727663,0.0,0.3037189841270447
117,full_ca_hmappo,1,0.15046519740326403,61,0.293125,0.125,0.25,0,500,0,0,-0.004322207998484373,1.6696856021881104,1.4601755142211914,0.0004773666150867939,0.0,0.26067423820495605
118,full_ca_hmappo,1,0.34341600299376296,61,0.449375,0.125,0.375,0,756,0,0,-8.595548570156097e-05,37.21875762939453,1.4740068912506104,-4.812012048205361e-05,0.0,0.25933337211608887
119,full_ca_hmappo,1,0.44473936831036553,62,0.023125,0.0,0.0,0,12,0,0,-0.0017927333246916533,26.5007266998291,1.3744720220565796,0.0003704247938003391,0.0,0.30656445026397705
120,full_ca_hmappo,1,0.7025085539758038,62,0.205625,0.0,0.25,0,268,0,0,-0.00035672946250997484,146.64248657226562,1.437825083732605,0.0002730051928665489,0.0,0.27356815338134766
121,full_ca_hmappo,1,0.4035178333560907,62,0.26,0.0,0.5,0,524,0,0,3.0109349609119818e-05,33.79902648925781,1.4719281196594238,0.0005221302853897214,0.0,0.249531090259552
122,full_ca_hmappo,1,0.5301593522935946,62,0.42875,0.0,0.75,0,780,0,0,-0.0009622561628930271,44.73561096191406,1.480332374572754,-0.0001337033900199458,0.0,0.251299113035202
123,full_ca_hmappo,1,0.24987886975105766,63,0.0325,0.0,0.0,0,36,0,0,-0.002098991069942713,17.197710037231445,1.3805227279663086,0.00023001029330771416,0.0,0.29791170358657837
124,full_ca_hmappo,1,0.7441415686043911,63,0.34625,0.0,0.5,0,292,0,0,-0.000722711905837059,228.9918212890625,1.413068175315857,0.0014696813886985183,0.0,0.2767605483531952
125,full_ca_hmappo,1,0.5658854479405591,63,0.62125,0.0,0.75,0,548,0,0,-0.0007527004927396774,51.27745056152344,1.4741538763046265,1.5542221944997436e-06,0.0,0.2545417249202728
126,full_ca_hmappo,1,0.44713361479927016,63,0.791875,0.0,0.875,0,804,0,0,-0.0019005953799933195,19.402376174926758,1.4662303924560547,0.0005832852330058813,0.0,0.2534855306148529
127,full_ca_hmappo,1,0.8460616188168046,64,0.065,0.0,0.0,0,60,0,0,-0.00021642944193445146,277.69317626953125,1.4346994161605835,8.795612666290253e-05,0.0,0.2686212658882141
128,full_ca_hmappo,1,0.8804730302472308,64,0.34625,0.0,0.625,0,316,0,0,3.618188202381134e-05,189.25808715820312,1.400282382965088,0.00010885547089856118,0.0,0.2838327884674072
129,full_ca_hmappo,1,0.5585813316361055,64,0.5925,0.0,0.875,0,572,0,0,-0.00015012237417977303,45.507354736328125,1.448434591293335,-8.687772788107395e-05,0.0,0.261456698179245
130,full_ca_hmappo,1,0.3454339253173657,64,0.62625,0.0,0.875,0,828,0,0,-0.0005839042132720351,8.135904312133789,1.4740194082260132,2.422199395368807e-05,0.0,0.2483292669057846
131,full_ca_hmappo,1,0.41502011877855693,65,0.0675,0.0,0.0,0,84,0,0,-0.0006289469893090427,70.92974090576172,1.428623080253601,-0.0002883134293369949,0.0,0.2716646194458008
132,full_ca_hmappo,1,0.8801626251952257,65,0.346875,0.0,0.375,0,340,0,0,7.795915007591248e-05,221.74530029296875,1.4009876251220703,-4.7101952077355236e-05,0.0,0.28734278678894043
133,full_ca_hmappo,1,0.44394151401320414,65,0.388125,0.0,0.375,0,596,0,0,-0.00048318630433641374,18.717151641845703,1.4345111846923828,-0.0003569047839846462,0.0,0.2644239664077759
134,full_ca_hmappo,1,0.3930492672418495,65,0.46375,0.0,0.5,0,852,0,0,-0.00033517059637233615,15.294099807739258,1.4552472829818726,0.0002742343058343977,0.0,0.2637956738471985
135,full_ca_hmappo,1,0.451032607768866,66,0.069375,0.0,0.0,0,108,0,0,-0.00034834136022254825,79.46636199951172,1.31907057762146,-0.0001301327720284462,0.0,0.3224484622478485
136,full_ca_hmappo,1,0.6991040057710052,66,0.3775,0.0,0.375,0,364,0,0,-9.732134640216827e-05,144.97071838378906,1.4241728782653809,-0.00016749929636716843,0.0,0.272602379322052
137,full_ca_hmappo,1,0.5762495889948696,66,0.633125,0.0,0.375,0,620,0,0,-0.0004490551946219057,41.2531623840332,1.4281061887741089,-0.0001498012279625982,0.0,0.27259188890457153
138,full_ca_hmappo,1,0.48000333460815625,66,0.7575,0.0,0.625,0,876,0,0,-0.00043083232594653964,28.886730194091797,1.4631589651107788,-0.00018972034740727395,0.0,0.259330689907074
139,full_ca_hmappo,1,0.8085106450065123,67,0.155,0.0,0.25,0,132,0,0,-0.0002434961497783661,356.56463623046875,1.4184716939926147,-9.177967149298638e-05,0.0,0.2737381160259247
140,full_ca_hmappo,1,0.5223909916148841,67,0.445,0.0,0.5,0,388,0,0,-0.00014039315283298492,31.274110794067383,1.4517486095428467,-6.742620371369412e-06,0.0,0.26001212000846863
141,full_ca_hmappo,1,0.321719833806128,67,0.54875,0.0,0.625,0,644,0,0,-0.0008556068642064929,16.116952896118164,1.4764602184295654,0.00012837917893193662,0.0,0.2498132437467575
142,full_ca_hmappo,1,0.36896406674350146,67,0.63375,0.0,0.625,0,900,0,0,-0.0006574659491889179,8.563638687133789,1.485939383506775,0.0006916604470461607,0.0,0.25075000524520874
143,full_ca_hmappo,1,0.46394846183602567,68,0.115625,0.0,0.125,0,156,0,0,-0.0005974664236418903,92.31402587890625,1.404646635055542,-5.560935096582398e-05,0.0,0.2839953303337097
144,full_ca_hmappo,1,0.6165401332636975,68,0.27375,0.0,0.25,0,412,0,0,-9.588587272446603e-05,158.62286376953125,1.4231529235839844,0.00010668952018022537,0.0,0.27237874269485474
145,full_ca_hmappo,1,0.3916143001698629,68,0.481875,0.125,0.25,0,668,0,0,3.10891009576153e-05,29.440990447998047,1.493316888809204,0.00017888634465634823,0.0,0.2495499551296234
146,full_ca_hmappo,1,0.4690850663737365,68,0.575,0.125,0.375,0,924,0,0,-0.00021290562290232629,65.29802703857422,1.4865028858184814,5.1192473620176315e-06,0.0,0.24796241521835327
147,full_ca_hmappo,1,0.47223254394339165,69,0.204375,0.0,0.125,0,180,0,0,-0.00016591078019700944,88.26055908203125,1.3674094676971436,5.88360708206892e-05,0.0,0.2966769337654114
148,full_ca_hmappo,1,0.5675037701266774,69,0.32125,0.0,0.25,0,436,0,0,-4.012448334833607e-05,72.56292724609375,1.435283899307251,0.00028595197363756597,0.0,0.26156631112098694
149,full_ca_hmappo,1,0.5945317387099749,69,0.57625,0.0,0.625,0,692,0,0,-0.00018568150699138641,42.68370819091797,1.4511198997497559,-1.586686630616896e-05,0.0,0.26101166009902954
150,full_ca_hmappo,1,0.5364488038449053,69,0.698125,0.0,0.75,0,948,0,0,-0.00015702471137046814,36.237083435058594,1.4671357870101929,2.542906440794468e-05,0.0,0.2549029588699341
151,full_ca_hmappo,1,0.9088671021427217,70,0.230625,0.125,0.25,0,204,0,0,-5.6255608797073364e-05,378.9993591308594,1.3839378356933594,0.00013408825907390565,0.0,0.29038673639297485
152,full_ca_hmappo,1,0.879175452158961,70,0.43,0.25,0.75,0,460,0,0,-9.981853509088978e-05,178.58790588378906,1.4266748428344727,-6.997492164373398e-05,0.0,0.26636284589767456
153,full_ca_hmappo,1,0.42120188572243933,70,0.473125,0.25,0.75,0,716,0,0,-0.0002608988434076309,11.364309310913086,1.4433047771453857,6.775985093554482e-05,0.0,0.2592655122280121
154,full_ca_hmappo,1,0.33065924900074606,72,0.09625,0.0,0.25,0,137,0,0,-0.0003351556952111423,487.7185363769531,1.4065072536468506,5.5861273722257465e-05,0.0,0.27837714552879333
155,full_ca_hmappo,1,0.3543486601911354,72,0.245,0.0,0.25,0,393,0,0,-0.0003673813189379871,6.968448638916016,1.4297317266464233,0.00019462825730443,0.0,0.2745670974254608
156,full_ca_hmappo,1,0.5823421177510681,72,0.52375,0.0,0.625,0,649,0,0,-0.0007051266729831696,42.30750274658203,1.4753165245056152,0.00028914259746670723,0.0,0.2552325129508972
157,full_ca_hmappo,1,0.4563435063992074,72,0.684375,0.0,0.625,0,905,0,0,-0.0006013382226228714,21.295589447021484,1.4724464416503906,-9.43864433793351e-05,0.0,0.24744991958141327
158,full_ca_hmappo,1,0.6756099710109993,73,0.285625,0.0,0.25,0,227,0,0,0.00025005111820064485,386.7405090332031,1.406395435333252,4.954845644533634e-05,0.0,0.27657467126846313
159,full_ca_hmappo,1,0.5798866176373849,73,0.401875,0.25,0.375,0,483,0,0,-1.5099222764547449e-05,82.13671875,1.4245526790618896,-9.674734428699594e-06,0.0,0.2651980519294739
160,full_ca_hmappo,1,0.479989586350257,73,0.423125,0.25,0.625,0,739,0,0,-0.0002557709813117981,56.6582145690918,1.452681541442871,5.8067187637789175e-05,0.0,0.25266334414482117
161,full_ca_hmappo,1,0.41264348163167597,73,0.53875,0.25,0.75,0,995,0,0,-0.0005229533417150378,13.522039413452148,1.4082772731781006,-0.00013385526835918427,0.0,0.27801311016082764
162,full_ca_hmappo,1,0.6949343317464809,74,0.179375,0.0,0.375,0,251,0,0,-0.0003502412582747638,199.74227905273438,1.407159686088562,-8.251875260611996e-05,0.0,0.2738466262817383
163,full_ca_hmappo,1,0.5319507745475676,74,0.316875,0.125,0.375,0,507,0,0,-0.00010163833940168843,67.36569213867188,1.447016716003418,-1.730816438794136e-05,0.0,0.2594504952430725
164,full_ca_hmappo,1,0.5330715478285128,74,0.56,0.125,0.375,0,763,0,0,2.87784896499943e-05,27.372066497802734,1.4665744304656982,0.00021270073193591088,0.0,0.25573351979255676
165,full_ca_hmappo,1,0.3782177447792492,75,0.043125,0.0,0.0,0,19,0,0,-0.0005182934692129493,22.15422821044922,1.3897130489349365,-0.0002089169283863157,0.0,0.2910791039466858
166,full_ca_hmappo,1,0.6521030868898379,75,0.395,0.0,0.25,0,275,0,0,-0.0012465743348002434,76.32478332519531,1.4384808540344238,0.00017389701679348946,0.0,0.2672533690929413
167,full_ca_hmappo,1,0.7024444701846733,75,0.5825,0.0,0.5,0,531,0,0,-0.00030902153230272233,62.775516510009766,1.457146406173706,-0.0006119345198385417,0.0,0.25969836115837097
168,full_ca_hmappo,1,0.47469703179740463,75,0.690625,0.0,0.75,0,787,0,0,-0.0007388809463009238,22.491907119750977,1.4744824171066284,-0.000113622285425663,0.0,0.25268232822418213
169,full_ca_hmappo,1,0.8599726105485388,76,0.056875,0.0,0.25,0,43,0,0,-0.0001838204188970849,206.78573608398438,1.4362610578536987,0.0004166645812802017,0.0,0.2700349986553192
170,full_ca_hmappo,1,0.20207041414323612,77,0.1525,0.0,0.0,0,249,0,0,-0.00740994606167078,134.83111572265625,1.4106149673461914,0.0019398685544729233,0.0,0.27116554975509644
171,full_ca_hmappo,1,0.6297690799010525,77,0.463125,0.0,0.25,0,505,0,0,0.006042773835361004,80.54019165039062,1.4453099966049194,0.006794504355639219,0.0,0.2589397430419922
172,full_ca_hmappo,1,0.7215658872434574,77,0.6925,0.0,0.75,0,761,0,0,-0.0019307115580886602,89.95094299316406,1.4500577449798584,0.005495430435985327,0.0,0.25032374262809753
173,full_ca_hmappo,1,0.3229232611245152,78,0.013125,0.0,0.0,0,17,0,0,-0.0035687005147337914,26.796051025390625,1.3507980108261108,6.671102892141789e-05,0.0,0.30616211891174316
174,full_ca_hmappo,1,0.5173923678353276,78,0.244375,0.0,0.125,0,273,0,0,0.0023540034890174866,125.88421630859375,1.364445686340332,-0.002240055240690708,0.0,0.29877960681915283
175,full_ca_hmappo,1,0.7961347472548823,78,0.559375,0.0,0.625,0,529,0,0,-0.0003151620621792972,96.66653442382812,1.4037909507751465,0.000817669730167836,0.0,0.27035829424858093
176,full_ca_hmappo,1,0.43049207522926736,78,0.606875,0.0,0.75,0,785,0,0,-0.0005940987612120807,22.7409610748291,1.3970845937728882,-0.0005050317267887294,0.0,0.28013890981674194
177,full_ca_hmappo,1,0.18295903231410193,79,0.03625,0.0,0.0,0,41,0,0,-0.0012225888203829527,26.727333068847656,1.2384642362594604,-3.0058281481615268e-05,0.0,0.35856693983078003
178,full_ca_hmappo,1,0.44197308277580305,79,0.19125,0.0,0.25,0,297,0,0,-0.0007495364989154041,163.09185791015625,1.3407084941864014,0.0004966358537785709,0.0,0.30196231603622437
179,full_ca_hmappo,1,0.572156493755756,79,0.283125,0.0,0.375,0,553,0,0,-0.0011515090009197593,32.07868957519531,1.3731950521469116,-0.0004344104672782123,0.0,0.2887364327907562
180,full_ca_hmappo,1,0.47579282043807325,79,0.429375,0.0,0.375,0,809,0,0,-0.0011729728430509567,15.67988109588623,1.377054214477539,-0.0005024854908697307,0.0,0.2894553542137146
181,full_ca_hmappo,1,0.2824389807356056,81,0.07125,0.0,0.0,0,41,0,0,-0.00032702399767003953,155.756591796875,1.2046667337417603,-0.00028500118060037494,0.0,0.37358149886131287
182,full_ca_hmappo,1,0.4880665827456596,81,0.268125,0.0,0.125,0,297,0,0,-0.0005116264219395816,40.7835693359375,1.3470072746276855,3.339458999107592e-05,0.0,0.2952249050140381
183,full_ca_hmappo,1,0.49458301099730306,81,0.475625,0.0,0.5,0,553,0,0,-0.00020518526434898376,65.79938507080078,1.3706635236740112,0.00039242953062057495,0.0,0.2845516800880432
184,full_ca_hmappo,1,0.6915799897542456,81,0.631875,0.0,0.75,0,809,0,0,-6.886851042509079e-05,73.77808380126953,1.3784844875335693,5.4976750107016414e-05,0.0,0.28476953506469727
185,full_ca_hmappo,1,0.20754595664675435,82,0.080625,0.0,0.0,0,65,0,0,-0.00047295045806095004,31.7237548828125,1.2235560417175293,-7.902737706899643e-06,0.0,0.3689337372779846
186,full_ca_hmappo,1,0.8200736339458672,82,0.27,0.0,0.5,0,321,0,0,-0.0009202423389069736,135.93460083007812,1.350328803062439,-0.0003223645908292383,0.0,0.30346545577049255
187,full_ca_hmappo,1,0.5774886698818591,82,0.36875,0.0,0.625,0,577,0,0,-0.0015496853739023209,28.473064422607422,1.3884057998657227,-0.00034284795401617885,0.0,0.2908826768398285
188,full_ca_hmappo,1,0.5065300794885843,82,0.495,0.0,0.625,0,833,0,0,-0.0016364592593163252,18.147945404052734,1.3866370916366577,-0.00013950327411293983,0.0,0.2927733063697815
189,full_ca_hmappo,1,0.26722112034622114,83,0.06125,0.0,0.0,0,89,0,0,-5.999642235110514e-05,25.711875915527344,1.1695133447647095,-0.00011321141937514767,0.0,0.3900032937526703
190,full_ca_hmappo,1,0.5739797276910394,84,0.281875,0.0,0.375,0,148,0,0,-0.0005489786854013801,289.04803466796875,1.3214213848114014,3.6744557291967794e-05,0.0,0.30931997299194336
191,full_ca_hmappo,1,0.37193110664884443,84,0.405,0.0,0.375,0,404,0,0,-0.0018483034800738096,11.74009895324707,1.3575036525726318,0.0006621596403419971,0.0,0.2897745668888092
192,full_ca_hmappo,1,0.3472733258467997,84,0.474375,0.0,0.5,0,660,0,0,-0.0021404146682471037,3.9353675842285156,1.36603581905365,0.00014997972175478935,0.0,0.2944214940071106
193,full_ca_hmappo,1,0.23625298584011034,84,0.52625,0.0,0.5,0,916,0,0,-0.0014429166913032532,3.4052958488464355,1.3974584341049194,8.911546319723129e-05,0.0,0.2829611003398895
194,full_ca_hmappo,1,0.5038786709492342,85,0.240625,0.0,0.125,0,172,0,0,-0.0024498056154698133,70.54707336425781,1.1834378242492676,-0.00048058293759822845,0.0,0.37732934951782227
195,full_ca_hmappo,1,0.9430385908217431,85,0.42875,0.125,0.375,0,428,0,0,-0.0004715578106697649,312.5994567871094,1.345171332359314,-0.0009580377372913063,0.0,0.3049842119216919
196,full_ca_hmappo,1,0.2599949572222613,85,0.480625,0.125,0.5,0,684,0,0,-0.0055007669143378735,1.8956027030944824,1.3618676662445068,0.0012568847741931677,0.0,0.2945846915245056
197,full_ca_hmappo,1,0.21213480375513427,85,0.534375,0.125,0.5,0,940,0,0,0.0005289362743496895,6.967264175415039,1.3615869283676147,0.0014480408281087875,0.0,0.28436750173568726
198,full_ca_hmappo,1,0.4555445847727242,86,0.245625,0.0,0.125,0,196,0,0,-0.0011268332600593567,95.3407974243164,1.24783456325531,0.0022336263209581375,0.0,0.34521132707595825
199,full_ca_hmappo,1,0.32586460338518464,86,0.339375,0.0,0.25,0,452,0,0,-0.001159257022663951,13.263206481933594,1.3497059345245361,0.000179879687493667,0.0,0.29501765966415405
200,full_ca_hmappo,1,0.5141973994515183,86,0.443125,0.0,0.25,0,708,0,0,-0.0005129445344209671,22.206602096557617,1.3627886772155762,-0.0007832417031750083,0.0,0.2836955785751343
201,full_ca_hmappo,1,0.6022091182931035,86,0.529375,0.0,0.375,0,964,0,0,-0.0006054434925317764,34.878074645996094,1.3837146759033203,-0.0003512615221552551,0.0,0.29223695397377014
202,full_ca_hmappo,1,0.5796906820760341,88,0.055625,0.0,0.0,0,23,0,0,-0.0008314028382301331,214.15428161621094,1.3041836023330688,0.000493025581818074,0.0,0.3217083215713501
203,full_ca_hmappo,1,0.7993305987547501,89,0.055625,0.0,0.25,0,24,0,0,-0.0011118737747892737,265.3882751464844,1.3128165006637573,0.00028894766001030803,0.0,0.32227519154548645
204,full_ca_hmappo,1,0.5989851688564158,89,0.331875,0.0,0.5,0,280,0,0,9.950622916221619e-05,56.539161682128906,1.329766035079956,-0.0002505956217646599,0.0,0.2964487671852112
205,full_ca_hmappo,1,0.6089449049140967,89,0.580625,0.0,0.75,0,536,0,0,-0.0005479358951561153,41.07229995727539,1.3660515546798706,-0.00020115901133976877,0.0,0.2936655282974243
206,full_ca_hmappo,1,0.4012390133939334,89,0.65125,0.0,0.75,0,792,0,0,-0.0016006175428628922,8.452984809875488,1.352250337600708,0.00046235881745815277,0.0,0.2944280803203583
207,full_ca_hmappo,1,0.7401854116997129,90,0.04375,0.0,0.0,0,48,0,0,-0.0005828378489241004,161.28631591796875,1.365661859512329,-0.0003409137425478548,0.0,0.2957571744918823
208,full_ca_hmappo,1,0.5237578454089089,90,0.164375,0.0,0.0,0,304,0,0,-0.00021697767078876495,30.526199340820312,1.3449039459228516,0.0002196983841713518,0.0,0.29574617743492126
209,full_ca_hmappo,1,0.2616523701508413,90,0.27625,0.0,0.125,0,560,0,0,-0.00900736078619957,5.746311187744141,1.3349876403808594,0.004303742665797472,0.0,0.3064800500869751
210,full_ca_hmappo,1,0.2383907377079595,90,0.305625,0.0,0.125,0,816,0,0,-0.011526963673532009,3.1890294551849365,1.3154767751693726,0.0003909088554792106,0.0,0.3153415024280548
211,full_ca_hmappo,1,0.17696525235805893,91,0.130625,0.0,0.0,0,72,0,0,-0.003353265579789877,33.45745086669922,1.1980998516082764,0.0069245039485394955,0.0,0.3573102355003357
212,full_ca_hmappo,1,0.7087789897741459,91,0.31125,0.0,0.25,0,328,0,0,-0.0003302134573459625,150.3767547607422,1.1822987794876099,0.0014903638511896133,0.0,0.3872336745262146
213,full_ca_hmappo,1,0.25609639612957835,91,0.40125,0.0,0.375,0,584,0,0,-0.002620548941195011,4.93418025970459,1.219911813735962,-0.0003440606815274805,0.0,0.35557493567466736
214,full_ca_hmappo,1,0.199761903975741,91,0.42625,0.0,0.375,0,840,0,0,-0.00451260432600975,5.077898979187012,1.2806848287582397,0.0009418127010576427,0.0,0.34649866819381714
215,full_ca_hmappo,1,0.7404462123231497,92,0.2475,0.0,0.375,0,212,0,0,-3.944958370993845e-05,343.2453308105469,1.1963136196136475,0.0009660706855356693,0.0,0.38878974318504333
216,full_ca_hmappo,1,0.3713244824739377,92,0.274375,0.0,0.375,0,468,0,0,-0.00385062163695693,5.921985626220703,1.2824190855026245,-0.000347701832652092,0.0,0.326244980096817
217,full_ca_hmappo,1,0.4229741512754117,92,0.281875,0.0,0.375,0,724,0,0,-0.005533226765692234,6.682761192321777,1.3062984943389893,-0.000310907926177606,0.0,0.3177913427352905
218,full_ca_hmappo,1,0.42739187353538455,92,0.291875,0.0,0.375,0,980,0,0,-0.006113629788160324,7.813467979431152,1.1621801853179932,0.0007094987668097019,0.0,0.3867882490158081
219,full_ca_hmappo,1,0.5685221358085073,93,0.276875,0.0,0.125,0,236,0,0,-0.0011198136489838362,119.2138442993164,1.1792576313018799,0.0008480254327878356,0.0,0.37436383962631226
220,full_ca_hmappo,1,0.22055919908598298,93,0.31875,0.0,0.125,0,492,0,0,-0.005803400184959173,3.3192224502563477,1.2797386646270752,0.0009097889997065067,0.0,0.3170927166938782
221,full_ca_hmappo,1,0.6748382770383614,93,0.341875,0.0,0.25,0,748,0,0,0.0006877736886963248,77.0674819946289,1.2871220111846924,-0.001701949629932642,0.0,0.32600465416908264
222,full_ca_hmappo,1,0.4710687998870071,94,0.009375,0.0,0.0,0,4,0,0,0.0003030921216122806,38.955787658691406,1.151409387588501,-0.0009982646442949772,0.0,0.39044588804244995
223,full_ca_hmappo,1,0.2084959053681814,94,0.06125,0.0,0.125,0,260,0,0,-0.0025477770250290632,3.575380325317383,1.267071008682251,0.0008197575807571411,0.0,0.33349356055259705
224,full_ca_hmappo,1,0.7081762627276476,94,0.24875,0.0,0.25,0,516,0,0,-0.0006793001666665077,87.56127166748047,1.270237684249878,0.0009616099996492267,0.0,0.3338531255722046
225,full_ca_hmappo,1,0.35457472421694547,94,0.288125,0.0,0.25,0,772,0,0,-0.0007200638647191226,3.024815559387207,1.263805627822876,0.00011620065197348595,0.0,0.3338805139064789
226,full_ca_hmappo,1,0.7577549713166718,95,0.063125,0.0,0.375,0,28,0,0,-0.0008982761646620929,214.0365447998047,1.0697102546691895,-0.00038003906956873834,0.0,0.4289059042930603
227,full_ca_hmappo,1,0.6170479022002837,95,0.323125,0.0,0.5,0,284,0,0,6.0727201343979686e-05,34.77597427368164,1.2869532108306885,0.00010118478530785069,0.0,0.31838878989219666
228,full_ca_hmappo,1,0.3817769639153994,95,0.480625,0.0,0.75,0,540,0,0,-0.0005310215055942535,16.710968017578125,1.2726554870605469,0.00018038616690319031,0.0,0.328364759683609
229,full_ca_hmappo,1,0.41776536609017967,95,0.575625,0.0,0.875,0,796,0,0,-0.0017610217910259962,13.221222877502441,1.2961326837539673,-0.00048172444803640246,0.0,0.3170846104621887
230,full_ca_hmappo,1,0.25549029712487936,96,0.108125,0.0,0.0,0,52,0,0,-0.0013119392096996307,39.26384735107422,1.0925496816635132,-0.00023013618192635477,0.0,0.42100974917411804
231,full_ca_hmappo,1,0.8376728914736304,96,0.371875,0.0,0.625,0,308,0,0,-0.000637167482636869,222.239013671875,1.265887975692749,0.00019002039334736764,0.0,0.32895180583000183
232,full_ca_hmappo,1,0.26182951307794156,96,0.39875,0.0,0.625,0,564,0,0,-0.0022473372519016266,1.959728479385376,1.3003852367401123,1.5795696526765823e-05,0.0,0.3239597678184509
233,full_ca_hmappo,1,0.42601178141808305,96,0.53125,0.0,0.875,0,820,0,0,0.001025215140543878,16.98200225830078,1.315791130065918,-8.308235555887222e-05,0.0,0.3095082938671112
234,full_ca_hmappo,1,0.23224660043160839,97,0.06125,0.0,0.0,0,76,0,0,-7.491496944567189e-05,34.06702423095703,1.161872386932373,0.00047451769933104515,0.0,0.3961988389492035
235,full_ca_hmappo,1,0.5487166026819636,97,0.204375,0.0,0.0,0,332,0,0,0.0004583435948006809,81.63170623779297,1.2994049787521362,0.0002195000124629587,0.0,0.31876829266548157
236,full_ca_hmappo,1,0.4554935364103585,97,0.253125,0.0,0.0,0,588,0,0,-0.0002601115847937763,9.870811462402344,1.3214597702026367,-0.0002516589011065662,0.0,0.3102429211139679
237,full_ca_hmappo,1,0.3088950262305161,97,0.2975,0.0,0.0,0,844,0,0,-0.023680083453655243,2.9251813888549805,1.3205549716949463,0.014400585554540157,0.1263020932674408,0.30373239517211914
238,full_ca_hmappo,1,0.2064073718211148,98,0.03375,0.0,0.0,0,100,0,0,0.0026788408868014812,40.499671936035156,1.1027034521102905,0.013191794976592064,0.0234375,0.3993017077445984
239,full_ca_hmappo,1,0.29837638396384136,99,0.205625,0.0,0.125,0,222,0,0,0.0013279411941766739,242.87100219726562,1.1575130224227905,0.0012257586931809783,0.0,0.39287787675857544
240,full_ca_hmappo,1,0.3310644917728496,100,0.22,0.0,0.0,0,176,0,0,0.002712007611989975,233.60269165039062,1.0990643501281738,0.0007788590155541897,0.0,0.4323466420173645
241,full_ca_hmappo,1,0.257081476469466,100,0.285,0.0,0.0,0,432,0,0,-0.001949358731508255,28.58448028564453,1.204092025756836,-0.00019021860498469323,0.0,0.36567825078964233
242,full_ca_hmappo,1,0.44390721508727893,100,0.401875,0.0,0.5,0,688,0,0,-0.0019190063467249274,118.72587585449219,1.13481605052948,0.002771846018731594,0.0,0.38722389936447144
243,full_ca_hmappo,1,0.5273518133653852,101,0.23875,0.0,0.375,0,200,0,0,-0.000182323157787323,305.6499938964844,1.1422069072723389,-0.000657105993013829,0.0,0.3962106704711914
244,full_ca_hmappo,1,0.16260376584614278,102,0.141875,0.0,0.125,0,116,0,0,0.0005559958517551422,224.801025390625,1.1641005277633667,-0.0003461501037236303,0.0,0.38449496030807495
245,full_ca_hmappo,1,0.691752637868376,102,0.4675,0.0,0.75,0,372,0,0,-0.0008280085166916251,85.58890533447266,1.226103663444519,-0.00016173021867871284,0.0,0.34224551916122437
246,full_ca_hmappo,1,0.6040450707632772,104,0.229375,0.0,0.25,0,96,0,0,-0.0007702670991420746,283.15655517578125,1.1836144924163818,0.0011224554618820548,0.0,0.3778247833251953
247,full_ca_hmappo,1,0.47421838667469274,104,0.365,0.0,0.5,0,352,0,0,-0.00016228854656219482,28.589488983154297,1.1931860446929932,0.000569943047594279,0.0,0.37678951025009155
248,full_ca_hmappo,1,0.10516140985544098,104,0.396875,0.0,0.5,0,608,0,0,-0.001076995162293315,10.711160659790039,1.1909558773040771,0.00021563409245572984,0.0,0.3692351281642914
249,full_ca_hmappo,1,0.05894347111825482,104,0.429375,0.0,0.5,0,864,0,0,-0.00030685652745887637,21.430999755859375,1.175673246383667,0.00023162164143286645,0.0,0.3743863105773926
250,full_ca_hmappo,1,0.3657787829852168,105,0.1525,0.0,0.25,0,238,0,0,-0.0009208327974192798,282.0845947265625,1.192771077156067,0.0005786585388705134,0.0,0.3700360655784607
251,full_ca_hmappo,1,0.38374777145747885,106,0.208125,0.0,0.125,0,140,0,0,-0.008358735591173172,223.3751678466797,1.1994441747665405,0.003318468574434519,0.0325520858168602,0.3751348853111267
252,full_ca_hmappo,1,-0.005852739427609777,106,0.260625,0.0,0.125,0,396,0,0,-0.009144887328147888,35.647621154785156,1.2665905952453613,0.012602764181792736,0.0325520858168602,0.33076396584510803
253,full_ca_hmappo,1,0.32139758025004994,107,0.27375,0.0,0.125,0,253,0,0,0.0007365265628322959,137.12225341796875,1.213460922241211,0.0029310162644833326,0.0,0.3570849299430847
254,full_ca_hmappo,1,0.005388341909565497,107,0.294375,0.0,0.125,0,509,0,0,-0.0015493573155254126,26.287212371826172,1.2818210124969482,0.001579304109327495,0.0,0.31506577134132385
255,full_ca_hmappo,1,0.2872739936756261,108,0.236875,0.0,0.125,0,152,0,0,0.0003771483898162842,221.85311889648438,1.2150778770446777,0.0013681789860129356,0.0,0.3457413911819458
256,full_ca_hmappo,1,0.5152414315361966,108,0.460625,0.0,0.375,0,408,0,0,-1.2440606951713562e-05,58.0451774597168,1.2582874298095703,0.0006183803780004382,0.0,0.3353992700576782
257,full_ca_hmappo,1,0.2647532888513524,108,0.505625,0.0,0.375,0,664,0,0,-0.0034014093689620495,3.316338062286377,1.3053228855133057,0.00017913043848238885,0.0,0.31330808997154236
258,full_ca_hmappo,1,0.4445803904072818,108,0.523125,0.0,0.375,0,920,0,0,-0.001433144323527813,53.20051956176758,1.3004177808761597,-0.0016831908142194152,0.0,0.31435778737068176
259,full_ca_hmappo,1,0.2926948154904494,109,0.221875,0.0,0.125,0,176,0,0,7.078610360622406e-05,39.16305923461914,1.2452061176300049,0.0005199422012083232,0.0,0.3479588031768799
260,full_ca_hmappo,1,0.46821188619242093,109,0.446875,0.0,0.25,0,432,0,0,-0.0012424899032339454,19.933530807495117,1.2948894500732422,0.0007625678554177284,0.0,0.3088338375091553
261,full_ca_hmappo,1,0.3229685059654912,109,0.52125,0.0,0.375,0,688,0,0,-0.012772148475050926,3.6166110038757324,1.3150516748428345,0.00120442861225456,0.0,0.30984798073768616
262,full_ca_hmappo,1,0.6017714776990033,109,0.760625,0.0,0.625,0,944,0,0,-0.004581037908792496,49.365379333496094,1.3576362133026123,0.0068302820436656475,0.010416666977107525,0.2783989906311035
263,full_ca_hmappo,1,0.5876096390438761,110,0.1625,0.0,0.125,0,200,0,0,-0.0019541452638804913,103.36498260498047,1.3378022909164429,0.002216849010437727,0.0,0.29370757937431335
264,full_ca_hmappo,1,0.48570736823148764,110,0.30875,0.0,0.25,0,456,0,0,-0.000163983553647995,102.22724914550781,1.3627064228057861,0.003171563846990466,0.0,0.28643664717674255
265,full_ca_hmappo,1,0.671931662126326,110,0.671875,0.0,0.625,0,712,0,0,0.0003871005028486252,42.65392303466797,1.360935926437378,-0.0010173101909458637,0.0,0.2809484601020813
266,full_ca_hmappo,1,0.3396807089693539,110,0.716875,0.0,0.75,0,968,0,0,-0.0054954905062913895,7.401801586151123,1.3650434017181396,-0.0003240554069634527,0.0,0.285865843296051
267,full_ca_hmappo,1,0.8587984073456028,111,0.288125,0.0,0.25,0,224,0,0,0.0010189538588747382,140.98355102539062,1.3457893133163452,0.0001380372268613428,0.0,0.2883939743041992
268,full_ca_hmappo,1,0.4455298203702114,111,0.444375,0.0,0.375,0,480,0,0,-0.0030417758971452713,13.147769927978516,1.3578695058822632,-4.902295768260956e-05,0.0,0.28611892461776733
269,full_ca_hmappo,1,0.2928248782918672,111,0.464375,0.0,0.375,0,736,0,0,-0.008877419866621494,4.365805625915527,1.30734121799469,0.01899513602256775,0.1458333432674408,0.3000774383544922
270,full_ca_hmappo,1,0.4274393234263698,111,0.5625,0.0,0.5,0,992,0,0,-0.003761277301236987,21.783897399902344,1.148606777191162,0.007307791616767645,0.0,0.38192152976989746
271,full_ca_hmappo,1,0.7099847695117205,112,0.25375,0.0,0.25,0,248,0,0,-0.00013683861470781267,196.1624755859375,1.3077540397644043,0.0009494996629655361,0.0,0.2971949577331543
272,full_ca_hmappo,1,0.6524408319971258,112,0.446875,0.125,0.375,0,504,0,0,-0.0005026149447076023,107.54303741455078,1.2857475280761719,0.001045064884237945,0.0,0.3235199451446533
273,full_ca_hmappo,1,0.27128040021534616,112,0.46625,0.125,0.375,0,760,0,0,-0.005697013344615698,1.946129322052002,1.292769432067871,0.000955925032030791,0.0,0.31907370686531067
274,full_ca_hmappo,1,0.5405732480521692,113,0.0375,0.0,0.0,0,16,0,0,-0.006593238562345505,89.70408630371094,1.1165461540222168,0.0024990944657474756,0.014322916977107525,0.40565991401672363
275,full_ca_hmappo,1,0.34660025011589823,113,0.328125,0.0,0.125,0,272,0,0,-0.0002757196198217571,8.832321166992188,1.2717421054840088,0.005696493666619062,0.0013020833721384406,0.3246863782405853
276,full_ca_hmappo,1,0.147591204244236,113,0.386875,0.0,0.125,0,528,0,0,-0.004038234241306782,7.758479118347168,1.2687132358551025,0.001633652951568365,0.0,0.32621702551841736
277,full_ca_hmappo,1,0.3307278705906356,113,0.430625,0.0,0.25,0,784,0,0,-0.0019365379121154547,12.730953216552734,1.2237482070922852,0.0009597499738447368,0.0,0.35207217931747437
278,full_ca_hmappo,1,0.46515250382435624,114,0.09125,0.0,0.0,0,40,0,0,-0.006376691162586212,44.92488479614258,0.9963671565055847,0.0031434446573257446,0.0,0.4658782482147217
279,full_ca_hmappo,1,0.9723587518037675,114,0.3875,0.0,0.5,0,296,0,0,0.0018714464968070388,160.50833129882812,1.2343664169311523,0.0016705121379345655,0.0,0.35129213333129883
280,full_ca_hmappo,1,0.39826243594126254,114,0.418125,0.0,0.5,0,552,0,0,0.00462021678686142,6.4013752937316895,1.287876009941101,-0.0011244723573327065,0.0,0.3191998600959778
281,full_ca_hmappo,1,0.4350770736891718,114,0.5125,0.0,0.625,0,808,0,0,0.0011922649573534727,6.120017051696777,1.2145006656646729,0.00030258455080911517,0.0,0.3561815619468689
282,full_ca_hmappo,1,0.22084767300475505,115,0.03375,0.0,0.0,0,64,0,0,-0.00016910459089558572,43.843841552734375,1.0228025913238525,-0.0003286685678176582,0.0,0.44818222522735596
283,full_ca_hmappo,1,0.5748328367262729,115,0.268125,0.0,0.25,0,320,0,0,-0.00022179572260938585,54.86069869995117,1.2731044292449951,0.0003429341013543308,0.0,0.32759737968444824
284,full_ca_hmappo,1,0.7230743215259281,115,0.4275,0.0,0.5,0,576,0,0,-0.0005841013044118881,43.56501007080078,1.2326977252960205,2.204099109803792e-05,0.0,0.33764395117759705
285,full_ca_hmappo,1,0.48004160917389527,115,0.4525,0.0,0.5,0,832,0,0,-0.0020323346834629774,8.510204315185547,1.2296583652496338,7.856435695430264e-05,0.0,0.3460671901702881
286,full_ca_hmappo,1,0.4955214040946885,116,0.10125,0.0,0.0,0,88,0,0,-0.0005648968508467078,33.74106979370117,1.063822865486145,0.00023309832613449544,0.0,0.4285801351070404
287,full_ca_hmappo,1,0.47047751968148077,116,0.295,0.0,0.125,0,344,0,0,-0.0007821036269888282,16.025596618652344,1.2560067176818848,7.447988900821656e-05,0.0,0.3268740177154541
288,full_ca_hmappo,1,0.690573059494227,116,0.43,0.0,0.5,0,600,0,0,-0.0002826669660862535,64.04685974121094,1.2779409885406494,-7.765523150737863e-06,0.0,0.3258947730064392
289,full_ca_hmappo,1,0.3918357520506106,116,0.4525,0.0,0.5,0,856,0,0,-0.0006212703883647919,17.02155876159668,1.1555854082107544,-3.635091707110405e-05,0.0,0.3907853364944458
290,full_ca_hmappo,1,0.564631264003765,117,0.184375,0.0,0.125,0,112,0,0,-0.0009343537385575473,64.13269805908203,1.1034735441207886,-0.00016727205365896225,0.0,0.4115661084651947
291,full_ca_hmappo,1,0.8523427863547113,117,0.46,0.0,0.5,0,368,0,0,0.000601395673584193,147.845458984375,1.2652196884155273,0.00011454957711976022,0.0,0.33838099241256714
292,full_ca_hmappo,1,0.4210383973173748,117,0.515,0.0,0.5,0,624,0,0,-0.0033740303479135036,6.09749698638916,1.2769538164138794,0.0004559747758321464,0.0,0.33210450410842896
293,full_ca_hmappo,1,0.36558575007984473,117,0.5325,0.0,0.5,0,880,0,0,-0.008444149978458881,3.1226284503936768,1.1156772375106812,0.003893435699865222,0.0,0.4078960120677948
294,full_ca_hmappo,1,0.7964207387703937,118,0.265625,0.0,0.5,0,136,0,0,0.0009683942189440131,175.79620361328125,1.12841796875,0.004828291479498148,0.0,0.39218658208847046
295,full_ca_hmappo,1,0.5419537412280988,118,0.390625,0.0,0.625,0,392,0,0,-0.0022842378821223974,19.860408782958984,1.241236925125122,0.0005792287993244827,0.0,0.3413426876068115
296,full_ca_hmappo,1,0.33234845592232887,118,0.411875,0.0,0.625,0,648,0,0,-0.011156151071190834,2.0738394260406494,1.2936229705810547,0.0014307898236438632,0.0,0.33463484048843384
297,full_ca_hmappo,1,0.28214935010555564,118,0.431875,0.0,0.625,0,904,0,0,-0.016017548739910126,3.0019633769989014,1.1121790409088135,0.008086256682872772,0.00390625,0.41169607639312744
298,full_ca_hmappo,1,0.8809763293684227,119,0.3275,0.0,0.25,0,160,0,0,-0.0010813524713739753,167.60484313964844,1.178663969039917,0.001134391175583005,0.0,0.37978872656822205
299,full_ca_hmappo,1,0.48978373027421185,119,0.47875,0.0,0.375,0,416,0,0,0.004809199832379818,11.214946746826172,1.352971076965332,0.0015459933783859015,0.0,0.2916010916233063
300,full_ca_hmappo,1,0.4546189101292839,119,0.5775,0.0,0.375,0,672,0,0,0.0019369830843061209,8.153857231140137,1.3646879196166992,0.0011250926181674004,0.0,0.28077182173728943
301,full_ca_hmappo,1,0.3571833994828921,119,0.58875,0.0,0.375,0,928,0,0,-0.007483048364520073,2.7880637645721436,1.1451126337051392,-0.00040345313027501106,0.0,0.39641186594963074
302,full_ca_hmappo,1,0.5613244323758408,120,0.241875,0.0,0.125,0,184,0,0,-0.0009320564568042755,76.33798217773438,1.2156320810317993,0.0004385809297673404,0.0,0.3532582223415375
303,full_ca_hmappo,1,0.2506202290630881,120,0.271875,0.0,0.125,0,440,0,0,-0.0002418837248114869,2.9622135162353516,1.3636891841888428,0.001965941861271858,0.0,0.28441768884658813
304,full_ca_hmappo,1,0.6303377004996946,120,0.42875,0.0,0.25,0,696,0,0,0.0014955544611439109,42.39096450805664,1.334625005722046,0.0003316751681268215,0.0,0.30051618814468384
305,full_ca_hmappo,1,0.47887006218911665,120,0.4825,0.0,0.25,0,952,0,0,-0.0005177091807126999,7.43730354309082,1.1580159664154053,-0.0002863935078494251,0.0,0.3906711935997009
306,full_ca_hmappo,1,0.6959969119867964,121,0.276875,0.0,0.25,0,208,0,0,-0.0006771988118998706,138.73373413085938,1.2685590982437134,-0.000744588440284133,0.0,0.3295800983905792
307,full_ca_hmappo,1,0.8328406187465589,121,0.44125,0.0,0.375,0,464,0,0,-0.0008095925441011786,73.70240020751953,1.322197437286377,2.294530531798955e-05,0.0,0.30196061730384827
308,full_ca_hmappo,1,0.5620882503862958,121,0.605,0.0,0.375,0,720,0,0,-0.0013042537029832602,18.82410430908203,1.3662049770355225,-9.22203398658894e-05,0.0,0.2811088263988495
309,full_ca_hmappo,1,0.3606620824448328,121,0.618125,0.0,0.375,0,976,0,0,-0.016078807413578033,3.669950008392334,1.1537079811096191,0.014176896773278713,0.1796875,0.37910276651382446
310,full_ca_hmappo,1,0.8333165291065825,122,0.2425,0.0,0.0,0,232,0,0,0.004915180616080761,124.82471466064453,1.3126089572906494,-0.0002719190379139036,0.0,0.30929505825042725
311,full_ca_hmappo,1,0.6676106767324086,122,0.485625,0.0,0.25,0,488,0,0,0.005642964970320463,104.12644958496094,1.291063666343689,-0.0005764695815742016,0.0,0.3227313458919525
312,full_ca_hmappo,1,0.3402061667002272,122,0.525,0.0,0.375,0,744,0,0,-0.020561037585139275,4.261836528778076,1.4048802852630615,0.03548116609454155,0.4388020932674408,0.2650797367095947
313,full_ca_hmappo,1,0.5111113086713885,123,0.005625,0.0,0.0,0,0,0,0,-0.0015513680409640074,52.72479248046875,1.1647231578826904,0.004540800582617521,0.1848958432674408,0.3863522410392761
314,full_ca_hmappo,1,0.8562372775704716,123,0.29875,0.0,0.25,0,256,0,0,-0.002236163942143321,113.75135803222656,1.3382956981658936,0.007136679254472256,0.0,0.29051852226257324
315,full_ca_hmappo,1,0.5152929047823136,123,0.3675,0.0,0.375,0,512,0,0,-0.0015969499945640564,12.547517776489258,1.390702247619629,0.0011547667672857642,0.0,0.26675593852996826
316,full_ca_hmappo,1,0.4344424684095429,123,0.47375,0.0,0.375,0,768,0,0,0.0001065886317519471,12.777935028076172,1.4037094116210938,-0.0026870258152484894,0.0,0.27237510681152344
317,full_ca_hmappo,1,0.15982888983580779,124,0.059375,0.0,0.0,0,98,0,0,0.001252337358891964,215.28009033203125,1.3472861051559448,0.0009450316429138184,0.0,0.2856120765209198
318,full_ca_hmappo,1,0.5554847630046424,124,0.325625,0.0,0.125,0,354,0,0,0.00027395010692998767,23.74802017211914,1.3598518371582031,1.252411584573565e-05,0.0,0.2838180959224701
319,full_ca_hmappo,1,0.2186910206801258,124,0.348125,0.0,0.125,0,610,0,0,-0.000618529855273664,5.593510150909424,1.379776954650879,-1.3317602679308038e-05,0.0,0.2796788811683655
320,full_ca_hmappo,1,0.4286408362604561,124,0.4075,0.0,0.25,0,866,0,0,-0.0007436815649271011,58.57035827636719,1.3884198665618896,0.000913072086405009,0.0,0.2773798704147339
321,full_ca_hmappo,1,0.652356198103007,125,0.160625,0.0,0.0,0,122,0,0,0.00021723161626141518,202.23077392578125,1.2898215055465698,5.261049227556214e-05,0.0,0.3136615753173828
322,full_ca_hmappo,1,0.33357721552965813,125,0.36875,0.0,0.125,0,378,0,0,-0.0005368491401895881,19.748458862304688,1.3683403730392456,-0.00010321351874154061,0.0,0.28066495060920715
323,full_ca_hmappo,1,0.6124636350978108,125,0.593125,0.0,0.25,0,634,0,0,0.0003446480259299278,56.93494415283203,1.3521926403045654,-5.6265853345394135e-06,0.0,0.2938382625579834
324,full_ca_hmappo,1,0.4759277650318836,125,0.68875,0.0,0.375,0,890,0,0,-0.0026868972927331924,6.000990867614746,1.3672406673431396,0.0004621477273758501,0.0,0.2769496440887451
325,full_ca_hmappo,1,0.2628803223196883,126,0.111875,0.0,0.0,0,146,0,0,-0.0010327843483537436,57.30650329589844,1.3300971984863281,0.00042163109173998237,0.0,0.29972296953201294
326,full_ca_hmappo,1,0.5073883054337784,126,0.416875,0.0,0.125,0,402,0,0,-0.00010803497571032494,80.12755584716797,1.346989393234253,9.661915100878105e-05,0.0,0.28815922141075134
327,full_ca_hmappo,1,0.27047846805885456,126,0.5375,0.0,0.25,0,658,0,0,-0.00041702453745529056,80.74435424804688,1.3794769048690796,-0.0002889953029807657,0.0,0.2747366428375244
328,full_ca_hmappo,1,0.3550728661248286,126,0.57125,0.0,0.25,0,914,0,0,-0.008733823895454407,3.2952723503112793,1.3838138580322266,0.0016985845286399126,0.0,0.2718401551246643
329,full_ca_hmappo,1,0.7861608158418676,127,0.276875,0.0,0.0,0,170,0,0,-0.0003488802758511156,166.87527465820312,1.3130977153778076,-0.0030619394965469837,0.0,0.3088933527469635
330,full_ca_hmappo,1,0.3826253699080553,127,0.355625,0.0,0.0,0,426,0,0,-0.011296011507511139,5.440930366516113,1.3926315307617188,0.0035585565492510796,0.0,0.27215084433555603
331,full_ca_hmappo,1,0.41930367493046106,127,0.5,0.0,0.0,0,682,0,0,-0.006874700542539358,6.673126220703125,1.411523699760437,0.0017863777466118336,0.0,0.26752468943595886
332,full_ca_hmappo,1,0.38666434875995037,127,0.57875,0.0,0.0,0,938,0,0,-0.008319390937685966,2.652708053588867,1.4244474172592163,0.000553823250811547,0.0,0.2629198133945465
333,full_ca_hmappo,1,0.8000907388341147,128,0.26,0.0,0.25,0,194,0,0,-0.004713231232017279,229.15267944335938,1.2677197456359863,-0.00036111994995735586,0.0,0.3272676169872284
334,full_ca_hmappo,1,0.6287582501026918,128,0.503125,0.0,0.5,0,450,0,0,0.0033416454680263996,26.82567596435547,1.4086259603500366,0.0022143046371638775,0.0,0.2702687382698059
335,full_ca_hmappo,1,0.4375794072411736,128,0.555625,0.0,0.625,0,706,0,0,0.0008976394310593605,6.391099452972412,1.4185770750045776,0.0034057232551276684,0.0,0.26067012548446655
336,full_ca_hmappo,1,0.2847626478142047,128,0.621875,0.0,0.625,0,962,0,0,-0.0007842046907171607,5.915561199188232,1.413288950920105,0.0003541102050803602,0.0,0.26295897364616394
337,full_ca_hmappo,1,0.5428389870212413,130,0.1075,0.0,0.0,0,176,0,0,-0.000843008398078382,251.80422973632812,1.3066948652267456,0.0009728384902700782,0.0,0.31602978706359863
338,full_ca_hmappo,1,0.5069546066415569,130,0.33,0.0,0.125,0,432,0,0,-0.0018548460211604834,8.546059608459473,1.4160611629486084,-6.88028521835804e-05,0.0,0.25919950008392334
339,full_ca_hmappo,1,0.9644197605630325,130,0.72875,0.0,0.875,0,688,0,0,-0.00020586885511875153,128.21340942382812,1.402718424797058,-0.00011224517220398411,0.0,0.2724562883377075
340,full_ca_hmappo,1,0.3264321176411613,130,0.811875,0.0,0.875,0,944,0,0,-0.004413445945829153,3.594522476196289,1.4405187368392944,0.001836113166064024,0.0,0.253540962934494
341,full_ca_hmappo,1,0.8558704557340207,131,0.341875,0.0,0.375,0,200,0,0,0.00038947942084632814,187.60499572753906,1.2909027338027954,0.0005546245956793427,0.0,0.32274529337882996
342,full_ca_hmappo,1,0.5972036268776719,131,0.535,0.0,0.5,0,456,0,0,-0.0028910934925079346,14.601692199707031,1.4270005226135254,-0.00138576771132648,0.0,0.2571142613887787
343,full_ca_hmappo,1,0.3657191016559409,131,0.605,0.0,0.5,0,712,0,0,-0.025054406374692917,2.4565463066101074,1.4320571422576904,0.01737295836210251,0.2239583432674408,0.24944019317626953
344,full_ca_hmappo,1,0.5732422447326826,131,0.755,0.0,0.75,0,968,0,0,-0.01361839659512043,18.06935691833496,1.3993405103683472,0.009906111285090446,0.046875,0.26282167434692383
345,full_ca_hmappo,1,0.6641866151840077,132,0.235,0.0,0.125,0,224,0,0,-0.0035260270815342665,197.53269958496094,1.3060111999511719,0.009952802211046219,0.0,0.29382893443107605
346,full_ca_hmappo,1,0.7528079754574719,132,0.50375,0.0,0.5,0,480,0,0,-0.000388026557629928,121.53732299804688,1.363229513168335,0.0031008124351501465,0.0,0.2794303894042969
347,full_ca_hmappo,1,0.43063522499119244,132,0.68375,0.0,0.5,0,736,0,0,0.0013669587206095457,6.44809103012085,1.386473536491394,0.00032412074506282806,0.0,0.27606821060180664
348,full_ca_hmappo,1,0.40298984409977123,132,0.8275,0.0,0.75,0,992,0,0,0.00045838113874197006,6.312263011932373,1.3993902206420898,9.074310946743935e-05,0.0,0.26547563076019287
349,full_ca_hmappo,1,0.9009495782543127,133,0.418125,0.0,0.5,0,248,0,0,-0.00039571523666381836,159.59481811523438,1.3308731317520142,0.00011316407471895218,0.0,0.29531750082969666
350,full_ca_hmappo,1,0.4314885210042121,133,0.5325,0.0,0.5,0,504,0,0,-0.0011431084712967277,7.991977691650391,1.3796532154083252,-0.0005833632312715054,0.0,0.27495846152305603
351,full_ca_hmappo,1,0.2904117325065272,133,0.56875,0.0,0.5,0,760,0,0,-0.0023496439680457115,5.461896896362305,1.3832247257232666,0.0015771423932164907,0.0,0.2743818759918213
352,full_ca_hmappo,1,0.552276342685218,134,0.008125,0.0,0.0,0,16,0,0,-0.0009866207838058472,104.96292114257812,1.3836592435836792,0.0006378018297255039,0.0,0.27751556038856506
353,full_ca_hmappo,1,0.48057916603738704,134,0.1775,0.0,0.0,0,272,0,0,-0.0003979373723268509,51.26160430908203,1.3636598587036133,0.0007661189883947372,0.0,0.2852689027786255
354,full_ca_hmappo,1,0.3835007000998303,134,0.2025,0.0,0.0,0,528,0,0,-0.012561104260385036,3.0337986946105957,1.3871161937713623,0.0005383884417824447,0.0,0.27180689573287964
355,full_ca_hmappo,1,0.40634744329599926,134,0.2675,0.0,0.0,0,784,0,0,-0.014436065219342709,2.819953680038452,1.4007800817489624,0.007951258681714535,0.0013020833721384406,0.26727086305618286
356,full_ca_hmappo,1,0.3134286710694596,135,0.051875,0.0,0.0,0,40,0,0,-0.0034834134858101606,54.99107360839844,1.3938064575195312,0.009086068719625473,0.0,0.2745881676673889
357,full_ca_hmappo,1,0.952370245822749,135,0.423125,0.0,0.375,0,296,0,0,0.003622333286330104,113.89231872558594,1.3548777103424072,-9.893409151118249e-05,0.0,0.2948574423789978
358,full_ca_hmappo,1,0.5869225356714196,135,0.545,0.0,0.375,0,552,0,0,0.0021817469969391823,12.808721542358398,1.409763216972351,0.001680284272879362,0.0,0.2717324495315552
359,full_ca_hmappo,1,0.37334329404075106,135,0.595625,0.0,0.375,0,808,0,0,-0.0033468413166701794,3.042351722717285,1.4100635051727295,0.0018837772076949477,0.0,0.27352261543273926
360,full_ca_hmappo,1,0.9359346842775267,136,0.089375,0.0,0.25,0,64,0,0,-0.00011691699910443276,289.310546875,1.3819655179977417,-0.0009510185336694121,0.0,0.2862679660320282
361,full_ca_hmappo,1,0.6476946190741728,136,0.4175,0.0,0.625,0,320,0,0,-0.0006919469451531768,27.74320411682129,1.3806426525115967,0.0006664583343081176,0.0,0.27302926778793335
362,full_ca_hmappo,1,0.3575977183222676,136,0.51,0.0,0.625,0,576,0,0,-0.003331606276333332,2.0787506103515625,1.419883131980896,-0.0020335097797214985,0.0,0.2611108720302582
363,full_ca_hmappo,1,0.5818047511984332,137,0.1525,0.0,0.0,0,188,0,0,-0.0002974805829580873,266.82391357421875,1.3848583698272705,-0.0008588448981754482,0.0,0.27690958976745605
364,full_ca_hmappo,1,0.6762995908002267,137,0.298125,0.0,0.25,0,444,0,0,0.00041060708463191986,143.65591430664062,1.3756682872772217,-0.0006171547574922442,0.0,0.2834349274635315
365,full_ca_hmappo,1,0.3674275716402917,137,0.32625,0.0,0.25,0,700,0,0,-0.0012813173234462738,2.9553353786468506,1.4203927516937256,-0.00015294179320335388,0.0,0.26404690742492676
366,full_ca_hmappo,1,0.31967007562343497,137,0.33,0.0,0.25,0,956,0,0,0.0003995578736066818,4.441505432128906,1.3954732418060303,8.507492020726204e-05,0.0,0.2726345658302307
367,full_ca_hmappo,1,0.7537316984523841,138,0.159375,0.0,0.125,0,212,0,0,2.845128437911626e-05,159.56411743164062,1.3798027038574219,-6.0614820540649816e-05,0.0,0.2802915573120117
368,full_ca_hmappo,1,0.9236899840661863,139,0.353125,0.0,0.5,0,186,0,0,0.00010576689237495884,346.76959228515625,1.3432490825653076,-0.00027379835955798626,0.0,0.29218459129333496
369,full_ca_hmappo,1,0.7377496330060467,139,0.464375,0.125,0.75,0,442,0,0,9.326264262199402e-05,53.66318893432617,1.419193983078003,-6.591062992811203e-05,0.0,0.26577264070510864
370,full_ca_hmappo,1,0.41317200449793745,139,0.59,0.125,0.75,0,698,0,0,-0.001009871601127088,3.8654682636260986,1.43474280834198,7.984787225723267e-05,0.0,0.2586170732975006
371,full_ca_hmappo,1,0.31882686953190387,139,0.608125,0.125,0.875,0,954,0,0,-0.0025389096699655056,3.5616025924682617,1.4343351125717163,0.0014196195406839252,0.0,0.26051920652389526
372,full_ca_hmappo,1,0.808580941917171,140,0.234375,0.0,0.25,0,210,0,0,-0.0005622211610898376,184.86351013183594,1.3373076915740967,0.0007861863705329597,0.0,0.29524514079093933
373,full_ca_hmappo,1,0.3641730380863919,143,0.15,0.0,0.125,0,111,0,0,0.0002872025070246309,650.9368896484375,1.3453048467636108,-0.00017576300888322294,0.0,0.29141828417778015
374,full_ca_hmappo,1,0.8000251524686064,143,0.451875,0.0,0.75,0,367,0,0,-2.401198071311228e-05,82.79443359375,1.4034947156906128,-0.00016368522483389825,0.0,0.26945334672927856
375,full_ca_hmappo,1,0.30090865476449835,143,0.484375,0.0,0.75,0,623,0,0,-0.001217026263475418,3.0549938678741455,1.43418288230896,0.00029040471417829394,0.0,0.26301389932632446
376,full_ca_hmappo,1,0.35935669254831737,143,0.5225,0.0,0.75,0,879,0,0,-0.005541640799492598,3.650968074798584,1.4120115041732788,0.0011374074965715408,0.0,0.25953730940818787
377,full_ca_hmappo,1,0.8818676815083677,144,0.13625,0.0,0.375,0,135,0,0,-0.0018757818033918738,108.3861312866211,1.3776230812072754,-0.0034094376023858786,0.0,0.280864417552948
378,full_ca_hmappo,1,0.4455360200627183,144,0.286875,0.0,0.5,0,391,0,0,0.00040205754339694977,6.132378578186035,1.4308738708496094,0.001915204687975347,0.0,0.2566673457622528
379,full_ca_hmappo,1,0.2955427273634541,144,0.29375,0.0,0.5,0,647,0,0,-0.0003819465637207031,3.227135181427002,1.4331345558166504,0.00022700584668200463,0.0,0.2592355012893677
380,full_ca_hmappo,1,0.32263732981300564,144,0.32625,0.0,0.5,0,903,0,0,-0.0018402773421257734,3.34177827835083,1.439867377281189,0.001176150399260223,0.0,0.25703567266464233
381,full_ca_hmappo,1,0.32327522766536276,145,0.23125,0.0,0.0,0,159,0,0,-0.0012196439784020185,58.38822555541992,1.3493366241455078,-8.505994628649205e-05,0.0,0.2937236428260803
382,full_ca_hmappo,1,1.1538364052148609,145,0.528125,0.0,0.25,0,415,0,0,-0.00021050311625003815,174.05636596679688,1.2924153804779053,-0.00044206049642525613,0.0,0.3391653001308441
383,full_ca_hmappo,1,0.6401205559077425,145,0.6425,0.0,0.625,0,671,0,0,-0.0003774970246013254,53.8922233581543,1.3970305919647217,-0.0001447464746888727,0.0,0.27583813667297363
384,full_ca_hmappo,1,0.4009995892192819,145,0.663125,0.0,0.625,0,927,0,0,-0.004664595238864422,3.090728282928467,1.4237737655639648,-0.0005000552046112716,0.0,0.2599540948867798
385,full_ca_hmappo,1,0.5101393643374195,146,0.14875,0.0,0.0,0,183,0,0,0.0004623532295227051,122.20513916015625,1.3665320873260498,0.005371199920773506,0.0,0.2802903652191162
386,full_ca_hmappo,1,0.719700065546931,146,0.27875,0.0,0.25,0,439,0,0,0.00041728001087903976,82.70474243164062,1.3710429668426514,-0.0022058761678636074,0.0,0.284982293844223
387,full_ca_hmappo,1,0.4209775231211097,146,0.438125,0.0,0.375,0,695,0,0,-0.0029545272700488567,6.454031944274902,1.4259772300720215,-0.001237185555510223,0.0,0.264473021030426
388,full_ca_hmappo,1,0.3328988070111336,146,0.4625,0.0,0.375,0,951,0,0,0.0017560496926307678,2.9814066886901855,1.456017017364502,0.0013581131352111697,0.0,0.2574236989021301
389,full_ca_hmappo,1,0.4615570156556714,147,0.193125,0.0,0.125,0,207,0,0,-0.0001958788780029863,79.775146484375,1.4005353450775146,0.0003563168866094202,0.0,0.2755909264087677
390,full_ca_hmappo,1,0.7803302496904507,147,0.40125,0.0,0.25,0,463,0,0,-0.00011268910020589828,53.65985107421875,1.371356725692749,0.0001375703141093254,0.0,0.28545722365379333
391,full_ca_hmappo,1,0.3964476031396771,147,0.53,0.0,0.5,0,719,0,0,-0.0025939482729882,10.54235553741455,1.4487292766571045,0.0018264994723722339,0.0,0.25233814120292664
392,full_ca_hmappo,1,0.3468054284367099,147,0.56375,0.0,0.5,0,975,0,0,-0.00368030508980155,3.0329954624176025,1.4464645385742188,0.0018121710745617747,0.0,0.258022665977478
393,full_ca_hmappo,1,0.05978923507791478,149,0.166875,0.0,0.0,0,195,0,0,-0.0014188023051247,313.6617126464844,1.3822567462921143,0.00116009172052145,0.0,0.2760017514228821
394,full_ca_hmappo,1,-0.07796253170454293,151,0.04,0.0,0.0,0,41,0,0,-0.0005795086617581546,429.7569580078125,1.3403570652008057,-0.0003049345104955137,0.0,0.3028779923915863
395,full_ca_hmappo,1,0.913378498299835,151,0.29375,0.0,0.375,0,297,0,0,0.00015250346041284502,102.61497497558594,1.3795762062072754,-4.532583989202976e-05,0.0,0.2852115035057068
396,full_ca_hmappo,1,0.4499640391813955,151,0.340625,0.0,0.375,0,553,0,0,2.711080014705658e-05,6.8722662925720215,1.4382514953613281,0.00033549172803759575,0.0,0.257000207901001
397,full_ca_hmappo,1,0.4708960931347974,151,0.430625,0.0,0.5,0,809,0,0,-0.0011945522855967283,4.72743558883667,1.4469380378723145,4.022025314043276e-05,0.0,0.25389760732650757
398,full_ca_hmappo,1,0.4671547533877174,152,0.0725,0.0,0.125,0,65,0,0,0.00011207039642613381,121.02437591552734,1.4426960945129395,-0.0008175572147592902,0.0,0.2565876543521881
399,full_ca_hmappo,1,0.5905262711639807,152,0.28125,0.0,0.375,0,321,0,0,-0.00043606385588645935,117.49276733398438,1.4178107976913452,-3.199869388481602e-05,0.0,0.26007455587387085
400,full_ca_hmappo,1,0.5010923247682513,152,0.46625,0.0,0.375,0,577,0,0,-0.0006649320712313056,7.3307366371154785,1.4535964727401733,-0.00014453739277087152,0.0,0.24955153465270996
401,full_ca_hmappo,1,0.4755836445146997,152,0.54,0.0,0.375,0,833,0,0,-0.0019942275248467922,7.895422458648682,1.4434975385665894,0.0002374132163822651,0.0,0.24845819175243378
402,full_ca_hmappo,1,0.8758403270239796,153,0.070625,0.0,0.375,0,89,0,0,0.00018630674458108842,243.32086181640625,1.4363462924957275,0.00037337251706048846,0.0,0.2562063932418823
403,full_ca_hmappo,1,0.6931426365918014,154,0.251875,0.0,0.25,0,222,0,0,0.00014190780348144472,328.031982421875,1.3788503408432007,-0.0001374065614072606,0.0,0.28107786178588867
404,full_ca_hmappo,1,0.4283288055776211,154,0.32875,0.0,0.375,0,478,0,0,-0.004330110736191273,7.784467697143555,1.448675513267517,-6.049250714568188e-06,0.0,0.24874460697174072
405,full_ca_hmappo,1,0.42547029326897245,154,0.531875,0.0,0.375,0,734,0,0,-0.0019238058011978865,8.753541946411133,1.448829174041748,0.007144956849515438,0.0,0.24493210017681122
406,full_ca_hmappo,1,0.31485322082517087,154,0.5325,0.0,0.375,0,990,0,0,0.007154399529099464,4.115845203399658,1.4342683553695679,-0.0012210452696308494,0.0,0.25747784972190857
407,full_ca_hmappo,1,0.11521759495371953,155,0.1675,0.0,0.0,0,246,0,0,-0.0013974837493151426,62.954856872558594,1.3830846548080444,-8.783148223301396e-05,0.0,0.28210416436195374
408,full_ca_hmappo,1,1.0544125227208383,155,0.43375,0.0,0.25,0,502,0,0,-0.0004956176271662116,131.9545440673828,1.3398841619491577,-0.0013842855114489794,0.0,0.30832481384277344
409,full_ca_hmappo,1,0.6257385815056296,155,0.676875,0.0,0.625,0,758,0,0,0.000460037961602211,20.079456329345703,1.4490485191345215,0.00014732700947206467,0.0,0.2525598406791687
410,full_ca_hmappo,1,0.6188607524140934,156,0.0325,0.0,0.125,0,14,0,0,-0.0011095218360424042,113.5802001953125,1.4388844966888428,-8.582913869759068e-05,0.0,0.2551785409450531
411,full_ca_hmappo,1,0.4807490974826578,156,0.23,0.125,0.125,0,270,0,0,-0.0010116895427927375,46.18858337402344,1.3884532451629639,-9.580531332176179e-05,0.0,0.27845510840415955
412,full_ca_hmappo,1,0.9320339596500844,157,0.323125,0.0,0.25,0,251,0,0,0.0004155015049036592,355.1909484863281,1.33391273021698,0.00047138117952272296,0.0,0.3107052445411682
413,full_ca_hmappo,1,0.3356377030168005,157,0.350625,0.0,0.375,0,507,0,0,-0.002650418784469366,5.330645561218262,1.435052752494812,0.000609378213994205,0.0,0.25778019428253174
414,full_ca_hmappo,1,0.47730301942283404,157,0.5125,0.0,0.75,0,763,0,0,-0.0010380928870290518,18.91374969482422,1.4374568462371826,-0.00032047004788182676,0.0,0.25218603014945984
415,full_ca_hmappo,1,0.3522066185505537,158,0.039375,0.0,0.0,0,19,0,0,-0.0007652668282389641,54.66084289550781,1.4240926504135132,-0.0005878235097043216,0.0,0.268765389919281
416,full_ca_hmappo,1,0.5780988529750175,158,0.16125,0.0,0.0,0,275,0,0,-9.227047848980874e-05,148.14215087890625,1.3826987743377686,-0.00019143926328979433,0.0,0.2810036540031433
417,full_ca_hmappo,1,0.6472826623403307,158,0.36875,0.0,0.375,0,531,0,0,-0.0005474891513586044,80.70018005371094,1.3783061504364014,-0.0002527451142668724,0.0,0.286775678396225
418,full_ca_hmappo,1,0.35637992840429433,158,0.38875,0.0,0.375,0,787,0,0,-0.003970698919147253,3.0778591632843018,1.4475059509277344,0.0009200590429827571,0.0,0.2570330500602722
419,full_ca_hmappo,1,0.9028523813772154,159,0.073125,0.0,0.25,0,43,0,0,-0.0008981550927273929,321.31500244140625,1.4058151245117188,-0.0010964003158733249,0.0,0.2657088041305542
420,full_ca_hmappo,1,0.5716172452412138,159,0.28125,0.0,0.25,0,299,0,0,0.0008198957657441497,23.19765853881836,1.4007976055145264,-0.0005784073728136718,0.0,0.26492196321487427
421,full_ca_hmappo,1,0.3305737496502843,159,0.334375,0.0,0.25,0,555,0,0,-0.003330914070829749,7.559357643127441,1.424056053161621,0.0015633682487532496,0.0,0.26219502091407776
422,full_ca_hmappo,1,0.3504767050562805,159,0.438125,0.0,0.25,0,811,0,0,-0.0016831401735544205,16.667335510253906,1.425467848777771,0.002079924801364541,0.0,0.2600066661834717
423,full_ca_hmappo,1,0.4341515860178333,161,0.045,0.0,0.125,0,28,0,0,0.001385824172757566,330.548583984375,1.3961800336837769,0.00039474357618018985,0.0,0.2669520676136017
424,full_ca_hmappo,1,0.6681514179740589,161,0.200625,0.0,0.375,0,284,0,0,-0.0005559530109167099,77.47300720214844,1.4025428295135498,7.488190749427304e-05,0.0,0.27230048179626465
425,full_ca_hmappo,1,0.5363584563815493,161,0.45875,0.0,0.5,0,540,0,0,-0.0007096495246514678,18.427223205566406,1.4321801662445068,0.0007277418626472354,0.0,0.2552219033241272
426,full_ca_hmappo,1,0.4853934786683567,161,0.61,0.0,0.625,0,796,0,0,-0.0014754778239876032,8.218474388122559,1.4403760433197021,-0.0003032134845852852,0.0,0.25874555110931396
427,full_ca_hmappo,1,0.4318167729761626,162,0.09875,0.0,0.0,0,52,0,0,-0.00086115428712219,83.62384033203125,1.4266513586044312,-0.0004486528632696718,0.0,0.25830650329589844
428,full_ca_hmappo,1,0.7819417283692474,162,0.333125,0.0,0.25,0,308,0,0,-0.0008712830021977425,89.174072265625,1.3824434280395508,0.0006038857391104102,0.0,0.2825629711151123
429,full_ca_hmappo,1,0.6847274937972543,162,0.546875,0.0,0.25,0,564,0,0,0.0005941428244113922,26.32408905029297,1.422247290611267,0.0003140728804282844,0.0,0.26772233843803406
430,full_ca_hmappo,1,0.39633937149119447,162,0.591875,0.0,0.25,0,820,0,0,-0.010729162022471428,3.7192206382751465,1.427681803703308,0.0031984616070985794,0.10546875,0.25518202781677246
431,full_ca_hmappo,1,0.9009375551914331,163,0.146875,0.0,0.375,0,76,0,0,0.007142695598304272,166.59898376464844,1.3905962705612183,0.0007158605149015784,0.0,0.27188318967819214
432,full_ca_hmappo,1,0.7114870940488345,163,0.343125,0.0,0.5,0,332,0,0,0.0007771707023493946,34.88307189941406,1.3601694107055664,0.0024285465478897095,0.0,0.28712448477745056
433,full_ca_hmappo,1,0.3530840146072478,163,0.37,0.0,0.5,0,588,0,0,-0.0008606290211901069,3.104921340942383,1.3864768743515015,0.0029607692267745733,0.0,0.27159520983695984
434,full_ca_hmappo,1,0.353744322482882,163,0.424375,0.0,0.5,0,844,0,0,-0.00390992034226656,3.4182915687561035,1.414646029472351,0.0009947672951966524,0.0,0.267302930355072
435,full_ca_hmappo,1,0.5142497118504252,164,0.09625,0.0,0.0,0,100,0,0,-0.0001969554868992418,126.86117553710938,1.3578908443450928,0.0016377278370782733,0.0,0.2891327142715454
436,full_ca_hmappo,1,0.13129056987236254,164,0.185625,0.0,0.0,0,356,0,0,-9.541958570480347e-05,14.392494201660156,1.371283769607544,-0.001639884663745761,0.0,0.2883448302745819
437,full_ca_hmappo,1,0.7099282167164347,164,0.363125,0.0,0.375,0,612,0,0,-0.00048367990530095994,107.59429168701172,1.3429057598114014,-0.00013015870354138315,0.0,0.30154579877853394
438,full_ca_hmappo,1,0.4464417529620732,164,0.403125,0.0,0.625,0,868,0,0,-0.0006075203418731689,10.640783309936523,1.3778691291809082,0.00032000415376387537,0.0,0.27722346782684326
439,full_ca_hmappo,1,0.8156717752763143,165,0.204375,0.0,0.25,0,124,0,0,-0.000621094077359885,184.50994873046875,1.3610167503356934,0.0004556452331598848,0.0,0.28955549001693726
440,full_ca_hmappo,1,0.6078093475589412,166,0.159375,0.0,0.125,0,118,0,0,-0.0004675053060054779,248.98025512695312,1.3493804931640625,-0.00027076699188910425,0.0,0.2922404408454895
441,full_ca_hmappo,1,0.7000142238098306,166,0.32,0.0,0.375,0,374,0,0,3.477931022644043e-05,71.25668334960938,1.3719632625579834,-0.0005182934692129493,0.0,0.2925799489021301
442,full_ca_hmappo,1,0.48711478930817975,167,0.094375,0.0,0.25,0,91,0,0,-0.00012883699673693627,297.22454833984375,1.3495690822601318,9.874580428004265e-05,0.0,0.2918723225593567
443,full_ca_hmappo,1,0.24699414449423784,168,0.195,0.0,0.0,0,235,0,0,3.837297481368296e-05,188.1262664794922,1.3400304317474365,-8.411768067162484e-05,0.0,0.3043063282966614
444,full_ca_hmappo,1,0.47742341020966705,168,0.228125,0.0,0.0,0,491,0,0,-0.00015352356422226876,61.30900573730469,1.363851547241211,-0.00010030227713286877,0.0,0.28293654322624207
445,full_ca_hmappo,1,1.1288798123496235,169,0.28625,0.0,0.25,0,151,0,0,1.0376175850979052e-05,219.83799743652344,1.3060487508773804,9.995311120292172e-05,0.0,0.32532840967178345
446,full_ca_hmappo,1,0.772779160995924,169,0.503125,0.0,0.625,0,407,0,0,-8.092261850833893e-06,61.68586349487305,1.3437789678573608,-2.8314845621935092e-05,0.0,0.29567915201187134
447,full_ca_hmappo,1,0.270075113983097,169,0.52125,0.0,0.625,0,663,0,0,-0.0004697789845522493,5.14993143081665,1.3885148763656616,-0.00012233915913384408,0.0,0.2789911925792694
448,full_ca_hmappo,1,0.3293701932698241,169,0.53375,0.0,0.625,0,919,0,0,-0.0126900440081954,13.144547462463379,1.3578243255615234,0.0015711626037955284,0.0,0.2844727337360382
449,full_ca_hmappo,1,0.8133556061693525,170,0.241875,0.0,0.375,0,175,0,0,-0.004060147795826197,224.04669189453125,1.2803714275360107,-0.0007572518661618233,0.0013020833721384406,0.3262391686439514
450,full_ca_hmappo,1,0.748861455934275,170,0.479375,0.0,0.625,0,431,0,0,0.0009488178184255958,41.20406723022461,1.3740772008895874,0.0018707409035414457,0.0,0.2820173501968384
451,full_ca_hmappo,1,0.3944552573113924,170,0.51125,0.0,0.625,0,687,0,0,-0.009231191128492355,2.5823075771331787,1.3505172729492188,0.00495828315615654,0.0,0.28558868169784546
452,full_ca_hmappo,1,0.3679817881229326,170,0.514375,0.0,0.625,0,943,0,0,-0.008338900282979012,3.674504280090332,1.3335237503051758,0.007635190151631832,0.0546875,0.3022918701171875
453,full_ca_hmappo,1,-0.03948396873965976,173,0.109375,0.0,0.0,0,59,0,0,0.000737986876629293,550.938232421875,1.192083477973938,0.0013524190289899707,0.0,0.36295437812805176
454,full_ca_hmappo,1,0.7297402969675204,173,0.356875,0.0,0.375,0,315,0,0,0.001039823517203331,121.37130737304688,1.2780256271362305,0.001092811580747366,0.0,0.3241223692893982
455,full_ca_hmappo,1,0.4733625598164508,173,0.468125,0.0,0.5,0,571,0,0,0.003322711680084467,5.692850112915039,1.32904052734375,0.001148622832261026,0.0,0.3036871552467346
456,full_ca_hmappo,1,0.36511735744807083,173,0.485625,0.0,0.5,0,827,0,0,-0.01287917047739029,4.673422813415527,1.3739185333251953,0.006010524928569794,0.0,0.2814761996269226
457,full_ca_hmappo,1,0.7214218639946921,174,0.1625,0.0,0.25,0,83,0,0,-0.003920722287148237,224.14910888671875,1.262466311454773,0.0030702806543558836,0.0,0.3450271487236023
458,full_ca_hmappo,1,0.7254923466625769,174,0.42375,0.0,0.5,0,339,0,0,-0.0016375407576560974,57.81568145751953,1.286383032798767,0.001719178631901741,0.0,0.3315797746181488
459,full_ca_hmappo,1,0.490542946689402,174,0.4575,0.125,0.5,0,595,0,0,0.0007975117187015712,25.8931884765625,1.3195370435714722,0.00043359104893170297,0.0,0.3041442632675171
460,full_ca_hmappo,1,0.42397176325539476,174,0.6,0.125,0.5,0,851,0,0,-0.0016079535707831383,5.502645492553711,1.329663872718811,-0.0010286597535014153,0.0,0.291700541973114
461,full_ca_hmappo,1,0.5160645315518195,175,0.209375,0.0,0.125,0,107,0,0,-0.0007181428372859955,82.61766052246094,1.270093321800232,0.00040330723277293146,0.0,0.33094850182533264
462,full_ca_hmappo,1,0.5554630482165521,175,0.4675,0.0,0.25,0,363,0,0,0.00022458750754594803,18.61656951904297,1.2671860456466675,0.0005764922825619578,0.0,0.33068713545799255
463,full_ca_hmappo,1,0.5826794272261395,175,0.62875,0.0,0.375,0,619,0,0,-0.0016917053144425154,18.521940231323242,1.314773440361023,0.0004287976771593094,0.0,0.30649805068969727
464,full_ca_hmappo,1,0.39011827702597657,175,0.69625,0.0,0.375,0,875,0,0,-0.004632183816283941,2.9447364807128906,1.3517693281173706,-0.0011036632349714637,0.0,0.2924878001213074
465,full_ca_hmappo,1,0.4896424110740263,176,0.16,0.0,0.125,0,131,0,0,-0.002481352537870407,61.38373565673828,1.3166736364364624,0.0007745322654955089,0.0,0.30578020215034485
466,full_ca_hmappo,1,0.5795558840084993,176,0.26,0.0,0.25,0,387,0,0,-0.0015604104846715927,29.004634857177734,1.2748584747314453,0.0004094364121556282,0.0,0.32100629806518555
467,full_ca_hmappo,1,0.44584308866615174,176,0.28,0.0,0.25,0,643,0,0,-0.005937377922236919,2.3669281005859375,1.275801181793213,-0.00032378797186538577,0.0,0.3342459201812744
468,full_ca_hmappo,1,0.4015878475693171,176,0.29,0.0,0.25,0,899,0,0,-0.008382612839341164,4.453551292419434,1.261911392211914,-0.001191153540275991,0.0,0.33073943853378296
469,full_ca_hmappo,1,0.8081848835245182,177,0.325,0.0,0.375,0,155,0,0,-0.00018958809960167855,149.41845703125,1.1889036893844604,-0.001339600421488285,0.0299479179084301,0.36567944288253784
470,full_ca_hmappo,1,0.8175675112397585,177,0.560625,0.0,0.75,0,411,0,0,0.0032841376960277557,77.49928283691406,1.292007327079773,0.004657707642763853,0.0,0.3187665343284607
471,full_ca_hmappo,1,0.44686743946431307,177,0.605,0.0,0.75,0,667,0,0,0.001899639144539833,7.188636779785156,1.2910780906677246,0.0003644716925919056,0.0,0.3021737337112427
472,full_ca_hmappo,1,0.5697673099739404,177,0.72375,0.0,0.875,0,923,0,0,-0.0006362888962030411,10.193351745605469,1.2923851013183594,0.0008334332960657775,0.0,0.3163379430770874
473,full_ca_hmappo,1,0.42020748091272253,178,0.153125,0.0,0.0,0,179,0,0,-0.00027419067919254303,121.59588623046875,1.1822068691253662,-0.000331576622556895,0.0,0.3727388381958008
474,full_ca_hmappo,1,0.10400942516571376,178,0.22375,0.0,0.0,0,435,0,0,-0.0011423391988500953,27.894454956054688,1.2453186511993408,-0.000323031737934798,0.0,0.32924336194992065
475,full_ca_hmappo,1,0.2816205399485625,178,0.26125,0.0,0.0,0,691,0,0,-0.00018694128084462136,38.71080780029297,1.2556771039962769,0.0002719927579164505,0.0,0.3205002546310425
476,full_ca_hmappo,1,0.3274901618015065,178,0.30375,0.0,0.0,0,947,0,0,-0.0010944701498374343,5.13069486618042,1.2314956188201904,0.00040419696597382426,0.0,0.33596271276474
477,full_ca_hmappo,1,0.9722223865956039,179,0.289375,0.0,0.5,0,203,0,0,0.0006957011064514518,244.9198760986328,1.205574870109558,-0.000540007371455431,0.0,0.36636659502983093
478,full_ca_hmappo,1,0.5909619637741343,179,0.455625,0.0,0.75,0,459,0,0,-0.00207132613286376,19.401737213134766,1.2715742588043213,0.0006283841794356704,0.0,0.32543885707855225
479,full_ca_hmappo,1,0.5114583896411204,179,0.55375,0.0,0.875,0,715,0,0,-0.0015534231206402183,6.994585037231445,1.2882436513900757,0.000244487397139892,0.0,0.31985530257225037
480,full_ca_hmappo,1,0.4325712749341619,179,0.61,0.0,0.875,0,971,0,0,-0.004335980396717787,6.471255302429199,1.2914965152740479,0.0008549207705073059,0.0,0.3157670497894287
481,full_ca_hmappo,1,0.6877890833457059,180,0.33125,0.0,0.25,0,227,0,0,-0.0007643027929589152,167.43968200683594,1.1665914058685303,0.0033950028009712696,0.0,0.372612327337265
482,full_ca_hmappo,1,0.7904149933419831,180,0.465625,0.0,0.5,0,483,0,0,-9.790311742108315e-05,41.608642578125,1.2482085227966309,0.0008720147307030857,0.0,0.33616042137145996
483,full_ca_hmappo,1,0.3610788408823282,180,0.4675,0.0,0.5,0,739,0,0,-0.006833698134869337,1.2046517133712769,1.2192432880401611,0.0021760095842182636,0.0,0.35671743750572205
484,full_ca_hmappo,1,0.30291625357131124,180,0.4675,0.0,0.5,0,995,0,0,-0.0005463216220960021,3.1361889839172363,1.20798921585083,0.004772365093231201,0.0,0.35427039861679077
485,full_ca_hmappo,1,0.9307922035968659,181,0.316875,0.0,0.25,0,251,0,0,0.0005471191252581775,227.55862426757812,1.2369678020477295,0.0004847263917326927,0.0,0.3420698642730713
486,full_ca_hmappo,1,0.4304769816603766,181,0.404375,0.0,0.375,0,507,0,0,0.0001299278810620308,5.508238792419434,1.3095660209655762,0.00020494421187322587,0.0,0.3055535554885864
487,full_ca_hmappo,1,0.5031688488052168,181,0.4525,0.0,0.375,0,763,0,0,-5.634998524328694e-05,18.585081100463867,1.2904852628707886,-0.0006558216991834342,0.0,0.31372955441474915
488,full_ca_hmappo,1,0.4253993538695795,182,0.041875,0.0,0.0,0,19,0,0,-1.998556217586156e-05,45.07707977294922,1.2354614734649658,-0.00013890009722672403,0.0,0.34576815366744995
489,full_ca_hmappo,1,0.9543030804597947,182,0.2625,0.0,0.25,0,275,0,0,-0.00011879019439220428,245.49542236328125,1.2455999851226807,-0.00012652995064854622,0.0,0.34418684244155884
490,full_ca_hmappo,1,0.35262719728325465,182,0.32,0.0,0.25,0,531,0,0,-0.0019890114199370146,4.060566425323486,1.3114336729049683,0.0005685344222001731,0.0,0.3161640763282776
491,full_ca_hmappo,1,0.5667506201552897,182,0.424375,0.0,0.5,0,787,0,0,-0.0009316575597040355,37.08158874511719,1.3158955574035645,0.0011522973654791713,0.0,0.31655991077423096
492,full_ca_hmappo,1,0.509021779995237,183,0.09,0.0,0.0,0,43,0,0,-0.00036101852310821414,44.815792083740234,1.2787549495697021,0.0012694637989625335,0.0,0.31166747212409973
493,full_ca_hmappo,1,1.1126560752163641,183,0.4275,0.0,0.5,0,299,0,0,-0.00018789060413837433,152.81069946289062,1.2513583898544312,0.00010084128007292747,0.0,0.34146127104759216
494,full_ca_hmappo,1,0.3078562567179688,183,0.494375,0.0,0.5,0,555,0,0,-0.0005628985236398876,7.5404863357543945,1.3013279438018799,-0.0005169687792658806,0.0,0.306695818901062
495,full_ca_hmappo,1,0.414674419052659,183,0.504375,0.125,0.5,0,811,0,0,-0.0017455860506743193,28.132427215576172,1.3082810640335083,0.0010045815724879503,0.0,0.32029497623443604
496,full_ca_hmappo,1,0.5934153223579415,184,0.15,0.0,0.25,0,67,0,0,0.00019799421716015786,90.34799194335938,1.2632731199264526,-0.00031079500331543386,0.0,0.3308689296245575
497,full_ca_hmappo,1,0.8334659635902426,184,0.455625,0.0,0.75,0,323,0,0,-0.0006063158507458866,67.87351989746094,1.2922706604003906,1.8850978449336253e-05,0.0,0.32193100452423096
498,full_ca_hmappo,1,0.39800891951563244,184,0.570625,0.0,0.75,0,579,0,0,-0.014033416286110878,6.353259086608887,1.3487317562103271,0.004980592057108879,0.0,0.29687362909317017
499,full_ca_hmappo,1,0.3153878423872811,184,0.58625,0.0,0.75,0,835,0,0,-0.01486988365650177,3.201870918273926,1.3144652843475342,0.0009776413207873702,0.078125,0.3086300194263458
500,full_ca_hmappo,1,0.7101460851990851,185,0.128125,0.0,0.0,0,91,0,0,0.004880495369434357,98.92144775390625,1.3068522214889526,0.006104351487010717,0.0,0.30865734815597534
501,full_ca_hmappo,1,0.27606432420236615,185,0.200625,0.0,0.0,0,347,0,0,0.0034844335168600082,7.8153886795043945,1.2915394306182861,-0.0018375621875748038,0.0,0.3262036442756653
502,full_ca_hmappo,1,0.16858597999726044,185,0.245,0.0,0.0,0,603,0,0,0.0010859600733965635,6.621424674987793,1.2930479049682617,0.0015940325101837516,0.0,0.3310762643814087
503,full_ca_hmappo,1,0.699154594585707,185,0.303125,0.0,0.25,0,859,0,0,-7.850676774978638e-05,64.733642578125,1.2777950763702393,-9.677791967988014e-05,0.0,0.33619552850723267
504,full_ca_hmappo,1,0.28136379545867385,186,0.055625,0.0,0.0,0,115,0,0,-6.573896098416299e-05,35.10504150390625,1.1844139099121094,0.0006078613223508,0.0,0.38482964038848877
505,full_ca_hmappo,1,0.7957107093552622,186,0.394375,0.0,0.25,0,371,0,0,0.000375193078070879,141.73345947265625,1.131447672843933,0.0003086118958890438,0.0,0.420148104429245
506,full_ca_hmappo,1,0.6537533381015237,186,0.623125,0.0,0.375,0,627,0,0,-0.00017447894788347185,19.850296020507812,1.267288088798523,-0.00016052601858973503,0.0,0.3346543312072754
507,full_ca_hmappo,1,0.46631206807523995,186,0.66375,0.0,0.5,0,883,0,0,-0.0003586455131880939,13.881567001342773,1.2660093307495117,-4.270595309208147e-05,0.0,0.3389819860458374
508,full_ca_hmappo,1,0.767569512645423,187,0.228125,0.0,0.375,0,139,0,0,-0.00017353706061840057,138.73570251464844,1.2256441116333008,0.00019176793284714222,0.0,0.36182254552841187
509,full_ca_hmappo,1,0.4685788471997512,187,0.295625,0.0,0.375,0,395,0,0,-0.003403735114261508,3.7293429374694824,1.3394006490707397,-0.00021020774147473276,0.0,0.30388668179512024
510,full_ca_hmappo,1,0.4117187347746949,187,0.33875,0.0,0.375,0,651,0,0,-0.02332429215312004,2.1312718391418457,1.2990778684616089,0.018481973558664322,0.2057291716337204,0.31026360392570496
511,full_ca_hmappo,1,0.5306931339928269,187,0.45875,0.0,0.5,0,907,0,0,-0.004026075359433889,17.584396362304688,1.2953507900238037,0.00872434675693512,0.0377604179084301,0.31140196323394775
512,full_ca_hmappo,1,0.945078385877423,188,0.274375,0.125,0.25,0,163,0,0,-0.0015912953531369567,221.0498504638672,1.226905345916748,0.006822038441896439,0.0,0.34386658668518066
513,full_ca_hmappo,1,0.8015559893101454,188,0.466875,0.125,0.625,0,419,0,0,-0.002380866091698408,80.90509796142578,1.26803719997406,0.0015405078884214163,0.0,0.33936166763305664
514,full_ca_hmappo,1,0.26374130078934854,188,0.518125,0.125,0.625,0,675,0,0,-0.0029167234897613525,4.060898303985596,1.3162108659744263,0.0007463484071195126,0.0,0.3082922101020813
515,full_ca_hmappo,1,0.2862333370962915,188,0.578125,0.125,0.625,0,931,0,0,-0.004298139363527298,3.359309673309326,1.3125596046447754,0.002457638969644904,0.0,0.31818753480911255
516,full_ca_hmappo,1,1.0797959719391201,189,0.198125,0.125,0.375,0,187,0,0,0.00037806760519742966,367.3373107910156,1.2903392314910889,-0.0005717363092117012,0.0,0.32494470477104187
517,full_ca_hmappo,1,0.5869902801429703,189,0.38875,0.125,0.625,0,443,0,0,0.0006478335708379745,13.998811721801758,1.3307108879089355,0.0007064305245876312,0.0,0.30990394949913025
518,full_ca_hmappo,1,0.5938034221447879,189,0.49125,0.125,0.875,0,699,0,0,0.00021595477301161736,14.138096809387207,1.3275208473205566,-0.00018231866124551743,0.0,0.30902695655822754
519,full_ca_hmappo,1,0.5970130349351166,189,0.665625,0.125,0.875,0,955,0,0,-0.00019528034317772835,10.35567569732666,1.341299057006836,0.0003424055757932365,0.0,0.30530649423599243
520,full_ca_hmappo,1,0.5067868622754759,191,0.164375,0.0,0.0,0,175,0,0,-5.514640361070633e-05,472.46881103515625,1.2643229961395264,-1.2056436389684677e-05,0.0,0.33474108576774597
521,full_ca_hmappo,1,0.35117041725152376,191,0.35375,0.0,0.125,0,431,0,0,-0.000244366645347327,13.790458679199219,1.2735999822616577,2.1837808162672445e-05,0.0,0.32757532596588135
522,full_ca_hmappo,1,0.4266857720625694,191,0.3875,0.0,0.25,0,687,0,0,-0.0008336616447195411,64.55359649658203,1.3011054992675781,-7.470371201634407e-05,0.0,0.3171263337135315
523,full_ca_hmappo,1,0.5099568798887049,191,0.529375,0.0,0.375,0,943,0,0,-0.0010400110622867942,12.346087455749512,1.3221625089645386,0.00037076231092214584,0.0,0.3098717927932739
524,full_ca_hmappo,1,0.8715090834230068,192,0.261875,0.0,0.5,0,199,0,0,-0.00010314770042896271,157.64700317382812,1.299391508102417,-9.522090840619057e-05,0.0,0.31004104018211365
525,full_ca_hmappo,1,0.6403262622575312,192,0.481875,0.0,0.875,0,455,0,0,-0.0006797140231356025,22.923131942749023,1.3008427619934082,0.00038586201844736934,0.0,0.31659919023513794
526,full_ca_hmappo,1,0.4152251881750999,192,0.506875,0.0,0.875,0,711,0,0,-0.001766858040355146,4.5333099365234375,1.2991209030151367,8.54878089739941e-05,0.0,0.3209279775619507
527,full_ca_hmappo,1,0.4981789151383964,192,0.62875,0.0,0.875,0,967,0,0,-0.003238105680793524,16.424549102783203,1.3236526250839233,0.0030774157494306564,0.0,0.3008345067501068
528,full_ca_hmappo,1,0.5032487174321432,193,0.2075,0.0,0.125,0,223,0,0,0.0009380082483403385,79.78944396972656,1.29225754737854,0.0003574801085051149,0.0,0.3275437355041504
529,full_ca_hmappo,1,0.6880644834336636,193,0.40125,0.0,0.25,0,479,0,0,-0.0007754952530376613,62.575408935546875,1.2985434532165527,0.0005675571737810969,0.0,0.3096892833709717
530,full_ca_hmappo,1,0.36417130054769586,193,0.418125,0.0,0.25,0,735,0,0,-0.0017316018929705024,5.930035591125488,1.3282908201217651,-0.00073284562677145,0.0,0.2990812063217163
531,full_ca_hmappo,1,0.40182377851260753,193,0.470625,0.0,0.375,0,991,0,0,-0.0006326629663817585,8.654108047485352,1.3423619270324707,-0.00012619949120562524,0.0,0.29554077982902527
532,full_ca_hmappo,1,0.9523791015444658,194,0.29125,0.0,0.25,0,247,0,0,0.0008169074426405132,303.0140686035156,1.274746298789978,-0.00044168144813738763,0.0,0.325209379196167
533,full_ca_hmappo,1,0.812111382906096,195,0.205,0.0,0.25,0,205,0,0,-0.00024099524307530373,358.85150146484375,1.2771505117416382,-0.0002022990956902504,0.0,0.3146054744720459
534,full_ca_hmappo,1,0.33329747770017093,195,0.213125,0.0,0.25,0,461,0,0,-0.001940462738275528,6.5106587409973145,1.3185021877288818,0.00023001697263680398,0.0,0.29999563097953796
535,full_ca_hmappo,1,0.3650683132791528,195,0.36625,0.0,0.25,0,717,0,0,-0.0009133747662417591,7.029336929321289,1.304439663887024,0.00032510951859876513,0.0,0.31019625067710876
536,full_ca_hmappo,1,0.397271915078818,195,0.466875,0.0,0.5,0,973,0,0,0.00032705318881198764,13.396162033081055,1.3199962377548218,-0.000493224710226059,0.0,0.29514798521995544
537,full_ca_hmappo,1,0.7303757138097353,196,0.1525,0.0,0.25,0,229,0,0,-0.0006759486859664321,176.13531494140625,1.2827372550964355,-4.3534208089113235e-05,0.0,0.3157036006450653
538,full_ca_hmappo,1,0.35196489078285254,196,0.25875,0.0,0.375,0,485,0,0,-0.0011964900186285377,9.902551651000977,1.2973346710205078,0.00045114182285033166,0.0,0.3161628842353821
539,full_ca_hmappo,1,0.9838543231762742,197,0.34125,0.0,0.625,0,247,0,0,0.00015307373541872948,394.2052307128906,1.271388292312622,-0.0006234244210645556,0.0,0.32503655552864075
540,full_ca_hmappo,1,0.2848343516006935,197,0.355,0.0,0.625,0,503,0,0,0.0006968310917727649,4.233275413513184,1.3179606199264526,-0.0005304908263497055,0.0,0.31253987550735474
541,full_ca_hmappo,1,0.4042370504430437,197,0.490625,0.0,0.875,0,759,0,0,-0.00042959488928318024,16.04766082763672,1.3200461864471436,0.00011676782742142677,0.0,0.3048696517944336
542,full_ca_hmappo,1,0.6030139851955028,198,0.03375,0.0,0.125,0,15,0,0,-0.0002567637711763382,71.76982116699219,1.345336675643921,-8.463812991976738e-05,0.0,0.29338499903678894
543,full_ca_hmappo,1,0.6143672936086659,198,0.261875,0.125,0.125,0,271,0,0,-0.00010835503780981526,89.44631958007812,1.3099865913391113,0.00019635679200291634,0.0,0.305747389793396
544,full_ca_hmappo,1,0.22077538604344227,198,0.286875,0.125,0.125,0,527,0,0,-0.00018431650823913515,17.395219802856445,1.3081259727478027,3.332986307214014e-05,0.0,0.3188239336013794
545,full_ca_hmappo,1,0.2920434392908646,198,0.45,0.125,0.25,0,783,0,0,-4.200078547000885e-05,13.540735244750977,1.3101330995559692,0.00020474071789067239,0.0,0.3203160762786865
546,full_ca_hmappo,1,0.27489497138594743,199,0.041875,0.0,0.0,0,39,0,0,-3.304767233203165e-05,56.887794494628906,1.3148365020751953,-0.00011528407776495442,0.0,0.29628685116767883
547,full_ca_hmappo,1,0.9363718840832007,199,0.243125,0.0,0.25,0,295,0,0,3.827735781669617e-06,128.33409118652344,1.2954308986663818,7.603410631418228e-05,0.0,0.31450289487838745
548,full_ca_hmappo,1,0.264451142775215,199,0.314375,0.0,0.25,0,551,0,0,-0.00019580312073230743,16.365617752075195,1.2736527919769287,7.841875776648521e-05,0.0,0.3335692286491394
549,full_ca_hmappo,1,0.4677240284981963,199,0.469375,0.0,0.625,0,807,0,0,-0.00017678490257821977,29.208232879638672,1.329524278640747,-3.467997157713398e-05,0.0,0.2986467778682709
550,full_ca_hmappo,1,0.6918280827972012,200,0.1675,0.0,0.25,0,238,0,0,-0.00016025516379158944,281.17596435546875,1.3125174045562744,-0.00010088257113238797,0.0,0.29771214723587036
551,full_ca_hmappo,1,0.28254667496094044,200,0.304375,0.0,0.375,0,494,0,0,-0.0007964090327732265,16.733783721923828,1.3060827255249023,0.00012814486399292946,0.0,0.30984359979629517
552,full_ca_hmappo,1,0.360940514217873,200,0.436875,0.0,0.375,0,750,0,0,-0.0005964351585134864,18.634292602539062,1.330758810043335,-0.00043372827349230647,0.0,0.29743286967277527
553,full_ca_hmappo,1,0.2860775691951858,201,0.011875,0.0,0.0,0,6,0,0,-9.469626093050465e-05,31.710166931152344,1.3183926343917847,-8.429726585745811e-05,0.0,0.30954432487487793
554,full_ca_hmappo,1,-0.1968464240344474,202,0.12625,0.0,0.0,0,247,0,0,4.301096123526804e-05,228.86819458007812,1.2590383291244507,-0.0001268172636628151,0.0,0.3337600827217102
555,full_ca_hmappo,1,0.5753449981420999,202,0.2475,0.0,0.125,0,503,0,0,-0.0002521357382647693,66.67787170410156,1.2078649997711182,0.000362241524271667,0.0,0.37763747572898865
556,full_ca_hmappo,1,0.6250497514884046,202,0.49,0.0,0.375,0,759,0,0,-0.00016209110617637634,28.637989044189453,1.3105533123016357,-0.00026240869192406535,0.0,0.31252527236938477
557,full_ca_hmappo,1,0.6611678548979398,203,0.0225,0.0,0.0,0,15,0,0,0.0001007886603474617,33.877159118652344,1.3307716846466064,-1.3426257282844745e-05,0.0,0.30666184425354004
558,full_ca_hmappo,1,0.018663539083718206,204,0.15125,0.0,0.125,0,138,0,0,-0.00016255304217338562,321.47772216796875,1.2380359172821045,-0.00023839289497118443,0.0,0.3513517379760742
559,full_ca_hmappo,1,1.055975730108912,204,0.466875,0.0,0.5,0,394,0,0,6.367142304952722e-06,164.8477020263672,1.2974175214767456,-2.6404703021398745e-05,0.0,0.31706953048706055
560,full_ca_hmappo,1,0.583367738963716,204,0.61,0.0,0.75,0,650,0,0,-0.0004797416622750461,8.231799125671387,1.337096929550171,-2.8057645522494568e-06,0.0,0.30671751499176025
561,full_ca_hmappo,1,0.41648665931643336,204,0.73625,0.0,0.875,0,906,0,0,-0.00026043009711429477,12.837928771972656,1.3419129848480225,-0.00013093014422338456,0.0,0.29815834760665894
562,full_ca_hmappo,1,0.7044181737094988,205,0.2,0.0,0.25,0,162,0,0,2.5736790121300146e-05,127.746826171875,1.2881734371185303,-4.255305975675583e-05,0.0,0.321138858795166
563,full_ca_hmappo,1,0.4996516717274062,205,0.536875,0.0,0.625,0,418,0,0,-0.000905781053006649,27.81426239013672,1.305898666381836,0.0008855421910993755,0.0,0.3142324686050415
564,full_ca_hmappo,1,0.3427611152804957,205,0.70125,0.0,0.75,0,674,0,0,0.0003558726457413286,7.774553298950195,1.3143961429595947,-0.0003101079200860113,0.0,0.3141823709011078
565,full_ca_hmappo,1,0.3500996910433969,205,0.789375,0.0,0.875,0,930,0,0,-0.0006613651057705283,5.529394626617432,1.331144094467163,-0.00015952919784467667,0.0,0.30211305618286133
566,full_ca_hmappo,1,0.43920145296578994,207,0.01625,0.0,0.0,0,10,0,0,-0.000371094181900844,433.0671691894531,1.2594425678253174,-0.000170030485605821,0.0,0.33539265394210815
567,full_ca_hmappo,1,0.7452809736569179,207,0.331875,0.0,0.375,0,266,0,0,-0.00020043211407028139,104.08138275146484,1.2608413696289062,0.00013493452570401132,0.0,0.33081191778182983
568,full_ca_hmappo,1,0.6882913349118098,207,0.46125,0.0,0.5,0,522,0,0,-7.763504981994629e-06,27.23712921142578,1.3243165016174316,-0.00019752420485019684,0.0,0.300268292427063
569,full_ca_hmappo,1,0.44145003573794384,207,0.55625,0.0,0.625,0,778,0,0,-0.0007754707476124167,7.141219139099121,1.3374207019805908,0.00017348476103506982,0.0,0.29568588733673096
570,full_ca_hmappo,1,0.41725666560114405,208,0.07,0.0,0.0,0,34,0,0,-0.001443970948457718,36.100547790527344,1.3110930919647217,-0.00011259224265813828,0.0,0.3112071454524994
571,full_ca_hmappo,1,0.5135138593323063,208,0.165625,0.0,0.125,0,290,0,0,0.0006265938282012939,95.6718978881836,1.2546948194503784,0.00022368677309714258,0.0,0.33754563331604004
572,full_ca_hmappo,1,1.0940510424879903,208,0.466875,0.0,0.625,0,546,0,0,-0.00011537845421116799,124.63288879394531,1.2978425025939941,1.4280590221460443e-05,0.0,0.3244989216327667
573,full_ca_hmappo,1,0.5932881706621629,208,0.736875,0.0,0.875,0,802,0,0,-0.0004939927603118122,18.281158447265625,1.3258427381515503,-3.2726675271987915e-06,0.0,0.2994276285171509
574,full_ca_hmappo,1,0.5480740554976364,209,0.065,0.0,0.125,0,58,0,0,-0.0003231323207728565,94.21334075927734,1.3032135963439941,9.665700781624764e-05,0.0,0.31477412581443787
575,full_ca_hmappo,1,0.4395304646641307,210,0.025,0.0,0.0,0,10,0,0,-0.00036797518259845674,212.79922485351562,1.2948857545852661,0.0001834778522606939,0.0,0.3206180930137634
576,full_ca_hmappo,1,0.8466628741743989,210,0.318125,0.0,0.375,0,266,0,0,0.00013143321848474443,116.3980484008789,1.2985119819641113,-7.642433047294617e-06,0.0,0.3122527003288269
577,full_ca_hmappo,1,0.3965020152713805,210,0.47625,0.0,0.5,0,522,0,0,-0.0007613556226715446,5.456223964691162,1.3149831295013428,8.77130514709279e-05,0.0,0.2960016131401062
578,full_ca_hmappo,1,0.4210433729022043,210,0.61,0.0,0.625,0,778,0,0,0.00013788603246212006,8.982147216796875,1.3293814659118652,0.00010630147153278813,0.0,0.29412171244621277
579,full_ca_hmappo,1,0.4634583515635313,211,0.05875,0.0,0.0,0,34,0,0,-0.0005294264992699027,25.30592918395996,1.336242437362671,-1.5539582818746567e-05,0.0,0.30079492926597595
580,full_ca_hmappo,1,0.46941139752743766,211,0.28375,0.0,0.125,0,290,0,0,-0.001238430617377162,97.72817993164062,1.258331298828125,0.0004327757633291185,0.0,0.3325299024581909
581,full_ca_hmappo,1,0.553644699328288,211,0.51375,0.0,0.5,0,546,0,0,0.0005995439132675529,64.5074691772461,1.294355869293213,-0.0011300984770059586,0.0,0.31559664011001587
582,full_ca_hmappo,1,0.5066583016027835,211,0.581875,0.125,0.5,0,802,0,0,-0.00038812001002952456,30.88892364501953,1.339149832725525,-9.619025513529778e-05,0.0,0.29974621534347534
583,full_ca_hmappo,1,0.45516955140374193,212,0.099375,0.0,0.0,0,58,0,0,-0.0002770914579741657,52.419395446777344,1.3050036430358887,0.00012401383719407022,0.0,0.3106858730316162
584,full_ca_hmappo,1,0.5432532806225936,212,0.33625,0.0,0.125,0,314,0,0,-0.0002473338390700519,52.85884094238281,1.2902153730392456,8.58394632814452e-05,0.0,0.3168604075908661
585,full_ca_hmappo,1,0.8694917576722219,212,0.63,0.0,0.5,0,570,0,0,0.00015073176473379135,102.31094360351562,1.3323084115982056,0.00012270423758309335,0.0,0.30731910467147827
586,full_ca_hmappo,1,0.48599292536164285,212,0.776875,0.0,0.625,0,826,0,0,-0.0006292953039519489,6.320832252502441,1.3305482864379883,-9.875403338810429e-05,0.0,0.2962307631969452
587,full_ca_hmappo,1,0.5857708818853098,213,0.141875,0.0,0.0,0,82,0,0,-0.0005192530225031078,124.62987518310547,1.285372018814087,7.346350230363896e-06,0.0,0.3296108841896057
588,full_ca_hmappo,1,0.8099779446247339,213,0.339375,0.0,0.375,0,338,0,0,5.7723063946468756e-05,123.25160217285156,1.2456841468811035,0.00033726933179423213,0.0,0.342742919921875
589,full_ca_hmappo,1,0.642447990526307,213,0.618125,0.0,0.875,0,594,0,0,-0.0008760085329413414,15.503488540649414,1.338415503501892,-3.19432801916264e-05,0.0,0.3039761483669281
590,full_ca_hmappo,1,0.3764689041017846,213,0.8225,0.0,1.0,0,850,0,0,-0.001463690190576017,5.948098182678223,1.3667629957199097,-0.00023426473489962518,0.0,0.2953035235404968
591,full_ca_hmappo,1,0.2382387766992906,214,0.1475,0.0,0.0,0,106,0,0,6.412714719772339e-05,67.56487274169922,1.2905871868133545,-0.00011977739632129669,0.0,0.3093019127845764
592,full_ca_hmappo,1,0.20000403825906687,214,0.280625,0.0,0.0,0,362,0,0,-0.0002829587901942432,97.89927673339844,1.2186933755874634,-0.0002940492704510689,0.0,0.3507874608039856
593,full_ca_hmappo,1,0.3915335552774195,214,0.336875,0.0,0.0,0,618,0,0,-0.00056331732776016,68.04617309570312,1.3118507862091064,-0.00019358284771442413,0.0,0.3117143511772156
594,full_ca_hmappo,1,0.6132638958588359,215,0.103125,0.0,0.0,0,92,0,0,0.0003941341710742563,318.81591796875,1.2213233709335327,0.00014554841618519276,0.0,0.35136350989341736
595,full_ca_hmappo,1,0.6712284021559753,215,0.349375,0.0,0.25,0,348,0,0,-0.0002152038214262575,37.070831298828125,1.2689813375473022,0.00012439086276572198,0.0,0.32364386320114136
596,full_ca_hmappo,1,0.6261395139154047,215,0.570625,0.0,0.375,0,604,0,0,-0.00018709215510170907,12.599916458129883,1.3504035472869873,-0.00029364757938310504,0.0,0.29511791467666626
597,full_ca_hmappo,1,0.3177504322986806,215,0.60625,0.0,0.375,0,860,0,0,-0.001141356653533876,5.065701007843018,1.3425273895263672,0.0003695851191878319,0.0,0.29587507247924805
598,full_ca_hmappo,1,0.6308440419234103,216,0.253125,0.0,0.0,0,116,0,0,0.00020133207726757973,48.90320587158203,1.3056021928787231,0.0002556906547397375,0.0,0.31895142793655396
599,full_ca_hmappo,1,0.9175052088830853,216,0.50625,0.0,0.25,0,372,0,0,-7.145231211325154e-05,78.6929931640625,1.2797731161117554,0.00029011210426688194,0.0,0.33508044481277466
600,full_ca_hmappo,1,0.4924130327290186,216,0.5925,0.0,0.5,0,628,0,0,-0.0007824832573533058,11.965654373168945,1.3469324111938477,0.0001071117221727036,0.0,0.29242050647735596
601,full_ca_hmappo,1,0.4918135612460901,216,0.775,0.0,0.625,0,884,0,0,-0.0006895018741488457,12.475820541381836,1.3802251815795898,0.00022239130339585245,0.0,0.28773927688598633
602,full_ca_hmappo,1,0.38268935549604066,217,0.158125,0.0,0.125,0,140,0,0,-0.00010906656825682148,92.09837341308594,1.3053392171859741,-8.456463547190651e-05,0.0,0.31548696756362915
603,full_ca_hmappo,1,0.329867907348671,217,0.3925,0.0,0.125,0,396,0,0,-0.0005683371564373374,12.801555633544922,1.346521258354187,-3.680090230773203e-05,0.0,0.29607245326042175
604,full_ca_hmappo,1,0.5684900211599597,217,0.580625,0.0,0.375,0,652,0,0,-0.00034484686329960823,39.895774841308594,1.3033641576766968,-0.00015538155275862664,0.0,0.31230613589286804
605,full_ca_hmappo,1,0.5273214509870741,217,0.679375,0.0,0.75,0,908,0,0,-0.0002669990062713623,18.831222534179688,1.3892720937728882,-0.00017942627891898155,0.0,0.28616368770599365
606,full_ca_hmappo,1,0.7122687050201648,218,0.13375,0.0,0.0,0,164,0,0,-9.406048047821969e-05,231.31300354003906,1.3165196180343628,-0.00011604947212617844,0.0,0.3066968619823456
607,full_ca_hmappo,1,0.7298399379255898,218,0.354375,0.0,0.375,0,420,0,0,-0.0001862635836005211,108.31184387207031,1.332306146621704,5.475261059473269e-05,0.0,0.3006894588470459
608,full_ca_hmappo,1,0.348734310364307,218,0.445625,0.0,0.5,0,676,0,0,-0.0009158092434518039,6.1699724197387695,1.3405089378356934,0.0002453695051372051,0.0,0.2965932786464691
609,full_ca_hmappo,1,0.2250855704260175,218,0.48,0.0,0.5,0,932,0,0,-0.0010285775642842054,22.451229095458984,1.3209285736083984,0.0001521795056760311,0.0,0.29841840267181396
610,full_ca_hmappo,1,0.8175927367319673,219,0.205,0.0,0.125,0,188,0,0,-0.0005460276152007282,168.90866088867188,1.2500853538513184,0.0002528084150981158,0.0,0.3361613154411316
611,full_ca_hmappo,1,0.8451494729051774,219,0.436875,0.0,0.25,0,444,0,0,-0.0003089591336902231,50.78477478027344,1.276719331741333,0.0001756854762788862,0.0,0.3224825859069824
612,full_ca_hmappo,1,0.4621477303280699,219,0.499375,0.0,0.25,0,700,0,0,-0.002630538772791624,3.503272533416748,1.370805025100708,0.0005393390310928226,0.0,0.28768855333328247
613,full_ca_hmappo,1,0.3935389238777134,219,0.568125,0.0,0.25,0,956,0,0,-0.0005735196173191071,6.421144485473633,1.34323251247406,0.0010916157625615597,0.0,0.2935017943382263
614,full_ca_hmappo,1,0.6792339441672084,220,0.285625,0.0,0.25,0,212,0,0,0.00016485869127791375,138.41537475585938,1.226001262664795,-0.00011464674025774002,0.0,0.3563395142555237
615,full_ca_hmappo,1,0.8408668079791823,220,0.600625,0.0,0.75,0,468,0,0,-0.0004794237611349672,42.309696197509766,1.3390908241271973,-6.485404446721077e-05,0.0,0.3021200895309448
616,full_ca_hmappo,1,0.3639108464558376,220,0.70625,0.0,0.875,0,724,0,0,-0.00018345564603805542,7.679397106170654,1.3438920974731445,0.00033299362985417247,0.0,0.2948947548866272
617,full_ca_hmappo,1,0.38695903619191085,220,0.773125,0.0,1.0,0,980,0,0,-9.436532855033875e-05,10.818559646606445,1.3359591960906982,0.00019376275304239243,0.0,0.2961078882217407
618,full_ca_hmappo,1,0.9505308384659656,221,0.285625,0.0,0.5,0,236,0,0,-1.0548781119723571e-06,214.79554748535156,1.324951410293579,-5.353940650820732e-05,0.0,0.302290141582489
619,full_ca_hmappo,1,0.44792699488789367,221,0.33125,0.0,0.5,0,492,0,0,-0.014064827933907509,2.3231699466705322,1.3412158489227295,0.00841680821031332,0.00911458395421505,0.2927393317222595
620,full_ca_hmappo,1,0.4099215321916745,221,0.51375,0.0,0.5,0,748,0,0,0.010996658354997635,8.912172317504883,1.2690556049346924,0.015414486639201641,0.4856770932674408,0.3167095184326172
621,full_ca_hmappo,1,0.41315570599545026,222,0.011875,0.0,0.0,0,4,0,0,0.0028432211838662624,20.854097366333008,1.2760714292526245,0.006234404630959034,0.0,0.3224467635154724
622,full_ca_hmappo,1,0.06068188135395758,222,0.16625,0.0,0.0,0,260,0,0,0.0012252703309059143,49.14041519165039,1.0567677021026611,0.00032992259366437793,0.0,0.4540342092514038
623,full_ca_hmappo,1,0.4400943878426915,222,0.381875,0.0,0.25,0,516,0,0,-0.005502484273165464,125.65758514404297,1.0730476379394531,0.0026847454719245434,0.0,0.44843554496765137
624,full_ca_hmappo,1,0.8030766715237405,222,0.710625,0.0,0.5,0,772,0,0,0.002164915669709444,37.86122512817383,1.2898434400558472,0.003395453095436096,0.0,0.3135383725166321
625,full_ca_hmappo,1,0.34465075461775996,223,0.035625,0.0,0.0,0,28,0,0,0.001421601278707385,25.281463623046875,1.2664146423339844,0.0019171949243173003,0.0,0.33509501814842224
626,full_ca_hmappo,1,0.7565268803468825,224,0.300625,0.0,0.5,0,199,0,0,7.128653578547528e-06,425.3064880371094,1.1802228689193726,-0.0002186161873396486,0.0,0.3865276277065277
627,full_ca_hmappo,1,0.32327970247706617,224,0.3675,0.0,0.5,0,455,0,0,-0.0003785615263041109,11.030000686645508,1.2989095449447632,0.00018187628302257508,0.0,0.32802605628967285
628,full_ca_hmappo,1,0.35808817961651584,224,0.42625,0.0,0.5,0,711,0,0,-0.003260476514697075,5.447087287902832,1.2983424663543701,0.0013246176531538367,0.0,0.32997196912765503
629,full_ca_hmappo,1,0.49797503214631433,224,0.554375,0.0,0.625,0,967,0,0,-0.0026831019204109907,6.619897842407227,1.3267372846603394,0.002829659730195999,0.0,0.3105968236923218
630,full_ca_hmappo,1,0.7256259259020226,225,0.2825,0.0,0.375,0,223,0,0,-0.0006798661197535694,117.0313720703125,1.1982957124710083,0.0008014680352061987,0.0,0.3753802180290222
631,full_ca_hmappo,1,0.37067150737857446,225,0.344375,0.0,0.5,0,479,0,0,-0.006205619312822819,4.6822509765625,1.2821205854415894,0.0005809604190289974,0.0,0.3349100947380066
632,full_ca_hmappo,1,0.4742520806903485,225,0.4125,0.0,0.75,0,735,0,0,-0.003143056994304061,12.264313697814941,1.2674649953842163,-0.0005458937957882881,0.0,0.3393670916557312
633,full_ca_hmappo,1,0.4441894888332172,225,0.41375,0.0,0.75,0,991,0,0,-0.0012342676054686308,11.138311386108398,1.2872874736785889,-0.00018447716138325632,0.0,0.3248831331729889
634,full_ca_hmappo,1,0.7194820385702769,226,0.311875,0.0,0.5,0,247,0,0,-0.000880969688296318,115.45986938476562,1.148118019104004,0.0010327862109988928,0.0,0.3909998834133148
635,full_ca_hmappo,1,0.4355676056147786,226,0.370625,0.0,0.5,0,503,0,0,-0.002305304631590843,3.8335113525390625,1.2861956357955933,-0.0021162822376936674,0.0,0.3265445828437805
636,full_ca_hmappo,1,0.3939759336208226,226,0.3925,0.0,0.5,0,759,0,0,-0.008278418332338333,2.317195415496826,1.2959511280059814,0.001478921971283853,0.0,0.32355785369873047
637,full_ca_hmappo,1,0.4241449976907461,227,0.036875,0.0,0.0,0,15,0,0,0.0003236824122723192,17.15696907043457,1.2917420864105225,0.002137146657332778,0.0,0.31633636355400085
638,full_ca_hmappo,1,0.9452466281945817,227,0.279375,0.0,0.25,0,271,0,0,-0.00034282420529052615,161.69613647460938,1.244105339050293,0.002476971596479416,0.0,0.34397077560424805
639,full_ca_hmappo,1,0.5040558433156548,227,0.36875,0.0,0.25,0,527,0,0,-0.0032322932966053486,6.811584949493408,1.2881550788879395,0.0012180628255009651,0.0,0.31322863698005676
640,full_ca_hmappo,1,0.37672231848409865,227,0.384375,0.0,0.25,0,783,0,0,-0.002182847587391734,2.7681822776794434,1.2538999319076538,0.001746448571793735,0.0,0.3390966057777405
641,full_ca_hmappo,1,0.47727503930400417,228,0.085625,0.0,0.125,0,39,0,0,0.0011509297182783484,71.9549560546875,1.275209903717041,-0.0006917360005900264,0.0,0.33081573247909546
642,full_ca_hmappo,1,0.5825858309326577,229,0.125625,0.0,0.0,0,77,0,0,-0.001787253888323903,313.5858154296875,1.201911211013794,0.0014635382685810328,0.0,0.36729711294174194
643,full_ca_hmappo,1,1.033161744242534,229,0.4875,0.0,0.625,0,333,0,0,0.00037547637475654483,187.588134765625,1.2286899089813232,-0.0005231006070971489,0.0,0.3471362590789795
644,full_ca_hmappo,1,0.4280906200280583,229,0.573125,0.0,0.625,0,589,0,0,-0.002048991620540619,4.017971992492676,1.286930799484253,0.0018909522332251072,0.0,0.3136780261993408
645,full_ca_hmappo,1,0.43681946539982164,229,0.799375,0.0,0.875,0,845,0,0,-0.0018580494215711951,8.318167686462402,1.3170167207717896,0.0014382766094058752,0.0,0.30148571729660034
646,full_ca_hmappo,1,0.8101824377426965,230,0.225625,0.0,0.5,0,101,0,0,0.00025955401360988617,188.544189453125,1.254638671875,-0.0004131405148655176,0.0,0.3434216380119324
647,full_ca_hmappo,1,0.7089120610262398,230,0.425625,0.0,0.75,0,357,0,0,-0.0012283679097890854,24.626256942749023,1.2748942375183105,-0.00022034379071556032,0.0,0.32701441645622253
648,full_ca_hmappo,1,0.48755980530859233,230,0.6325,0.0,0.75,0,613,0,0,-0.0037028079386800528,5.3857951164245605,1.3060613870620728,0.0013009527465328574,0.0,0.31432899832725525
649,full_ca_hmappo,1,0.3257600762499351,230,0.705625,0.0,0.875,0,869,0,0,0.0013622927945107222,3.5685698986053467,1.2811686992645264,0.0015668360283598304,0.0,0.32563069462776184
650,full_ca_hmappo,1,0.830382737071659,231,0.305625,0.0,0.375,0,125,0,0,8.975776836450677e-06,173.0742950439453,1.2626392841339111,-0.0001957830972969532,0.0,0.33788585662841797
651,full_ca_hmappo,1,0.6240619373620575,231,0.5625,0.0,0.75,0,381,0,0,-0.00022497898316942155,11.91286849975586,1.2764723300933838,1.6146961570484564e-05,0.0,0.31967973709106445
652,full_ca_hmappo,1,0.2398062509491865,231,0.580625,0.0,0.75,0,637,0,0,2.1360814571380615e-05,5.17650032043457,1.294039249420166,0.0004614205099642277,0.0,0.31700995564460754
653,full_ca_hmappo,1,0.3404655052358976,231,0.61375,0.0,0.875,0,893,0,0,-0.0005247319932095706,6.881627082824707,1.309510350227356,-0.00011103895667474717,0.0,0.3191312551498413
654,full_ca_hmappo,1,0.8087619254420133,232,0.243125,0.0,0.25,0,149,0,0,-9.092502295970917e-05,87.97869873046875,1.2463394403457642,-0.00012662859808187932,0.0,0.3436015248298645
655,full_ca_hmappo,1,0.4527458059401397,232,0.281875,0.0,0.25,0,405,0,0,-0.0005358755588531494,5.254618167877197,1.264876127243042,0.0002563896996434778,0.0,0.3282037675380707
656,full_ca_hmappo,1,0.38944780527981493,232,0.32875,0.0,0.5,0,661,0,0,-0.004407871048897505,8.492687225341797,1.2575900554656982,0.0012630447745323181,0.0,0.3328731656074524
657,full_ca_hmappo,1,0.42445116030705776,232,0.3675,0.0,0.5,0,917,0,0,-0.0008541051065549254,6.352919101715088,1.2806028127670288,0.0009624987724237144,0.0,0.31969955563545227
658,full_ca_hmappo,1,0.7801013759217312,233,0.224375,0.0,0.375,0,173,0,0,-0.0010741949081420898,174.23765563964844,1.2300922870635986,0.0002601591986604035,0.0,0.35203537344932556
659,full_ca_hmappo,1,0.8787332514230002,234,0.31,0.0,0.5,0,205,0,0,-0.0003061310271732509,499.5583190917969,1.2460246086120605,-2.5931745767593384e-05,0.0,0.34978818893432617
660,full_ca_hmappo,1,0.7027466078106954,234,0.493125,0.125,0.875,0,461,0,0,0.0004226192831993103,68.66029357910156,1.294161081314087,1.4598015695810318e-05,0.0,0.3211694657802582
661,full_ca_hmappo,1,0.34564924540489983,234,0.51125,0.125,0.875,0,717,0,0,-0.0003605801612138748,5.099425315856934,1.3230197429656982,8.419575169682503e-05,0.0,0.3028425872325897
662,full_ca_hmappo,1,0.23368169217081913,234,0.534375,0.125,0.875,0,973,0,0,-0.0004949904978275299,2.380465030670166,1.3475170135498047,0.00013494693848770112,0.0,0.29796847701072693
663,full_ca_hmappo,1,0.8557846668786624,235,0.341875,0.0,0.5,0,229,0,0,-0.0007772669196128845,128.12777709960938,1.18939208984375,-0.00025092237046919763,0.0,0.35837721824645996
664,full_ca_hmappo,1,0.45177692626521093,235,0.49625,0.0,0.875,0,485,0,0,-0.0018420459236949682,6.916696071624756,1.3209718465805054,-0.0007804711349308491,0.0,0.3118962049484253
665,full_ca_hmappo,1,0.40232659040702856,235,0.62875,0.0,0.875,0,741,0,0,-0.0011054312344640493,6.725571632385254,1.3196715116500854,-0.0021753967739641666,0.0,0.2996734380722046
666,full_ca_hmappo,1,0.37001001443786663,235,0.62875,0.125,0.875,0,997,0,0,-1.9532939404598437e-05,32.86273193359375,1.349683165550232,0.0013392566470429301,0.0,0.3017035722732544
667,full_ca_hmappo,1,0.9564130106673474,236,0.260625,0.0,0.375,0,253,0,0,0.00010296764958184212,233.99993896484375,1.2483737468719482,0.0004732126253657043,0.0,0.33350953459739685
668,full_ca_hmappo,1,0.6690823946100863,236,0.52125,0.0,0.625,0,509,0,0,3.084602576564066e-05,11.77132797241211,1.3257755041122437,0.00016604270786046982,0.0,0.3087717890739441
669,full_ca_hmappo,1,0.5821880000075907,236,0.604375,0.0,0.75,0,765,0,0,-0.0005702780326828361,3.5709586143493652,1.3034071922302246,2.352645060454961e-05,0.0,0.3191860616207123
670,full_ca_hmappo,1,0.7223700176891725,237,0.289375,0.0,0.25,0,202,0,0,-0.00016451689589302987,273.19256591796875,1.2280144691467285,0.00028447387740015984,0.0,0.3497158885002136
671,full_ca_hmappo,1,0.6341459962413865,237,0.50625,0.0,0.375,0,458,0,0,-0.0012622562935575843,11.019353866577148,1.3079746961593628,0.0012761865509673953,0.0,0.30714327096939087
672,full_ca_hmappo,1,0.48443437084824836,237,0.636875,0.0,0.5,0,714,0,0,-0.0011622344609349966,5.0467681884765625,1.3364884853363037,-0.0004528523422777653,0.0,0.3009225130081177
673,full_ca_hmappo,1,0.3798119747252713,237,0.785625,0.0,0.5,0,970,0,0,-0.0014451723545789719,4.402458667755127,1.332209587097168,0.0008634167606942356,0.0,0.29135486483573914
674,full_ca_hmappo,1,0.6878694808583532,238,0.26875,0.0,0.25,0,226,0,0,-0.00037939538015052676,101.01246643066406,1.1903910636901855,-0.0006601178320124745,0.0,0.37590691447257996
675,full_ca_hmappo,1,0.6784185099095339,238,0.50375,0.0,0.625,0,482,0,0,0.00014870180166326463,17.480125427246094,1.2896523475646973,-0.000168589802342467,0.0,0.32805484533309937
676,full_ca_hmappo,1,0.3812754981981925,238,0.614375,0.0,0.75,0,738,0,0,0.00033766654087230563,6.72573709487915,1.3116347789764404,2.401570554866339e-06,0.0,0.3115474581718445
677,full_ca_hmappo,1,0.24261505432218655,238,0.64625,0.0,0.75,0,994,0,0,-0.0004284375754650682,2.9586598873138428,1.3235397338867188,-4.849070683121681e-05,0.0,0.2983998656272888
678,full_ca_hmappo,1,0.6050515164315584,239,0.286875,0.0,0.125,0,250,0,0,-0.00036222831113263965,60.735652923583984,1.1818931102752686,0.00018780508253257722,0.0,0.38657093048095703
679,full_ca_hmappo,1,0.8031406787886226,239,0.629375,0.0,0.375,0,506,0,0,0.00025989985442720354,71.58625030517578,1.3483108282089233,7.99279659986496e-05,0.0,0.3046063184738159
680,full_ca_hmappo,1,0.6666438515940172,239,0.743125,0.125,0.625,0,762,0,0,-3.145076334476471e-05,40.73528289794922,1.356926441192627,0.0002467131125740707,0.0,0.30219703912734985
681,full_ca_hmappo,1,0.37869824745939695,240,0.041875,0.0,0.0,0,18,0,0,-0.0005313974688760936,13.730297088623047,1.3421027660369873,2.4692466467968188e-05,0.0,0.30070412158966064
682,full_ca_hmappo,1,0.8256848054516013,240,0.333125,0.0,0.125,0,274,0,0,-1.0014822692028247e-05,122.6409912109375,1.1830319166183472,-0.00018730000010691583,0.0,0.3875887989997864
683,full_ca_hmappo,1,0.710950689234096,240,0.51875,0.0,0.5,0,530,0,0,-0.0001773343828972429,50.129425048828125,1.335883617401123,-6.797568403271725e-06,0.0,0.29200872778892517
684,full_ca_hmappo,1,0.24003138057287288,240,0.533125,0.0,0.5,0,786,0,0,-0.0004790065286215395,2.5294361114501953,1.3508403301239014,5.7075794757111e-05,0.0,0.2920380234718323
685,full_ca_hmappo,1,0.5393385460010904,241,0.06625,0.0,0.0,0,42,0,0,-0.00041802538908086717,64.05315399169922,1.3135532140731812,0.00035636205575428903,0.0,0.31070560216903687
686,full_ca_hmappo,1,0.02909985010046512,241,0.171875,0.0,0.0,0,298,0,0,-3.788372123381123e-05,60.60948181152344,1.3135215044021606,-0.00019033905118703842,0.0,0.30395036935806274
687,full_ca_hmappo,1,0.12991866175434552,242,0.011875,0.0,0.0,0,4,0,0,-8.266916120192036e-05,350.90008544921875,1.3300102949142456,3.0962906748754904e-05,0.0,0.30410322546958923
688,full_ca_hmappo,1,1.079636699068942,242,0.3975,0.0,0.625,0,260,0,0,-0.00020673437393270433,164.90350341796875,1.2982271909713745,-0.00015997234731912613,0.0,0.31855735182762146
689,full_ca_hmappo,1,0.5763522687921068,242,0.568125,0.125,0.625,0,516,0,0,-0.0013585531851276755,28.670848846435547,1.3502509593963623,0.00030332262394949794,0.0,0.29059308767318726
690,full_ca_hmappo,1,0.483978219968094,242,0.765625,0.125,0.875,0,772,0,0,-0.00021786119032185525,7.552536964416504,1.3481388092041016,0.00016419155872426927,0.0,0.29555174708366394
691,full_ca_hmappo,1,0.5411470459148404,243,0.06125,0.0,0.0,0,28,0,0,-9.028427302837372e-05,56.74217987060547,1.3447273969650269,-0.00047278296551667154,0.0,0.28359106183052063
692,full_ca_hmappo,1,0.929553545312956,243,0.4075,0.0,0.375,0,284,0,0,0.00015916209667921066,96.11068725585938,1.2578548192977905,0.00015124244964681566,0.0,0.3296302556991577
693,full_ca_hmappo,1,0.4766190397531318,243,0.524375,0.0,0.5,0,540,0,0,-0.0010835150023922324,4.434647560119629,1.3471283912658691,0.000852018129080534,0.0,0.2869104743003845
694,full_ca_hmappo,1,0.45635776318522403,243,0.71625,0.0,0.625,0,796,0,0,-0.0016022318741306663,6.682659149169922,1.3711516857147217,-0.0002361745573580265,0.0,0.28723371028900146
695,full_ca_hmappo,1,0.586152822310396,244,0.10875,0.0,0.125,0,52,0,0,-0.0009812017669901252,76.85698699951172,1.3408939838409424,-0.0005910174804739654,0.0,0.2999145984649658
696,full_ca_hmappo,1,0.9129651045750506,244,0.355625,0.0,0.5,0,308,0,0,0.0003191853757016361,73.47494506835938,1.3016295433044434,-0.000491241633426398,0.0,0.3140413761138916
697,full_ca_hmappo,1,0.532078503168691,244,0.449375,0.0,0.75,0,564,0,0,-0.0008870996534824371,8.024709701538086,1.3543241024017334,0.0005485131405293941,0.0,0.29218339920043945
698,full_ca_hmappo,1,0.5077502804973619,244,0.559375,0.125,0.75,0,820,0,0,0.0004210853949189186,26.457632064819336,1.3596980571746826,4.554043334792368e-05,0.0,0.28803929686546326
699,full_ca_hmappo,1,0.6369831600868565,245,0.145,0.0,0.125,0,76,0,0,-0.0002558659762144089,81.61186218261719,1.3021996021270752,0.0001772175746737048,0.0,0.32269906997680664
700,full_ca_hmappo,1,0.6542678859586886,245,0.278125,0.0,0.25,0,332,0,0,-0.0006717366049997509,73.08406066894531,1.307268738746643,0.00012558652088046074,0.0,0.30804571509361267
701,full_ca_hmappo,1,0.532798747470224,245,0.488125,0.0,0.5,0,588,0,0,-0.0005673151463270187,13.409238815307617,1.3475854396820068,-0.00029496336355805397,0.0,0.29050952196121216
702,full_ca_hmappo,1,0.4610541674665001,245,0.62375,0.125,0.5,0,844,0,0,-0.0002674199640750885,27.206523895263672,1.368544578552246,-0.0003773522039409727,0.0,0.2820197641849518
703,full_ca_hmappo,1,0.8241095006387695,246,0.173125,0.0,0.25,0,100,0,0,-4.364798769529443e-06,130.9117431640625,1.2789642810821533,-0.00045872601913288236,0.0,0.3199695944786072
704,full_ca_hmappo,1,0.7655508762836689,246,0.464375,0.0,0.375,0,356,0,0,-0.000681540637742728,28.7144775390625,1.3348329067230225,0.0006694229086861014,0.0,0.2952917218208313
705,full_ca_hmappo,1,0.330326136133408,246,0.51125,0.0,0.375,0,612,0,0,-0.0004744275356642902,11.636489868164062,1.33719801902771,0.00021465883764903992,0.0,0.3011544346809387
706,full_ca_hmappo,1,0.8577685371286634,247,0.35125,0.0,0.5,0,225,0,0,1.255174538528081e-05,372.3671875,1.317813515663147,0.0002286410890519619,0.0,0.3049198091030121
707,full_ca_hmappo,1,0.42930424236817544,247,0.463125,0.0,0.75,0,481,0,0,-0.0007737316191196442,6.152641296386719,1.3516652584075928,-7.447476673405617e-05,0.0,0.2868523597717285
708,full_ca_hmappo,1,0.5344106430427473,247,0.573125,0.125,0.75,0,737,0,0,-0.000486729055410251,29.581933975219727,1.3414721488952637,0.000197184897842817,0.0,0.29543155431747437
709,full_ca_hmappo,1,0.39916319388794363,247,0.6475,0.125,0.875,0,993,0,0,-0.0005486315931193531,9.677506446838379,1.3543061017990112,-7.871662819525227e-05,0.0,0.2853136360645294
710,full_ca_hmappo,1,0.9553340686270531,248,0.3075,0.0,0.625,0,249,0,0,-0.0003682387468870729,145.2613525390625,1.322791576385498,0.00027894944651052356,0.0,0.29257842898368835
711,full_ca_hmappo,1,0.4215295291205621,248,0.4675,0.0,0.75,0,505,0,0,-0.000825777999125421,8.652941703796387,1.3243191242218018,0.0005300400662235916,0.0,0.29898637533187866
712,full_ca_hmappo,1,0.42451954906687206,248,0.579375,0.0,1.0,0,761,0,0,-0.0014244287740439177,6.614461898803711,1.3659570217132568,0.00010567314166110009,0.0,0.29359766840934753
713,full_ca_hmappo,1,0.3530742001530598,249,0.021875,0.0,0.0,0,17,0,0,-0.000214356929063797,17.476308822631836,1.3567538261413574,0.0007574184564873576,0.0,0.2880488634109497
714,full_ca_hmappo,1,0.5618534915993223,249,0.283125,0.0,0.125,0,273,0,0,-0.001172355143353343,21.514053344726562,1.308213472366333,-0.0003323419950902462,0.0,0.30326035618782043
715,full_ca_hmappo,1,0.9035788615074125,249,0.619375,0.0,0.375,0,529,0,0,-0.0005164047470316291,79.4891586303711,1.3404954671859741,-0.00037974928272888064,0.0,0.29773229360580444
716,full_ca_hmappo,1,0.4174878871781402,249,0.71125,0.0,0.625,0,785,0,0,-0.0012863781303167343,3.8441247940063477,1.4013071060180664,0.00010087031114380807,0.0,0.2785913646221161
717,full_ca_hmappo,1,0.5402768358333105,250,0.0375,0.0,0.0,0,41,0,0,-0.00043564540101215243,52.91062545776367,1.3657457828521729,-0.00118479214143008,0.0,0.28564926981925964
718,full_ca_hmappo,1,0.6802045132108105,251,0.173125,0.0,0.125,0,79,0,0,-0.0006629315903410316,345.58489990234375,1.2860486507415771,-0.00018264602113049477,0.0,0.32285046577453613
719,full_ca_hmappo,1,0.4130971331251203,251,0.31,0.0,0.125,0,335,0,0,-0.00011780609929701313,15.29593276977539,1.3516173362731934,9.232325101038441e-05,0.0,0.30574125051498413
720,full_ca_hmappo,1,0.7919706680299896,251,0.55625,0.0,0.25,0,591,0,0,0.00030062845326028764,25.87604331970215,1.3100943565368652,-2.689054235816002e-05,0.0,0.31079646944999695
721,full_ca_hmappo,1,0.36073762476371485,251,0.5725,0.0,0.25,0,847,0,0,-0.000980636104941368,2.016578197479248,1.3790643215179443,-0.0003082746115978807,0.0,0.2785714864730835
722,full_ca_hmappo,1,0.2926125528247212,252,0.094375,0.0,0.0,0,103,0,0,-0.0014429173897951841,45.449947357177734,1.3036000728607178,0.0005872121546417475,0.0,0.31385576725006104
723,full_ca_hmappo,1,0.9118610329346666,252,0.3375,0.0,0.25,0,359,0,0,0.0004250003839842975,80.19039154052734,1.3029615879058838,4.066759720444679e-05,0.0,0.3185252845287323
724,full_ca_hmappo,1,0.586009050454777,252,0.665625,0.0,0.5,0,615,0,0,-0.0006510882521979511,6.463448524475098,1.3931546211242676,-0.0005441292887553573,0.0,0.27752014994621277
725,full_ca_hmappo,1,0.41407624966450385,252,0.8125,0.0,0.875,0,871,0,0,-0.0009460840374231339,8.700037956237793,1.3743289709091187,0.0009037332492880523,0.0,0.28275537490844727
726,full_ca_hmappo,1,-0.041008207605045754,254,0.040625,0.0,0.0,0,24,0,0,0.00037313191569410264,381.44482421875,1.3459680080413818,7.718289270997047e-05,0.0,0.28966546058654785
727,full_ca_hmappo,1,0.8947529983270215,254,0.344375,0.0,0.25,0,280,0,0,0.00015683069068472832,75.93389129638672,1.2427200078964233,-0.0001104036346077919,0.0,0.3484727740287781
728,full_ca_hmappo,1,0.515996886879293,254,0.383125,0.0,0.25,0,536,0,0,-0.0006733788177371025,2.405132532119751,1.3541911840438843,1.2070561751897912e-05,0.0,0.28700751066207886
729,full_ca_hmappo,1,0.4338909182461066,254,0.516875,0.0,0.25,0,792,0,0,-0.0008546262979507446,5.363205909729004,1.3781154155731201,0.0008036984945647418,0.0,0.27860161662101746
730,full_ca_hmappo,1,0.5619879569542263,255,0.075625,0.0,0.125,0,48,0,0,-0.002206800039857626,42.31831359863281,1.3722848892211914,-0.0009844693122431636,0.0,0.28067418932914734
731,full_ca_hmappo,1,0.3718565984354427,255,0.269375,0.0,0.125,0,304,0,0,-0.0014823868405073881,14.664520263671875,1.3812711238861084,-0.0003429666976444423,0.0,0.27788040041923523
732,full_ca_hmappo,1,0.6784493371833378,255,0.43625,0.0,0.25,0,560,0,0,-0.00044487573904916644,53.821266174316406,1.3185832500457764,-0.000257300678640604,0.0,0.324268639087677
733,full_ca_hmappo,1,0.618103002881071,255,0.545625,0.125,0.375,0,816,0,0,0.00031954050064086914,92.52549743652344,1.3791025876998901,0.0002747231046669185,0.0,0.2777903079986572
734,full_ca_hmappo,1,0.5420775638361874,256,0.140625,0.0,0.0,0,72,0,0,-7.414135325234383e-05,59.252113342285156,1.380986213684082,0.00017465706332586706,0.0,0.27668505907058716
735,full_ca_hmappo,1,0.9246041699443595,256,0.466875,0.0,0.375,0,328,0,0,-0.00020401272922754288,114.2573471069336,1.2803188562393188,-4.2125275285798125e-06,0.0,0.31649279594421387
736,full_ca_hmappo,1,0.5026178096679814,256,0.57375,0.125,0.625,0,584,0,0,-0.00038512735045515,43.9462776184082,1.3818974494934082,-0.00021631395793519914,0.0,0.2845393121242523
737,full_ca_hmappo,1,0.39226284744165696,256,0.681875,0.25,0.625,0,840,0,0,-0.000287739560008049,38.84674072265625,1.3581922054290771,-0.00016279667033813894,0.0,0.2842255234718323
738,full_ca_hmappo,1,0.59906710417863,257,0.2125,0.0,0.0,0,96,0,0,-0.00012349183089099824,63.536537170410156,1.3400672674179077,-7.906308383098803e-06,0.0,0.3040512204170227
739,full_ca_hmappo,1,1.072331905822466,258,0.27625,0.0,0.125,0,179,0,0,-0.00029904520488344133,346.7406921386719,1.2518625259399414,-4.775737033924088e-05,0.0,0.33761462569236755
740,full_ca_hmappo,1,0.725334401065993,258,0.4725,0.0,0.5,0,435,0,0,-0.00035272291279397905,45.3439826965332,1.3472579717636108,-9.061349555850029e-05,0.0,0.2983132302761078
741,full_ca_hmappo,1,0.2802107087982222,258,0.548125,0.0,0.625,0,691,0,0,-0.00027027851319871843,22.198575973510742,1.388123869895935,-4.7416891902685165e-05,0.0,0.2790597081184387
742,full_ca_hmappo,1,0.7457669435716525,258,0.68125,0.25,0.75,0,947,0,0,-0.0001534304319648072,93.50080871582031,1.3894014358520508,2.0214978576404974e-05,0.0,0.2773094177246094
743,full_ca_hmappo,1,0.3123975271882955,259,0.145,0.0,0.0,0,203,0,0,-0.00010132168972631916,88.82540130615234,1.376739501953125,1.680090463196393e-05,0.0,0.2742185592651367
744,full_ca_hmappo,1,0.8956763086243882,259,0.24375,0.0,0.0,0,459,0,0,-0.0003833528608083725,58.33161163330078,1.1982609033584595,7.616177754243836e-05,0.0,0.3699354827404022
745,full_ca_hmappo,1,0.6854057771306543,259,0.44875,0.0,0.25,0,715,0,0,-0.00011027418076992035,87.41427612304688,1.3721317052841187,0.00019138927746098489,0.0,0.28370723128318787
746,full_ca_hmappo,1,0.6838521939271232,259,0.473125,0.25,0.25,0,971,0,0,-0.00021010823547840118,128.56663513183594,1.3820044994354248,-3.482789543340914e-05,0.0,0.27812620997428894
747,full_ca_hmappo,1,0.9857700403299532,260,0.32375,0.0,0.375,0,227,0,0,-0.0002993360976688564,306.85040283203125,1.3160531520843506,-3.704064147314057e-05,0.0,0.3068684935569763
748,full_ca_hmappo,1,0.4348656914635285,260,0.52375,0.0,0.375,0,483,0,0,-0.00047922105295583606,16.55782127380371,1.3877508640289307,-6.60408622934483e-05,0.0,0.28128936886787415
749,full_ca_hmappo,1,0.382331737979257,260,0.61875,0.0,0.5,0,739,0,0,-0.00043148361146450043,5.280146598815918,1.3876094818115234,-0.00011014364281436428,0.0,0.2710903584957123
750,full_ca_hmappo,1,0.3947085149375198,260,0.62625,0.0,0.5,0,995,0,0,-0.002300683408975601,4.137425422668457,1.3908793926239014,0.0011348354164510965,0.0,0.27172839641571045
751,full_ca_hmappo,1,0.7582511059099488,261,0.28875,0.0,0.375,0,251,0,0,0.0002469867467880249,106.4939193725586,1.341274619102478,-0.0006974632269702852,0.0,0.29473063349723816
752,full_ca_hmappo,1,-0.003867857358272886,262,0.12,0.0,0.0,0,158,0,0,-5.893098932574503e-05,298.6953125,1.3587087392807007,0.00033010527840815485,0.0,0.28610682487487793
753,full_ca_hmappo,1,0.8954309730761452,263,0.288125,0.0,0.25,0,156,0,0,-0.0003731735050678253,410.865478515625,1.297637939453125,0.00015656014147680253,0.0,0.31416958570480347
754,full_ca_hmappo,1,0.5862470259485235,263,0.565,0.0,0.75,0,412,0,0,-0.004836820997297764,9.793315887451172,1.4075419902801514,0.0004744725301861763,0.0,0.27079272270202637
755,full_ca_hmappo,1,0.45091547286756395,263,0.750625,0.0,0.875,0,668,0,0,-0.0002956489915959537,11.092062950134277,1.3897451162338257,-0.0012079289881512523,0.0,0.2800436317920685
756,full_ca_hmappo,1,0.4911533885049266,263,0.825625,0.125,1.0,0,924,0,0,-0.001322935102507472,23.790164947509766,1.3942559957504272,0.0004394352436065674,0.0,0.2725050151348114
757,full_ca_hmappo,1,0.4881856375177449,265,0.24125,0.0,0.25,0,157,0,0,-0.00024046532053034753,447.36236572265625,1.3900694847106934,0.000948974397033453,0.0,0.2699345052242279
758,full_ca_hmappo,1,0.6504347987929577,265,0.525625,0.0,0.5,0,413,0,0,-0.0007621211698278785,11.423918724060059,1.3849220275878906,0.0007227235473692417,0.0,0.27203160524368286
759,full_ca_hmappo,1,0.8562765551123448,265,0.699375,0.25,0.75,0,669,0,0,8.680019527673721e-05,81.52893829345703,1.406334638595581,0.00017801734793465585,0.0,0.2701042890548706
760,full_ca_hmappo,1,0.3946797752432758,265,0.795,0.25,1.0,0,925,0,0,-0.0008590823854319751,9.459484100341797,1.4166975021362305,0.0004302354936953634,0.0,0.2615141272544861
761,full_ca_hmappo,1,0.8057341486137375,267,0.08125,0.0,0.0,0,41,0,0,-0.0002658336306922138,415.2633056640625,1.3555727005004883,0.00016758963465690613,0.0,0.2882937490940094
762,full_ca_hmappo,1,0.8709293846645778,267,0.320625,0.0,0.5,0,297,0,0,0.0002256861625937745,115.36247253417969,1.343017339706421,6.452761590480804e-05,0.0,0.29752254486083984
763,full_ca_hmappo,1,0.417323189038143,267,0.4775,0.0,0.5,0,553,0,0,-0.00015852352953515947,12.131516456604004,1.4188871383666992,0.00013162134564481676,0.0,0.2665039002895355
764,full_ca_hmappo,1,0.4390439197795786,267,0.51625,0.125,0.5,0,809,0,0,-3.749566894839518e-05,25.360572814941406,1.403049349784851,0.0002809222787618637,0.0,0.2742692828178406
765,full_ca_hmappo,1,0.6611906365469622,268,0.109375,0.0,0.125,0,65,0,0,-0.00017461864626966417,87.82701110839844,1.3685325384140015,-1.903623342514038e-06,0.0,0.2843684256076813
766,full_ca_hmappo,1,0.9022466222040748,268,0.463125,0.0,0.5,0,321,0,0,-0.00018428142357151955,94.36956024169922,1.3794177770614624,-6.0022808611392975e-05,0.0,0.2753024399280548
767,full_ca_hmappo,1,0.5290269572444686,268,0.61125,0.0,0.625,0,577,0,0,-0.0004968456923961639,6.371659755706787,1.4337981939315796,4.8930756747722626e-05,0.0,0.25861024856567383
768,full_ca_hmappo,1,0.3145685632343884,268,0.69875,0.0,0.75,0,833,0,0,-0.00026124034775421023,4.187254905700684,1.4146020412445068,-0.00011212161916773766,0.0,0.2633515000343323
769,full_ca_hmappo,1,0.14974849705504312,269,0.069375,0.0,0.0,0,89,0,0,0.00018827369785867631,30.683032989501953,1.4044179916381836,2.3319153115153313e-05,0.0,0.26668059825897217
770,full_ca_hmappo,1,1.0775585387746105,269,0.398125,0.0,0.5,0,345,0,0,8.921138942241669e-05,200.85137939453125,1.2222901582717896,-0.00021969682711642236,0.0,0.3754107654094696
771,full_ca_hmappo,1,0.6805737388713169,269,0.67,0.0,1.0,0,601,0,0,-0.00044928243733011186,19.666065216064453,1.4354212284088135,7.875046867411584e-05,0.0,0.25823265314102173
772,full_ca_hmappo,1,0.39070384832666605,269,0.68,0.0,1.0,0,857,0,0,-0.0023701831232756376,4.944175720214844,1.3878196477890015,0.0005685621872544289,0.0,0.2819269895553589
773,full_ca_hmappo,1,0.3422842399759247,271,0.044375,0.0,0.0,0,19,0,0,7.190431460912805e-06,422.0670166015625,1.3724727630615234,0.000826481613330543,0.0,0.2733214795589447
774,full_ca_hmappo,1,0.4786108691987465,271,0.31625,0.0,0.125,0,275,0,0,-0.000509919598698616,13.676521301269531,1.3832095861434937,0.00041092964238487184,0.0,0.27952781319618225
775,full_ca_hmappo,1,0.7066025012918544,271,0.449375,0.125,0.25,0,531,0,0,-0.0002176057023461908,15.991067886352539,1.310421347618103,0.00034832474193535745,0.0,0.3063640594482422
776,full_ca_hmappo,1,0.6531594534444594,271,0.593125,0.125,0.375,0,787,0,0,-9.295810014009476e-05,100.92982482910156,1.3977055549621582,-0.000395958311855793,0.0,0.27483034133911133
777,full_ca_hmappo,1,1.1007746970735752,272,0.095,0.0,0.375,0,43,0,0,0.00015939027070999146,282.5162658691406,1.3474640846252441,-6.635766476392746e-05,0.0,0.29605385661125183
778,full_ca_hmappo,1,0.4884105685346185,272,0.295,0.0,0.5,0,299,0,0,-0.00048659928143024445,12.052962303161621,1.386781096458435,0.00010481539356987923,0.0,0.2771708369255066
779,full_ca_hmappo,1,0.7713445244407922,272,0.540625,0.25,0.875,0,555,0,0,0.00036261044442653656,71.1595458984375,1.410857081413269,-6.934053817531094e-05,0.0,0.2692960202693939
780,full_ca_hmappo,1,0.461258602263797,272,0.714375,0.25,1.0,0,811,0,0,-0.0003844656457658857,13.626648902893066,1.389281988143921,5.776683610747568e-05,0.0,0.2801339030265808
781,full_ca_hmappo,1,0.4646553647606879,273,0.106875,0.0,0.125,0,67,0,0,-0.00041962601244449615,73.69090270996094,1.397100806236267,0.00015809123578947037,0.0,0.2741101086139679
782,full_ca_hmappo,1,0.867728817303032,273,0.331875,0.0,0.375,0,323,0,0,-6.515502172987908e-05,55.06389617919922,1.3051362037658691,-1.487663666921435e-05,0.0,0.32004183530807495
783,full_ca_hmappo,1,0.54362729773311,273,0.6125,0.0,0.5,0,579,0,0,-0.00176217348780483,7.8641510009765625,1.415574550628662,-0.0006766823935322464,0.0,0.26535138487815857
784,full_ca_hmappo,1,0.7468276932395383,274,0.198125,0.0,0.25,0,150,0,0,-0.000844161375425756,330.49755859375,1.3646504878997803,0.0012453567469492555,0.0,0.28675299882888794
785,full_ca_hmappo,1,0.6851499482263534,275,0.0325,0.0,0.0,0,13,0,0,-0.000798954046331346,261.4024963378906,1.3998754024505615,-0.001205237815156579,0.0,0.2745545506477356
786,full_ca_hmappo,1,0.4387397198297549,275,0.245,0.0,0.125,0,269,0,0,-0.002351560164242983,39.360008239746094,1.3009121417999268,0.0008686148794367909,0.0,0.32375067472457886
787,full_ca_hmappo,1,0.47977580050496726,275,0.418125,0.0,0.25,0,525,0,0,-0.002491961931809783,16.253463745117188,1.3640708923339844,0.0007837084122002125,0.0,0.29438620805740356
788,full_ca_hmappo,1,0.8514784386352403,275,0.525,0.125,0.375,0,781,0,0,-0.0015704752877354622,110.62742614746094,1.3584792613983154,0.0009655572357587516,0.0,0.2993107736110687
789,full_ca_hmappo,1,0.46824219339805495,276,0.071875,0.0,0.125,0,37,0,0,-0.00030168332159519196,66.89999389648438,1.3870189189910889,0.0008039127569645643,0.0,0.275714635848999
790,full_ca_hmappo,1,0.8454890644425177,276,0.49125,0.0,0.375,0,293,0,0,0.00016487203538417816,115.26991271972656,1.3814177513122559,5.9118807257618755e-05,0.0,0.28552156686782837
791,full_ca_hmappo,1,0.5423782553498313,276,0.70125,0.0,0.5,0,549,0,0,-0.0005875075003132224,10.590577125549316,1.4236959218978882,3.078083318541758e-05,0.0,0.2664649784564972
792,full_ca_hmappo,1,0.3715728512311216,276,0.786875,0.0,0.5,0,805,0,0,-0.0017978267278522253,5.970995903015137,1.407646894454956,0.000640173617284745,0.0,0.26712554693222046
793,full_ca_hmappo,1,0.3940068184192569,277,0.11,0.0,0.0,0,61,0,0,-0.0024479012936353683,10.751884460449219,1.3940585851669312,0.0008499664254486561,0.0,0.27533918619155884
794,full_ca_hmappo,1,1.0705873705919657,277,0.4525,0.0,0.25,0,317,0,0,-0.0005762676591984928,108.02732849121094,1.1985228061676025,0.0004253486986272037,0.0,0.36066365242004395
795,full_ca_hmappo,1,0.6214251698511362,277,0.7125,0.0,0.75,0,573,0,0,-0.000848068855702877,10.730131149291992,1.4512567520141602,8.83151515154168e-05,0.0,0.25339624285697937
796,full_ca_hmappo,1,0.38302363586808497,277,0.806875,0.0,0.875,0,829,0,0,-0.002185187768191099,6.0569748878479,1.4098467826843262,0.0014937965897843242,0.0,0.2666018605232239
797,full_ca_hmappo,1,0.37523997457310543,278,0.09625,0.0,0.0,0,85,0,0,-0.001556187286041677,24.39529037475586,1.367914080619812,0.001373552717268467,0.0,0.28789782524108887
798,full_ca_hmappo,1,1.0153026976886395,278,0.361875,0.0,0.25,0,341,0,0,-0.0007326569175347686,111.39114379882812,1.2626187801361084,3.982444104622118e-05,0.0,0.34517163038253784
799,full_ca_hmappo,1,0.42302724575438333,278,0.4725,0.0,0.375,0,597,0,0,4.798981171916239e-05,6.312251091003418,1.4112353324890137,-0.0006139860488474369,0.0,0.2683344781398773
800,full_ca_hmappo,1,0.35174995415945887,278,0.55875,0.0,0.5,0,853,0,0,-0.0010589777957648039,9.084647178649902,1.413140058517456,-4.689752677222714e-05,0.0,0.2676483392715454
801,full_ca_hmappo,1,0.7911392084679392,279,0.205,0.0,0.125,0,109,0,0,-0.0003335668588988483,78.04167175292969,1.359137773513794,0.00015207621618174016,0.0,0.2858709692955017
802,full_ca_hmappo,1,0.9639507122192299,279,0.523125,0.0,0.375,0,365,0,0,-0.0005311283166520298,64.82308959960938,1.3362720012664795,0.0003409070777706802,0.0,0.30271783471107483
803,full_ca_hmappo,1,0.4812802184387692,279,0.586875,0.125,0.375,0,621,0,0,-0.0010780151933431625,25.190631866455078,1.3984808921813965,-4.578288644552231e-05,0.0,0.27536454796791077
804,full_ca_hmappo,1,0.20554344075208064,279,0.586875,0.25,0.375,0,877,0,0,0.00041069649159908295,7.084920883178711,1.3976285457611084,0.00030224243528209627,0.0,0.2757781445980072
805,full_ca_hmappo,1,0.12175407736503985,280,0.1325,0.0,0.0,0,133,0,0,-0.0006066275527700782,29.162004470825195,1.4037039279937744,0.00011573685333132744,0.0,0.27515125274658203
806,full_ca_hmappo,1,0.7765632374957931,280,0.456875,0.0,0.125,0,389,0,0,-0.0002838007058016956,24.24346160888672,1.2401361465454102,0.00018671713769435883,0.0,0.3693998456001282
807,full_ca_hmappo,1,0.8627503525149223,280,0.629375,0.125,0.625,0,645,0,0,-5.1429495215415955e-05,104.92179870605469,1.3672459125518799,-2.824142575263977e-05,0.0,0.2902655303478241
808,full_ca_hmappo,1,0.3519144301922097,280,0.65625,0.125,0.625,0,901,0,0,-0.003769348841160536,3.2918941974639893,1.4015578031539917,0.0004905659588985145,0.0,0.2735377550125122
809,full_ca_hmappo,1,0.8757990987905941,281,0.241875,0.0,0.25,0,157,0,0,-0.0027635451406240463,101.3365707397461,1.3105177879333496,0.003578048199415207,0.0,0.31337493658065796
810,full_ca_hmappo,1,0.6951488488011819,281,0.345,0.125,0.375,0,413,0,0,-0.003906275611370802,41.377166748046875,1.3825433254241943,-0.0003902296011801809,0.0,0.2746104598045349
811,full_ca_hmappo,1,0.2786923371913872,282,0.076875,0.0,0.0,0,73,0,0,-0.00036603337503038347,201.5470428466797,1.4183273315429688,0.0018579009920358658,0.0,0.26355141401290894
812,full_ca_hmappo,1,1.1427809585402429,282,0.396875,0.0,0.625,0,329,0,0,-0.00017514018691144884,169.46722412109375,1.2678025960922241,5.821976810693741e-05,0.0,0.33459579944610596
813,full_ca_hmappo,1,0.5443926668840504,282,0.576875,0.0,0.75,0,585,0,0,-0.0016733616357669234,9.685611724853516,1.4290883541107178,0.00019669625908136368,0.0,0.25944435596466064
814,full_ca_hmappo,1,0.4070964041745526,282,0.650625,0.0,0.75,0,841,0,0,-0.0033562739845365286,8.16229248046875,1.4015529155731201,0.0012392437784001231,0.0,0.263809472322464
815,full_ca_hmappo,1,0.6341802384722541,283,0.12625,0.0,0.0,0,97,0,0,-0.002060574945062399,71.77133178710938,1.3712414503097534,-0.0002670590183697641,0.0,0.281400203704834
816,full_ca_hmappo,1,0.9011329714412568,283,0.311875,0.0,0.25,0,353,0,0,-0.0006833355873823166,69.49678039550781,1.2771700620651245,0.00017175436369143426,0.0,0.3241049647331238
817,full_ca_hmappo,1,0.5407003693662773,283,0.3575,0.125,0.25,0,609,0,0,-5.8416277170181274e-05,28.828521728515625,1.427310824394226,0.0006351860938593745,0.0,0.2642443776130676
818,full_ca_hmappo,1,0.3294222587499007,283,0.36375,0.125,0.25,0,865,0,0,-0.0030874009244143963,2.177145004272461,1.413996934890747,0.0005304009537212551,0.0,0.26053234934806824
819,full_ca_hmappo,1,0.7817421748368361,284,0.19375,0.0,0.25,0,121,0,0,-0.0010452097048982978,68.14530944824219,1.328359842300415,0.0010362250031903386,0.0,0.3069816827774048
820,full_ca_hmappo,1,0.45087122450058814,284,0.340625,0.0,0.25,0,377,0,0,-0.0005692219128832221,21.09946060180664,1.384251594543457,0.0008498103125020862,0.0,0.28031104803085327
821,full_ca_hmappo,1,0.9177719472515946,285,0.309375,0.0,0.25,0,155,0,0,-0.0010242046555504203,262.8900146484375,1.3301551342010498,0.0006063265609554946,0.0,0.29874294996261597
822,full_ca_hmappo,1,0.7531316739441536,285,0.47,0.125,0.375,0,411,0,0,-0.00015103942132554948,48.11474609375,1.3276312351226807,-0.000203519914066419,0.0,0.30575430393218994
823,full_ca_hmappo,1,0.36909952074552166,285,0.4775,0.125,0.375,0,667,0,0,-0.00266403891146183,2.9777932167053223,1.3850479125976562,0.0002073578943964094,0.0,0.27442312240600586
824,full_ca_hmappo,1,0.32010700869091124,285,0.485,0.125,0.375,0,923,0,0,-0.0034872442483901978,3.8020992279052734,1.3962910175323486,-0.0009575171279720962,0.0,0.2666324973106384
825,full_ca_hmappo,1,0.38570976573646476,286,0.12375,0.0,0.125,0,179,0,0,-0.0003600356576498598,58.527732849121094,1.3464244604110718,0.0004743679310195148,0.0,0.2925567328929901
826,full_ca_hmappo,1,0.49027326659779646,286,0.45,0.0,0.125,0,435,0,0,-0.0007067832048051059,9.174158096313477,1.3835843801498413,5.700765177607536e-05,0.0,0.27265334129333496
827,full_ca_hmappo,1,0.5142374763327098,286,0.613125,0.0,0.375,0,691,0,0,-0.0001837611198425293,78.57835388183594,1.358182668685913,4.4073290155211e-06,0.0,0.28836899995803833
828,full_ca_hmappo,1,0.3958336667947151,286,0.703125,0.0,0.375,0,947,0,0,-0.0016566533595323563,6.091149806976318,1.4188652038574219,0.0008165181498043239,0.0,0.2650080919265747
829,full_ca_hmappo,1,0.8202876686846139,287,0.24375,0.125,0.125,0,203,0,0,1.9242366761318408e-05,100.69349670410156,1.3361897468566895,-0.0005595560069195926,0.0,0.29668593406677246
830,full_ca_hmappo,1,1.055621914261792,287,0.465625,0.125,0.5,0,459,0,0,-1.708728632365819e-05,86.9305191040039,1.2598179578781128,-0.0002205501514254138,0.0,0.34139081835746765
831,full_ca_hmappo,1,0.6529245817528135,287,0.59,0.25,0.5,0,715,0,0,-0.0005243128980509937,21.272523880004883,1.3201402425765991,-0.0003096298314630985,0.0,0.3122907876968384
832,full_ca_hmappo,1,0.4416958332876675,287,0.636875,0.375,0.5,0,971,0,0,-0.00015007487672846764,14.398258209228516,1.3503012657165527,7.588898006360978e-05,0.0,0.29324251413345337
833,full_ca_hmappo,1,0.8789987584395931,288,0.29625,0.0,0.375,0,227,0,0,-7.485940295737237e-05,152.14840698242188,1.323999047279358,-1.4813695088378154e-05,0.0,0.3083912134170532
834,full_ca_hmappo,1,0.3489250119346252,288,0.36125,0.0,0.375,0,483,0,0,-0.0002809387515299022,17.788097381591797,1.3878129720687866,0.00017941417172551155,0.0,0.27517038583755493
835,full_ca_hmappo,1,0.999004208639235,289,0.28,0.125,0.5,0,171,0,0,-3.1769897759659216e-05,580.4368896484375,1.344926118850708,-2.5381179511896335e-05,0.0,0.30379045009613037
836,full_ca_hmappo,1,0.579198776774092,289,0.421875,0.125,0.625,0,427,0,0,-0.004541197791695595,3.2877888679504395,1.3744864463806152,0.002356104552745819,0.0,0.28705430030822754
837,full_ca_hmappo,1,0.39253530751375365,289,0.450625,0.125,0.75,0,683,0,0,0.0014657925348728895,3.7585043907165527,1.3878802061080933,-0.0005469204625114799,0.0,0.2760324478149414
838,full_ca_hmappo,1,0.6980195324645138,289,0.57875,0.375,1.0,0,939,0,0,0.0015741413226351142,144.6412353515625,1.387953519821167,0.00013412348926067352,0.0,0.27348482608795166
839,full_ca_hmappo,1,0.35461455096810823,290,0.128125,0.0,0.0,0,195,0,0,-0.0006462770397774875,53.916168212890625,1.2250704765319824,-0.0003774134092964232,0.0,0.35641980171203613
840,full_ca_hmappo,1,1.0018296755315532,290,0.475625,0.0,0.5,0,451,0,0,0.0005646354402415454,193.56138610839844,1.3197859525680542,-0.00040164109668694437,0.0,0.3114004135131836
841,full_ca_hmappo,1,0.34079409839705477,290,0.52625,0.0,0.5,0,707,0,0,0.0006679973448626697,8.276006698608398,1.4233806133270264,-0.00016824730846565217,0.0,0.2649807333946228
842,full_ca_hmappo,1,0.42704607922496507,290,0.62375,0.0,0.75,0,963,0,0,-0.00020196940749883652,6.193619728088379,1.4223735332489014,8.935993537306786e-05,0.0,0.2640356421470642
843,full_ca_hmappo,1,0.9274924755045504,292,0.279375,0.0,0.5,0,179,0,0,-0.0003357871319167316,615.26416015625,1.3149285316467285,-5.9680860431399196e-05,0.0,0.3049417734146118
844,full_ca_hmappo,1,0.3782669812098902,292,0.419375,0.0,0.5,0,435,0,0,-0.0001347605139017105,11.439972877502441,1.413906455039978,-3.372629726072773e-05,0.0,0.26827117800712585
845,full_ca_hmappo,1,0.3266715043264412,292,0.483125,0.0,0.625,0,691,0,0,-0.0004829776880796999,3.005876064300537,1.4214255809783936,0.0001411538978572935,0.0,0.26471272110939026
846,full_ca_hmappo,1,0.36381087885320085,292,0.558125,0.0,0.875,0,947,0,0,-0.0005221975734457374,9.748507499694824,1.4054508209228516,0.0002443023840896785,0.0,0.2674459218978882
847,full_ca_hmappo,1,0.8507755309074128,293,0.278125,0.0,0.25,0,203,0,0,-0.0007765846094116569,138.57183837890625,1.3347548246383667,-0.0001291933876927942,0.0,0.2984720468521118
848,full_ca_hmappo,1,0.3620313023466224,293,0.366875,0.0,0.25,0,459,0,0,-0.0005007106810808182,14.636314392089844,1.3970451354980469,0.00031007532379589975,0.0,0.2691304683685303
849,full_ca_hmappo,1,0.26670114708679193,293,0.37875,0.0,0.25,0,715,0,0,-0.0009340271353721619,3.8018062114715576,1.4087413549423218,0.00023478595539927483,0.0,0.266848087310791
850,full_ca_hmappo,1,0.25282878963719213,293,0.384375,0.0,0.25,0,971,0,0,-0.001459093182347715,3.927194595336914,1.3988527059555054,0.001243131933733821,0.0,0.26717689633369446
851,full_ca_hmappo,1,0.9749375548472017,294,0.2675,0.0,0.375,0,227,0,0,-0.0004088599234819412,224.55813598632812,1.3805797100067139,-5.3865449444856495e-05,0.0,0.28154242038726807
852,full_ca_hmappo,1,0.4386019078465324,294,0.460625,0.0,0.375,0,483,0,0,-0.0006638035993091762,16.29364776611328,1.3969091176986694,0.000987670966424048,0.0,0.2713908553123474
853,full_ca_hmappo,1,0.43345854948552187,294,0.625,0.0,0.5,0,739,0,0,-0.001188718480989337,7.332761764526367,1.4261319637298584,-0.00012447405606508255,0.0,0.2608078718185425
854,full_ca_hmappo,1,0.4897567959378648,294,0.67375,0.125,0.5,0,995,0,0,0.00012723046529572457,36.77680969238281,1.4010032415390015,-0.0007207809248939157,0.0,0.26437732577323914
855,full_ca_hmappo,1,0.976475073461188,295,0.31625,0.0,0.25,0,251,0,0,-9.03674736036919e-05,232.607666015625,1.384728193283081,9.656682232161984e-05,0.0,0.2850399613380432
856,full_ca_hmappo,1,0.6468994919532634,295,0.40375,0.125,0.375,0,507,0,0,-0.00019196669745724648,40.885311126708984,1.3603971004486084,0.0003249957226216793,0.0,0.29107892513275146
857,full_ca_hmappo,1,0.8261037309445101,295,0.665625,0.25,0.625,0,763,0,0,-1.0386730536993127e-05,72.08816528320312,1.3776509761810303,-0.0004557422362267971,0.0,0.2891342043876648
858,full_ca_hmappo,1,0.41621927261485325,296,0.031875,0.0,0.0,0,19,0,0,-0.0001296081318287179,4.623136043548584,1.4193276166915894,6.253411993384361e-05,0.0,0.25825053453445435
859,full_ca_hmappo,1,0.7041845613375699,296,0.40875,0.0,0.125,0,275,0,0,-0.0004493196902330965,36.021873474121094,1.3377964496612549,-4.531831291387789e-05,0.0,0.3103337585926056
860,full_ca_hmappo,1,0.24983928685105639,296,0.52125,0.0,0.125,0,531,0,0,-0.00024234410375356674,35.470733642578125,1.4010035991668701,0.00021597775048576295,0.0,0.2706243395805359
861,full_ca_hmappo,1,0.14389042984839762,296,0.55,0.0,0.125,0,787,0,0,-0.000437932088971138,34.974266052246094,1.4113426208496094,3.171665593981743e-05,0.0,0.27128124237060547
862,full_ca_hmappo,1,1.06075755735219,297,0.098125,0.0,0.125,0,43,0,0,-0.00011805383110186085,210.85720825195312,1.3141827583312988,-5.3644802392227575e-05,0.0,0.31480392813682556
863,full_ca_hmappo,1,0.8322213842548081,297,0.409375,0.0,0.25,0,299,0,0,-0.0002791773003991693,77.29649353027344,1.3653008937835693,0.0001489841379225254,0.0,0.28051456809043884
864,full_ca_hmappo,1,0.30471266544543596,297,0.46,0.125,0.25,0,555,0,0,-2.4116909116855823e-05,17.548519134521484,1.421228289604187,-2.5367209673277102e-05,0.0,0.2636009454727173
865,full_ca_hmappo,1,0.5371814484947208,297,0.625,0.125,0.875,0,811,0,0,-0.00029697766876779497,134.27206420898438,1.4108871221542358,4.550302401185036e-05,0.0,0.2663416862487793
866,full_ca_hmappo,1,0.8331261585481116,298,0.15375,0.0,0.25,0,67,0,0,-0.00017788137483876199,148.06851196289062,1.3707355260849,8.966075256466866e-05,0.0,0.27769264578819275
867,full_ca_hmappo,1,0.6398738140233036,298,0.415625,0.0,0.375,0,323,0,0,-0.0004931936855427921,9.310394287109375,1.3907321691513062,0.0001428628747817129,0.0,0.2813916802406311
868,full_ca_hmappo,1,0.9762771267160133,300,0.2475,0.0,0.25,0,175,0,0,-0.00035028159618377686,559.3402709960938,1.3128842115402222,-0.0002905260189436376,0.0,0.30539801716804504
869,full_ca_hmappo,1,0.8322717772989563,300,0.491875,0.25,0.375,0,431,0,0,-0.00012415989476721734,123.71189880371094,1.3533611297607422,-8.914666250348091e-05,0.0,0.29762232303619385
870,full_ca_hmappo,1,0.27742400124270716,300,0.61625,0.25,0.375,0,687,0,0,-0.00024266168475151062,10.735456466674805,1.4227380752563477,0.00014300303882919252,0.0,0.265974760055542
871,full_ca_hmappo,1,0.1783967047012993,300,0.639375,0.25,0.375,0,943,0,0,-0.0009225308895111084,5.071691513061523,1.4174118041992188,0.0005643946933560073,0.0,0.2626745402812958
872,full_ca_hmappo,1,0.703294116887264,302,0.233125,0.0,0.375,0,157,0,0,-0.0004984649713151157,488.13336181640625,1.3458808660507202,0.0002978118136525154,0.0,0.2957635819911957
873,full_ca_hmappo,1,0.5506956426397664,302,0.463125,0.0,0.5,0,413,0,0,-0.000386316969525069,21.824121475219727,1.4088776111602783,0.00016945306560955942,0.0,0.26835066080093384
874,full_ca_hmappo,1,0.33673582108167466,302,0.52125,0.0,0.625,0,669,0,0,-0.00010224866855423898,5.8517069816589355,1.4212238788604736,0.0003070587699767202,0.0,0.2617940902709961
875,full_ca_hmappo,1,0.41174352740063114,302,0.61875,0.0,0.75,0,925,0,0,-0.0004319380968809128,11.409952163696289,1.4197591543197632,0.0005454515921883285,0.0,0.2629978656768799
876,full_ca_hmappo,1,0.32405236783233704,303,0.160625,0.0,0.125,0,181,0,0,-0.0006887292256578803,71.62290954589844,1.3611290454864502,0.00011913191701751202,0.0,0.2897176742553711
877,full_ca_hmappo,1,0.9285973157111584,303,0.373125,0.0,0.375,0,437,0,0,1.5099222764547449e-05,57.79494094848633,1.3129916191101074,-0.00014505055150948465,0.0,0.31533578038215637
878,full_ca_hmappo,1,0.3868293070593154,303,0.490625,0.0,0.5,0,693,0,0,-0.0009009515633806586,9.521452903747559,1.422074794769287,0.0006548943929374218,0.0,0.26281842589378357
879,full_ca_hmappo,1,0.38679642957015403,303,0.566875,0.0,0.5,0,949,0,0,-0.001414383528754115,4.373749732971191,1.4112441539764404,0.001337496330961585,0.0,0.2634929418563843
880,full_ca_hmappo,1,0.8387977441398107,304,0.26875,0.0,0.375,0,205,0,0,-0.00017260326421819627,261.8621520996094,1.3484106063842773,-0.0005901697441004217,0.0,0.2842661440372467
881,full_ca_hmappo,1,0.4608250134924674,304,0.4925,0.0,0.5,0,461,0,0,-0.00017109063628595322,8.713010787963867,1.41037917137146,-0.00018743379041552544,0.0,0.2685930132865906
882,full_ca_hmappo,1,0.48414171003719275,304,0.663125,0.0,0.5,0,717,0,0,-0.0003925599157810211,13.653334617614746,1.414108157157898,0.0004406211373861879,0.0,0.26751911640167236
883,full_ca_hmappo,1,0.5873079280554521,304,0.740625,0.125,0.75,0,973,0,0,3.112604463240132e-05,29.645444869995117,1.4354761838912964,9.733717888593674e-06,0.0,0.2532622516155243
884,full_ca_hmappo,1,0.8801991179734614,305,0.2625,0.0,0.125,0,229,0,0,-0.00011098416143795475,212.03927612304688,1.305558681488037,-1.354934647679329e-05,0.0,0.3099434971809387
885,full_ca_hmappo,1,0.7092690395147656,305,0.480625,0.125,0.25,0,485,0,0,-0.00029342685593292117,69.24369812011719,1.3453582525253296,0.00010545334953349084,0.0,0.3009597063064575
886,full_ca_hmappo,1,0.850717582507059,305,0.670625,0.125,0.875,0,741,0,0,-6.629123527090997e-05,91.78260040283203,1.3662965297698975,-3.6596011341316625e-05,0.0,0.27975189685821533
887,full_ca_hmappo,1,0.44246015829565977,305,0.756875,0.125,1.0,0,997,0,0,-0.0004039304330945015,7.121187210083008,1.4184837341308594,-0.00016071167192421854,0.0,0.25782161951065063
888,full_ca_hmappo,1,1.0468408310391624,306,0.335625,0.0,0.5,0,253,0,0,-0.0003628408012446016,152.1881103515625,1.36025071144104,-0.0002933399227913469,0.0,0.2861834764480591
889,full_ca_hmappo,1,0.6562655694315254,306,0.46375,0.125,0.5,0,509,0,0,-0.0004422677156981081,45.16850280761719,1.3948652744293213,0.00010622013360261917,0.0,0.28246280550956726
890,full_ca_hmappo,1,0.34851929458613995,306,0.531875,0.125,0.5,0,765,0,0,0.0001481228246120736,8.944205284118652,1.4217562675476074,-0.00038123829290270805,0.0,0.2615063786506653
891,full_ca_hmappo,1,0.30457434362961067,307,0.04625,0.0,0.0,0,21,0,0,-0.00010694004595279694,28.878095626831055,1.4179891347885132,-0.0004827876982744783,0.0,0.25719302892684937
892,full_ca_hmappo,1,0.6343478442263404,308,0.294375,0.0,0.375,0,224,0,0,-0.0006024750764481723,449.9915771484375,1.3598426580429077,2.1922169253230095e-05,0.0,0.27862563729286194
893,full_ca_hmappo,1,0.508792056596576,308,0.543125,0.0,0.625,0,480,0,0,-0.00046299397945404053,5.466750144958496,1.4335788488388062,0.00010007915261667222,0.0,0.25924190878868103
894,full_ca_hmappo,1,0.31646762873970147,308,0.6025,0.0,0.75,0,736,0,0,-0.0009950902312994003,4.810039520263672,1.4214967489242554,-0.0001494954340159893,0.0,0.26129913330078125
895,full_ca_hmappo,1,0.35492714920178514,308,0.6525,0.0,0.875,0,992,0,0,-0.0013821640750393271,5.274071216583252,1.4241608381271362,0.0012529375962913036,0.0,0.2571083605289459
896,full_ca_hmappo,1,0.7595115181757137,309,0.26625,0.0,0.125,0,248,0,0,-0.0002604990149848163,262.3253479003906,1.328659176826477,-0.0008557471446692944,0.0,0.30571240186691284
897,full_ca_hmappo,1,0.22093257799133426,309,0.31125,0.0,0.125,0,504,0,0,0.000198604233446531,32.01022720336914,1.4208297729492188,-0.00013336043048184365,0.0,0.26455771923065186
898,full_ca_hmappo,1,0.12546524687786587,310,0.159375,0.0,0.0,0,141,0,0,4.846043884754181e-05,266.9943542480469,1.3479669094085693,7.30920146452263e-05,0.0,0.2987073063850403
899,full_ca_hmappo,1,0.8243646123710278,310,0.27125,0.0,0.25,0,397,0,0,-0.00045567750930786133,118.59854888916016,1.324164628982544,-0.0001778827718226239,0.0,0.3081245422363281
900,full_ca_hmappo,1,0.5830491660271946,310,0.531875,0.0,0.5,0,653,0,0,-0.0006850282661616802,14.889182090759277,1.4128135442733765,-0.0002607878705020994,0.0,0.2681485414505005
901,full_ca_hmappo,1,0.4837868190861627,310,0.655625,0.0,0.75,0,909,0,0,-0.0007367394864559174,6.6708173751831055,1.4271920919418335,0.00042246957309544086,0.0,0.2565400004386902
902,full_ca_hmappo,1,0.750586894620028,311,0.30875,0.0,0.25,0,165,0,0,-0.001103754504583776,81.42253112792969,1.3681424856185913,0.0006846622563898563,0.0,0.28213220834732056
903,full_ca_hmappo,1,0.8925450078174322,311,0.565625,0.125,0.625,0,421,0,0,-0.0009727428550831974,52.17112350463867,1.3647220134735107,0.0012152515118941665,0.0,0.2885182499885559
904,full_ca_hmappo,1,0.727043849624124,311,0.6575,0.25,0.75,0,677,0,0,-0.0008315084269270301,35.92638397216797,1.3952033519744873,-3.760649633477442e-05,0.0,0.2771558165550232
905,full_ca_hmappo,1,0.3215030288750427,311,0.658125,0.25,0.75,0,933,0,0,-0.006065182387828827,1.4819339513778687,1.4369990825653076,0.004230095073580742,0.0,0.25553733110427856
906,full_ca_hmappo,1,0.9920005703279458,312,0.3575,0.0,0.25,0,189,0,0,0.00016217492520809174,170.74444580078125,1.253117561340332,0.0001891197171062231,0.0,0.3452537953853607
907,full_ca_hmappo,1,0.7250838136492348,312,0.576875,0.125,0.5,0,445,0,0,-0.0005313779111020267,36.08595657348633,1.384495496749878,0.0016983593814074993,0.0,0.278190553188324
908,full_ca_hmappo,1,0.5107134873446739,312,0.68375,0.125,0.75,0,701,0,0,-0.0012181035708636045,6.528144836425781,1.4171178340911865,0.00017357571050524712,0.0,0.268126904964447
909,full_ca_hmappo,1,0.45763791362060147,312,0.760625,0.25,0.875,0,957,0,0,-0.0012726293643936515,36.47247314453125,1.4612252712249756,0.0015166120138019323,0.0,0.2526754140853882
910,full_ca_hmappo,1,0.06893548011157691,313,0.1775,0.0,0.0,0,213,0,0,-1.3054348528385162e-05,83.98281860351562,1.360809087753296,0.0004844453651458025,0.0,0.2859055697917938
911,full_ca_hmappo,1,0.2847613674821332,314,0.15625,0.0,0.5,0,127,0,0,-0.0005779161001555622,670.473876953125,1.3283857107162476,0.000935538555495441,0.0,0.3025389611721039
912,full_ca_hmappo,1,0.6619120430273142,314,0.389375,0.125,0.75,0,383,0,0,-0.001222305349074304,32.498023986816406,1.3895683288574219,0.0005004298291169107,0.0,0.27608591318130493
913,full_ca_hmappo,1,0.41336055500869406,314,0.5,0.125,0.75,0,639,0,0,-0.0012166656088083982,7.125174522399902,1.4408067464828491,9.571233385941014e-05,0.0,0.25609010457992554
914,full_ca_hmappo,1,0.5277088398700016,314,0.725,0.125,1.0,0,895,0,0,-0.0011239483719691634,17.394184112548828,1.4618037939071655,8.927441376727074e-05,0.0,0.2477351427078247
915,full_ca_hmappo,1,0.8807452357577858,315,0.23125,0.0,0.125,0,151,0,0,-0.0009143520146608353,182.18519592285156,1.372406244277954,0.0004711508227046579,0.0,0.28984740376472473
916,full_ca_hmappo,1,0.7718281255793045,315,0.4375,0.0,0.5,0,407,0,0,0.00023805629462003708,95.6280517578125,1.362821340560913,-0.0002920084516517818,0.0,0.28773510456085205
917,full_ca_hmappo,1,0.4689798135368619,316,0.275,0.0,0.125,0,233,0,0,-9.707703429739922e-05,303.7334289550781,1.3457591533660889,0.0001366728392895311,0.0,0.30028218030929565
918,full_ca_hmappo,1,0.6864526286353794,316,0.444375,0.0,0.5,0,489,0,0,-0.0009024342289194465,55.68861389160156,1.4072108268737793,-0.0006896803970448673,0.0,0.2758437991142273
919,full_ca_hmappo,1,0.4287467674078016,316,0.609375,0.0,0.5,0,745,0,0,-0.00034652528120204806,4.737015724182129,1.4543142318725586,-1.1079013347625732e-05,0.0,0.24885252118110657
920,full_ca_hmappo,1,0.4011496305029141,317,0.00625,0.0,0.0,0,1,0,0,0.00034346774918958545,30.381061553955078,1.4307425022125244,-0.00017937412485480309,0.0,0.25984281301498413
921,full_ca_hmappo,1,1.1931728162862782,317,0.343125,0.0,0.625,0,257,0,0,-0.00019681639969348907,162.61407470703125,1.2818071842193604,-5.197889913688414e-05,0.0,0.32826411724090576
922,full_ca_hmappo,1,0.39116559382819105,317,0.4075,0.125,0.625,0,513,0,0,-0.00019504906958900392,31.273914337158203,1.4443817138671875,2.8089776606066152e-05,0.0,0.25516408681869507
923,full_ca_hmappo,1,0.31967636723629766,317,0.414375,0.125,0.625,0,769,0,0,-0.0039253151044249535,2.7340292930603027,1.4249166250228882,0.002046579960733652,0.0,0.26041585206985474
924,full_ca_hmappo,1,0.43583855897986723,318,0.02,0.0,0.0,0,25,0,0,-0.003140469780191779,46.27381134033203,1.4126700162887573,0.0027409286703914404,0.0,0.2662784457206726
925,full_ca_hmappo,1,1.1282687298808014,318,0.265,0.0,0.375,0,281,0,0,0.0010394779965281487,199.9883575439453,1.323922872543335,0.0002705486840568483,0.0,0.30686450004577637
926,full_ca_hmappo,1,0.636021779393559,318,0.375,0.125,0.375,0,537,0,0,-0.00024422694696113467,28.996688842773438,1.4024553298950195,-0.0012863148003816605,0.0,0.2693469524383545
927,full_ca_hmappo,1,0.4743737207045342,318,0.459375,0.25,0.5,0,793,0,0,-0.0014600623399019241,71.10042572021484,1.3965401649475098,0.00037560155033133924,0.0,0.2689073383808136
928,full_ca_hmappo,1,0.8041890876970683,319,0.10875,0.0,0.25,0,49,0,0,-6.2640756368637085e-06,118.54618835449219,1.3948924541473389,0.00010502408258616924,0.0,0.27601155638694763
929,full_ca_hmappo,1,1.0785995401001855,319,0.45,0.125,0.625,0,305,0,0,-0.0002870646712835878,99.51907348632812,1.3560292720794678,0.0006546512595377862,0.0,0.2984216511249542
930,full_ca_hmappo,1,0.4418707811910281,319,0.581875,0.125,0.75,0,561,0,0,-0.0002281051129102707,6.584273815155029,1.4540765285491943,4.2448598833289e-05,0.0,0.2550260126590729
931,full_ca_hmappo,1,0.26386527495287737,319,0.601875,0.125,0.75,0,817,0,0,-0.0009498621220700443,2.6900734901428223,1.4456071853637695,1.4461732462223154e-05,0.0,0.2587831914424896
932,full_ca_hmappo,1,0.8269011476445485,320,0.1025,0.0,0.25,0,73,0,0,-1.2677162885665894e-05,208.39254760742188,1.4410889148712158,-0.0005142794689163566,0.0,0.2602192163467407
933,full_ca_hmappo,1,0.3975741168569584,321,0.09125,0.0,0.0,0,63,0,0,-2.9204413294792175e-05,340.28631591796875,1.3891448974609375,-6.501997995655984e-05,0.0,0.27142632007598877
934,full_ca_hmappo,1,1.125263151742729,321,0.49375,0.0,0.5,0,319,0,0,-0.0001642486749915406,180.27511596679688,1.3542935848236084,0.00020899111405014992,0.0,0.2834876477718353
935,full_ca_hmappo,1,0.3272472932403616,321,0.57375,0.0,0.625,0,575,0,0,-0.00035065971314907074,18.585676193237305,1.4382399320602417,0.00022957164037507027,0.0,0.2539432644844055
936,full_ca_hmappo,1,0.23456565645619776,321,0.576875,0.0,0.625,0,831,0,0,-0.0003301942197140306,2.5213937759399414,1.4482710361480713,-6.998253229539841e-05,0.0,0.2520030438899994
937,full_ca_hmappo,1,0.6461122829059605,322,0.2275,0.0,0.25,0,150,0,0,-6.111215043347329e-05,206.04953002929688,1.3466594219207764,-0.00016040533955674618,0.0,0.29587531089782715
938,full_ca_hmappo,1,0.6552083938477153,322,0.514375,0.0,0.625,0,406,0,0,-0.00018902248120866716,11.158773422241211,1.3875370025634766,0.000260800588876009,0.0,0.27443039417266846
939,full_ca_hmappo,1,0.584597009808931,322,0.68125,0.125,0.625,0,662,0,0,-0.00015468026685994118,30.96473503112793,1.4417742490768433,3.583729267120361e-05,0.0,0.25859174132347107
940,full_ca_hmappo,1,0.4026864350107644,322,0.723125,0.125,0.875,0,918,0,0,-0.0008835724438540637,4.498076438903809,1.4386072158813477,0.00010487546387594193,0.0,0.2558802366256714
941,full_ca_hmappo,1,0.336353762798808,323,0.208125,0.0,0.0,0,242,0,0,-0.00047705695033073425,97.66352844238281,1.4255527257919312,-7.636442023795098e-05,0.0,0.26016443967819214
942,full_ca_hmappo,1,1.0490370806388682,323,0.4625,0.0,0.5,0,498,0,0,-0.00019387125212233514,149.47030639648438,1.2938928604125977,-0.00016321460134349763,0.0,0.33448266983032227
943,full_ca_hmappo,1,0.4940275253707114,323,0.68,0.0,0.75,0,754,0,0,-0.00021146549261175096,6.097525596618652,1.4426931142807007,-0.0001223469153046608,0.0,0.25316429138183594
944,full_ca_hmappo,1,0.29830279101815904,324,0.02125,0.0,0.0,0,10,0,0,6.658646270807367e-06,8.62516975402832,1.4399492740631104,-0.000127322506159544,0.0,0.26015937328338623
945,full_ca_hmappo,1,1.1112586569015548,324,0.44375,0.0,0.75,0,266,0,0,-0.0008208658546209335,160.03514099121094,1.3158934116363525,0.0002558570704422891,0.0,0.31706300377845764
946,full_ca_hmappo,1,0.5044540418372776,324,0.658125,0.0,0.75,0,522,0,0,-0.0006407005712389946,7.980615615844727,1.4488577842712402,-6.650364957749844e-05,0.0,0.2553059160709381
947,full_ca_hmappo,1,0.44041622490658483,324,0.718125,0.125,0.75,0,778,0,0,-0.00030199874890968204,14.57650375366211,1.4351723194122314,-0.00016103428788483143,0.0,0.25480008125305176
948,full_ca_hmappo,1,0.3253993673288278,325,0.035625,0.0,0.0,0,34,0,0,-0.0003572374989744276,21.318702697753906,1.4281847476959229,0.0002563623711466789,0.0,0.26031336188316345
949,full_ca_hmappo,1,0.7606627545419542,326,0.37,0.0,0.5,0,235,0,0,-0.0007918371702544391,519.8387451171875,1.3647663593292236,0.0002845432609319687,0.0,0.2919853925704956
950,full_ca_hmappo,1,0.5765032319977763,326,0.58625,0.0,0.625,0,491,0,0,-0.0010274139931425452,7.323227882385254,1.4606174230575562,-0.0003497051075100899,0.0,0.25198686122894287
951,full_ca_hmappo,1,0.4591152087766659,326,0.74875,0.0,0.75,0,747,0,0,-0.0021215984597802162,7.164219856262207,1.43729829788208,0.0005139359273016453,0.0,0.2563748061656952
952,full_ca_hmappo,1,0.739814689339255,327,0.00875,0.0,0.125,0,3,0,0,0.00019698994583450258,60.35768127441406,1.4350478649139404,-0.0007970560109242797,0.0,0.26126962900161743
953,full_ca_hmappo,1,0.9925427656053216,327,0.363125,0.125,0.5,0,259,0,0,0.00015881906438153237,123.05857849121094,1.3915742635726929,0.00029825232923030853,0.0,0.28058165311813354
954,full_ca_hmappo,1,0.9261731933620467,328,0.183125,0.0,0.375,0,83,0,0,-0.0001439893094357103,443.3924255371094,1.3598712682724,-0.00015807377349119633,0.0,0.28987282514572144
955,full_ca_hmappo,1,0.15915516079985537,329,0.149375,0.0,0.125,0,226,0,0,9.560337275615893e-06,358.9586181640625,1.303858995437622,0.00011646895291050896,0.0,0.32234838604927063
956,full_ca_hmappo,1,0.4552650007090051,329,0.468125,0.0,0.125,0,482,0,0,-0.0014630233636125922,8.05392074584961,1.4478992223739624,-0.0001484292297391221,0.0,0.25908738374710083
957,full_ca_hmappo,1,0.7662773869451485,329,0.685,0.0,0.625,0,738,0,0,-8.555750355299097e-06,55.922664642333984,1.4036916494369507,-0.0004628336464520544,0.0,0.2737116515636444
958,full_ca_hmappo,1,0.6252927308808012,329,0.809375,0.125,0.625,0,994,0,0,-5.657225847244263e-05,46.12978744506836,1.425788402557373,1.8224896848550998e-05,0.0,0.26331382989883423
959,full_ca_hmappo,1,0.13726815842164797,332,0.015625,0.0,0.0,0,6,0,0,0.0001553973852423951,764.1105346679688,1.3892806768417358,-0.00014525986625812948,0.0,0.27287557721138
960,full_ca_hmappo,1,0.4736612060705738,332,0.29,0.0,0.125,0,262,0,0,-0.0015285074478015304,61.442893981933594,1.3603595495224,0.0003917416324838996,0.0,0.2849244177341461
961,full_ca_hmappo,1,0.7625996461520117,332,0.55875,0.0,0.75,0,518,0,0,-0.001430125324986875,91.74263000488281,1.4224858283996582,-0.00022830534726381302,0.0,0.2635149359703064
962,full_ca_hmappo,1,0.734104807703261,332,0.740625,0.25,1.0,0,774,0,0,-0.0005696995067410171,63.61191940307617,1.4508103132247925,-0.0001883408986032009,0.0,0.24979501962661743
963,full_ca_hmappo,1,0.430627356914556,333,0.070625,0.0,0.0,0,30,0,0,-0.0008922318811528385,53.2070198059082,1.4061274528503418,0.00030752684688195586,0.0,0.26795193552970886
964,full_ca_hmappo,1,0.9030121485520795,333,0.411875,0.0,0.25,0,286,0,0,-0.002380065154284239,72.39910888671875,1.352100133895874,-0.001196281984448433,0.0,0.301791787147522
965,full_ca_hmappo,1,0.8186933643046359,333,0.73625,0.125,0.625,0,542,0,0,-0.0008428736473433673,51.466670989990234,1.4227204322814941,0.00011998492846032605,0.0,0.2619900405406952
966,full_ca_hmappo,1,0.7000910114408612,333,0.805,0.25,0.625,0,798,0,0,-3.5875167668564245e-05,39.07506561279297,1.3718676567077637,0.00024927937192842364,0.0,0.29369819164276123
967,full_ca_hmappo,1,0.8995315540960291,334,0.11875,0.0,0.375,0,54,0,0,-0.00028747384203597903,217.42559814453125,1.3502099514007568,-6.0517340898513794e-05,0.0,0.29649174213409424
968,full_ca_hmappo,1,0.4547646114242525,334,0.240625,0.0,0.5,0,310,0,0,-0.0003545054642017931,20.56791877746582,1.3941949605941772,-0.00019265510491095483,0.0,0.2753377854824066
969,full_ca_hmappo,1,0.6965153122418997,334,0.4325,0.25,0.75,0,566,0,0,-0.0013737361878156662,61.43991470336914,1.450498104095459,-0.000629778194706887,0.0,0.25665369629859924
970,full_ca_hmappo,1,0.42903175692981677,334,0.533125,0.25,0.75,0,822,0,0,-9.653376037022099e-05,10.021377563476562,1.4381321668624878,0.00038953343755565584,0.0,0.2644839882850647
971,full_ca_hmappo,1,0.5473046457773307,335,0.18,0.0,0.125,0,78,0,0,-0.0006160000339150429,93.33232879638672,1.3944318294525146,0.00013721719733439386,0.0,0.2785707414150238
972,full_ca_hmappo,1,1.0184172409863095,335,0.47625,0.0,0.5,0,334,0,0,-0.0003239906800445169,97.2537612915039,1.345889925956726,-9.351721018902026e-06,0.0,0.3094993233680725
973,full_ca_hmappo,1,0.5169565193400558,335,0.574375,0.125,0.625,0,590,0,0,-0.0007765442132949829,24.11561393737793,1.46283757686615,0.000543072703294456,0.0,0.26052841544151306
974,full_ca_hmappo,1,0.4560240386708756,335,0.585,0.25,0.625,0,846,0,0,-0.00013899555779062212,31.14850616455078,1.4490876197814941,0.0004987273132428527,0.0,0.2664702832698822
975,full_ca_hmappo,1,1.0002793157655105,336,0.2025,0.0,0.375,0,102,0,0,-0.0004621247644536197,235.7300262451172,1.3787267208099365,0.0004744335892610252,0.0,0.2858564853668213
976,full_ca_hmappo,1,0.5987936414321666,336,0.4025,0.125,0.375,0,358,0,0,-0.0033070682547986507,35.18434143066406,1.4254993200302124,0.0009266025153920054,0.0,0.2646997570991516
977,full_ca_hmappo,1,0.71704590983245,336,0.471875,0.375,0.375,0,614,0,0,-0.0017718859016895294,192.6204833984375,1.4428727626800537,0.0007822359912097454,0.0,0.2589033246040344
978,full_ca_hmappo,1,0.32761285952506114,336,0.533125,0.375,0.375,0,870,0,0,0.0017830667784437537,9.798757553100586,1.46644926071167,-0.0002285678347107023,0.0,0.2507920563220978
979,full_ca_hmappo,1,0.25129259934783477,338,0.04625,0.0,0.0,0,41,0,0,0.0006283000111579895,512.7193603515625,1.4403918981552124,0.0001168892122223042,0.0,0.2628796696662903
980,full_ca_hmappo,1,0.25448161907934264,338,0.25625,0.0,0.0,0,297,0,0,0.00013069467968307436,37.947540283203125,1.460746169090271,0.0003100303001701832,0.0,0.2599085867404938
981,full_ca_hmappo,1,0.9257940362294903,338,0.410625,0.0,0.25,0,553,0,0,0.0001208130270242691,188.02911376953125,1.3497209548950195,0.00028495676815509796,0.0,0.3036819100379944
982,full_ca_hmappo,1,0.3820390945411418,338,0.48,0.0,0.25,0,809,0,0,-0.0006651574512943625,6.489998817443848,1.4638726711273193,0.0006397028919309378,0.0,0.25551533699035645
983,full_ca_hmappo,1,0.2295905468854471,339,0.10375,0.0,0.0,0,65,0,0,-0.0004002942587248981,35.828765869140625,1.4523361921310425,-0.00042139607830904424,0.0,0.26167720556259155
984,full_ca_hmappo,1,1.167569029463266,340,0.326875,0.125,0.625,0,234,0,0,-0.00031453309929929674,482.8354187011719,1.4034366607666016,6.95250928401947e-05,0.0,0.2841339111328125
985,full_ca_hmappo,1,0.7568090829140601,340,0.47875,0.5,0.625,0,490,0,0,-0.0001857709139585495,67.2981185913086,1.3981506824493408,1.3215157196100336e-05,0.0,0.2917989194393158
986,full_ca_hmappo,1,0.6468644504889198,340,0.625,0.625,0.75,0,746,0,0,0.0001345314085483551,74.52304077148438,1.409014105796814,-4.1277769923908636e-05,0.0,0.28191903233528137
987,full_ca_hmappo,1,0.2158159317987156,341,0.008125,0.0,0.0,0,2,0,0,-5.5667635024292395e-05,9.394548416137695,1.4733753204345703,7.601299876114354e-05,0.0,0.25198835134506226
988,full_ca_hmappo,1,1.1412369200247667,341,0.3925,0.0,0.625,0,258,0,0,-9.592591959517449e-05,221.3634033203125,1.3427133560180664,-2.4675624445080757e-05,0.0,0.30275747179985046
989,full_ca_hmappo,1,0.4543243349471595,341,0.469375,0.125,0.625,0,514,0,0,-0.00033704936504364014,52.47046661376953,1.4244130849838257,3.6120880395174026e-05,0.0,0.2671430706977844
990,full_ca_hmappo,1,0.441456821355132,341,0.556875,0.125,0.625,0,770,0,0,-0.00232648360542953,3.53938364982605,1.46811842918396,0.0005543541046790779,0.0,0.2538270950317383
991,full_ca_hmappo,1,0.5879018506911962,342,0.033125,0.0,0.0,0,26,0,0,-0.000715139030944556,55.516441345214844,1.441957950592041,0.0002579037973191589,0.0,0.26661330461502075
992,full_ca_hmappo,1,1.0100151535516488,343,0.37,0.0,0.375,0,212,0,0,-0.00142386625520885,416.37554931640625,1.3240159749984741,0.0004727880877908319,0.0,0.3187873363494873
993,full_ca_hmappo,1,1.0596840138998687,344,0.24625,0.0,0.25,0,229,0,0,-0.0003443497116677463,467.1009521484375,1.2816698551177979,0.00021315072081051767,0.0,0.34091800451278687
994,full_ca_hmappo,1,0.756525488841362,344,0.466875,0.125,0.375,0,485,0,0,-0.0006742313271388412,38.1317024230957,1.4042785167694092,0.00010774859401863068,0.0,0.284618616104126
995,full_ca_hmappo,1,0.396672902957107,344,0.531875,0.25,0.375,0,741,0,0,-0.0002563347516115755,11.468290328979492,1.4179222583770752,-0.0001487849949626252,0.0,0.2745285630226135
996,full_ca_hmappo,1,1.0109910169958312,344,0.64875,0.375,0.75,0,997,0,0,-9.746973955770954e-05,325.58856201171875,1.3096339702606201,0.00023852770391386002,0.0,0.32047098875045776
997,full_ca_hmappo,1,1.14210468481906,346,0.309375,0.0,0.5,0,193,0,0,-0.00037509328103624284,479.96551513671875,1.2627032995224,3.1532177672488615e-05,0.0,0.3354721963405609
998,full_ca_hmappo,1,0.7309497483179257,346,0.4775,0.25,0.75,0,449,0,0,-0.0001735743135213852,63.67546844482422,1.3859837055206299,3.93983609683346e-05,0.0,0.2910325527191162
999,full_ca_hmappo,1,0.4943664981510665,346,0.564375,0.375,0.75,0,705,0,0,-0.0008820444345474243,32.9246711730957,1.4453043937683105,-0.0002109822817146778,0.0,0.25986266136169434
1000,full_ca_hmappo,1,0.25790704623796046,346,0.564375,0.375,0.75,0,961,0,0,-0.0051161982119083405,2.4000160694122314,1.4562242031097412,-0.0003828012850135565,0.0,0.26228460669517517
