update,ablation,scenario,rollout_reward_mean,episode_count,coverage_ratio,inspection_success_rate,target_detection_rate,mission_success,mission_time,collision_count,invalid_action_count,policy_loss,value_loss,entropy,approx_kl,clip_fraction,mean_action_probability
1,full_ca_hmappo,1,-0.2427694280340802,2,0.036875,0.0,0.0,0,93,0,0,-0.005918070208281279,180.2787628173828,1.7104867696762085,0.0004270187928341329,0.0,0.18946611881256104
2,full_ca_hmappo,1,-0.03635391737043392,4,0.014375,0.0,0.0,0,13,0,0,-0.005285095423460007,231.43930053710938,1.7307279109954834,0.002032473450526595,0.0,0.18137717247009277
3,full_ca_hmappo,1,-0.4341855811071582,5,0.020625,0.0,0.0,0,41,0,0,-0.00223280256614089,169.54159545898438,1.7043908834457397,2.7446698368294165e-05,0.0,0.19284725189208984
4,full_ca_hmappo,1,-0.4676056891330518,6,0.045625,0.0,0.0,0,148,0,0,-0.0025816597044467926,73.42459106445312,1.7253446578979492,-0.000601576582994312,0.0,0.1849326491355896
5,full_ca_hmappo,1,-0.3016057453060057,9,0.01,0.0,0.0,0,4,0,0,-0.0009485092014074326,302.2155456542969,1.690390944480896,-0.00042306125396862626,0.0,0.19351732730865479
6,full_ca_hmappo,1,0.059339158045077056,10,0.03625,0.0,0.0,0,171,0,0,-0.002625945955514908,162.4000701904297,1.6904581785202026,0.00022923373035155237,0.0,0.19770179688930511
7,full_ca_hmappo,1,-0.5544515595684061,12,0.046875,0.0,0.0,0,77,0,0,-0.0007960728253237903,226.66314697265625,1.7030242681503296,0.0005258670425973833,0.0,0.19227664172649384
8,full_ca_hmappo,1,0.1829488646617392,14,0.043125,0.0,0.0,0,84,0,0,-0.001724759815260768,203.20321655273438,1.6723065376281738,-0.001099742716178298,0.0,0.20353136956691742
9,full_ca_hmappo,1,0.02273270220211998,16,0.035625,0.0,0.0,0,110,0,0,-0.002551823854446411,192.3848876953125,1.694470763206482,0.0013975577894598246,0.0,0.1999831646680832
10,full_ca_hmappo,1,-0.5077978680565138,20,0.023125,0.0,0.0,0,21,0,0,-0.00018113976693712175,184.09564208984375,1.6948585510253906,0.0010042664362117648,0.0,0.19717709720134735
11,full_ca_hmappo,1,-0.2921134010748574,21,0.04875,0.0,0.125,0,117,0,0,-0.0011525421869009733,90.71690368652344,1.670124888420105,-0.00031500752083957195,0.0,0.20748254656791687
12,full_ca_hmappo,1,-0.1510699379723519,21,0.0725,0.0,0.25,0,373,0,0,-0.003140658838674426,101.45979309082031,1.639066457748413,3.754526187549345e-05,0.0,0.21418140828609467
13,full_ca_hmappo,1,0.03859175040634,22,0.0275,0.0,0.0,0,142,0,0,-0.0008591500809416175,221.83291625976562,1.6258395910263062,-0.0016337836859747767,0.0,0.2174989879131317
14,full_ca_hmappo,1,0.43774250985757135,22,0.05875,0.0,0.0,0,398,0,0,-0.002035524696111679,119.5246810913086,1.654123306274414,-0.00022848890512250364,0.0,0.21286122500896454
15,full_ca_hmappo,1,0.25312395741025284,24,0.0175,0.0,0.0,0,15,0,0,-0.0011961550917476416,343.016845703125,1.6689866781234741,0.0010380659950897098,0.0,0.20140330493450165
16,full_ca_hmappo,1,-0.33704999762267107,25,0.01875,0.0,0.0,0,130,0,0,-0.0021945748012512922,224.73843383789062,1.6200158596038818,-0.00030992948450148106,0.0,0.22987112402915955
17,full_ca_hmappo,1,-0.32374373446009486,26,0.0525,0.0,0.0,0,222,0,0,0.0005850935121998191,42.720252990722656,1.6380698680877686,0.0003525910433381796,0.0,0.21698850393295288
18,full_ca_hmappo,1,-0.30508799507424555,27,0.045,0.0,0.125,0,233,0,0,-0.0013739907881245017,160.35116577148438,1.630615472793579,0.001281116739846766,0.0,0.21568457782268524
19,full_ca_hmappo,1,0.1018965473776916,28,0.061875,0.0,0.0,0,74,0,0,-0.002819505287334323,229.994873046875,1.6177763938903809,-0.0014291818952187896,0.0,0.2247040867805481
20,full_ca_hmappo,1,-0.022733613917807816,28,0.0975,0.0,0.0,0,330,0,0,-0.013739032670855522,19.76100730895996,1.571098804473877,0.0029577873647212982,0.0,0.24107173085212708
21,full_ca_hmappo,1,-0.1396099049679833,28,0.13125,0.0,0.0,0,586,0,0,-0.003275783732533455,15.031160354614258,1.5768054723739624,0.0015664221718907356,0.0,0.24138528108596802
22,full_ca_hmappo,1,-0.07975430750911983,28,0.13125,0.0,0.0,0,842,0,0,0.0002612037060316652,4.971475601196289,1.5832602977752686,0.008151451125741005,0.0,0.2297554314136505
23,full_ca_hmappo,1,0.057768542243138654,29,0.029375,0.0,0.0,0,98,0,0,0.0002244276402052492,6.6152238845825195,1.5747387409210205,0.0008182681049220264,0.0,0.24103963375091553
24,full_ca_hmappo,1,0.09072254328475537,29,0.059375,0.0,0.0,0,354,0,0,-0.0013145202537998557,70.43916320800781,1.579254150390625,0.0017350681591778994,0.0,0.23279248178005219
25,full_ca_hmappo,1,0.04092232736061874,29,0.074375,0.0,0.0,0,610,0,0,-0.002597946673631668,40.78924560546875,1.5540159940719604,-0.0012116972357034683,0.0,0.24502956867218018
26,full_ca_hmappo,1,-0.036538963269777014,29,0.104375,0.0,0.0,0,866,0,0,-0.006570637226104736,1.9392913579940796,1.559135913848877,0.001379081979393959,0.0,0.2380746454000473
27,full_ca_hmappo,1,0.500486945647026,30,0.040625,0.0,0.0,0,122,0,0,0.0025809891521930695,174.3905029296875,1.5348705053329468,0.0052541205659508705,0.0,0.24115405976772308
28,full_ca_hmappo,1,-0.06931595497007947,30,0.06125,0.0,0.0,0,378,0,0,-0.0037188041023910046,6.132716178894043,1.4882259368896484,0.0019012641860172153,0.0,0.2697024941444397
29,full_ca_hmappo,1,-0.023443167930963682,30,0.074375,0.0,0.0,0,634,0,0,-0.01238708384335041,3.531203031539917,1.4798076152801514,0.007518771570175886,0.0,0.2704162001609802
30,full_ca_hmappo,1,0.15973013412440196,30,0.12375,0.0,0.0,0,890,0,0,-0.0031263637356460094,11.735045433044434,1.4894475936889648,0.0019690885674208403,0.0,0.26709556579589844
31,full_ca_hmappo,1,0.39469078016935555,33,0.02875,0.0,0.0,0,85,0,0,-0.0036091278307139874,227.12046813964844,1.461647391319275,0.0050048320554196835,0.0,0.2783454656600952
32,full_ca_hmappo,1,-0.04799340663635121,36,0.0325,0.0,0.0,0,97,0,0,0.0015605371445417404,171.2993927001953,1.4185785055160522,0.0016246503219008446,0.0,0.3126034736633301
33,full_ca_hmappo,1,-0.09116761849145405,39,0.089375,0.0,0.125,0,130,0,0,-0.002151650842279196,310.0267333984375,1.404919147491455,-0.0008363956585526466,0.0,0.3226425051689148
34,full_ca_hmappo,1,0.39367935691188904,39,0.295,0.0,0.375,0,386,0,0,0.0005432317848317325,144.41671752929688,1.4046001434326172,-0.001380127272568643,0.0,0.3223976492881775
35,full_ca_hmappo,1,0.07753177558583957,39,0.32125,0.0,0.375,0,642,0,0,-0.0011010083835572004,4.715931415557861,1.4441750049591064,7.748184725642204e-05,0.0,0.3076851963996887
36,full_ca_hmappo,1,-0.0017701074921205873,39,0.323125,0.0,0.375,0,898,0,0,-0.010189315304160118,5.1114349365234375,1.4743402004241943,0.0009055538102984428,0.0,0.28360551595687866
37,full_ca_hmappo,1,-0.02488803089852354,40,0.076875,0.0,0.125,0,154,0,0,-0.0032134498469531536,61.28512954711914,1.3447787761688232,-0.0003641881048679352,0.0,0.33228394389152527
38,full_ca_hmappo,1,-0.0647385172014765,40,0.1425,0.0,0.125,0,410,0,0,-0.0013419383903965354,7.255795955657959,1.4435895681381226,0.003787004854530096,0.0,0.2957320213317871
39,full_ca_hmappo,1,-0.04164173422032036,40,0.148125,0.0,0.125,0,666,0,0,-0.001185960485599935,5.84207820892334,1.4802372455596924,0.0008503118879161775,0.0,0.2813654839992523
40,full_ca_hmappo,1,-0.03253950132057071,40,0.149375,0.0,0.125,0,922,0,0,-0.004165340214967728,1.4095373153686523,1.5274057388305664,0.0029013226740062237,0.0,0.25915950536727905
41,full_ca_hmappo,1,0.08361747018352617,43,0.03625,0.0,0.0,0,69,0,0,-0.0026253629475831985,138.19189453125,1.3930542469024658,0.0022315210662782192,0.0,0.31784588098526
42,full_ca_hmappo,1,-0.14133123558713123,46,0.014375,0.0,0.0,0,31,0,0,-0.001040888368152082,216.033447265625,1.4855321645736694,0.0011047986336052418,0.0,0.26975226402282715
43,full_ca_hmappo,1,0.4563640641341635,46,0.204375,0.0,0.25,0,287,0,0,0.00010284222662448883,95.36958312988281,1.5097287893295288,0.0006378729594871402,0.0,0.26089534163475037
44,full_ca_hmappo,1,-0.043573814546107315,48,0.049375,0.0,0.125,0,47,0,0,-0.00010216422379016876,268.311767578125,1.4749715328216553,0.00026583432918414474,0.0,0.270927369594574
45,full_ca_hmappo,1,-0.08160474124747452,48,0.08875,0.0,0.125,0,303,0,0,-0.0008197519928216934,13.762177467346191,1.499190092086792,0.0008636072743684053,0.0,0.2663879990577698
46,full_ca_hmappo,1,0.2665620072020829,48,0.155,0.0,0.375,0,559,0,0,-0.0010351719101890922,98.95391082763672,1.5232475996017456,-0.0001436373859178275,0.0,0.24845096468925476
47,full_ca_hmappo,1,0.3288617257187525,49,0.060625,0.0,0.0,0,164,0,0,-0.00019151283777318895,244.05870056152344,1.5158674716949463,-0.00012774494825862348,0.0,0.2536795735359192
48,full_ca_hmappo,1,0.20344452313474903,49,0.1575,0.0,0.0,0,420,0,0,-0.000374993949662894,17.210254669189453,1.5321626663208008,0.00024050986394286156,0.0,0.25130486488342285
49,full_ca_hmappo,1,0.17476193377160598,50,0.13375,0.0,0.25,0,203,0,0,-0.00011128622281830758,177.18536376953125,1.490128517150879,0.00021185167133808136,0.0,0.2638995051383972
50,full_ca_hmappo,1,0.094926888061309,51,0.03125,0.0,0.0,0,111,0,0,-0.00030942013836465776,77.97554016113281,1.50264573097229,5.037989467382431e-05,0.0,0.25778740644454956
51,full_ca_hmappo,1,0.3400014309809194,51,0.135625,0.0,0.0,0,367,0,0,-2.801263144647237e-05,68.30387878417969,1.509244680404663,1.5290377632481977e-05,0.0,0.25819283723831177
52,full_ca_hmappo,1,0.20967308979561494,52,0.070625,0.0,0.0,0,101,0,0,-0.00012015023821732029,86.90345001220703,1.552964448928833,-6.468485662480816e-05,0.0,0.23450283706188202
53,full_ca_hmappo,1,0.03831256486773782,53,0.024375,0.0,0.0,0,93,0,0,-0.0002819141373038292,159.22787475585938,1.538114309310913,0.00014077010564506054,0.0,0.2393505573272705
54,full_ca_hmappo,1,0.4641213559689277,55,0.083125,0.0,0.0,0,150,0,0,0.00019084352243226022,344.29595947265625,1.5204007625579834,0.0001358817971777171,0.0,0.25188305974006653
55,full_ca_hmappo,1,0.1800948997388332,55,0.098125,0.0,0.0,0,406,0,0,-0.00024650682462379336,14.904487609863281,1.5210055112838745,9.889504872262478e-05,0.0,0.24908588826656342
56,full_ca_hmappo,1,0.040543780225107184,56,0.08875,0.0,0.0,0,210,0,0,-0.000333261996274814,116.24449920654297,1.5084073543548584,9.965617209672928e-06,0.0,0.25409018993377686
57,full_ca_hmappo,1,0.4821998531283498,56,0.215625,0.0,0.25,0,466,0,0,-0.00011622223246376961,124.36863708496094,1.5393775701522827,-3.4923821658594534e-05,0.0,0.24655023217201233
58,full_ca_hmappo,1,0.16816137575551693,56,0.215625,0.0,0.25,0,722,0,0,-0.0029325950890779495,12.574604034423828,1.5262024402618408,0.0003617809561546892,0.0,0.2485664188861847
59,full_ca_hmappo,1,0.11625179903785465,57,0.0225,0.0,0.0,0,78,0,0,-8.021543908398598e-05,97.4395751953125,1.5060319900512695,0.0004964001709595323,0.0,0.24940583109855652
60,full_ca_hmappo,1,0.18118987098932848,57,0.148125,0.0,0.0,0,334,0,0,-0.0002499412221368402,70.0438232421875,1.4732904434204102,0.0007531185983680189,0.0,0.25791019201278687
61,full_ca_hmappo,1,0.05771248468272461,58,0.0925,0.0,0.125,0,183,0,0,-0.0010337173007428646,93.70381164550781,1.4691829681396484,0.0002569669159129262,0.0,0.2737092971801758
62,full_ca_hmappo,1,-0.221386411203639,60,0.011875,0.0,0.0,0,4,0,0,-9.527429938316345e-05,122.24103546142578,1.5155434608459473,0.0004164612328168005,0.0,0.2559121251106262
63,full_ca_hmappo,1,0.5116464171278494,61,0.086875,0.0,0.5,0,75,0,0,-0.00043409442878328264,385.0198669433594,1.4966243505477905,2.657870572875254e-05,0.0,0.2521094083786011
64,full_ca_hmappo,1,0.281772292973983,61,0.145625,0.0,0.5,0,331,0,0,-0.0009801189880818129,26.58163070678711,1.5118993520736694,0.00037646046257577837,0.0,0.2545141577720642
65,full_ca_hmappo,1,0.26097305571420293,61,0.145625,0.0,0.5,0,587,0,0,-0.0008389161666855216,25.78470230102539,1.5098896026611328,5.923211574554443e-07,0.0,0.2598642110824585
66,full_ca_hmappo,1,0.11891882615782379,64,0.00875,0.0,0.0,0,12,0,0,-0.004515156149864197,268.27874755859375,1.4918498992919922,0.0016668271273374557,0.0,0.26034507155418396
67,full_ca_hmappo,1,0.32096431894274247,64,0.0925,0.0,0.125,0,268,0,0,-0.0019135040929540992,90.89193725585938,1.4198427200317383,0.002977579366415739,0.0,0.28025972843170166
68,full_ca_hmappo,1,0.16861270378467452,64,0.159375,0.0,0.125,0,524,0,0,-0.00019901215273421258,16.853591918945312,1.4396743774414062,0.00047576025826856494,0.0,0.28233784437179565
69,full_ca_hmappo,1,0.4975386447688379,64,0.305,0.0,0.375,0,780,0,0,-0.0003125285729765892,61.36553955078125,1.4757287502288818,0.0006208933773450553,0.0,0.26408594846725464
70,full_ca_hmappo,1,0.1540597960235246,65,0.023125,0.0,0.0,0,36,0,0,-0.0009018592536449432,11.04472541809082,1.4372241497039795,0.0006414706585928798,0.0,0.284005343914032
71,full_ca_hmappo,1,0.5159070539539243,65,0.109375,0.0,0.0,0,292,0,0,1.701836822576297e-06,141.62136840820312,1.3460220098495483,0.00019935434102080762,0.0,0.32338130474090576
72,full_ca_hmappo,1,0.08896889308198297,66,0.04875,0.0,0.0,0,58,0,0,-0.0002882604894693941,64.69943237304688,1.3793151378631592,-0.0001335075794486329,0.0,0.30755388736724854
73,full_ca_hmappo,1,0.3509964604427296,67,0.165625,0.0,0.125,0,236,0,0,-0.00034984201192855835,125.61550903320312,1.3788970708847046,0.0001321357412962243,0.0,0.30727192759513855
74,full_ca_hmappo,1,0.4057794068939984,67,0.246875,0.0,0.25,0,492,0,0,-0.00034781143767759204,69.314697265625,1.4149540662765503,0.000108234045910649,0.0,0.2973743677139282
75,full_ca_hmappo,1,0.26610039337697344,67,0.28125,0.0,0.375,0,748,0,0,-0.0007619702955707908,17.041934967041016,1.4358465671539307,9.145720105152577e-05,0.0,0.2891671657562256
76,full_ca_hmappo,1,0.33840886578582285,68,0.011875,0.0,0.0,0,4,0,0,-0.0012587079545482993,21.04123306274414,1.376277208328247,-0.00017235250561498106,0.0,0.3139077126979828
77,full_ca_hmappo,1,0.33336377470004663,68,0.0525,0.0,0.0,0,260,0,0,-0.00020075030624866486,146.07940673828125,1.3918864727020264,-0.00019407598301768303,0.0,0.29814696311950684
78,full_ca_hmappo,1,0.297735674662988,68,0.12625,0.0,0.25,0,516,0,0,-0.0006061898311600089,98.04945373535156,1.3816640377044678,0.00028288736939430237,0.0,0.30876168608665466
79,full_ca_hmappo,1,0.4035876638517948,68,0.201875,0.0,0.375,0,772,0,0,-0.0009833434596657753,38.2387580871582,1.449939489364624,0.00020929457969032228,0.0,0.2767735719680786
80,full_ca_hmappo,1,0.5587075477087637,69,0.02375,0.0,0.125,0,28,0,0,-0.000509322970174253,91.19862365722656,1.3956384658813477,-0.00032222806476056576,0.0,0.3099125027656555
81,full_ca_hmappo,1,0.49861454944038996,69,0.115625,0.0,0.375,0,284,0,0,-0.0005373793537728488,115.78894805908203,1.3766816854476929,0.0002756066096480936,0.0,0.3066043555736542
82,full_ca_hmappo,1,0.22765974240610376,69,0.13875,0.0,0.375,0,540,0,0,-0.0007202557171694934,13.29589557647705,1.3937616348266602,-0.0004903253866359591,0.0,0.3081730306148529
83,full_ca_hmappo,1,0.3854503409947938,71,0.148125,0.0,0.25,0,138,0,0,-0.00012214358139317483,266.45501708984375,1.394287109375,-1.383091694151517e-05,0.0,0.30840009450912476
84,full_ca_hmappo,1,0.23272392085709726,72,0.043125,0.0,0.125,0,90,0,0,-0.0008291708072647452,179.19190979003906,1.3943132162094116,0.00030261650681495667,0.0,0.30494290590286255
85,full_ca_hmappo,1,0.855896770254958,72,0.33375,0.0,0.5,0,346,0,0,-0.00022590409207623452,144.63299560546875,1.4188497066497803,-0.0005795749602839351,0.0,0.2951809763908386
86,full_ca_hmappo,1,0.5606458266835617,72,0.413125,0.125,0.5,0,602,0,0,0.00032979686511680484,80.14116668701172,1.4320180416107178,-0.00011045245628338307,0.0,0.28255391120910645
87,full_ca_hmappo,1,0.28743873068924586,72,0.42125,0.125,0.5,0,858,0,0,-0.0010776573326438665,16.145843505859375,1.4599106311798096,0.00013775999832432717,0.0,0.27772951126098633
88,full_ca_hmappo,1,0.46811742281443003,73,0.133125,0.0,0.0,0,114,0,0,-0.0005049059982411563,70.11310577392578,1.4409990310668945,0.0003199555794708431,0.0,0.2814262807369232
89,full_ca_hmappo,1,0.2221619975221074,73,0.195,0.0,0.125,0,370,0,0,-0.001557921408675611,8.752077102661133,1.4219083786010742,-5.863374099135399e-05,0.0,0.28732097148895264
90,full_ca_hmappo,1,0.22481282147055026,73,0.23,0.0,0.125,0,626,0,0,-0.0014951806515455246,6.0458197593688965,1.3975704908370972,2.146279439330101e-05,0.0,0.2993256449699402
91,full_ca_hmappo,1,0.2503617601960286,73,0.3075,0.0,0.125,0,882,0,0,-0.0023158439435064793,8.54765510559082,1.4353432655334473,-0.0007485534297302365,0.0,0.2838631272315979
92,full_ca_hmappo,1,0.33465449105779044,75,0.044375,0.0,0.0,0,95,0,0,9.282927203457803e-05,210.40158081054688,1.3835481405258179,0.000533057376742363,0.0,0.306030809879303
93,full_ca_hmappo,1,0.1599944707757004,75,0.12375,0.0,0.125,0,351,0,0,-0.00027397461235523224,4.9465765953063965,1.3757433891296387,0.00011934060603380203,0.0,0.31685763597488403
94,full_ca_hmappo,1,0.14918705332343052,75,0.17125,0.0,0.125,0,607,0,0,-0.0039585670456290245,1.7331507205963135,1.403944969177246,0.0009431193466298282,0.0,0.3077974319458008
95,full_ca_hmappo,1,0.5538725822794959,75,0.285,0.0,0.5,0,863,0,0,-0.00119389733299613,77.4892349243164,1.4239351749420166,0.00035771558759734035,0.0,0.2913277745246887
96,full_ca_hmappo,1,0.3797186099764076,76,0.086875,0.0,0.0,0,119,0,0,0.0015138409798964858,67.38890838623047,1.3139876127243042,0.0017763518262654543,0.0,0.3378697633743286
97,full_ca_hmappo,1,0.6618058126314281,76,0.253125,0.0,0.625,0,375,0,0,-0.000488854362629354,92.11253356933594,1.4028778076171875,-5.3396761359181255e-05,0.0,0.2964460551738739
98,full_ca_hmappo,1,0.44438903988884704,76,0.293125,0.0,0.75,0,631,0,0,0.0011227764189243317,25.816295623779297,1.4263367652893066,-0.0008289918187074363,0.0,0.2950778603553772
99,full_ca_hmappo,1,0.46243731585127534,76,0.3,0.0,0.75,0,887,0,0,0.0001230146735906601,33.87307357788086,1.4308364391326904,0.00011995730164926499,0.0,0.2857445478439331
100,full_ca_hmappo,1,0.2729309889000433,77,0.066875,0.0,0.0,0,143,0,0,-0.0008669213275425136,80.17799377441406,1.3049607276916504,0.00018466482288204134,0.0,0.3407052457332611
101,full_ca_hmappo,1,0.3941930162445715,77,0.18125,0.0,0.125,0,399,0,0,-6.162561476230621e-05,72.39154052734375,1.3756592273712158,5.186721682548523e-05,0.0,0.3045751452445984
102,full_ca_hmappo,1,0.6535513353082933,77,0.29125,0.0,0.375,0,655,0,0,-0.00017799375928007066,60.40562057495117,1.4007033109664917,0.00025686220033094287,0.0,0.290610671043396
103,full_ca_hmappo,1,0.382742578140693,77,0.363125,0.0,0.375,0,911,0,0,-0.0008320926572196186,23.94826889038086,1.4319126605987549,7.199349056463689e-05,0.0,0.28019046783447266
104,full_ca_hmappo,1,0.1897293098579098,78,0.166875,0.0,0.125,0,167,0,0,-0.006363935302942991,72.91387939453125,1.2832392454147339,0.0019370460649952292,0.0,0.36317190527915955
105,full_ca_hmappo,1,0.22298331432341456,78,0.196875,0.0,0.125,0,423,0,0,-0.011968552134931087,3.5915839672088623,1.3362374305725098,0.010890716686844826,0.0,0.32657039165496826
106,full_ca_hmappo,1,0.607497251337918,78,0.331875,0.0,0.375,0,679,0,0,-0.0011054694186896086,105.56471252441406,1.349277377128601,0.0007629408501088619,0.0,0.3115834891796112
107,full_ca_hmappo,1,0.34940794027670563,78,0.33875,0.0,0.375,0,935,0,0,0.0004583097470458597,16.23833465576172,1.35658860206604,0.001155354897491634,0.0,0.31110161542892456
108,full_ca_hmappo,1,0.47725943994737463,79,0.111875,0.0,0.0,0,191,0,0,-0.00011757265019696206,205.38052368164062,1.2653868198394775,-0.000996051705442369,0.0,0.3740197420120239
109,full_ca_hmappo,1,-0.10388965390484373,83,0.060625,0.0,0.125,0,73,0,0,0.00137234793510288,323.59033203125,1.2919156551361084,-0.0007988599827513099,0.0,0.3609550893306732
110,full_ca_hmappo,1,0.479293720327405,85,0.190625,0.0,0.125,0,128,0,0,-0.0009761018445715308,324.25634765625,1.2439154386520386,-3.971252590417862e-05,0.0,0.37667879462242126
111,full_ca_hmappo,1,0.015266294528146318,87,0.16125,0.0,0.125,0,146,0,0,-0.000326456967741251,237.7058563232422,1.2392973899841309,0.00072289485251531,0.0,0.3685791492462158
112,full_ca_hmappo,1,0.44768208854702607,87,0.349375,0.0,0.375,0,402,0,0,-0.00010325884068151936,137.95965576171875,1.3124096393585205,-0.0005884700221940875,0.0,0.3479743003845215
113,full_ca_hmappo,1,0.17851936947954528,88,0.111875,0.0,0.125,0,221,0,0,-0.00042938318802043796,94.84019470214844,1.2479604482650757,0.00019192029139958322,0.0,0.37263911962509155
114,full_ca_hmappo,1,0.11185487063266919,88,0.19375,0.0,0.125,0,477,0,0,-0.0014051180332899094,2.3385767936706543,1.337960124015808,-6.56557604088448e-05,0.0,0.3244730532169342
115,full_ca_hmappo,1,0.43211025027994765,89,0.1725,0.0,0.0,0,141,0,0,0.00019157554197590798,285.2574462890625,1.3092834949493408,0.00038108028820715845,0.0,0.34936293959617615
116,full_ca_hmappo,1,0.35568983853954705,89,0.384375,0.0,0.125,0,397,0,0,-0.000908421992789954,65.29093170166016,1.3198096752166748,-0.0006458568386733532,0.0,0.33693310618400574
117,full_ca_hmappo,1,0.44086577487541945,90,0.205,0.0,0.25,0,195,0,0,0.000130830958369188,361.43194580078125,1.2827277183532715,0.0004135272465646267,0.0,0.3682588040828705
118,full_ca_hmappo,1,0.5437022685437114,90,0.265,0.25,0.25,0,451,0,0,-0.00014886571443639696,135.52700805664062,1.3233808279037476,-2.4557270080549642e-05,0.0,0.3343822658061981
119,full_ca_hmappo,1,0.18725938019088062,92,0.1025,0.0,0.0,0,136,0,0,-0.001161475433036685,330.14276123046875,1.251840591430664,0.0006239353679120541,0.0,0.38113638758659363
120,full_ca_hmappo,1,0.509207294022417,93,0.008125,0.0,0.0,0,2,0,0,-0.0011294956784695387,97.2186279296875,1.3354716300964355,-8.76234844326973e-05,0.0,0.3333527445793152
121,full_ca_hmappo,1,0.6444998954630137,93,0.395,0.125,0.25,0,258,0,0,-0.0004946490516886115,267.478271484375,1.3021913766860962,-0.001142554683610797,0.0,0.3354448676109314
122,full_ca_hmappo,1,0.567410929230391,93,0.495625,0.125,0.375,0,514,0,0,0.00012015893298666924,74.85507202148438,1.374075174331665,-8.516153320670128e-05,0.0,0.31113842129707336
123,full_ca_hmappo,1,0.22355755984244752,93,0.498125,0.125,0.375,0,770,0,0,-0.002155833877623081,3.234144687652588,1.4319121837615967,-0.0001491890288889408,0.0,0.28944385051727295
124,full_ca_hmappo,1,0.35517133361872766,94,0.034375,0.0,0.125,0,26,0,0,-0.0006522554904222488,71.83415222167969,1.4262847900390625,-2.497364766895771e-05,0.0,0.2772270739078522
125,full_ca_hmappo,1,0.634052484661197,94,0.32125,0.0,0.5,0,282,0,0,0.0001807933149393648,155.51995849609375,1.355162501335144,-7.646461017429829e-05,0.0,0.33380675315856934
126,full_ca_hmappo,1,0.32395183611879474,94,0.42125,0.0,0.5,0,538,0,0,-8.699608588358387e-05,14.322839736938477,1.408071517944336,0.0006275092018768191,0.0,0.3055126965045929
127,full_ca_hmappo,1,0.3125111157428364,94,0.43,0.0,0.5,0,794,0,0,-0.0011045386781916022,12.100754737854004,1.4131066799163818,-0.00014718715101480484,0.0,0.2920770049095154
128,full_ca_hmappo,1,0.27050478387627663,95,0.03375,0.0,0.0,0,50,0,0,-0.001504263374954462,14.51927375793457,1.4104487895965576,-6.70518129481934e-05,0.0,0.2893362045288086
129,full_ca_hmappo,1,0.3254079128164449,96,0.236875,0.0,0.125,0,190,0,0,-0.00013552544987760484,195.46145629882812,1.343714714050293,0.00036597222788259387,0.0,0.3245365023612976
130,full_ca_hmappo,1,0.6526460396212315,96,0.445,0.0,0.25,0,446,0,0,-2.749574741756078e-05,92.37092590332031,1.3981835842132568,0.0003928678925149143,0.0,0.29273661971092224
131,full_ca_hmappo,1,0.5800453415868105,96,0.48375,0.125,0.375,0,702,0,0,0.00016655525541864336,67.131103515625,1.4004926681518555,-0.0003148401156067848,0.0,0.28700047731399536
132,full_ca_hmappo,1,0.4259188010582875,96,0.521875,0.125,0.375,0,958,0,0,-0.0004378405283205211,23.362285614013672,1.4278733730316162,0.000299092847853899,0.0,0.27881234884262085
133,full_ca_hmappo,1,0.059918370890954975,97,0.17375,0.0,0.0,0,214,0,0,-0.0003562091733328998,14.96041488647461,1.3524459600448608,0.00011587818153202534,0.0,0.3132983446121216
134,full_ca_hmappo,1,0.5929690761404345,97,0.22625,0.125,0.0,0,470,0,0,2.2427489966503344e-05,156.43394470214844,1.3754643201828003,-0.0002449571038596332,0.0,0.2970450818538666
135,full_ca_hmappo,1,0.48843426903840736,97,0.350625,0.125,0.375,0,726,0,0,-0.0003958891029469669,51.42076110839844,1.393813133239746,-0.00014402034867089242,0.0,0.295595645904541
136,full_ca_hmappo,1,0.6049925858096685,97,0.384375,0.125,0.375,0,982,0,0,-0.0001465758978156373,51.97172546386719,1.414905071258545,7.459986954927444e-05,0.0,0.29214805364608765
137,full_ca_hmappo,1,0.6908158454898512,98,0.34125,0.0,0.375,0,238,0,0,-0.00018408088362775743,154.2291717529297,1.3510348796844482,4.1007064282894135e-05,0.0,0.3282027840614319
138,full_ca_hmappo,1,0.7341256789968611,99,0.244375,0.0,0.25,0,158,0,0,-7.445551455020905e-05,227.60316467285156,1.3661575317382812,4.3379608541727066e-05,0.0,0.31147027015686035
139,full_ca_hmappo,1,0.5415569445449364,99,0.289375,0.0,0.25,0,414,0,0,-0.00010482221841812134,35.35047149658203,1.3946011066436768,1.0824762284755707e-05,0.0,0.2969043254852295
140,full_ca_hmappo,1,0.436445102862308,99,0.290625,0.0,0.25,0,670,0,0,-0.00035564228892326355,20.122814178466797,1.4016857147216797,0.00013590510934591293,0.0,0.28656667470932007
141,full_ca_hmappo,1,0.3795003452723904,99,0.34,0.0,0.375,0,926,0,0,-0.00039157335413619876,17.230052947998047,1.4123225212097168,4.5208726078271866e-05,0.0,0.28718191385269165
142,full_ca_hmappo,1,0.3700414760478452,100,0.109375,0.0,0.125,0,182,0,0,-0.0005225322092883289,101.63195037841797,1.3678064346313477,-0.0004086272674612701,0.0,0.31827956438064575
143,full_ca_hmappo,1,0.09623019508353536,101,0.099375,0.0,0.125,0,225,0,0,-0.0005936973611824214,162.48509216308594,1.3413476943969727,-0.0002490909246262163,0.0,0.327170729637146
144,full_ca_hmappo,1,0.20041178520386893,101,0.25875,0.0,0.125,0,481,0,0,-0.003876691684126854,2.574110269546509,1.412514090538025,0.0019310208735987544,0.0,0.29767727851867676
145,full_ca_hmappo,1,0.2410699991569345,101,0.33875,0.0,0.125,0,737,0,0,-0.003052671207115054,3.252302646636963,1.457381010055542,0.0029874711763113737,0.0,0.27988943457603455
146,full_ca_hmappo,1,0.21213455870588405,101,0.395,0.0,0.125,0,993,0,0,-0.009246801026165485,1.592193841934204,1.4821853637695312,0.0019910563714802265,0.0,0.26183801889419556
147,full_ca_hmappo,1,1.0530364710484719,102,0.270625,0.0,0.75,0,249,0,0,0.0011451877653598785,264.2289123535156,1.4296520948410034,0.00170042528770864,0.0,0.2743922472000122
148,full_ca_hmappo,1,0.3291192693498779,102,0.32,0.125,0.75,0,505,0,0,0.001274965121410787,52.59893798828125,1.4586843252182007,0.003024015575647354,0.0,0.2710086703300476
149,full_ca_hmappo,1,0.15885436530697916,102,0.336875,0.125,0.75,0,761,0,0,-0.0002114630042342469,3.17091703414917,1.4758100509643555,-0.0007227009045891464,0.0,0.2583563029766083
150,full_ca_hmappo,1,0.2494270005972794,103,0.040625,0.0,0.0,0,17,0,0,-0.0014333458384498954,14.611666679382324,1.4759998321533203,-0.001044998411089182,0.0,0.2679376006126404
151,full_ca_hmappo,1,0.8815362871446268,104,0.2675,0.0,0.375,0,206,0,0,-0.000847903429530561,276.734619140625,1.422340750694275,-0.0004770637897308916,0.0,0.283895343542099
152,full_ca_hmappo,1,0.29433661979646786,104,0.2875,0.0,0.375,0,462,0,0,-0.0025718919932842255,6.072568893432617,1.456465244293213,-0.00026500102831050754,0.0,0.2623673677444458
153,full_ca_hmappo,1,0.23440110505907796,104,0.340625,0.0,0.375,0,718,0,0,-0.0032899929210543633,6.859190940856934,1.468301773071289,0.0006862384034320712,0.0,0.2617255449295044
154,full_ca_hmappo,1,0.21609670995167107,104,0.385625,0.0,0.5,0,974,0,0,-0.004249038640409708,6.07254695892334,1.460898756980896,-0.0008228092337958515,0.0,0.27089011669158936
155,full_ca_hmappo,1,0.8866318069121917,105,0.344375,0.0,0.5,0,230,0,0,-0.0023784954100847244,236.3922119140625,1.4180511236190796,-0.0007089488208293915,0.0,0.290500283241272
156,full_ca_hmappo,1,0.5107466075883167,105,0.39125,0.0,0.5,0,486,0,0,-0.0019455540459603071,30.348461151123047,1.4389677047729492,0.002017999067902565,0.0,0.2729831337928772
157,full_ca_hmappo,1,0.3253988899759861,106,0.15125,0.0,0.0,0,192,0,0,-0.0006835932726971805,219.06790161132812,1.3889496326446533,0.0004782962496392429,0.0,0.29361873865127563
158,full_ca_hmappo,1,0.6533780485994214,106,0.4775,0.0,0.375,0,448,0,0,-0.0025664332788437605,120.12449645996094,1.4215420484542847,0.0014442474348470569,0.0,0.2854178845882416
159,full_ca_hmappo,1,0.2768815374026019,106,0.521875,0.0,0.375,0,704,0,0,-0.002152500208467245,3.4813990592956543,1.4251731634140015,0.001415264792740345,0.0,0.2762558162212372
160,full_ca_hmappo,1,0.2667228668921595,106,0.548125,0.0,0.375,0,960,0,0,-0.007360523566603661,3.078277587890625,1.4456253051757812,0.0017588272457942367,0.0,0.26760512590408325
161,full_ca_hmappo,1,0.8984846695111628,107,0.29625,0.0,0.375,0,216,0,0,0.0015365134458988905,314.17950439453125,1.3959007263183594,0.0014409798895940185,0.0,0.2941714823246002
162,full_ca_hmappo,1,0.27220019633114134,107,0.399375,0.0,0.5,0,472,0,0,-0.0005224744672887027,7.867419719696045,1.430323600769043,-0.0013179731322452426,0.0,0.2780301570892334
163,full_ca_hmappo,1,0.517199490848725,107,0.54125,0.0,0.75,0,728,0,0,-2.4366814614040777e-05,44.97630310058594,1.454277753829956,-0.00022485991939902306,0.0,0.26551228761672974
164,full_ca_hmappo,1,0.3746426489803216,107,0.555,0.0,0.75,0,984,0,0,-0.0017355246236547828,12.944551467895508,1.460474967956543,0.0001348196528851986,0.0,0.263563871383667
165,full_ca_hmappo,1,0.511879299312568,108,0.3275,0.0,0.125,0,240,0,0,-0.000248713418841362,73.24146270751953,1.3742151260375977,-0.0005659162998199463,0.0,0.2992914319038391
166,full_ca_hmappo,1,0.6345387044459585,108,0.48875,0.0,0.375,0,496,0,0,-0.0003072923864237964,66.1205062866211,1.4135065078735352,-9.910778317134827e-05,0.0,0.2863224744796753
167,full_ca_hmappo,1,0.3751299952637055,108,0.495,0.0,0.375,0,752,0,0,-0.0005937970126979053,9.928091049194336,1.440622091293335,-9.32185648707673e-05,0.0,0.2736811637878418
168,full_ca_hmappo,1,0.42081163419486245,109,0.013125,0.0,0.0,0,8,0,0,-0.0011743828654289246,25.113283157348633,1.4505043029785156,0.00013700625277124345,0.0,0.2673429846763611
169,full_ca_hmappo,1,0.9734518610839586,109,0.32125,0.0,0.375,0,264,0,0,0.00033505912870168686,367.57513427734375,1.3903319835662842,1.2893540770164691e-05,0.0,0.3056931793689728
170,full_ca_hmappo,1,0.09267108757558162,109,0.41625,0.0,0.375,0,520,0,0,-0.0010426373919472098,14.700233459472656,1.4206807613372803,0.00033693466684781015,0.0,0.28110402822494507
171,full_ca_hmappo,1,0.1782978520401457,109,0.498125,0.0,0.375,0,776,0,0,-0.005033066030591726,2.402373790740967,1.4591689109802246,0.001996499253436923,0.0,0.26801377534866333
172,full_ca_hmappo,1,0.5014588729218303,110,0.075,0.0,0.125,0,32,0,0,-0.002179371193051338,95.65777587890625,1.4341644048690796,0.0010416702134534717,0.0,0.2771591544151306
173,full_ca_hmappo,1,0.5587961009696301,110,0.385,0.0,0.25,0,288,0,0,-0.0004278098640497774,38.93952941894531,1.4340410232543945,-0.0007781769963912666,0.0,0.270584374666214
174,full_ca_hmappo,1,0.2844348869057285,110,0.45375,0.0,0.25,0,544,0,0,-0.0016770034562796354,2.8096072673797607,1.4522194862365723,-0.0006881674635224044,0.0,0.2620363235473633
175,full_ca_hmappo,1,0.26821123969421024,110,0.495625,0.0,0.25,0,800,0,0,-0.004588528536260128,3.778614044189453,1.473257303237915,0.00160301779396832,0.0,0.2559390962123871
176,full_ca_hmappo,1,0.8444048937271873,111,0.11625,0.0,0.25,0,56,0,0,-0.0009432751685380936,292.7254638671875,1.4287421703338623,0.00086167425615713,0.0,0.283161997795105
177,full_ca_hmappo,1,0.461376783767264,111,0.359375,0.0,0.625,0,312,0,0,-6.756683433195576e-05,30.216556549072266,1.4498628377914429,0.0012369593605399132,0.0,0.26286524534225464
178,full_ca_hmappo,1,0.24869781565757876,111,0.5,0.0,0.625,0,568,0,0,-0.005381749477237463,4.3924174308776855,1.4814437627792358,0.0008987337350845337,0.0,0.24933628737926483
179,full_ca_hmappo,1,0.2812761041077465,111,0.55,0.0,0.625,0,824,0,0,-0.0013030674308538437,3.5076889991760254,1.4859144687652588,0.0015751238679513335,0.0,0.2572735548019409
180,full_ca_hmappo,1,0.7043010454476644,112,0.163125,0.0,0.0,0,80,0,0,0.0014017292996868491,183.0361328125,1.4849913120269775,1.8614500731928274e-05,0.0,0.2564762532711029
181,full_ca_hmappo,1,0.36275811375435296,112,0.31125,0.0,0.0,0,336,0,0,-0.00197362108156085,7.486794471740723,1.4661388397216797,0.00041935950866900384,0.0,0.2606276273727417
182,full_ca_hmappo,1,0.377725373116391,112,0.494375,0.0,0.0,0,592,0,0,-0.0020678990986198187,13.270174026489258,1.4885886907577515,9.504410991212353e-05,0.0,0.2471553534269333
183,full_ca_hmappo,1,0.27578521971554437,112,0.52125,0.0,0.0,0,848,0,0,-0.004984005354344845,2.9989023208618164,1.5000203847885132,0.00022607934079132974,0.0,0.24424879252910614
184,full_ca_hmappo,1,0.16854568369672052,113,0.089375,0.0,0.0,0,104,0,0,-0.00021967291831970215,37.502296447753906,1.4888620376586914,-0.001673397608101368,0.0,0.2496187388896942
185,full_ca_hmappo,1,0.8145513098597803,113,0.403125,0.0,0.375,0,360,0,0,5.7007498980965465e-05,172.37744140625,1.4842166900634766,0.0007557504577562213,0.0,0.24911841750144958
186,full_ca_hmappo,1,0.510243769207591,113,0.513125,0.0,0.625,0,616,0,0,7.366265344899148e-05,23.311939239501953,1.4823853969573975,0.00017089831817429513,0.0,0.2530372142791748
187,full_ca_hmappo,1,0.32369178357475903,113,0.575,0.0,0.625,0,872,0,0,-0.002927122637629509,7.660130023956299,1.4981114864349365,0.0016068355180323124,0.0,0.23972593247890472
188,full_ca_hmappo,1,0.5650841614296951,114,0.15,0.0,0.125,0,128,0,0,-0.0011515002697706223,99.96949768066406,1.4786691665649414,0.0002289756666868925,0.0,0.24837951362133026
189,full_ca_hmappo,1,0.2682076864584815,114,0.315,0.0,0.125,0,384,0,0,-0.002614786848425865,5.125329494476318,1.4676029682159424,-0.00017066425061784685,0.0,0.254269540309906
190,full_ca_hmappo,1,0.4353197030386582,114,0.455,0.0,0.375,0,640,0,0,0.000482817500596866,60.061668395996094,1.4828765392303467,-0.0003252196474932134,0.0,0.25532782077789307
191,full_ca_hmappo,1,0.46863033970294055,114,0.635625,0.0,0.375,0,896,0,0,-0.0015493333339691162,15.455575942993164,1.479893445968628,0.0011153859086334705,0.0,0.2577352523803711
192,full_ca_hmappo,1,0.4331675433641067,115,0.123125,0.0,0.125,0,152,0,0,-0.001131113967858255,61.88646697998047,1.4447120428085327,7.415384607156739e-05,0.0,0.2679963707923889
193,full_ca_hmappo,1,0.5479218674317963,115,0.37875,0.0,0.25,0,408,0,0,-0.0008845205302350223,108.4720458984375,1.4396963119506836,-0.00037030427483841777,0.0,0.2635021507740021
194,full_ca_hmappo,1,0.45428629815160093,115,0.480625,0.0,0.5,0,664,0,0,-0.0003241623635403812,21.72884750366211,1.4625539779663086,0.00015612956485711038,0.0,0.25679463148117065
195,full_ca_hmappo,1,0.2594740362804515,115,0.48875,0.0,0.5,0,920,0,0,-0.005703585222363472,11.00629711151123,1.4938066005706787,0.0012542458716779947,0.0,0.24422407150268555
196,full_ca_hmappo,1,0.8925376434149257,116,0.3175,0.0,0.5,0,176,0,0,-0.0026818732731044292,285.0476989746094,1.4295930862426758,0.007075571455061436,0.0,0.2769169807434082
197,full_ca_hmappo,1,0.20027435549826578,116,0.38625,0.0,0.625,0,432,0,0,0.0022887885570526123,10.25245475769043,1.4271249771118164,-0.00038210581988096237,0.0,0.26643818616867065
198,full_ca_hmappo,1,0.28559356024834415,116,0.440625,0.0,0.625,0,688,0,0,-0.003672166494652629,3.1105504035949707,1.4334585666656494,-0.0007875279407016933,0.0,0.2846507430076599
199,full_ca_hmappo,1,0.254556130785204,116,0.445,0.0,0.625,0,944,0,0,-0.012720107100903988,2.540158987045288,1.4518439769744873,0.009179343469440937,0.1080729216337204,0.2531622052192688
200,full_ca_hmappo,1,1.0050511782319518,117,0.29,0.0,0.375,0,200,0,0,1.5365581930382177e-05,214.97898864746094,1.3715598583221436,-0.002392902970314026,0.0325520858168602,0.2964770197868347
201,full_ca_hmappo,1,0.5004156363593211,117,0.34,0.0,0.375,0,456,0,0,0.0029026162810623646,41.019935607910156,1.381837248802185,0.0016422844491899014,0.0,0.27816104888916016
202,full_ca_hmappo,1,0.1250825262845865,117,0.366875,0.0,0.375,0,712,0,0,-0.0005890013417229056,10.381084442138672,1.393639326095581,0.003290028776973486,0.0,0.27058541774749756
203,full_ca_hmappo,1,0.24140913693054245,117,0.391875,0.0,0.375,0,968,0,0,-0.007438926957547665,2.75053071975708,1.454773187637329,-0.0018566529033705592,0.0,0.2516251504421234
204,full_ca_hmappo,1,0.18375834709149785,118,0.19375,0.0,0.0,0,224,0,0,-0.0037840295117348433,25.972888946533203,1.3456333875656128,8.299101318698376e-05,0.0,0.30633899569511414
205,full_ca_hmappo,1,0.5542555272186291,118,0.528125,0.0,0.125,0,480,0,0,0.0018940673908218741,74.34028625488281,1.4194153547286987,-0.00016105160466395319,0.0,0.27229875326156616
206,full_ca_hmappo,1,0.4782525738737604,118,0.565,0.0,0.25,0,736,0,0,-0.0022468320094048977,56.01460266113281,1.4425971508026123,0.001982633490115404,0.0,0.2591438889503479
207,full_ca_hmappo,1,0.34176692722576263,118,0.609375,0.0,0.25,0,992,0,0,-0.0006689705769531429,8.552356719970703,1.454829216003418,-0.001384936971589923,0.0,0.2539500594139099
208,full_ca_hmappo,1,1.1276064126250276,119,0.46875,0.0,0.375,0,248,0,0,0.00013591907918453217,336.1408386230469,1.3428213596343994,0.00038524818955920637,0.0,0.3235841393470764
209,full_ca_hmappo,1,0.4300635710201277,119,0.558125,0.0,0.375,0,504,0,0,-0.0006140284240245819,13.109220504760742,1.4208080768585205,-0.0007409867830574512,0.0,0.2674315273761749
210,full_ca_hmappo,1,0.33971124852553203,119,0.575625,0.0,0.375,0,760,0,0,-0.0011600467842072248,3.0267515182495117,1.4477043151855469,-0.0009190910495817661,0.0,0.25614261627197266
211,full_ca_hmappo,1,0.27978764317231253,120,0.010625,0.0,0.0,0,16,0,0,-7.183601610449841e-06,26.49217987060547,1.4358419179916382,-0.00018051678489428014,0.0,0.26548001170158386
212,full_ca_hmappo,1,0.6859348166235577,120,0.22625,0.0,0.0,0,272,0,0,-0.0006191147258505225,103.91417694091797,1.3615531921386719,-0.00013932291767559946,0.0,0.3036800026893616
213,full_ca_hmappo,1,0.614372182650186,120,0.34625,0.0,0.25,0,528,0,0,-0.00011518411338329315,94.64947509765625,1.4146974086761475,0.0002176002599298954,0.0,0.27707475423812866
214,full_ca_hmappo,1,0.41390149291896705,120,0.37875,0.0,0.25,0,784,0,0,-0.0005092198844067752,9.179669380187988,1.44525945186615,0.00018567079678177834,0.0,0.25867733359336853
215,full_ca_hmappo,1,0.7681648206350928,121,0.068125,0.0,0.25,0,40,0,0,-0.0004723121819552034,148.21139526367188,1.4218491315841675,-0.00020856488845311105,0.0,0.26511043310165405
216,full_ca_hmappo,1,0.7614776543100561,122,0.24125,0.0,0.25,0,117,0,0,-0.0005222012987360358,418.0168762207031,1.3592305183410645,-0.00014979438856244087,0.0,0.3053106665611267
217,full_ca_hmappo,1,0.4398086355868145,122,0.44625,0.0,0.375,0,373,0,0,-0.0006473436951637268,10.783035278320312,1.43328857421875,-0.00019748385238926858,0.0,0.2631871700286865
218,full_ca_hmappo,1,0.4467873255671293,122,0.62375,0.0,0.5,0,629,0,0,-0.0029147653840482235,12.531312942504883,1.432631254196167,4.389106106827967e-05,0.0,0.2696267366409302
219,full_ca_hmappo,1,0.3895857836541836,122,0.643125,0.0,0.5,0,885,0,0,-0.000472240149974823,8.724252700805664,1.4337856769561768,0.0011270446702837944,0.0,0.2575385570526123
220,full_ca_hmappo,1,0.5004046742660648,123,0.186875,0.0,0.125,0,141,0,0,-4.322454333305359e-05,135.06124877929688,1.3978841304779053,0.0002708788961172104,0.0,0.28360483050346375
221,full_ca_hmappo,1,0.7178748000314954,123,0.526875,0.0,0.375,0,397,0,0,-0.00042985379695892334,83.40304565429688,1.4331430196762085,1.0707261026254855e-05,0.0,0.2650812566280365
222,full_ca_hmappo,1,0.30926158888541977,123,0.5325,0.0,0.375,0,653,0,0,-0.00383359519764781,1.991884708404541,1.4575270414352417,0.0002998498675879091,0.0,0.25602954626083374
223,full_ca_hmappo,1,0.4214273988441164,123,0.545625,0.0,0.375,0,909,0,0,-0.004921221174299717,10.540817260742188,1.4722576141357422,-0.0016836770810186863,0.0,0.25114932656288147
224,full_ca_hmappo,1,0.8705698701814981,124,0.285625,0.0,0.625,0,165,0,0,-0.0009011944639496505,235.5689697265625,1.3993494510650635,-0.00011687562800943851,0.0,0.2806324362754822
225,full_ca_hmappo,1,0.46386986269669706,124,0.379375,0.0,0.625,0,421,0,0,0.00010978803038597107,10.968343734741211,1.4500545263290405,0.00048242713091894984,0.0,0.2633502781391144
226,full_ca_hmappo,1,0.30259583183669747,124,0.436875,0.0,0.625,0,677,0,0,-0.005613911896944046,2.32175612449646,1.4743938446044922,0.0020867520943284035,0.0,0.24949632585048676
227,full_ca_hmappo,1,0.3540241827661248,124,0.4775,0.0,0.625,0,933,0,0,-0.011409326456487179,4.837788105010986,1.4871406555175781,0.002207820536568761,0.0,0.24563336372375488
228,full_ca_hmappo,1,0.07812504665525921,125,0.109375,0.0,0.0,0,189,0,0,0.001492723822593689,45.21607971191406,1.4331520795822144,0.004186269827187061,0.0,0.2688683271408081
229,full_ca_hmappo,1,0.26120439951500884,125,0.26,0.0,0.125,0,445,0,0,-0.005067880265414715,69.55168151855469,1.4472739696502686,-0.0007874753791838884,0.0,0.2568664252758026
230,full_ca_hmappo,1,0.45324923847510945,125,0.4775,0.0,0.375,0,701,0,0,-0.001621311530470848,44.54008102416992,1.447210669517517,0.0011451098835095763,0.00390625,0.255675345659256
231,full_ca_hmappo,1,0.3187070491103441,125,0.484375,0.0,0.375,0,957,0,0,-0.00084604014409706,4.037395000457764,1.426415205001831,0.002643774263560772,0.0,0.2622567415237427
232,full_ca_hmappo,1,0.4841820247202122,126,0.12375,0.0,0.125,0,213,0,0,-0.00024188558745663613,174.31219482421875,1.2999682426452637,0.0016882219351828098,0.0,0.3227689862251282
233,full_ca_hmappo,1,1.0670657222344744,126,0.394375,0.125,0.625,0,469,0,0,0.00038389553083106875,169.74746704101562,1.379116415977478,0.0006978305755183101,0.0,0.28267115354537964
234,full_ca_hmappo,1,0.3379427237705386,126,0.42375,0.125,0.625,0,725,0,0,-0.0009319093078374863,8.43415355682373,1.4144320487976074,0.00019988324493169785,0.0,0.2646726965904236
235,full_ca_hmappo,1,0.307243313848403,126,0.4275,0.125,0.625,0,981,0,0,-0.014650407247245312,1.535099983215332,1.164244294166565,0.004942232742905617,0.0,0.39413565397262573
236,full_ca_hmappo,1,1.0281470995651034,127,0.413125,0.0,0.25,0,237,0,0,0.013494158163666725,299.91888427734375,1.2862625122070312,0.014107020571827888,0.23828125,0.32321813702583313
237,full_ca_hmappo,1,0.27069748079065903,127,0.46875,0.0,0.25,0,493,0,0,0.001245270250365138,6.075176239013672,1.306634783744812,0.007785748690366745,0.0455729179084301,0.30385786294937134
238,full_ca_hmappo,1,0.33693220065470086,127,0.679375,0.0,0.375,0,749,0,0,0.0005682669579982758,9.483504295349121,1.2854268550872803,0.0039060250855982304,0.0,0.31477296352386475
239,full_ca_hmappo,1,0.353739200392738,128,0.014375,0.0,0.0,0,5,0,0,0.00023200611758511513,76.43179321289062,0.9078668355941772,0.00039440891123376787,0.0,0.5177695751190186
240,full_ca_hmappo,1,0.3583082957484294,128,0.411875,0.0,0.125,0,261,0,0,-0.000446150079369545,9.980587005615234,1.2268273830413818,0.0004252881626598537,0.0,0.3488311171531677
241,full_ca_hmappo,1,0.15063856566348477,128,0.55625,0.0,0.125,0,517,0,0,-0.0003435189719311893,9.755309104919434,1.2790110111236572,-0.0009855586104094982,0.0,0.33578670024871826
242,full_ca_hmappo,1,0.1412215048694634,128,0.63125,0.0,0.25,0,773,0,0,-0.0003347884339746088,24.231060028076172,1.2212200164794922,0.00021318501967471093,0.0,0.35934674739837646
243,full_ca_hmappo,1,-0.027573653118452057,130,0.013125,0.0,0.0,0,6,0,0,-0.0007097380002960563,218.20574951171875,0.8931547403335571,0.00015766173601150513,0.0,0.5188143253326416
244,full_ca_hmappo,1,0.6305405253879144,130,0.425625,0.0,0.25,0,262,0,0,-0.0005419030785560608,92.46562957763672,1.20982027053833,-0.0001306623889831826,0.0,0.3579199016094208
245,full_ca_hmappo,1,0.06629259457758963,130,0.52,0.0,0.25,0,518,0,0,-0.000737333670258522,16.74805450439453,1.2679762840270996,-0.000359946716343984,0.0,0.32956573367118835
246,full_ca_hmappo,1,0.20766483187480844,130,0.559375,0.0,0.375,0,774,0,0,-0.0015711523592472076,14.795818328857422,1.2829713821411133,-0.0015920016448944807,0.0,0.32139164209365845
247,full_ca_hmappo,1,0.10933637347443437,131,0.070625,0.0,0.0,0,30,0,0,-0.002660806057974696,51.48514938354492,0.8969995975494385,0.0001666263851802796,0.0,0.5199462175369263
248,full_ca_hmappo,1,0.7949610773721361,131,0.4725,0.0,0.5,0,286,0,0,-0.0010438617318868637,197.79872131347656,1.2342040538787842,0.0011281570186838508,0.0,0.3438595235347748
249,full_ca_hmappo,1,0.27330120107308176,131,0.66125,0.0,0.75,0,542,0,0,-0.0055961599573493,16.08108139038086,1.2921607494354248,0.0005055944202467799,0.0,0.3164999485015869
250,full_ca_hmappo,1,0.16155263182736235,131,0.671875,0.0,0.75,0,798,0,0,-0.005559953860938549,5.345630645751953,1.2670360803604126,0.0018375229556113482,0.0,0.33415883779525757
251,full_ca_hmappo,1,0.39533478257999377,132,0.12875,0.0,0.125,0,54,0,0,0.000764004304073751,123.14642333984375,0.9907070994377136,-5.847727879881859e-05,0.0,0.4796236455440521
252,full_ca_hmappo,1,0.7344640444171091,132,0.481875,0.0,0.375,0,310,0,0,-0.0009181952918879688,88.52717590332031,1.23966646194458,0.0017447246937081218,0.0,0.34366917610168457
253,full_ca_hmappo,1,0.13832833196647698,132,0.57125,0.0,0.375,0,566,0,0,-0.0016635172069072723,7.4902448654174805,1.3042395114898682,0.0016415445134043694,0.0,0.3185466527938843
254,full_ca_hmappo,1,0.15584173388651834,132,0.5875,0.0,0.375,0,822,0,0,-0.0011386275291442871,15.040876388549805,1.1546988487243652,-6.999805191298947e-05,0.0,0.4039960503578186
255,full_ca_hmappo,1,0.7684963550341308,133,0.180625,0.0,0.25,0,78,0,0,-0.000608871690928936,325.11102294921875,1.0097168684005737,0.0002199571463279426,0.0,0.4712517261505127
256,full_ca_hmappo,1,0.6372085937709926,133,0.384375,0.0,0.375,0,334,0,0,-8.493289351463318e-05,48.739288330078125,1.2519938945770264,-0.00022762580192647874,0.0,0.3368127942085266
257,full_ca_hmappo,1,0.1951069859726431,133,0.490625,0.0,0.375,0,590,0,0,-0.002159271389245987,4.072082042694092,1.3437703847885132,0.00041768327355384827,0.0,0.3011755645275116
258,full_ca_hmappo,1,0.2603904821044125,133,0.546875,0.0,0.5,0,846,0,0,-0.002935510827228427,27.343048095703125,1.1666120290756226,0.0010738605633378029,0.0,0.3914027810096741
259,full_ca_hmappo,1,0.5848365842321073,134,0.230625,0.0,0.125,0,102,0,0,-0.001036468311212957,133.02227783203125,1.0564278364181519,0.0006548006786033511,0.0,0.4442814290523529
260,full_ca_hmappo,1,0.6200895025322097,134,0.525,0.0,0.375,0,358,0,0,7.888302206993103e-06,48.80434799194336,1.2875971794128418,0.0027209757827222347,0.0,0.32907435297966003
261,full_ca_hmappo,1,0.5426556206220994,134,0.694375,0.0,0.875,0,614,0,0,-0.0003923649783246219,55.25845718383789,1.3634376525878906,-0.0006520568276755512,0.0,0.29188719391822815
262,full_ca_hmappo,1,0.22652951311465586,134,0.76375,0.0,1.0,0,870,0,0,-0.002607818227261305,5.4347310066223145,1.1782257556915283,0.0009267597924917936,0.0,0.3842165470123291
263,full_ca_hmappo,1,0.7286163324397421,135,0.226875,0.0,0.5,0,126,0,0,-0.0004470817220862955,404.8083801269531,1.083136796951294,0.0009831751231104136,0.0,0.42602643370628357
264,full_ca_hmappo,1,0.35294624349626247,135,0.443125,0.0,0.625,0,382,0,0,-0.0032054546754807234,9.45857048034668,1.3427671194076538,0.0010443184291943908,0.0,0.3055170476436615
265,full_ca_hmappo,1,0.4818532486033291,135,0.60125,0.0,0.75,0,638,0,0,-0.0008145819301716983,23.384429931640625,1.3431501388549805,-0.0003410532954148948,0.0,0.30095717310905457
266,full_ca_hmappo,1,0.3259651245916757,135,0.67,0.0,0.75,0,894,0,0,-0.004642303567379713,5.19400691986084,1.1545383930206299,0.002750752493739128,0.0,0.4017432630062103
267,full_ca_hmappo,1,0.7101814386062415,136,0.27125,0.0,0.25,0,150,0,0,-0.001685412018559873,150.374755859375,1.1526057720184326,0.0016540753422304988,0.0,0.4008634090423584
268,full_ca_hmappo,1,0.5220321187180161,136,0.403125,0.0,0.25,0,406,0,0,0.0004122927784919739,18.551393508911133,1.3507736921310425,0.000815541367046535,0.0,0.3005104959011078
269,full_ca_hmappo,1,0.5010995583434124,136,0.565625,0.0,0.625,0,662,0,0,-0.0022802322637289762,23.324995040893555,1.394645094871521,0.000612214847933501,0.0,0.27855896949768066
270,full_ca_hmappo,1,0.337389903019357,136,0.601875,0.0,0.625,0,918,0,0,-0.0022863750346004963,4.742892742156982,1.1235711574554443,-0.0011270369868725538,0.0,0.4154582917690277
271,full_ca_hmappo,1,0.7130704980108931,137,0.27875,0.0,0.125,0,174,0,0,0.001052672741934657,170.34912109375,1.2083263397216797,0.000935929361730814,0.0,0.3796772360801697
272,full_ca_hmappo,1,0.893109227234163,137,0.583125,0.0,0.5,0,430,0,0,0.0005289912223815918,83.0777587890625,1.3728116750717163,0.0004025534726679325,0.0,0.29537737369537354
273,full_ca_hmappo,1,0.4118876126549367,137,0.6525,0.0,0.5,0,686,0,0,-0.0002246995863970369,4.623833656311035,1.389918327331543,-9.778840467333794e-05,0.0,0.28364914655685425
274,full_ca_hmappo,1,0.38682301373592054,137,0.670625,0.0,0.5,0,942,0,0,-0.001752445474267006,4.831061363220215,1.1148587465286255,-0.0004960871301591396,0.0,0.42271924018859863
275,full_ca_hmappo,1,0.7767610910868825,138,0.35125,0.0,0.375,0,198,0,0,0.00021074961114209145,206.5714569091797,1.250488042831421,-0.00017783022485673428,0.0,0.35581374168395996
276,full_ca_hmappo,1,0.6521680335999918,138,0.6275,0.0,0.5,0,454,0,0,-0.00014553467917721719,50.81867980957031,1.3869727849960327,-0.00017338278121314943,0.0,0.28389421105384827
277,full_ca_hmappo,1,0.4848605900856455,138,0.735,0.0,0.625,0,710,0,0,0.00010317377746105194,25.147071838378906,1.4078658819198608,-0.00010411487892270088,0.0,0.2724592685699463
278,full_ca_hmappo,1,0.31663534778658686,138,0.74,0.0,0.625,0,966,0,0,-0.0013118417700752616,5.681487083435059,1.0866718292236328,0.0007844094070605934,0.0,0.4385839104652405
279,full_ca_hmappo,1,1.1637843225180404,139,0.403125,0.125,0.875,0,222,0,0,0.00036420891410671175,362.290283203125,1.2651033401489258,0.0010306141339242458,0.0,0.3411569595336914
280,full_ca_hmappo,1,0.4130777282298368,139,0.54,0.125,0.875,0,478,0,0,0.00019517976033966988,7.602052211761475,1.4028972387313843,-0.0004155969654675573,0.0,0.2786892056465149
281,full_ca_hmappo,1,0.41852221497902065,139,0.65625,0.125,0.875,0,734,0,0,-0.0013030569534748793,8.402379035949707,1.425957441329956,0.0004178290255367756,0.0,0.26946258544921875
282,full_ca_hmappo,1,0.4068104931357084,139,0.665625,0.125,0.875,0,990,0,0,-0.002867257222533226,4.998841762542725,1.0804674625396729,5.58843239559792e-05,0.0,0.4411660134792328
283,full_ca_hmappo,1,0.6530208768963348,140,0.23,0.0,0.5,0,246,0,0,-0.0007067372789606452,339.44677734375,1.283033847808838,-0.00014832871966063976,0.0,0.34079504013061523
284,full_ca_hmappo,1,0.4663958261589869,140,0.463125,0.0,0.5,0,502,0,0,-0.00132646260317415,9.974799156188965,1.3794320821762085,0.0004228350589983165,0.0,0.28786611557006836
285,full_ca_hmappo,1,0.4671402824806137,140,0.7625,0.0,0.625,0,758,0,0,-0.0024231793358922005,16.56949806213379,1.4045779705047607,0.0005522081628441811,0.0,0.2826753258705139
286,full_ca_hmappo,1,0.3688095581019297,141,0.030625,0.0,0.0,0,14,0,0,-0.0015316130593419075,40.09505081176758,1.0020158290863037,0.000813537510111928,0.0,0.47881197929382324
287,full_ca_hmappo,1,0.859808234538832,141,0.3725,0.0,0.375,0,270,0,0,-0.0006696917116641998,208.9225616455078,1.3059329986572266,-0.0015021346043795347,0.0,0.3163275122642517
288,full_ca_hmappo,1,0.559915909796473,141,0.46625,0.125,0.375,0,526,0,0,0.0006289451266638935,41.383819580078125,1.3614819049835205,0.00021416027448140085,0.0,0.29434141516685486
289,full_ca_hmappo,1,0.42984387473916286,141,0.48875,0.125,0.375,0,782,0,0,-0.0008374235476367176,7.879931926727295,1.3517807722091675,0.00048494371003471315,0.0,0.29829511046409607
290,full_ca_hmappo,1,0.5459603309245722,142,0.026875,0.0,0.125,0,38,0,0,1.5232712030410767e-05,91.45635986328125,1.0117237567901611,-0.00019419085583649576,0.0,0.47807776927948
291,full_ca_hmappo,1,0.46564487379509956,142,0.23,0.0,0.25,0,294,0,0,-0.0002876715734601021,84.27606201171875,1.3579957485198975,0.00011028768494725227,0.0,0.2949903607368469
292,full_ca_hmappo,1,0.7151548327510682,142,0.425625,0.125,0.625,0,550,0,0,0.0001955665647983551,68.7960433959961,1.387905478477478,-1.3072432011540513e-05,0.0,0.27719971537590027
293,full_ca_hmappo,1,0.5087305875124457,142,0.566875,0.125,0.625,0,806,0,0,-0.00037771527422592044,11.335022926330566,1.3734560012817383,0.0001282431185245514,0.0,0.28806591033935547
294,full_ca_hmappo,1,0.5738914009252767,143,0.104375,0.0,0.125,0,62,0,0,-0.00021160146570764482,45.20909118652344,1.024928092956543,4.047054608236067e-05,0.0,0.4688321053981781
295,full_ca_hmappo,1,0.821756274010113,144,0.3725,0.0,0.375,0,214,0,0,-0.00024595981813035905,320.1102294921875,1.3036468029022217,0.00018152424308937043,0.0,0.3206329047679901
296,full_ca_hmappo,1,0.6429903710943563,144,0.608125,0.0,0.625,0,470,0,0,-0.0003665636177174747,27.27635955810547,1.375841498374939,-0.00018628562975209206,0.0,0.28949788212776184
297,full_ca_hmappo,1,0.4342389316839217,144,0.7325,0.0,0.75,0,726,0,0,-0.0021278399508446455,11.838367462158203,1.375375509262085,0.0008187528583221138,0.0,0.28018051385879517
298,full_ca_hmappo,1,0.4098008480286808,144,0.760625,0.0,0.75,0,982,0,0,-0.002819191198796034,4.362161636352539,1.0306910276412964,-0.0005122623406350613,0.0,0.4635563790798187
299,full_ca_hmappo,1,1.0432020029838895,145,0.42875,0.0,0.5,0,238,0,0,0.0006870584329590201,224.580078125,1.2530572414398193,0.0007424725918099284,0.0,0.3520141541957855
300,full_ca_hmappo,1,0.5539896520358525,145,0.6325,0.0,0.75,0,494,0,0,-0.0003661125374492258,38.37754821777344,1.354644775390625,0.00027694678283296525,0.0,0.29120633006095886
301,full_ca_hmappo,1,0.40273512492422014,145,0.749375,0.0,0.875,0,750,0,0,-0.0006524039199575782,6.569342613220215,1.4048322439193726,-0.00010587771976133808,0.0,0.26925480365753174
302,full_ca_hmappo,1,0.32635493884663447,146,0.015,0.0,0.0,0,6,0,0,0.0001351976243313402,41.76484680175781,1.0325431823730469,-0.00022970388818066567,0.0,0.461186021566391
303,full_ca_hmappo,1,0.2157025541528128,146,0.339375,0.0,0.125,0,262,0,0,-0.00035066562122665346,26.901058197021484,1.2956078052520752,-0.000281427608570084,0.0,0.33907198905944824
304,full_ca_hmappo,1,0.993947392123971,146,0.65125,0.0,0.75,0,518,0,0,-0.00020038150250911713,182.56002807617188,1.3912034034729004,3.327755257487297e-05,0.0,0.286197304725647
305,full_ca_hmappo,1,0.5293398662752224,146,0.785625,0.125,0.75,0,774,0,0,-0.001243978156708181,26.933135986328125,1.4012775421142578,0.0002371915616095066,0.0,0.28087496757507324
306,full_ca_hmappo,1,0.27354229451759693,148,0.03625,0.0,0.0,0,22,0,0,-8.801247167866677e-05,137.31910705566406,1.0014036893844604,-3.79272605641745e-05,0.0,0.4852895140647888
307,full_ca_hmappo,1,0.7092984733608318,148,0.359375,0.0,0.25,0,278,0,0,-6.275872874539346e-05,118.95636749267578,1.2690540552139282,0.00011494196951389313,0.0,0.3433363437652588
308,full_ca_hmappo,1,0.3991498364785002,148,0.47375,0.125,0.25,0,534,0,0,-0.0012226104736328125,11.225208282470703,1.364863395690918,0.0006396678509190679,0.0,0.28987860679626465
309,full_ca_hmappo,1,0.7279767615164019,148,0.680625,0.125,0.75,0,790,0,0,-0.000952988862991333,58.6390266418457,1.4176652431488037,-0.0003518312587402761,0.0,0.2709973454475403
310,full_ca_hmappo,1,0.35978452601557365,149,0.058125,0.0,0.0,0,46,0,0,2.2444874048233032e-05,37.398773193359375,1.0053794384002686,0.0006433023954741657,0.0,0.4845932722091675
311,full_ca_hmappo,1,0.7127064846517897,149,0.413125,0.0,0.25,0,302,0,0,-0.00045346375554800034,136.4846954345703,1.2909237146377563,0.0004459909978322685,0.0,0.3325503170490265
312,full_ca_hmappo,1,0.528003570432702,149,0.50625,0.0,0.25,0,558,0,0,-0.00027250126004219055,18.08946418762207,1.3821094036102295,0.00023199603310786188,0.0,0.2795844078063965
313,full_ca_hmappo,1,0.31131169599052555,149,0.543125,0.0,0.375,0,814,0,0,-0.0014118615072220564,4.343602180480957,1.3570588827133179,0.00016164485714398324,0.0,0.2998298406600952
314,full_ca_hmappo,1,0.5521708926730753,150,0.130625,0.0,0.125,0,70,0,0,-0.002453027991577983,111.67056274414062,1.0353574752807617,0.0006439061835408211,0.0,0.46845388412475586
315,full_ca_hmappo,1,0.46261041131765523,150,0.374375,0.0,0.25,0,326,0,0,-0.001739470986649394,79.34539794921875,1.3483742475509644,-0.000252923317020759,0.0,0.3068295121192932
316,full_ca_hmappo,1,0.5100230821299192,150,0.535,0.0,0.375,0,582,0,0,0.0012486984487622976,12.06222915649414,1.3963483572006226,0.0006150961853563786,0.0,0.28651154041290283
317,full_ca_hmappo,1,0.4197427374074323,150,0.629375,0.0,0.5,0,838,0,0,-0.0006383282016031444,6.237652778625488,1.3474547863006592,-0.0007032416760921478,0.0,0.3157007396221161
318,full_ca_hmappo,1,0.6620870220340294,151,0.191875,0.0,0.125,0,94,0,0,-0.00042353448225185275,232.89776611328125,1.0369594097137451,0.00010820035822689533,0.0,0.46295031905174255
319,full_ca_hmappo,1,0.26940600449688645,151,0.48,0.0,0.125,0,350,0,0,-5.672996485373005e-05,11.713801383972168,1.315115213394165,-0.00025620762608014047,0.0,0.3221387267112732
320,full_ca_hmappo,1,0.5487958294324926,152,0.044375,0.0,0.125,0,33,0,0,-0.001227405620738864,227.83248901367188,1.3724788427352905,-0.0001293382083531469,0.0,0.2984769344329834
321,full_ca_hmappo,1,0.4880348349834094,152,0.16875,0.0,0.375,0,289,0,0,-0.009334568865597248,59.51655578613281,1.3733012676239014,0.006732049398124218,0.006510416977107525,0.30359381437301636
322,full_ca_hmappo,1,0.5730925797506643,152,0.386875,0.0,0.375,0,545,0,0,-0.005272503476589918,16.813297271728516,1.4202046394348145,0.005576246418058872,0.0,0.2701431214809418
323,full_ca_hmappo,1,0.6851419891390833,152,0.615625,0.0,0.625,0,801,0,0,-0.001554198912344873,39.122589111328125,1.4062871932983398,0.0036927598994225264,0.0,0.2748560607433319
324,full_ca_hmappo,1,0.5256842025046353,153,0.060625,0.0,0.125,0,57,0,0,-1.5574818462482654e-05,97.53030395507812,1.0747112035751343,-0.0011320594931021333,0.0,0.44897422194480896
325,full_ca_hmappo,1,0.9229511855737655,153,0.513125,0.0,0.75,0,313,0,0,0.0009031010558828712,123.93696594238281,1.393744707107544,0.0006923556211404502,0.0,0.2841483950614929
326,full_ca_hmappo,1,0.2499883031105128,153,0.608125,0.0,0.75,0,569,0,0,-0.0003789171460084617,6.3383026123046875,1.4283761978149414,0.0002270895056426525,0.0,0.27545222640037537
327,full_ca_hmappo,1,0.4596588063041054,153,0.675,0.125,0.75,0,825,0,0,-0.0006345845758914948,27.319808959960938,1.449297308921814,-1.9708959371200763e-05,0.0,0.25872331857681274
328,full_ca_hmappo,1,0.3775494351521047,155,0.058125,0.0,0.125,0,24,0,0,0.00013778917491436005,339.25274658203125,1.1111230850219727,-9.055397094925866e-05,0.0,0.4239341616630554
329,full_ca_hmappo,1,1.0317569768085377,156,0.138125,0.0,0.375,0,60,0,0,1.468354275857564e-05,537.0350952148438,1.3662116527557373,2.0564611986628734e-05,0.0,0.2937842607498169
330,full_ca_hmappo,1,0.9904740908168606,156,0.588125,0.125,0.75,0,316,0,0,-8.071959018707275e-05,141.57591247558594,1.412501573562622,0.00017615625984035432,0.0,0.27365046739578247
331,full_ca_hmappo,1,0.41265299843439607,156,0.671875,0.125,0.75,0,572,0,0,-0.002159475814551115,8.5648775100708,1.4510105848312378,0.00018629028636496514,0.0,0.2591782808303833
332,full_ca_hmappo,1,0.4436821547542422,156,0.755625,0.125,0.875,0,828,0,0,-0.0017921490361914039,4.798830032348633,1.4583866596221924,0.0012600207701325417,0.0,0.25508952140808105
333,full_ca_hmappo,1,0.16072625560809684,158,0.079375,0.0,0.0,0,78,0,0,-0.0005147289484739304,132.32064819335938,1.1973909139633179,-0.00026954090571962297,0.0,0.3910691738128662
334,full_ca_hmappo,1,0.7830140699488766,158,0.296875,0.0,0.0,0,334,0,0,-0.0013528615236282349,54.841766357421875,1.391764521598816,-0.0003536241129040718,0.0,0.28648480772972107
335,full_ca_hmappo,1,0.6310090507031418,158,0.58875,0.0,0.25,0,590,0,0,0.0005312636494636536,45.73025894165039,1.4475717544555664,-0.00034582740045152605,0.0,0.26255321502685547
336,full_ca_hmappo,1,0.5347170986342462,158,0.695625,0.0,0.5,0,846,0,0,0.0001829781976994127,15.092181205749512,1.4520041942596436,2.260281144117471e-05,0.0,0.2577582001686096
337,full_ca_hmappo,1,0.528452307698899,159,0.103125,0.0,0.0,0,102,0,0,-0.0020708441734313965,99.51786041259766,1.1251403093338013,-0.0007657161331735551,0.0,0.4168521761894226
338,full_ca_hmappo,1,0.2785524304968021,159,0.319375,0.0,0.0,0,358,0,0,-0.004126257263123989,6.014162063598633,1.4379751682281494,-0.0003817936812993139,0.0,0.26508575677871704
339,full_ca_hmappo,1,0.6183255587657186,159,0.370625,0.0,0.0,0,614,0,0,-0.0004398140008561313,29.429670333862305,1.4181517362594604,0.0007996194763109088,0.0,0.2761320173740387
340,full_ca_hmappo,1,0.6243421665837232,159,0.61125,0.0,0.375,0,870,0,0,0.0006522635812871158,33.831077575683594,1.414172649383545,0.0010575037449598312,0.0,0.27871808409690857
341,full_ca_hmappo,1,0.7611884300267775,160,0.180625,0.0,0.25,0,126,0,0,0.00042753666639328003,201.18508911132812,1.168346881866455,-0.0002321135252714157,0.0,0.4028652608394623
342,full_ca_hmappo,1,0.48306662918184884,161,0.09375,0.0,0.0,0,62,0,0,6.674478640888992e-07,258.6513366699219,1.4163397550582886,0.00013442648923955858,0.0,0.2774129807949066
343,full_ca_hmappo,1,0.7390599196587573,161,0.3925,0.0,0.25,0,318,0,0,-0.0002929916081484407,133.29232788085938,1.4040343761444092,-5.452071127365343e-05,0.0,0.27600324153900146
344,full_ca_hmappo,1,0.42288124765218527,161,0.411875,0.0,0.25,0,574,0,0,-0.002675265073776245,3.5202746391296387,1.4373992681503296,0.00016892065468709916,0.0,0.2652132213115692
345,full_ca_hmappo,1,0.4239311019896377,161,0.52875,0.0,0.25,0,830,0,0,-0.00547711830586195,5.903631210327148,1.4293092489242554,0.0013623100239783525,0.0,0.2634621560573578
346,full_ca_hmappo,1,0.5837835511774756,163,0.1375,0.0,0.125,0,64,0,0,-0.0022629934828728437,264.10186767578125,1.110119104385376,-0.0005109759513288736,0.0,0.42386576533317566
347,full_ca_hmappo,1,1.1009434115767363,163,0.60625,0.0,0.625,0,320,0,0,1.071238330041524e-05,174.22032165527344,1.3935612440109253,-0.0006768663297407329,0.0,0.2897063195705414
348,full_ca_hmappo,1,0.3712440084983655,163,0.69125,0.0,0.625,0,576,0,0,-0.0013495659222826362,7.063637733459473,1.4430794715881348,-0.00038579985266551375,0.0,0.25718340277671814
349,full_ca_hmappo,1,0.33245120092396974,163,0.74625,0.0,0.75,0,832,0,0,-0.002045630943030119,4.591001033782959,1.4608039855957031,0.0011007559951394796,0.0,0.2502465844154358
350,full_ca_hmappo,1,0.6467609979190456,164,0.193125,0.0,0.125,0,88,0,0,-0.000753294094465673,144.19158935546875,1.156268835067749,0.0008861834648996592,0.0,0.40542730689048767
351,full_ca_hmappo,1,0.5915592413066406,164,0.389375,0.0,0.375,0,344,0,0,-0.00031884387135505676,36.62139129638672,1.3972952365875244,0.00019527770928107202,0.0,0.27527788281440735
352,full_ca_hmappo,1,0.4258355874426343,164,0.424375,0.0,0.375,0,600,0,0,-0.0013542448868975043,2.1736841201782227,1.436598539352417,-0.00017334939911961555,0.0,0.26629143953323364
353,full_ca_hmappo,1,0.3241689439273614,164,0.4475,0.0,0.375,0,856,0,0,-0.0016033891588449478,4.421072483062744,1.3990240097045898,0.0009530391544103622,0.0,0.28422117233276367
354,full_ca_hmappo,1,0.8398138467691751,165,0.243125,0.0,0.625,0,112,0,0,-0.00033720582723617554,238.76406860351562,1.1407235860824585,0.000281664717476815,0.0,0.40895193815231323
355,full_ca_hmappo,1,0.6400966767087084,165,0.50125,0.0,0.75,0,368,0,0,-0.00038580596446990967,27.959321975708008,1.4118983745574951,0.0004876543243881315,0.0,0.2641569972038269
356,full_ca_hmappo,1,0.4730841414370843,165,0.633125,0.0,0.875,0,624,0,0,-0.00040429955697618425,10.212559700012207,1.4166396856307983,0.0002334541641175747,0.0,0.269491046667099
357,full_ca_hmappo,1,0.39638796855740566,165,0.755,0.0,0.875,0,880,0,0,-0.007158489432185888,2.9749910831451416,1.3264892101287842,0.003398331580683589,0.0,0.3177804946899414
358,full_ca_hmappo,1,0.7651211372522084,166,0.185625,0.0,0.25,0,136,0,0,-0.003936063498258591,168.25247192382812,1.166927695274353,0.004243247210979462,0.0,0.3887108266353607
359,full_ca_hmappo,1,0.37771443841711516,166,0.374375,0.0,0.25,0,392,0,0,-0.015574045479297638,8.443777084350586,1.4389979839324951,0.01651906594634056,0.2213541716337204,0.25474047660827637
360,full_ca_hmappo,1,0.6873835638816672,166,0.629375,0.0,0.5,0,648,0,0,-0.0015999970491975546,34.891807556152344,1.4017608165740967,0.008074680343270302,0.2513020932674408,0.26411861181259155
361,full_ca_hmappo,1,0.3966736601471439,166,0.683125,0.0,0.5,0,904,0,0,-0.002812882885336876,4.842447280883789,1.286263346672058,0.0020686318166553974,0.0,0.33316266536712646
362,full_ca_hmappo,1,0.507597514661029,167,0.20375,0.0,0.25,0,160,0,0,-0.007447827607393265,175.47308349609375,1.2146599292755127,0.006225572898983955,0.0013020833721384406,0.36647939682006836
363,full_ca_hmappo,1,0.5807401303936786,167,0.50125,0.0,0.75,0,416,0,0,0.007760887499898672,26.58920669555664,1.3454132080078125,0.008324716240167618,0.09375,0.2848552167415619
364,full_ca_hmappo,1,0.44232143661292866,167,0.640625,0.0,0.75,0,672,0,0,0.0030350461602211,7.929658889770508,1.3618617057800293,0.008155941031873226,0.0,0.2795008420944214
365,full_ca_hmappo,1,0.42170972888561664,167,0.7375,0.0,1.0,0,928,0,0,-0.01546228863298893,11.06031322479248,1.1336519718170166,0.0017880459781736135,0.015625,0.404913991689682
366,full_ca_hmappo,1,0.4924865550274262,169,0.2725,0.0,0.125,0,164,0,0,0.008165383711457253,370.0611572265625,1.1541764736175537,0.017722738906741142,0.2994791865348816,0.3735480308532715
367,full_ca_hmappo,1,0.33320948090113234,169,0.338125,0.0,0.125,0,420,0,0,-0.008541573770344257,5.9825544357299805,1.2276983261108398,0.009217163547873497,0.1028645858168602,0.3316144347190857
368,full_ca_hmappo,1,0.6159248445201229,169,0.41875,0.0,0.25,0,676,0,0,-0.006860458292067051,15.946176528930664,1.1997573375701904,0.007078077644109726,0.0078125,0.34286507964134216
369,full_ca_hmappo,1,0.5808610702879378,169,0.489375,0.0,0.25,0,932,0,0,-0.004922473803162575,15.385062217712402,0.9745029211044312,0.0011135186068713665,0.0,0.480703204870224
370,full_ca_hmappo,1,0.18442238376155728,170,0.14375,0.0,0.0,0,188,0,0,-0.001292707398533821,73.15838623046875,1.1411035060882568,-0.0014214608818292618,0.0,0.39244627952575684
371,full_ca_hmappo,1,0.3347196199320024,170,0.25875,0.0,0.0,0,444,0,0,-0.004146409220993519,105.4070053100586,1.2347986698150635,0.0032919333316385746,0.0,0.33613619208335876
372,full_ca_hmappo,1,0.5535662180773215,170,0.361875,0.0,0.125,0,700,0,0,-0.0059469882398843765,17.995643615722656,1.219331979751587,0.0009806192247197032,0.0,0.3439854085445404
373,full_ca_hmappo,1,0.22039899683477415,170,0.42,0.0,0.125,0,956,0,0,-0.0028945792000740767,12.271406173706055,0.9529416561126709,0.002087318804115057,0.0,0.4895575940608978
374,full_ca_hmappo,1,0.7112585121540178,171,0.34375,0.0,0.25,0,212,0,0,-0.0013107092818245292,194.87091064453125,1.14041006565094,0.0019073737785220146,0.0,0.3808440864086151
375,full_ca_hmappo,1,0.5271177814138355,171,0.42375,0.0,0.5,0,468,0,0,-0.00010648214811226353,16.743932723999023,1.2443121671676636,0.0006395896780304611,0.0,0.33963438868522644
376,full_ca_hmappo,1,0.35118516049260506,171,0.45125,0.0,0.5,0,724,0,0,-0.0006954800337553024,5.417938232421875,1.2650697231292725,-0.00030211498960852623,0.0,0.33094772696495056
377,full_ca_hmappo,1,0.35345869767621707,171,0.460625,0.0,0.5,0,980,0,0,-0.0003210163558833301,6.825481414794922,0.9078862071037292,-8.286831143777817e-05,0.0,0.5216489434242249
378,full_ca_hmappo,1,0.5186217652953928,172,0.245,0.0,0.125,0,236,0,0,-0.0009098385344259441,81.99655151367188,1.1446322202682495,-0.00046769873006269336,0.0,0.3903891444206238
379,full_ca_hmappo,1,0.17288008299510693,172,0.326875,0.0,0.125,0,492,0,0,-0.001455436460673809,14.02822494506836,1.2475457191467285,6.880937144160271e-05,0.0,0.329313725233078
380,full_ca_hmappo,1,0.4103379985263018,172,0.453125,0.0,0.25,0,748,0,0,-0.00019564697868190706,101.83094787597656,1.2433664798736572,-8.89169386937283e-05,0.0,0.33289533853530884
381,full_ca_hmappo,1,0.28551766540249446,173,0.01,0.0,0.0,0,4,0,0,-2.025502544711344e-05,61.612953186035156,0.9193608164787292,0.00019113285816274583,0.0,0.5142638683319092
382,full_ca_hmappo,1,0.2840424983369303,174,0.08125,0.0,0.0,0,120,0,0,-0.0006045717746019363,286.6876525878906,1.2032341957092285,0.00022242809063754976,0.0,0.36857980489730835
383,full_ca_hmappo,1,0.48910180617986043,174,0.29125,0.0,0.125,0,376,0,0,-0.00043175433529540896,40.20026779174805,1.2454795837402344,0.00013335344556253403,0.0,0.33277422189712524
384,full_ca_hmappo,1,0.14376782503313734,174,0.363125,0.0,0.125,0,632,0,0,-0.0005476217484101653,17.79128646850586,1.2632064819335938,-4.651118069887161e-05,0.0,0.3206974267959595
385,full_ca_hmappo,1,1.0072716111681075,175,0.400625,0.0,0.5,0,246,0,0,-7.179255590017419e-06,310.03271484375,1.1208736896514893,6.795147055527195e-05,0.0,0.38291415572166443
386,full_ca_hmappo,1,0.470639289117571,175,0.49375,0.0,0.625,0,502,0,0,-0.00037799932761117816,7.05534553527832,1.271021842956543,-4.322795939515345e-05,0.0,0.32263830304145813
387,full_ca_hmappo,1,0.37519974788483523,175,0.563125,0.0,0.75,0,758,0,0,-0.003132033161818981,3.7731049060821533,1.2497785091400146,-0.000981916906312108,0.0,0.33765745162963867
388,full_ca_hmappo,1,0.25880078355567093,176,0.02375,0.0,0.0,0,14,0,0,0.002272732090204954,67.20228576660156,0.9364508390426636,0.0040393308736383915,0.0,0.5010411143302917
389,full_ca_hmappo,1,0.545117307905457,176,0.426875,0.0,0.125,0,270,0,0,-0.0007090199505910277,25.332000732421875,1.2231497764587402,0.0004351615789346397,0.0,0.3486672043800354
390,full_ca_hmappo,1,0.4999435430072481,176,0.58125,0.0,0.375,0,526,0,0,0.0006256640772335231,112.29728698730469,1.316211223602295,0.001067671924829483,0.0,0.30226945877075195
391,full_ca_hmappo,1,0.43162771161496494,176,0.595,0.125,0.375,0,782,0,0,-0.0008543519070371985,25.403583526611328,1.2986961603164673,0.00023253526887856424,0.0,0.31297895312309265
392,full_ca_hmappo,1,0.2739945844123213,177,0.065,0.0,0.0,0,38,0,0,-0.00037511158734560013,59.45861053466797,0.9575645327568054,0.0004431472043506801,0.0,0.5002766847610474
393,full_ca_hmappo,1,0.9853746010585382,177,0.493125,0.0,0.375,0,294,0,0,1.1671024367387872e-05,223.6163330078125,1.242703914642334,0.0002672936243470758,0.0,0.3455539643764496
394,full_ca_hmappo,1,0.5671074425463303,177,0.599375,0.125,0.375,0,550,0,0,-9.308258995588403e-06,48.571224212646484,1.3014397621154785,-0.00024762487737461925,0.0,0.30350762605667114
395,full_ca_hmappo,1,0.37039443240428227,177,0.6175,0.125,0.375,0,806,0,0,-0.00881337933242321,3.1973674297332764,1.2328522205352783,0.0015013664960861206,0.0,0.34819746017456055
396,full_ca_hmappo,1,0.424894912869604,178,0.099375,0.0,0.0,0,62,0,0,-0.0009607970714569092,133.4637451171875,0.9827413558959961,0.00467340275645256,0.0,0.48052072525024414
397,full_ca_hmappo,1,0.7663018892708351,178,0.404375,0.125,0.125,0,318,0,0,-0.0010250912746414542,100.00071716308594,1.2326085567474365,-0.0009119068272411823,0.0,0.3419097363948822
398,full_ca_hmappo,1,0.40163584467518376,178,0.49875,0.125,0.25,0,574,0,0,-0.0003340039402246475,55.62868881225586,1.300236463546753,-0.0005075664957985282,0.0,0.3072391152381897
399,full_ca_hmappo,1,0.34672662338925875,178,0.569375,0.125,0.5,0,830,0,0,0.00033576166606508195,3.9127678871154785,1.2187035083770752,3.785500302910805e-05,0.0,0.35989856719970703
400,full_ca_hmappo,1,0.26781526610648143,179,0.135625,0.0,0.0,0,86,0,0,-0.00030859000980854034,62.84347152709961,1.0166196823120117,-2.145969119737856e-05,0.0,0.46377620100975037
401,full_ca_hmappo,1,1.1166040659391,179,0.46875,0.0,0.5,0,342,0,0,0.00015341397374868393,316.54058837890625,1.2399011850357056,-0.0002433567278785631,0.0,0.33740898966789246
402,full_ca_hmappo,1,0.5974684446021001,179,0.610625,0.0,0.75,0,598,0,0,-0.0017078283708542585,22.406946182250977,1.3019328117370605,0.00015501849702559412,0.0,0.30477190017700195
403,full_ca_hmappo,1,0.40164735782911976,179,0.67,0.0,0.75,0,854,0,0,-0.017879892140626907,8.425817489624023,1.1732659339904785,0.0039730314165353775,0.0,0.3772994875907898
404,full_ca_hmappo,1,0.5931797424793785,180,0.14625,0.0,0.0,0,110,0,0,0.003469115123152733,105.48794555664062,1.000847339630127,0.009590741246938705,0.1770833432674408,0.46167275309562683
405,full_ca_hmappo,1,0.7531325575910159,180,0.489375,0.0,0.375,0,366,0,0,0.0003431706572882831,177.36325073242188,1.2852065563201904,0.005950687453150749,0.0,0.3128257989883423
406,full_ca_hmappo,1,0.4397125608584247,180,0.641875,0.0,0.625,0,622,0,0,0.00399303762242198,17.78512191772461,1.3549370765686035,-0.0004339527222327888,0.0,0.2968318462371826
407,full_ca_hmappo,1,0.32902887369482414,180,0.719375,0.0,0.625,0,878,0,0,-0.0005864687263965607,6.303230285644531,1.2780630588531494,0.0008513256907463074,0.0,0.3429044187068939
408,full_ca_hmappo,1,0.18374927244440187,181,0.14125,0.0,0.0,0,134,0,0,6.894177931826562e-05,69.81262969970703,1.0499744415283203,0.0013787265634164214,0.0,0.4703434407711029
409,full_ca_hmappo,1,0.752095324012771,181,0.390625,0.0,0.25,0,390,0,0,-0.0001299933937843889,199.3868408203125,1.331341028213501,-9.365861478727311e-05,0.0,0.3140398859977722
410,full_ca_hmappo,1,0.40154412711854093,181,0.52375,0.0,0.625,0,646,0,0,-0.0078027816489338875,10.146158218383789,1.4093904495239258,0.03746986761689186,0.4244791865348816,0.2656662166118622
411,full_ca_hmappo,1,0.37716118160687984,181,0.635625,0.0,0.625,0,902,0,0,-0.0013872043928131461,6.556398868560791,1.3051655292510986,0.0038580368272960186,0.0013020833721384406,0.33379682898521423
412,full_ca_hmappo,1,0.6345037288174353,182,0.1925,0.0,0.0,0,158,0,0,-0.0011585548054426908,205.99107360839844,1.1276496648788452,0.00037767886533401906,0.0,0.41916757822036743
413,full_ca_hmappo,1,0.6219454013444192,182,0.51625,0.0,0.5,0,414,0,0,0.0003755831567104906,59.09560775756836,1.3984928131103516,0.0010038473410531878,0.0,0.28389275074005127
414,full_ca_hmappo,1,0.5747704128953046,182,0.738125,0.0,0.75,0,670,0,0,-0.00031726062297821045,12.635414123535156,1.4575114250183105,0.0003972264821641147,0.0,0.26103535294532776
415,full_ca_hmappo,1,0.3747813237347941,182,0.813125,0.0,0.75,0,926,0,0,-0.0038154160138219595,2.752105236053467,1.4857257604599,-0.001345241442322731,0.0,0.24532966315746307
416,full_ca_hmappo,1,0.4829847406308545,183,0.103125,0.0,0.0,0,182,0,0,-0.0013998945942148566,151.76611328125,1.2444218397140503,-0.0006425640895031393,0.0,0.3725695312023163
417,full_ca_hmappo,1,0.8521071655341075,183,0.535,0.0,0.5,0,438,0,0,-0.00033919140696525574,151.0885467529297,1.4095338582992554,0.00037713348865509033,0.0,0.27928054332733154
418,full_ca_hmappo,1,0.4537199576298008,183,0.611875,0.0,0.625,0,694,0,0,-0.003553453367203474,2.8005800247192383,1.4362335205078125,-0.001472720643505454,0.0,0.26658540964126587
419,full_ca_hmappo,1,0.2953614026746436,183,0.62625,0.0,0.625,0,950,0,0,-0.005263581406325102,5.876750946044922,1.3969666957855225,0.0005063239368610084,0.0,0.2891470789909363
420,full_ca_hmappo,1,1.004798904148629,185,0.346875,0.0,0.375,0,187,0,0,0.00011242678010603413,479.71484375,1.2573775053024292,0.0010475108865648508,0.0,0.3550860285758972
421,full_ca_hmappo,1,0.4999779711673398,185,0.53125,0.0,0.375,0,443,0,0,-0.0014580152928829193,7.885522842407227,1.427597999572754,-0.00015631629503332078,0.0,0.2658677399158478
422,full_ca_hmappo,1,0.33940358413019567,185,0.569375,0.0,0.375,0,699,0,0,-0.003155011683702469,3.0196807384490967,1.4713023900985718,0.0011100572301074862,0.0,0.2536521255970001
423,full_ca_hmappo,1,0.5204004630791133,185,0.688125,0.0,0.625,0,955,0,0,-0.0006402380531653762,18.00763511657715,1.46772038936615,0.0007337732240557671,0.0,0.2605556547641754
424,full_ca_hmappo,1,0.6189103258257092,186,0.213125,0.0,0.25,0,211,0,0,-0.00048763275844976306,259.1826477050781,1.2780362367630005,0.0002095721138175577,0.0,0.346682608127594
425,full_ca_hmappo,1,0.7986558380271163,186,0.543125,0.125,0.5,0,467,0,0,-0.0006607591058127582,66.99654388427734,1.4240297079086304,0.0005438722437247634,0.0,0.2679862380027771
426,full_ca_hmappo,1,0.44329537273824826,186,0.65125,0.125,0.875,0,723,0,0,-0.00341062992811203,6.2064948081970215,1.4634759426116943,0.001387735246680677,0.0,0.24882034957408905
427,full_ca_hmappo,1,0.39721353606455523,186,0.7225,0.125,1.0,0,979,0,0,-0.019572298973798752,3.487630844116211,1.3824338912963867,0.004676718730479479,0.14453125,0.2947324514389038
428,full_ca_hmappo,1,0.8938279922276706,187,0.2625,0.0,0.375,0,235,0,0,0.0025972507428377867,255.5677490234375,1.3679122924804688,0.010380668565630913,0.02473958395421505,0.30303770303726196
429,full_ca_hmappo,1,0.4536272178429499,187,0.393125,0.0,0.625,0,491,0,0,0.0044011315330863,6.745000839233398,1.4687732458114624,0.00042093422962352633,0.0,0.24744057655334473
430,full_ca_hmappo,1,0.46142244903194296,187,0.56375,0.0,0.625,0,747,0,0,0.00040118832839652896,4.041092395782471,1.4870903491973877,0.00038182566640898585,0.0,0.2441730499267578
431,full_ca_hmappo,1,0.44326145925356286,188,0.00875,0.0,0.0,0,3,0,0,-0.000313454627757892,76.57710266113281,1.4159374237060547,-0.0006804196164011955,0.0,0.2821054458618164
432,full_ca_hmappo,1,0.23907032825803753,189,0.16625,0.0,0.0,0,142,0,0,-0.00045195501297712326,280.89031982421875,1.4237120151519775,-0.0002504531294107437,0.0,0.27195072174072266
433,full_ca_hmappo,1,0.5160599083333182,189,0.30875,0.0,0.0,0,398,0,0,-0.0003134335274808109,78.33970642089844,1.448968768119812,2.07099765248131e-05,0.0,0.25805532932281494
434,full_ca_hmappo,1,0.273773295839419,189,0.47375,0.0,0.125,0,654,0,0,0.00024097165442071855,12.198219299316406,1.4642786979675293,-0.00022745583555661142,0.0,0.24950216710567474
435,full_ca_hmappo,1,0.18243277463625418,189,0.485,0.0,0.125,0,910,0,0,-0.00034869214869104326,14.052470207214355,1.482656717300415,-0.00016440590843558311,0.0,0.24652723968029022
436,full_ca_hmappo,1,0.5040813475716277,190,0.24125,0.0,0.25,0,166,0,0,-0.002281496301293373,163.11944580078125,1.3518856763839722,-0.0017367219552397728,0.0,0.29656732082366943
437,full_ca_hmappo,1,0.915597802541015,190,0.629375,0.0,0.5,0,422,0,0,0.0020786679815500975,84.66458129882812,1.4288972616195679,-0.0007543667452409863,0.0,0.2673832178115845
438,full_ca_hmappo,1,0.3543224170944086,190,0.665625,0.0,0.5,0,678,0,0,-0.004663350060582161,2.1924753189086914,1.496303915977478,0.0006594074657186866,0.0,0.2409088909626007
439,full_ca_hmappo,1,0.3760762602159957,190,0.731875,0.0,0.5,0,934,0,0,-0.010230857878923416,6.901836395263672,1.487323522567749,0.00504691805690527,0.0,0.2422776073217392
440,full_ca_hmappo,1,0.839535460557272,191,0.3625,0.0,0.375,0,190,0,0,0.00067824253346771,182.920654296875,1.4480657577514648,0.004501423332840204,0.0,0.25376054644584656
441,full_ca_hmappo,1,0.5339319449940376,191,0.535625,0.0,0.375,0,446,0,0,0.0032634062226861715,13.105194091796875,1.4720017910003662,-0.0005474792560562491,0.0,0.2544054687023163
442,full_ca_hmappo,1,0.49820690295246095,191,0.663125,0.0,0.625,0,702,0,0,0.0008470135508105159,11.189079284667969,1.4912011623382568,0.0008800888899713755,0.0,0.2417643517255783
443,full_ca_hmappo,1,0.44793996704538586,191,0.75,0.0,0.875,0,958,0,0,-0.00012736767530441284,5.876392364501953,1.4947879314422607,0.0005722946370951831,0.0,0.2456067055463791
444,full_ca_hmappo,1,0.9323022161051995,192,0.241875,0.125,0.25,0,214,0,0,-0.00015533964324276894,276.65460205078125,1.4294092655181885,0.0001538652868475765,0.0,0.26890867948532104
445,full_ca_hmappo,1,0.7922057498344657,192,0.498125,0.125,0.5,0,470,0,0,-7.40134491934441e-05,70.10246276855469,1.4620907306671143,-0.00021449229097925127,0.0,0.25846850872039795
446,full_ca_hmappo,1,0.5006039402978786,192,0.650625,0.125,0.75,0,726,0,0,-0.0007759733125567436,11.950963973999023,1.5153107643127441,0.000106866005808115,0.0,0.2365344762802124
447,full_ca_hmappo,1,0.37863672901312384,192,0.739375,0.125,0.75,0,982,0,0,-0.0027374173514544964,4.4858598709106445,1.5156519412994385,0.00045099909766577184,0.0,0.23897425830364227
448,full_ca_hmappo,1,0.7017271870090553,193,0.284375,0.0,0.25,0,238,0,0,-0.000537203042767942,176.6920166015625,1.437859058380127,0.00024463748559355736,0.0,0.2629842758178711
449,full_ca_hmappo,1,0.6054659066770682,193,0.556875,0.0,0.625,0,494,0,0,-9.838305413722992e-05,20.217636108398438,1.4579827785491943,0.00041869067354127765,0.0,0.25163084268569946
450,full_ca_hmappo,1,0.4529149638574381,193,0.696875,0.0,0.75,0,750,0,0,-0.0015926517080515623,6.872191429138184,1.4920700788497925,-0.0004641250125132501,0.0,0.24180738627910614
451,full_ca_hmappo,1,0.7484307563145194,194,0.01375,0.0,0.0,0,6,0,0,-0.0001566912978887558,182.22569274902344,1.439721941947937,-0.0005356258479878306,0.0,0.268191397190094
452,full_ca_hmappo,1,0.3932404917285339,194,0.2325,0.0,0.125,0,262,0,0,-0.0012469894718378782,20.756820678710938,1.4257558584213257,-0.0011858108919113874,0.0,0.26564425230026245
453,full_ca_hmappo,1,0.7166090979590081,194,0.50625,0.0,0.25,0,518,0,0,0.0005577778210863471,64.17878723144531,1.422682285308838,0.0009362641139887273,0.0,0.2711969316005707
454,full_ca_hmappo,1,0.4873068040928956,194,0.669375,0.0,0.625,0,774,0,0,-0.0008913881029002368,7.00179386138916,1.4840221405029297,0.00016729472554288805,0.0,0.24273709952831268
455,full_ca_hmappo,1,0.30392163752132006,196,0.031875,0.0,0.0,0,26,0,0,-0.00029023861861787736,123.70726776123047,1.4542983770370483,-5.4182175517780706e-05,0.0,0.25903838872909546
456,full_ca_hmappo,1,0.9947816703552235,196,0.395625,0.0,0.5,0,282,0,0,-0.00013992066669743508,259.302978515625,1.456614375114441,0.00021612722775898874,0.0,0.25614309310913086
457,full_ca_hmappo,1,0.628831652403278,196,0.685625,0.0,0.75,0,538,0,0,5.337720267561963e-06,21.107769012451172,1.462691068649292,-0.0005054433713667095,0.0,0.2561034858226776
458,full_ca_hmappo,1,0.3347612326210765,196,0.805,0.0,0.875,0,794,0,0,-0.0008413512259721756,5.4658379554748535,1.4671415090560913,-2.668045272002928e-05,0.0,0.2509421408176422
459,full_ca_hmappo,1,0.3932357934065749,198,0.016875,0.0,0.0,0,6,0,0,-5.875217539141886e-05,302.53338623046875,1.4550732374191284,0.0004557476786430925,0.0,0.25782322883605957
460,full_ca_hmappo,1,1.10931685439391,198,0.3725,0.0,0.625,0,262,0,0,-0.00016330121434293687,219.53225708007812,1.3896827697753906,-0.00011972850188612938,0.0,0.2771223485469818
461,full_ca_hmappo,1,0.45279548589087426,198,0.5075,0.0,0.75,0,518,0,0,-0.0010149076115339994,4.2299604415893555,1.4501056671142578,-0.00039650104008615017,0.0,0.2525410056114197
462,full_ca_hmappo,1,0.37347104015202603,198,0.721875,0.0,0.875,0,774,0,0,-0.008392831310629845,13.087626457214355,1.4405336380004883,0.002023193519562483,0.0,0.25907784700393677
463,full_ca_hmappo,1,0.13437419241745374,200,0.0225,0.0,0.0,0,24,0,0,-0.0004084184765815735,162.05335998535156,1.4295209646224976,0.008132091723382473,0.0013020833721384406,0.25862178206443787
464,full_ca_hmappo,1,0.9744204894159338,200,0.416875,0.0,0.375,0,280,0,0,0.0011734243016690016,171.75741577148438,1.3789881467819214,-0.0016496116295456886,0.0,0.2776743769645691
465,full_ca_hmappo,1,0.43841433230409166,200,0.525,0.0,0.375,0,536,0,0,-0.0007694127853028476,7.433529853820801,1.4357306957244873,0.0011952542699873447,0.0,0.256695032119751
466,full_ca_hmappo,1,0.3516386167257224,200,0.525,0.0,0.375,0,792,0,0,-0.0026095244102180004,3.3994550704956055,1.4242846965789795,0.0017730252584442496,0.0,0.2540683150291443
467,full_ca_hmappo,1,0.3243323933957072,201,0.036875,0.0,0.0,0,48,0,0,-0.0005126744508743286,73.4076919555664,1.2709803581237793,-0.0004732976667582989,0.0,0.34430941939353943
468,full_ca_hmappo,1,0.30023350489500444,201,0.2025,0.0,0.125,0,304,0,0,0.0005642380565404892,106.26911926269531,1.406153678894043,0.0007541714003309608,0.0,0.27559468150138855
469,full_ca_hmappo,1,0.7298832706433132,201,0.356875,0.0,0.5,0,560,0,0,-0.0003152651188429445,44.096710205078125,1.417999267578125,-0.0004107723361812532,0.0,0.2620539367198944
470,full_ca_hmappo,1,0.6935756778839277,201,0.52875,0.125,0.75,0,816,0,0,0.00015425527817569673,45.63330841064453,1.419890284538269,-0.00020658380526583642,0.0,0.2555691599845886
471,full_ca_hmappo,1,0.24440006220538635,202,0.074375,0.0,0.0,0,72,0,0,5.883723497390747e-05,77.75098419189453,1.2987632751464844,9.850102651398629e-05,0.0,0.32416844367980957
472,full_ca_hmappo,1,0.15818504312483128,202,0.125,0.0,0.0,0,328,0,0,-0.00011800695210695267,51.9488639831543,1.4050135612487793,4.6590808779001236e-05,0.0,0.27973246574401855
473,full_ca_hmappo,1,0.7939928972309644,202,0.37125,0.0,0.75,0,584,0,0,2.692360430955887e-05,185.6773681640625,1.3861969709396362,6.147629756014794e-05,0.0,0.2839333415031433
474,full_ca_hmappo,1,0.46294307740618024,202,0.4825,0.0,0.875,0,840,0,0,-0.002354286378249526,6.8970184326171875,1.4169189929962158,0.00022071972489356995,0.0,0.26246878504753113
475,full_ca_hmappo,1,0.5493768275478033,203,0.08875,0.0,0.125,0,96,0,0,-0.0008107597823254764,77.72776794433594,1.3349980115890503,-0.00014819507487118244,0.0,0.300363153219223
476,full_ca_hmappo,1,0.9690784316644567,203,0.505625,0.0,0.5,0,352,0,0,0.0010315472027286887,115.83544158935547,1.3816535472869873,-0.0005725551163777709,0.0,0.285512775182724
477,full_ca_hmappo,1,0.5251401480212508,203,0.583125,0.0,0.75,0,608,0,0,-0.0005510015180334449,6.673375129699707,1.4103565216064453,-0.0001861867494881153,0.0,0.26662829518318176
478,full_ca_hmappo,1,0.3924214388616747,203,0.683125,0.0,0.875,0,864,0,0,-0.00738683994859457,6.086781024932861,1.4251669645309448,0.0015481685986742377,0.0,0.2597692608833313
479,full_ca_hmappo,1,0.22729010183593346,204,0.068125,0.0,0.0,0,120,0,0,-0.00014041116810403764,78.9281005859375,1.1437857151031494,0.003729108488187194,0.0,0.4020518660545349
480,full_ca_hmappo,1,0.9517342602921417,204,0.496875,0.0,0.5,0,376,0,0,-0.0022619105875492096,143.89761352539062,1.3254867792129517,0.002363369567319751,0.0,0.29779738187789917
481,full_ca_hmappo,1,0.2479053655624739,205,0.03875,0.0,0.0,0,38,0,0,-8.235685527324677e-06,175.77130126953125,1.3875365257263184,0.00037026655627414584,0.0,0.28139424324035645
482,full_ca_hmappo,1,0.708873450066676,205,0.345,0.0,0.25,0,294,0,0,-0.0007368972292169929,101.67427825927734,1.328089714050293,0.0009640537900850177,0.0,0.3018987774848938
483,full_ca_hmappo,1,0.5082977909677311,205,0.53375,0.0,0.5,0,550,0,0,-0.00018457013356965035,14.769367218017578,1.4346044063568115,0.00023160983982961625,0.0,0.2586074769496918
484,full_ca_hmappo,1,0.33945877360383747,205,0.566875,0.0,0.5,0,806,0,0,-0.0025189663283526897,5.15960693359375,1.4463200569152832,0.00054960697889328,0.0,0.2553943991661072
485,full_ca_hmappo,1,0.3369799608225321,206,0.128125,0.0,0.0,0,62,0,0,-0.0004920646315440536,66.57154846191406,1.2625093460083008,0.0005294423317536712,0.0,0.3527262210845947
486,full_ca_hmappo,1,0.8646477785293882,206,0.45375,0.0,0.5,0,318,0,0,-0.00014836031186860055,154.3841552734375,1.3505738973617554,0.0002541459980420768,0.0,0.2944280207157135
487,full_ca_hmappo,1,0.487244205092793,206,0.548125,0.0,0.5,0,574,0,0,-0.0017921756953001022,5.7707061767578125,1.4213542938232422,-0.0005398166249506176,0.0,0.2561889886856079
488,full_ca_hmappo,1,0.3341046955083584,206,0.564375,0.0,0.5,0,830,0,0,-0.0010264895390719175,4.849414825439453,1.4246057271957397,0.0002996833063662052,0.0,0.25837814807891846
489,full_ca_hmappo,1,0.8544992709794315,207,0.205,0.0,0.375,0,86,0,0,-0.0007701907306909561,317.9090576171875,1.1121625900268555,0.000688710599206388,0.0,0.42231059074401855
490,full_ca_hmappo,1,0.5876273729718378,207,0.486875,0.0,0.5,0,342,0,0,-0.00010613010817905888,18.514789581298828,1.3965128660202026,-0.0004699343699030578,0.0,0.2699388861656189
491,full_ca_hmappo,1,0.4319333303064923,207,0.5975,0.0,0.625,0,598,0,0,-0.003158862702548504,5.429473876953125,1.4476277828216553,0.0002148325293092057,0.0,0.2513435184955597
492,full_ca_hmappo,1,0.44837068627020926,207,0.6875,0.0,0.75,0,854,0,0,-0.004999227821826935,8.0437593460083,1.460052251815796,0.001412134151905775,0.0,0.24547713994979858
493,full_ca_hmappo,1,0.42435448294236267,208,0.1025,0.0,0.125,0,110,0,0,-0.0003658737987279892,125.73834228515625,1.2690210342407227,-0.0006666615372523665,0.0,0.3383704125881195
494,full_ca_hmappo,1,0.7419800011548432,208,0.358125,0.0,0.25,0,366,0,0,0.0011340919882059097,115.02427673339844,1.3749713897705078,7.43265263736248e-05,0.0,0.28087499737739563
495,full_ca_hmappo,1,0.4302552200115315,208,0.438125,0.0,0.25,0,622,0,0,-0.014228183776140213,8.037370681762695,1.4138139486312866,0.007077255751937628,0.0,0.2582758069038391
496,full_ca_hmappo,1,0.4316687634664049,208,0.514375,0.0,0.25,0,878,0,0,-0.004761253483593464,4.257462501525879,1.4169843196868896,0.011870200745761395,0.3671875,0.2575990855693817
497,full_ca_hmappo,1,0.4702861758414656,210,0.27375,0.0,0.125,0,128,0,0,0.004710257053375244,210.8691864013672,1.227177619934082,-0.0008163770544342697,0.0,0.35584545135498047
498,full_ca_hmappo,1,0.5541298502866994,210,0.4825,0.0,0.5,0,384,0,0,0.00022579792130272835,41.457767486572266,1.3642066717147827,0.0024338995572179556,0.0,0.2797399163246155
499,full_ca_hmappo,1,0.46149739358043007,210,0.661875,0.0,0.5,0,640,0,0,0.0002312461583642289,6.915705680847168,1.405606985092163,-0.0015141170006245375,0.0,0.27792811393737793
500,full_ca_hmappo,1,0.5050375525443087,210,0.745625,0.0,0.75,0,896,0,0,0.00029780095792375505,5.738321781158447,1.3311933279037476,0.0005659689195454121,0.0,0.31045156717300415
501,full_ca_hmappo,1,0.20219024168181932,211,0.089375,0.0,0.0,0,152,0,0,0.0004677617398556322,125.44772338867188,1.1865428686141968,-0.00024019709962885827,0.0,0.3790861964225769
502,full_ca_hmappo,1,0.9240183416186483,211,0.499375,0.0,0.375,0,408,0,0,0.00021112400281708688,112.32023620605469,1.3657968044281006,-0.00026922114193439484,0.0,0.28127723932266235
503,full_ca_hmappo,1,0.498459141741705,211,0.6175,0.0,0.625,0,664,0,0,-0.00040307827293872833,11.792041778564453,1.38754403591156,9.678925380285364e-06,0.0,0.2769196927547455
504,full_ca_hmappo,1,0.43212680773285683,211,0.6875,0.0,0.625,0,920,0,0,-0.012702465057373047,2.5265071392059326,1.304476022720337,0.022351928055286407,0.4049479365348816,0.3074737787246704
505,full_ca_hmappo,1,0.8902184393116386,212,0.2925,0.0,0.25,0,176,0,0,0.000614537566434592,180.2196807861328,1.1282906532287598,0.008365004323422909,0.0,0.3944704532623291
506,full_ca_hmappo,1,0.5315689595390722,212,0.51,0.0,0.25,0,432,0,0,-0.004484634380787611,7.964657783508301,1.3572661876678467,0.005722630303353071,0.0,0.2784903645515442
507,full_ca_hmappo,1,0.4809923191232883,212,0.6475,0.0,0.625,0,688,0,0,-0.0015542458277195692,16.11345100402832,1.4258947372436523,-0.0005852036993019283,0.0,0.26396286487579346
508,full_ca_hmappo,1,0.426859108327335,212,0.7725,0.0,0.625,0,944,0,0,-0.00771914329379797,7.541422367095947,1.2766859531402588,-0.005244723986834288,0.1497395932674408,0.33579427003860474
509,full_ca_hmappo,1,0.18737354150107421,213,0.1625,0.0,0.0,0,200,0,0,0.00671910447999835,79.90426635742188,1.2764757871627808,-0.00025001325411722064,0.1497395932674408,0.3415217101573944
510,full_ca_hmappo,1,0.62499469123577,213,0.275,0.0,0.0,0,456,0,0,-0.001148674637079239,78.45909118652344,1.417432188987732,0.0030310223810374737,0.0,0.2676386833190918
511,full_ca_hmappo,1,0.388417081060652,213,0.326875,0.0,0.0,0,712,0,0,-0.0010149976005777717,7.208976745605469,1.4044008255004883,0.0011890692403540015,0.0,0.26523327827453613
512,full_ca_hmappo,1,0.3879563694481476,213,0.466875,0.0,0.125,0,968,0,0,-0.002532346872612834,13.924583435058594,1.1707935333251953,-0.0003392868675291538,0.0,0.3897489309310913
513,full_ca_hmappo,1,0.7110475852932723,214,0.32875,0.0,0.25,0,224,0,0,0.00029849758720956743,200.22210693359375,1.293017029762268,0.0018645005766302347,0.0,0.3227710723876953
514,full_ca_hmappo,1,0.6005393474060838,214,0.48625,0.0,0.625,0,480,0,0,0.000995570793747902,48.717445373535156,1.3382108211517334,0.0003357452224008739,0.0,0.2904817759990692
515,full_ca_hmappo,1,0.42638398000212874,214,0.638125,0.0,0.75,0,736,0,0,-0.005740741267800331,7.545960426330566,1.409019947052002,0.0020639514550566673,0.0,0.26294323801994324
516,full_ca_hmappo,1,0.6991843141340723,214,0.72125,0.125,0.875,0,992,0,0,-0.0029224264435470104,56.344696044921875,1.1654021739959717,0.00334603781811893,0.0,0.38889259099960327
517,full_ca_hmappo,1,0.8041017916198143,215,0.330625,0.0,0.125,0,248,0,0,0.001398816704750061,168.65878295898438,1.321784257888794,0.00030737961060367525,0.0,0.3084055483341217
518,full_ca_hmappo,1,0.8378777225989325,215,0.5625,0.0,0.375,0,504,0,0,-0.0010632183402776718,90.33238983154297,1.3349727392196655,-0.00018087076023221016,0.0,0.29722172021865845
519,full_ca_hmappo,1,0.5282629366074616,215,0.693125,0.125,0.375,0,760,0,0,0.0009660515934228897,46.13933181762695,1.3788022994995117,0.0001608366146683693,0.0,0.2749093174934387
520,full_ca_hmappo,1,0.540120744435626,216,0.028125,0.0,0.0,0,16,0,0,0.00011591117072384804,116.65727233886719,1.0757886171340942,-7.052122236927971e-05,0.0,0.4365530014038086
521,full_ca_hmappo,1,0.8408159149894345,216,0.366875,0.0,0.375,0,272,0,0,-0.00023535235959570855,94.90789794921875,1.2895739078521729,3.5789795219898224e-05,0.0,0.3186425566673279
522,full_ca_hmappo,1,0.4864397403757721,216,0.520625,0.0,0.75,0,528,0,0,-0.0016536054899916053,12.532461166381836,1.3982386589050293,-4.154490306973457e-05,0.0,0.2706480622291565
523,full_ca_hmappo,1,0.3722826643552253,216,0.598125,0.0,0.75,0,784,0,0,-0.00048529295600019395,4.572476387023926,1.4003961086273193,0.0008748993277549744,0.0,0.2694101929664612
524,full_ca_hmappo,1,0.7170776974235196,217,0.0825,0.0,0.25,0,40,0,0,-0.00020507413137238473,331.45361328125,1.0732738971710205,0.0006378483958542347,0.0,0.43401145935058594
525,full_ca_hmappo,1,0.8997598479409135,217,0.4475,0.125,0.375,0,296,0,0,-0.00010559646034380421,93.51242065429688,1.3339688777923584,-2.4432161808363162e-05,0.0,0.29268431663513184
526,full_ca_hmappo,1,0.3524405175849097,217,0.4875,0.125,0.5,0,552,0,0,-0.0015073856338858604,6.177978992462158,1.4063524007797241,0.00023984350264072418,0.0,0.26371681690216064
527,full_ca_hmappo,1,0.3916335983449244,217,0.56125,0.125,0.625,0,808,0,0,-0.0016913998406380415,5.156691551208496,1.4041681289672852,0.000435349385952577,0.0,0.2686322331428528
528,full_ca_hmappo,1,0.814697836909545,218,0.113125,0.0,0.0,0,64,0,0,-0.0006437338888645172,176.56964111328125,1.1244148015975952,-0.0006412005750462413,0.0,0.4068950414657593
529,full_ca_hmappo,1,0.874325386106193,218,0.333125,0.0,0.25,0,320,0,0,-5.603892350336537e-05,92.74419403076172,1.3155267238616943,-0.000328302092384547,0.0,0.3117988705635071
530,full_ca_hmappo,1,0.2690240955930676,218,0.521875,0.125,0.25,0,576,0,0,-0.0009495476260781288,38.34443283081055,1.3758729696273804,0.0007578737568110228,0.0,0.2774256765842438
531,full_ca_hmappo,1,0.5142849482745078,218,0.575625,0.25,0.25,0,832,0,0,-0.0005752816796302795,144.913818359375,1.379728078842163,0.00041674310341477394,0.0,0.2775983214378357
532,full_ca_hmappo,1,0.48527313213241996,219,0.09,0.0,0.0,0,88,0,0,-5.511256858881097e-06,80.42578887939453,1.0776818990707397,-0.00015653608716093004,0.0,0.4364253878593445
533,full_ca_hmappo,1,0.878413487042053,219,0.3925,0.0,0.0,0,344,0,0,-0.0002472683263476938,103.52314758300781,1.3537181615829468,-1.8471386283636093e-05,0.0,0.29576370120048523
534,full_ca_hmappo,1,0.5654953897883388,219,0.461875,0.0,0.25,0,600,0,0,-1.5281762898666784e-05,72.78551483154297,1.3891568183898926,5.741821223637089e-05,0.0,0.2741835117340088
535,full_ca_hmappo,1,0.5393389410769487,219,0.58625,0.0,0.375,0,856,0,0,-0.0009827058529481292,12.610960006713867,1.3884718418121338,4.5643500925507396e-05,0.0,0.27038925886154175
536,full_ca_hmappo,1,0.7734998145897407,220,0.153125,0.0,0.25,0,112,0,0,-0.00010271867358824238,202.40744018554688,1.0933895111083984,-0.00046664971159771085,0.0,0.4243933856487274
537,full_ca_hmappo,1,0.6827987500130348,220,0.4675,0.0,0.625,0,368,0,0,2.9631581128342077e-05,31.777101516723633,1.3920625448226929,-6.6912425609189086e-06,0.0,0.2726314663887024
538,full_ca_hmappo,1,0.3776637308683348,220,0.5875,0.0,0.75,0,624,0,0,-0.0012177973985671997,4.615722179412842,1.4014298915863037,2.6160230845562182e-05,0.0,0.2688208818435669
539,full_ca_hmappo,1,0.41831062206119896,220,0.709375,0.0,0.875,0,880,0,0,-0.0006055760895833373,10.443785667419434,1.3439726829528809,0.00013843986380379647,0.0,0.2979555130004883
540,full_ca_hmappo,1,0.7597113907031599,221,0.20875,0.0,0.25,0,136,0,0,-0.00011211447417736053,163.50596618652344,1.111414909362793,-5.0092970923287794e-05,0.0,0.4105868339538574
541,full_ca_hmappo,1,0.5398609244930412,221,0.266875,0.0,0.25,0,392,0,0,0.00010994480544468388,9.816718101501465,1.3681787252426147,-0.00011766034731408581,0.0,0.28147071599960327
542,full_ca_hmappo,1,0.49682097396180325,221,0.46125,0.0,0.375,0,648,0,0,-0.0012526670470833778,10.649873733520508,1.3834829330444336,0.001479555619880557,0.0,0.2671718895435333
543,full_ca_hmappo,1,0.3333289597358089,221,0.506875,0.0,0.375,0,904,0,0,-0.001916439039632678,2.8918347358703613,1.324577808380127,0.0009789487812668085,0.0,0.30705931782722473
544,full_ca_hmappo,1,0.8450504835568609,222,0.2625,0.0,0.0,0,160,0,0,-0.0006769383326172829,201.9885711669922,1.1230034828186035,0.0009403674630448222,0.0,0.4064948558807373
545,full_ca_hmappo,1,0.5764173777097312,222,0.376875,0.0,0.0,0,416,0,0,-0.0005406518466770649,9.192142486572266,1.3881824016571045,-0.0001868285908130929,0.0,0.27482739090919495
546,full_ca_hmappo,1,0.1763990692857078,222,0.438125,0.0,0.125,0,672,0,0,-4.4490523578133434e-05,20.371280670166016,1.3880995512008667,-0.000530585995875299,0.0,0.2708650231361389
547,full_ca_hmappo,1,0.6685264876250585,222,0.585,0.0,0.375,0,928,0,0,4.811926555703394e-05,107.74835968017578,1.2272344827651978,-6.0840822698082775e-05,0.0,0.35715895891189575
548,full_ca_hmappo,1,0.4983787855690025,224,0.200625,0.0,0.0,0,162,0,0,-0.0001294339745072648,327.8340148925781,1.2014734745025635,-3.759780520340428e-05,0.0,0.36858612298965454
549,full_ca_hmappo,1,0.9477669536013309,225,0.30875,0.0,0.25,0,162,0,0,-8.534640073776245e-06,325.5399169921875,1.2800410985946655,-0.0001471037248848006,0.0,0.3243708610534668
550,full_ca_hmappo,1,0.6118010014470201,225,0.5175,0.0,0.375,0,418,0,0,-8.260335016530007e-05,15.306936264038086,1.368024230003357,7.478769111912698e-05,0.0,0.27955353260040283
551,full_ca_hmappo,1,0.4675418069182342,225,0.55875,0.125,0.375,0,674,0,0,-9.767401206772774e-05,34.83434295654297,1.377752661705017,0.00015013976371847093,0.0,0.27765756845474243
552,full_ca_hmappo,1,0.3613763097418996,225,0.56125,0.125,0.375,0,930,0,0,-0.001267238869331777,5.000412940979004,1.2110893726348877,-9.691591549199075e-05,0.0,0.3656199872493744
553,full_ca_hmappo,1,0.7813271618506406,226,0.306875,0.0,0.125,0,186,0,0,-6.617202598135918e-05,280.1058349609375,1.2368943691253662,-0.0002078787365462631,0.0,0.3561457395553589
554,full_ca_hmappo,1,0.773410249967128,226,0.53625,0.0,0.25,0,442,0,0,-0.00011534243822097778,67.44923400878906,1.3989394903182983,-5.217424586589914e-06,0.0,0.27428728342056274
555,full_ca_hmappo,1,0.47669168779947313,226,0.69,0.0,0.5,0,698,0,0,-0.00019996738410554826,8.826311111450195,1.4312671422958374,-0.00010588610166450962,0.0,0.25693923234939575
556,full_ca_hmappo,1,0.29340134046924504,226,0.690625,0.0,0.5,0,954,0,0,-0.0007767416536808014,3.587362766265869,1.2857072353363037,0.00027385231805965304,0.0,0.3300245404243469
557,full_ca_hmappo,1,0.5038940012309467,227,0.3425,0.0,0.0,0,210,0,0,-0.0006315584178082645,50.96357345581055,1.2309263944625854,-0.0004352835821919143,0.0,0.3416556119918823
558,full_ca_hmappo,1,0.8810802892448919,227,0.5575,0.0,0.375,0,466,0,0,-3.072122854064219e-05,102.78321075439453,1.3359651565551758,2.3722339392406866e-05,0.0,0.2998771071434021
559,full_ca_hmappo,1,0.37944400923606736,227,0.614375,0.0,0.375,0,722,0,0,3.710358214448206e-05,7.633768558502197,1.4010231494903564,0.000357563141733408,0.0,0.27284055948257446
560,full_ca_hmappo,1,0.5164971065396458,227,0.676875,0.0,0.625,0,978,0,0,4.4997163058724254e-05,9.557451248168945,1.1764132976531982,-0.00014317121531348675,0.0,0.3832096457481384
561,full_ca_hmappo,1,0.9535298470364069,228,0.35625,0.0,0.375,0,234,0,0,-0.0001348508521914482,230.70086669921875,1.2514228820800781,-5.404620424087625e-06,0.0,0.3373366594314575
562,full_ca_hmappo,1,0.4290976363492973,228,0.433125,0.0,0.375,0,490,0,0,-0.0007230329210869968,7.045159339904785,1.3850765228271484,0.0003529351088218391,0.0,0.27421629428863525
563,full_ca_hmappo,1,0.3171041360192248,228,0.5325,0.0,0.375,0,746,0,0,-0.0005103334551677108,13.674224853515625,1.374795913696289,0.0001511547452537343,0.0,0.2735779285430908
564,full_ca_hmappo,1,0.5437554100717534,229,0.00875,0.0,0.0,0,2,0,0,1.2292216524656396e-05,44.465370178222656,1.0511740446090698,-0.00016323928139172494,0.0,0.44534632563591003
565,full_ca_hmappo,1,0.8916964090312831,229,0.286875,0.0,0.375,0,258,0,0,9.177811443805695e-05,165.3765411376953,1.3545879125595093,1.5146487385209184e-05,0.0,0.29790961742401123
566,full_ca_hmappo,1,0.42611031746355366,229,0.418125,0.0,0.75,0,514,0,0,-0.0006288191070780158,8.738576889038086,1.417214274406433,0.00025700763217173517,0.0,0.25978726148605347
567,full_ca_hmappo,1,0.3563901733455168,229,0.49375,0.0,0.75,0,770,0,0,-0.001324240816757083,3.2705397605895996,1.4131358861923218,3.456960985204205e-05,0.0,0.2638455629348755
568,full_ca_hmappo,1,0.372102364892271,230,0.025625,0.0,0.0,0,26,0,0,-0.0003469434450380504,61.429710388183594,1.1587445735931396,-0.000285168644040823,0.0,0.39311885833740234
569,full_ca_hmappo,1,0.2960580420331098,231,0.086875,0.0,0.125,0,242,0,0,-0.00043426486081443727,320.83123779296875,1.391540288925171,0.0003143182839266956,0.0,0.2781864404678345
570,full_ca_hmappo,1,0.763606092899181,231,0.476875,0.0,0.25,0,498,0,0,-0.0004368421505205333,81.19458770751953,1.3761934041976929,-0.00018405278387945145,0.0,0.27505362033843994
571,full_ca_hmappo,1,0.5667820598218896,231,0.661875,0.0,0.875,0,754,0,0,3.326653313706629e-05,17.117218017578125,1.3918273448944092,1.8353573977947235e-05,0.0,0.2714371383190155
572,full_ca_hmappo,1,0.5637930545035488,232,0.31,0.0,0.125,0,229,0,0,-0.00010879400360863656,225.86260986328125,1.3452627658843994,-7.765949703752995e-05,0.0,0.2961066663265228
573,full_ca_hmappo,1,0.7974435775336133,232,0.6275,0.0,0.5,0,485,0,0,-0.00020500831305980682,81.43833923339844,1.3785278797149658,-0.00017003933317027986,0.0,0.2722787857055664
574,full_ca_hmappo,1,0.41634242340296623,232,0.738125,0.0,0.75,0,741,0,0,-0.0014173034578561783,4.535924911499023,1.403197169303894,-3.176896598233725e-06,0.0,0.2661570608615875
575,full_ca_hmappo,1,0.27573962121277873,232,0.751875,0.0,0.75,0,997,0,0,0.00016357160347979516,5.116047382354736,1.0839052200317383,0.0007571742753498256,0.0,0.43346676230430603
576,full_ca_hmappo,1,0.9679787861141449,233,0.291875,0.0,0.375,0,253,0,0,0.0004287268966436386,401.15777587890625,1.3796213865280151,-0.0002582737652119249,0.0,0.2773436903953552
577,full_ca_hmappo,1,0.5101516048707708,233,0.534375,0.0,0.375,0,509,0,0,-0.0014095648657530546,10.468198776245117,1.403217077255249,0.00018382444977760315,0.0,0.26597070693969727
578,full_ca_hmappo,1,0.38605695166006626,233,0.61625,0.0,0.375,0,765,0,0,-0.002653564093634486,4.190291404724121,1.3972676992416382,0.0028433441184461117,0.0,0.267530620098114
579,full_ca_hmappo,1,0.3924706525158399,234,0.026875,0.0,0.0,0,21,0,0,-0.002328482223674655,30.261737823486328,1.0992610454559326,0.0006583867943845689,0.0,0.42800769209861755
580,full_ca_hmappo,1,0.9287630436829204,234,0.379375,0.0,0.25,0,277,0,0,-2.531583231757395e-05,156.73504638671875,1.3309240341186523,0.00047986535355448723,0.0,0.30358147621154785
581,full_ca_hmappo,1,0.529940059867613,234,0.545625,0.0,0.25,0,533,0,0,0.00048219537711702287,5.099421501159668,1.4175758361816406,-6.155514711281285e-05,0.0,0.26284360885620117
582,full_ca_hmappo,1,0.4835587635379852,234,0.68125,0.0,0.625,0,789,0,0,-0.00031238546944223344,6.44315242767334,1.4239305257797241,0.00021956551063340157,0.0,0.2590641379356384
583,full_ca_hmappo,1,0.5633149654840963,235,0.0575,0.0,0.125,0,45,0,0,4.708021879196167e-05,88.77226257324219,1.1622763872146606,-0.00018465006723999977,0.0,0.3986298739910126
584,full_ca_hmappo,1,1.0145504620008978,235,0.414375,0.125,0.625,0,301,0,0,-0.00010980603838106617,132.41720581054688,1.3864121437072754,-5.3048599511384964e-05,0.0,0.27107223868370056
585,full_ca_hmappo,1,0.45316600175192434,235,0.580625,0.125,0.875,0,557,0,0,-0.0015683037927374244,8.650967597961426,1.4139153957366943,0.00026560714468359947,0.0,0.26271358132362366
586,full_ca_hmappo,1,0.356647625282676,235,0.61375,0.125,0.875,0,813,0,0,-0.0017734791617840528,3.3946104049682617,1.4229059219360352,0.000871820084284991,0.0,0.2610202431678772
587,full_ca_hmappo,1,0.4855533503314291,236,0.0925,0.0,0.0,0,69,0,0,-0.0005537122488021851,49.73972702026367,1.1010594367980957,0.0003634400200098753,0.0,0.42208394408226013
588,full_ca_hmappo,1,0.9007994490930287,236,0.474375,0.0,0.375,0,325,0,0,-0.0005986116593703628,126.9031982421875,1.3528913259506226,0.0004950929433107376,0.0,0.2890317440032959
589,full_ca_hmappo,1,0.6878318268209114,236,0.708125,0.125,0.875,0,581,0,0,0.0006477938732132316,39.51176834106445,1.3981075286865234,0.0004695099778473377,0.0,0.2612437903881073
590,full_ca_hmappo,1,0.44595627099806734,236,0.833125,0.125,0.875,0,837,0,0,-0.0004324174369685352,8.361920356750488,1.4087581634521484,0.00016255956143140793,0.0,0.2685040831565857
591,full_ca_hmappo,1,0.7996784700735589,237,0.208125,0.0,0.25,0,93,0,0,1.6037996829254553e-05,170.20382690429688,1.0848478078842163,-0.00025441203615628183,0.0,0.42272767424583435
592,full_ca_hmappo,1,0.7791762215116478,237,0.545625,0.0,0.625,0,349,0,0,-0.0001297183334827423,39.93156433105469,1.373240351676941,-0.0002290064876433462,0.0,0.27897128462791443
593,full_ca_hmappo,1,0.43951456222384877,237,0.715625,0.0,0.625,0,605,0,0,-0.0018029352650046349,13.920755386352539,1.406736135482788,0.0007709384663030505,0.0,0.2645725905895233
594,full_ca_hmappo,1,0.3327874966471427,237,0.716875,0.0,0.625,0,861,0,0,-0.0020832610316574574,2.378230571746826,1.3417422771453857,0.001181348110549152,0.0,0.29754817485809326
595,full_ca_hmappo,1,0.6432160161239153,238,0.136875,0.0,0.0,0,117,0,0,-0.0008578961715102196,215.27081298828125,1.130516529083252,0.0008647439535707235,0.0,0.40445709228515625
596,full_ca_hmappo,1,0.37380348701844923,238,0.3975,0.0,0.125,0,373,0,0,-6.47418200969696e-05,14.124011993408203,1.3629260063171387,-0.0003458273131400347,0.0,0.27971792221069336
597,full_ca_hmappo,1,0.4968031471482277,238,0.573125,0.0,0.375,0,629,0,0,0.00012537806469481438,52.99231719970703,1.3883750438690186,-0.00028472006670199335,0.0,0.27213042974472046
598,full_ca_hmappo,1,0.43490195159574796,238,0.594375,0.0,0.375,0,885,0,0,-0.0002510833437554538,1.4914143085479736,1.2929167747497559,0.00014333007857203484,0.0,0.32140374183654785
599,full_ca_hmappo,1,0.7094382430877886,239,0.124375,0.0,0.0,0,141,0,0,-5.430852525023511e-06,169.49398803710938,1.1977128982543945,-4.293707661418011e-06,0.0,0.37262067198753357
600,full_ca_hmappo,1,0.3564449202240212,239,0.316875,0.0,0.125,0,397,0,0,-0.00034629058791324496,10.012614250183105,1.3716539144515991,6.461593875428662e-05,0.0,0.28166845440864563
601,full_ca_hmappo,1,0.7794904314123414,239,0.605625,0.0,0.375,0,653,0,0,-0.0004001815686933696,73.12571716308594,1.3641566038131714,-0.00010430486872792244,0.0,0.2820814549922943
602,full_ca_hmappo,1,0.39640879656326433,239,0.659375,0.0,0.5,0,909,0,0,-0.0011926635634154081,4.601917743682861,1.328342318534851,0.00016894363216124475,0.0,0.3033893406391144
603,full_ca_hmappo,1,0.15659934062750835,240,0.08,0.0,0.0,0,165,0,0,0.00044727016938850284,51.295005798339844,1.2186181545257568,3.9658043533563614e-05,0.0,0.35932737588882446
604,full_ca_hmappo,1,1.1594738079905937,240,0.495625,0.0,0.375,0,421,0,0,0.0002243320195702836,180.98263549804688,1.3639854192733765,2.722209319472313e-05,0.0,0.28266477584838867
605,full_ca_hmappo,1,0.42918291711339407,240,0.613125,0.0,0.5,0,677,0,0,-0.00199079024605453,5.4412946701049805,1.4103662967681885,0.0002333632146473974,0.0,0.264434278011322
606,full_ca_hmappo,1,0.4141111414119223,240,0.695,0.0,0.5,0,933,0,0,-0.0015308193396776915,3.8463687896728516,1.2797123193740845,0.0015577482990920544,0.0,0.33069345355033875
607,full_ca_hmappo,1,1.0047742054084665,241,0.250625,0.0,0.25,0,189,0,0,-0.00014176778495311737,233.45645141601562,1.2263730764389038,-0.00118891685269773,0.0,0.35418224334716797
608,full_ca_hmappo,1,0.5369462444709825,242,0.30625,0.0,0.125,0,224,0,0,-1.180296180791629e-06,275.93170166015625,1.3647487163543701,0.0009213277953676879,0.0,0.29010650515556335
609,full_ca_hmappo,1,0.9374591989908367,242,0.561875,0.0,0.625,0,480,0,0,-8.065750444075093e-05,62.77465057373047,1.3235719203948975,1.912020888994448e-05,0.0,0.2991384267807007
610,full_ca_hmappo,1,0.552413843361137,242,0.7275,0.0,1.0,0,736,0,0,-0.00024924054741859436,5.984429359436035,1.4018018245697021,1.6927564502111636e-05,0.0,0.26254409551620483
611,full_ca_hmappo,1,0.4403255038437237,242,0.8375,0.0,1.0,0,992,0,0,-0.00024067766207735986,6.370708465576172,1.133377194404602,3.137004966902168e-07,0.0,0.40581104159355164
612,full_ca_hmappo,1,0.9842960760433925,243,0.415,0.0,0.625,0,248,0,0,-6.269042933126912e-05,152.64117431640625,1.340592384338379,0.00014458876103162766,0.0,0.301695317029953
613,full_ca_hmappo,1,0.4916613301320467,243,0.566875,0.0,0.625,0,504,0,0,-0.0017517553642392159,6.078068733215332,1.4249075651168823,0.0004709564964286983,0.0,0.26279744505882263
614,full_ca_hmappo,1,0.4568979361129095,243,0.664375,0.0,0.75,0,760,0,0,-0.004164151847362518,2.7918801307678223,1.4289720058441162,0.002013948280364275,0.0,0.25908026099205017
615,full_ca_hmappo,1,0.5654763429865852,244,0.02625,0.0,0.0,0,16,0,0,-0.003077508881688118,78.0555419921875,1.227682113647461,0.003335249377414584,0.0,0.3578532636165619
616,full_ca_hmappo,1,0.8089144543610018,244,0.41,0.0,0.25,0,272,0,0,-0.001442823326215148,59.95067596435547,1.317317008972168,-0.0019335963297635317,0.0,0.3109847903251648
617,full_ca_hmappo,1,0.5078005889275232,244,0.5175,0.0,0.5,0,528,0,0,-0.0017098089447245002,7.869029998779297,1.3881127834320068,0.0021065054461359978,0.0,0.2787024676799774
618,full_ca_hmappo,1,0.35097939836759906,244,0.566875,0.0,0.5,0,784,0,0,0.0001941515802172944,4.271932125091553,1.4160836935043335,-0.00022201302635949105,0.0,0.25867804884910583
619,full_ca_hmappo,1,0.2832647049344814,245,0.05625,0.0,0.0,0,40,0,0,0.00012305192649364471,8.6039457321167,1.1276843547821045,0.0009269634028896689,0.0,0.415377140045166
620,full_ca_hmappo,1,0.5553503713376813,245,0.299375,0.0,0.125,0,296,0,0,-0.0008651341195218265,29.18457794189453,1.3799118995666504,0.00011293310672044754,0.0,0.28272658586502075
621,full_ca_hmappo,1,0.7659404503250471,245,0.629375,0.0,0.25,0,552,0,0,0.0002719936892390251,76.44779205322266,1.3946564197540283,0.0006345856818370521,0.0,0.2757794260978699
622,full_ca_hmappo,1,0.42660430190699117,245,0.77625,0.0,0.5,0,808,0,0,-0.0008019892266020179,7.946048736572266,1.4435291290283203,-0.0001583028060849756,0.0,0.25470924377441406
623,full_ca_hmappo,1,0.641748666487274,246,0.144375,0.0,0.375,0,64,0,0,-0.0002997045812662691,192.02578735351562,1.1684693098068237,0.0003311522305011749,0.0,0.39609429240226746
624,full_ca_hmappo,1,0.6489829613001348,246,0.346875,0.0,0.75,0,320,0,0,0.0001016855239868164,46.55851745605469,1.3466408252716064,-0.000560159794986248,0.0,0.2875469923019409
625,full_ca_hmappo,1,0.6347521934803808,246,0.626875,0.125,0.875,0,576,0,0,-0.0002430034801363945,43.50885009765625,1.415113925933838,-0.0001364086492685601,0.0,0.2611575126647949
626,full_ca_hmappo,1,0.3992748747332371,246,0.710625,0.125,0.875,0,832,0,0,-0.0006816095556132495,8.735306739807129,1.4256694316864014,-6.207358092069626e-05,0.0,0.2629176378250122
627,full_ca_hmappo,1,1.088916011333822,247,0.2025,0.0,0.375,0,88,0,0,-0.0003949180245399475,314.38262939453125,1.140100359916687,-8.209205407183617e-05,0.0,0.40029653906822205
628,full_ca_hmappo,1,0.5614411633365819,247,0.48875,0.0,0.75,0,344,0,0,-0.002189687918871641,8.89309024810791,1.4147653579711914,0.0008084094151854515,0.0,0.26339191198349
629,full_ca_hmappo,1,0.43603053497372457,247,0.593125,0.0,1.0,0,600,0,0,-0.0005791938747279346,11.23396110534668,1.4144691228866577,-0.00019715074449777603,0.0,0.2567344605922699
630,full_ca_hmappo,1,0.5717372928629629,247,0.67875,0.125,1.0,0,856,0,0,-0.00024329405277967453,34.17638397216797,1.4125752449035645,-0.0003964069182984531,0.0,0.2658786177635193
631,full_ca_hmappo,1,0.630551838550673,249,0.10375,0.0,0.0,0,75,0,0,-0.001227752072736621,472.2471923828125,1.1268864870071411,0.00021847206517122686,0.0,0.409967303276062
632,full_ca_hmappo,1,0.6565517712579094,249,0.358125,0.0,0.25,0,331,0,0,-0.0003942779148928821,73.79745483398438,1.3270411491394043,0.0006292951293289661,0.0,0.31031155586242676
633,full_ca_hmappo,1,0.6100172155020118,249,0.58875,0.0,0.25,0,587,0,0,-0.0017065592110157013,12.498661041259766,1.4045295715332031,-4.6984681830508634e-05,0.0,0.27040427923202515
634,full_ca_hmappo,1,0.3553962075320669,249,0.601875,0.0,0.25,0,843,0,0,-0.002233038190752268,8.191386222839355,1.4070756435394287,0.00017933423805516213,0.0,0.2680529057979584
635,full_ca_hmappo,1,0.556619858670274,250,0.079375,0.0,0.125,0,99,0,0,0.0006130276015028358,84.05060577392578,1.117525577545166,-0.0007825659122318029,0.0,0.41699719429016113
636,full_ca_hmappo,1,0.8379257797787432,250,0.43125,0.0,0.25,0,355,0,0,0.0001080085858120583,100.21805572509766,1.383164405822754,0.00015613794676028192,0.0,0.27668511867523193
637,full_ca_hmappo,1,0.43472473852034454,250,0.58125,0.0,0.375,0,611,0,0,-0.0004596455837599933,5.848379611968994,1.4410866498947144,-1.0006906450144015e-05,0.0,0.25345516204833984
638,full_ca_hmappo,1,0.34032734520189933,250,0.715,0.0,0.75,0,867,0,0,-4.408291351865046e-05,28.964494705200195,1.4221961498260498,-0.00042350729927420616,0.0,0.26081058382987976
639,full_ca_hmappo,1,0.4629545941934339,251,0.103125,0.0,0.0,0,123,0,0,4.840642213821411e-05,61.690032958984375,1.184432864189148,-0.0001988338044611737,0.0,0.3866533041000366
640,full_ca_hmappo,1,0.6044617572379138,251,0.216875,0.0,0.0,0,379,0,0,-0.0004999833181500435,56.006072998046875,1.418844223022461,-0.00022178501239977777,0.0,0.25974977016448975
641,full_ca_hmappo,1,0.43027061302746006,251,0.386875,0.0,0.125,0,635,0,0,-0.0003119613975286484,10.605043411254883,1.369887113571167,-0.0001764309999998659,0.0,0.2936434745788574
642,full_ca_hmappo,1,0.12615868572174804,251,0.404375,0.0,0.125,0,891,0,0,0.00015388740575872362,5.281708717346191,1.3715143203735352,0.00036854762583971024,0.0,0.29275256395339966
643,full_ca_hmappo,1,0.1419020071189152,252,0.145625,0.0,0.0,0,147,0,0,0.00024276413023471832,29.127765655517578,1.2098010778427124,-6.324145942926407e-05,0.0,0.3720424175262451
644,full_ca_hmappo,1,1.1546725076259463,252,0.475625,0.0,0.5,0,403,0,0,-4.11731525673531e-05,181.71820068359375,1.2743005752563477,4.3761683627963066e-05,0.0,0.33963117003440857
645,full_ca_hmappo,1,0.6160378952408792,252,0.6425,0.0,0.5,0,659,0,0,-4.4825799704995006e-05,9.992622375488281,1.4049508571624756,-2.600066363811493e-05,0.0,0.2721405029296875
646,full_ca_hmappo,1,0.5165547189994868,252,0.826875,0.0,0.625,0,915,0,0,-5.22263981110882e-05,7.285287857055664,1.3657639026641846,-1.4649083823314868e-05,0.0,0.2941442131996155
647,full_ca_hmappo,1,0.35973711382666806,253,0.06,0.0,0.0,0,171,0,0,-3.388586264918558e-05,57.33241271972656,1.2404048442840576,-3.924748739336792e-07,0.0,0.35240551829338074
648,full_ca_hmappo,1,1.0456835630599244,253,0.491875,0.0,0.625,0,427,0,0,-7.215297955553979e-05,166.87820434570312,1.3495197296142578,9.320195385953411e-05,0.0,0.2928953170776367
649,full_ca_hmappo,1,0.46108757689012236,253,0.6,0.0,0.625,0,683,0,0,-0.00038063153624534607,8.838903427124023,1.4225943088531494,0.00023909378796815872,0.0,0.26702165603637695
650,full_ca_hmappo,1,0.4672825188463321,253,0.7625,0.0,0.875,0,939,0,0,-0.0005378493806347251,8.87685775756836,1.3287262916564941,0.00018358402303420007,0.0,0.30947598814964294
651,full_ca_hmappo,1,0.5785488100009388,254,0.1325,0.0,0.125,0,195,0,0,-0.000466860830783844,70.21319580078125,1.291672706604004,-1.8786717191687785e-05,0.0,0.3291969895362854
652,full_ca_hmappo,1,0.24479269226867473,254,0.22,0.0,0.125,0,451,0,0,0.00021682152873836458,18.876100540161133,1.4424772262573242,7.951803127070889e-05,0.0,0.2523130476474762
653,full_ca_hmappo,1,0.7044077227665184,254,0.4775,0.0,0.25,0,707,0,0,-0.00025947889662347734,50.067893981933594,1.397519826889038,6.105068314354867e-05,0.0,0.2834250032901764
654,full_ca_hmappo,1,0.39401022319589174,254,0.541875,0.0,0.5,0,963,0,0,-0.0007426379015669227,3.8902132511138916,1.311628818511963,0.000211330596357584,0.0,0.31883853673934937
655,full_ca_hmappo,1,0.5460750900565472,255,0.274375,0.0,0.125,0,219,0,0,-0.00023446045815944672,90.08614349365234,1.3207517862319946,0.0002744481898844242,0.0,0.31394481658935547
656,full_ca_hmappo,1,0.46584878925690987,255,0.58625,0.0,0.125,0,475,0,0,-0.0004990672459825873,3.5075924396514893,1.3957042694091797,0.00025637232465669513,0.0,0.27287280559539795
657,full_ca_hmappo,1,0.7252209011166997,255,0.70625,0.0,0.75,0,731,0,0,-0.0007962249219417572,79.38121032714844,1.415933609008789,-0.0002275210281368345,0.0,0.2643929719924927
658,full_ca_hmappo,1,0.37086488238855964,255,0.7225,0.0,0.75,0,987,0,0,-0.0002188272774219513,3.414933681488037,1.2192420959472656,0.000161775853484869,0.0,0.36573895812034607
659,full_ca_hmappo,1,1.0304527902030713,256,0.44875,0.0,0.25,0,243,0,0,-0.00011889574670931324,149.62567138671875,1.276497483253479,0.00011936373630305752,0.0,0.32434284687042236
660,full_ca_hmappo,1,0.9052942005600926,257,0.2175,0.0,0.125,0,121,0,0,-0.00012989032256882638,317.2857360839844,1.359567403793335,-0.00014276352885644883,0.0,0.2895807921886444
661,full_ca_hmappo,1,0.7023621332482435,257,0.4975,0.0,0.25,0,377,0,0,-0.0002145239559467882,47.58356475830078,1.3566436767578125,-0.00016511154535692185,0.0,0.2848426103591919
662,full_ca_hmappo,1,0.5751869796667961,257,0.630625,0.0,0.375,0,633,0,0,-0.0008902127738110721,15.511077880859375,1.4127577543258667,0.0005006649298593402,0.0,0.2706480622291565
663,full_ca_hmappo,1,0.4491918651735176,257,0.7475,0.0,0.625,0,889,0,0,-0.00012891492224298418,8.069389343261719,1.3558053970336914,-9.129833051702008e-05,0.0,0.2981628179550171
664,full_ca_hmappo,1,0.790777839414659,258,0.303125,0.0,0.25,0,145,0,0,-0.0003492720425128937,105.68013763427734,1.1687231063842773,0.00048690871335566044,0.0,0.3901992738246918
665,full_ca_hmappo,1,0.6680863590274839,258,0.511875,0.0,0.5,0,401,0,0,-0.00016188746667467058,24.64497947692871,1.3711433410644531,-7.28885643184185e-05,0.0,0.2848876118659973
666,full_ca_hmappo,1,0.42177155908302666,258,0.62625,0.0,0.625,0,657,0,0,-0.0003057519788853824,4.632463455200195,1.4233205318450928,0.0003506806679069996,0.0,0.2637662887573242
667,full_ca_hmappo,1,0.3754057651403855,258,0.71375,0.0,0.875,0,913,0,0,-0.0003513377159833908,9.46682357788086,1.275156021118164,0.00011098136747023091,0.0,0.33907970786094666
668,full_ca_hmappo,1,0.9821139301311632,259,0.350625,0.0,0.375,0,169,0,0,2.259450775454752e-05,312.4012451171875,1.200982928276062,-0.00011366528633516282,0.0,0.3730599880218506
669,full_ca_hmappo,1,0.5120144969077955,259,0.625,0.0,0.5,0,425,0,0,-0.00099052838049829,5.36558198928833,1.4331235885620117,0.0003596711903810501,0.0,0.2564416825771332
670,full_ca_hmappo,1,0.5265619633701135,259,0.70625,0.125,0.5,0,681,0,0,4.256144165992737e-05,20.594751358032227,1.4158333539962769,-0.0004212722124066204,0.0,0.25976794958114624
671,full_ca_hmappo,1,0.34903400024177245,259,0.731875,0.125,0.5,0,937,0,0,-0.0003788632748182863,7.590487957000732,1.281564712524414,0.000286430207779631,0.0,0.3280809223651886
672,full_ca_hmappo,1,0.9515709165395236,260,0.336875,0.0,0.375,0,193,0,0,0.000142781063914299,219.22894287109375,1.238661527633667,0.00031496258452534676,0.0,0.3505556583404541
673,full_ca_hmappo,1,0.33812292971651914,260,0.438125,0.0,0.375,0,449,0,0,-7.708619523327798e-05,9.133010864257812,1.398962378501892,0.00014016995555721223,0.0,0.26872730255126953
674,full_ca_hmappo,1,0.5336039359754068,260,0.630625,0.0,0.5,0,705,0,0,-0.0004984873230569065,8.840228080749512,1.4258813858032227,6.813820073148236e-05,0.0,0.2609436511993408
675,full_ca_hmappo,1,0.26247697384724233,260,0.6725,0.0,0.625,0,961,0,0,-0.0009084213525056839,2.9975218772888184,1.1810334920883179,-0.0003913420659955591,0.0,0.38545697927474976
676,full_ca_hmappo,1,0.29417062906577485,261,0.123125,0.0,0.125,0,217,0,0,-4.82251271023415e-05,100.12327575683594,1.3238215446472168,-9.659584611654282e-05,0.0,0.31501179933547974
677,full_ca_hmappo,1,0.8022421042694532,261,0.4475,0.0,0.25,0,473,0,0,-0.0004217879322823137,72.10507202148438,1.405817985534668,-0.00023043769760988653,0.0,0.27122363448143005
678,full_ca_hmappo,1,0.5894219250185415,261,0.738125,0.0,0.75,0,729,0,0,-0.00013761440641246736,16.278099060058594,1.428654670715332,-0.00011631520465016365,0.0,0.2560216188430786
679,full_ca_hmappo,1,0.4045476070459699,261,0.83625,0.0,0.875,0,985,0,0,-3.7550926208496094e-05,3.6105380058288574,1.2669835090637207,-0.00016695121303200722,0.0,0.3327290415763855
680,full_ca_hmappo,1,0.9810765078532313,263,0.510625,0.0,0.5,0,237,0,0,-3.8074951589806005e-05,260.5680847167969,1.3046224117279053,0.0001710927317617461,0.0,0.3239140212535858
681,full_ca_hmappo,1,0.573610780049421,263,0.725625,0.0,0.75,0,493,0,0,-0.0012696562334895134,4.150972366333008,1.4293789863586426,0.000494233041536063,0.0,0.25767970085144043
682,full_ca_hmappo,1,0.2951637587375444,263,0.794375,0.0,0.75,0,749,0,0,-0.0004168997402302921,10.774484634399414,1.4299516677856445,-0.0005200761370360851,0.0,0.2578277289867401
683,full_ca_hmappo,1,0.3524270729712953,264,0.0125,0.0,0.0,0,5,0,0,-1.646081727812998e-05,8.083213806152344,1.1707944869995117,0.0005744231748394668,0.0,0.39109596610069275
684,full_ca_hmappo,1,0.9049961941545916,264,0.31,0.0,0.25,0,261,0,0,0.00015844404697418213,188.42442321777344,1.398874044418335,-6.553593266289681e-05,0.0,0.27777546644210815
685,full_ca_hmappo,1,0.531355785773485,264,0.574375,0.0,0.625,0,517,0,0,-0.0004706926119979471,12.399274826049805,1.4305742979049683,-2.1485922843567096e-05,0.0,0.255881667137146
686,full_ca_hmappo,1,0.43032106251666846,264,0.675625,0.0,0.75,0,773,0,0,-0.0008733434369787574,5.737128257751465,1.4302181005477905,-0.00033874594373628497,0.0,0.25865694880485535
687,full_ca_hmappo,1,0.4187038315594691,265,0.06125,0.0,0.0,0,29,0,0,-0.00035635288804769516,11.121295928955078,1.1941986083984375,-0.00030779241933487356,0.0,0.3728964328765869
688,full_ca_hmappo,1,1.0090314526605653,265,0.388125,0.0,0.5,0,285,0,0,1.0768262654892169e-05,145.47987365722656,1.3449252843856812,-8.471582259517163e-05,0.0,0.297249972820282
689,full_ca_hmappo,1,0.5591692191155744,265,0.733125,0.0,0.625,0,541,0,0,-0.0005401640082709491,5.039690017700195,1.4112026691436768,0.00035201729042455554,0.0,0.26415783166885376
690,full_ca_hmappo,1,0.4343812958913986,265,0.865,0.0,1.0,0,797,0,0,-0.0008332214201800525,12.458812713623047,1.430639624595642,-0.00031628599390387535,0.0,0.2557283341884613
691,full_ca_hmappo,1,0.6589488433464794,266,0.068125,0.0,0.375,0,53,0,0,-0.00042653147829696536,219.7263641357422,1.161450982093811,-2.0985491573810577e-05,0.0,0.38977110385894775
692,full_ca_hmappo,1,0.5262531858452348,266,0.305625,0.0,0.625,0,309,0,0,-0.003740744199603796,6.989498138427734,1.4113385677337646,0.0002515443484298885,0.0,0.2687685489654541
693,full_ca_hmappo,1,0.33815382696684537,266,0.385,0.0,0.625,0,565,0,0,-0.0017774862935766578,13.297618865966797,1.4138778448104858,-0.0007243802538141608,0.0,0.2670339345932007
694,full_ca_hmappo,1,0.27427130330875116,266,0.385,0.0,0.625,0,821,0,0,-0.001029807492159307,10.19894027709961,1.405564785003662,-0.000883787521161139,0.0,0.2640678584575653
695,full_ca_hmappo,1,0.25096496289825154,267,0.050625,0.0,0.0,0,77,0,0,-0.0008875293424353004,44.16249084472656,1.1397866010665894,0.00015896008699201047,0.0,0.397885262966156
696,full_ca_hmappo,1,0.8571889816412295,267,0.370625,0.0,0.25,0,333,0,0,0.00023768066603224725,138.2479705810547,1.382436990737915,0.00032901851227506995,0.0,0.28148138523101807
697,full_ca_hmappo,1,0.42128783440841744,267,0.464375,0.0,0.375,0,589,0,0,-0.0002178639842895791,4.9497575759887695,1.4243779182434082,-2.998439595103264e-05,0.0,0.2674653232097626
698,full_ca_hmappo,1,0.4187147340126103,267,0.5825,0.0,0.75,0,845,0,0,-0.001199920428916812,5.896878242492676,1.4242404699325562,-4.9374066293239594e-05,0.0,0.25994163751602173
699,full_ca_hmappo,1,0.24045772559202305,268,0.07625,0.0,0.0,0,101,0,0,-0.00027702967054210603,21.507923126220703,1.3460391759872437,0.0004194692592136562,0.0,0.30525434017181396
700,full_ca_hmappo,1,0.8968709622376991,268,0.381875,0.0,0.75,0,357,0,0,-0.00022247216838877648,241.54302978515625,1.361616611480713,-0.00021003777510486543,0.0,0.28460246324539185
701,full_ca_hmappo,1,0.3685384429663827,268,0.389375,0.0,0.75,0,613,0,0,-2.3735066861263476e-05,5.378046989440918,1.4121936559677124,-1.8371114492765628e-05,0.0,0.2644297778606415
702,full_ca_hmappo,1,0.2831439681531265,268,0.389375,0.0,0.75,0,869,0,0,-0.00024396119988523424,2.7063498497009277,1.4244297742843628,-1.4498985365207773e-05,0.0,0.26592087745666504
703,full_ca_hmappo,1,0.3658976519714088,269,0.05875,0.0,0.0,0,125,0,0,-1.0906408533628564e-05,48.39742660522461,1.2485579252243042,2.6618286938173696e-05,0.0,0.3545386791229248
704,full_ca_hmappo,1,1.1974363926801743,269,0.44125,0.0,0.625,0,381,0,0,-2.261189183627721e-05,199.06887817382812,1.2757223844528198,-6.302741530817002e-05,0.0,0.3270644545555115
705,full_ca_hmappo,1,0.4445533654452447,269,0.485,0.0,0.625,0,637,0,0,-0.0006661275401711464,4.491110801696777,1.4004300832748413,-0.00011943762365262955,0.0,0.2630246877670288
706,full_ca_hmappo,1,0.3422997185510468,269,0.49,0.0,0.625,0,893,0,0,-0.0026659290306270123,0.5925401449203491,1.4056191444396973,0.001066766562871635,0.0,0.2647022604942322
707,full_ca_hmappo,1,0.6759660679829267,270,0.155625,0.0,0.0,0,149,0,0,-0.0007865323568694293,98.79804992675781,1.2994942665100098,1.9220402464270592e-05,0.0,0.3257898986339569
708,full_ca_hmappo,1,0.4409896314435855,270,0.370625,0.0,0.0,0,405,0,0,0.00016729037452023476,7.8191962242126465,1.3994202613830566,0.00030572497053071856,0.0,0.2697521448135376
709,full_ca_hmappo,1,0.40557789579906967,270,0.416875,0.0,0.0,0,661,0,0,-0.0022587047424167395,5.5530548095703125,1.4178088903427124,0.0004172402841504663,0.0,0.25958535075187683
710,full_ca_hmappo,1,0.3094139409586205,270,0.51125,0.0,0.125,0,917,0,0,-0.00031200796365737915,17.02457046508789,1.3891386985778809,-0.0012719696387648582,0.0,0.2744264304637909
711,full_ca_hmappo,1,0.8274917979615566,271,0.17125,0.125,0.125,0,173,0,0,-0.0010510962456464767,157.94326782226562,1.2373974323272705,-8.725103543838486e-05,0.0,0.3508107662200928
712,full_ca_hmappo,1,0.5369450609464366,271,0.365625,0.125,0.125,0,429,0,0,-0.0023958776146173477,11.613371849060059,1.4202373027801514,0.0015884609892964363,0.0,0.25504353642463684
713,full_ca_hmappo,1,0.379515002376138,271,0.393125,0.125,0.125,0,685,0,0,-0.004918621387332678,3.2282304763793945,1.4292075634002686,0.0011140590067952871,0.0,0.2604186236858368
714,full_ca_hmappo,1,0.8017646161888479,271,0.51125,0.125,0.375,0,941,0,0,0.0006245548720471561,80.27607727050781,1.2713358402252197,0.0020273749250918627,0.0,0.331903874874115
715,full_ca_hmappo,1,0.2315229996220296,273,0.06625,0.0,0.125,0,65,0,0,0.000690202577970922,393.54327392578125,1.3152841329574585,0.00058509357040748,0.0,0.3168834447860718
716,full_ca_hmappo,1,0.6646444092139063,273,0.419375,0.0,0.375,0,321,0,0,0.00024517811834812164,58.19820785522461,1.356479525566101,0.0003881400334648788,0.0,0.28512921929359436
717,full_ca_hmappo,1,0.4514421734256757,273,0.5275,0.0,0.375,0,577,0,0,-0.0004792610998265445,3.7637884616851807,1.3986057043075562,3.522448241710663e-05,0.0,0.2692359685897827
718,full_ca_hmappo,1,0.4065041365208799,273,0.591875,0.0,0.375,0,833,0,0,-0.0006959128077141941,1.5777045488357544,1.3973863124847412,0.0003196036850567907,0.0,0.2718214988708496
719,full_ca_hmappo,1,0.2851841533811239,274,0.103125,0.0,0.0,0,89,0,0,-0.0008079487597569823,19.202880859375,1.2352044582366943,2.0411796867847443e-05,0.0,0.35356616973876953
720,full_ca_hmappo,1,0.44042811887629796,274,0.2275,0.0,0.125,0,345,0,0,-8.549106860300526e-05,145.47943115234375,1.3652105331420898,-0.0001413833088008687,0.0,0.289814293384552
721,full_ca_hmappo,1,0.7487392569537406,274,0.451875,0.0,0.25,0,601,0,0,-0.0002692180569283664,29.66748046875,1.3120468854904175,8.70817675604485e-05,0.0,0.3078947067260742
722,full_ca_hmappo,1,0.5147442407505878,274,0.508125,0.0,0.375,0,857,0,0,-0.0019233053317293525,2.4794411659240723,1.3891639709472656,-0.0005321589997038245,0.0,0.2721296548843384
723,full_ca_hmappo,1,0.8360196959620225,275,0.1625,0.0,0.375,0,113,0,0,0.00016756574041210115,231.3687744140625,1.2091686725616455,0.0008144605671986938,0.0,0.3627634048461914
724,full_ca_hmappo,1,0.6743642292694858,275,0.5125,0.0,0.5,0,369,0,0,-0.00037843361496925354,13.243852615356445,1.3900765180587769,-2.97083370242035e-05,0.0,0.2779272794723511
725,full_ca_hmappo,1,0.5685472331497294,275,0.618125,0.125,0.5,0,625,0,0,-0.0006382018327713013,24.573974609375,1.4045099020004272,7.278069097083062e-05,0.0,0.26993823051452637
726,full_ca_hmappo,1,0.3589364872514125,275,0.641875,0.125,0.5,0,881,0,0,-0.0003852409718092531,6.50532341003418,1.3861138820648193,0.000477929919725284,0.0,0.27448153495788574
727,full_ca_hmappo,1,0.6859990487610048,276,0.0975,0.0,0.0,0,137,0,0,-0.0001440302876289934,190.68545532226562,1.1639196872711182,-0.0002827348653227091,0.0,0.3921215534210205
728,full_ca_hmappo,1,0.7675436036734027,277,0.289375,0.0,0.375,0,228,0,0,-0.00017548415053170174,363.463134765625,1.3340973854064941,-0.00025759715936146677,0.0,0.2968463599681854
729,full_ca_hmappo,1,0.35864035290092033,277,0.324375,0.0,0.375,0,484,0,0,-6.498645234387368e-05,7.347273826599121,1.4036378860473633,-1.7857801140053198e-05,0.0,0.26920589804649353
730,full_ca_hmappo,1,0.5145926145360136,277,0.543125,0.0,0.5,0,740,0,0,-0.0006315228529274464,6.045792579650879,1.4062092304229736,3.762512278626673e-05,0.0,0.25928348302841187
731,full_ca_hmappo,1,0.5694132233002165,277,0.595625,0.125,0.5,0,996,0,0,-0.0002867927250918001,36.30950927734375,1.2298719882965088,0.00015724000695627183,0.0,0.3545604944229126
732,full_ca_hmappo,1,0.9601636843890446,278,0.263125,0.0,0.25,0,252,0,0,0.0001519614306744188,188.12342834472656,1.3483717441558838,-1.4449702575802803e-05,0.0,0.29418498277664185
733,full_ca_hmappo,1,0.672779375601749,278,0.52375,0.0,0.375,0,508,0,0,-0.0007336344569921494,32.87983703613281,1.383122444152832,2.4211283744079992e-05,0.0,0.27148380875587463
734,full_ca_hmappo,1,0.3602454391821084,278,0.585625,0.0,0.5,0,764,0,0,-0.00027201915509067476,6.637668609619141,1.4038589000701904,0.0005164045724086463,0.0,0.26719579100608826
735,full_ca_hmappo,1,0.32651801808727043,279,0.0175,0.0,0.0,0,20,0,0,-6.818647671025246e-05,12.041638374328613,1.2429730892181396,0.00036476878449320793,0.0,0.347947895526886
736,full_ca_hmappo,1,0.30072187995392596,279,0.15625,0.0,0.0,0,276,0,0,-0.0003736565704457462,63.850791931152344,1.375549554824829,-0.000284489564364776,0.0,0.27844762802124023
737,full_ca_hmappo,1,0.6792052508317283,279,0.3625,0.0,0.0,0,532,0,0,-0.00017383726662956178,14.830078125,1.3510583639144897,-0.00015455298125743866,0.0,0.29801255464553833
738,full_ca_hmappo,1,0.42738265515799867,279,0.493125,0.0,0.125,0,788,0,0,-0.00017351657152175903,15.345491409301758,1.3413465023040771,8.589169010519981e-05,0.0,0.29396387934684753
739,full_ca_hmappo,1,0.4143769676593365,280,0.0875,0.0,0.0,0,44,0,0,9.107589721679688e-05,58.733489990234375,1.2638537883758545,-4.255360545357689e-05,0.0,0.33984288573265076
740,full_ca_hmappo,1,0.8908599206054646,280,0.41,0.0,0.25,0,300,0,0,-8.026044815778732e-05,92.94938659667969,1.343935251235962,-3.495657438179478e-05,0.0,0.29075467586517334
741,full_ca_hmappo,1,0.7119025245149828,280,0.633125,0.125,0.5,0,556,0,0,-8.37122424854897e-05,37.09729766845703,1.4026273488998413,3.645382821559906e-05,0.0,0.27237486839294434
742,full_ca_hmappo,1,0.44863630261716025,280,0.71,0.125,0.625,0,812,0,0,-0.0008181339944712818,5.8944807052612305,1.4071383476257324,0.00011742922652047127,0.0,0.25985002517700195
743,full_ca_hmappo,1,0.5305898407283962,281,0.135625,0.0,0.125,0,68,0,0,-2.006813883781433e-05,63.54508972167969,1.2589281797409058,4.625336077879183e-05,0.0,0.3408345580101013
744,full_ca_hmappo,1,0.8712552361066628,281,0.514375,0.0,0.5,0,324,0,0,-8.642518514534459e-05,68.8975830078125,1.3455564975738525,0.00010670453775674105,0.0,0.2919064462184906
745,full_ca_hmappo,1,0.37988129906989343,281,0.551875,0.0,0.5,0,580,0,0,-0.0005001177778467536,7.889472007751465,1.422630786895752,-9.577100854585296e-07,0.0,0.2603059411048889
746,full_ca_hmappo,1,0.5246911184258352,281,0.591875,0.125,0.75,0,836,0,0,-0.00023895874619483948,31.15024185180664,1.434754729270935,0.00012423237785696983,0.0,0.2574600577354431
747,full_ca_hmappo,1,0.5777527050081517,282,0.1025,0.0,0.125,0,92,0,0,2.6114284992218018e-05,46.220436096191406,1.3550724983215332,-1.8637472749105655e-05,0.0,0.30029457807540894
748,full_ca_hmappo,1,0.7021745128949988,283,0.293125,0.0,0.375,0,177,0,0,-0.0002647601068019867,365.6364440917969,1.3376845121383667,4.5571789087262005e-05,0.0,0.30163416266441345
749,full_ca_hmappo,1,0.4683267395618316,283,0.420625,0.0,0.5,0,433,0,0,-0.001459278166294098,5.712045669555664,1.4186413288116455,0.00044651253847405314,0.0,0.25827741622924805
750,full_ca_hmappo,1,0.36308604175428627,283,0.42625,0.0,0.5,0,689,0,0,-0.001409723423421383,5.640676021575928,1.424998164176941,0.0005864235572516918,0.0,0.25746601819992065
751,full_ca_hmappo,1,0.3349437148999641,283,0.433125,0.0,0.5,0,945,0,0,-0.003196252044290304,5.399982929229736,1.370043158531189,0.00011207209900021553,0.0,0.2889879047870636
752,full_ca_hmappo,1,0.5103287559782075,285,0.18875,0.0,0.375,0,186,0,0,-0.000592278316617012,383.2845458984375,1.2823259830474854,-0.00044788001105189323,0.0,0.33510875701904297
753,full_ca_hmappo,1,0.566483081139495,285,0.41625,0.0,0.625,0,442,0,0,-0.002118451986461878,10.144912719726562,1.4079957008361816,0.00035955169005319476,0.0,0.26311996579170227
754,full_ca_hmappo,1,0.5503525755866576,285,0.59,0.125,0.75,0,698,0,0,0.0007113032042980194,29.533309936523438,1.4227781295776367,0.0010811358224600554,0.0,0.26746612787246704
755,full_ca_hmappo,1,0.36892581130996405,285,0.705,0.125,0.875,0,954,0,0,0.0003879533032886684,8.656911849975586,1.3759183883666992,0.0003594006411731243,0.0,0.2900131940841675
756,full_ca_hmappo,1,0.9166333619023135,286,0.28875,0.0,0.375,0,210,0,0,-0.00016498970217071474,242.21383666992188,1.269335389137268,0.0004299109277781099,0.0,0.33348315954208374
757,full_ca_hmappo,1,0.5236539871402783,286,0.509375,0.0,0.875,0,466,0,0,-7.037011528154835e-05,18.630722045898438,1.4046318531036377,-0.00019715633243322372,0.0,0.27109289169311523
758,full_ca_hmappo,1,0.43250754327391405,286,0.639375,0.0,1.0,0,722,0,0,-0.0009859420824795961,4.201461315155029,1.4212894439697266,0.00015282895765267313,0.0,0.2595897614955902
759,full_ca_hmappo,1,0.3911354944430059,286,0.668125,0.0,1.0,0,978,0,0,-0.002778511494398117,4.734283447265625,1.2430866956710815,-0.00047171986079774797,0.0,0.3541305959224701
760,full_ca_hmappo,1,0.8617689710436025,287,0.219375,0.0,0.375,0,234,0,0,-0.0006379758706316352,139.81304931640625,1.3181651830673218,0.0001804581843316555,0.0,0.3070269227027893
761,full_ca_hmappo,1,0.4578863950544019,287,0.48125,0.0,0.375,0,490,0,0,-0.0019427137449383736,6.7190423011779785,1.4079902172088623,0.0007100304355844855,0.0,0.26780521869659424
762,full_ca_hmappo,1,0.422885798405332,287,0.66625,0.0,0.625,0,746,0,0,-0.002065105363726616,8.998270034790039,1.4234040975570679,-0.0005454466445371509,0.0,0.2561144232749939
763,full_ca_hmappo,1,0.4927776989193262,288,0.008125,0.0,0.0,0,2,0,0,-0.0014651933452114463,37.36094665527344,1.2557463645935059,-0.0002985360915772617,0.0,0.3423318862915039
764,full_ca_hmappo,1,0.8924051676040108,289,0.120625,0.0,0.0,0,174,0,0,2.1663805455318652e-05,667.8245849609375,1.3865307569503784,-0.0001356185821350664,0.0,0.27681028842926025
765,full_ca_hmappo,1,0.6371055673816954,289,0.424375,0.0,0.375,0,430,0,0,-0.0006476591224782169,99.14466857910156,1.391413688659668,9.72740090219304e-05,0.0,0.27382370829582214
766,full_ca_hmappo,1,0.4940597624786278,289,0.605625,0.0,0.625,0,686,0,0,-0.0007039731135591865,7.122346878051758,1.410465121269226,0.0003258364158682525,0.0,0.2674499750137329
767,full_ca_hmappo,1,0.3842554552247748,289,0.711875,0.0,0.875,0,942,0,0,-0.0015673646703362465,8.272680282592773,1.4228296279907227,0.0004164387355558574,0.0,0.25994813442230225
768,full_ca_hmappo,1,0.0538929378429458,290,0.056875,0.0,0.0,0,198,0,0,2.104758095811121e-05,68.57980346679688,1.2954418659210205,0.0001432974822819233,0.0,0.3230152726173401
769,full_ca_hmappo,1,0.9238535049721577,290,0.2975,0.0,0.25,0,454,0,0,-4.430612170835957e-05,160.69155883789062,1.3797483444213867,-0.0004887747345492244,0.0,0.2834867835044861
770,full_ca_hmappo,1,0.7700127477673959,290,0.56875,0.0,0.375,0,710,0,0,-0.00015761362737976015,17.782880783081055,1.3909595012664795,2.1102994651300833e-05,0.0,0.2723597288131714
771,full_ca_hmappo,1,0.5385100176358719,290,0.765,0.0,0.75,0,966,0,0,-4.386715590953827e-05,8.668143272399902,1.4149868488311768,-0.00010449206456542015,0.0,0.27330806851387024
772,full_ca_hmappo,1,1.039776863343377,291,0.4275,0.0,0.375,0,222,0,0,-0.0002677440643310547,190.92037963867188,1.320904016494751,-0.00023818714544177055,0.0,0.31273651123046875
773,full_ca_hmappo,1,0.38394420903205173,291,0.554375,0.0,0.375,0,478,0,0,-9.092347318073735e-05,11.216161727905273,1.424978256225586,-5.435183265944943e-05,0.0,0.25889772176742554
774,full_ca_hmappo,1,0.4196906755951204,291,0.655625,0.0,0.5,0,734,0,0,-0.00015998570597730577,8.420483589172363,1.4187449216842651,9.160256013274193e-05,0.0,0.26261720061302185
775,full_ca_hmappo,1,0.3307096211570979,291,0.70625,0.0,0.5,0,990,0,0,-0.0005947891622781754,6.587882995605469,1.2892510890960693,7.327723869821057e-05,0.0,0.3280610740184784
776,full_ca_hmappo,1,1.0117357886365426,292,0.37125,0.125,0.375,0,246,0,0,-0.00010466638195794076,230.87481689453125,1.3198230266571045,0.0003555314615368843,0.0,0.3044480085372925
777,full_ca_hmappo,1,0.46586609971791404,292,0.533125,0.125,0.375,0,502,0,0,-0.0010887167882174253,4.592157363891602,1.4208600521087646,0.00029262094176374376,0.0,0.2611972987651825
778,full_ca_hmappo,1,0.364049877412981,292,0.639375,0.125,0.5,0,758,0,0,-0.0007311124354600906,3.839442253112793,1.4307512044906616,0.000520016998052597,0.0,0.2519802749156952
779,full_ca_hmappo,1,0.4538897156207895,293,0.029375,0.0,0.125,0,14,0,0,-0.0006598228355869651,66.87051391601562,1.255922794342041,0.00026449275901541114,0.0,0.3437590003013611
780,full_ca_hmappo,1,0.8041026920018339,293,0.289375,0.0,0.5,0,270,0,0,-0.0003140134213026613,58.70048522949219,1.3969457149505615,0.0002330156712559983,0.0,0.27354511618614197
781,full_ca_hmappo,1,0.25841043017317133,293,0.3425,0.0,0.5,0,526,0,0,0.0001876776514109224,11.680179595947266,1.444385290145874,-1.4138563528831583e-05,0.0,0.2522214353084564
782,full_ca_hmappo,1,0.5073056573764916,293,0.61,0.0,0.625,0,782,0,0,-5.21478568771272e-06,16.110471725463867,1.4231475591659546,-1.818516102503054e-05,0.0,0.26011601090431213
783,full_ca_hmappo,1,0.3120431625848141,294,0.02625,0.0,0.0,0,38,0,0,-8.547089237254113e-05,19.408039093017578,1.2934482097625732,5.318077091942541e-05,0.0,0.3238731026649475
784,full_ca_hmappo,1,0.3386560364488105,295,0.036875,0.0,0.0,0,76,0,0,-0.00014601275324821472,411.2779846191406,1.3630523681640625,6.118642340879887e-05,0.0,0.29223522543907166
785,full_ca_hmappo,1,0.9241923420431704,295,0.406875,0.0,0.25,0,332,0,0,-0.00043728016316890717,92.26658630371094,1.3438539505004883,0.00017954545910470188,0.0,0.29910942912101746
786,full_ca_hmappo,1,0.6969157597486628,295,0.7625,0.0,0.875,0,588,0,0,-0.0002505257725715637,13.20205307006836,1.4262571334838867,-7.3495481046848e-05,0.0,0.2590312957763672
787,full_ca_hmappo,1,0.3922901633231959,295,0.8,0.0,1.0,0,844,0,0,-0.0018947783391922712,3.159745693206787,1.4317373037338257,0.0003210773575119674,0.0,0.25750917196273804
788,full_ca_hmappo,1,1.0193450147322665,296,0.216875,0.0,0.25,0,100,0,0,-0.0006892619421705604,192.77984619140625,1.2134575843811035,-0.00015034519310574979,0.0,0.3610384166240692
789,full_ca_hmappo,1,0.5674629577406449,296,0.453125,0.0,0.5,0,356,0,0,0.00027950978255830705,42.094783782958984,1.3764623403549194,9.445939213037491e-05,0.0,0.2789511978626251
790,full_ca_hmappo,1,0.4895211202606333,296,0.575,0.0,0.875,0,612,0,0,-0.0005265393992885947,8.730062484741211,1.4268087148666382,-0.0002981222642119974,0.0,0.2589898407459259
791,full_ca_hmappo,1,0.3698102577091049,296,0.751875,0.0,0.875,0,868,0,0,-0.001014790846966207,4.795760154724121,1.4272173643112183,0.0003047955106012523,0.0,0.25939565896987915
792,full_ca_hmappo,1,0.8241470103266693,297,0.18625,0.0,0.375,0,124,0,0,-0.0007435735315084457,119.6584243774414,1.1680891513824463,0.00014538007962983102,0.0,0.3800961375236511
793,full_ca_hmappo,1,0.669517355854623,297,0.4925,0.0,0.375,0,380,0,0,-0.0002489413018338382,11.794490814208984,1.3869208097457886,-7.232705684145913e-05,0.0,0.2808869183063507
794,full_ca_hmappo,1,0.4776160361034272,297,0.69125,0.0,0.5,0,636,0,0,-0.00019291664648335427,4.00570821762085,1.4198148250579834,-0.00011624706530710682,0.0,0.25777140259742737
795,full_ca_hmappo,1,0.3505352081228921,297,0.7775,0.0,0.625,0,892,0,0,-0.0006851349025964737,3.637336015701294,1.4363031387329102,-4.494718086789362e-05,0.0,0.25249674916267395
796,full_ca_hmappo,1,0.6218547942607984,298,0.1075,0.0,0.0,0,148,0,0,-0.00016590580344200134,86.31527709960938,1.2254080772399902,9.431193575437646e-06,0.0,0.3588239550590515
797,full_ca_hmappo,1,0.4796552823463571,298,0.389375,0.0,0.125,0,404,0,0,-0.0014021716779097915,21.12335205078125,1.4323581457138062,0.0003294033813290298,0.0,0.25265464186668396
798,full_ca_hmappo,1,0.62476107368866,298,0.551875,0.0,0.375,0,660,0,0,2.319862505828496e-05,56.1712532043457,1.4174970388412476,-5.007380241295323e-05,0.0,0.26109951734542847
799,full_ca_hmappo,1,0.48093021725071594,298,0.59125,0.125,0.5,0,916,0,0,0.0002482670242898166,33.36747741699219,1.4275310039520264,0.0004678471013903618,0.0,0.2603212594985962
800,full_ca_hmappo,1,1.151184418844423,299,0.28,0.0,0.375,0,172,0,0,-0.0004913074662908912,217.4335174560547,1.2945530414581299,4.522417293628678e-05,0.0,0.32476934790611267
801,full_ca_hmappo,1,0.5901930878935673,299,0.571875,0.0,0.75,0,428,0,0,-0.0005275442963466048,11.793861389160156,1.415509581565857,-1.4647065654571634e-05,0.0,0.26057371497154236
802,full_ca_hmappo,1,0.37776232669943965,299,0.6975,0.0,0.75,0,684,0,0,0.00022727841860614717,11.089041709899902,1.4113330841064453,-4.3820902646984905e-05,0.0,0.2664666771888733
803,full_ca_hmappo,1,0.42963130254338466,299,0.834375,0.0,0.875,0,940,0,0,-0.00042332461453042924,4.39075231552124,1.4064712524414062,0.0003184840898029506,0.0,0.2661888003349304
804,full_ca_hmappo,1,0.44745697536836815,300,0.135,0.0,0.125,0,196,0,0,-0.0006230833823792636,67.43727111816406,1.2900129556655884,-0.0005464928108267486,0.0,0.32067176699638367
805,full_ca_hmappo,1,0.8678256423768289,300,0.32625,0.125,0.625,0,452,0,0,0.00013001635670661926,126.36807250976562,1.3886799812316895,-0.00016987076378427446,0.0,0.2747134864330292
806,full_ca_hmappo,1,0.6748182347400871,300,0.586875,0.25,0.625,0,708,0,0,-0.00011287567758699879,40.706993103027344,1.3994112014770508,-3.679345172713511e-05,0.0,0.2653375267982483
807,full_ca_hmappo,1,0.47225348892789043,300,0.7525,0.25,0.625,0,964,0,0,-0.00032919025397859514,7.223433494567871,1.3202881813049316,-7.386785000562668e-06,0.0,0.31118547916412354
808,full_ca_hmappo,1,0.26227131946143345,301,0.105,0.0,0.125,0,220,0,0,-8.199240255635232e-05,93.57000732421875,1.3305950164794922,-0.00027735004550777376,0.0,0.30836498737335205
809,full_ca_hmappo,1,0.6429074087991467,301,0.496875,0.0,0.5,0,476,0,0,-1.5081837773323059e-05,66.20423889160156,1.3843625783920288,0.00012005299504380673,0.0,0.27388995885849
810,full_ca_hmappo,1,0.7971351434516691,301,0.66625,0.125,0.625,0,732,0,0,-0.0001716678962111473,49.332740783691406,1.3867610692977905,-2.078867328236811e-05,0.0,0.28093403577804565
811,full_ca_hmappo,1,0.4018021097781457,301,0.750625,0.125,0.625,0,988,0,0,-0.0008637545397505164,4.297940254211426,1.2582547664642334,0.00023771310225129128,0.0,0.3403111398220062
812,full_ca_hmappo,1,1.0215701349170558,302,0.345625,0.0,0.5,0,244,0,0,-0.00011230260133743286,151.88211059570312,1.3396873474121094,0.0002709075342863798,0.0,0.2934688329696655
813,full_ca_hmappo,1,0.4082605443436478,302,0.454375,0.0,0.625,0,500,0,0,-0.0006409815396182239,11.103065490722656,1.4326362609863281,0.0004809514502994716,0.0,0.25377964973449707
814,full_ca_hmappo,1,0.42428103997008293,302,0.505,0.125,0.625,0,756,0,0,-0.000250770419370383,28.07927894592285,1.4092787504196167,-0.0001765172928571701,0.0,0.2611483931541443
815,full_ca_hmappo,1,0.38622814557925267,303,0.026875,0.0,0.0,0,12,0,0,-0.0011747846147045493,14.249553680419922,1.2311564683914185,-0.0001122445537475869,0.0,0.3595430552959442
816,full_ca_hmappo,1,0.823166134647181,305,0.321875,0.0,0.375,0,177,0,0,-0.004299430176615715,658.1058959960938,1.3531646728515625,0.00244509382173419,0.0,0.29261505603790283
817,full_ca_hmappo,1,0.5298826497546543,305,0.589375,0.0,0.5,0,433,0,0,0.0028936348389834166,10.492921829223633,1.4240074157714844,0.003830821020528674,0.0,0.2583242654800415
818,full_ca_hmappo,1,0.4406194423886518,305,0.75375,0.0,0.625,0,689,0,0,0.0005746217211708426,4.051460266113281,1.4330673217773438,0.001455063233152032,0.0,0.2589719891548157
819,full_ca_hmappo,1,0.28982126648134,305,0.783125,0.0,0.625,0,945,0,0,-0.0013114726170897484,4.868634223937988,1.3884236812591553,0.00032308202935382724,0.0,0.2786336839199066
820,full_ca_hmappo,1,0.6146991446485117,306,0.206875,0.0,0.25,0,201,0,0,-0.00016628237790428102,130.37887573242188,1.2980997562408447,0.0002467913436703384,0.0,0.3238082528114319
821,full_ca_hmappo,1,0.6095412605554884,306,0.48375,0.0,0.25,0,457,0,0,-0.001040161936543882,9.629127502441406,1.4174407720565796,-5.389362195273861e-05,0.0,0.26971808075904846
822,full_ca_hmappo,1,0.5673469233661308,306,0.71375,0.0,0.625,0,713,0,0,-0.005537995137274265,5.4758381843566895,1.4378079175949097,0.0024681719951331615,0.0,0.2563159465789795
823,full_ca_hmappo,1,0.4028251036979782,306,0.778125,0.0,0.875,0,969,0,0,-0.003919878508895636,3.1714696884155273,1.2955076694488525,-0.00015895473188720644,0.0,0.32311785221099854
824,full_ca_hmappo,1,0.47713014553301036,307,0.171875,0.0,0.125,0,225,0,0,-0.0010841492330655456,199.23577880859375,1.32716703414917,0.0016939680790528655,0.0,0.3095911145210266
825,full_ca_hmappo,1,0.791464176349109,307,0.371875,0.0,0.375,0,481,0,0,0.0004334747791290283,44.77986145019531,1.380838394165039,0.0001360109745291993,0.0,0.2778719961643219
826,full_ca_hmappo,1,0.5250219184326852,307,0.676875,0.0,0.5,0,737,0,0,-0.00033863139105960727,2.6414663791656494,1.436995267868042,-4.599957537720911e-05,0.0,0.2573837339878082
827,full_ca_hmappo,1,0.41741674022159714,307,0.7675,0.0,0.625,0,993,0,0,-0.0005028024315834045,2.0068583488464355,1.3031277656555176,-0.0006288557196967304,0.0,0.31787312030792236
828,full_ca_hmappo,1,0.9526347773899033,308,0.263125,0.0,0.25,0,249,0,0,-0.00033248093677684665,266.382568359375,1.3502496480941772,-0.0005721539491787553,0.0,0.30681172013282776
829,full_ca_hmappo,1,0.5887245744725078,308,0.55125,0.125,0.25,0,505,0,0,-0.0024949945509433746,3.7716450691223145,1.4327411651611328,0.0007773804245516658,0.0,0.2577654719352722
830,full_ca_hmappo,1,0.1971378885791637,308,0.559375,0.125,0.25,0,761,0,0,-0.0007599940290674567,23.109146118164062,1.4461965560913086,0.0018676052568480372,0.0,0.24921292066574097
831,full_ca_hmappo,1,0.5209373199990068,309,0.041875,0.0,0.0,0,17,0,0,-0.0007929777493700385,230.22830200195312,1.305415391921997,-6.826349999755621e-05,0.0,0.3151765763759613
832,full_ca_hmappo,1,0.7350732065051488,309,0.313125,0.0,0.0,0,273,0,0,0.00024400465190410614,117.19273376464844,1.4106568098068237,8.493506902595982e-05,0.0,0.2679039537906647
833,full_ca_hmappo,1,0.3690681792941177,309,0.531875,0.0,0.125,0,529,0,0,-3.731437027454376e-05,26.394794464111328,1.3760764598846436,-3.6922749131917953e-05,0.0,0.2783713936805725
834,full_ca_hmappo,1,0.6910483972380916,309,0.6975,0.0,0.75,0,785,0,0,0.00010599009692668915,84.59127807617188,1.415571928024292,0.0003821263089776039,0.0,0.262783408164978
835,full_ca_hmappo,1,0.17124477841207408,311,0.019375,0.0,0.0,0,30,0,0,-0.0002518016844987869,237.4547119140625,1.3252615928649902,9.035428229253739e-05,0.0,0.31418439745903015
836,full_ca_hmappo,1,0.9034660852339584,311,0.4475,0.0,0.375,0,286,0,0,-0.0001179426908493042,205.92654418945312,1.3646178245544434,-2.828892320394516e-06,0.0,0.30458033084869385
837,full_ca_hmappo,1,0.5158646305517323,311,0.56375,0.0,0.625,0,542,0,0,-0.0005826487904414535,11.023738861083984,1.4348747730255127,-3.179209306836128e-05,0.0,0.2526651620864868
838,full_ca_hmappo,1,0.4153604609791728,311,0.6275,0.0,0.625,0,798,0,0,-0.0014300986658781767,3.2628140449523926,1.4432296752929688,0.0005175100523047149,0.0,0.2585248649120331
839,full_ca_hmappo,1,0.4272592136651383,312,0.026875,0.0,0.0,0,54,0,0,-0.0004049050621688366,24.71853256225586,1.349430799484253,-0.0004170293395873159,0.0,0.30120426416397095
840,full_ca_hmappo,1,0.05989409227913711,312,0.175,0.0,0.0,0,310,0,0,-0.0009457289124839008,62.57057189941406,1.4338535070419312,-0.0003608235565479845,0.0,0.2590782046318054
841,full_ca_hmappo,1,0.5716348831119831,312,0.3525,0.0,0.125,0,566,0,0,-0.00013278859842102975,185.89991760253906,1.4141801595687866,-0.00033981516025960445,0.0,0.27339011430740356
842,full_ca_hmappo,1,0.9032752494786109,312,0.629375,0.0,0.375,0,822,0,0,5.075025183032267e-05,44.55503845214844,1.3211259841918945,0.00018570665270090103,0.0,0.3080155849456787
843,full_ca_hmappo,1,1.0115843939825027,313,0.105,0.0,0.25,0,78,0,0,-0.0002509219048079103,373.32659912109375,1.3339694738388062,1.2938398867845535e-05,0.0,0.30216068029403687
844,full_ca_hmappo,1,0.4220769867533818,313,0.315,0.0,0.5,0,334,0,0,-0.00048130936920642853,14.986773490905762,1.3978986740112305,5.59265427000355e-05,0.0,0.2730242908000946
845,full_ca_hmappo,1,0.3979235283707112,313,0.53125,0.0,0.75,0,590,0,0,-0.00036814622581005096,12.404342651367188,1.431039810180664,0.0003443657769821584,0.0,0.25862598419189453
846,full_ca_hmappo,1,0.43233597597702556,313,0.675,0.0,1.0,0,846,0,0,-0.0008263501222245395,3.6701412200927734,1.4483163356781006,0.0003675292246043682,0.0,0.25509271025657654
847,full_ca_hmappo,1,0.5559450806322275,314,0.0925,0.0,0.0,0,102,0,0,-0.00025115598691627383,92.17572784423828,1.2788751125335693,-3.998478405264905e-06,0.0,0.33410200476646423
848,full_ca_hmappo,1,1.203763745869992,314,0.53,0.0,0.5,0,358,0,0,0.0002666184154804796,218.71197509765625,1.3515729904174805,0.0005236679571680725,0.0,0.2904500961303711
849,full_ca_hmappo,1,0.4631199980740348,314,0.645625,0.0,0.5,0,614,0,0,-0.0005164972390048206,6.064762592315674,1.452736735343933,0.00020023839897476137,0.0,0.2538077235221863
850,full_ca_hmappo,1,0.5236448687733173,314,0.815,0.0,0.875,0,870,0,0,-0.0008496679365634918,4.467078685760498,1.4478204250335693,0.0002183043397963047,0.0,0.24914471805095673
851,full_ca_hmappo,1,0.6495008668716764,315,0.25625,0.0,0.0,0,126,0,0,0.00012189274275442585,56.951416015625,1.2997496128082275,0.0003770663752220571,0.0,0.32902657985687256
852,full_ca_hmappo,1,0.9062969562974104,315,0.5575,0.0,0.375,0,382,0,0,-0.000249495729804039,57.02685546875,1.3522298336029053,1.5142839401960373e-05,0.0,0.29568353295326233
853,full_ca_hmappo,1,0.5634274431195081,316,0.0925,0.0,0.125,0,45,0,0,-0.00013304874300956726,264.3761901855469,1.424925684928894,-0.00011696007277350873,0.0,0.25865787267684937
854,full_ca_hmappo,1,0.9257468240175513,316,0.51,0.0,0.5,0,301,0,0,-9.369943290948868e-05,57.49983215332031,1.3514403104782104,2.8268899768590927e-05,0.0,0.2923683822154999
855,full_ca_hmappo,1,0.5426997092026795,316,0.5625,0.125,0.625,0,557,0,0,-0.0010151274036616087,46.6322135925293,1.4539499282836914,5.254211828287225e-06,0.0,0.2523256540298462
856,full_ca_hmappo,1,0.5585402111646545,316,0.64,0.25,0.75,0,813,0,0,-0.0005959744448773563,37.010223388671875,1.430626392364502,0.0005709760589525104,0.0,0.26171013712882996
857,full_ca_hmappo,1,0.4595612561570306,317,0.025,0.0,0.0,0,69,0,0,-5.153752863407135e-05,55.544151306152344,1.2175939083099365,-0.00012943707406520844,0.0,0.3733758330345154
858,full_ca_hmappo,1,0.9121444020493072,317,0.46125,0.0,0.375,0,325,0,0,-0.0006335669895634055,129.69232177734375,1.3354028463363647,-0.00018545318744145334,0.0,0.3135364055633545
859,full_ca_hmappo,1,0.5390638594208212,317,0.580625,0.0,0.375,0,581,0,0,-0.0014939125394448638,7.064823150634766,1.4342610836029053,0.0005613075336441398,0.0,0.258709192276001
860,full_ca_hmappo,1,0.4212465106113541,317,0.659375,0.0,0.5,0,837,0,0,-0.0020401510410010815,5.10780143737793,1.4494307041168213,0.0003060392918996513,0.0,0.24871641397476196
861,full_ca_hmappo,1,0.582438246721722,318,0.065625,0.0,0.0,0,93,0,0,-0.0011109070619568229,57.68418884277344,1.3348544836044312,0.0003428038617130369,0.0,0.3081250786781311
862,full_ca_hmappo,1,0.7949697083458886,318,0.27875,0.125,0.375,0,349,0,0,0.0009770561009645462,215.37452697753906,1.424883246421814,0.0008023129776120186,0.0,0.26536232233047485
863,full_ca_hmappo,1,0.6125779398826126,318,0.57125,0.125,0.75,0,605,0,0,-0.0001021899952320382,13.795625686645508,1.4449763298034668,0.0006681904196739197,0.0,0.25046485662460327
864,full_ca_hmappo,1,0.42698047338535616,318,0.688125,0.125,0.75,0,861,0,0,-0.0003726308641489595,3.5702402591705322,1.4502471685409546,9.463432797929272e-05,0.0,0.24882787466049194
865,full_ca_hmappo,1,0.911325691440652,319,0.208125,0.0,0.25,0,117,0,0,-0.00011182080197613686,334.2763671875,1.3847920894622803,-0.0002079217229038477,0.0,0.28690579533576965
866,full_ca_hmappo,1,0.38347127564748007,319,0.313125,0.0,0.25,0,373,0,0,-0.0008701173355802894,16.076763153076172,1.441619873046875,3.716737774084322e-05,0.0,0.25178349018096924
867,full_ca_hmappo,1,0.39064639213302144,319,0.421875,0.0,0.375,0,629,0,0,-0.0007569256122224033,12.827574729919434,1.4493520259857178,0.0003447534400038421,0.0,0.25267302989959717
868,full_ca_hmappo,1,0.5996717453999736,320,0.229375,0.0,0.125,0,169,0,0,-0.0002899598330259323,258.36328125,1.3827428817749023,0.00015201140195131302,0.0,0.2867065668106079
869,full_ca_hmappo,1,0.8213829299565987,320,0.50625,0.0,0.5,0,425,0,0,-0.00037379999412223697,75.56981658935547,1.4066383838653564,2.3094782591215335e-05,0.0,0.27076420187950134
870,full_ca_hmappo,1,0.3372783662725851,320,0.544375,0.0,0.5,0,681,0,0,-0.0007480749627575278,4.12446403503418,1.4414327144622803,0.00033017294481396675,0.0,0.2548067569732666
871,full_ca_hmappo,1,0.4783463485050561,320,0.631875,0.0,0.75,0,937,0,0,-0.0008797316695563495,18.51569366455078,1.431462049484253,-0.00021577533334493637,0.0,0.25335901975631714
872,full_ca_hmappo,1,0.5393721836735494,321,0.17625,0.0,0.125,0,193,0,0,-5.083407086203806e-05,54.65850830078125,1.2541790008544922,-0.0001395895378664136,0.0,0.3463746905326843
873,full_ca_hmappo,1,0.30481259378575487,321,0.314375,0.0,0.125,0,449,0,0,-0.0008335483144037426,19.71179962158203,1.4244283437728882,0.00019755354151129723,0.0,0.2600160837173462
874,full_ca_hmappo,1,0.40092495759017766,321,0.424375,0.0,0.25,0,705,0,0,-0.000519505119882524,74.37545776367188,1.435225486755371,0.0001515522599220276,0.0,0.2562779188156128
875,full_ca_hmappo,1,0.44611987628331917,321,0.44,0.0,0.25,0,961,0,0,-0.0011289160465821624,2.2199912071228027,1.3167723417282104,0.0001517687924206257,0.0,0.31286951899528503
876,full_ca_hmappo,1,0.46076745940217734,322,0.203125,0.0,0.0,0,217,0,0,0.00021559993911068887,53.51374816894531,1.3484554290771484,0.00017691389075480402,0.0,0.2988990545272827
877,full_ca_hmappo,1,0.9724781775817064,322,0.44875,0.0,0.25,0,473,0,0,0.00015997918671928346,143.35638427734375,1.359990119934082,0.00013449648395180702,0.0,0.2937295138835907
878,full_ca_hmappo,1,0.5374243965839014,322,0.620625,0.0,0.5,0,729,0,0,-0.0012028077617287636,7.11435604095459,1.4418070316314697,0.00017802340153139085,0.0,0.256834477186203
879,full_ca_hmappo,1,0.5413574204335418,322,0.71375,0.125,0.75,0,985,0,0,-0.00016522128134965897,33.328025817871094,1.4168758392333984,8.22863876237534e-05,0.0,0.26916661858558655
880,full_ca_hmappo,1,1.233059185098682,323,0.434375,0.0,0.5,0,241,0,0,-8.605420589447021e-05,190.93727111816406,1.1993035078048706,0.00013150919403415173,0.0,0.36686086654663086
881,full_ca_hmappo,1,0.7598167979176651,323,0.606875,0.125,0.625,0,497,0,0,5.4016709327697754e-08,34.001441955566406,1.4027694463729858,-0.0003191814757883549,0.0,0.2740057706832886
882,full_ca_hmappo,1,0.4665825922259046,323,0.7475,0.125,1.0,0,753,0,0,-0.0003968924283981323,8.46906852722168,1.4501371383666992,0.0001534178591100499,0.0,0.2494024932384491
883,full_ca_hmappo,1,0.5826411450041178,324,0.010625,0.0,0.0,0,9,0,0,0.0002770268765743822,35.21625518798828,1.4474666118621826,-4.7516390623059124e-05,0.0,0.25341975688934326
884,full_ca_hmappo,1,0.8648985947511392,324,0.376875,0.0,0.5,0,265,0,0,-6.757862865924835e-05,103.37149047851562,1.3145071268081665,1.6422787666670047e-05,0.0,0.3238320052623749
885,full_ca_hmappo,1,0.48907195269748627,324,0.528125,0.0,1.0,0,521,0,0,-0.0006244552205316722,18.920185089111328,1.4640005826950073,-0.00012895434338133782,0.0,0.2515959143638611
886,full_ca_hmappo,1,0.3133249111169789,324,0.57875,0.0,1.0,0,777,0,0,-0.0010066082468256354,5.624933242797852,1.473799467086792,0.00047386655933223665,0.0,0.243941992521286
887,full_ca_hmappo,1,0.4445565805744991,326,0.025625,0.0,0.125,0,11,0,0,-5.363921445677988e-05,323.2190856933594,1.3145473003387451,0.0002017845108639449,0.0,0.31686073541641235
888,full_ca_hmappo,1,0.807812311937596,326,0.319375,0.0,0.625,0,267,0,0,-0.00041979303932748735,75.76874542236328,1.4099940061569214,0.0002115823735948652,0.0,0.26674124598503113
889,full_ca_hmappo,1,0.4880613849677502,326,0.486875,0.0,0.875,0,523,0,0,-0.0016142232343554497,13.237598419189453,1.4514402151107788,-0.00015892446390353143,0.0,0.2501160204410553
890,full_ca_hmappo,1,0.4742412009381951,326,0.669375,0.0,0.875,0,779,0,0,-0.005583691410720348,6.6306023597717285,1.4543813467025757,0.0005204367334954441,0.0,0.24794968962669373
891,full_ca_hmappo,1,0.6214267871691845,327,0.07875,0.0,0.125,0,35,0,0,-0.0006690311129204929,59.47711181640625,1.3579316139221191,0.0012997615849599242,0.0,0.29800769686698914
892,full_ca_hmappo,1,0.6837986718978755,327,0.349375,0.0,0.375,0,291,0,0,0.0007496243342757225,63.76226043701172,1.3937019109725952,-0.00018037638801615685,0.0,0.2758467197418213
893,full_ca_hmappo,1,0.4409350642899881,327,0.470625,0.0,0.625,0,547,0,0,-0.0007734615355730057,6.478636741638184,1.4364341497421265,0.0007240985287353396,0.0,0.2524982988834381
894,full_ca_hmappo,1,0.4960955016595108,327,0.595625,0.0,0.75,0,803,0,0,-0.00011603347957134247,6.065759658813477,1.451128363609314,-0.00040676258504390717,0.0,0.25290030241012573
895,full_ca_hmappo,1,0.24326114460382087,328,0.046875,0.0,0.0,0,59,0,0,-0.00017418371862731874,28.47103500366211,1.3304109573364258,1.3536929145629983e-05,0.0,0.309797465801239
896,full_ca_hmappo,1,0.40426359545381274,328,0.19375,0.0,0.125,0,315,0,0,-0.0005140298744663596,50.351112365722656,1.3974647521972656,2.8202000976307318e-05,0.0,0.2669699192047119
897,full_ca_hmappo,1,0.6151025817925984,328,0.405625,0.0,0.375,0,571,0,0,0.00010085695976158604,74.88531494140625,1.429996371269226,9.589751425664872e-05,0.0,0.25841182470321655
898,full_ca_hmappo,1,0.7277476954368467,328,0.61375,0.125,0.625,0,827,0,0,-4.9326568841934204e-05,35.74144744873047,1.4409674406051636,0.0001268531195819378,0.0,0.2557618021965027
899,full_ca_hmappo,1,0.5397270557314187,329,0.0925,0.0,0.0,0,83,0,0,-0.00034908269299194217,69.21155548095703,1.363005518913269,-0.00013566025882028043,0.0,0.2933599352836609
900,full_ca_hmappo,1,0.9146738100007497,329,0.50375,0.0,0.5,0,339,0,0,-0.00015455050743184984,112.62627410888672,1.319283366203308,9.945547208189964e-05,0.0,0.3065677881240845
901,full_ca_hmappo,1,0.45967107822662,329,0.563125,0.0,0.5,0,595,0,0,-0.0007923813536763191,6.3949785232543945,1.4289264678955078,-0.00012700105435214937,0.0,0.2556813061237335
902,full_ca_hmappo,1,0.3956578681809333,329,0.596875,0.0,0.5,0,851,0,0,-0.003934369422495365,2.320906162261963,1.439247965812683,0.0013759247958660126,0.0,0.25750991702079773
903,full_ca_hmappo,1,0.9341633059266314,330,0.241875,0.0,0.25,0,107,0,0,-0.0015711983432993293,218.6473846435547,1.1871395111083984,0.00015560798055958003,0.0,0.3760910928249359
904,full_ca_hmappo,1,0.5495308560848571,330,0.45625,0.0,0.375,0,363,0,0,-0.0003957059234380722,13.720335960388184,1.4196038246154785,-0.00032000563805922866,0.0,0.26561522483825684
905,full_ca_hmappo,1,0.5791125175837806,330,0.5925,0.125,0.375,0,619,0,0,-0.00015503354370594025,26.192340850830078,1.428375005722046,-0.0004082744417246431,0.0,0.2568865418434143
906,full_ca_hmappo,1,0.3049760055932893,330,0.67375,0.125,0.5,0,875,0,0,-0.0008545763557776809,5.95382022857666,1.4514338970184326,-0.0003015770053025335,0.0,0.2520151138305664
907,full_ca_hmappo,1,0.46256263852910706,331,0.076875,0.0,0.0,0,131,0,0,-4.52287495136261e-05,134.8782196044922,1.305962324142456,-0.0001347376237390563,0.0,0.3263448476791382
908,full_ca_hmappo,1,0.9370846989331767,331,0.46625,0.0,0.625,0,387,0,0,-0.00041440813220106065,96.5856704711914,1.4002107381820679,3.742193803191185e-05,0.0,0.274305135011673
909,full_ca_hmappo,1,0.3011754678587977,331,0.59375,0.0,0.75,0,643,0,0,0.0003050602972507477,32.12516403198242,1.4293410778045654,-0.00013714353553950787,0.0,0.25902366638183594
910,full_ca_hmappo,1,0.4493283712927223,331,0.754375,0.0,1.0,0,899,0,0,-0.00010171346366405487,12.074288368225098,1.454469084739685,2.8431881219148636e-05,0.0,0.24987199902534485
911,full_ca_hmappo,1,0.07240798999100662,332,0.115,0.0,0.0,0,155,0,0,-0.0003189280105289072,72.27716064453125,1.371713638305664,0.00014208676293492317,0.0,0.2861466109752655
912,full_ca_hmappo,1,0.8940942869394348,332,0.378125,0.0,0.25,0,411,0,0,-6.0578808188438416e-05,214.5893096923828,1.4210503101348877,-0.00010335259139537811,0.0,0.2651747167110443
913,full_ca_hmappo,1,0.5293097218018374,332,0.615,0.0,0.625,0,667,0,0,-0.0036333389580249786,6.640851974487305,1.4559495449066162,0.0002661656471900642,0.0,0.25115203857421875
914,full_ca_hmappo,1,0.4317764879160677,332,0.793125,0.0,0.75,0,923,0,0,-0.0027063628658652306,8.924229621887207,1.4568719863891602,-0.0001513008028268814,0.0,0.24600252509117126
915,full_ca_hmappo,1,1.0308392954830197,333,0.351875,0.0,0.625,0,179,0,0,-0.0006968354573473334,293.64056396484375,1.4251539707183838,0.0020916510839015245,0.0,0.26250821352005005
916,full_ca_hmappo,1,0.5372947852138168,333,0.609375,0.0,0.625,0,435,0,0,-0.003079995047301054,6.580462455749512,1.4573020935058594,0.0017129814950749278,0.0,0.2434941530227661
917,full_ca_hmappo,1,0.4649429780522496,333,0.740625,0.0,0.875,0,691,0,0,-0.0034040678292512894,3.578497886657715,1.4541785717010498,-0.0009805456502363086,0.0,0.2513771057128906
918,full_ca_hmappo,1,0.3996624921710463,333,0.86,0.0,1.0,0,947,0,0,-0.0031761229038238525,5.893069744110107,1.455404281616211,0.00013377316645346582,0.0,0.2506999671459198
919,full_ca_hmappo,1,0.5358147336901311,335,0.16,0.0,0.0,0,153,0,0,0.000571970536839217,324.98004150390625,1.3937952518463135,-0.0015894797397777438,0.0,0.28058403730392456
920,full_ca_hmappo,1,0.7153760522542143,335,0.26375,0.0,0.375,0,409,0,0,-0.0012218437623232603,121.01469421386719,1.3682831525802612,4.16125803894829e-05,0.0,0.2898389995098114
921,full_ca_hmappo,1,0.45965482269457425,335,0.438125,0.0,0.5,0,665,0,0,-0.00046795731759630144,8.305200576782227,1.420182228088379,0.0003711550962179899,0.0,0.26176923513412476
922,full_ca_hmappo,1,0.4574239838775611,335,0.59125,0.0,0.5,0,921,0,0,-2.6109319151146337e-05,5.963050842285156,1.428821325302124,-0.0006286952411755919,0.0,0.25410568714141846
923,full_ca_hmappo,1,0.2040368298330577,336,0.198125,0.0,0.0,0,177,0,0,-8.878795051714405e-05,53.114227294921875,1.3894271850585938,0.00037650446756742895,0.0,0.2783690094947815
924,full_ca_hmappo,1,0.9347642090870067,336,0.348125,0.0,0.0,0,433,0,0,-0.00023274279374163598,91.10726928710938,1.3427066802978516,-0.00019820765010081232,0.0,0.30851122736930847
925,full_ca_hmappo,1,0.982786296044651,336,0.6525,0.0,0.625,0,689,0,0,3.5852815472026123e-06,173.86219787597656,1.355355143547058,0.00011792748409789056,0.0,0.300699383020401
926,full_ca_hmappo,1,0.5938596941032301,336,0.85625,0.0,0.875,0,945,0,0,-0.00018267272389493883,10.579451560974121,1.4249897003173828,0.00017221218149643391,0.0,0.25167688727378845
927,full_ca_hmappo,1,1.1295807682545274,338,0.39125,0.0,0.625,0,188,0,0,-0.00011966253805439919,225.31674194335938,1.367559790611267,2.061793020402547e-05,0.0,0.28878140449523926
928,full_ca_hmappo,1,0.36123934481861397,338,0.470625,0.0,0.625,0,444,0,0,-0.00020256142306607217,15.234874725341797,1.4377241134643555,-2.793564271996729e-05,0.0,0.25881415605545044
929,full_ca_hmappo,1,0.3157334525178612,338,0.646875,0.0,0.625,0,700,0,0,-0.00010979703802149743,12.257036209106445,1.448938250541687,-8.058625826379284e-05,0.0,0.2569149434566498
930,full_ca_hmappo,1,0.41413043763895985,338,0.7575,0.0,0.75,0,956,0,0,-0.0018632573774084449,3.4501290321350098,1.4401404857635498,-0.0005640524323098361,0.0,0.25571510195732117
931,full_ca_hmappo,1,0.7288418014795752,339,0.22,0.0,0.25,0,212,0,0,-9.892632806440815e-05,134.15391540527344,1.3664849996566772,-2.8359470888972282e-05,0.0,0.29507559537887573
932,full_ca_hmappo,1,0.60135449041627,339,0.525625,0.0,0.375,0,468,0,0,-0.002748098224401474,6.686117172241211,1.4294006824493408,0.002167769707739353,0.0,0.25773972272872925
933,full_ca_hmappo,1,0.3871671976603466,339,0.623125,0.0,0.375,0,724,0,0,-0.0011226069182157516,4.735813140869141,1.4380216598510742,0.0006531050312332809,0.0,0.25531190633773804
934,full_ca_hmappo,1,0.3037895035206475,339,0.6325,0.0,0.375,0,980,0,0,0.0012015020474791527,4.101306438446045,1.4479913711547852,-0.00071289564948529,0.0,0.25040218234062195
935,full_ca_hmappo,1,1.0703079336381052,340,0.37125,0.0,0.375,0,236,0,0,7.223276043077931e-05,192.1643524169922,1.3143125772476196,-0.00019354908727109432,0.0,0.31296810507774353
936,full_ca_hmappo,1,0.3053199971941467,340,0.543125,0.0,0.875,0,492,0,0,0.0002958079276140779,16.402753829956055,1.4086637496948242,-0.00025877117877826095,0.0,0.2652769684791565
937,full_ca_hmappo,1,0.24974302002738114,340,0.575625,0.0,0.875,0,748,0,0,3.170594573020935e-05,3.658818006515503,1.4301154613494873,7.064446981530637e-05,0.0,0.25794219970703125
938,full_ca_hmappo,1,0.2644866550886036,341,0.0125,0.0,0.0,0,4,0,0,-0.00013500452041625977,7.441208362579346,1.3449552059173584,6.264231160457712e-06,0.0,0.29796987771987915
939,full_ca_hmappo,1,1.110893607715525,342,0.375,0.0,0.25,0,192,0,0,-0.00021105135965626687,476.5989990234375,1.3419808149337769,-5.7962024584412575e-05,0.0,0.28933143615722656
940,full_ca_hmappo,1,0.43464219002567006,342,0.605,0.0,0.375,0,448,0,0,-8.521198469679803e-05,10.856369972229004,1.4361070394515991,0.0001279238349525258,0.0,0.254366397857666
941,full_ca_hmappo,1,0.3327129536637585,342,0.695,0.0,0.75,0,704,0,0,-0.002318544313311577,2.4521615505218506,1.45262610912323,0.0019129806896671653,0.0,0.25396639108657837
942,full_ca_hmappo,1,0.6218258257157459,342,0.768125,0.125,0.875,0,960,0,0,-0.0003817211836576462,46.03150939941406,1.4204597473144531,0.0028874403797090054,0.0,0.26702064275741577
943,full_ca_hmappo,1,0.9865930004198162,343,0.40125,0.0,0.0,0,216,0,0,0.00030864839209243655,172.82998657226562,1.3853199481964111,0.00010167256550630555,0.0,0.28299057483673096
944,full_ca_hmappo,1,0.762703033766229,343,0.50625,0.0,0.375,0,472,0,0,5.278115622786572e-06,52.01628875732422,1.2370784282684326,-0.0002567976189311594,0.0,0.3311023414134979
945,full_ca_hmappo,1,0.45422194582033626,343,0.55875,0.0,0.5,0,728,0,0,-0.001649949699640274,5.309581756591797,1.4166371822357178,1.2042466551065445e-05,0.0,0.2594066262245178
946,full_ca_hmappo,1,0.22938777626404772,343,0.566875,0.0,0.5,0,984,0,0,-0.0016080222558230162,7.459982872009277,1.3035939931869507,0.0006663644453510642,0.0,0.3185063302516937
947,full_ca_hmappo,1,0.9408191520988112,344,0.385625,0.0,0.375,0,240,0,0,-0.0004373046976979822,113.55429077148438,1.3148126602172852,0.00032147238380275667,0.0,0.31113868951797485
948,full_ca_hmappo,1,1.0554437617392978,345,0.39875,0.0,0.5,0,250,0,0,0.0003961318579968065,313.42059326171875,1.3371765613555908,-2.3049613446346484e-05,0.0,0.2955244183540344
949,full_ca_hmappo,1,0.33491848227163246,345,0.508125,0.0,0.75,0,506,0,0,-0.0001360637543257326,6.325299263000488,1.4316740036010742,-4.2480263800825924e-05,0.0,0.2600969970226288
950,full_ca_hmappo,1,0.4083610331726959,345,0.715,0.0,0.75,0,762,0,0,-0.0001986582501558587,6.666958808898926,1.4418113231658936,0.0001325986086158082,0.0,0.2536875903606415
951,full_ca_hmappo,1,0.6731486786070491,346,0.024375,0.0,0.0,0,18,0,0,-8.248414087574929e-05,95.64436340332031,1.3461426496505737,0.00025101046776399016,0.0,0.3063085377216339
952,full_ca_hmappo,1,0.8981933908626161,346,0.323125,0.0,0.25,0,274,0,0,-0.00016231928020715714,192.99366760253906,1.38527250289917,-7.357758931902936e-06,0.0,0.2714862525463104
953,full_ca_hmappo,1,0.675814379221265,346,0.5225,0.125,0.375,0,530,0,0,-0.0003874612448271364,42.98429870605469,1.393834114074707,-2.148980274796486e-05,0.0,0.2768494784832001
954,full_ca_hmappo,1,0.5613653559548766,346,0.713125,0.125,0.625,0,786,0,0,2.420383316348307e-05,7.360262393951416,1.4332482814788818,7.825407374184579e-05,0.0,0.26077497005462646
955,full_ca_hmappo,1,0.5174016858763935,347,0.07375,0.0,0.0,0,42,0,0,-0.0007593560731038451,62.70634078979492,1.3586969375610352,-3.9437982195522636e-05,0.0,0.2977578043937683
956,full_ca_hmappo,1,0.974929061096816,347,0.44625,0.0,0.5,0,298,0,0,-0.00041197676910087466,122.00921630859375,1.3810123205184937,0.000321442901622504,0.0,0.2842470705509186
957,full_ca_hmappo,1,0.4489944845777245,347,0.685625,0.0,0.5,0,554,0,0,-0.0004276304389350116,7.941439628601074,1.4364871978759766,0.0004105245170649141,0.0,0.25534528493881226
958,full_ca_hmappo,1,0.326541722491811,347,0.775,0.0,0.625,0,810,0,0,-5.526902896235697e-05,4.457423210144043,1.4399402141571045,-0.00017449678853154182,0.0,0.2537614703178406
959,full_ca_hmappo,1,0.12238900982856649,348,0.04125,0.0,0.0,0,66,0,0,-0.0006256233900785446,26.990345001220703,1.404698133468628,0.0003857238625641912,0.0,0.27951908111572266
960,full_ca_hmappo,1,0.8452252585630049,348,0.4025,0.0,0.375,0,322,0,0,-0.0012350588804110885,136.64093017578125,1.367201805114746,0.0006462103920057416,0.0,0.2897012233734131
961,full_ca_hmappo,1,0.4388956797101855,348,0.501875,0.0,0.375,0,578,0,0,-0.00027594095445238054,4.984402656555176,1.4115384817123413,-1.968039896382834e-06,0.0,0.2637488842010498
962,full_ca_hmappo,1,0.4932684754803631,348,0.69625,0.0,0.5,0,834,0,0,-0.0010320780565962195,7.64589786529541,1.4471826553344727,0.0004145381972193718,0.0,0.2532925307750702
963,full_ca_hmappo,1,0.5354818083542341,349,0.060625,0.0,0.125,0,90,0,0,-0.00025792670203372836,58.50060272216797,1.3288342952728271,0.00015830031770747155,0.0,0.31465944647789
964,full_ca_hmappo,1,0.7720865555654086,349,0.415625,0.0,0.375,0,346,0,0,-4.504403841565363e-05,45.378662109375,1.3314436674118042,5.943048745393753e-05,0.0,0.2990801930427551
965,full_ca_hmappo,1,0.49936072737546056,349,0.59125,0.0,0.5,0,602,0,0,-0.0009130978723987937,8.632566452026367,1.431452751159668,0.0001263843587366864,0.0,0.25944310426712036
966,full_ca_hmappo,1,0.6929180377301236,349,0.698125,0.125,0.625,0,858,0,0,-3.2279953302349895e-05,42.355289459228516,1.4124410152435303,-0.00011526017624419183,0.0,0.26574647426605225
967,full_ca_hmappo,1,0.34411728763370775,350,0.190625,0.0,0.0,0,161,0,0,6.859687709948048e-05,159.20120239257812,1.4098858833312988,-0.00016522679652553052,0.0,0.26718640327453613
968,full_ca_hmappo,1,0.7894938635881772,350,0.434375,0.0,0.25,0,417,0,0,-0.0007206614827737212,74.53730773925781,1.353682041168213,-0.00018994789570569992,0.0,0.29326292872428894
969,full_ca_hmappo,1,0.5864185056998394,350,0.57,0.0,0.5,0,673,0,0,-0.0008990094065666199,6.563947677612305,1.3951680660247803,0.0009650895372033119,0.0,0.26290544867515564
970,full_ca_hmappo,1,0.4941506806851521,350,0.714375,0.0,0.875,0,929,0,0,-0.0024356390349566936,8.679130554199219,1.4420946836471558,0.001236210111528635,0.0,0.2536146342754364
971,full_ca_hmappo,1,0.5317960472948471,351,0.18,0.0,0.125,0,185,0,0,-0.0001827248779591173,78.73912048339844,1.3917474746704102,-6.280498200794682e-05,0.0,0.28256404399871826
972,full_ca_hmappo,1,0.8121448835227056,351,0.398125,0.125,0.375,0,441,0,0,-0.000827426090836525,73.0829086303711,1.3841842412948608,0.0002605849876999855,0.0,0.2802140712738037
973,full_ca_hmappo,1,0.5376109815830432,351,0.6275,0.125,0.625,0,697,0,0,9.055435657501221e-05,15.897721290588379,1.4365313053131104,0.00037495093420147896,0.0,0.258395254611969
974,full_ca_hmappo,1,0.3219188369839685,351,0.74375,0.125,0.625,0,953,0,0,-0.00021566575742326677,8.356548309326172,1.4469575881958008,-2.3094316929928027e-05,0.0,0.2556033134460449
975,full_ca_hmappo,1,0.5436477965849917,352,0.1925,0.0,0.25,0,209,0,0,-0.0004030854324810207,136.84182739257812,1.3323087692260742,5.507453897735104e-05,0.0,0.30982887744903564
976,full_ca_hmappo,1,0.7552237070617593,352,0.486875,0.0,0.5,0,465,0,0,-0.0005648955702781677,22.544361114501953,1.3892548084259033,-0.0002266322262585163,0.0,0.27555662393569946
977,full_ca_hmappo,1,0.6764070889275899,352,0.704375,0.125,0.75,0,721,0,0,-0.00042904913425445557,41.423736572265625,1.4371347427368164,-0.0001361124886898324,0.0,0.2523246705532074
978,full_ca_hmappo,1,0.7321829584143416,354,0.02625,0.0,0.0,0,23,0,0,-0.0001171963958768174,650.3714599609375,1.3895305395126343,-0.00031268916791304946,0.0,0.2805354595184326
979,full_ca_hmappo,1,0.9442203699800302,354,0.3525,0.0,0.375,0,279,0,0,-0.0002152528613805771,116.47213745117188,1.3788995742797852,-8.247606456279755e-05,0.0,0.27674600481987
980,full_ca_hmappo,1,0.4615836555271926,354,0.51875,0.0,0.625,0,535,0,0,6.0442835092544556e-05,5.8231611251831055,1.4436964988708496,6.574764847755432e-05,0.0,0.2526147961616516
981,full_ca_hmappo,1,0.6047972795836358,354,0.72875,0.125,0.75,0,791,0,0,-0.00013718102127313614,58.27174377441406,1.4276437759399414,-1.69676113728201e-05,0.0,0.25479695200920105
982,full_ca_hmappo,1,0.7265569951487123,355,0.28625,0.0,0.25,0,122,0,0,-0.00013760477304458618,113.83255767822266,1.3658416271209717,-6.387367466231808e-05,0.0,0.279208779335022
983,full_ca_hmappo,1,0.7033127786842215,355,0.439375,0.0,0.25,0,378,0,0,-0.0020166710019111633,11.901515007019043,1.3333604335784912,-0.0005945060402154922,0.0,0.29576587677001953
984,full_ca_hmappo,1,0.34932615023035396,355,0.5025,0.0,0.375,0,634,0,0,-0.0010109314462170005,5.080268859863281,1.442436695098877,-0.000143327604746446,0.0,0.2571777105331421
985,full_ca_hmappo,1,0.4874809370667208,355,0.701875,0.0,0.625,0,890,0,0,0.0002983628655783832,16.65299415588379,1.4595741033554077,0.0005224111373536289,0.0,0.24936728179454803
986,full_ca_hmappo,1,0.7658289869796135,357,0.17125,0.0,0.25,0,111,0,0,-0.0004237083194311708,598.4485473632812,1.2531167268753052,-0.0001974764745682478,0.0,0.3427203893661499
987,full_ca_hmappo,1,0.43949187419093505,357,0.32875,0.0,0.75,0,367,0,0,-0.0005035459762439132,27.73659324645996,1.4258863925933838,0.0005979131674394011,0.0,0.2519646883010864
988,full_ca_hmappo,1,0.3132374705451184,357,0.434375,0.0,0.75,0,623,0,0,-0.0002990017528645694,11.838623046875,1.4366424083709717,-9.178867185255513e-05,0.0,0.2544906735420227
989,full_ca_hmappo,1,0.4221244782370377,357,0.64625,0.0,0.875,0,879,0,0,-0.000786706805229187,8.911055564880371,1.4287264347076416,-0.0001966441050171852,0.0,0.25905734300613403
990,full_ca_hmappo,1,0.6716639857459086,358,0.07,0.0,0.0,0,135,0,0,-4.087885463377461e-05,90.91065979003906,1.4091978073120117,0.00038906646659597754,0.0,0.26560768485069275
991,full_ca_hmappo,1,0.7356984401048976,359,0.099375,0.0,0.0,0,70,0,0,-3.955823922296986e-05,335.17315673828125,1.357764720916748,0.00014425581321120262,0.0,0.29606109857559204
992,full_ca_hmappo,1,0.9868394563200127,359,0.485,0.0,0.625,0,326,0,0,-0.00019082070502918214,84.11019897460938,1.3003742694854736,-1.8156755686504766e-05,0.0,0.3116171658039093
993,full_ca_hmappo,1,0.47439854929871217,359,0.60125,0.0,0.875,0,582,0,0,-0.0017754212021827698,4.571228981018066,1.4294594526290894,0.00020710185344796628,0.0,0.25803518295288086
994,full_ca_hmappo,1,0.4902311247196849,359,0.714375,0.0,1.0,0,838,0,0,-0.001918656169436872,6.4203033447265625,1.4215600490570068,0.001251342473551631,0.0,0.2583565413951874
995,full_ca_hmappo,1,0.8979047581906343,360,0.215625,0.0,0.25,0,94,0,0,0.0004359278827905655,172.8465576171875,1.2938141822814941,-1.4183655366650783e-05,0.0,0.320592999458313
996,full_ca_hmappo,1,0.49110916690551676,360,0.370625,0.0,0.25,0,350,0,0,-0.0008266838267445564,11.71313762664795,1.423134207725525,-0.0007422887720167637,0.0,0.2624683976173401
997,full_ca_hmappo,1,0.48325843256861845,360,0.525625,0.0,0.5,0,606,0,0,-0.000361130281817168,6.644097328186035,1.4378623962402344,0.00021078081044834107,0.0,0.25624510645866394
998,full_ca_hmappo,1,0.3894669057808642,362,0.020625,0.0,0.0,0,26,0,0,-0.0005977175896987319,559.6986083984375,1.394982099533081,-0.00030120922019705176,0.0,0.28673774003982544
999,full_ca_hmappo,1,0.4087387385952752,363,0.28875,0.0,0.125,0,235,0,0,-0.00012012136721750721,378.1758117675781,1.3114597797393799,1.52963912114501e-05,0.0,0.3269146680831909
1000,full_ca_hmappo,1,0.9035479402373312,363,0.459375,0.0,0.375,0,491,0,0,-0.00018831156194210052,51.18901824951172,1.3166054487228394,-0.00024412976927123964,0.0,0.3082534968852997
