update,ablation,scenario,rollout_reward_mean,episode_count,coverage_ratio,inspection_success_rate,target_detection_rate,mission_success,mission_time,collision_count,invalid_action_count,policy_loss,value_loss,entropy,approx_kl,clip_fraction,mean_action_probability
1,guidance_0_capability_0_safety_1,1,-0.2402441432022897,1,0.0325,0.0,0.0,0,197,0,0,-0.0063546197488904,68.68269348144531,1.7188243865966797,0.001812267815694213,0.0,0.18611133098602295
2,guidance_0_capability_0_safety_1,1,-0.4597753960733826,3,0.021875,0.0,0.0,0,185,0,0,-0.00043979909969493747,85.13227844238281,1.6944864988327026,-0.00046751610352657735,0.0,0.19145503640174866
3,guidance_0_capability_0_safety_1,1,-0.7981835967184452,8,0.0425,0.0,0.0,0,59,0,0,-0.004135990049690008,184.4831085205078,1.7056453227996826,0.0029293799307197332,0.0,0.1887919157743454
4,guidance_0_capability_0_safety_1,1,-0.6938671963471279,13,0.013125,0.0,0.0,0,42,0,0,-0.004054021090269089,179.5202178955078,1.726065993309021,0.003236395074054599,0.0,0.18638360500335693
5,guidance_0_capability_0_safety_1,1,-0.6579394658765523,16,0.02125,0.0,0.0,0,89,0,0,-0.0011479284148663282,119.5325698852539,1.6765168905258179,0.0003772815689444542,0.0,0.19620630145072937
6,guidance_0_capability_0_safety_1,1,-0.6227734467647679,18,0.010625,0.0,0.0,0,11,0,0,-0.000538098975084722,137.16238403320312,1.6881160736083984,-0.0013045442756265402,0.0,0.19425833225250244
7,guidance_0_capability_0_safety_1,1,-0.31750976277544396,19,0.038125,0.0,0.0,0,115,0,0,-0.0022558504715561867,78.71049499511719,1.6578700542449951,0.002085721818730235,0.0,0.20125840604305267
8,guidance_0_capability_0_safety_1,1,-0.3590429608047998,21,0.038125,0.0,0.0,0,41,0,0,-0.001721290871500969,89.07681274414062,1.6537411212921143,0.00036923805600963533,0.0,0.21203278005123138
9,guidance_0_capability_0_safety_1,1,-0.4666699302542838,23,0.0175,0.0,0.0,0,92,0,0,-0.0018163872882723808,95.02432250976562,1.6521241664886475,0.0022462138440459967,0.0,0.20788657665252686
10,guidance_0_capability_0_safety_1,1,-0.7122070395198534,26,0.025,0.0,0.0,0,128,0,0,-0.0012411121279001236,172.85275268554688,1.6654517650604248,-0.001840036828070879,0.0,0.20414182543754578
11,guidance_0_capability_0_safety_1,1,-0.37680663551509497,28,0.056875,0.0,0.0,0,45,0,0,-0.0019614300690591335,79.65076446533203,1.6657216548919678,0.0014203314203768969,0.0,0.20476649701595306
12,guidance_0_capability_0_safety_1,1,-0.1394531223049853,29,0.094375,0.0,0.25,0,149,0,0,-0.003834514645859599,45.79325485229492,1.630670428276062,-0.0009847601177170873,0.0,0.21265080571174622
13,guidance_0_capability_0_safety_1,1,-0.40999023156109615,31,0.026875,0.0,0.0,0,68,0,0,-0.001780706807039678,74.94439697265625,1.620922565460205,0.0020508477464318275,0.0,0.2157786786556244
14,guidance_0_capability_0_safety_1,1,-0.3982129033356614,34,0.033125,0.0,0.0,0,30,0,0,-0.0005675827851518989,83.40646362304688,1.6577023267745972,0.0005259285098873079,0.0,0.20945537090301514
15,guidance_0_capability_0_safety_1,1,-0.4808984304399928,37,0.006875,0.0,0.0,0,11,0,0,-0.0012899476569145918,119.69544982910156,1.6790111064910889,0.00017037149518728256,0.0,0.204173743724823
16,guidance_0_capability_0_safety_1,1,-0.38116209908912424,40,0.05125,0.0,0.125,0,58,0,0,-0.002771874889731407,85.23788452148438,1.6590468883514404,0.0009026444749906659,0.0,0.20297026634216309
17,guidance_0_capability_0_safety_1,1,-0.7312988134617626,44,0.01,0.0,0.0,0,4,0,0,-4.7399043978657573e-05,139.3080596923828,1.6562211513519287,-0.00015967324725352228,0.0,0.20820888876914978
18,guidance_0_capability_0_safety_1,1,0.08179687322990503,44,0.28875,0.0,0.25,0,260,0,0,-0.0037678456865251064,23.58431625366211,1.6581990718841553,0.00012726352724712342,0.0,0.20709514617919922
19,guidance_0_capability_0_safety_1,1,-0.25749999625986675,45,0.026875,0.0,0.0,0,169,0,0,-0.0044890656135976315,33.36417770385742,1.662959098815918,0.0014117506798356771,0.0,0.20250222086906433
20,guidance_0_capability_0_safety_1,1,-0.01849609040073119,46,0.065,0.0,0.0,0,38,0,0,-0.005211870651692152,41.29156494140625,1.6604671478271484,-0.0021556715946644545,0.0,0.2094985842704773
21,guidance_0_capability_0_safety_1,1,-0.1440917999461817,48,0.180625,0.0,0.25,0,114,0,0,-0.004547921475023031,61.96131896972656,1.6632980108261108,-0.001304596196860075,0.0,0.2050008475780487
22,guidance_0_capability_0_safety_1,1,-0.08021484383061761,49,0.01625,0.0,0.0,0,60,0,0,-0.006222512573003769,28.011510848999023,1.6390101909637451,0.0017994476947933435,0.0,0.21410898864269257
23,guidance_0_capability_0_safety_1,1,-0.08496094119618647,50,0.155,0.0,0.25,0,173,0,0,-0.00343911862000823,30.444026947021484,1.6354596614837646,-0.00253299786709249,0.0,0.21750923991203308
24,guidance_0_capability_0_safety_1,1,-0.02560546865061042,50,0.264375,0.0,0.25,0,429,0,0,-0.004886540584266186,9.957235336303711,1.6196327209472656,0.008104796521365643,0.0,0.21631744503974915
25,guidance_0_capability_0_safety_1,1,0.11785157288977643,50,0.403125,0.125,0.25,0,685,0,0,-0.003757091937586665,34.43380355834961,1.6131848096847534,0.006911871954798698,0.0,0.21431100368499756
26,guidance_0_capability_0_safety_1,1,0.11185547943387064,50,0.464375,0.25,0.375,0,941,0,0,-0.0012001916766166687,27.77422332763672,1.6066770553588867,-0.0012258951319381595,0.0,0.2277943342924118
27,guidance_0_capability_0_safety_1,1,0.10384765625713044,51,0.17875,0.0,0.125,0,197,0,0,-0.0004592423210851848,10.046528816223145,1.5259345769882202,0.0005378345958888531,0.0,0.2520843744277954
28,guidance_0_capability_0_safety_1,1,0.13018554658629,51,0.41625,0.0,0.25,0,453,0,0,-0.0014542918652296066,10.462646484375,1.5203555822372437,-0.000469844788312912,0.0,0.25747156143188477
29,guidance_0_capability_0_safety_1,1,0.20649414825675194,51,0.491875,0.25,0.25,0,709,0,0,-0.0015607904642820358,57.341426849365234,1.5274451971054077,0.001109860255382955,0.0,0.25494667887687683
30,guidance_0_capability_0_safety_1,1,-0.05221679506576038,51,0.521875,0.25,0.25,0,965,0,0,-0.00311822397634387,1.933221697807312,1.416123390197754,0.004593011923134327,0.0,0.29583030939102173
31,guidance_0_capability_0_safety_1,1,0.22041015523063834,52,0.24125,0.125,0.125,0,221,0,0,-0.0003342827258165926,37.477630615234375,1.3993319272994995,0.0010474580340087414,0.0,0.3155597448348999
32,guidance_0_capability_0_safety_1,1,0.15381836122833192,52,0.351875,0.25,0.375,0,477,0,0,-0.002654619514942169,32.056846618652344,1.5238274335861206,0.0019067383836954832,0.0,0.2539740204811096
33,guidance_0_capability_0_safety_1,1,-0.014101562643190846,52,0.375,0.25,0.375,0,733,0,0,-0.007773531135171652,0.3801417946815491,1.4925124645233154,0.003133349120616913,0.0,0.2690887451171875
34,guidance_0_capability_0_safety_1,1,0.04243164000217803,52,0.4625,0.25,0.625,0,989,0,0,-0.0032817907631397247,4.570507049560547,1.4059946537017822,-0.0021693657618016005,0.0,0.3149436414241791
35,guidance_0_capability_0_safety_1,1,0.012958981282281457,53,0.22125,0.0,0.125,0,245,0,0,-0.0028465900104492903,8.93614387512207,1.372780203819275,0.0020203515887260437,0.0,0.3236865699291229
36,guidance_0_capability_0_safety_1,1,0.034541015349532245,53,0.331875,0.0,0.125,0,501,0,0,-0.0012720441445708275,2.0366368293762207,1.4598109722137451,0.005269192159175873,0.0,0.29182153940200806
37,guidance_0_capability_0_safety_1,1,-0.011474609291326487,53,0.3925,0.0,0.25,0,757,0,0,-0.010362393222749233,2.5030341148376465,1.4233478307724,0.007836596108973026,0.0,0.2994178831577301
38,guidance_0_capability_0_safety_1,1,-0.011220703265280463,54,0.02,0.0,0.0,0,13,0,0,-0.006429731380194426,0.24401475489139557,1.3285815715789795,0.008145319297909737,0.1106770858168602,0.3457798361778259
39,guidance_0_capability_0_safety_1,1,0.22978515670911293,54,0.37,0.0,0.625,0,269,0,0,0.00023758008319418877,27.620197296142578,1.3067278861999512,0.0006536675500683486,0.0,0.3609994351863861
40,guidance_0_capability_0_safety_1,1,0.09686523306299932,54,0.41375,0.125,0.75,0,525,0,0,-0.002359920646995306,21.37031364440918,1.3388155698776245,-0.002521710004657507,0.0,0.34346041083335876
41,guidance_0_capability_0_safety_1,1,-0.01663085959444288,54,0.45,0.125,0.75,0,781,0,0,-0.00035533931804820895,0.2897723317146301,1.3527759313583374,0.0008190156659111381,0.0,0.350760281085968
42,guidance_0_capability_0_safety_1,1,0.013222655779827619,55,0.0525,0.0,0.0,0,37,0,0,-0.004126688465476036,0.822083592414856,1.3632152080535889,0.0010835619177669287,0.0,0.3452998995780945
43,guidance_0_capability_0_safety_1,1,0.14939453257829882,55,0.28,0.0,0.625,0,293,0,0,-0.0011574001982808113,12.210000038146973,1.3931291103363037,0.006752797868102789,0.0,0.3238619565963745
44,guidance_0_capability_0_safety_1,1,0.07087890611728653,55,0.30125,0.125,0.625,0,549,0,0,0.0008365983958356082,19.41756248474121,1.4376510381698608,0.0006375977536663413,0.0,0.2878578305244446
45,guidance_0_capability_0_safety_1,1,-0.023769531777361408,55,0.326875,0.125,0.625,0,805,0,0,-0.005294767674058676,0.2592070996761322,1.4602515697479248,0.00023429282009601593,0.0,0.29400163888931274
46,guidance_0_capability_0_safety_1,1,0.05801757687004283,56,0.09375,0.0,0.0,0,61,0,0,-0.0029130512848496437,2.6743781566619873,1.4536584615707397,0.004774868488311768,0.0,0.29715946316719055
47,guidance_0_capability_0_safety_1,1,0.10395507751672994,56,0.29,0.0,0.375,0,317,0,0,-0.0014794770395383239,8.888134002685547,1.480028510093689,0.0001647529861656949,0.0,0.2803586423397064
48,guidance_0_capability_0_safety_1,1,0.0016601557581452653,56,0.3375,0.0,0.5,0,573,0,0,-0.007781835272908211,1.228314995765686,1.5132558345794678,0.00045128510100767016,0.0,0.2682107090950012
49,guidance_0_capability_0_safety_1,1,0.06722656261263182,56,0.501875,0.0,0.5,0,829,0,0,-0.0037957592867314816,3.2970542907714844,1.5234391689300537,0.006428713910281658,0.0,0.25043511390686035
50,guidance_0_capability_0_safety_1,1,0.3403613240807317,57,0.174375,0.0,0.125,0,85,0,0,1.259210239368258e-05,71.4642333984375,1.4985570907592773,0.0005247085355222225,0.0,0.26177725195884705
51,guidance_0_capability_0_safety_1,1,0.2091894643890555,57,0.378125,0.125,0.375,0,341,0,0,-0.0016883400967344642,27.040203094482422,1.5019547939300537,0.0013947824481874704,0.0,0.2613646686077118
52,guidance_0_capability_0_safety_1,1,0.0917480566422455,57,0.424375,0.25,0.375,0,597,0,0,-0.002500772476196289,19.1783447265625,1.5179214477539062,0.0014974616933614016,0.0,0.2528599500656128
53,guidance_0_capability_0_safety_1,1,0.006015624872816261,57,0.45875,0.25,0.5,0,853,0,0,-0.0014300694456323981,1.1695252656936646,1.537341833114624,0.0012468413915485144,0.0,0.2451707124710083
54,guidance_0_capability_0_safety_1,1,0.103154296935827,58,0.175,0.0,0.375,0,109,0,0,-0.0027515683323144913,12.284460067749023,1.5212466716766357,0.002182531636208296,0.0,0.2550138831138611
55,guidance_0_capability_0_safety_1,1,0.358720701362472,58,0.31625,0.375,0.5,0,365,0,0,0.0005114631494507194,66.59974670410156,1.5370290279388428,-0.001541641540825367,0.0,0.24961428344249725
56,guidance_0_capability_0_safety_1,1,-0.021367187811847543,58,0.335,0.375,0.5,0,621,0,0,-0.0004746541380882263,0.9265493154525757,1.542118787765503,-0.0010507742408663034,0.0,0.2493867129087448
57,guidance_0_capability_0_safety_1,1,-0.1357128905438003,59,0.023125,0.0,0.0,0,10,0,0,-0.00044282464659772813,43.94681930541992,1.5425589084625244,0.00019844574853777885,0.0,0.24565109610557556
58,guidance_0_capability_0_safety_1,1,0.29707032411533874,59,0.33375,0.125,0.625,0,266,0,0,-0.00024061650037765503,48.325775146484375,1.5246528387069702,-0.000143849611049518,0.0,0.25382494926452637
59,guidance_0_capability_0_safety_1,1,0.012148437283030944,59,0.410625,0.125,0.625,0,522,0,0,-0.002325845416635275,0.1830500364303589,1.5508995056152344,-0.0008633312536403537,0.0,0.2458011507987976
60,guidance_0_capability_0_safety_1,1,-0.012265625278814696,59,0.428125,0.125,0.625,0,778,0,0,-0.005141490139067173,0.3779807984828949,1.5644181966781616,0.0034726045560091734,0.0,0.2438896894454956
61,guidance_0_capability_0_safety_1,1,-0.2191211064782692,62,0.39,0.0,0.5,0,201,0,0,0.0027935057878494263,145.63616943359375,1.5322402715682983,0.0007106037228368223,0.0,0.24673613905906677
62,guidance_0_capability_0_safety_1,1,0.03647460934735136,62,0.535625,0.0,0.5,0,457,0,0,-0.007799206301569939,2.024121046066284,1.533531665802002,0.0059285275638103485,0.0,0.2514640986919403
63,guidance_0_capability_0_safety_1,1,0.0034277344784641173,62,0.585625,0.0,0.625,0,713,0,0,-0.00879071094095707,1.8467416763305664,1.536317229270935,-0.0023442788515239954,0.0377604179084301,0.25089555978775024
64,guidance_0_capability_0_safety_1,1,0.07593749893567292,62,0.755,0.0,0.875,0,969,0,0,-0.002252548700198531,4.348161697387695,1.5003678798675537,0.00483972392976284,0.0026041667442768812,0.2618606686592102
65,guidance_0_capability_0_safety_1,1,0.48170898059834144,63,0.35625,0.375,0.0,0,225,0,0,0.0012785166036337614,131.93597412109375,1.466253638267517,0.004015526734292507,0.0,0.271869957447052
66,guidance_0_capability_0_safety_1,1,0.14280273297481472,63,0.595,0.375,0.25,0,481,0,0,-0.0035682860761880875,8.016035079956055,1.470356822013855,0.0010952679440379143,0.0,0.279606431722641
67,guidance_0_capability_0_safety_1,1,0.06388670691376319,64,0.345625,0.0,0.25,0,210,0,0,-0.0010467951651662588,54.37400817871094,1.4571460485458374,-0.0006986684165894985,0.0,0.2774522304534912
68,guidance_0_capability_0_safety_1,1,0.1265527328796452,64,0.576875,0.0,0.375,0,466,0,0,-0.0005126220057718456,5.206027030944824,1.4800137281417847,0.0012332957703620195,0.0,0.2788707911968231
69,guidance_0_capability_0_safety_1,1,-0.08606446148769464,65,0.128125,0.0,0.375,0,53,0,0,-0.0006164598162285984,72.11712646484375,1.4303169250488281,0.0007696853717789054,0.0,0.29991593956947327
70,guidance_0_capability_0_safety_1,1,0.22796874742925866,65,0.5325,0.0,0.5,0,309,0,0,-0.0003015563706867397,11.609481811523438,1.4217485189437866,0.00014082125562708825,0.0,0.29387447237968445
71,guidance_0_capability_0_safety_1,1,0.06818358872260433,65,0.65875,0.125,0.5,0,565,0,0,-0.0030551603995263577,25.876144409179688,1.4429725408554077,3.4784432500600815e-05,0.0,0.28883081674575806
72,guidance_0_capability_0_safety_1,1,0.014667963198007783,65,0.809375,0.125,0.75,0,821,0,0,-0.003260751022025943,10.639018058776855,1.4529876708984375,0.0005139366257935762,0.0,0.28472834825515747
73,guidance_0_capability_0_safety_1,1,0.00869140511349542,66,0.09125,0.0,0.0,0,77,0,0,-0.002542112721130252,3.5875611305236816,1.4515141248703003,0.00018894110689871013,0.0,0.28761786222457886
74,guidance_0_capability_0_safety_1,1,0.2621679644653341,66,0.424375,0.125,0.125,0,333,0,0,-0.0003838384000118822,41.088748931884766,1.4700536727905273,-0.000308494723867625,0.0,0.28432929515838623
75,guidance_0_capability_0_safety_1,1,0.11930663717794232,66,0.538125,0.25,0.125,0,589,0,0,-0.006675805896520615,6.056110382080078,1.4780434370040894,0.0026196553371846676,0.0013020833721384406,0.27433109283447266
76,guidance_0_capability_0_safety_1,1,0.0767578086888534,66,0.7175,0.25,0.625,0,845,0,0,0.0003692852333188057,11.774646759033203,1.4447085857391357,-0.0025414545089006424,0.0,0.2994953989982605
77,guidance_0_capability_0_safety_1,1,0.12055663960200036,67,0.184375,0.0,0.25,0,101,0,0,0.0005236572469584644,9.075569152832031,1.4295759201049805,0.00016664531722199172,0.0,0.29958492517471313
78,guidance_0_capability_0_safety_1,1,0.32986328488914296,67,0.45625,0.25,0.25,0,357,0,0,0.0004595015197992325,90.837890625,1.3626993894577026,-0.00043839419959113,0.0,0.3280056118965149
79,guidance_0_capability_0_safety_1,1,0.1467089790312457,67,0.63,0.375,0.375,0,613,0,0,2.6404857635498047e-05,23.002975463867188,1.395223617553711,-0.000756610359530896,0.0,0.31468871235847473
80,guidance_0_capability_0_safety_1,1,0.03822265213239007,67,0.820625,0.375,0.625,0,869,0,0,-0.002292937133461237,8.745670318603516,1.3152176141738892,-0.0011655635898932815,0.0,0.33981332182884216
81,guidance_0_capability_0_safety_1,1,0.1406445297106984,68,0.238125,0.0,0.25,0,125,0,0,0.0008579635759815574,9.747766494750977,1.3587558269500732,0.0007163779810070992,0.0,0.3227768838405609
82,guidance_0_capability_0_safety_1,1,0.11351562540585292,68,0.474375,0.0,0.375,0,381,0,0,-0.0005745990201830864,4.154394149780273,1.4068098068237305,0.0002665861393325031,0.0,0.30128464102745056
83,guidance_0_capability_0_safety_1,1,0.07498048162597115,69,0.100625,0.0,0.0,0,52,0,0,-0.0018757765647023916,68.54596710205078,1.4064092636108398,-0.00014324532821774483,0.0,0.30547085404396057
84,guidance_0_capability_0_safety_1,1,0.39707030991849024,69,0.44625,0.25,0.25,0,308,0,0,-0.000240456938627176,72.03645324707031,1.3842313289642334,0.0017168408958241343,0.0,0.3169090449810028
85,guidance_0_capability_0_safety_1,1,0.16190429049311206,69,0.604375,0.375,0.625,0,564,0,0,-0.00049641914665699,22.081743240356445,1.3984936475753784,0.0008141921716742218,0.0,0.3078646659851074
86,guidance_0_capability_0_safety_1,1,-0.07127930310889496,69,0.70625,0.375,0.625,0,820,0,0,-0.0009558915044181049,7.322315692901611,1.3236210346221924,-0.0007065589888952672,0.0,0.32411038875579834
87,guidance_0_capability_0_safety_1,1,0.005400386631663423,70,0.09875,0.0,0.25,0,76,0,0,-0.0002891806361731142,8.873617172241211,1.3859212398529053,0.0002002652472583577,0.0,0.29654794931411743
88,guidance_0_capability_0_safety_1,1,0.12328124859413947,70,0.34375,0.0,0.375,0,332,0,0,-0.0005612531676888466,4.717463493347168,1.4518455266952515,0.0007468485273420811,0.0,0.28363320231437683
89,guidance_0_capability_0_safety_1,1,-0.059238278918201104,71,0.011875,0.0,0.0,0,5,0,0,-0.0006261772359721363,52.5660400390625,1.4030053615570068,-0.0001505744585301727,0.0,0.301858514547348
90,guidance_0_capability_0_safety_1,1,0.15736327847844223,71,0.319375,0.0,0.0,0,261,0,0,-0.0006783611024729908,5.806609630584717,1.4269218444824219,0.00017151811334770173,0.0,0.28811079263687134
91,guidance_0_capability_0_safety_1,1,0.1729296846278885,71,0.61125,0.0,0.5,0,517,0,0,-0.00020002759993076324,6.932034015655518,1.4580968618392944,0.00018213698058389127,0.0,0.2834666669368744
92,guidance_0_capability_0_safety_1,1,-0.06565430020418717,72,0.16625,0.0,0.0,0,71,0,0,-0.0010662050917744637,77.24784851074219,1.3939666748046875,0.00021977063443046063,0.0,0.3118026852607727
93,guidance_0_capability_0_safety_1,1,0.48722657092730515,72,0.48375,0.375,0.375,0,327,0,0,0.0004756450653076172,83.94219970703125,1.409758448600769,-1.2444332242012024e-05,0.0,0.3003526031970978
94,guidance_0_capability_0_safety_1,1,0.05445312393567292,72,0.6175,0.375,0.5,0,583,0,0,-0.005463204812258482,3.2888731956481934,1.4209096431732178,0.0013228913303464651,0.0,0.2886190712451935
95,guidance_0_capability_0_safety_1,1,0.08260742163838586,72,0.77,0.375,0.75,0,839,0,0,-0.000665612518787384,1.27809739112854,1.4303706884384155,0.0006276917411014438,0.0,0.28013139963150024
96,guidance_0_capability_0_safety_1,1,0.12360352244286332,73,0.1475,0.125,0.125,0,95,0,0,-0.000857170089147985,36.958744049072266,1.36691415309906,-0.0005947101744823158,0.0,0.32029736042022705
97,guidance_0_capability_0_safety_1,1,0.28630858999531483,73,0.44875,0.25,0.5,0,351,0,0,-0.0004348916409071535,44.03131103515625,1.3733301162719727,0.0016995593905448914,0.0,0.31395894289016724
98,guidance_0_capability_0_safety_1,1,0.04872070266355877,73,0.57875,0.25,0.5,0,607,0,0,-0.0028592138551175594,2.5955047607421875,1.3611609935760498,0.0004900473868474364,0.0,0.31881409883499146
99,guidance_0_capability_0_safety_1,1,0.08688476467796136,73,0.763125,0.25,0.875,0,863,0,0,-0.003165260888636112,2.869008779525757,1.3303329944610596,0.0011517496313899755,0.0,0.3318024277687073
100,guidance_0_capability_0_safety_1,1,0.052304685857961886,74,0.151875,0.0,0.0,0,119,0,0,-0.004966050386428833,4.526070594787598,1.3375368118286133,0.0011674987617880106,0.0,0.32458823919296265
101,guidance_0_capability_0_safety_1,1,0.14781249655788997,74,0.465625,0.0,0.5,0,375,0,0,-0.00021138042211532593,17.814563751220703,1.3546438217163086,0.002321947133168578,0.0,0.3299141526222229
102,guidance_0_capability_0_safety_1,1,0.0005859367229277268,74,0.535,0.0,0.5,0,631,0,0,-0.0005373155581764877,3.406507730484009,1.326629877090454,-0.00030850767507217824,0.0,0.344513863325119
103,guidance_0_capability_0_safety_1,1,0.010624999442370608,74,0.598125,0.0,0.625,0,887,0,0,-8.156181866070256e-05,1.5612537860870361,1.2834115028381348,-0.0007447948446497321,0.0,0.3849439024925232
104,guidance_0_capability_0_safety_1,1,0.10048828003345989,75,0.201875,0.0,0.125,0,143,0,0,-0.0011691383551806211,5.569035530090332,1.3379688262939453,0.000711557106114924,0.0,0.3489904999732971
105,guidance_0_capability_0_safety_1,1,0.3455078078513907,76,0.448125,0.25,0.375,0,222,0,0,0.0004005904193036258,136.60610961914062,1.2834781408309937,0.0004965856205672026,0.0,0.3649624288082123
106,guidance_0_capability_0_safety_1,1,0.13347656196856406,76,0.70625,0.25,0.5,0,478,0,0,-0.0005621839081868529,4.905142784118652,1.2787950038909912,0.0004187363083474338,0.0,0.35875314474105835
107,guidance_0_capability_0_safety_1,1,0.053349608402641024,76,0.835,0.25,0.625,0,734,0,0,-0.0036198380403220654,1.5213171243667603,1.2618463039398193,-0.002537180669605732,0.0,0.3929382264614105
108,guidance_0_capability_0_safety_1,1,0.009101562089199433,76,0.865625,0.25,0.875,0,990,0,0,-0.0009632036089897156,1.2905983924865723,1.3188157081604004,0.001042128773406148,0.0,0.35655325651168823
109,guidance_0_capability_0_safety_1,1,0.2176953200432763,77,0.215625,0.125,0.125,0,246,0,0,0.00047380663454532623,22.68359375,1.2611615657806396,-0.0009109053644351661,0.0,0.3722938001155853
110,guidance_0_capability_0_safety_1,1,0.0005371082661440596,78,0.176875,0.0,0.0,0,180,0,0,0.0008133196970447898,46.45269012451172,1.1730152368545532,0.0002256256266264245,0.0,0.42112216353416443
111,guidance_0_capability_0_safety_1,1,0.18942382796740276,78,0.4975,0.0,0.25,0,436,0,0,-0.00028377058333717287,7.366140365600586,1.2040736675262451,-0.0006261520902626216,0.0,0.39921876788139343
112,guidance_0_capability_0_safety_1,1,0.039023436980642145,78,0.605625,0.0,0.25,0,692,0,0,-0.002712594112381339,0.7099531888961792,1.234143614768982,0.000987071543931961,0.0,0.4140110909938812
113,guidance_0_capability_0_safety_1,1,0.16007812983298209,79,0.149375,0.125,0.125,0,104,0,0,0.0007262751460075378,74.47570037841797,1.3046596050262451,0.0004530875012278557,0.0,0.3786492943763733
114,guidance_0_capability_0_safety_1,1,0.1405664124758914,79,0.33375,0.25,0.375,0,360,0,0,-0.00131196528673172,22.473642349243164,1.3103861808776855,0.0014903766568750143,0.0,0.3692314624786377
115,guidance_0_capability_0_safety_1,1,0.06892578030965524,79,0.495625,0.25,0.5,0,616,0,0,-0.004423077218234539,5.208106994628906,1.3137683868408203,0.00029957061633467674,0.0,0.3704340159893036
116,guidance_0_capability_0_safety_1,1,0.035712890330614755,79,0.609375,0.25,0.5,0,872,0,0,-0.004541781730949879,0.8397767543792725,1.387749433517456,0.0029297713190317154,0.0,0.3411499261856079
117,guidance_0_capability_0_safety_1,1,0.09766601261799224,80,0.22875,0.0,0.125,0,128,0,0,-0.002029574476182461,8.933588027954102,1.348517894744873,0.007969867438077927,0.01953125,0.3320915400981903
118,guidance_0_capability_0_safety_1,1,0.30999999886989826,80,0.54125,0.125,0.625,0,384,0,0,0.0031587257981300354,59.46284103393555,1.3851426839828491,0.0006917917053215206,0.0,0.32338035106658936
119,guidance_0_capability_0_safety_1,1,0.05339843700858182,80,0.6775,0.125,0.625,0,640,0,0,-0.0005987081676721573,1.1820125579833984,1.4147052764892578,0.0018621126655489206,0.0,0.3121890425682068
120,guidance_0_capability_0_safety_1,1,0.014150389368296601,80,0.729375,0.125,0.75,0,896,0,0,-0.0020419652573764324,0.8350632190704346,1.429351806640625,0.000848992436658591,0.0,0.30647093057632446
121,guidance_0_capability_0_safety_1,1,0.10586913676525,81,0.2525,0.125,0.375,0,180,0,0,8.201319724321365e-05,67.28583526611328,1.3851678371429443,-0.0011881780810654163,0.0,0.31693682074546814
122,guidance_0_capability_0_safety_1,1,0.19358398029362434,81,0.555,0.125,0.75,0,436,0,0,-0.00022035278379917145,12.549491882324219,1.4047417640686035,2.5877574444166385e-05,0.0,0.3292055130004883
123,guidance_0_capability_0_safety_1,1,0.10123047236265847,82,0.398125,0.0,0.25,0,252,0,0,-0.00021555151033680886,26.569717407226562,1.3259775638580322,9.332410991191864e-05,0.0,0.36530575156211853
124,guidance_0_capability_0_safety_1,1,0.12375976509065367,82,0.58125,0.0,0.625,0,508,0,0,-0.000928518536966294,5.669447422027588,1.4576795101165771,0.0005836673080921173,0.0,0.29646188020706177
125,guidance_0_capability_0_safety_1,1,-0.021972656726575224,82,0.5825,0.0,0.625,0,764,0,0,-0.0026495736092329025,0.9348628520965576,1.393040657043457,-0.0004262336005922407,0.0,0.3274277448654175
126,guidance_0_capability_0_safety_1,1,0.045507813218137017,83,0.275,0.0,0.25,0,137,0,0,-0.00039729353738948703,47.186851501464844,1.4565585851669312,-1.7237229258171283e-05,0.0,0.28871870040893555
127,guidance_0_capability_0_safety_1,1,0.5839648624278198,83,0.456875,0.625,0.375,0,393,0,0,-0.0002854435588233173,130.00306701660156,1.4602165222167969,0.00021820019173901528,0.0,0.29249006509780884
128,guidance_0_capability_0_safety_1,1,0.02713867323109298,84,0.23625,0.0,0.25,0,162,0,0,-0.0005034671048633754,48.881919860839844,1.471096396446228,0.00046747567830607295,0.0,0.2966354489326477
129,guidance_0_capability_0_safety_1,1,0.30057617181228125,84,0.565,0.125,0.625,0,418,0,0,-0.00018909014761447906,30.18854331970215,1.4754693508148193,-0.00055254518520087,0.0,0.27640530467033386
130,guidance_0_capability_0_safety_1,1,0.02921874835010385,84,0.689375,0.125,0.875,0,674,0,0,-0.0013177467044442892,5.308999061584473,1.4802812337875366,0.0004535123589448631,0.0,0.29039549827575684
131,guidance_0_capability_0_safety_1,1,0.009150388435955392,84,0.77125,0.125,0.875,0,930,0,0,-0.00442639272660017,1.7523295879364014,1.4859927892684937,0.00119682215154171,0.0,0.28567034006118774
132,guidance_0_capability_0_safety_1,1,0.17080077964783413,85,0.330625,0.0,0.125,0,186,0,0,-0.0021261656656861305,5.263543128967285,1.3777859210968018,0.0034668156877160072,0.0,0.3168802857398987
133,guidance_0_capability_0_safety_1,1,0.14936522177231382,85,0.47,0.125,0.25,0,442,0,0,-0.0008605718612670898,20.991744995117188,1.3700631856918335,0.00019959011115133762,0.0,0.33855825662612915
134,guidance_0_capability_0_safety_1,1,-0.01897461016778834,85,0.545,0.125,0.375,0,698,0,0,-0.0024534198455512524,5.0737714767456055,1.4150102138519287,0.0005885089049115777,0.0,0.30968672037124634
135,guidance_0_capability_0_safety_1,1,0.09665038876846666,86,0.313125,0.0,0.5,0,144,0,0,-0.0011286847293376923,45.72805404663086,1.3669770956039429,0.0011008621659129858,0.0,0.3250656723976135
136,guidance_0_capability_0_safety_1,1,0.24687500427171472,86,0.46875,0.25,0.625,0,400,0,0,-0.0001536763011245057,46.57209777832031,1.35780930519104,0.00033280704519711435,0.0,0.3238094747066498
137,guidance_0_capability_0_safety_1,1,-0.03092773504977231,86,0.479375,0.25,0.625,0,656,0,0,-6.221979856491089e-05,0.9524180889129639,1.3047199249267578,0.00012097787111997604,0.0,0.36753103137016296
138,guidance_0_capability_0_safety_1,1,0.052333983843709575,86,0.599375,0.25,0.75,0,912,0,0,-0.0003732256591320038,3.721277952194214,1.3466804027557373,0.00020257523283362389,0.0,0.3555465638637543
139,guidance_0_capability_0_safety_1,1,0.14654296925800736,87,0.245625,0.0,0.125,0,168,0,0,-0.000466679543023929,5.094862461090088,1.3521621227264404,0.00010357564315199852,0.0,0.3324717879295349
140,guidance_0_capability_0_safety_1,1,0.047783201898710104,87,0.409375,0.0,0.375,0,424,0,0,-0.0009860725840553641,9.710283279418945,1.3353456258773804,0.0008477011579088867,0.0,0.3442257046699524
141,guidance_0_capability_0_safety_1,1,0.009873047347355168,88,0.125,0.125,0.0,0,109,0,0,-0.0016536861658096313,50.42856979370117,1.3628838062286377,0.0003963603521697223,0.0,0.32390689849853516
142,guidance_0_capability_0_safety_1,1,0.24996093035588274,88,0.373125,0.25,0.25,0,365,0,0,-0.00026265502674505115,39.50162124633789,1.344099760055542,0.00029592326609417796,0.0,0.3462998867034912
143,guidance_0_capability_0_safety_1,1,-0.05135741858975962,90,0.33875,0.0,0.5,0,153,0,0,-0.0004349416121840477,118.19462585449219,1.3156242370605469,-0.0006689600413665175,0.0,0.3350447118282318
144,guidance_0_capability_0_safety_1,1,0.14983398318872787,90,0.54875,0.125,0.5,0,409,0,0,-5.123826667841058e-06,39.106224060058594,1.2163591384887695,-0.00012634159065783024,0.0,0.3891619145870209
145,guidance_0_capability_0_safety_1,1,-0.016035156571888365,90,0.5775,0.125,0.5,0,665,0,0,-0.0009567439556121826,0.6150755882263184,1.2982605695724487,0.00019522492948453873,0.0,0.3672354221343994
146,guidance_0_capability_0_safety_1,1,0.07971679960610345,91,0.259375,0.125,0.0,0,226,0,0,0.00013985733676236123,57.35194396972656,1.2132277488708496,-8.30747521831654e-05,0.0,0.3986455798149109
147,guidance_0_capability_0_safety_1,1,0.19089843671463314,91,0.57,0.125,0.375,0,482,0,0,-0.000229892015340738,8.182258605957031,1.3525975942611694,-0.000341565057169646,0.0,0.3263093829154968
148,guidance_0_capability_0_safety_1,1,-0.018623047060827957,91,0.59125,0.125,0.375,0,738,0,0,-0.0005021262913942337,0.3470878601074219,1.3752961158752441,0.00010747385385911912,0.0,0.3337366580963135
149,guidance_0_capability_0_safety_1,1,0.14855469089525286,92,0.256875,0.125,0.375,0,117,0,0,-0.0009249458089470863,64.40921020507812,1.4051302671432495,0.0005607175407931209,0.0,0.31571441888809204
150,guidance_0_capability_0_safety_1,1,0.2701953091964242,92,0.569375,0.25,0.5,0,373,0,0,-4.3045420170528814e-05,28.9024715423584,1.3599156141281128,-9.300187230110168e-05,0.0,0.33205273747444153
151,guidance_0_capability_0_safety_1,1,0.003808592853602022,92,0.6275,0.25,0.5,0,629,0,0,-0.0037331869825720787,0.5593967437744141,1.4147799015045166,0.0008645441266708076,0.0,0.3096568286418915
152,guidance_0_capability_0_safety_1,1,0.012187501080916263,93,0.276875,0.0,0.0,0,128,0,0,0.0018282018136233091,30.91048240661621,1.432286262512207,0.004826583433896303,0.0013020833721384406,0.3031299114227295
153,guidance_0_capability_0_safety_1,1,0.20088867302547442,93,0.566875,0.0,0.5,0,384,0,0,0.0007118023931980133,8.266779899597168,1.4860000610351562,0.0005288097891025245,0.0,0.2764649987220764
154,guidance_0_capability_0_safety_1,1,0.013847656489815563,94,0.245625,0.0,0.375,0,111,0,0,-0.0012955451384186745,45.663272857666016,1.4633448123931885,-0.000767490069847554,0.0,0.2661781907081604
155,guidance_0_capability_0_safety_1,1,0.11460937520314474,94,0.49375,0.0,0.375,0,367,0,0,-0.004171764478087425,1.0652412176132202,1.4435747861862183,0.0015108803054317832,0.0,0.29365307092666626
156,guidance_0_capability_0_safety_1,1,0.13412110396893695,94,0.596875,0.125,0.5,0,623,0,0,0.0010477739851921797,18.003143310546875,1.4396634101867676,0.0027421419508755207,0.0,0.30661308765411377
157,guidance_0_capability_0_safety_1,1,0.05787109293305548,94,0.698125,0.125,0.75,0,879,0,0,-0.00012446939945220947,2.4557034969329834,1.4613025188446045,0.0006697237258777022,0.0,0.27564993500709534
158,guidance_0_capability_0_safety_1,1,0.19024413927763817,95,0.234375,0.0,0.5,0,135,0,0,-0.00015128994709812105,6.894506454467773,1.4329369068145752,0.00014127278700470924,0.0,0.29987120628356934
159,guidance_0_capability_0_safety_1,1,0.1316699205963232,95,0.485625,0.0,0.625,0,391,0,0,-0.00024987602955661714,4.271692276000977,1.4714583158493042,0.00016595469787716866,0.0,0.2696570158004761
160,guidance_0_capability_0_safety_1,1,0.06503906249417923,95,0.669375,0.0,0.625,0,647,0,0,-0.0012652762234210968,2.260873794555664,1.4830968379974365,0.0006873089587315917,0.0,0.2735866606235504
161,guidance_0_capability_0_safety_1,1,-0.023583984409924597,95,0.711875,0.0,0.75,0,903,0,0,4.25511971116066e-05,3.1691222190856934,1.518393874168396,-0.0006183567456901073,0.0,0.27063894271850586
162,guidance_0_capability_0_safety_1,1,0.16398437837415258,96,0.441875,0.0,0.375,0,224,0,0,9.836194658419117e-05,33.175621032714844,1.4412989616394043,-5.0728365749819204e-05,0.0,0.29380881786346436
163,guidance_0_capability_0_safety_1,1,0.03979492080543423,96,0.521875,0.0,0.5,0,480,0,0,-0.00013613267219625413,1.9939696788787842,1.4824717044830322,-8.831731975078583e-06,0.0,0.2709362804889679
164,guidance_0_capability_0_safety_1,1,0.07094726503419224,96,0.63,0.0,0.875,0,736,0,0,-0.00023403516388498247,6.369095802307129,1.47737455368042,0.00027590914396569133,0.0,0.29202109575271606
165,guidance_0_capability_0_safety_1,1,-0.017685547238215804,96,0.660625,0.0,0.875,0,992,0,0,-0.0016982897650450468,0.3159641623497009,1.5014185905456543,0.00029606916359625757,0.0,0.2749144434928894
166,guidance_0_capability_0_safety_1,1,0.305664057861577,97,0.39375,0.125,0.375,0,248,0,0,0.00034248456358909607,33.70648193359375,1.4228204488754272,-0.0005066794692538679,0.0,0.29243117570877075
167,guidance_0_capability_0_safety_1,1,0.11791015672497451,97,0.619375,0.125,0.5,0,504,0,0,-0.0015326080610975623,2.685974597930908,1.480898380279541,-0.0016628627199679613,0.0,0.27819010615348816
168,guidance_0_capability_0_safety_1,1,0.18082032217716915,97,0.765625,0.25,0.75,0,760,0,0,0.0011995367240160704,22.816110610961914,1.4886016845703125,-0.0002696386945899576,0.0,0.29300546646118164
169,guidance_0_capability_0_safety_1,1,0.08819335847874754,98,0.23625,0.125,0.25,0,136,0,0,-0.0005810739239677787,60.13652801513672,1.5157026052474976,0.00011953952343901619,0.0,0.2640620172023773
170,guidance_0_capability_0_safety_1,1,0.15664062849828042,99,0.188125,0.0,0.5,0,84,0,0,1.682775837252848e-05,87.63052368164062,1.4606246948242188,0.0003029888030141592,0.0,0.2941034138202667
171,guidance_0_capability_0_safety_1,1,0.12949218729045242,99,0.415,0.0,0.75,0,340,0,0,-0.0018476148834452033,3.2720110416412354,1.4301426410675049,0.0009079803712666035,0.0,0.31513339281082153
172,guidance_0_capability_0_safety_1,1,0.09663085871216026,99,0.62375,0.0,0.875,0,596,0,0,-0.0020070949103683233,4.007547378540039,1.5109081268310547,0.0021775441709905863,0.0,0.2783564329147339
173,guidance_0_capability_0_safety_1,1,-0.09444335947773652,100,0.015,0.0,0.0,0,5,0,0,9.387235331814736e-05,27.413240432739258,1.5663903951644897,0.0008621788583695889,0.0,0.2487824261188507
174,guidance_0_capability_0_safety_1,1,0.09478515374212293,101,0.15875,0.0,0.0,0,90,0,0,0.00031256707734428346,61.308189392089844,1.4970510005950928,0.0008442776743322611,0.0,0.27156001329421997
175,guidance_0_capability_0_safety_1,1,0.20663085874184617,101,0.4675,0.125,0.125,0,346,0,0,-0.0005961231654509902,15.67755126953125,1.4881513118743896,0.0006771121989004314,0.0,0.28106456995010376
176,guidance_0_capability_0_safety_1,1,0.17829101443930995,101,0.71875,0.125,0.625,0,602,0,0,-0.00020480435341596603,7.478087425231934,1.5597633123397827,-0.000505529809743166,0.0,0.24399243295192719
177,guidance_0_capability_0_safety_1,1,0.026972655545250745,101,0.775,0.125,0.875,0,858,0,0,-0.0022050607949495316,1.885209321975708,1.5804119110107422,0.00035356468288227916,0.0,0.24476483464241028
178,guidance_0_capability_0_safety_1,1,0.07341796862965566,102,0.1625,0.0,0.0,0,114,0,0,-0.0006659291684627533,2.782820224761963,1.557257890701294,-0.0004428597167134285,0.0,0.24937599897384644
179,guidance_0_capability_0_safety_1,1,0.0844628919439856,102,0.348125,0.0,0.25,0,370,0,0,-0.0008249863749369979,8.622235298156738,1.5353260040283203,-4.4055283069610596e-05,0.0,0.2436983585357666
180,guidance_0_capability_0_safety_1,1,0.15068359500583028,102,0.555,0.0,0.75,0,626,0,0,-0.00024548950023017824,3.5809788703918457,1.5643484592437744,-0.0001615166402189061,0.0,0.23420563340187073
181,guidance_0_capability_0_safety_1,1,-0.05415039018407697,102,0.57375,0.0,0.75,0,882,0,0,-0.0004785663331858814,6.381040573120117,1.568604826927185,-0.0005956149543635547,0.0,0.24619416892528534
182,guidance_0_capability_0_safety_1,1,0.25194335657943157,103,0.238125,0.0,0.25,0,138,0,0,-0.0007047566468827426,27.532001495361328,1.5284221172332764,0.0008273165440186858,0.0,0.2664833962917328
183,guidance_0_capability_0_safety_1,1,0.09668945178782451,103,0.439375,0.0,0.625,0,394,0,0,-0.0016047097742557526,6.8389482498168945,1.554865837097168,-0.001226605847477913,0.0,0.23941084742546082
184,guidance_0_capability_0_safety_1,1,0.06879883087822236,104,0.293125,0.0,0.25,0,199,0,0,-0.0005027515580877662,49.59684371948242,1.55380380153656,-0.0015279370127245784,0.0,0.2445756047964096
185,guidance_0_capability_0_safety_1,1,0.05710937438198016,104,0.428125,0.0,0.25,0,455,0,0,-0.0005295152659527957,0.6682555079460144,1.5820403099060059,0.0003028872306458652,0.0,0.23673799633979797
186,guidance_0_capability_0_safety_1,1,0.09263671779626748,104,0.586875,0.0,0.5,0,711,0,0,-0.0003620345960371196,6.431771278381348,1.586235523223877,-0.0003228567948099226,0.0,0.23260556161403656
187,guidance_0_capability_0_safety_1,1,-0.025097656671277946,104,0.599375,0.0,0.5,0,967,0,0,-0.0005493288626894355,0.2730073928833008,1.5885066986083984,0.0002724478836171329,0.0,0.23918116092681885
188,guidance_0_capability_0_safety_1,1,0.12268554656475317,105,0.253125,0.0,0.375,0,223,0,0,-0.0012816637754440308,3.2662391662597656,1.5224261283874512,0.00027071544900536537,0.0,0.24983984231948853
189,guidance_0_capability_0_safety_1,1,0.18872070281940978,105,0.600625,0.0,0.75,0,479,0,0,0.00014688695955555886,6.2680158615112305,1.5910991430282593,0.0016129391733556986,0.0,0.2219829261302948
190,guidance_0_capability_0_safety_1,1,0.007402343191643013,105,0.665625,0.0,0.75,0,735,0,0,-0.0008891042089089751,1.3492870330810547,1.5864967107772827,0.000649881549179554,0.0,0.22822508215904236
191,guidance_0_capability_0_safety_1,1,0.002470703107974259,105,0.709375,0.0,0.75,0,991,0,0,-0.004514805041253567,0.364744633436203,1.5899252891540527,0.0007986586424522102,0.0,0.24196314811706543
192,guidance_0_capability_0_safety_1,1,0.34624022058414994,106,0.34875,0.25,0.0,0,247,0,0,-0.00020699109882116318,81.21365356445312,1.5763647556304932,-0.0016823498299345374,0.0,0.23591873049736023
193,guidance_0_capability_0_safety_1,1,0.16466796664826688,106,0.646875,0.25,0.375,0,503,0,0,0.0010472747962921858,5.3080668449401855,1.596351146697998,0.0011337586911395192,0.0,0.230360209941864
194,guidance_0_capability_0_safety_1,1,0.11220702701757546,106,0.7025,0.375,0.5,0,759,0,0,-0.0006789720500819385,17.07915496826172,1.631180763244629,8.848542347550392e-05,0.0,0.21791166067123413
195,guidance_0_capability_0_safety_1,1,0.010761717483546818,107,0.03375,0.0,0.125,0,15,0,0,-0.0005007709260098636,1.6346960067749023,1.646052598953247,8.893711492419243e-05,0.0,0.21114668250083923
196,guidance_0_capability_0_safety_1,1,0.20527343511639629,107,0.391875,0.0,0.5,0,271,0,0,-0.0025933957658708096,7.108508110046387,1.6006611585617065,0.0004381643084343523,0.0,0.22502759099006653
197,guidance_0_capability_0_safety_1,1,0.22091796210588655,107,0.63125,0.125,0.75,0,527,0,0,2.7583446353673935e-05,33.01563262939453,1.6118488311767578,0.0008507047314196825,0.0,0.22358328104019165
198,guidance_0_capability_0_safety_1,1,0.005566406016441761,107,0.69,0.125,0.75,0,783,0,0,-0.0003073464031331241,2.2870311737060547,1.6034927368164062,2.004097586905118e-05,0.0,0.2252974510192871
199,guidance_0_capability_0_safety_1,1,0.021289062024152372,108,0.0675,0.0,0.0,0,39,0,0,-0.000569575815461576,1.072495937347412,1.6147092580795288,0.00016685730952303857,0.0,0.22258082032203674
200,guidance_0_capability_0_safety_1,1,0.31540039563697064,108,0.44,0.125,0.25,0,295,0,0,-0.0003914283588528633,29.039533615112305,1.584146499633789,0.00012726648128591478,0.0,0.23460084199905396
201,guidance_0_capability_0_safety_1,1,0.03974609461147338,108,0.529375,0.125,0.5,0,551,0,0,-0.0006633205339312553,3.3158769607543945,1.6211345195770264,-0.00025271641789004207,0.0,0.2263871282339096
202,guidance_0_capability_0_safety_1,1,-0.010517578331928235,108,0.564375,0.125,0.5,0,807,0,0,-0.0011891959002241492,1.442389726638794,1.6048825979232788,0.00036731333239004016,0.0,0.2266809195280075
203,guidance_0_capability_0_safety_1,1,0.11294921599255758,109,0.0775,0.0,0.0,0,63,0,0,9.171354759018868e-05,19.37846565246582,1.589299201965332,0.0003400910645723343,0.0,0.23381131887435913
204,guidance_0_capability_0_safety_1,1,0.20845702990482096,109,0.444375,0.0,0.5,0,319,0,0,-0.00043977488530799747,5.827054023742676,1.561028242111206,0.0005337353213690221,0.0,0.24395202100276947
205,guidance_0_capability_0_safety_1,1,0.07409179592650617,109,0.585625,0.0,0.75,0,575,0,0,-0.0005210324889048934,3.1840500831604004,1.5885436534881592,-0.0004320323350839317,0.0,0.23681023716926575
206,guidance_0_capability_0_safety_1,1,0.04852538996055955,109,0.6825,0.0,1.0,0,831,0,0,-0.0008021335816010833,3.3085429668426514,1.5872819423675537,0.0001187492161989212,0.0,0.2378651350736618
207,guidance_0_capability_0_safety_1,1,0.05114257859167992,110,0.155625,0.0,0.125,0,87,0,0,-0.0028843781910836697,1.5754120349884033,1.5508263111114502,0.0014582242583855987,0.0,0.2523565888404846
208,guidance_0_capability_0_safety_1,1,0.11433593744004611,110,0.406875,0.0,0.25,0,343,0,0,-0.0023691565729677677,3.2401647567749023,1.5742065906524658,-0.0018061076989397407,0.0,0.24021384119987488
209,guidance_0_capability_0_safety_1,1,0.06250976448063739,110,0.55125,0.0,0.375,0,599,0,0,-0.0003780582919716835,2.285369873046875,1.5959762334823608,0.0018840762786567211,0.0,0.24025766551494598
210,guidance_0_capability_0_safety_1,1,0.06396484494689503,110,0.7125,0.0,0.5,0,855,0,0,-0.001512886374257505,1.9848284721374512,1.6034655570983887,0.0015927392523735762,0.0,0.22529643774032593
211,guidance_0_capability_0_safety_1,1,0.08293945154582616,111,0.181875,0.0,0.375,0,111,0,0,-0.0008332993602380157,4.841846466064453,1.5682801008224487,0.0003946469514630735,0.0,0.23904526233673096
212,guidance_0_capability_0_safety_1,1,0.19959960900087026,111,0.523125,0.0,0.625,0,367,0,0,-0.000963856466114521,3.6775543689727783,1.6091625690460205,0.00017524007125757635,0.0,0.22801467776298523
213,guidance_0_capability_0_safety_1,1,0.03984374992796802,111,0.639375,0.0,0.625,0,623,0,0,-0.002427348867058754,1.3870981931686401,1.6284584999084473,-0.0002708908577915281,0.0,0.21774029731750488
214,guidance_0_capability_0_safety_1,1,0.019443359593424248,111,0.71,0.0,0.75,0,879,0,0,-0.003954967018216848,1.1030032634735107,1.6400532722473145,0.0011983641888946295,0.0,0.21457767486572266
215,guidance_0_capability_0_safety_1,1,0.11904296880311449,112,0.2,0.0,0.125,0,135,0,0,0.0009642494842410088,2.434037446975708,1.6228008270263672,1.710529249976389e-05,0.0,0.2158655971288681
216,guidance_0_capability_0_safety_1,1,0.11269531081052264,112,0.419375,0.0,0.25,0,391,0,0,-0.002983400598168373,2.347020149230957,1.613363265991211,0.0008404204854741693,0.0,0.2182406187057495
217,guidance_0_capability_0_safety_1,1,0.05712890463837539,112,0.5375,0.0,0.375,0,647,0,0,-0.0023234165273606777,1.246254563331604,1.6213124990463257,-0.0011666130740195513,0.0,0.21433906257152557
218,guidance_0_capability_0_safety_1,1,0.09742187444135197,112,0.716875,0.0,0.625,0,903,0,0,-0.00031429994851350784,4.743500232696533,1.6148027181625366,-0.0009868452325463295,0.0,0.2247675657272339
219,guidance_0_capability_0_safety_1,1,0.14850585607928224,113,0.206875,0.0,0.25,0,159,0,0,0.0005947001045569777,5.087520599365234,1.5977777242660522,5.449308082461357e-05,0.0,0.22504228353500366
220,guidance_0_capability_0_safety_1,1,0.03857421869543032,113,0.315,0.0,0.25,0,415,0,0,-0.00024002729333005846,2.4527530670166016,1.6035655736923218,0.0002764204400591552,0.0,0.22740745544433594
221,guidance_0_capability_0_safety_1,1,-0.0048828132821654435,113,0.418125,0.0,0.375,0,671,0,0,-0.0004176960210315883,5.744820594787598,1.610029935836792,6.050647789379582e-05,0.0,0.21918408572673798
222,guidance_0_capability_0_safety_1,1,0.011396483787393663,113,0.4525,0.0,0.5,0,927,0,0,-0.0031495585571974516,1.2986094951629639,1.6321866512298584,-0.0005685238866135478,0.0,0.21182577311992645
223,guidance_0_capability_0_safety_1,1,-0.00012695106852333993,115,0.24875,0.0,0.25,0,160,0,0,-0.0007721962174400687,74.84822082519531,1.5907477140426636,-0.0024049137718975544,0.0,0.22258715331554413
224,guidance_0_capability_0_safety_1,1,0.08244140590250026,115,0.44625,0.0,0.5,0,416,0,0,-0.003727500094100833,4.666525840759277,1.60013747215271,6.18324484094046e-05,0.0,0.236530601978302
225,guidance_0_capability_0_safety_1,1,-0.025673827673017513,115,0.47,0.0,0.5,0,672,0,0,-0.0016212656628340483,1.3477215766906738,1.645989179611206,-0.00020464665431063622,0.0,0.20869815349578857
226,guidance_0_capability_0_safety_1,1,-0.01071289079845883,115,0.495625,0.0,0.5,0,928,0,0,-0.0076962364837527275,0.25836917757987976,1.6508238315582275,0.002104575280100107,0.0,0.20806686580181122
227,guidance_0_capability_0_safety_1,1,0.16760741813413915,116,0.308125,0.0,0.375,0,184,0,0,0.0002479658869560808,4.865658283233643,1.5956745147705078,0.0025647839065641165,0.0,0.2255866825580597
228,guidance_0_capability_0_safety_1,1,0.03063476298484602,116,0.49375,0.0,0.375,0,440,0,0,0.001001233933493495,5.9517364501953125,1.5798671245574951,0.0001006562597467564,0.0,0.23567789793014526
229,guidance_0_capability_0_safety_1,1,0.07155273262105766,116,0.651875,0.0,0.75,0,696,0,0,-0.0016175763448700309,4.974212646484375,1.5827176570892334,0.0010328961070626974,0.0,0.21796295046806335
230,guidance_0_capability_0_safety_1,1,-0.03515625002546585,116,0.69125,0.0,0.75,0,952,0,0,-0.0007433252176269889,2.2923166751861572,1.5956480503082275,0.00019040610641241074,0.0,0.22812706232070923
231,guidance_0_capability_0_safety_1,1,0.14002929339039838,117,0.295,0.0,0.25,0,208,0,0,-0.0005057044327259064,5.4120354652404785,1.5530155897140503,-0.0011788050178438425,0.0,0.2495562732219696
232,guidance_0_capability_0_safety_1,1,0.15657226372422883,117,0.6125,0.0,0.625,0,464,0,0,-7.132223981898278e-05,3.7250075340270996,1.5624421834945679,-0.00013120946823619306,0.0,0.2446201741695404
233,guidance_0_capability_0_safety_1,1,-0.016455079337902134,117,0.70875,0.0,0.875,0,720,0,0,-0.00026291300309821963,3.498579978942871,1.565592646598816,0.00015722517855465412,0.0,0.23708954453468323
234,guidance_0_capability_0_safety_1,1,0.01195312347408617,117,0.81,0.0,0.875,0,976,0,0,-0.001546642160974443,1.293713092803955,1.562090277671814,-0.00012205347593408078,0.0,0.24711641669273376
235,guidance_0_capability_0_safety_1,1,0.13475585740889073,118,0.295625,0.0,0.25,0,232,0,0,-0.0021560469176620245,6.399791717529297,1.5526576042175293,0.0005027201259508729,0.0,0.24341821670532227
236,guidance_0_capability_0_safety_1,1,0.09847655922931153,118,0.464375,0.0,0.5,0,488,0,0,-0.00036641707993112504,3.2754175662994385,1.5551831722259521,-0.00033395178616046906,0.0,0.2446032166481018
237,guidance_0_capability_0_safety_1,1,0.14632812200579792,118,0.585,0.125,0.75,0,744,0,0,0.0004597952065523714,24.03847312927246,1.5227558612823486,-0.0007359458832070231,0.0,0.26058873534202576
238,guidance_0_capability_0_safety_1,1,0.0163574170001084,119,0.005625,0.0,0.0,0,0,0,0,-0.0002501189592294395,7.377483367919922,1.5612761974334717,-0.00016738870181143284,0.0,0.2458176463842392
239,guidance_0_capability_0_safety_1,1,0.28363280677149305,119,0.46375,0.0,0.5,0,256,0,0,-0.00015881161380093545,6.227168083190918,1.4891256093978882,-9.925865742843598e-05,0.0,0.27465519309043884
240,guidance_0_capability_0_safety_1,1,0.076572265541472,119,0.64875,0.0,0.5,0,512,0,0,-0.0011476564686745405,1.8163580894470215,1.5296634435653687,0.0004267883487045765,0.0,0.25519710779190063
241,guidance_0_capability_0_safety_1,1,0.17833985146717168,119,0.76875,0.125,0.875,0,768,0,0,-0.00014462570834439248,22.624629974365234,1.579627513885498,0.0011348847765475512,0.0,0.23146453499794006
242,guidance_0_capability_0_safety_1,1,0.025957030233257683,120,0.0575,0.0,0.0,0,24,0,0,-0.0013071091379970312,0.9172462224960327,1.570770025253296,0.00022009326494298875,0.0,0.2424212098121643
243,guidance_0_capability_0_safety_1,1,0.17320312355150236,120,0.37875,0.0,0.25,0,280,0,0,-0.0016666585579514503,4.823132514953613,1.498024821281433,0.0008956370875239372,0.0,0.2639915645122528
244,guidance_0_capability_0_safety_1,1,0.08483398293174105,120,0.554375,0.0,0.375,0,536,0,0,-0.0012241760268807411,2.2335753440856934,1.517695426940918,0.00019017157319467515,0.0,0.2577899694442749
245,guidance_0_capability_0_safety_1,1,0.12935546594235348,120,0.820625,0.0,0.875,0,792,0,0,-0.001701654284261167,10.467683792114258,1.5644253492355347,-0.0003010298532899469,0.0,0.23554512858390808
246,guidance_0_capability_0_safety_1,1,0.11521483890828677,121,0.096875,0.0,0.125,0,48,0,0,0.000340903177857399,17.701509475708008,1.502044916152954,0.001164791057817638,0.0,0.2619265615940094
247,guidance_0_capability_0_safety_1,1,0.13815429374517407,121,0.244375,0.125,0.25,0,304,0,0,-0.0034511468838900328,20.691593170166016,1.4913676977157593,0.0008484843419864774,0.0,0.2644573450088501
248,guidance_0_capability_0_safety_1,1,0.140771482452692,121,0.496875,0.125,0.5,0,560,0,0,-0.0018773352494463325,3.8413586616516113,1.4863237142562866,0.000775226391851902,0.0,0.26250290870666504
249,guidance_0_capability_0_safety_1,1,0.05029296630527824,121,0.649375,0.125,0.75,0,816,0,0,0.0007687018951401114,3.974400520324707,1.5039390325546265,0.0019535142928361893,0.0,0.2599765658378601
250,guidance_0_capability_0_safety_1,1,0.12994140497903572,122,0.128125,0.0,0.125,0,72,0,0,-0.0017353284638375044,3.488211154937744,1.5420182943344116,0.0006782677955925465,0.0,0.24395637214183807
251,guidance_0_capability_0_safety_1,1,0.12027344348825864,122,0.396875,0.125,0.125,0,328,0,0,-0.0008399595390073955,23.62166404724121,1.4666757583618164,0.0006101400358602405,0.0,0.2694511413574219
252,guidance_0_capability_0_safety_1,1,0.07124023366486654,122,0.56,0.125,0.25,0,584,0,0,-0.0007596208597533405,3.0384602546691895,1.4802836179733276,0.00011670729145407677,0.0,0.26916390657424927
253,guidance_0_capability_0_safety_1,1,-0.04243164109357167,122,0.56,0.125,0.25,0,840,0,0,-0.0005158776184543967,2.7968056201934814,1.4536106586456299,-0.0011592516675591469,0.0,0.2789694666862488
254,guidance_0_capability_0_safety_1,1,0.06552734176511876,123,0.169375,0.0,0.25,0,96,0,0,-0.00011831025767605752,3.888761043548584,1.4659438133239746,0.00019694538787007332,0.0,0.2742844521999359
255,guidance_0_capability_0_safety_1,1,0.16176758673827862,123,0.36375,0.125,0.375,0,352,0,0,-0.0004803333431482315,17.875267028808594,1.4707396030426025,0.0005260579055175185,0.0,0.27319490909576416
256,guidance_0_capability_0_safety_1,1,0.03938476050825557,123,0.6075,0.125,0.75,0,608,0,0,-0.001246313564479351,6.934532165527344,1.4708378314971924,-0.0005303411744534969,0.0,0.2617764472961426
257,guidance_0_capability_0_safety_1,1,0.0017285147077927832,123,0.713125,0.125,0.75,0,864,0,0,-0.0010779488366097212,1.557915210723877,1.5362577438354492,0.0004309147479943931,0.0,0.24159306287765503
258,guidance_0_capability_0_safety_1,1,0.15605468555440893,124,0.24125,0.0,0.0,0,120,0,0,-0.000551655306480825,2.9331517219543457,1.487626075744629,-9.913331450661644e-05,0.0,0.26515883207321167
259,guidance_0_capability_0_safety_1,1,0.2739648406204651,124,0.52875,0.125,0.375,0,376,0,0,-0.0006521071190945804,19.57623291015625,1.4911689758300781,-0.0002980940043926239,0.0,0.2607071101665497
260,guidance_0_capability_0_safety_1,1,0.02041015520808287,124,0.628125,0.125,0.375,0,632,0,0,-0.0008020726963877678,2.5884385108947754,1.469135046005249,-0.00014425131666939706,0.0,0.2702992856502533
261,guidance_0_capability_0_safety_1,1,0.0006835939493612386,124,0.713125,0.125,0.5,0,888,0,0,-0.0006060927989892662,3.232288122177124,1.5071929693222046,0.0005618249415419996,0.0,0.25396668910980225
262,guidance_0_capability_0_safety_1,1,0.06698242009588284,125,0.24,0.0,0.0,0,144,0,0,-0.010050471872091293,2.419020175933838,1.4448983669281006,0.0027881390415132046,0.0,0.28061649203300476
263,guidance_0_capability_0_safety_1,1,0.4410742261170526,125,0.614375,0.25,0.5,0,400,0,0,0.003489930182695389,74.403564453125,1.519396185874939,0.001503760926425457,0.01302083395421505,0.2525314688682556
264,guidance_0_capability_0_safety_1,1,-0.19822265255788807,127,0.04125,0.0,0.0,0,17,0,0,-0.0006029028445482254,103.59040832519531,1.5434025526046753,-0.0009331023320555687,0.0,0.2509913146495819
265,guidance_0_capability_0_safety_1,1,0.2757128909142921,127,0.3525,0.125,0.25,0,273,0,0,-0.0007061350042931736,32.729366302490234,1.4097039699554443,0.0024603568017482758,0.0,0.3047187030315399
266,guidance_0_capability_0_safety_1,1,0.05669921787921339,127,0.531875,0.125,0.25,0,529,0,0,-0.0013012661365792155,1.3994653224945068,1.4564275741577148,0.0010132770985364914,0.0,0.28981268405914307
267,guidance_0_capability_0_safety_1,1,-0.0005371098086470738,127,0.59375,0.125,0.25,0,785,0,0,-0.0005276607116684318,1.3103573322296143,1.44590425491333,0.0009803057182580233,0.0,0.2998124063014984
268,guidance_0_capability_0_safety_1,1,0.02819335884123575,128,0.09375,0.0,0.0,0,41,0,0,0.0002843569964170456,2.5130462646484375,1.4600675106048584,-0.0005454811034724116,0.0,0.28809577226638794
269,guidance_0_capability_0_safety_1,1,0.16478515441122,128,0.366875,0.0,0.625,0,297,0,0,-4.177602750132792e-05,10.265352249145508,1.4660570621490479,0.00011598334822338074,0.0,0.28197190165519714
270,guidance_0_capability_0_safety_1,1,0.11656249912630301,128,0.59625,0.0,0.75,0,553,0,0,-0.0003114144201390445,2.5614795684814453,1.5213407278060913,0.00016880221664905548,0.0,0.2606737017631531
271,guidance_0_capability_0_safety_1,1,0.04436523392359959,128,0.72125,0.0,0.75,0,809,0,0,-0.001467992551624775,0.6118234395980835,1.5583903789520264,0.000917556113563478,0.0,0.24308477342128754
272,guidance_0_capability_0_safety_1,1,0.0844042949283903,129,0.14,0.0,0.0,0,65,0,0,-0.001562009914778173,5.27460241317749,1.4973686933517456,0.0008734067669138312,0.0,0.2728460431098938
273,guidance_0_capability_0_safety_1,1,0.10472656195634045,129,0.3525,0.0,0.125,0,321,0,0,0.0007571972673758864,5.246042251586914,1.4195480346679688,-2.7562491595745087e-06,0.0,0.3093031942844391
274,guidance_0_capability_0_safety_1,1,0.12262695135723334,129,0.560625,0.0,0.375,0,577,0,0,-0.004310912452638149,4.074131011962891,1.5100021362304688,8.258332672994584e-05,0.0,0.264967143535614
275,guidance_0_capability_0_safety_1,1,-0.10263671678694664,130,0.209375,0.0,0.125,0,151,0,0,0.0031065873336046934,60.39923095703125,1.4888172149658203,0.0021038230042904615,0.0,0.26758208870887756
276,guidance_0_capability_0_safety_1,1,0.1950781235937029,130,0.519375,0.0,0.5,0,407,0,0,0.00018177150923293084,5.400603771209717,1.492566466331482,0.0005535571835935116,0.0,0.27620601654052734
277,guidance_0_capability_0_safety_1,1,0.0680273431353271,130,0.654375,0.0,0.625,0,663,0,0,-0.0013978158822283149,1.0887056589126587,1.536625623703003,-0.0005441415123641491,0.0,0.24990582466125488
278,guidance_0_capability_0_safety_1,1,0.08708984385521035,130,0.7975,0.0,0.875,0,919,0,0,6.584513175766915e-05,4.514588356018066,1.4944498538970947,0.0007321710581891239,0.0,0.28006500005722046
279,guidance_0_capability_0_safety_1,1,0.15034179612484877,131,0.243125,0.0,0.375,0,175,0,0,-8.69501382112503e-05,3.8995859622955322,1.4942409992218018,0.0005042536649852991,0.0,0.27095305919647217
280,guidance_0_capability_0_safety_1,1,0.06082030988181941,131,0.42,0.0,0.5,0,431,0,0,-0.0004602695698849857,7.354484558105469,1.4363206624984741,-0.0002950210473500192,0.0,0.3037481904029846
281,guidance_0_capability_0_safety_1,1,0.16431640545852133,131,0.608125,0.125,0.875,0,687,0,0,-0.00014387568808160722,35.79680633544922,1.4966425895690918,0.00021442996512632817,0.0,0.28256699442863464
282,guidance_0_capability_0_safety_1,1,0.04537109319426236,131,0.7275,0.125,0.875,0,943,0,0,-0.001469429931603372,1.11555814743042,1.537065863609314,-0.0001658913679420948,0.0,0.2635708451271057
283,guidance_0_capability_0_safety_1,1,0.1797460932029935,132,0.294375,0.0,0.125,0,199,0,0,-0.0006549274548888206,2.935718059539795,1.461553931236267,-3.50059344782494e-05,0.0,0.2900370955467224
284,guidance_0_capability_0_safety_1,1,0.21491210868771304,132,0.63875,0.0,0.5,0,455,0,0,-0.0014508627355098724,3.110126495361328,1.4798080921173096,3.074792766710743e-05,0.0,0.2770497798919678
285,guidance_0_capability_0_safety_1,1,0.023388672292639967,132,0.7375,0.0,0.625,0,711,0,0,-0.00020884847617708147,3.118816614151001,1.4722716808319092,0.0005163208115845919,0.0,0.28529566526412964
286,guidance_0_capability_0_safety_1,1,0.0720214837565436,132,0.870625,0.0,0.75,0,967,0,0,-0.0032875544857233763,1.70992112159729,1.5437145233154297,0.0011840627994388342,0.0,0.25537362694740295
287,guidance_0_capability_0_safety_1,1,0.1783007809863193,133,0.318125,0.0,0.25,0,223,0,0,-0.002085162792354822,6.210125923156738,1.3862980604171753,0.0048970747739076614,0.0,0.334042489528656
288,guidance_0_capability_0_safety_1,1,-0.030703128315508366,133,0.4,0.0,0.25,0,479,0,0,-0.0006963880732655525,10.585254669189453,1.4152991771697998,0.0015062991296872497,0.0,0.3056131601333618
289,guidance_0_capability_0_safety_1,1,0.2958398383525491,133,0.684375,0.125,0.75,0,735,0,0,0.0013874806463718414,38.59991455078125,1.505980372428894,0.0011830634903162718,0.0,0.27051377296447754
290,guidance_0_capability_0_safety_1,1,0.004736328035505721,133,0.75625,0.125,0.875,0,991,0,0,-0.0011953245848417282,2.4757132530212402,1.5532386302947998,-3.9580434531671926e-05,0.0,0.24937878549098969
291,guidance_0_capability_0_safety_1,1,0.2405566391425964,134,0.37875,0.0,0.5,0,247,0,0,-0.0018181301420554519,4.943975448608398,1.418318748474121,-0.0005648593651130795,0.0,0.29482150077819824
292,guidance_0_capability_0_safety_1,1,0.13746093788722646,134,0.62625,0.0,0.75,0,503,0,0,-0.0004962444072589278,2.688652515411377,1.4718883037567139,0.0008695377036929131,0.0,0.27810612320899963
293,guidance_0_capability_0_safety_1,1,0.12122070239274763,134,0.760625,0.125,0.875,0,759,0,0,-6.704840052407235e-05,19.501087188720703,1.5095899105072021,2.6960004106513225e-05,0.0,0.2721169590950012
294,guidance_0_capability_0_safety_1,1,0.02523437473064405,135,0.038125,0.0,0.0,0,15,0,0,-0.001259492477402091,0.8756678700447083,1.5459556579589844,0.0006103861960582435,0.0,0.2609909176826477
295,guidance_0_capability_0_safety_1,1,0.2588574078254169,135,0.345,0.125,0.625,0,271,0,0,0.00042944931192323565,18.980411529541016,1.344601035118103,0.00015213628648780286,0.0,0.3305053412914276
296,guidance_0_capability_0_safety_1,1,-0.04997070471290499,135,0.374375,0.125,0.625,0,527,0,0,0.00012428811169229448,9.463920593261719,1.3325237035751343,-0.00025312992511317134,0.0,0.36494407057762146
297,guidance_0_capability_0_safety_1,1,0.1308105470307055,135,0.59875,0.125,0.875,0,783,0,0,1.726485788822174e-05,4.798919677734375,1.4930973052978516,3.024796023964882e-05,0.0,0.2887270450592041
298,guidance_0_capability_0_safety_1,1,0.08896484140859684,136,0.09125,0.0,0.125,0,39,0,0,-0.0004996958887204528,2.68772554397583,1.4744300842285156,-0.000351250491803512,0.0,0.2928556203842163
299,guidance_0_capability_0_safety_1,1,0.1755273461167235,136,0.28375,0.125,0.375,0,295,0,0,-0.000511661171913147,37.84691619873047,1.3058054447174072,9.06114000827074e-05,0.0,0.3662932515144348
300,guidance_0_capability_0_safety_1,1,0.20441407151520252,136,0.51,0.25,0.375,0,551,0,0,0.00024706870317459106,19.021820068359375,1.4744294881820679,0.000110071778181009,0.0,0.2818446755409241
301,guidance_0_capability_0_safety_1,1,0.017763671890861588,136,0.573125,0.25,0.375,0,807,0,0,-0.0005684290081262589,2.089174270629883,1.5402053594589233,-0.00011329415428917855,0.0,0.2638438642024994
302,guidance_0_capability_0_safety_1,1,0.05961913862847723,137,0.1425,0.0,0.125,0,63,0,0,-0.0003365458396729082,2.0433413982391357,1.4168365001678467,0.00016327032062690705,0.0,0.3255666494369507
303,guidance_0_capability_0_safety_1,1,0.09518554563692305,137,0.338125,0.0,0.25,0,319,0,0,-0.0004463726654648781,3.969027042388916,1.3781554698944092,-0.00011860214726766571,0.0,0.32947036623954773
304,guidance_0_capability_0_safety_1,1,0.14195313312666258,137,0.47125,0.125,0.375,0,575,0,0,-0.0008574631065130234,18.78152084350586,1.4392478466033936,4.935156084684422e-06,0.0,0.30604201555252075
305,guidance_0_capability_0_safety_1,1,0.3087304686087009,137,0.6925,0.375,0.5,0,831,0,0,0.0008799862116575241,48.37860107421875,1.5736783742904663,0.00049958674935624,0.0,0.24606959521770477
306,guidance_0_capability_0_safety_1,1,0.17478515481343493,138,0.193125,0.0,0.25,0,87,0,0,0.0002392977476119995,4.824134826660156,1.4948909282684326,7.896001625340432e-05,0.0,0.2815406322479248
307,guidance_0_capability_0_safety_1,1,0.2517480443457316,138,0.448125,0.125,0.5,0,343,0,0,-0.0004258795524947345,22.351856231689453,1.4679899215698242,3.416060280869715e-05,0.0,0.28160780668258667
308,guidance_0_capability_0_safety_1,1,0.08913085772655904,138,0.639375,0.125,0.625,0,599,0,0,-0.00038644549204036593,3.0087804794311523,1.5227607488632202,0.000474431028123945,0.0,0.2678772211074829
309,guidance_0_capability_0_safety_1,1,0.043798826955026016,138,0.753125,0.125,0.75,0,855,0,0,-0.003676163963973522,1.995288610458374,1.4202747344970703,0.001368461875244975,0.0,0.3227427899837494
310,guidance_0_capability_0_safety_1,1,0.28874999627441866,139,0.226875,0.25,0.125,0,111,0,0,0.0017178058624267578,86.53070831298828,1.4804733991622925,0.0005168304196558893,0.0,0.2770283818244934
311,guidance_0_capability_0_safety_1,1,0.12510742061567726,139,0.44875,0.25,0.375,0,367,0,0,-0.00020005027181468904,4.479249954223633,1.2759097814559937,-7.227327296277508e-05,0.0,0.383373498916626
312,guidance_0_capability_0_safety_1,1,0.2713867146958364,139,0.695625,0.375,0.875,0,623,0,0,-0.0005331393331289291,26.221776962280273,1.4417232275009155,0.0004070182330906391,0.0,0.304998517036438
313,guidance_0_capability_0_safety_1,1,0.04191406138124876,139,0.8025,0.375,1.0,0,879,0,0,-0.0017297541489824653,1.027031660079956,1.4207472801208496,1.811500078474637e-05,0.0,0.31842824816703796
314,guidance_0_capability_0_safety_1,1,0.048154294407140696,140,0.351875,0.0,0.625,0,194,0,0,-0.00037527986569330096,54.24232482910156,1.3802289962768555,0.0013061299687251449,0.0,0.3219830095767975
315,guidance_0_capability_0_safety_1,1,0.352001971219579,140,0.495625,0.375,0.625,0,450,0,0,0.00028912475681863725,49.544715881347656,1.3453658819198608,0.0016321265138685703,0.0,0.3497501313686371
316,guidance_0_capability_0_safety_1,1,0.10041992026526714,140,0.69875,0.375,0.875,0,706,0,0,-0.000641716062091291,4.997165679931641,1.4790749549865723,0.00019228761084377766,0.0,0.27703970670700073
317,guidance_0_capability_0_safety_1,1,0.22178710703883553,141,0.40125,0.125,0.25,0,174,0,0,-1.6682781279087067e-05,81.63717651367188,1.3289189338684082,0.00043106451630592346,0.0,0.34528887271881104
318,guidance_0_capability_0_safety_1,1,0.19954101329130935,141,0.575,0.25,0.625,0,430,0,0,-0.00045162130845710635,13.515069961547852,1.4214282035827637,0.0002319005725439638,0.0,0.29657137393951416
319,guidance_0_capability_0_safety_1,1,0.042050779575220076,141,0.67875,0.25,0.75,0,686,0,0,-0.000531155033968389,1.4421277046203613,1.3173675537109375,0.00044945659465156496,0.0,0.36139893531799316
320,guidance_0_capability_0_safety_1,1,-0.10939453670289367,141,0.72375,0.25,0.75,0,942,0,0,0.0001708303316263482,3.3775906562805176,1.2502882480621338,-0.0007050744025036693,0.0,0.39165282249450684
321,guidance_0_capability_0_safety_1,1,0.3376660211069975,142,0.36125,0.25,0.125,0,198,0,0,-0.0004751744563691318,62.0576171875,1.3044513463974,0.00014094714424572885,0.0,0.3604809641838074
322,guidance_0_capability_0_safety_1,1,0.03500976477880613,142,0.47125,0.25,0.125,0,454,0,0,-0.00032461280352436006,2.380486488342285,1.4112385511398315,0.00014742123312316835,0.0,0.30432119965553284
323,guidance_0_capability_0_safety_1,1,0.0024023304795264266,143,0.234375,0.0,0.375,0,151,0,0,-0.0002451688051223755,43.03598403930664,1.2531275749206543,-3.157183527946472e-07,0.0,0.38374441862106323
324,guidance_0_capability_0_safety_1,1,0.22073242112674052,143,0.48,0.125,0.375,0,407,0,0,-0.0003081808681599796,20.969017028808594,1.4247697591781616,-0.0003395166131667793,0.0,0.30176788568496704
325,guidance_0_capability_0_safety_1,1,0.010917970659647835,144,0.265625,0.0,0.5,0,147,0,0,-0.00045684631913900375,74.12841796875,1.2986844778060913,8.713050920050591e-05,0.0,0.35855793952941895
326,guidance_0_capability_0_safety_1,1,0.10850586194283096,145,0.24,0.0,0.0,0,130,0,0,-0.00012157950550317764,66.0317611694336,1.2993533611297607,-0.0003605433739721775,0.0,0.3450424075126648
327,guidance_0_capability_0_safety_1,1,0.31494140260474524,145,0.553125,0.125,0.5,0,386,0,0,-0.0001567803992656991,34.652748107910156,1.3700059652328491,-7.89828336564824e-05,0.0,0.31755387783050537
328,guidance_0_capability_0_safety_1,1,0.09117186527510057,146,0.2475,0.125,0.25,0,169,0,0,4.2778751208061294e-07,76.76126098632812,1.2322564125061035,2.7808982849819586e-05,0.0,0.39671072363853455
329,guidance_0_capability_0_safety_1,1,0.19345703172803042,146,0.4475,0.25,0.25,0,425,0,0,-0.001182250096462667,20.15130043029785,1.407282829284668,0.00018348963931202888,0.0,0.2993617653846741
330,guidance_0_capability_0_safety_1,1,0.10261718569381628,146,0.60625,0.25,0.625,0,681,0,0,-0.0008998377015814185,5.130504608154297,1.4403547048568726,0.0006082357140257955,0.0,0.3005923926830292
331,guidance_0_capability_0_safety_1,1,-0.08779296686043381,147,0.076875,0.0,0.25,0,31,0,0,-0.0013429652899503708,20.750099182128906,1.3802599906921387,-0.00010678009130060673,0.0,0.32979559898376465
332,guidance_0_capability_0_safety_1,1,0.22905273273499915,147,0.458125,0.0,0.5,0,287,0,0,-0.00344911590218544,3.729966402053833,1.344022512435913,-0.0004545242409221828,0.0,0.3386520743370056
333,guidance_0_capability_0_safety_1,1,0.018095703308063094,148,0.033125,0.0,0.0,0,15,0,0,0.00014257121074479073,38.715110778808594,1.3595041036605835,-0.0007685967138968408,0.0,0.3400735855102539
334,guidance_0_capability_0_safety_1,1,0.17239257608889602,148,0.374375,0.0,0.125,0,271,0,0,-0.0010279116686433554,3.9428436756134033,1.2306575775146484,-0.0014790287241339684,0.0,0.40195661783218384
335,guidance_0_capability_0_safety_1,1,0.002148436560673872,148,0.495,0.0,0.25,0,527,0,0,-0.0022551314905285835,5.9962029457092285,1.3768155574798584,0.0010203414130955935,0.0,0.32263481616973877
336,guidance_0_capability_0_safety_1,1,0.10333984383760253,149,0.219375,0.0,0.375,0,127,0,0,-0.0015379961114376783,26.325191497802734,1.3496745824813843,-0.0008813763852231205,0.0,0.34466657042503357
337,guidance_0_capability_0_safety_1,1,0.03650391841074452,150,0.01625,0.0,0.0,0,12,0,0,-0.0004030441341456026,43.073387145996094,1.3590469360351562,7.682728755753487e-05,0.0,0.33774203062057495
338,guidance_0_capability_0_safety_1,1,0.10869140431896085,150,0.296875,0.0,0.125,0,268,0,0,-0.000600396073423326,5.857418060302734,1.2298188209533691,-4.41306438005995e-05,0.0,0.39490073919296265
339,guidance_0_capability_0_safety_1,1,0.010136717741261236,150,0.37875,0.0,0.125,0,524,0,0,1.3081667930237018e-05,2.590968608856201,1.309240698814392,6.93504698574543e-05,0.0,0.3689979910850525
340,guidance_0_capability_0_safety_1,1,0.07498046599357622,151,0.24125,0.0,0.375,0,182,0,0,-0.0005613317480310798,29.394290924072266,1.2574870586395264,-0.0002454236091580242,0.0,0.3966324031352997
341,guidance_0_capability_0_safety_1,1,0.13348632718043518,151,0.50875,0.0,0.5,0,438,0,0,-0.0005305639351718128,5.610818862915039,1.4203872680664062,0.0004001217312179506,0.0,0.30640071630477905
342,guidance_0_capability_0_safety_1,1,-0.002988281750731403,151,0.57,0.0,0.5,0,694,0,0,-0.00044107064604759216,2.097364664077759,1.4288629293441772,0.0005257241427898407,0.0,0.3149570822715759
343,guidance_0_capability_0_safety_1,1,0.0881054677956854,151,0.699375,0.0,0.875,0,950,0,0,-0.0003610627609305084,16.202781677246094,1.4478057622909546,9.395493179908954e-06,0.0,0.3056034743785858
344,guidance_0_capability_0_safety_1,1,0.11119140482333023,152,0.21125,0.0,0.125,0,206,0,0,-0.001183801214210689,12.120207786560059,1.218991994857788,-0.00019259238615632057,0.0,0.4059668779373169
345,guidance_0_capability_0_safety_1,1,0.06999023214302724,152,0.39,0.0,0.25,0,462,0,0,-0.001822563586756587,2.5133297443389893,1.464252233505249,0.0005627518403343856,0.0,0.2891797721385956
346,guidance_0_capability_0_safety_1,1,0.11458984326236532,152,0.64875,0.0,0.375,0,718,0,0,-0.0010697906836867332,8.753236770629883,1.5193850994110107,-0.00042574963299557567,0.0,0.26348161697387695
347,guidance_0_capability_0_safety_1,1,0.030996093966678018,152,0.7325,0.0,0.625,0,974,0,0,1.3733593732467853e-05,5.245985984802246,1.4802405834197998,-0.00073857547249645,0.0,0.2791268825531006
348,guidance_0_capability_0_safety_1,1,0.2007812483352609,153,0.350625,0.0,0.25,0,230,0,0,-0.00046363193541765213,8.52951431274414,1.2959508895874023,0.0002085813321173191,0.0,0.38351258635520935
349,guidance_0_capability_0_safety_1,1,0.2696874967732583,153,0.67125,0.125,0.375,0,486,0,0,-0.0002433325571473688,25.340007781982422,1.514173984527588,-0.00010008132085204124,0.0,0.27020466327667236
350,guidance_0_capability_0_safety_1,1,0.15320313814663677,154,0.31875,0.125,0.125,0,214,0,0,-0.00024120634770952165,41.51401138305664,1.3148572444915771,-0.0002455241046845913,0.0,0.35437703132629395
351,guidance_0_capability_0_safety_1,1,0.2800390621559927,154,0.62125,0.25,0.375,0,470,0,0,-0.00034743797732517123,27.60106658935547,1.4756250381469727,-7.448811084032059e-05,0.0,0.2841585874557495
352,guidance_0_capability_0_safety_1,1,0.06849609251730726,154,0.76125,0.25,0.5,0,726,0,0,-0.0006357263773679733,2.5555028915405273,1.523177146911621,-3.000240212713834e-05,0.0,0.2690487504005432
353,guidance_0_capability_0_safety_1,1,0.23201172215340193,155,0.389375,0.125,0.625,0,232,0,0,-0.0010251309722661972,55.57754898071289,1.3560760021209717,0.0003670876321848482,0.0,0.34514790773391724
354,guidance_0_capability_0_safety_1,1,0.16045898166339612,155,0.68875,0.125,0.75,0,488,0,0,-0.0009717696229927242,2.5929670333862305,1.4913824796676636,-0.0001666670141275972,0.0,0.2911314070224762
355,guidance_0_capability_0_safety_1,1,0.004736327253340278,155,0.75,0.125,0.75,0,744,0,0,-0.0010831517865881324,2.708495616912842,1.498435378074646,-0.00046567386016249657,0.0,0.2857944667339325
356,guidance_0_capability_0_safety_1,1,0.03643554473819677,156,0.005625,0.0,0.0,0,0,0,0,-0.0005917872185818851,2.3114609718322754,1.48203706741333,0.00032291639945469797,0.0,0.2842463552951813
357,guidance_0_capability_0_safety_1,1,0.4656835796267842,156,0.324375,0.375,0.25,0,256,0,0,-6.299217784544453e-05,108.72563934326172,1.3409799337387085,6.214871064003091e-06,0.0,0.34165430068969727
358,guidance_0_capability_0_safety_1,1,0.16723632523644483,156,0.6075,0.375,0.625,0,512,0,0,-0.0003813045914284885,2.554628610610962,1.4786694049835205,4.050399729749188e-05,0.0,0.286801815032959
359,guidance_0_capability_0_safety_1,1,0.06615234482160304,156,0.731875,0.375,0.875,0,768,0,0,-0.0009341929107904434,3.3717238903045654,1.4398932456970215,-0.0002951502683572471,0.0,0.31762462854385376
360,guidance_0_capability_0_safety_1,1,0.06074218723369995,157,0.056875,0.0,0.125,0,24,0,0,-0.0003704838454723358,2.339008331298828,1.5278161764144897,-0.0005879722302779555,0.0,0.27007097005844116
361,guidance_0_capability_0_safety_1,1,0.392851546734164,157,0.510625,0.125,0.625,0,280,0,0,9.462237358093262e-06,36.030372619628906,1.3495219945907593,0.0003965063369832933,0.0,0.34447941184043884
362,guidance_0_capability_0_safety_1,1,0.07285155752470018,157,0.693125,0.125,0.875,0,536,0,0,-0.0002365646359976381,5.08049201965332,1.4806636571884155,0.00030162109760567546,0.0,0.2903805673122406
363,guidance_0_capability_0_safety_1,1,0.11344726348033873,158,0.335,0.125,0.375,0,225,0,0,0.0001414188591297716,99.64677429199219,1.3706109523773193,-0.00011543262371560559,0.0,0.329459011554718
364,guidance_0_capability_0_safety_1,1,0.06605468694397132,158,0.514375,0.125,0.5,0,481,0,0,-0.00023058336228132248,4.72288703918457,1.4953311681747437,-5.433801561594009e-06,0.0,0.28268739581108093
365,guidance_0_capability_0_safety_1,1,0.06701171701206476,158,0.679375,0.125,0.625,0,737,0,0,-0.0007027788087725639,5.329259395599365,1.4158328771591187,0.000244898721575737,0.0,0.30938974022865295
366,guidance_0_capability_0_safety_1,1,0.03815429568203399,158,0.786875,0.125,0.75,0,993,0,0,-0.0030174199491739273,0.9818729162216187,1.3715887069702148,-0.000571988697629422,0.0,0.3459204137325287
367,guidance_0_capability_0_safety_1,1,0.38501953044033144,159,0.468125,0.125,0.5,0,249,0,0,-0.002149499487131834,32.525299072265625,1.3808362483978271,8.203531615436077e-05,0.0,0.331575483083725
368,guidance_0_capability_0_safety_1,1,0.06374999888794264,159,0.6275,0.125,0.5,0,505,0,0,0.0002643627522047609,2.7954187393188477,1.5020270347595215,0.0006476870621554554,0.0,0.2854919731616974
369,guidance_0_capability_0_safety_1,1,0.0949707024556119,159,0.794375,0.125,0.75,0,761,0,0,-0.00033691711723804474,4.062906265258789,1.5603431463241577,0.0010100960498675704,0.0,0.25631338357925415
370,guidance_0_capability_0_safety_1,1,0.018105468319845386,160,0.04,0.0,0.0,0,17,0,0,-0.002360033569857478,0.6604456901550293,1.4860150814056396,-0.0005895280046388507,0.0,0.2925673723220825
371,guidance_0_capability_0_safety_1,1,0.2299707001875504,160,0.428125,0.0,0.75,0,273,0,0,-8.624698966741562e-05,8.060484886169434,1.4328761100769043,0.0009011993533931673,0.0,0.30418118834495544
372,guidance_0_capability_0_safety_1,1,0.06932617108031991,160,0.571875,0.0,0.875,0,529,0,0,-0.000657555356156081,2.7907862663269043,1.503049612045288,0.000624532054644078,0.0,0.27740707993507385
373,guidance_0_capability_0_safety_1,1,0.03721679541195044,160,0.7125,0.0,0.875,0,785,0,0,-0.0005869946326129138,1.5204522609710693,1.492002010345459,-0.0006881491281092167,0.0,0.27960485219955444
374,guidance_0_capability_0_safety_1,1,-0.002597659004095476,161,0.045625,0.0,0.0,0,41,0,0,-0.0012727355351671576,1.5830808877944946,1.4516713619232178,0.0001416006125509739,0.0,0.3071025013923645
375,guidance_0_capability_0_safety_1,1,0.37038085822496214,161,0.484375,0.125,0.375,0,297,0,0,-0.000272755220066756,35.9599609375,1.428745150566101,0.000729087449144572,0.0,0.30466416478157043
376,guidance_0_capability_0_safety_1,1,0.07846679616341135,161,0.67,0.125,0.375,0,553,0,0,-0.0004481176729314029,1.6966021060943604,1.5208505392074585,-0.0011570154456421733,0.0,0.27307480573654175
377,guidance_0_capability_0_safety_1,1,0.05858398319105618,161,0.7925,0.125,0.625,0,809,0,0,-0.0010059330379590392,4.5386762619018555,1.4695528745651245,-1.3225557040641434e-06,0.0,0.29121875762939453
378,guidance_0_capability_0_safety_1,1,0.08730468631256372,162,0.140625,0.0,0.25,0,65,0,0,-0.0012781154364347458,1.933643102645874,1.4809558391571045,-9.939819574356079e-05,0.0,0.2802656888961792
379,guidance_0_capability_0_safety_1,1,0.14929687383119017,162,0.441875,0.0,0.5,0,321,0,0,-0.0013111581793054938,3.5172953605651855,1.3958544731140137,0.000545171438716352,0.0,0.32078129053115845
380,guidance_0_capability_0_safety_1,1,0.04414062302384991,162,0.563125,0.0,0.75,0,577,0,0,-7.831957191228867e-05,4.687574863433838,1.4194798469543457,-0.0003591905697248876,0.0,0.31131240725517273
381,guidance_0_capability_0_safety_1,1,-0.02210937800555257,162,0.693125,0.0,0.75,0,833,0,0,-4.9678608775138855e-05,1.674127221107483,1.5033760070800781,0.0007334953406825662,0.0,0.2634877562522888
382,guidance_0_capability_0_safety_1,1,0.051699214200198185,163,0.18,0.0,0.125,0,89,0,0,-0.0016858888557180762,3.677515983581543,1.4183862209320068,0.00018931258819065988,0.0,0.29998499155044556
383,guidance_0_capability_0_safety_1,1,0.1779394523728115,163,0.46,0.0,0.5,0,345,0,0,-0.0005409978330135345,4.755415916442871,1.3726805448532104,-0.0007107187411747873,0.0,0.33125072717666626
384,guidance_0_capability_0_safety_1,1,-0.020400395897013368,163,0.683125,0.0,0.625,0,601,0,0,-0.00013873292482458055,5.938607692718506,1.398139238357544,-0.0002523371949791908,0.0,0.31228017807006836
385,guidance_0_capability_0_safety_1,1,0.07536132702807663,163,0.825,0.0,0.875,0,857,0,0,-0.00021736137568950653,3.2506048679351807,1.4531660079956055,0.0003477671998552978,0.0,0.29827773571014404
386,guidance_0_capability_0_safety_1,1,0.10948241808728199,164,0.2125,0.0,0.25,0,113,0,0,-0.0008923634886741638,4.274674415588379,1.3182977437973022,-0.00032340604229830205,0.0,0.3583012521266937
387,guidance_0_capability_0_safety_1,1,0.137851561732532,164,0.465,0.0,0.375,0,369,0,0,-0.0023098313249647617,2.980520009994507,1.4207762479782104,-0.0005784983513876796,0.0,0.31081423163414
388,guidance_0_capability_0_safety_1,1,0.00740234316981514,164,0.599375,0.0,0.5,0,625,0,0,-3.892959648510441e-05,4.033078193664551,1.3847064971923828,0.0007181037217378616,0.0,0.3289061188697815
389,guidance_0_capability_0_safety_1,1,-0.017031252093147486,164,0.644375,0.0,0.75,0,881,0,0,-0.004389430396258831,0.9427680969238281,1.2941925525665283,-0.0006440442521125078,0.0,0.36031636595726013
390,guidance_0_capability_0_safety_1,1,0.013779292345134309,165,0.21,0.0,0.0,0,137,0,0,-0.0020601327996701,7.147469520568848,1.271758794784546,0.002280407352373004,0.0,0.381477952003479
391,guidance_0_capability_0_safety_1,1,0.12307617135593318,165,0.4275,0.0,0.125,0,393,0,0,-0.0020701903849840164,1.0747783184051514,1.455491542816162,0.0013612768379971385,0.0,0.29005929827690125
392,guidance_0_capability_0_safety_1,1,0.11044921613574843,165,0.631875,0.0,0.5,0,649,0,0,-0.0018158049788326025,6.751490116119385,1.3516744375228882,0.001712558208964765,0.0,0.3491637110710144
393,guidance_0_capability_0_safety_1,1,-0.02402344037545845,165,0.704375,0.0,0.5,0,905,0,0,-0.0018375013023614883,1.3629928827285767,1.4338840246200562,0.001449275529012084,0.0,0.31480512022972107
394,guidance_0_capability_0_safety_1,1,0.22998046750944923,166,0.348125,0.0,0.25,0,161,0,0,-0.0017972402274608612,8.234842300415039,1.4133005142211914,0.0007656747475266457,0.0,0.3226562738418579
395,guidance_0_capability_0_safety_1,1,0.07197265620925464,166,0.478125,0.0,0.5,0,417,0,0,0.00019660964608192444,1.3887536525726318,1.4676659107208252,0.0005107804900035262,0.0,0.3002872169017792
396,guidance_0_capability_0_safety_1,1,0.045888670450949576,166,0.61375,0.0,0.5,0,673,0,0,-0.0001463530061300844,3.0929863452911377,1.4993071556091309,4.523092502495274e-05,0.0,0.273456871509552
397,guidance_0_capability_0_safety_1,1,0.047333983617136255,166,0.735,0.0,0.625,0,929,0,0,0.00019299922860227525,2.3784286975860596,1.5315804481506348,-0.00018103948968928307,0.0,0.260905385017395
398,guidance_0_capability_0_safety_1,1,0.29940429487032816,167,0.37625,0.125,0.125,0,185,0,0,-0.00022570541477762163,28.010780334472656,1.4399465322494507,2.2384649128071032e-05,0.0,0.29927775263786316
399,guidance_0_capability_0_safety_1,1,0.08492187414958607,167,0.55625,0.125,0.25,0,441,0,0,-0.00040289544267579913,3.2999191284179688,1.4679492712020874,-4.781441384693608e-05,0.0,0.2852420210838318
400,guidance_0_capability_0_safety_1,1,0.05266601453331532,167,0.656875,0.125,0.5,0,697,0,0,-0.0016715496312826872,1.8941932916641235,1.4794433116912842,0.00023912181495688856,0.0,0.27781766653060913
401,guidance_0_capability_0_safety_1,1,0.03543945173441898,167,0.7625,0.125,0.625,0,953,0,0,-0.0021340344101190567,3.3372442722320557,1.5406231880187988,-3.559918695827946e-05,0.0,0.2575644850730896
402,guidance_0_capability_0_safety_1,1,0.43669920996399014,168,0.305625,0.25,0.5,0,209,0,0,-0.0006855201791040599,86.42847442626953,1.378654956817627,5.1883671403629705e-05,0.0,0.3118372857570648
403,guidance_0_capability_0_safety_1,1,0.19142577991078724,168,0.613125,0.25,0.875,0,465,0,0,-0.0008363262750208378,5.30306339263916,1.4873441457748413,-0.0003204876556992531,0.0,0.27482783794403076
404,guidance_0_capability_0_safety_1,1,0.04446289005863946,168,0.748125,0.25,0.875,0,721,0,0,-0.0003580030461307615,1.740511178970337,1.4609947204589844,-0.000564559712074697,0.0,0.2951384484767914
405,guidance_0_capability_0_safety_1,1,-0.007138672321161721,168,0.80375,0.25,0.875,0,977,0,0,-0.0027358033694326878,0.3604186177253723,1.5284507274627686,0.0012600934132933617,0.0,0.2578640580177307
406,guidance_0_capability_0_safety_1,1,0.29459960808890173,169,0.500625,0.0,0.5,0,233,0,0,-0.0024167660158127546,5.979318618774414,1.4025299549102783,0.0012421447318047285,0.0,0.3141695261001587
407,guidance_0_capability_0_safety_1,1,0.0798144512300496,169,0.714375,0.0,0.5,0,489,0,0,-0.0017349178669974208,2.749908447265625,1.4741195440292358,0.0021824261639267206,0.0,0.27727067470550537
408,guidance_0_capability_0_safety_1,1,0.007958980932016857,169,0.82125,0.0,0.75,0,745,0,0,-0.001264221966266632,3.5162980556488037,1.4233430624008179,-0.0007268061744980514,0.0,0.2955839931964874
409,guidance_0_capability_0_safety_1,1,-0.10399414617859293,170,0.006875,0.0,0.0,0,1,0,0,-8.078913197095972e-06,3.11095929145813,1.441870927810669,0.0009749631863087416,0.0,0.2852252125740051
410,guidance_0_capability_0_safety_1,1,0.40958007413428277,170,0.3925,0.25,0.5,0,257,0,0,0.00018168272799812257,49.672752380371094,1.4443095922470093,-0.0004888389375992119,0.0,0.29751431941986084
411,guidance_0_capability_0_safety_1,1,-0.03166992855040007,170,0.5825,0.25,0.625,0,513,0,0,-0.00047505710972473025,7.798027038574219,1.4302700757980347,0.00022427699877880514,0.0,0.28895631432533264
412,guidance_0_capability_0_safety_1,1,-0.016416016973380465,170,0.67125,0.25,0.625,0,769,0,0,-0.0006459799478761852,2.1145989894866943,1.429722547531128,0.00046520837349817157,0.0,0.28816863894462585
413,guidance_0_capability_0_safety_1,1,-0.0811425805077306,171,0.0175,0.0,0.0,0,25,0,0,-0.004191866144537926,2.964853286743164,1.424242377281189,0.0010546690318733454,0.0,0.27901995182037354
414,guidance_0_capability_0_safety_1,1,0.15560546670894837,171,0.304375,0.0,0.5,0,281,0,0,-0.001934424857608974,4.829193592071533,1.414608359336853,-0.0005748922703787684,0.0,0.3009541630744934
415,guidance_0_capability_0_safety_1,1,-0.014414063218282536,171,0.398125,0.0,0.5,0,537,0,0,-0.001879469258710742,2.8890914916992188,1.4044398069381714,0.0006333905621431768,0.0,0.29784566164016724
416,guidance_0_capability_0_safety_1,1,0.16748046683642315,171,0.6775,0.0,1.0,0,793,0,0,0.001613361295312643,15.787705421447754,1.3993209600448608,0.00225508282892406,0.0,0.29205018281936646
417,guidance_0_capability_0_safety_1,1,0.049140623854327714,172,0.119375,0.0,0.125,0,49,0,0,-0.00047209797776304185,4.418574333190918,1.3805553913116455,-0.0011198000283911824,0.0,0.31228458881378174
418,guidance_0_capability_0_safety_1,1,0.19552734048920684,172,0.48375,0.0,0.625,0,305,0,0,-0.0004968028515577316,5.99575662612915,1.4053611755371094,0.00023186576436273754,0.0,0.3011056184768677
419,guidance_0_capability_0_safety_1,1,0.02537109221884748,172,0.620625,0.0,0.75,0,561,0,0,-0.002829205710440874,3.3054251670837402,1.3971385955810547,0.001892791478894651,0.0,0.3006194829940796
420,guidance_0_capability_0_safety_1,1,-0.04727539168379735,172,0.679375,0.0,0.75,0,817,0,0,-0.004267889074981213,0.9788131713867188,1.4357094764709473,0.0047505381517112255,0.0,0.2884458601474762
421,guidance_0_capability_0_safety_1,1,-0.0954687537123391,173,0.06125,0.0,0.0,0,73,0,0,0.002962909173220396,4.509031772613525,1.389286994934082,0.006141285412013531,0.0,0.2907850742340088
422,guidance_0_capability_0_safety_1,1,0.30326171738124685,173,0.53125,0.0,0.625,0,329,0,0,-0.0010888725519180298,8.07552719116211,1.4650285243988037,0.0011713893618434668,0.0,0.2823621332645416
423,guidance_0_capability_0_safety_1,1,-0.14014648868032964,173,0.606875,0.0,0.625,0,585,0,0,-0.0004659406840801239,17.095230102539062,1.3774712085723877,0.0007731134537607431,0.0,0.2991220951080322
424,guidance_0_capability_0_safety_1,1,-0.0674121122865472,173,0.651875,0.0,0.625,0,841,0,0,-0.0017810601275414228,2.192920684814453,1.4461631774902344,0.0003914066473953426,0.0,0.278181791305542
425,guidance_0_capability_0_safety_1,1,0.07843749939638656,174,0.159375,0.0,0.125,0,97,0,0,-0.0015333201736211777,4.857736110687256,1.3648605346679688,-0.0025970523711293936,0.0,0.32646679878234863
426,guidance_0_capability_0_safety_1,1,0.13300781010184437,174,0.466875,0.0,0.375,0,353,0,0,-0.001391066238284111,5.135483741760254,1.3625377416610718,0.00319143058732152,0.0,0.30416542291641235
427,guidance_0_capability_0_safety_1,1,0.033691405289573595,174,0.6475,0.0,0.375,0,609,0,0,-0.000512024387717247,6.363626956939697,1.3287262916564941,0.0010073602898046374,0.0,0.3178921341896057
428,guidance_0_capability_0_safety_1,1,0.024394527834374458,174,0.71875,0.0,0.75,0,865,0,0,-0.00032783951610326767,3.4506118297576904,1.3771328926086426,0.00016600328672211617,0.0,0.3114573359489441
429,guidance_0_capability_0_safety_1,1,0.20801757651133812,175,0.205625,0.125,0.125,0,121,0,0,-0.00044661015272140503,24.523839950561523,1.354227066040039,0.0004892588476650417,0.0,0.3243366479873657
430,guidance_0_capability_0_safety_1,1,0.04501953076396603,175,0.455625,0.125,0.25,0,377,0,0,-0.0006535283173434436,5.36977481842041,1.2901796102523804,0.0002067913010250777,0.0,0.35574159026145935
431,guidance_0_capability_0_safety_1,1,0.04299804393667728,175,0.596875,0.125,0.5,0,633,0,0,-0.0013513037702068686,1.5859761238098145,1.3202191591262817,0.0005057500675320625,0.0,0.328555166721344
432,guidance_0_capability_0_safety_1,1,-0.027451173478766577,175,0.641875,0.125,0.625,0,889,0,0,-0.0006090732058510184,2.6666111946105957,1.3436954021453857,-0.00021609579562209547,0.0,0.33982083201408386
433,guidance_0_capability_0_safety_1,1,0.17585937131661922,176,0.335,0.0,0.125,0,145,0,0,-0.0008531119674444199,4.078485488891602,1.2994568347930908,0.0008274443680420518,0.0,0.3623082637786865
434,guidance_0_capability_0_safety_1,1,0.06995116955295089,176,0.526875,0.0,0.5,0,401,0,0,-0.0005571480724029243,8.404216766357422,1.3045133352279663,-0.0011600176803767681,0.0,0.3477973937988281
435,guidance_0_capability_0_safety_1,1,-0.03010742336846306,176,0.6075,0.0,0.5,0,657,0,0,-0.0005800004000775516,2.651925563812256,1.3410747051239014,0.000541608314961195,0.0,0.3324625492095947
436,guidance_0_capability_0_safety_1,1,0.08838867140730144,176,0.83625,0.0,0.625,0,913,0,0,-0.000611682771705091,8.485451698303223,1.3552888631820679,0.00030531230731867254,0.0,0.3153533637523651
437,guidance_0_capability_0_safety_1,1,0.18248046522057848,177,0.269375,0.0,0.375,0,169,0,0,-0.0007429352845065296,5.425320148468018,1.3247768878936768,-8.222220640163869e-05,0.0,0.35247868299484253
438,guidance_0_capability_0_safety_1,1,0.0780957027018303,177,0.445,0.0,0.375,0,425,0,0,-0.0010832886910066009,2.1883468627929688,1.343907117843628,0.0008476951043121517,0.0,0.3262290358543396
439,guidance_0_capability_0_safety_1,1,0.007939451934362296,177,0.515,0.0,0.5,0,681,0,0,-0.0036174729466438293,1.4507451057434082,1.2948217391967773,0.002821759320795536,0.0,0.3466690480709076
440,guidance_0_capability_0_safety_1,1,-0.011044922423025128,177,0.55125,0.0,0.5,0,937,0,0,-0.007661343552172184,0.2406967431306839,1.4326059818267822,0.010485722683370113,0.0234375,0.2862370014190674
441,guidance_0_capability_0_safety_1,1,0.17336913639883278,178,0.350625,0.0,0.375,0,193,0,0,-0.0007442757487297058,4.352757453918457,1.4255698919296265,0.01734437420964241,0.0,0.29233217239379883
442,guidance_0_capability_0_safety_1,1,0.1005078100351966,178,0.540625,0.0,0.75,0,449,0,0,-0.002887895330786705,1.7608306407928467,1.4987173080444336,0.0010603241389617324,0.0,0.2737313210964203
443,guidance_0_capability_0_safety_1,1,0.006992184760747477,178,0.6175,0.0,0.875,0,705,0,0,-0.004974932409822941,1.9488704204559326,1.46951425075531,0.0012210211716592312,0.0,0.2907242476940155
444,guidance_0_capability_0_safety_1,1,0.029013671548455022,178,0.724375,0.0,0.875,0,961,0,0,0.0006267201970331371,2.680521011352539,1.5306146144866943,0.0016909729456529021,0.0,0.2652527987957001
445,guidance_0_capability_0_safety_1,1,0.21753906302910764,179,0.30875,0.0,0.5,0,217,0,0,-0.0012695150217041373,4.106276035308838,1.432403326034546,-3.458326682448387e-05,0.0,0.2873092293739319
446,guidance_0_capability_0_safety_1,1,0.1847558605404629,179,0.463125,0.125,0.625,0,473,0,0,4.4485244870884344e-05,15.836531639099121,1.4679303169250488,0.0012303800322115421,0.0,0.2793221175670624
447,guidance_0_capability_0_safety_1,1,0.019541015484719537,179,0.530625,0.125,0.625,0,729,0,0,-0.0005385627737268806,1.1946351528167725,1.5298213958740234,0.0004196818917989731,0.0,0.26288607716560364
448,guidance_0_capability_0_safety_1,1,-0.09257812662690412,179,0.584375,0.125,0.625,0,985,0,0,-9.861930448096246e-05,4.0008769035339355,1.4934715032577515,-0.000380215875338763,0.0,0.286121666431427
449,guidance_0_capability_0_safety_1,1,0.1665234385036456,180,0.3775,0.0,0.375,0,241,0,0,-0.0007853390416130424,10.532894134521484,1.402179479598999,-1.6763806343078613e-06,0.0,0.30199307203292847
450,guidance_0_capability_0_safety_1,1,0.2818066391882894,180,0.6175,0.25,0.75,0,497,0,0,-6.568742537638173e-05,40.312744140625,1.5024226903915405,-4.9919821321964264e-05,0.0,0.27030304074287415
451,guidance_0_capability_0_safety_1,1,0.007011718473222572,180,0.654375,0.25,0.875,0,753,0,0,-0.0030104692559689283,0.2816305160522461,1.5605087280273438,0.000540394801646471,0.0,0.24069850146770477
452,guidance_0_capability_0_safety_1,1,-0.0005371093538997229,181,0.0225,0.0,0.0,0,9,0,0,-0.0027697798795998096,1.380861759185791,1.5495033264160156,0.004270979668945074,0.0,0.25904136896133423
453,guidance_0_capability_0_safety_1,1,0.20510742137412308,181,0.375,0.0,0.25,0,265,0,0,-0.006782395299524069,2.2486374378204346,1.4060800075531006,-0.002388501539826393,0.0,0.3052237033843994
454,guidance_0_capability_0_safety_1,1,0.13895507720008027,181,0.588125,0.0,0.625,0,521,0,0,-0.002644962165504694,3.070523262023926,1.4624769687652588,0.004498013760894537,0.0052083334885537624,0.28334981203079224
455,guidance_0_capability_0_safety_1,1,0.07716796878958121,182,0.305625,0.0,0.5,0,168,0,0,-0.0010422220220789313,57.03379440307617,1.4018810987472534,0.0029263633769005537,0.0,0.29590904712677
456,guidance_0_capability_0_safety_1,1,0.09972656304307748,182,0.528125,0.0,0.5,0,424,0,0,-0.002659717109054327,2.6470730304718018,1.405895709991455,0.002075494034215808,0.0,0.30130311846733093
457,guidance_0_capability_0_safety_1,1,0.014140624334686436,182,0.615,0.0,0.5,0,680,0,0,-0.0005600946024060249,0.8745930194854736,1.4535844326019287,0.00017167581245303154,0.0,0.2881259620189667
458,guidance_0_capability_0_safety_1,1,0.0029199212076491676,182,0.68,0.0,0.5,0,936,0,0,-0.0023569080512970686,0.3875483572483063,1.465724229812622,0.0015281874220818281,0.0,0.29099616408348083
459,guidance_0_capability_0_safety_1,1,0.18729492163765826,183,0.2825,0.0,0.5,0,192,0,0,0.00018419481057208031,2.3172898292541504,1.3649907112121582,-0.00027928579947911203,0.0,0.3161618411540985
460,guidance_0_capability_0_safety_1,1,0.3725390705949394,183,0.591875,0.25,0.75,0,448,0,0,0.0008886717259883881,43.92073059082031,1.4285826683044434,0.00026889503351412714,0.0,0.2942277789115906
461,guidance_0_capability_0_safety_1,1,0.03975585709849838,183,0.784375,0.25,0.75,0,704,0,0,-0.0011764876544475555,3.3789591789245605,1.4226258993148804,0.0011912193149328232,0.0,0.3012288510799408
462,guidance_0_capability_0_safety_1,1,-0.017236327821592567,183,0.824375,0.25,0.75,0,960,0,0,-0.0037539456970989704,0.8596062660217285,1.5273517370224,0.00037989983684383333,0.0,0.26531752943992615
463,guidance_0_capability_0_safety_1,1,0.20410156365687726,184,0.346875,0.0,0.25,0,216,0,0,-0.0013725103344768286,4.174561977386475,1.3708280324935913,0.0006379078840836883,0.0,0.3128555417060852
464,guidance_0_capability_0_safety_1,1,0.11742187375421054,184,0.57625,0.0,0.375,0,472,0,0,-0.002185221528634429,2.5764553546905518,1.439761996269226,0.0006629700656048954,0.0,0.2900988757610321
465,guidance_0_capability_0_safety_1,1,0.01993163814768195,184,0.693125,0.0,0.5,0,728,0,0,-0.0017905844142660499,3.6145131587982178,1.3918983936309814,0.0014010337181389332,0.0,0.32484179735183716
466,guidance_0_capability_0_safety_1,1,-0.012001953542494448,184,0.7175,0.0,0.625,0,984,0,0,-0.002159489318728447,1.0468918085098267,1.440596580505371,0.0010353811085224152,0.0,0.29683101177215576
467,guidance_0_capability_0_safety_1,1,0.2618066397444636,185,0.400625,0.0,0.5,0,240,0,0,-0.0025750070344656706,2.7997658252716064,1.4315004348754883,-0.0011994054075330496,0.0,0.28565099835395813
468,guidance_0_capability_0_safety_1,1,0.16055664010855253,185,0.67125,0.0,0.75,0,496,0,0,-1.500966027379036e-05,2.5439717769622803,1.5443605184555054,0.001488410634920001,0.0,0.25210028886795044
469,guidance_0_capability_0_safety_1,1,0.024453124962747097,185,0.773125,0.0,0.75,0,752,0,0,-0.002141691278666258,1.4519513845443726,1.616828441619873,0.0006126459920778871,0.0,0.22873274981975555
470,guidance_0_capability_0_safety_1,1,-0.03833008054425591,186,0.018125,0.0,0.0,0,8,0,0,-0.0033830231986939907,1.3533241748809814,1.6088742017745972,-0.0012217562180012465,0.0,0.23369573056697845
471,guidance_0_capability_0_safety_1,1,0.33238281059311703,186,0.48375,0.0,1.0,0,264,0,0,0.00038248239434324205,7.1439104080200195,1.4823870658874512,0.0022370386868715286,0.0,0.2826768755912781
472,guidance_0_capability_0_safety_1,1,0.04578124852196197,186,0.6325,0.0,1.0,0,520,0,0,-0.0013581512030214071,2.338123321533203,1.5876612663269043,0.0010728517081588507,0.0,0.24053671956062317
473,guidance_0_capability_0_safety_1,1,-0.012167969052825356,186,0.67,0.0,1.0,0,776,0,0,-0.0024257819168269634,0.2633219361305237,1.621498465538025,-0.0005130870267748833,0.0,0.2288690060377121
474,guidance_0_capability_0_safety_1,1,0.07724609317665454,187,0.06125,0.0,0.0,0,32,0,0,0.0001759808510541916,2.512956142425537,1.616761565208435,-0.0017511824844405055,0.0,0.22721323370933533
475,guidance_0_capability_0_safety_1,1,0.17832031153375283,187,0.3425,0.0,0.375,0,288,0,0,-0.0011834921315312386,2.0476503372192383,1.5349887609481812,-0.00021927757188677788,0.0,0.2560071647167206
476,guidance_0_capability_0_safety_1,1,0.03592773375930847,187,0.448125,0.0,0.375,0,544,0,0,-0.0010524771641939878,1.1461665630340576,1.6092265844345093,0.0005893664201721549,0.0,0.23434965312480927
477,guidance_0_capability_0_safety_1,1,0.005087889781862032,187,0.53,0.0,0.375,0,800,0,0,-0.0024233893491327763,1.724709153175354,1.6256545782089233,-0.00043667590944096446,0.0,0.22962233424186707
478,guidance_0_capability_0_safety_1,1,0.21241211014785222,188,0.128125,0.0,0.25,0,56,0,0,-0.0016883767675608397,24.591724395751953,1.5882816314697266,0.00037139764754101634,0.0,0.23409633338451385
479,guidance_0_capability_0_safety_1,1,0.16064453062062967,188,0.426875,0.0,0.375,0,312,0,0,-0.0013148810248821974,2.9411001205444336,1.4990781545639038,-0.00028507737442851067,0.0,0.2672156095504761
480,guidance_0_capability_0_safety_1,1,0.12736329175459105,188,0.5275,0.125,0.375,0,568,0,0,0.00033877231180667877,16.138561248779297,1.5614597797393799,-0.0002473226631991565,0.0,0.23829403519630432
481,guidance_0_capability_0_safety_1,1,0.11108398366195615,188,0.696875,0.125,0.75,0,824,0,0,-0.0002743851800914854,4.386029243469238,1.5844577550888062,-0.0006047288770787418,0.0,0.23869673907756805
482,guidance_0_capability_0_safety_1,1,0.21470704063540325,189,0.156875,0.125,0.25,0,80,0,0,-0.0004971455782651901,26.784835815429688,1.5504459142684937,-0.0003159965272061527,0.0,0.2543737292289734
483,guidance_0_capability_0_safety_1,1,0.2858593741475488,189,0.428125,0.375,0.25,0,336,0,0,-0.0018634709995239973,28.292266845703125,1.5206212997436523,0.0008459467208012938,0.0,0.25231635570526123
484,guidance_0_capability_0_safety_1,1,0.13047851690498646,189,0.551875,0.5,0.375,0,592,0,0,-0.0006912369281053543,27.210533142089844,1.5697956085205078,-0.0005139794084243476,0.0,0.24982666969299316
485,guidance_0_capability_0_safety_1,1,0.0067871095016016625,189,0.586875,0.5,0.5,0,848,0,0,-0.0010293468367308378,0.6058410406112671,1.5899384021759033,-0.0006744206766597927,0.0,0.24834084510803223
486,guidance_0_capability_0_safety_1,1,0.108564450591075,190,0.215,0.0,0.5,0,104,0,0,-0.002658190904185176,1.97819185256958,1.5185350179672241,0.0008030040189623833,0.0,0.260342538356781
487,guidance_0_capability_0_safety_1,1,0.07292968461115379,190,0.35875,0.0,0.75,0,360,0,0,-0.00018191213894169778,3.0603103637695312,1.5104182958602905,-0.00013874517753720284,0.0,0.2804811894893646
488,guidance_0_capability_0_safety_1,1,0.05381835931621026,190,0.505,0.0,0.75,0,616,0,0,-0.0002541542053222656,1.4589178562164307,1.5765279531478882,-0.0002586048503872007,0.0,0.24845877289772034
489,guidance_0_capability_0_safety_1,1,0.0852636612362403,190,0.540625,0.125,0.75,0,872,0,0,6.168584513943642e-05,17.5297908782959,1.5907201766967773,0.0004591297765728086,0.0,0.2440251111984253
490,guidance_0_capability_0_safety_1,1,0.15157226558585535,191,0.2375,0.0,0.25,0,128,0,0,-0.0008001256501302123,1.71024751663208,1.532285213470459,-0.0001921906805364415,0.0,0.25930190086364746
491,guidance_0_capability_0_safety_1,1,0.16677734146651346,191,0.530625,0.0,0.625,0,384,0,0,-0.0051236278377473354,1.6746981143951416,1.5189627408981323,0.0020759727340191603,0.0,0.26543042063713074
492,guidance_0_capability_0_safety_1,1,0.008681641123985173,191,0.6225,0.0,0.875,0,640,0,0,-0.0026031658053398132,2.648139476776123,1.5206124782562256,0.000892418553121388,0.0,0.2634248435497284
493,guidance_0_capability_0_safety_1,1,0.00359374844992999,191,0.7075,0.0,0.875,0,896,0,0,-0.002467189449816942,1.3507111072540283,1.5402452945709229,-0.00029069650918245316,0.0,0.26156800985336304
494,guidance_0_capability_0_safety_1,1,0.1270410156212165,192,0.243125,0.0,0.125,0,152,0,0,-0.0010650695767253637,1.9571400880813599,1.432313323020935,5.084369331598282e-05,0.0,0.31995779275894165
495,guidance_0_capability_0_safety_1,1,0.18614257870649453,192,0.42875,0.125,0.25,0,408,0,0,-0.00035186298191547394,18.45955467224121,1.3974926471710205,0.0006119254976511002,0.0,0.32498592138290405
496,guidance_0_capability_0_safety_1,1,0.034160155802965164,192,0.5225,0.125,0.375,0,664,0,0,-2.62573994405102e-05,2.7754178047180176,1.4628989696502686,-7.50001854612492e-05,0.0,0.2868480682373047
497,guidance_0_capability_0_safety_1,1,0.19678711843152996,192,0.699375,0.25,0.875,0,920,0,0,-8.662976324558258e-05,27.164485931396484,1.5240634679794312,4.3992575228912756e-05,0.0,0.2676384150981903
498,guidance_0_capability_0_safety_1,1,0.15907226537092356,193,0.25625,0.0,0.375,0,176,0,0,-0.0020986334420740604,2.335693359375,1.4059455394744873,-0.0001597272203071043,0.0,0.3113592863082886
499,guidance_0_capability_0_safety_1,1,0.09191406211539288,193,0.443125,0.0,0.5,0,432,0,0,0.00020166332251392305,2.0350561141967773,1.44355046749115,0.0002922560088336468,0.0,0.3073403239250183
500,guidance_0_capability_0_safety_1,1,-0.020468750495638233,193,0.47125,0.0,0.5,0,688,0,0,-0.0010519791394472122,1.1924057006835938,1.5134506225585938,-0.0005376460030674934,0.0,0.2758322060108185
501,guidance_0_capability_0_safety_1,1,0.07489257638007984,193,0.609375,0.0,0.75,0,944,0,0,-0.0001808061933843419,5.3868255615234375,1.5391658544540405,0.00014755502343177795,0.0,0.2653173804283142
502,guidance_0_capability_0_safety_1,1,0.15152343605586793,194,0.261875,0.0,0.25,0,200,0,0,-0.0009540304308757186,1.3550443649291992,1.4612233638763428,0.000569434545468539,0.0,0.2853555679321289
503,guidance_0_capability_0_safety_1,1,0.12201171967899427,194,0.48125,0.0,0.5,0,456,0,0,-0.0007137110223993659,2.222916603088379,1.503335952758789,-0.0006554365972988307,0.0,0.275909423828125
504,guidance_0_capability_0_safety_1,1,-0.02095703169470653,194,0.51,0.0,0.5,0,712,0,0,-0.0013663507997989655,1.0575973987579346,1.5261614322662354,0.00021540606394410133,0.0,0.2683732211589813
505,guidance_0_capability_0_safety_1,1,-0.011025391209841473,194,0.546875,0.0,0.5,0,968,0,0,-0.00033248838735744357,0.4186389148235321,1.5484275817871094,0.0006032967939972878,0.0,0.25567853450775146
506,guidance_0_capability_0_safety_1,1,0.2317968744537211,195,0.354375,0.0,0.5,0,224,0,0,-0.00023941881954669952,3.240602493286133,1.4623421430587769,0.00017099098477046937,0.0,0.29434144496917725
507,guidance_0_capability_0_safety_1,1,0.13709960927735665,195,0.540625,0.125,0.5,0,480,0,0,-0.0009650395950302482,20.658706665039062,1.475339651107788,-0.00018454724340699613,0.0,0.28258606791496277
508,guidance_0_capability_0_safety_1,1,0.04296874911233317,195,0.655,0.125,0.625,0,736,0,0,-0.001767100184224546,2.9286603927612305,1.526484489440918,0.0005477985250763595,0.0,0.2698400616645813
509,guidance_0_capability_0_safety_1,1,-0.007207031627331162,195,0.700625,0.125,0.625,0,992,0,0,-0.005419202148914337,0.7194565534591675,1.5189307928085327,-0.002832051832228899,0.0,0.28088057041168213
510,guidance_0_capability_0_safety_1,1,0.3468652310402831,196,0.365625,0.125,0.625,0,248,0,0,-0.0020580317359417677,27.044164657592773,1.4447226524353027,-0.0003292419423814863,0.0,0.29363423585891724
511,guidance_0_capability_0_safety_1,1,0.13542968688489054,196,0.60125,0.125,0.875,0,504,0,0,0.00018566040671430528,2.3588979244232178,1.4965572357177734,-0.00039374426705762744,0.0,0.27248185873031616
512,guidance_0_capability_0_safety_1,1,-0.009189453998260433,196,0.684375,0.125,0.875,0,760,0,0,-0.002389338333159685,1.1449530124664307,1.5148429870605469,0.0008289899560622871,0.0,0.27030056715011597
513,guidance_0_capability_0_safety_1,1,0.01534179701047833,197,0.033125,0.0,0.25,0,16,0,0,-0.004629754461348057,1.084346055984497,1.5250825881958008,0.0036698756739497185,0.0013020833721384406,0.2705143690109253
514,guidance_0_capability_0_safety_1,1,0.1454003895414644,197,0.315625,0.0,0.25,0,272,0,0,-0.0007069750572554767,3.1975743770599365,1.4523875713348389,-0.0006192134460434318,0.0,0.28279632329940796
515,guidance_0_capability_0_safety_1,1,0.1460449221667659,197,0.435625,0.125,0.25,0,528,0,0,-0.0017756267916411161,17.063232421875,1.518528938293457,0.0012075556442141533,0.0,0.2724454998970032
516,guidance_0_capability_0_safety_1,1,0.004335937373980414,197,0.48875,0.125,0.25,0,784,0,0,-0.0006019833381287754,0.31625980138778687,1.5635449886322021,0.0005129582132212818,0.0,0.25711849331855774
517,guidance_0_capability_0_safety_1,1,0.007988281351572368,198,0.07875,0.0,0.0,0,40,0,0,-0.0070182024501264095,0.48612022399902344,1.5532978773117065,0.0015440688002854586,0.0,0.2525319755077362
518,guidance_0_capability_0_safety_1,1,0.054541014978894964,198,0.20125,0.0,0.125,0,296,0,0,-0.0006902317400090396,6.264653205871582,1.4565913677215576,0.0059502627700567245,0.02473958395421505,0.3000822365283966
519,guidance_0_capability_0_safety_1,1,0.12146484276308911,198,0.42375,0.0,0.375,0,552,0,0,0.0021185027435421944,6.267319202423096,1.5978553295135498,0.0006952029652893543,0.0,0.24148254096508026
520,guidance_0_capability_0_safety_1,1,0.13872071263904218,198,0.518125,0.125,0.5,0,808,0,0,0.0002885442227125168,19.3720703125,1.6145250797271729,-0.00019105493265669793,0.0,0.2383512556552887
521,guidance_0_capability_0_safety_1,1,0.06016601511146291,199,0.12375,0.0,0.25,0,64,0,0,-0.0004278480482753366,1.459338903427124,1.6209977865219116,0.0002078645338770002,0.0,0.22283899784088135
522,guidance_0_capability_0_safety_1,1,0.1401562558276055,199,0.3,0.125,0.375,0,320,0,0,1.761503517627716e-05,35.151832580566406,1.5628517866134644,-0.0004350544768385589,0.0,0.24603340029716492
523,guidance_0_capability_0_safety_1,1,0.006650390114373295,199,0.356875,0.125,0.375,0,576,0,0,-0.0002897993545047939,0.7268162965774536,1.6095094680786133,-0.00038344896165654063,0.0,0.23744356632232666
524,guidance_0_capability_0_safety_1,1,0.012412108400894795,199,0.420625,0.125,0.375,0,832,0,0,-0.0033924919553101063,0.7496241331100464,1.6205368041992188,0.0010312993545085192,0.0,0.2300947606563568
525,guidance_0_capability_0_safety_1,1,0.12497070292010903,200,0.174375,0.0,0.25,0,88,0,0,0.0007321645389311016,2.148782253265381,1.5410631895065308,-0.001357600442133844,0.0,0.2614600658416748
526,guidance_0_capability_0_safety_1,1,0.2586328221623262,200,0.42375,0.125,0.625,0,344,0,0,0.00017591690993867815,18.080516815185547,1.4846818447113037,0.0010036526946350932,0.0,0.27733075618743896
527,guidance_0_capability_0_safety_1,1,0.07156249939362169,200,0.564375,0.125,0.75,0,600,0,0,-0.0030559475999325514,1.4408302307128906,1.5801093578338623,0.00030087571940384805,0.0,0.2503872811794281
528,guidance_0_capability_0_safety_1,1,0.02331054646128905,200,0.646875,0.125,0.75,0,856,0,0,-0.002006744034588337,0.7096766829490662,1.5891069173812866,0.002081724349409342,0.0,0.24062559008598328
529,guidance_0_capability_0_safety_1,1,0.11816405994613888,201,0.116875,0.125,0.125,0,112,0,0,-0.00020128116011619568,20.828020095825195,1.481297492980957,0.0028525020461529493,0.0,0.2762005031108856
530,guidance_0_capability_0_safety_1,1,0.11764648243479314,201,0.338125,0.125,0.25,0,368,0,0,-0.0013198036467656493,1.9837602376937866,1.4978618621826172,0.000296643323963508,0.0,0.2731747329235077
531,guidance_0_capability_0_safety_1,1,0.1965527318570821,201,0.611875,0.125,0.875,0,624,0,0,6.829885387560353e-05,11.420974731445312,1.5533422231674194,2.6954960048897192e-05,0.0,0.2652308940887451
532,guidance_0_capability_0_safety_1,1,0.00035156253579771146,201,0.665,0.125,0.875,0,880,0,0,-0.00293555436655879,0.3484419882297516,1.620950698852539,0.00021145385107956827,0.0,0.2282276749610901
533,guidance_0_capability_0_safety_1,1,0.18572265355760464,202,0.2925,0.0,0.25,0,136,0,0,-0.0008190330117940903,1.564273476600647,1.4533038139343262,0.0016200738027691841,0.0,0.2961614727973938
534,guidance_0_capability_0_safety_1,1,0.15348632901077508,202,0.55875,0.0,0.5,0,392,0,0,-0.0016871483530849218,3.7545723915100098,1.4663350582122803,-0.00011839609214803204,0.0,0.28797897696495056
535,guidance_0_capability_0_safety_1,1,0.06860351456634817,202,0.706875,0.0,0.625,0,648,0,0,-0.000650414265692234,3.0962347984313965,1.5415576696395874,-0.0005285232327878475,0.0,0.2647283673286438
536,guidance_0_capability_0_safety_1,1,0.02526367078826297,202,0.78625,0.0,0.75,0,904,0,0,-0.0013800835004076362,1.1733835935592651,1.5234887599945068,0.00024239176127593964,0.0,0.2670063376426697
537,guidance_0_capability_0_safety_1,1,0.13630859314798727,203,0.246875,0.0,0.25,0,160,0,0,-0.0037808704655617476,2.327824831008911,1.4454495906829834,0.0019708145409822464,0.0,0.2932417094707489
538,guidance_0_capability_0_safety_1,1,0.21156249897103407,203,0.59375,0.0,0.75,0,416,0,0,0.0008110725320875645,3.90234112739563,1.4550412893295288,0.0016669703181833029,0.0,0.3028016984462738
539,guidance_0_capability_0_safety_1,1,0.06219726416020421,203,0.790625,0.0,0.875,0,672,0,0,-0.001090806326828897,2.173828601837158,1.556635856628418,-0.0006166512612253428,0.0,0.26140618324279785
540,guidance_0_capability_0_safety_1,1,0.09481446352947387,203,0.865625,0.125,0.875,0,928,0,0,-0.0009408332407474518,17.6958065032959,1.6100759506225586,-0.0009858071571215987,0.0,0.2387116253376007
541,guidance_0_capability_0_safety_1,1,0.3273046823524055,204,0.345,0.125,0.75,0,184,0,0,-0.0010922886431217194,23.66526985168457,1.392514944076538,-4.109429937670939e-05,0.0,0.32415157556533813
542,guidance_0_capability_0_safety_1,1,0.23078124730818672,204,0.596875,0.25,0.875,0,440,0,0,-0.0006251620943658054,18.892864227294922,1.5192286968231201,0.0002133646048605442,0.0,0.27065449953079224
543,guidance_0_capability_0_safety_1,1,0.013886718839785317,204,0.709375,0.25,0.875,0,696,0,0,-0.00092264887643978,4.368342399597168,1.6080055236816406,0.0004285324248485267,0.0,0.2361088991165161
544,guidance_0_capability_0_safety_1,1,-0.014765625695872586,204,0.76375,0.25,0.875,0,952,0,0,2.5310243927378906e-06,1.110252857208252,1.5790694952011108,0.00017501732509117573,0.0,0.2506472170352936
545,guidance_0_capability_0_safety_1,1,0.21073242021157057,205,0.360625,0.0,0.125,0,208,0,0,-0.0039147320203483105,2.3344545364379883,1.4033973217010498,0.0017561214044690132,0.0,0.2982541024684906
546,guidance_0_capability_0_safety_1,1,0.15931641601127922,205,0.500625,0.125,0.25,0,464,0,0,-0.0031579385977238417,15.121232986450195,1.4529856443405151,0.0008279107278212905,0.0,0.30139267444610596
547,guidance_0_capability_0_safety_1,1,0.032412110038421815,205,0.629375,0.125,0.25,0,720,0,0,-0.00033506378531455994,1.8925244808197021,1.520203948020935,-0.00010421996557852253,0.0,0.2662712335586548
548,guidance_0_capability_0_safety_1,1,0.09718749864623533,205,0.683125,0.25,0.25,0,976,0,0,-0.004785414785146713,10.544912338256836,1.5623538494110107,6.669759750366211e-05,0.0,0.26413559913635254
549,guidance_0_capability_0_safety_1,1,0.2644238270368078,206,0.410625,0.0,0.375,0,232,0,0,-0.00040017254650592804,3.872321367263794,1.3424253463745117,0.001531443907879293,0.0,0.33111435174942017
550,guidance_0_capability_0_safety_1,1,0.33934570702695055,206,0.6975,0.25,0.375,0,488,0,0,-0.0008091411436907947,85.81371307373047,1.4559240341186523,-0.0010100663639605045,0.0,0.3024060130119324
551,guidance_0_capability_0_safety_1,1,-0.002060547238215804,206,0.749375,0.25,0.375,0,744,0,0,-0.0013773292303085327,0.6622381806373596,1.5558712482452393,0.0010161919053643942,0.0,0.2541334331035614
552,guidance_0_capability_0_safety_1,1,0.1377246175543405,207,0.005625,0.0,0.0,0,0,0,0,0.00035031110746786,24.313743591308594,1.5489219427108765,7.378232839982957e-05,0.0,0.2655971944332123
553,guidance_0_capability_0_safety_1,1,0.2614355461446394,207,0.4625,0.0,0.25,0,256,0,0,-0.0016276402166113257,2.0286824703216553,1.3207749128341675,0.0003333014319650829,0.0,0.3408968448638916
554,guidance_0_capability_0_safety_1,1,0.09099609365875949,207,0.649375,0.0,0.5,0,512,0,0,-0.0005493623903021216,3.846919298171997,1.507582426071167,0.0010570589220151305,0.0,0.277809202671051
555,guidance_0_capability_0_safety_1,1,0.014990233019489096,207,0.780625,0.0,0.5,0,768,0,0,-0.0024967286735773087,0.8975793123245239,1.4790959358215332,-0.00032787802047096193,0.0,0.2859438359737396
556,guidance_0_capability_0_safety_1,1,-0.044755859751603566,208,0.04875,0.0,0.125,0,24,0,0,0.0018185507506132126,2.464621067047119,1.4952974319458008,-8.127155888359994e-05,0.0,0.27911338210105896
557,guidance_0_capability_0_safety_1,1,0.20937499985302566,208,0.41,0.0,0.375,0,280,0,0,0.0003503045882098377,4.598884105682373,1.3361079692840576,-0.00011833664029836655,0.0,0.3421477675437927
558,guidance_0_capability_0_safety_1,1,0.11221679498339654,208,0.65375,0.0,0.5,0,536,0,0,-0.0008328523254022002,3.8728156089782715,1.4739255905151367,0.0010093821911141276,0.0,0.2956452965736389
559,guidance_0_capability_0_safety_1,1,-0.011591797541768756,208,0.6975,0.0,0.5,0,792,0,0,-0.00400146096944809,0.6074041128158569,1.5475929975509644,0.00037858838913962245,0.0,0.2588626742362976
560,guidance_0_capability_0_safety_1,1,0.05964843665424269,209,0.10375,0.0,0.0,0,48,0,0,-0.0004659934784285724,0.553520679473877,1.490422248840332,0.0040206266567111015,0.0,0.2903617024421692
561,guidance_0_capability_0_safety_1,1,0.31121094786794856,209,0.4525,0.125,0.5,0,304,0,0,-0.00042608071817085147,20.86556625366211,1.4328759908676147,0.0013948108535259962,0.0,0.31473222374916077
562,guidance_0_capability_0_safety_1,1,0.07345703039027285,209,0.615,0.125,0.625,0,560,0,0,-0.0012893559178337455,1.1390100717544556,1.5174503326416016,0.0013211180921643972,0.0,0.28958046436309814
563,guidance_0_capability_0_safety_1,1,0.16722655860939994,209,0.77125,0.25,0.75,0,816,0,0,-0.001902000978589058,37.90135192871094,1.5346031188964844,-0.00042671727715060115,0.0,0.26721465587615967
564,guidance_0_capability_0_safety_1,1,0.06427734288809006,210,0.165625,0.0,0.125,0,72,0,0,-0.0032701583113521338,1.244445562362671,1.5055601596832275,-0.000428307568654418,0.0,0.28619304299354553
565,guidance_0_capability_0_safety_1,1,0.27445312097188435,210,0.469375,0.125,0.375,0,328,0,0,-0.002214670181274414,18.39203643798828,1.4315088987350464,-0.0002311069256393239,0.0,0.30915459990501404
566,guidance_0_capability_0_safety_1,1,0.03818359214710654,210,0.569375,0.125,0.5,0,584,0,0,0.002027411013841629,6.124862194061279,1.547306776046753,0.0006129676476120949,0.0,0.2595332860946655
567,guidance_0_capability_0_safety_1,1,0.0980761705286568,210,0.72,0.125,0.875,0,840,0,0,-0.00014953564095776528,4.71342134475708,1.584457278251648,0.0002838865329977125,0.0,0.2520311176776886
568,guidance_0_capability_0_safety_1,1,0.11151367175989435,211,0.180625,0.0,0.125,0,96,0,0,-0.0021628316026180983,1.1182855367660522,1.5110321044921875,3.9007049053907394e-05,0.0,0.2677018344402313
569,guidance_0_capability_0_safety_1,1,0.37456054655558546,211,0.583125,0.125,0.75,0,352,0,0,0.0004721613076981157,26.41413688659668,1.5167200565338135,0.001756276935338974,0.0,0.28595173358917236
570,guidance_0_capability_0_safety_1,1,0.0456933593195572,211,0.731875,0.125,0.875,0,608,0,0,-4.997476935386658e-06,2.7599682807922363,1.5657848119735718,-0.00020679188310168684,0.0,0.25626444816589355
571,guidance_0_capability_0_safety_1,1,-0.0026660159819584806,211,0.779375,0.125,0.875,0,864,0,0,-0.001002540229819715,0.33986493945121765,1.5457167625427246,-0.0005457415245473385,0.0,0.2719431221485138
572,guidance_0_capability_0_safety_1,1,0.12714843587673386,212,0.2375,0.0,0.25,0,120,0,0,-0.0010525314137339592,0.9961437582969666,1.516249418258667,0.0005259675672277808,0.0,0.26293841004371643
573,guidance_0_capability_0_safety_1,1,0.18039062421303242,212,0.548125,0.0,0.5,0,376,0,0,0.0001507454289821908,1.4498391151428223,1.4507386684417725,-4.4902168156113476e-05,0.0,0.3095746636390686
574,guidance_0_capability_0_safety_1,1,0.0471386707140482,212,0.684375,0.0,0.5,0,632,0,0,-1.3606622815132141e-05,0.9568911194801331,1.5093052387237549,-0.00026086028083227575,0.0,0.28657910227775574
575,guidance_0_capability_0_safety_1,1,-0.00830078198123374,212,0.725625,0.0,0.625,0,888,0,0,-0.0005859291995875537,0.5782829523086548,1.6015914678573608,0.00026402840740047395,0.0,0.2424691915512085
576,guidance_0_capability_0_safety_1,1,0.18071288932696916,213,0.266875,0.0,0.25,0,144,0,0,-0.001340305432677269,2.3431801795959473,1.4896352291107178,0.0008626998169347644,0.0,0.285514235496521
577,guidance_0_capability_0_safety_1,1,0.17836914154031547,213,0.555,0.0,0.625,0,400,0,0,-0.0011976275127381086,2.7092678546905518,1.470956563949585,-0.00012690061703324318,0.0,0.30260562896728516
578,guidance_0_capability_0_safety_1,1,0.03781249999883585,213,0.6575,0.0,0.625,0,656,0,0,0.000301336869597435,0.5267585515975952,1.606401801109314,0.001374530140310526,0.0,0.2375200241804123
579,guidance_0_capability_0_safety_1,1,-0.0192089847078023,213,0.68,0.0,0.625,0,912,0,0,-0.0005937920650467277,0.1078769713640213,1.5451161861419678,0.00041151465848088264,0.0,0.27398011088371277
580,guidance_0_capability_0_safety_1,1,0.15822265626047738,214,0.3075,0.0,0.25,0,168,0,0,-0.005603709723800421,2.385181427001953,1.504845380783081,0.004365318920463324,0.0013020833721384406,0.2860960364341736
581,guidance_0_capability_0_safety_1,1,0.13107421729000635,214,0.545,0.0,0.5,0,424,0,0,-0.0008033564081415534,2.5539188385009766,1.5137393474578857,0.0004427097737789154,0.0,0.28573572635650635
582,guidance_0_capability_0_safety_1,1,-0.008115234773867996,214,0.591875,0.0,0.5,0,680,0,0,-0.0033221114426851273,0.7668972611427307,1.5704398155212402,0.0031699324026703835,0.0,0.267647385597229
583,guidance_0_capability_0_safety_1,1,0.04831054503301857,214,0.713125,0.0,0.625,0,936,0,0,0.0011032826732844114,3.1437788009643555,1.5958517789840698,0.0019145074766129255,0.0,0.23614627122879028
584,guidance_0_capability_0_safety_1,1,0.12051757689914666,215,0.33,0.0,0.25,0,192,0,0,-0.0005068480968475342,3.4839563369750977,1.5002250671386719,0.0003057311987504363,0.0,0.28474700450897217
585,guidance_0_capability_0_safety_1,1,0.1213281246527913,215,0.56125,0.0,0.375,0,448,0,0,-0.00018698225903790444,1.315242052078247,1.5889018774032593,0.000715103349648416,0.0,0.25053951144218445
586,guidance_0_capability_0_safety_1,1,0.017568358562130015,215,0.6225,0.0,0.5,0,704,0,0,-0.0013168001314625144,2.077467918395996,1.5887259244918823,-2.616069650684949e-05,0.0,0.2516375780105591
587,guidance_0_capability_0_safety_1,1,0.09234374896550435,215,0.7875,0.0,0.75,0,960,0,0,0.000502302311360836,4.880428314208984,1.5893462896347046,0.001217685523442924,0.0,0.2558259665966034
588,guidance_0_capability_0_safety_1,1,0.1481152329215547,216,0.3275,0.0,0.25,0,216,0,0,-0.0013632159680128098,4.18260383605957,1.553873062133789,0.0005021925899200141,0.0,0.2545907199382782
589,guidance_0_capability_0_safety_1,1,0.1060937499460124,216,0.51875,0.0,0.5,0,472,0,0,-0.0017827762058004737,1.1570467948913574,1.556269884109497,-1.0448973625898361e-05,0.0,0.26917096972465515
590,guidance_0_capability_0_safety_1,1,-0.001572265780851012,216,0.55,0.0,0.625,0,728,0,0,-0.0011267708614468575,1.1436002254486084,1.59799325466156,0.0006243546376936138,0.0,0.2408127784729004
591,guidance_0_capability_0_safety_1,1,-0.04364257965789875,216,0.565,0.0,0.625,0,984,0,0,0.00011623030150076374,0.8315802812576294,1.541259765625,-0.00027178003801964223,0.0,0.2773769795894623
592,guidance_0_capability_0_safety_1,1,-0.011074216356064426,218,0.055625,0.0,0.125,0,24,0,0,-0.0004614914651028812,118.41112518310547,1.5511066913604736,0.00032053975155577064,0.0,0.2571960687637329
593,guidance_0_capability_0_safety_1,1,0.22795898382173618,218,0.4425,0.0,0.375,0,280,0,0,-0.0008044308051466942,4.0878143310546875,1.5612133741378784,-5.037725713918917e-05,0.0,0.2536768615245819
594,guidance_0_capability_0_safety_1,1,-0.1140527425086475,220,0.008125,0.0,0.0,0,2,0,0,-7.108568388503045e-05,162.66241455078125,1.5897932052612305,8.575960237067193e-05,0.0,0.23882697522640228
595,guidance_0_capability_0_safety_1,1,0.21993163917795755,220,0.400625,0.0,0.375,0,258,0,0,-0.0002899598330259323,3.37212872505188,1.569324254989624,-0.00027378875529393554,0.0,0.2511892020702362
596,guidance_0_capability_0_safety_1,1,0.04289062460884452,220,0.526875,0.0,0.375,0,514,0,0,-0.0005987317999824882,0.5752557516098022,1.5782169103622437,5.5991578847169876e-05,0.0,0.2548396587371826
597,guidance_0_capability_0_safety_1,1,0.017333984018478077,220,0.630625,0.0,0.625,0,770,0,0,-0.0007819635793566704,8.552013397216797,1.628453254699707,0.0009340409887954593,0.0,0.235755056142807
598,guidance_0_capability_0_safety_1,1,-0.02173827078877366,221,0.07625,0.0,0.125,0,33,0,0,-0.0014287102967500687,53.02794647216797,1.5824822187423706,0.0007433929713442922,0.0,0.2565387487411499
599,guidance_0_capability_0_safety_1,1,0.18538085664476966,221,0.425,0.0,0.75,0,289,0,0,-0.0008532445644959807,4.993695259094238,1.5803184509277344,-0.0008929132018238306,0.0,0.2473202347755432
600,guidance_0_capability_0_safety_1,1,0.09617187442199793,221,0.6425,0.0,0.75,0,545,0,0,0.0001392172125633806,2.431471824645996,1.5946605205535889,-0.00027010467601940036,0.0,0.2436768263578415
601,guidance_0_capability_0_safety_1,1,0.023886716655397322,221,0.744375,0.0,1.0,0,801,0,0,-0.001303323544561863,2.0872838497161865,1.5573447942733765,-2.3423461243510246e-05,0.0,0.27027788758277893
602,guidance_0_capability_0_safety_1,1,0.09227539040512056,222,0.1325,0.0,0.375,0,57,0,0,-0.0008635207777842879,2.108107089996338,1.593747854232788,0.0010027156677097082,0.0,0.24616889655590057
603,guidance_0_capability_0_safety_1,1,0.1620410145515052,222,0.410625,0.0,0.625,0,313,0,0,-0.0012341642286628485,2.838420867919922,1.5917819738388062,0.0007160943932831287,0.0,0.2428436279296875
604,guidance_0_capability_0_safety_1,1,0.030205077775462996,222,0.523125,0.0,0.625,0,569,0,0,-0.0006330603500828147,1.361290693283081,1.5724084377288818,-0.0001816670410335064,0.0,0.2575686573982239
605,guidance_0_capability_0_safety_1,1,-0.032216797557339305,222,0.548125,0.0,0.625,0,825,0,0,-0.0009810521733015776,1.255222201347351,1.6196846961975098,0.00041757430881261826,0.0,0.2355993688106537
606,guidance_0_capability_0_safety_1,1,0.10192382685272605,223,0.181875,0.0,0.0,0,81,0,0,-0.00043927133083343506,4.132430076599121,1.6395161151885986,0.00022504571825265884,0.0,0.22204461693763733
607,guidance_0_capability_0_safety_1,1,0.05469726154842647,223,0.471875,0.0,0.25,0,337,0,0,-0.0006177301402203739,8.927644729614258,1.5803107023239136,-6.955908611416817e-05,0.0,0.24798420071601868
608,guidance_0_capability_0_safety_1,1,0.11291015534152393,223,0.688125,0.0,0.5,0,593,0,0,4.3074291170341894e-05,4.038483142852783,1.639676809310913,0.00032536796061322093,0.0,0.22544381022453308
609,guidance_0_capability_0_safety_1,1,0.017285155292483978,223,0.764375,0.0,0.625,0,849,0,0,-0.004956530872732401,0.9310035705566406,1.584113597869873,0.0006170900305733085,0.00390625,0.2519940137863159
610,guidance_0_capability_0_safety_1,1,0.11848632652981905,224,0.215625,0.0,0.125,0,105,0,0,-0.0005355345783755183,1.0617631673812866,1.622573733329773,0.003351766150444746,0.010416666977107525,0.23258158564567566
611,guidance_0_capability_0_safety_1,1,0.055097655043937266,224,0.39625,0.0,0.25,0,361,0,0,0.0012207691324874759,6.121957778930664,1.6289126873016357,0.0001311913802055642,0.0,0.2210608422756195
612,guidance_0_capability_0_safety_1,1,-0.02575195585086476,224,0.4975,0.0,0.625,0,617,0,0,0.0004437444731593132,11.301692962646484,1.604179859161377,0.00046166227548383176,0.0,0.236747145652771
613,guidance_0_capability_0_safety_1,1,-0.16144532238104148,224,0.5225,0.0,0.625,0,873,0,0,3.6283086956245825e-05,11.79387092590332,1.5871046781539917,4.14801761507988e-05,0.0,0.23621714115142822
614,guidance_0_capability_0_safety_1,1,0.03842773097130703,225,0.2125,0.0,0.125,0,129,0,0,-0.0006765599246136844,1.810547947883606,1.5320994853973389,0.0001072498707799241,0.0,0.25666874647140503
615,guidance_0_capability_0_safety_1,1,0.08184570202138275,225,0.48125,0.0,0.5,0,385,0,0,-0.0008750508422963321,4.859719276428223,1.5919864177703857,0.00029343098867684603,0.0,0.22716796398162842
616,guidance_0_capability_0_safety_1,1,-0.07478515898401383,225,0.494375,0.0,0.5,0,641,0,0,-0.0014941742410883307,2.179324150085449,1.5661611557006836,0.00036299083149060607,0.0,0.2399696558713913
617,guidance_0_capability_0_safety_1,1,-0.17859375822445145,225,0.531875,0.0,0.5,0,897,0,0,-1.9432356566539966e-05,9.92267894744873,1.562041997909546,0.00013323307211976498,0.0,0.24905435740947723
618,guidance_0_capability_0_safety_1,1,0.09872070269921096,226,0.21375,0.0,0.375,0,153,0,0,-0.0010364621412009,2.485996723175049,1.601081132888794,-0.0005955991218797863,0.0,0.22435729205608368
619,guidance_0_capability_0_safety_1,1,0.04032226359413471,226,0.485625,0.0,0.75,0,409,0,0,-0.0014486837899312377,10.707747459411621,1.5292681455612183,-0.0012291970197111368,0.0,0.2506598234176636
620,guidance_0_capability_0_safety_1,1,0.004560544359264895,226,0.58375,0.0,0.875,0,665,0,0,-0.0024546324275434017,1.5447938442230225,1.5648616552352905,0.00025656851357780397,0.0,0.24056749045848846
621,guidance_0_capability_0_safety_1,1,-0.1187304734630743,226,0.614375,0.0,0.875,0,921,0,0,-0.0033022358547896147,4.954683780670166,1.546528697013855,0.001997116720303893,0.0013020833721384406,0.24676963686943054
622,guidance_0_capability_0_safety_1,1,0.05811523005831987,227,0.299375,0.0,0.25,0,177,0,0,-0.002039006445556879,5.974822044372559,1.539206862449646,-0.00038513363688252866,0.0,0.2457437962293625
623,guidance_0_capability_0_safety_1,1,-0.1126757872843882,227,0.33875,0.0,0.25,0,433,0,0,0.0003476546553429216,7.276440620422363,1.5437047481536865,-0.0006512093241326511,0.0,0.24399644136428833
624,guidance_0_capability_0_safety_1,1,-0.1557519600028172,227,0.3525,0.0,0.25,0,689,0,0,-0.0009262791718356311,5.7508368492126465,1.5118122100830078,0.0007208813913166523,0.0,0.25112444162368774
625,guidance_0_capability_0_safety_1,1,-0.1162500044592889,227,0.364375,0.0,0.25,0,945,0,0,-0.0011706016957759857,2.884427547454834,1.5599210262298584,0.00035064504481852055,0.0,0.23224353790283203
626,guidance_0_capability_0_safety_1,1,0.04461914407875156,229,0.273125,0.0,0.25,0,188,0,0,-0.00028747384203597903,84.57122802734375,1.534473180770874,0.00011237066792091355,0.0,0.24218964576721191
627,guidance_0_capability_0_safety_1,1,-0.07997070671990514,229,0.301875,0.0,0.375,0,444,0,0,-0.0008112327195703983,5.111152648925781,1.5487000942230225,0.00044680965947918594,0.0,0.24576471745967865
628,guidance_0_capability_0_safety_1,1,0.082167964472319,229,0.5275,0.0,0.625,0,700,0,0,-0.0003794593212660402,11.761201858520508,1.5177850723266602,-0.000387450068956241,0.0,0.2438039481639862
629,guidance_0_capability_0_safety_1,1,-0.010185547071159817,229,0.619375,0.0,0.75,0,956,0,0,-0.001507252804003656,4.620059490203857,1.5793975591659546,0.00018271074804943055,0.0,0.2290024757385254
630,guidance_0_capability_0_safety_1,1,0.13177734472265,230,0.278125,0.0,0.375,0,212,0,0,0.00018135707068722695,3.6318001747131348,1.5573328733444214,0.00029232772067189217,0.0,0.24329563975334167
631,guidance_0_capability_0_safety_1,1,0.05529296617896762,230,0.48625,0.0,0.75,0,468,0,0,-0.0005935017834417522,7.358558177947998,1.5683501958847046,0.00030017070821486413,0.0,0.23083239793777466
632,guidance_0_capability_0_safety_1,1,0.06244140430135303,230,0.7375,0.0,0.875,0,724,0,0,-0.0011085917940363288,6.234515190124512,1.5876191854476929,-0.0004387723165564239,0.0,0.23284082114696503
633,guidance_0_capability_0_safety_1,1,-0.10778320963436272,230,0.80625,0.0,0.875,0,980,0,0,-9.854572999756783e-05,4.969038486480713,1.5412195920944214,0.00016725421301089227,0.0,0.24360625445842743
634,guidance_0_capability_0_safety_1,1,0.12284179795096861,231,0.288125,0.0,0.125,0,236,0,0,-0.0013929407577961683,2.794393539428711,1.5703290700912476,0.00022912118583917618,0.0,0.24282030761241913
635,guidance_0_capability_0_safety_1,1,-0.059365239285398275,231,0.39625,0.0,0.375,0,492,0,0,-0.0012648655101656914,4.832976341247559,1.471480369567871,0.0007069266284815967,0.0,0.26566821336746216
636,guidance_0_capability_0_safety_1,1,0.0608398430631496,231,0.58375,0.0,0.5,0,748,0,0,-0.00037756780511699617,4.8206281661987305,1.533034324645996,-0.00042381929233670235,0.0,0.25037866830825806
637,guidance_0_capability_0_safety_1,1,-0.02752929968846729,232,0.01125,0.0,0.0,0,4,0,0,-0.0013316472759470344,4.659681797027588,1.5537456274032593,0.0006645260727964342,0.0,0.2415657490491867
638,guidance_0_capability_0_safety_1,1,0.14063476117007667,232,0.355625,0.0,0.625,0,260,0,0,-0.0020430113654583693,6.11372184753418,1.5645878314971924,0.000568547286093235,0.0,0.23318755626678467
639,guidance_0_capability_0_safety_1,1,0.03551757707828074,232,0.638125,0.0,1.0,0,516,0,0,-0.0024436735548079014,8.10427474975586,1.5467803478240967,-0.0009701342787593603,0.0,0.23016425967216492
640,guidance_0_capability_0_safety_1,1,-0.08298828620900167,232,0.723125,0.0,1.0,0,772,0,0,-0.000862669839989394,3.9374170303344727,1.5530803203582764,-0.000564594694878906,0.0,0.23744849860668182
641,guidance_0_capability_0_safety_1,1,0.028535153927805368,233,0.059375,0.0,0.0,0,28,0,0,-0.00028152111917734146,2.8345141410827637,1.5992262363433838,-0.0011389446444809437,0.0,0.2220727652311325
642,guidance_0_capability_0_safety_1,1,0.11152343903813744,233,0.449375,0.0,0.75,0,284,0,0,-0.0035235360264778137,10.217245101928711,1.4932575225830078,-0.0010336462873965502,0.0,0.2605310082435608
643,guidance_0_capability_0_safety_1,1,0.024921872391132638,233,0.6225,0.0,0.875,0,540,0,0,-0.0021681305952370167,3.456028938293457,1.5142948627471924,0.00021943473257124424,0.0,0.25956007838249207
644,guidance_0_capability_0_safety_1,1,0.04276366878912086,233,0.814375,0.0,0.875,0,796,0,0,-0.000537763349711895,3.5620083808898926,1.5091674327850342,0.0019509342964738607,0.0,0.25331270694732666
645,guidance_0_capability_0_safety_1,1,0.04067382553694188,234,0.115625,0.0,0.0,0,52,0,0,-0.013059794902801514,1.5794142484664917,1.4692246913909912,0.006043334491550922,0.0,0.26322832703590393
646,guidance_0_capability_0_safety_1,1,0.2966503891366301,234,0.54125,0.0,0.875,0,308,0,0,-0.0019472313579171896,9.258073806762695,1.338903784751892,0.00021329507580958307,0.0013020833721384406,0.3321475386619568
647,guidance_0_capability_0_safety_1,1,-0.011289067813777365,234,0.67125,0.0,0.875,0,564,0,0,1.6670674085617065e-06,3.910473346710205,1.4082577228546143,0.0010906930547207594,0.0,0.2941480576992035
648,guidance_0_capability_0_safety_1,1,-0.016884766697330633,234,0.745625,0.0,0.875,0,820,0,0,0.0009398382971994579,1.4941847324371338,1.3447545766830444,0.0007091239094734192,0.0,0.3324059247970581
649,guidance_0_capability_0_safety_1,1,0.027675780329445843,235,0.133125,0.0,0.125,0,76,0,0,-0.0008505421574227512,2.0311365127563477,1.4332668781280518,0.00019480152695905417,0.0,0.29364463686943054
650,guidance_0_capability_0_safety_1,1,0.1334082020475762,235,0.455625,0.0,0.25,0,332,0,0,-0.0015031736111268401,5.903502464294434,1.4804182052612305,0.0007726440671831369,0.0,0.2752179503440857
651,guidance_0_capability_0_safety_1,1,-0.0396386741376773,235,0.49,0.0,0.25,0,588,0,0,-0.0005446160212159157,3.1055312156677246,1.4773058891296387,-0.0005745936068706214,0.0,0.2905026376247406
652,guidance_0_capability_0_safety_1,1,-0.021777344049041858,235,0.53,0.0,0.25,0,844,0,0,-0.0034100781194865704,0.6461422443389893,1.472265601158142,0.00011489688040455803,0.0,0.27344977855682373
653,guidance_0_capability_0_safety_1,1,0.08803710897336714,236,0.168125,0.0,0.5,0,100,0,0,0.002457443391904235,6.445429801940918,1.4124808311462402,0.002283853478729725,0.01692708395421505,0.3004796504974365
654,guidance_0_capability_0_safety_1,1,0.0923730473186879,236,0.3475,0.0,0.625,0,356,0,0,-0.0004751503875013441,1.8024027347564697,1.4337072372436523,-0.00028816628037020564,0.0013020833721384406,0.300431489944458
655,guidance_0_capability_0_safety_1,1,-0.07564452642327524,238,0.215,0.0,0.25,0,144,0,0,0.0009799040853977203,142.8512725830078,1.4180238246917725,-0.000949281151406467,0.0,0.30521535873413086
656,guidance_0_capability_0_safety_1,1,-0.11351563634889317,239,0.015625,0.0,0.0,0,9,0,0,-0.0004532200691755861,55.15375518798828,1.4237964153289795,-0.0003866294864565134,0.0,0.30350634455680847
657,guidance_0_capability_0_safety_1,1,0.17780273402968305,239,0.318125,0.0,0.375,0,265,0,0,-0.0004939883947372437,2.136383056640625,1.426408290863037,-0.00027368866722099483,0.0,0.32125386595726013
658,guidance_0_capability_0_safety_1,1,-0.017558594248839654,239,0.3825,0.0,0.5,0,521,0,0,-0.0015798434615135193,2.1832480430603027,1.3987443447113037,9.735976345837116e-05,0.0,0.31851184368133545
659,guidance_0_capability_0_safety_1,1,-0.1126855564834841,240,0.169375,0.0,0.125,0,118,0,0,0.00013836193829774857,63.20808792114258,1.3718383312225342,0.0008527046884410083,0.0,0.3194536566734314
660,guidance_0_capability_0_safety_1,1,0.015019531401776476,240,0.285,0.0,0.25,0,374,0,0,-0.0016774069517850876,1.5853629112243652,1.3932923078536987,0.00028275008662603796,0.0,0.334676593542099
661,guidance_0_capability_0_safety_1,1,0.04833007869819994,240,0.40875,0.0,0.25,0,630,0,0,-0.0007597509538754821,1.5641682147979736,1.436074137687683,-0.0009721188107505441,0.0,0.3123703896999359
662,guidance_0_capability_0_safety_1,1,-0.09856445258992608,241,0.11,0.0,0.125,0,94,0,0,0.0008293219725601375,35.53460693359375,1.4158532619476318,-0.00030973448883742094,0.0,0.3205905854701996
663,guidance_0_capability_0_safety_1,1,-0.03958984454948222,242,0.18875,0.0,0.0,0,246,0,0,-0.0003465215559117496,40.82356262207031,1.4685745239257812,0.0005144269089214504,0.0,0.3006446361541748
664,guidance_0_capability_0_safety_1,1,0.06862304758760729,242,0.305625,0.0,0.25,0,502,0,0,-0.0009308650041930377,3.3251936435699463,1.4147400856018066,-0.000131931621581316,0.0,0.32343077659606934
665,guidance_0_capability_0_safety_1,1,-0.12018554567475803,243,0.141875,0.0,0.0,0,147,0,0,0.00010301390284439549,51.78120422363281,1.3884137868881226,0.00014811925939284265,0.0,0.32147037982940674
666,guidance_0_capability_0_safety_1,1,0.08333007802502834,243,0.305,0.0,0.25,0,403,0,0,-0.0006142500787973404,4.500217437744141,1.3682126998901367,0.0010928002884611487,0.0,0.3120132088661194
667,guidance_0_capability_0_safety_1,1,0.04326171901630005,243,0.419375,0.0,0.375,0,659,0,0,-0.00044484250247478485,3.286799192428589,1.3626455068588257,0.00017857644706964493,0.0,0.3527241349220276
668,guidance_0_capability_0_safety_1,1,-0.06167968734007445,243,0.425625,0.0,0.375,0,915,0,0,-0.000283392466371879,1.2278977632522583,1.4171063899993896,0.0001569547166582197,0.0,0.3194102644920349
669,guidance_0_capability_0_safety_1,1,0.07669922308559762,244,0.25875,0.0,0.125,0,171,0,0,-0.0002509870973881334,11.66917610168457,1.3779916763305664,0.0001357820292469114,0.0,0.34578174352645874
670,guidance_0_capability_0_safety_1,1,0.013369139582209755,244,0.3925,0.0,0.25,0,427,0,0,-0.0005597174167633057,4.913329601287842,1.3361566066741943,0.00012953024997841567,0.0,0.3714948892593384
671,guidance_0_capability_0_safety_1,1,-0.07329101693176199,244,0.43,0.0,0.5,0,683,0,0,9.614633017918095e-05,6.988891124725342,1.417529821395874,3.6414130590856075e-05,0.0,0.3196004033088684
672,guidance_0_capability_0_safety_1,1,-0.22412109375363798,244,0.439375,0.0,0.5,0,939,0,0,-0.00016995644546113908,12.463973045349121,1.4213794469833374,0.00021361761901061982,0.0,0.3195936977863312
673,guidance_0_capability_0_safety_1,1,0.11171874652791303,245,0.281875,0.0,0.375,0,195,0,0,-0.00013212053454481065,7.376620292663574,1.3749841451644897,0.00040285964496433735,0.0,0.3227625787258148
674,guidance_0_capability_0_safety_1,1,-0.0661718740593642,246,0.15875,0.0,0.125,0,132,0,0,-0.0001425022928742692,38.37713623046875,1.3438711166381836,4.7538003855152056e-05,0.0,0.3478175103664398
675,guidance_0_capability_0_safety_1,1,0.09618163971026661,246,0.346875,0.0,0.375,0,388,0,0,-0.00047417357563972473,4.622917652130127,1.3609737157821655,0.00014232061221264303,0.0,0.3191065192222595
676,guidance_0_capability_0_safety_1,1,0.012050781642756192,246,0.434375,0.0,0.5,0,644,0,0,-0.00035944022238254547,3.3026092052459717,1.3633677959442139,0.00026930117746815085,0.0,0.34525853395462036
677,guidance_0_capability_0_safety_1,1,-0.10419921845459612,246,0.44125,0.0,0.5,0,900,0,0,-0.0006599162588827312,6.851062774658203,1.4017475843429565,-9.799916006159037e-05,0.0,0.3170197606086731
678,guidance_0_capability_0_safety_1,1,0.06036132757799351,247,0.185625,0.0,0.125,0,156,0,0,-0.0034018743317574263,3.2196130752563477,1.3899097442626953,0.000568632036447525,0.0,0.32702648639678955
679,guidance_0_capability_0_safety_1,1,0.0902246086516243,247,0.35875,0.0,0.375,0,412,0,0,-0.0010884467046707869,4.349061965942383,1.388305902481079,-0.00024056481197476387,0.0,0.33383041620254517
680,guidance_0_capability_0_safety_1,1,0.05581054740832769,247,0.45625,0.0,0.75,0,668,0,0,-0.0024457245599478483,5.502104759216309,1.3121919631958008,0.00019745063036680222,0.0,0.36110711097717285
681,guidance_0_capability_0_safety_1,1,-0.026728512355475686,248,0.0775,0.0,0.0,0,34,0,0,-0.0002389354631304741,31.25133514404297,1.3131860494613647,-0.0010444556828588247,0.0,0.370321124792099
682,guidance_0_capability_0_safety_1,1,0.2631738315685652,248,0.479375,0.0,0.75,0,290,0,0,-0.0006862999871373177,7.004627227783203,1.2561589479446411,0.0006558452150784433,0.0,0.3924978971481323
683,guidance_0_capability_0_safety_1,1,-0.07338867265207227,248,0.564375,0.0,0.75,0,546,0,0,-0.0008225496858358383,7.212048053741455,1.2597609758377075,-0.00021428801119327545,0.0,0.3836855888366699
684,guidance_0_capability_0_safety_1,1,-0.01223632853361778,248,0.66375,0.0,0.875,0,802,0,0,-0.0034274449571967125,2.4890599250793457,1.2452573776245117,-0.0004169563762843609,0.0,0.39530640840530396
685,guidance_0_capability_0_safety_1,1,-0.04305664071944193,249,0.121875,0.0,0.0,0,58,0,0,-0.00029073594487272203,7.706939697265625,1.30513596534729,0.0028961990028619766,0.0,0.36765700578689575
686,guidance_0_capability_0_safety_1,1,0.09208007413690211,250,0.2675,0.0,0.5,0,168,0,0,0.0004812522674910724,67.28497314453125,1.2031376361846924,0.0004810677783098072,0.0,0.41854047775268555
687,guidance_0_capability_0_safety_1,1,0.13130859454031452,250,0.53375,0.0,0.625,0,424,0,0,-0.0016571184387430549,3.6769022941589355,1.069998860359192,0.000295310455840081,0.0,0.47216007113456726
688,guidance_0_capability_0_safety_1,1,-0.023164064212323865,250,0.585,0.0,0.625,0,680,0,0,-0.00312734954059124,1.197944164276123,1.1692273616790771,0.0007326423074118793,0.0,0.4435768127441406
689,guidance_0_capability_0_safety_1,1,0.05404296714186785,250,0.6975,0.0,0.75,0,936,0,0,-0.0006521356990560889,3.8449504375457764,1.0484867095947266,0.00040926714427769184,0.0,0.5058107376098633
690,guidance_0_capability_0_safety_1,1,0.14916992148573627,251,0.209375,0.0,0.25,0,192,0,0,-0.0030748764984309673,4.544755458831787,1.1619246006011963,0.0027822908014059067,0.0,0.45059913396835327
691,guidance_0_capability_0_safety_1,1,0.16021484449811396,251,0.48125,0.0,0.5,0,448,0,0,-0.0007582760299555957,3.978306293487549,1.1691950559616089,0.0002572145313024521,0.0,0.4337231516838074
692,guidance_0_capability_0_safety_1,1,0.0880957035224128,251,0.638125,0.0,0.75,0,704,0,0,-0.0005848197033628821,4.201005935668945,1.126806616783142,0.00044038373744115233,0.0,0.4547748565673828
693,guidance_0_capability_0_safety_1,1,0.010458984688739292,251,0.69625,0.0,0.75,0,960,0,0,-0.0038587581366300583,0.8050365447998047,1.069744348526001,0.002182801952585578,0.0,0.48760414123535156
694,guidance_0_capability_0_safety_1,1,0.2512402351021592,252,0.401875,0.0,0.375,0,216,0,0,-0.0015471115475520492,3.5694119930267334,1.1687020063400269,0.0037606346886605024,0.00911458395421505,0.43252813816070557
695,guidance_0_capability_0_safety_1,1,0.08257812531883246,252,0.59125,0.0,0.375,0,472,0,0,-0.00017068753368221223,3.190201997756958,1.0499776601791382,0.002899171318858862,0.0013020833721384406,0.480430006980896
696,guidance_0_capability_0_safety_1,1,0.0506738274343661,252,0.7375,0.0,0.625,0,728,0,0,0.0002155117690563202,3.8261032104492188,1.0400725603103638,0.001161752501502633,0.0,0.47977837920188904
697,guidance_0_capability_0_safety_1,1,0.003359373327839421,252,0.8175,0.0,0.625,0,984,0,0,-0.001238115830346942,2.3698859214782715,1.1665127277374268,0.0011096023954451084,0.0,0.41479024291038513
698,guidance_0_capability_0_safety_1,1,0.2827734396851156,253,0.403125,0.0,0.5,0,240,0,0,0.0005339104682207108,4.444124221801758,1.1699581146240234,0.0010672870557755232,0.0,0.4047461450099945
699,guidance_0_capability_0_safety_1,1,0.10967773338052211,253,0.60125,0.0,0.75,0,496,0,0,-0.0004773912951350212,4.302456378936768,1.124300241470337,0.0002915596996899694,0.0,0.4247884750366211
700,guidance_0_capability_0_safety_1,1,-0.03187500039348379,253,0.61125,0.0,0.75,0,752,0,0,-7.963429197843652e-06,1.4800941944122314,1.1175408363342285,0.00024080385628622025,0.0,0.44209951162338257
701,guidance_0_capability_0_safety_1,1,0.05138671835811692,254,0.019375,0.0,0.0,0,8,0,0,-0.0013771647354587913,2.0727224349975586,1.1716008186340332,0.00018399721011519432,0.0,0.40727007389068604
702,guidance_0_capability_0_safety_1,1,0.14294921819964657,254,0.26875,0.0,0.25,0,264,0,0,0.000254209793638438,5.250338554382324,1.0758534669876099,0.0008879154920578003,0.0,0.4443691670894623
703,guidance_0_capability_0_safety_1,1,0.167626952403225,254,0.580625,0.0,0.5,0,520,0,0,-0.00039999186992645264,4.346816062927246,1.0876623392105103,0.0006994741852395236,0.0,0.42328640818595886
704,guidance_0_capability_0_safety_1,1,0.03606445218611043,254,0.69375,0.0,0.5,0,776,0,0,-0.0019386988133192062,0.8650895357131958,1.1049516201019287,0.00031035643769428134,0.0,0.43421173095703125
705,guidance_0_capability_0_safety_1,1,0.022753904155251803,255,0.0625,0.0,0.0,0,32,0,0,-0.007376877125352621,3.2788028717041016,1.0740032196044922,0.0005699846660718322,0.0,0.4506300091743469
706,guidance_0_capability_0_safety_1,1,0.26304687437368557,255,0.465,0.0,0.5,0,288,0,0,-0.000522976741194725,5.712168216705322,0.8613059520721436,-0.0016755907563492656,0.0,0.5776991248130798
707,guidance_0_capability_0_safety_1,1,0.10021484433673322,255,0.65875,0.0,0.625,0,544,0,0,-0.005114746280014515,1.5845190286636353,0.8418277502059937,0.0025642397813498974,0.0,0.5666779279708862
708,guidance_0_capability_0_safety_1,1,0.023769532021105988,255,0.750625,0.0,0.625,0,800,0,0,0.0008839279180392623,1.305812954902649,0.8449200391769409,0.00012077375868102536,0.0,0.5797208547592163
709,guidance_0_capability_0_safety_1,1,0.07223632882232778,256,0.125625,0.0,0.0,0,56,0,0,-0.00442232470959425,0.67240309715271,0.8439253568649292,0.002568761119619012,0.0013020833721384406,0.6049355864524841
710,guidance_0_capability_0_safety_1,1,0.20076171989785507,256,0.426875,0.0,0.5,0,312,0,0,0.00010844196367543191,2.285635232925415,0.8646467924118042,-0.0011445709969848394,0.0,0.59066241979599
711,guidance_0_capability_0_safety_1,1,0.03945312580981408,256,0.54375,0.0,0.5,0,568,0,0,7.016398012638092e-05,2.88270902633667,0.8528484106063843,-7.265868771355599e-05,0.0,0.587032675743103
712,guidance_0_capability_0_safety_1,1,0.1018359389345278,256,0.75625,0.0,0.5,0,824,0,0,0.0003558721800800413,2.9683046340942383,0.7548058032989502,-0.0003341579285915941,0.0,0.6257051229476929
713,guidance_0_capability_0_safety_1,1,0.09886718718553311,257,0.158125,0.0,0.125,0,80,0,0,-0.001438915729522705,1.0718042850494385,0.8777135610580444,5.526871973415837e-05,0.0,0.5904276371002197
714,guidance_0_capability_0_safety_1,1,0.2687695333879674,257,0.533125,0.0,0.875,0,336,0,0,0.000973574526142329,3.6852316856384277,0.8501285314559937,0.00010156258940696716,0.0,0.6151610612869263
715,guidance_0_capability_0_safety_1,1,0.04831054717942607,257,0.66125,0.0,0.875,0,592,0,0,-0.000386667757993564,1.8897240161895752,0.8160842657089233,0.0001029482446028851,0.0,0.6172837018966675
716,guidance_0_capability_0_safety_1,1,0.04843749960855348,257,0.793125,0.0,0.875,0,848,0,0,-0.0004964396357536316,1.2369182109832764,0.8105118274688721,7.011306934145978e-06,0.0,0.6233695149421692
717,guidance_0_capability_0_safety_1,1,0.08860351474504569,258,0.1625,0.0,0.125,0,104,0,0,-0.004708908032625914,0.49482038617134094,0.9019179344177246,0.0005753205041401088,0.0,0.567194938659668
718,guidance_0_capability_0_safety_1,1,0.23853515562223038,258,0.54375,0.0,0.5,0,360,0,0,0.00015268800780177116,5.217934608459473,0.9236185550689697,0.0034842907916754484,0.0,0.5777028799057007
719,guidance_0_capability_0_safety_1,1,0.039023438232106855,258,0.644375,0.0,0.625,0,616,0,0,-0.00028966274112463,1.6832067966461182,0.9570953845977783,-0.0002360842190682888,0.0,0.5283591747283936
720,guidance_0_capability_0_safety_1,1,0.019013671277207322,259,0.19875,0.0,0.125,0,105,0,0,-0.00021618636674247682,46.527217864990234,0.9945782423019409,0.0006278026849031448,0.0,0.504755973815918
721,guidance_0_capability_0_safety_1,1,0.07695312376745278,259,0.404375,0.0,0.25,0,361,0,0,-4.310223084758036e-05,3.3921923637390137,0.976667582988739,-0.0008731031557545066,0.0,0.5085129737854004
722,guidance_0_capability_0_safety_1,1,0.16616211074142484,259,0.668125,0.0,0.625,0,617,0,0,-0.0009896320989355445,8.90872573852539,1.0371448993682861,9.995466098189354e-05,0.0,0.49508461356163025
723,guidance_0_capability_0_safety_1,1,0.08238281277954229,259,0.83375,0.0,0.75,0,873,0,0,-0.0006069826777093112,2.155062675476074,1.0221294164657593,0.000644940126221627,0.0,0.5007234215736389
724,guidance_0_capability_0_safety_1,1,0.1226367189483426,260,0.206875,0.0,0.125,0,129,0,0,-0.0010395752033218741,2.103736400604248,1.072890281677246,-0.00041291629895567894,0.0,0.4686312675476074
725,guidance_0_capability_0_safety_1,1,0.08396484488548595,261,0.136875,0.0,0.0,0,66,0,0,-7.302500307559967e-05,77.1629638671875,1.1046078205108643,-0.0002190076484112069,0.0,0.44724830985069275
726,guidance_0_capability_0_safety_1,1,0.1533496091469715,261,0.39875,0.0,0.25,0,322,0,0,-0.0010501779615879059,1.6588410139083862,1.0055909156799316,0.00010921216744463891,0.0,0.505656898021698
727,guidance_0_capability_0_safety_1,1,0.05598632589317276,261,0.519375,0.0,0.375,0,578,0,0,-0.0013959746574983,1.942379117012024,1.0257759094238281,-0.00024032173678278923,0.0,0.494539737701416
728,guidance_0_capability_0_safety_1,1,0.1324414070804778,261,0.765625,0.0,0.5,0,834,0,0,0.0004131704044993967,5.366764068603516,1.0652120113372803,-2.3139951736084186e-05,0.0,0.47554898262023926
729,guidance_0_capability_0_safety_1,1,0.07867187448573532,262,0.15625,0.0,0.0,0,90,0,0,-0.0024552398826926947,0.4421129822731018,1.1476131677627563,0.0011434818152338266,0.0,0.429232120513916
730,guidance_0_capability_0_safety_1,1,0.17656250007348717,262,0.4375,0.0,0.375,0,346,0,0,0.000540517270565033,6.581212043762207,1.1126714944839478,0.001017349655739963,0.0,0.4556121230125427
731,guidance_0_capability_0_safety_1,1,0.07433593660243787,262,0.63875,0.0,0.625,0,602,0,0,-0.0018523354083299637,2.643314838409424,1.0177637338638306,-0.0002480956900399178,0.0,0.5087388157844543
732,guidance_0_capability_0_safety_1,1,-0.022656261004158296,263,0.174375,0.0,0.25,0,106,0,0,-0.000843362882733345,39.49517822265625,1.0526669025421143,-0.0007125443662516773,0.0,0.4911697804927826
733,guidance_0_capability_0_safety_1,1,0.1619531260112126,263,0.4325,0.0,0.625,0,362,0,0,0.0005206018686294556,5.352817535400391,0.964741587638855,0.0006011076038703322,0.0,0.5335323810577393
734,guidance_0_capability_0_safety_1,1,0.0873535156424623,263,0.611875,0.0,0.75,0,618,0,0,-0.0009839808335527778,2.7069334983825684,0.9211124777793884,-0.00024109319201670587,0.0,0.538496196269989
735,guidance_0_capability_0_safety_1,1,0.03477539161031018,263,0.696875,0.0,0.875,0,874,0,0,-0.000723598524928093,1.5717573165893555,1.0671944618225098,0.0011792219011113048,0.0,0.4797554016113281
736,guidance_0_capability_0_safety_1,1,0.11201171915308805,264,0.209375,0.0,0.25,0,130,0,0,-0.004643698688596487,2.122429847717285,1.1171609163284302,0.001981839770451188,0.0,0.4694843292236328
737,guidance_0_capability_0_safety_1,1,0.24920898636992206,264,0.585,0.0,0.75,0,386,0,0,-0.001574559835717082,3.597792625427246,1.1597825288772583,0.00016084546223282814,0.0,0.4361933171749115
738,guidance_0_capability_0_safety_1,1,0.005673828913131729,264,0.675,0.0,0.875,0,642,0,0,0.0006174942245706916,2.259296178817749,1.094549536705017,0.0007630246691405773,0.0,0.46846991777420044
739,guidance_0_capability_0_safety_1,1,-0.003964844025176717,264,0.72625,0.0,0.875,0,898,0,0,-0.0030585823114961386,0.41687148809432983,1.1606814861297607,-0.00027236947789788246,0.0013020833721384406,0.4109487235546112
740,guidance_0_capability_0_safety_1,1,0.1633886727213394,265,0.236875,0.0,0.5,0,154,0,0,-0.0010213780915364623,3.967332601547241,1.1936171054840088,0.0016369668301194906,0.006510416977107525,0.4132921099662781
741,guidance_0_capability_0_safety_1,1,0.14750976648065262,265,0.56,0.0,0.625,0,410,0,0,0.00021824582654517144,5.972848892211914,1.2276532649993896,7.378527516266331e-05,0.0,0.3741908073425293
742,guidance_0_capability_0_safety_1,1,0.0529882809787523,265,0.6875,0.0,0.75,0,666,0,0,-0.0017503611743450165,1.5397104024887085,1.190324306488037,0.0007099213544279337,0.0,0.3993987739086151
743,guidance_0_capability_0_safety_1,1,-0.0028808612732973415,265,0.74625,0.0,0.875,0,922,0,0,-0.006234377156943083,1.2823498249053955,1.212842583656311,0.004244777373969555,0.015625,0.37669140100479126
744,guidance_0_capability_0_safety_1,1,0.13654296912136488,266,0.24125,0.0,0.25,0,178,0,0,-0.0004689109919127077,2.8045382499694824,1.2408384084701538,0.008651497773826122,0.0221354179084301,0.35756716132164
745,guidance_0_capability_0_safety_1,1,0.1862890597731166,266,0.5475,0.0,0.75,0,434,0,0,-0.002984741237014532,2.7906250953674316,1.2331100702285767,-0.003802425693720579,0.00390625,0.3571530282497406
746,guidance_0_capability_0_safety_1,1,0.06133788927400019,266,0.681875,0.0,0.875,0,690,0,0,-0.0008889219607226551,2.979344367980957,1.2291045188903809,0.0011904210550710559,0.0,0.3539254665374756
747,guidance_0_capability_0_safety_1,1,0.057851561898132786,266,0.825,0.0,0.875,0,946,0,0,-0.001067624194547534,2.9510982036590576,1.241722583770752,0.0003038983268197626,0.0,0.3592776656150818
748,guidance_0_capability_0_safety_1,1,0.21739257450099103,267,0.338125,0.0,0.5,0,202,0,0,-0.0013544410467147827,3.10689377784729,1.280503511428833,0.0010612776968628168,0.0,0.3462831974029541
749,guidance_0_capability_0_safety_1,1,0.140292967978894,267,0.584375,0.0,0.75,0,458,0,0,-0.0007602482801303267,3.9095895290374756,1.2352274656295776,0.001535183284431696,0.0,0.35018190741539
750,guidance_0_capability_0_safety_1,1,0.04453124921928975,267,0.7125,0.0,0.875,0,714,0,0,-0.00034837829298339784,1.89566969871521,1.24442720413208,-0.0004069491697009653,0.0,0.35884881019592285
751,guidance_0_capability_0_safety_1,1,-0.04855468740788638,267,0.755,0.0,0.875,0,970,0,0,-0.0012452913215383887,1.5369484424591064,1.2082027196884155,0.0003206544788554311,0.0,0.3747805058956146
752,guidance_0_capability_0_safety_1,1,0.22145507731329417,268,0.3225,0.0,0.625,0,226,0,0,-0.0004890369018539786,2.5838732719421387,1.2283656597137451,-0.00029022162198089063,0.0,0.37215304374694824
753,guidance_0_capability_0_safety_1,1,0.08226562469280907,268,0.47375,0.0,0.875,0,482,0,0,-0.0006408123299479485,2.4246625900268555,1.2768579721450806,-0.0008762985235080123,0.0,0.32553791999816895
754,guidance_0_capability_0_safety_1,1,0.0255371090315748,268,0.57,0.0,0.875,0,738,0,0,-0.0013665281003341079,1.1558293104171753,1.1675935983657837,0.0007768371142446995,0.0,0.3856000304222107
755,guidance_0_capability_0_safety_1,1,0.0019433575762377586,268,0.648125,0.0,0.875,0,994,0,0,-0.0033762012608349323,1.3333325386047363,1.191279411315918,0.0021400076802819967,0.0,0.366282194852829
756,guidance_0_capability_0_safety_1,1,0.17234374910549377,269,0.3025,0.0,0.25,0,250,0,0,0.0006250487640500069,2.63466215133667,1.1644586324691772,0.0027715382166206837,0.0,0.3794229030609131
757,guidance_0_capability_0_safety_1,1,0.14472656312864274,269,0.559375,0.0,0.5,0,506,0,0,0.0006902450695633888,2.2745463848114014,1.11531662940979,0.0008753754082135856,0.0,0.41342195868492126
758,guidance_0_capability_0_safety_1,1,0.019482421052089194,269,0.62625,0.0,0.625,0,762,0,0,0.0001410652621416375,2.0454070568084717,1.1504086256027222,-0.0001451023854315281,0.0,0.39851808547973633
759,guidance_0_capability_0_safety_1,1,0.06612304623195087,270,0.039375,0.0,0.0,0,18,0,0,-0.0009344536811113358,2.394670248031616,1.1243095397949219,0.00010391930118203163,0.0,0.41408348083496094
760,guidance_0_capability_0_safety_1,1,0.21701171800668817,270,0.37125,0.0,0.5,0,274,0,0,-0.0011309109395369887,4.436835289001465,1.1313380002975464,0.0006630080752074718,0.0,0.40846842527389526
761,guidance_0_capability_0_safety_1,1,0.0874999999141437,270,0.57625,0.0,0.5,0,530,0,0,-0.0012145357904955745,1.1122770309448242,1.1158170700073242,0.0005708164535462856,0.0,0.4052848219871521
762,guidance_0_capability_0_safety_1,1,0.0857226549378538,270,0.7575,0.0,0.625,0,786,0,0,-0.00012867432087659836,2.6844723224639893,1.0421311855316162,0.0019434380810707808,0.0,0.4469653069972992
763,guidance_0_capability_0_safety_1,1,0.08626953123530257,271,0.095,0.0,0.25,0,42,0,0,-0.0013999228831380606,1.4829630851745605,1.1450953483581543,-0.0004399822501000017,0.0,0.40556877851486206
764,guidance_0_capability_0_safety_1,1,0.25611327958176844,271,0.4925,0.0,0.75,0,298,0,0,-0.0016234386712312698,2.515336751937866,1.063072919845581,-0.00019439139578025788,0.0,0.45554620027542114
765,guidance_0_capability_0_safety_1,1,0.0328906232425652,271,0.5825,0.0,0.875,0,554,0,0,-0.0005593821406364441,2.8161542415618896,1.0717380046844482,0.0005960834096185863,0.0,0.44775843620300293
766,guidance_0_capability_0_safety_1,1,0.017607421712455107,271,0.67,0.0,0.875,0,810,0,0,-0.007962312549352646,0.5679258108139038,1.0963568687438965,0.006428888998925686,0.01302083395421505,0.4569627642631531
767,guidance_0_capability_0_safety_1,1,0.14231445197947323,272,0.138125,0.0,0.0,0,66,0,0,0.004946140572428703,2.074805736541748,1.1774413585662842,0.0035619258414953947,0.1979166716337204,0.3892030715942383
768,guidance_0_capability_0_safety_1,1,0.22007812339870725,272,0.495,0.0,0.375,0,322,0,0,0.00031467745429836214,3.30661678314209,1.1394292116165161,0.0037185861729085445,0.0,0.38367968797683716
769,guidance_0_capability_0_safety_1,1,0.04879882598834229,272,0.6,0.0,0.75,0,578,0,0,0.00015031266957521439,5.429945468902588,1.1350858211517334,0.0004639062099158764,0.0,0.40164291858673096
770,guidance_0_capability_0_safety_1,1,0.10097656262951205,272,0.823125,0.0,0.75,0,834,0,0,-0.0003609688428696245,3.149928331375122,1.177564024925232,-0.001333841122686863,0.0,0.3773219585418701
771,guidance_0_capability_0_safety_1,1,0.03564453075523488,273,0.11375,0.0,0.0,0,90,0,0,-1.1647120118141174e-05,1.1270910501480103,1.2081489562988281,0.001301216660067439,0.0,0.35938021540641785
772,guidance_0_capability_0_safety_1,1,0.13855468574911356,273,0.346875,0.0,0.5,0,346,0,0,0.0001947904675034806,3.4536263942718506,1.1676406860351562,0.00033937901025637984,0.0,0.36783915758132935
773,guidance_0_capability_0_safety_1,1,0.18158203183338628,273,0.67375,0.0,0.625,0,602,0,0,-0.0002041701227426529,3.8911337852478027,1.1575645208358765,-0.00039992653182707727,0.0,0.39397716522216797
774,guidance_0_capability_0_safety_1,1,0.017226562802534318,273,0.7525,0.0,0.625,0,858,0,0,-0.0022980528883635998,0.8482999205589294,1.1514804363250732,-0.0008720619371160865,0.0,0.40900251269340515
775,guidance_0_capability_0_safety_1,1,0.09840820255340077,274,0.185625,0.0,0.125,0,114,0,0,-0.002681540325284004,1.1295430660247803,1.1578707695007324,0.0016381212044507265,0.0,0.39930135011672974
776,guidance_0_capability_0_safety_1,1,0.255468751580338,274,0.558125,0.0,0.75,0,370,0,0,0.0049995919689536095,5.011009216308594,1.1529908180236816,-0.002268640324473381,0.0,0.3984144330024719
777,guidance_0_capability_0_safety_1,1,0.09771484500379302,274,0.75125,0.0,0.875,0,626,0,0,-0.0019515021704137325,4.180693626403809,1.0252373218536377,-0.0013613695045933127,0.0,0.45498722791671753
778,guidance_0_capability_0_safety_1,1,0.046367187176656444,274,0.88375,0.0,0.875,0,882,0,0,-0.0009824149310588837,0.828783392906189,1.09740149974823,-4.734533649752848e-05,0.0,0.43553823232650757
779,guidance_0_capability_0_safety_1,1,0.026572265433060238,275,0.108125,0.0,0.125,0,138,0,0,0.00026322808116674423,5.780544757843018,1.1605005264282227,-0.00020978802058380097,0.0,0.4033188819885254
780,guidance_0_capability_0_safety_1,1,0.1504394536423206,275,0.3675,0.0,0.375,0,394,0,0,-0.00030301883816719055,4.972929000854492,1.1548329591751099,2.957601100206375e-05,0.0,0.38357269763946533
781,guidance_0_capability_0_safety_1,1,0.14278320279845502,275,0.63875,0.0,0.5,0,650,0,0,-0.0007811576942913234,5.169992923736572,1.1472890377044678,0.00028913235291838646,0.0,0.40088996291160583
782,guidance_0_capability_0_safety_1,1,0.05814453079801751,275,0.7875,0.0,0.625,0,906,0,0,-0.001786158187314868,1.601684331893921,1.213759183883667,0.0029733218252658844,0.0,0.3751121163368225
783,guidance_0_capability_0_safety_1,1,0.1866894535778556,276,0.289375,0.0,0.375,0,162,0,0,-0.0021208568941801786,2.393073320388794,1.1778082847595215,0.004238343331962824,0.0,0.3918406367301941
784,guidance_0_capability_0_safety_1,1,0.166884764264978,276,0.570625,0.0,0.625,0,418,0,0,-0.000943093269597739,2.34722900390625,1.1607511043548584,0.005852216389030218,0.0,0.40662020444869995
785,guidance_0_capability_0_safety_1,1,-0.033984376401349436,276,0.6125,0.0,0.75,0,674,0,0,-0.0014577539404854178,7.461613655090332,1.1877577304840088,-7.154544437071308e-05,0.0,0.37753528356552124
786,guidance_0_capability_0_safety_1,1,-0.03091796972148586,277,0.061875,0.0,0.125,0,26,0,0,-0.001693706028163433,37.365840911865234,1.2557997703552246,-0.0022129195276647806,0.0,0.33563458919525146
787,guidance_0_capability_0_safety_1,1,0.18828124738502083,277,0.346875,0.0,0.625,0,282,0,0,-0.0005899059469811618,4.145116806030273,1.2554166316986084,0.0012386934831738472,0.0,0.3375856280326843
788,guidance_0_capability_0_safety_1,1,0.05722656153739081,277,0.519375,0.0,0.75,0,538,0,0,-0.001317800022661686,4.2825026512146,1.2519657611846924,0.0007600951939821243,0.0,0.34676164388656616
789,guidance_0_capability_0_safety_1,1,0.0274511712777894,277,0.6275,0.0,0.75,0,794,0,0,-0.0008048831368796527,1.157802939414978,1.245754599571228,0.0004476243630051613,0.0,0.34322938323020935
790,guidance_0_capability_0_safety_1,1,0.03640624964828021,278,0.108125,0.0,0.0,0,50,0,0,-0.004126779735088348,0.4514922499656677,1.2856887578964233,-0.0005311169661581516,0.0,0.31963661313056946
791,guidance_0_capability_0_safety_1,1,0.22458984388504177,278,0.49625,0.0,0.375,0,306,0,0,-0.003636621870100498,3.36086106300354,1.1358973979949951,0.0016032401472330093,0.0,0.37396925687789917
792,guidance_0_capability_0_safety_1,1,0.11845703007929842,278,0.705,0.0,0.625,0,562,0,0,0.0002272018900839612,4.424155235290527,1.246018648147583,0.0021884760353714228,0.0,0.33921951055526733
793,guidance_0_capability_0_safety_1,1,-0.007167970139562385,278,0.75375,0.0,0.75,0,818,0,0,-0.0010862983763217926,0.6621214151382446,1.2695739269256592,0.001038104179315269,0.0,0.32684653997421265
794,guidance_0_capability_0_safety_1,1,0.050810544336854946,279,0.123125,0.0,0.375,0,74,0,0,-0.001342067844234407,2.245971918106079,1.258096694946289,0.0015442816074937582,0.0,0.3286484479904175
795,guidance_0_capability_0_safety_1,1,0.06475585910084192,279,0.290625,0.0,0.375,0,330,0,0,-0.0009956571739166975,2.412950038909912,1.1436057090759277,9.202491492033005e-05,0.0,0.3823387622833252
796,guidance_0_capability_0_safety_1,1,0.07353515544673428,279,0.454375,0.0,0.5,0,586,0,0,-0.0016669221222400665,4.07981014251709,1.235394835472107,0.0004250534693710506,0.0,0.334945410490036
797,guidance_0_capability_0_safety_1,1,0.13887695316589088,279,0.7175,0.0,0.75,0,842,0,0,4.42958771600388e-05,10.184981346130371,1.1947877407073975,0.00024378192028962076,0.0,0.3542584776878357
798,guidance_0_capability_0_safety_1,1,0.11113281177676981,280,0.180625,0.0,0.125,0,98,0,0,-0.0026990785263478756,1.736896276473999,1.2117533683776855,0.0003893328830599785,0.0,0.3571009337902069
799,guidance_0_capability_0_safety_1,1,-0.005888672123546712,280,0.215,0.0,0.25,0,354,0,0,0.0016234628856182098,6.832239151000977,1.1641725301742554,0.003369528567418456,0.0,0.3762246072292328
800,guidance_0_capability_0_safety_1,1,0.09789062361232936,280,0.451875,0.0,0.375,0,610,0,0,-0.00398887088522315,3.105179786682129,1.2057479619979858,0.003988251090049744,0.0,0.3428744971752167
801,guidance_0_capability_0_safety_1,1,0.057470702260616235,280,0.55875,0.0,0.625,0,866,0,0,0.00040918029844760895,3.078639507293701,1.2074919939041138,0.001018355949781835,0.0,0.3499813973903656
802,guidance_0_capability_0_safety_1,1,0.08694335820837296,281,0.191875,0.0,0.0,0,122,0,0,-0.0017272857949137688,2.1417312622070312,1.198885440826416,-0.00048583117313683033,0.0,0.35627007484436035
803,guidance_0_capability_0_safety_1,1,0.1349414076830726,281,0.435,0.0,0.25,0,378,0,0,-0.0013504910748451948,2.0611629486083984,1.145806074142456,0.0013849218375980854,0.0,0.3649183213710785
804,guidance_0_capability_0_safety_1,1,0.09977538931707386,281,0.60375,0.0,0.625,0,634,0,0,0.0005932731437496841,6.665957450866699,1.1699769496917725,0.0010444604558870196,0.0,0.3587540090084076
805,guidance_0_capability_0_safety_1,1,0.0734082038361521,281,0.749375,0.0,0.75,0,890,0,0,-0.0004677622055169195,4.002246856689453,1.1809160709381104,-0.0002658427692949772,0.0,0.3572673201560974
806,guidance_0_capability_0_safety_1,1,0.12675781174766598,282,0.2375,0.0,0.125,0,146,0,0,-0.0013477274915203452,0.898201048374176,1.134406328201294,0.0003387479519005865,0.0,0.3826324939727783
807,guidance_0_capability_0_safety_1,1,0.15957031410653144,282,0.501875,0.0,0.5,0,402,0,0,-0.0029094978235661983,5.37504768371582,1.1118258237838745,0.0009719400550238788,0.0,0.3800892233848572
808,guidance_0_capability_0_safety_1,1,0.12294921815919224,282,0.7075,0.0,0.875,0,658,0,0,-0.00031009194208309054,5.5478715896606445,1.1426403522491455,0.0005938331596553326,0.0,0.3723832964897156
809,guidance_0_capability_0_safety_1,1,-0.022324219331494533,282,0.7375,0.0,0.875,0,914,0,0,-0.00043799294508062303,0.738084077835083,1.1249476671218872,0.0007136841304600239,0.0,0.3869847059249878
810,guidance_0_capability_0_safety_1,1,0.11295898352909717,283,0.149375,0.0,0.125,0,170,0,0,-0.00041946832789108157,4.909053802490234,1.1539908647537231,0.0001423410139977932,0.0,0.3833596706390381
811,guidance_0_capability_0_safety_1,1,0.1121386712839012,283,0.36625,0.0,0.25,0,426,0,0,-0.0006283227121457458,2.541365146636963,1.1718742847442627,3.95849347114563e-05,0.0,0.3716544508934021
812,guidance_0_capability_0_safety_1,1,0.059697263954149093,283,0.4975,0.0,0.375,0,682,0,0,-0.0010879806941375136,3.911822557449341,1.150712251663208,-0.0002144133613910526,0.0,0.38163501024246216
813,guidance_0_capability_0_safety_1,1,-0.16374999756226316,284,0.04875,0.0,0.0,0,23,0,0,-0.0003586163220461458,49.137203216552734,1.179532527923584,-0.00039395768544636667,0.0,0.3741748332977295
814,guidance_0_capability_0_safety_1,1,0.20593749874387868,284,0.3825,0.0,0.375,0,279,0,0,-0.001382710412144661,1.848288893699646,1.1007764339447021,0.00018167418602388352,0.0,0.4043099880218506
815,guidance_0_capability_0_safety_1,1,0.06535156193422154,284,0.525,0.0,0.5,0,535,0,0,-0.006061109714210033,1.1779224872589111,1.1110706329345703,0.0035285342019051313,0.0,0.39464521408081055
816,guidance_0_capability_0_safety_1,1,-0.025351562857395038,284,0.566875,0.0,0.5,0,791,0,0,-0.003961348906159401,1.189591646194458,1.0461329221725464,0.004492963198572397,0.0,0.43558037281036377
817,guidance_0_capability_0_safety_1,1,0.037490234200959094,285,0.06,0.0,0.0,0,47,0,0,-0.0010145881678909063,2.000119686126709,1.0329502820968628,0.0005704554496333003,0.0,0.46052107214927673
818,guidance_0_capability_0_safety_1,1,0.20185546795255505,285,0.411875,0.0,0.25,0,303,0,0,0.0008974140509963036,1.955585241317749,0.9518815875053406,0.003015687223523855,0.0,0.4886065423488617
819,guidance_0_capability_0_safety_1,1,0.08705078005732503,285,0.613125,0.0,0.25,0,559,0,0,-0.0013617544900625944,1.576310157775879,0.9377177953720093,0.000342068902682513,0.0,0.5251664519309998
820,guidance_0_capability_0_safety_1,1,-0.03972656283076503,285,0.6275,0.0,0.25,0,815,0,0,-0.0008205256308428943,1.3565106391906738,0.9868090152740479,0.0002471303450874984,0.0,0.4928070902824402
821,guidance_0_capability_0_safety_1,1,0.16397460775624495,286,0.15125,0.0,0.125,0,71,0,0,0.00022252525377552956,4.286811828613281,1.0022462606430054,0.0006512831896543503,0.0,0.4846153259277344
822,guidance_0_capability_0_safety_1,1,0.2584277318237582,286,0.535,0.0,0.75,0,327,0,0,-2.5731511414051056e-05,5.116755485534668,1.0517182350158691,-0.0002877785300370306,0.0,0.4443182349205017
823,guidance_0_capability_0_safety_1,1,0.021162109296710696,287,0.311875,0.0,0.25,0,239,0,0,-5.222919207881205e-05,56.910850524902344,1.0800422430038452,-9.584380313754082e-05,0.0,0.42701441049575806
824,guidance_0_capability_0_safety_1,1,-0.002353516065340955,287,0.359375,0.0,0.25,0,495,0,0,-0.00016012819833122194,2.124284267425537,1.0037407875061035,-0.00010980836668750271,0.0,0.49406954646110535
825,guidance_0_capability_0_safety_1,1,-0.01850585960346507,287,0.38375,0.0,0.25,0,751,0,0,-0.0009256958728656173,0.463360071182251,0.9808930158615112,-5.912967026233673e-06,0.0,0.4948657751083374
826,guidance_0_capability_0_safety_1,1,0.17912109164171852,288,0.01625,0.0,0.0,0,7,0,0,-0.001104556955397129,15.117101669311523,1.0190176963806152,0.00039093135274015367,0.0,0.48131558299064636
827,guidance_0_capability_0_safety_1,1,0.14679687324678525,288,0.24875,0.0,0.375,0,263,0,0,-0.00023898575454950333,2.6735177040100098,1.1082826852798462,0.00022164545953273773,0.0,0.42138075828552246
828,guidance_0_capability_0_safety_1,1,0.1318847652291879,288,0.440625,0.0,0.875,0,519,0,0,-0.0005484357243403792,7.286423683166504,1.1257600784301758,0.0005937144160270691,0.0,0.4048915505409241
829,guidance_0_capability_0_safety_1,1,-0.031201171896100277,288,0.483125,0.0,0.875,0,775,0,0,-0.0008506073500029743,2.1518261432647705,1.135641098022461,0.00012508888903539628,0.0,0.3959599435329437
830,guidance_0_capability_0_safety_1,1,0.11073242107158876,289,0.06625,0.0,0.125,0,31,0,0,0.00047886063111945987,3.4888343811035156,1.1422269344329834,-0.0010171749163419008,0.0,0.3969365060329437
831,guidance_0_capability_0_safety_1,1,0.15283202928549144,289,0.36,0.0,0.25,0,287,0,0,-0.000830426812171936,1.9903976917266846,0.997358500957489,0.0003885454498231411,0.0,0.47961920499801636
832,guidance_0_capability_0_safety_1,1,0.0800195309020637,289,0.520625,0.0,0.375,0,543,0,0,-0.0021811416372656822,2.9397008419036865,1.0338106155395508,-0.0011135446839034557,0.0,0.45838841795921326
833,guidance_0_capability_0_safety_1,1,0.01624999940759153,289,0.59625,0.0,0.375,0,799,0,0,-0.00712506752461195,0.9887176156044006,1.096759557723999,0.006538087036460638,0.0,0.44119495153427124
834,guidance_0_capability_0_safety_1,1,0.08406250057305442,290,0.12,0.0,0.25,0,55,0,0,-0.0029911024030297995,1.098728895187378,1.171341896057129,0.0023024524562060833,0.0,0.38869988918304443
835,guidance_0_capability_0_safety_1,1,0.1370507794781588,290,0.384375,0.0,0.375,0,311,0,0,-0.0032776272855699062,1.6919784545898438,1.1239593029022217,0.001205802895128727,0.0,0.39606648683547974
836,guidance_0_capability_0_safety_1,1,-0.026699219582951628,290,0.39,0.0,0.5,0,567,0,0,-0.004190131556242704,1.136976718902588,1.1710920333862305,-1.898501068353653e-06,0.0,0.3665230870246887
837,guidance_0_capability_0_safety_1,1,-0.024326173806912266,290,0.44,0.0,0.5,0,823,0,0,-0.00282715423963964,1.9436284303665161,1.1858634948730469,0.0022831291425973177,0.0,0.36493998765945435
838,guidance_0_capability_0_safety_1,1,0.09515624845516868,291,0.138125,0.0,0.375,0,79,0,0,0.0020194421522319317,1.8524649143218994,1.2134547233581543,0.0020159557461738586,0.0,0.34368252754211426
839,guidance_0_capability_0_safety_1,1,0.13793945391807938,291,0.38625,0.0,0.625,0,335,0,0,-7.300327706616372e-05,2.6760406494140625,1.185019850730896,-0.0011056526564061642,0.0,0.3567005395889282
840,guidance_0_capability_0_safety_1,1,-0.03666015682392754,291,0.3925,0.0,0.625,0,591,0,0,-0.0006867982447147369,0.9806489944458008,1.182015061378479,0.00016940897330641747,0.0,0.36201390624046326
841,guidance_0_capability_0_safety_1,1,0.02231445276993327,291,0.493125,0.0,0.625,0,847,0,0,-0.0020288568921387196,1.3485543727874756,1.1714400053024292,-0.0007942788070067763,0.0,0.36287128925323486
842,guidance_0_capability_0_safety_1,1,0.10266601569310296,292,0.165,0.0,0.0,0,103,0,0,-6.031183147570118e-05,1.9849432706832886,1.215758204460144,0.0008445167914032936,0.0,0.3405533730983734
843,guidance_0_capability_0_safety_1,1,0.12738281162455678,292,0.378125,0.0,0.375,0,359,0,0,-0.006027008406817913,3.4552271366119385,1.2033780813217163,-0.0005469174939207733,0.0026041667442768812,0.3437689542770386
844,guidance_0_capability_0_safety_1,1,0.15211914089741185,292,0.649375,0.0,0.625,0,615,0,0,-0.00163885741494596,5.874272346496582,1.1984326839447021,-0.0013328134082257748,0.0013020833721384406,0.3598872125148773
845,guidance_0_capability_0_safety_1,1,-0.04937499766674591,293,0.099375,0.0,0.125,0,44,0,0,-0.0005816674674861133,38.86261749267578,1.209814190864563,-0.000813037040643394,0.0,0.35120221972465515
846,guidance_0_capability_0_safety_1,1,0.20431640597234946,293,0.454375,0.0,0.375,0,300,0,0,-0.0017298255115747452,2.6060194969177246,1.2063519954681396,0.0005545391468331218,0.0,0.34385180473327637
847,guidance_0_capability_0_safety_1,1,0.04447265593626071,293,0.59,0.0,0.375,0,556,0,0,-0.0013778179418295622,1.1402828693389893,1.2030014991760254,-0.0010313986567780375,0.0,0.3519260883331299
848,guidance_0_capability_0_safety_1,1,0.031123046694119694,293,0.683125,0.0,0.5,0,812,0,0,-0.001332955784164369,1.3358323574066162,1.224406123161316,0.0013643059646710753,0.0,0.34529075026512146
849,guidance_0_capability_0_safety_1,1,0.07317382829933194,294,0.126875,0.0,0.125,0,68,0,0,-0.0039202310144901276,0.8496270179748535,1.2300776243209839,0.0004894834710285068,0.0,0.337721049785614
850,guidance_0_capability_0_safety_1,1,0.16908203177445102,294,0.3975,0.0,0.5,0,324,0,0,0.0013875400181859732,3.8775482177734375,1.1994035243988037,0.004107977729290724,0.0,0.34542030096054077
851,guidance_0_capability_0_safety_1,1,0.09595703266313649,294,0.591875,0.0,0.625,0,580,0,0,0.0003409904311411083,2.499386787414551,1.1587040424346924,0.0007791930693201721,0.0,0.37768256664276123
852,guidance_0_capability_0_safety_1,1,0.009287108816351974,294,0.656875,0.0,0.625,0,836,0,0,-0.0016453070566058159,0.6524757146835327,1.2193602323532104,-0.0003757704980671406,0.0,0.3384842276573181
853,guidance_0_capability_0_safety_1,1,0.07754882797235041,295,0.075,0.0,0.125,0,92,0,0,-0.0025390801019966602,2.5562000274658203,1.2404720783233643,0.0011735815787687898,0.0,0.3280506730079651
854,guidance_0_capability_0_safety_1,1,0.1258300779372803,295,0.281875,0.0,0.5,0,348,0,0,0.00040040863677859306,6.696803569793701,1.253763198852539,-0.0011761210625991225,0.0,0.3221219480037689
855,guidance_0_capability_0_safety_1,1,0.0915820314658049,295,0.50375,0.0,0.5,0,604,0,0,-0.0006861904403194785,4.273275375366211,1.2560102939605713,-0.00030706607503816485,0.0,0.32540595531463623
856,guidance_0_capability_0_safety_1,1,-0.011464843973953975,295,0.530625,0.0,0.5,0,860,0,0,-0.0015534795820713043,0.3056012988090515,1.2861878871917725,-0.0018478813581168652,0.0,0.31240037083625793
857,guidance_0_capability_0_safety_1,1,0.15093749920197297,296,0.185,0.0,0.25,0,116,0,0,-0.001095310552045703,3.060628890991211,1.284329891204834,-0.001092444872483611,0.0,0.3223087191581726
858,guidance_0_capability_0_safety_1,1,0.13561523346652393,296,0.42125,0.0,0.5,0,372,0,0,-0.0003355707449372858,3.1166272163391113,1.2557744979858398,-4.640718543669209e-05,0.0,0.3271603584289551
859,guidance_0_capability_0_safety_1,1,0.1394335924705956,296,0.6525,0.0,0.875,0,628,0,0,-0.00019966159015893936,4.332316875457764,1.2564929723739624,0.0002300073392689228,0.0,0.32937371730804443
860,guidance_0_capability_0_safety_1,1,-0.009873047205473995,296,0.69375,0.0,0.875,0,884,0,0,-0.003291115863248706,0.8446110486984253,1.2580057382583618,-0.000333632982801646,0.0,0.3296639621257782
861,guidance_0_capability_0_safety_1,1,0.18750976429873845,297,0.265,0.0,0.5,0,140,0,0,-0.0006285170093178749,2.2450942993164062,1.2340683937072754,-0.0008984658634290099,0.0,0.3440614938735962
862,guidance_0_capability_0_safety_1,1,0.2100781258814095,297,0.645,0.0,0.75,0,396,0,0,0.0005828347057104111,2.274139165878296,1.2324819564819336,0.0005289780674502254,0.0,0.34478849172592163
863,guidance_0_capability_0_safety_1,1,0.07193359421944479,297,0.77875,0.0,1.0,0,652,0,0,-0.000680589466355741,3.556722640991211,1.2185449600219727,-0.0003110527468379587,0.0,0.35849428176879883
864,guidance_0_capability_0_safety_1,1,-0.004150390919676283,297,0.82375,0.0,1.0,0,908,0,0,-0.002209049416705966,0.44950053095817566,1.2118675708770752,5.5403295846190304e-05,0.0,0.35787686705589294
865,guidance_0_capability_0_safety_1,1,0.08024414084138698,298,0.341875,0.0,0.375,0,234,0,0,0.00021671845752280205,34.835693359375,1.2025355100631714,-1.2654345482587814e-05,0.0,0.3600560128688812
866,guidance_0_capability_0_safety_1,1,0.14366210844309535,298,0.606875,0.0,0.5,0,490,0,0,-0.0013822764158248901,1.7079038619995117,1.091949462890625,-0.0001784129999577999,0.0,0.42573171854019165
867,guidance_0_capability_0_safety_1,1,0.047460935878916644,298,0.705625,0.0,0.75,0,746,0,0,-0.0004277452826499939,1.1242105960845947,1.1899670362472534,-0.0003014765679836273,0.0,0.36447399854660034
868,guidance_0_capability_0_safety_1,1,0.003056640416616574,299,0.0075,0.0,0.0,0,2,0,0,-0.005711040925234556,0.5234146118164062,1.2128170728683472,-1.366607284580823e-05,0.0,0.3446934223175049
869,guidance_0_capability_0_safety_1,1,0.12711914010287728,299,0.23125,0.0,0.25,0,258,0,0,0.003312294138595462,5.737441539764404,1.1725742816925049,0.0009934691479429603,0.01171875,0.37783393263816833
870,guidance_0_capability_0_safety_1,1,-0.0003222667182853911,299,0.269375,0.0,0.375,0,514,0,0,-4.008536780020222e-05,2.668976306915283,1.1741528511047363,0.0009031283552758396,0.0,0.3716251254081726
871,guidance_0_capability_0_safety_1,1,0.06937499858031515,299,0.399375,0.0,0.625,0,770,0,0,-9.95366572169587e-05,3.2661843299865723,1.1850152015686035,-3.1371913792099804e-05,0.0,0.3734229505062103
872,guidance_0_capability_0_safety_1,1,0.1859960932051763,300,0.055625,0.0,0.0,0,26,0,0,-0.0002443486300762743,11.482431411743164,1.177121877670288,-0.00037984162918291986,0.0,0.38407576084136963
873,guidance_0_capability_0_safety_1,1,0.26704101673385594,300,0.47125,0.0,0.5,0,282,0,0,0.00017711582768242806,3.7821459770202637,1.2294034957885742,-0.0006089960224926472,0.0,0.3486391007900238
874,guidance_0_capability_0_safety_1,1,0.13792968839698005,300,0.715625,0.0,0.75,0,538,0,0,-0.00031157396733760834,3.001418113708496,1.200679063796997,-0.00010486708197277039,0.0,0.36630409955978394
875,guidance_0_capability_0_safety_1,1,0.018017576876445673,300,0.78,0.0,0.875,0,794,0,0,-0.004053309094160795,0.996314287185669,1.218805193901062,-0.001835569622926414,0.0,0.37154650688171387
876,guidance_0_capability_0_safety_1,1,0.03131836007014499,301,0.1125,0.0,0.125,0,50,0,0,-0.004101117607206106,1.4997488260269165,1.1888058185577393,0.003419017419219017,0.0,0.37785443663597107
877,guidance_0_capability_0_safety_1,1,0.1979101527685998,301,0.45625,0.0,0.5,0,306,0,0,-0.00418500741943717,2.6138596534729004,1.1410304307937622,0.00015712468302808702,0.0026041667442768812,0.39964720606803894
878,guidance_0_capability_0_safety_1,1,0.10198242087790277,301,0.6625,0.0,0.625,0,562,0,0,-0.001589796505868435,2.0121402740478516,1.1362128257751465,0.0034218947403132915,0.0,0.39263471961021423
879,guidance_0_capability_0_safety_1,1,-0.019667967957502697,301,0.79,0.0,0.625,0,818,0,0,-0.0009606002713553607,8.989921569824219,1.0709145069122314,0.00036998651921749115,0.0,0.436206191778183
880,guidance_0_capability_0_safety_1,1,0.05236328125465661,302,0.136875,0.0,0.0,0,74,0,0,-0.0035236128605902195,0.3658156394958496,1.0867172479629517,0.002448465907946229,0.0,0.41885218024253845
881,guidance_0_capability_0_safety_1,1,0.24206054735986982,302,0.52625,0.0,0.375,0,330,0,0,-0.000199140515178442,3.5505332946777344,1.0664269924163818,0.00036375908530317247,0.0,0.4453025460243225
882,guidance_0_capability_0_safety_1,1,-0.04010742325044703,302,0.565,0.0,0.375,0,586,0,0,-0.000798037915956229,4.808192253112793,1.0397270917892456,0.000759959570132196,0.0,0.46984952688217163
883,guidance_0_capability_0_safety_1,1,-0.0010058598854811862,302,0.62125,0.0,0.375,0,842,0,0,-0.000763286545407027,0.5159111618995667,1.042337417602539,-0.0005699314060620964,0.0,0.4697805643081665
884,guidance_0_capability_0_safety_1,1,0.08382812491618097,303,0.175625,0.0,0.0,0,98,0,0,-0.001171813695691526,0.7499765157699585,1.0551457405090332,-0.00022349864593707025,0.0,0.45996588468551636
885,guidance_0_capability_0_safety_1,1,0.2012500009732321,303,0.52,0.0,0.25,0,354,0,0,-0.004092326853424311,3.1745548248291016,0.9852579832077026,0.0016315545653924346,0.0,0.4736819863319397
886,guidance_0_capability_0_safety_1,1,0.0604589852191566,303,0.633125,0.0,0.5,0,610,0,0,-0.0016557525377720594,1.1218976974487305,0.9449610114097595,-0.00030625861836597323,0.0,0.5036163330078125
887,guidance_0_capability_0_safety_1,1,-0.010078125400468707,303,0.675625,0.0,0.5,0,866,0,0,-0.0011853458127006888,0.3167162537574768,0.9496170878410339,-0.0008130492642521858,0.0,0.5294300317764282
888,guidance_0_capability_0_safety_1,1,0.14772460820677225,304,0.2525,0.0,0.25,0,122,0,0,-0.0026875592302531004,1.2416993379592896,1.1032246351242065,0.0013603669358417392,0.00390625,0.4506692886352539
889,guidance_0_capability_0_safety_1,1,0.09169921817738214,304,0.4225,0.0,0.625,0,378,0,0,-0.002266384195536375,3.0609898567199707,1.1262214183807373,-0.0008276294684037566,0.0013020833721384406,0.42052197456359863
890,guidance_0_capability_0_safety_1,1,-0.017197265900904313,304,0.455,0.0,0.625,0,634,0,0,-0.0016726066824048758,0.36832094192504883,1.1408209800720215,0.0016961742658168077,0.0,0.4235154390335083
891,guidance_0_capability_0_safety_1,1,0.07865234267228516,304,0.639375,0.0,0.875,0,890,0,0,-0.00021248869597911835,7.6881232261657715,1.249732494354248,-0.00022538923076353967,0.0013020833721384406,0.367470383644104
892,guidance_0_capability_0_safety_1,1,0.12660156254423782,305,0.244375,0.0,0.25,0,146,0,0,-0.0006536798318848014,2.8305039405822754,1.2374821901321411,0.0004441280325409025,0.0,0.3692009449005127
893,guidance_0_capability_0_safety_1,1,0.17977538881314103,305,0.53125,0.0,0.625,0,402,0,0,-0.0007915186579339206,4.133804798126221,1.235450029373169,-0.0005428594304248691,0.0,0.36044788360595703
894,guidance_0_capability_0_safety_1,1,0.066718748119456,305,0.67625,0.0,0.875,0,658,0,0,-0.0012789461761713028,5.143227577209473,1.2310566902160645,-0.0007618388626724482,0.0,0.3608398139476776
895,guidance_0_capability_0_safety_1,1,0.004941406106809154,305,0.740625,0.0,0.875,0,914,0,0,-0.003773333039134741,0.5599918961524963,1.2353479862213135,0.0006435434333980083,0.0,0.36410579085350037
896,guidance_0_capability_0_safety_1,1,0.10227539095649263,306,0.205625,0.0,0.25,0,170,0,0,0.002319535007700324,4.426175594329834,1.2897658348083496,0.004797858651727438,0.0,0.337796688079834
897,guidance_0_capability_0_safety_1,1,0.1614257810615527,306,0.444375,0.0,0.75,0,426,0,0,-0.0008806319674476981,2.616565465927124,1.2913568019866943,-0.0002126665785908699,0.0,0.33217382431030273
898,guidance_0_capability_0_safety_1,1,0.0014746060551260598,306,0.615625,0.0,0.875,0,682,0,0,0.0016412114491686225,10.432147979736328,1.2993955612182617,0.0011119648115709424,0.0,0.3238968253135681
899,guidance_0_capability_0_safety_1,1,0.0009179679727822077,306,0.7,0.0,0.875,0,938,0,0,-0.010887421667575836,0.8055096864700317,1.3317548036575317,0.004790414124727249,0.0,0.31720244884490967
900,guidance_0_capability_0_safety_1,1,0.12065429751237389,307,0.255,0.0,0.0,0,194,0,0,0.00581212155520916,3.1486542224884033,1.3465726375579834,0.004659057594835758,0.0078125,0.3120746612548828
901,guidance_0_capability_0_safety_1,1,0.12695312377763912,307,0.54375,0.0,0.25,0,450,0,0,-0.0001867919636424631,3.973007917404175,1.364559531211853,0.006658484693616629,0.0013020833721384406,0.30291157960891724
902,guidance_0_capability_0_safety_1,1,-0.10823243093909696,308,0.014375,0.0,0.0,0,5,0,0,0.0008105008746497333,38.287132263183594,1.388401746749878,6.912679964443669e-05,0.0,0.28735411167144775
903,guidance_0_capability_0_safety_1,1,0.17851562346550054,308,0.358125,0.0,0.125,0,261,0,0,6.673423195024952e-05,3.194377899169922,1.3498990535736084,-0.0002580637519713491,0.0,0.30833959579467773
904,guidance_0_capability_0_safety_1,1,-0.03570312553347321,308,0.379375,0.0,0.125,0,517,0,0,-0.0004283115267753601,1.7650656700134277,1.3698325157165527,-0.0004054973251186311,0.0,0.29892149567604065
905,guidance_0_capability_0_safety_1,1,-0.00671874983527232,309,0.23375,0.0,0.25,0,203,0,0,-3.344503784319386e-05,48.52915573120117,1.3708914518356323,4.983530379831791e-05,0.0,0.2986581325531006
906,guidance_0_capability_0_safety_1,1,0.0680859375752334,309,0.39625,0.0,0.375,0,459,0,0,-0.0022906966041773558,3.276014804840088,1.3679046630859375,0.0011608338681980968,0.0,0.2952459752559662
907,guidance_0_capability_0_safety_1,1,-0.0758984490421426,310,0.1525,0.0,0.125,0,114,0,0,0.00036689857370220125,35.92951202392578,1.3986577987670898,-0.0008562398143112659,0.0,0.3020094037055969
908,guidance_0_capability_0_safety_1,1,0.051328122837730916,310,0.299375,0.0,0.375,0,370,0,0,-0.0008728001266717911,2.032855749130249,1.3163268566131592,-0.00011364037345629185,0.0,0.3173030614852905
909,guidance_0_capability_0_safety_1,1,0.09534179653564934,310,0.474375,0.0,0.625,0,626,0,0,-0.00029727508081123233,5.424233436584473,1.3621699810028076,0.00034547364339232445,0.0,0.3050859570503235
910,guidance_0_capability_0_safety_1,1,0.0446093735336035,310,0.609375,0.0,0.75,0,882,0,0,-0.0008169980719685555,3.4379773139953613,1.3714220523834229,-0.00046217505587264895,0.0,0.2968845069408417
911,guidance_0_capability_0_safety_1,1,0.046523434666596586,311,0.181875,0.0,0.0,0,138,0,0,-0.0009058894356712699,1.788750171661377,1.3623557090759277,0.0002827650750987232,0.0,0.312002569437027
912,guidance_0_capability_0_safety_1,1,0.15541015577400685,311,0.435,0.0,0.375,0,394,0,0,-0.002195063978433609,5.117557525634766,1.3436216115951538,0.001172333024442196,0.0,0.3172788918018341
913,guidance_0_capability_0_safety_1,1,0.0777246106081293,311,0.5975,0.0,0.75,0,650,0,0,-0.0006641798536293209,4.098403453826904,1.362959623336792,0.00013218176900409162,0.0,0.30755147337913513
914,guidance_0_capability_0_safety_1,1,-0.04078125005980837,311,0.603125,0.0,0.75,0,906,0,0,-0.0034389407373964787,0.7279736399650574,1.4219532012939453,0.00028090947307646275,0.0,0.2798059582710266
915,guidance_0_capability_0_safety_1,1,0.0860742176992062,312,0.21,0.0,0.125,0,162,0,0,-0.008443266153335571,2.4516677856445312,1.3838380575180054,-0.0005023015546612442,0.0078125,0.2929890751838684
916,guidance_0_capability_0_safety_1,1,0.13976562499738066,312,0.446875,0.0,0.375,0,418,0,0,-0.004362205043435097,3.2389917373657227,1.3552073240280151,0.0011397775961086154,0.0026041667442768812,0.2991419732570648
917,guidance_0_capability_0_safety_1,1,0.07669921832348336,312,0.595625,0.0,0.75,0,674,0,0,-0.00018104880291502923,4.699992656707764,1.3487982749938965,-6.304930138867348e-05,0.0,0.3009870946407318
918,guidance_0_capability_0_safety_1,1,-0.015634768140444066,312,0.656875,0.0,0.875,0,930,0,0,-0.00732805160805583,1.019887089729309,1.3115835189819336,0.0031064320355653763,0.0,0.3237651288509369
919,guidance_0_capability_0_safety_1,1,0.0767675779061392,313,0.1875,0.0,0.0,0,186,0,0,-0.002157260663807392,1.924259901046753,1.3143987655639648,0.002514041494578123,0.0,0.32074540853500366
920,guidance_0_capability_0_safety_1,1,0.19179687186260708,313,0.458125,0.0,0.625,0,442,0,0,-0.001469792565330863,9.73906135559082,1.281879186630249,0.0023088152520358562,0.0,0.3323531746864319
921,guidance_0_capability_0_safety_1,1,0.00998046974564204,313,0.568125,0.0,0.625,0,698,0,0,-0.007588171865791082,0.6813277006149292,1.1937377452850342,0.0015281944070011377,0.0598958358168602,0.3917720317840576
922,guidance_0_capability_0_safety_1,1,-0.0567285171491676,313,0.568125,0.0,0.625,0,954,0,0,-0.002809627680107951,1.1335299015045166,1.2367933988571167,0.001580220414325595,0.006510416977107525,0.3708653450012207
923,guidance_0_capability_0_safety_1,1,0.16780273308540927,314,0.313125,0.0,0.125,0,210,0,0,-0.0015511203091591597,1.4585559368133545,1.2591801881790161,0.00041143939597532153,0.0,0.33553528785705566
924,guidance_0_capability_0_safety_1,1,0.0958496108505642,314,0.505,0.0,0.375,0,466,0,0,-0.0005462802946567535,2.789303779602051,1.2898671627044678,0.002563667017966509,0.0,0.32097965478897095
925,guidance_0_capability_0_safety_1,1,-9.766325092641637e-06,314,0.563125,0.0,0.375,0,722,0,0,-0.0003784181026276201,0.6943074464797974,1.3027211427688599,0.0005506770685315132,0.0,0.31137821078300476
926,guidance_0_capability_0_safety_1,1,-0.0368261725998309,314,0.56375,0.0,0.375,0,978,0,0,-0.0015824493020772934,0.07515793293714523,1.2483255863189697,0.0014956416562199593,0.0,0.35393279790878296
927,guidance_0_capability_0_safety_1,1,0.18196288963008556,315,0.330625,0.0,0.125,0,234,0,0,-0.0029904551338404417,0.9787765741348267,1.269249439239502,-0.0011355614988133311,0.0,0.3344295024871826
928,guidance_0_capability_0_safety_1,1,0.06848632870242,315,0.48375,0.0,0.25,0,490,0,0,-0.0025997464545071125,1.0311365127563477,1.2580569982528687,0.0010423770872876048,0.0,0.3459477126598358
929,guidance_0_capability_0_safety_1,1,0.0521484375167347,315,0.608125,0.0,0.375,0,746,0,0,-0.001155143603682518,1.098557710647583,1.284576177597046,0.0005743142100982368,0.0013020833721384406,0.32728859782218933
930,guidance_0_capability_0_safety_1,1,0.023681639271671884,316,0.0075,0.0,0.0,0,2,0,0,-0.0001807274966267869,4.8387861251831055,1.2594022750854492,-0.0004766322672367096,0.0,0.3395113945007324
931,guidance_0_capability_0_safety_1,1,0.1404101558655384,316,0.284375,0.0,0.0,0,258,0,0,0.0006766440346837044,5.424844741821289,1.1563050746917725,-0.0005733593134209514,0.0,0.3904779851436615
932,guidance_0_capability_0_safety_1,1,0.15229492188518634,316,0.551875,0.0,0.375,0,514,0,0,-0.0004392943228594959,4.280956268310547,1.2074260711669922,-0.00037543856888078153,0.0,0.36782556772232056
933,guidance_0_capability_0_safety_1,1,0.02229492135666078,316,0.6375,0.0,0.375,0,770,0,0,-0.008782248944044113,0.45379191637039185,1.247154951095581,0.00017959796241484582,0.0,0.3433458209037781
934,guidance_0_capability_0_safety_1,1,0.02505859338270966,317,0.053125,0.0,0.0,0,26,0,0,-0.0032662563025951385,0.5991841554641724,1.2007367610931396,0.006118126213550568,0.0,0.35271430015563965
935,guidance_0_capability_0_safety_1,1,0.16476562475509127,317,0.33,0.0,0.25,0,282,0,0,0.001433035358786583,3.9273509979248047,1.1522678136825562,0.002809717785567045,0.0,0.3865237236022949
936,guidance_0_capability_0_safety_1,1,0.04612304781767307,317,0.42125,0.0,0.5,0,538,0,0,-0.0009550486574880779,1.9961920976638794,1.1767650842666626,0.0002550003118813038,0.0,0.38757389783859253
937,guidance_0_capability_0_safety_1,1,0.14639648444426712,317,0.700625,0.0,0.625,0,794,0,0,-3.2922253012657166e-05,6.813166618347168,1.1438183784484863,-0.000417554285377264,0.0,0.4120570421218872
938,guidance_0_capability_0_safety_1,1,0.036962890459108166,318,0.113125,0.0,0.0,0,50,0,0,-0.004762835800647736,0.764729380607605,1.1472396850585938,0.00029628834454342723,0.0,0.39916762709617615
939,guidance_0_capability_0_safety_1,1,0.1717871096880117,318,0.41125,0.0,0.25,0,306,0,0,-0.0031827958300709724,2.1429922580718994,1.1121633052825928,-0.0012321891263127327,0.0,0.424456924200058
940,guidance_0_capability_0_safety_1,1,0.13605468648893293,318,0.668125,0.0,0.375,0,562,0,0,4.2776577174663544e-05,2.208173990249634,1.172753095626831,0.0004985653795301914,0.0,0.38445472717285156
941,guidance_0_capability_0_safety_1,1,0.03138671931083081,318,0.77625,0.0,0.375,0,818,0,0,-0.001681031659245491,0.6068987250328064,1.1907246112823486,4.655417797039263e-05,0.0,0.3724951148033142
942,guidance_0_capability_0_safety_1,1,0.11894531240614015,319,0.163125,0.0,0.25,0,74,0,0,-0.0035707741044461727,1.0333151817321777,1.1519025564193726,0.0012378371320664883,0.0,0.3910961151123047
943,guidance_0_capability_0_safety_1,1,0.16606445533398073,319,0.49375,0.0,0.375,0,330,0,0,-0.0005426019197329879,3.019012928009033,1.1484971046447754,0.001503554405644536,0.0,0.40739163756370544
944,guidance_0_capability_0_safety_1,1,0.06059570435900241,319,0.6125,0.0,0.625,0,586,0,0,-0.0027660976629704237,1.6771537065505981,1.1548529863357544,0.000284023757558316,0.0,0.40052518248558044
945,guidance_0_capability_0_safety_1,1,0.030048826753045432,319,0.7025,0.0,0.75,0,842,0,0,-0.0017083872808143497,1.3093740940093994,1.1081846952438354,-0.0005406620912253857,0.0,0.4256691634654999
946,guidance_0_capability_0_safety_1,1,0.12062500003958121,320,0.179375,0.0,0.125,0,98,0,0,-0.0011807454284280539,1.1190540790557861,1.0957918167114258,0.001739981584250927,0.0,0.4441978633403778
947,guidance_0_capability_0_safety_1,1,0.21228515999973752,320,0.50375,0.0,0.625,0,354,0,0,-6.721665613440564e-06,2.6123392581939697,1.0770807266235352,0.0009143368224613369,0.0,0.45549654960632324
948,guidance_0_capability_0_safety_1,1,0.09687499998835847,320,0.681875,0.0,0.875,0,610,0,0,-0.00042136479169130325,1.6078965663909912,1.1372551918029785,0.000340340833645314,0.0,0.41159987449645996
949,guidance_0_capability_0_safety_1,1,-0.009375000383442966,320,0.726875,0.0,0.875,0,866,0,0,-0.0023617595434188843,0.5393894910812378,1.1291701793670654,0.0011196740670129657,0.0,0.41519543528556824
950,guidance_0_capability_0_safety_1,1,0.1556738249164482,321,0.204375,0.0,0.125,0,122,0,0,-0.0006573870778083801,2.1938424110412598,1.1247198581695557,0.0006497887661680579,0.0,0.42458415031433105
951,guidance_0_capability_0_safety_1,1,0.20632812326948624,321,0.4825,0.0,0.875,0,378,0,0,-0.0009543371270410717,3.603041172027588,1.0422581434249878,-0.00030325897387228906,0.0,0.4684039056301117
952,guidance_0_capability_0_safety_1,1,0.05511718704656232,321,0.613125,0.0,1.0,0,634,0,0,-0.0008876569336280227,3.931548595428467,1.1444659233093262,0.00041629126644693315,0.0,0.40337634086608887
953,guidance_0_capability_0_safety_1,1,0.030175781557773007,321,0.76125,0.0,1.0,0,890,0,0,-0.0035855667665600777,1.5302541255950928,1.1219980716705322,0.0006815510569140315,0.0,0.41867774724960327
954,guidance_0_capability_0_safety_1,1,0.09381835744352429,322,0.160625,0.0,0.125,0,146,0,0,-0.0008276257431134582,1.7659121751785278,1.0770437717437744,0.0015473965322598815,0.0,0.43144211173057556
955,guidance_0_capability_0_safety_1,1,0.2057812506245682,322,0.5075,0.0,0.375,0,402,0,0,-0.0007307560881599784,3.3381190299987793,0.981878936290741,0.0010554653126746416,0.0,0.5004968047142029
956,guidance_0_capability_0_safety_1,1,0.12162109297787538,322,0.69875,0.0,0.75,0,658,0,0,9.330517787020653e-05,2.969459295272827,1.1129088401794434,0.0005661752074956894,0.0,0.41207823157310486
957,guidance_0_capability_0_safety_1,1,0.07166992337079137,322,0.85125,0.0,0.875,0,914,0,0,0.00012472707021515816,1.9549305438995361,1.1339726448059082,-0.0005430508172139525,0.0,0.3930143713951111
958,guidance_0_capability_0_safety_1,1,0.19110351576455287,323,0.290625,0.0,0.375,0,170,0,0,-0.0013451788108795881,1.1783108711242676,1.0631492137908936,-0.0007334963302128017,0.0,0.4436202049255371
959,guidance_0_capability_0_safety_1,1,0.031103516201255843,323,0.399375,0.0,0.375,0,426,0,0,5.486048758029938e-05,6.3870954513549805,1.0515632629394531,0.00018198401085101068,0.0,0.4584481120109558
960,guidance_0_capability_0_safety_1,1,-0.01807617230588221,323,0.430625,0.0,0.375,0,682,0,0,-0.0006129294633865356,2.8831658363342285,1.159562587738037,6.367708556354046e-05,0.0,0.39194878935813904
961,guidance_0_capability_0_safety_1,1,0.07508789152780082,323,0.551875,0.0,0.75,0,938,0,0,-0.00119076669216156,4.07224702835083,1.15042245388031,-0.00031165051041170955,0.0,0.39180439710617065
962,guidance_0_capability_0_safety_1,1,0.048544922272412805,324,0.119375,0.0,0.0,0,194,0,0,-0.00042427144944667816,5.717723369598389,1.0887385606765747,0.0010551169980317354,0.0,0.44649896025657654
963,guidance_0_capability_0_safety_1,1,0.07947265474649612,324,0.25,0.0,0.375,0,450,0,0,-0.0006834169616922736,5.299339294433594,1.072331190109253,-0.00013953929010313004,0.0,0.45683830976486206
964,guidance_0_capability_0_safety_1,1,0.03306640568553121,324,0.358125,0.0,0.375,0,706,0,0,-0.0013324718456715345,2.265324115753174,1.0221503973007202,0.0003815833479166031,0.0,0.476503849029541
965,guidance_0_capability_0_safety_1,1,0.049042968938010745,324,0.478125,0.0,0.5,0,962,0,0,-0.0012130250688642263,1.484018087387085,1.13870108127594,2.1660391212208197e-05,0.0,0.38241586089134216
966,guidance_0_capability_0_safety_1,1,0.3081640627970046,325,0.381875,0.0,0.5,0,218,0,0,-8.830055594444275e-05,5.661529541015625,1.1088855266571045,0.0009044522303156555,0.0,0.43470868468284607
967,guidance_0_capability_0_safety_1,1,0.08578124855921487,325,0.559375,0.0,0.625,0,474,0,0,-0.00018181512132287025,6.208878517150879,1.0852792263031006,-7.81222915975377e-05,0.0,0.4474002718925476
968,guidance_0_capability_0_safety_1,1,0.05447265647308086,325,0.6725,0.0,0.75,0,730,0,0,-0.0004984686966054142,2.5170435905456543,1.0143554210662842,0.00012307707220315933,0.0,0.49019908905029297
969,guidance_0_capability_0_safety_1,1,-0.008203124882129487,325,0.69625,0.0,0.875,0,986,0,0,-0.00040603987872600555,0.5648884773254395,1.128333568572998,0.0004338757134974003,0.0,0.40334582328796387
970,guidance_0_capability_0_safety_1,1,0.21040039315266768,326,0.339375,0.0,0.375,0,242,0,0,-0.0007240952691063285,1.5249793529510498,1.1002700328826904,4.765422545460751e-06,0.0,0.4445999264717102
971,guidance_0_capability_0_safety_1,1,0.14155273461074103,326,0.584375,0.0,0.625,0,498,0,0,-0.0003329829196445644,2.9611878395080566,1.0710951089859009,0.0006456968258135021,0.0,0.46543940901756287
972,guidance_0_capability_0_safety_1,1,0.05164062595576979,326,0.70625,0.0,0.75,0,754,0,0,-0.0018523726612329483,1.672468900680542,1.071481466293335,-1.622689887881279e-05,0.0,0.47084841132164
973,guidance_0_capability_0_safety_1,1,-0.0018066409065795597,327,0.025625,0.0,0.0,0,10,0,0,-0.001703258603811264,0.5384938716888428,1.0994004011154175,0.000982126104645431,0.0,0.45004963874816895
974,guidance_0_capability_0_safety_1,1,0.18378906349244062,327,0.376875,0.0,0.0,0,266,0,0,-0.001489701448008418,1.6537609100341797,1.079269289970398,0.0006774266948923469,0.0,0.45641621947288513
975,guidance_0_capability_0_safety_1,1,0.15316406330748578,327,0.6225,0.0,0.375,0,522,0,0,0.0005285566439852118,3.7017486095428467,1.1268842220306396,-0.0006531815743073821,0.0,0.3993111848831177
976,guidance_0_capability_0_safety_1,1,0.0016113276360556483,327,0.680625,0.0,0.375,0,778,0,0,-8.629014337202534e-05,0.5676478147506714,1.1567471027374268,0.0002641044557094574,0.0,0.3863966464996338
977,guidance_0_capability_0_safety_1,1,0.02530273391312221,328,0.076875,0.0,0.0,0,34,0,0,-0.0012374341022223234,0.25764936208724976,1.1905441284179688,-0.00022645357239525765,0.0,0.3627083897590637
978,guidance_0_capability_0_safety_1,1,0.2040136705036275,328,0.385625,0.0,0.5,0,290,0,0,-0.00041273050010204315,2.8276748657226562,1.072574257850647,0.000438412360381335,0.0,0.45064160227775574
979,guidance_0_capability_0_safety_1,1,0.04443359439028427,328,0.491875,0.0,0.625,0,546,0,0,-0.0010040778433904052,0.8962661027908325,1.0806703567504883,-0.0006426939507946372,0.0,0.44048309326171875
980,guidance_0_capability_0_safety_1,1,0.05910156250320142,328,0.641875,0.0,0.625,0,802,0,0,-0.001049388200044632,2.515047550201416,0.973319947719574,0.00011367801198503003,0.0,0.5045050382614136
981,guidance_0_capability_0_safety_1,1,0.03272460910011432,329,0.098125,0.0,0.0,0,58,0,0,-0.0044820248149335384,0.2759297490119934,0.9976282119750977,0.0004826146177947521,0.0,0.47811323404312134
982,guidance_0_capability_0_safety_1,1,0.2710253895056667,329,0.475625,0.0,0.75,0,314,0,0,-4.1191156924469396e-05,4.884577751159668,1.0776023864746094,0.0009611694840714335,0.0,0.43862223625183105
983,guidance_0_capability_0_safety_1,1,0.012099609535653144,329,0.543125,0.0,0.75,0,570,0,0,-0.002014996251091361,0.3521835207939148,1.0877676010131836,0.0009693530155345798,0.0,0.4305601119995117
984,guidance_0_capability_0_safety_1,1,0.033671875193249434,329,0.65375,0.0,0.75,0,826,0,0,-0.003091566963121295,1.2735642194747925,1.04875648021698,0.0005532273789867759,0.0,0.45510923862457275
985,guidance_0_capability_0_safety_1,1,0.14335937549185473,330,0.17,0.0,0.375,0,82,0,0,-0.0006025402690283954,1.2706904411315918,1.0859777927398682,-0.00022701951093040407,0.0,0.44021177291870117
986,guidance_0_capability_0_safety_1,1,0.16619140662442078,330,0.4575,0.0,0.625,0,338,0,0,-0.0015874903183430433,2.774195671081543,1.087200403213501,7.658762478968129e-05,0.0,0.4368959367275238
987,guidance_0_capability_0_safety_1,1,0.013749999561696313,330,0.545,0.0,0.625,0,594,0,0,0.0010134497424587607,0.9478822350502014,1.138404130935669,0.000512871309183538,0.0,0.39001405239105225
988,guidance_0_capability_0_safety_1,1,0.06038085884574684,330,0.68125,0.0,0.75,0,850,0,0,-0.0002070156333502382,2.6783628463745117,1.1324195861816406,-5.557233089348301e-05,0.0,0.39442238211631775
989,guidance_0_capability_0_safety_1,1,0.11386718559151632,331,0.14625,0.0,0.0,0,106,0,0,-0.00043619517236948013,5.1207075119018555,1.1110343933105469,-0.00030018328106962144,0.0,0.41026514768600464
990,guidance_0_capability_0_safety_1,1,0.20061523310869234,331,0.493125,0.0,0.5,0,362,0,0,-0.00043939240276813507,4.320387363433838,1.0886911153793335,-2.0575400412781164e-05,0.0,0.42161011695861816
991,guidance_0_capability_0_safety_1,1,0.11287109295153641,331,0.69125,0.0,0.75,0,618,0,0,-0.0008151986403390765,2.1191306114196777,1.117547631263733,-0.0004331007075961679,0.0,0.39599665999412537
992,guidance_0_capability_0_safety_1,1,-0.01873046905893716,331,0.7175,0.0,0.75,0,874,0,0,-0.0004267636686563492,0.5626727938652039,1.1255478858947754,-0.00023983744904398918,0.0,0.39218902587890625
993,guidance_0_capability_0_safety_1,1,0.1320312483367161,332,0.16875,0.0,0.25,0,130,0,0,-5.816544216941111e-05,2.9971656799316406,1.0338366031646729,5.6962329836096615e-05,0.0,0.45586127042770386
994,guidance_0_capability_0_safety_1,1,0.1381152339563414,332,0.4325,0.0,0.375,0,386,0,0,-0.000533544342033565,2.670156478881836,1.1001977920532227,-6.353327535180142e-06,0.0,0.40793222188949585
995,guidance_0_capability_0_safety_1,1,0.035146484169672476,332,0.54375,0.0,0.5,0,642,0,0,-0.00028287124587222934,1.9361653327941895,1.0899112224578857,0.00018726056441664696,0.0,0.41114553809165955
996,guidance_0_capability_0_safety_1,1,0.11016601408482529,332,0.745625,0.0,0.75,0,898,0,0,-0.0007018248434178531,7.234651565551758,1.1229430437088013,-0.00034037529258057475,0.0,0.3821459412574768
997,guidance_0_capability_0_safety_1,1,0.17408203320155735,333,0.270625,0.0,0.25,0,154,0,0,-0.0004974454641342163,1.9900708198547363,1.0935537815093994,-0.0002926417510025203,0.0,0.44222456216812134
998,guidance_0_capability_0_safety_1,1,0.17273437351104803,333,0.57375,0.0,0.5,0,410,0,0,0.00014863318938296288,2.79201078414917,1.0851879119873047,-8.602393791079521e-05,0.0,0.42219993472099304
999,guidance_0_capability_0_safety_1,1,0.05269531173325959,333,0.7,0.0,0.625,0,666,0,0,-0.004089649301022291,1.5875756740570068,1.1204214096069336,-8.067333692451939e-05,0.0,0.40154966711997986
1000,guidance_0_capability_0_safety_1,1,0.05228515495764441,333,0.808125,0.0,0.875,0,922,0,0,-0.0004132079775445163,1.3561198711395264,1.1410020589828491,0.0021600802429020405,0.0,0.40047189593315125
