update,scenario,rollout_reward_mean,episode_count,coverage_ratio,inspection_success_rate,target_detection_rate,mission_success,mission_time,collision_count,invalid_action_count,policy_loss,value_loss,entropy,approx_kl,clip_fraction,mean_action_probability
1,1,0.7538865892172453,0,0.288125,0.125,0.125,0,256,0,0,-0.0031906988006085157,70.79656982421875,1.0064038038253784,-0.0004807173681911081,0.0,0.48902153968811035
2,1,0.26342514009957085,0,0.349375,0.125,0.125,0,512,0,0,-0.0021205011289566755,62.673912048339844,1.4739127159118652,-0.00043065822683274746,0.0,0.2768849730491638
3,1,0.7413612114582975,0,0.40125,0.125,0.125,0,768,0,0,-0.0018945777555927634,131.43606567382812,1.5836337804794312,0.0008757744799368083,0.0,0.23574066162109375
4,1,1.1965475809731743,1,0.06,0.0,0.125,0,24,0,0,-0.00026105967117473483,747.6669921875,1.2303072214126587,0.0005750721320509911,0.0,0.37420815229415894
5,1,0.6684395844167739,1,0.368125,0.125,0.375,0,280,0,0,-0.00108217797242105,93.87401580810547,1.2198747396469116,0.0010045862291008234,0.0,0.38642799854278564
6,1,-0.5113081272329509,1,0.404375,0.125,0.375,0,536,0,0,-0.0017834834288805723,108.28883361816406,1.5840972661972046,0.0004741419979836792,0.0,0.24685034155845642
7,1,-0.2448885439098376,1,0.550625,0.25,0.5,0,792,0,0,-0.00045776524348184466,87.81303405761719,1.539567232131958,-0.00023862246598582715,0.0,0.2546159029006958
8,1,0.4389165422330734,2,0.211875,0.0,0.25,0,194,0,0,-0.0014664018526673317,162.6776123046875,1.3323252201080322,0.0006464511388912797,0.0,0.3387725353240967
9,1,0.08188967621458687,2,0.328125,0.125,0.25,0,450,0,0,-0.0012782210251316428,56.41132736206055,1.3023860454559326,0.0010655669029802084,0.0,0.3502885103225708
10,1,0.2537509984647386,2,0.37875,0.25,0.25,0,706,0,0,-0.001638475339859724,277.9590759277344,1.3750941753387451,-0.0005293918657116592,0.0,0.31027281284332275
11,1,0.9415273404529216,3,0.008125,0.0,0.0,0,2,0,0,-0.0006175827002152801,731.6278076171875,1.5565001964569092,-0.00019775409600697458,0.0,0.24910776317119598
12,1,1.4113150070625124,4,0.038125,0.0,0.0,0,22,0,0,-0.00038851023418828845,354.0966491699219,0.9602460861206055,0.00032100066891871393,0.0,0.5174500942230225
13,1,0.37738300840464944,4,0.20625,0.0,0.0,0,278,0,0,-0.0007381821051239967,106.64644622802734,1.4360816478729248,-0.0002261633926536888,0.0,0.3167363107204437
14,1,0.4510307639011444,4,0.2375,0.125,0.125,0,534,0,0,-0.0009901024168357253,333.3282470703125,1.426868200302124,-0.0002457577211316675,0.0,0.30114445090293884
15,1,0.8725576951619587,5,0.2,0.125,0.125,0,146,0,0,1.1192014426342212e-05,120.59544372558594,1.2596337795257568,0.0004248586483299732,0.0,0.3746813237667084
16,1,0.41210894495088723,5,0.315625,0.25,0.25,0,402,0,0,-0.0018791239708662033,196.00054931640625,1.4366703033447266,1.306676676904317e-05,0.0,0.3004441261291504
17,1,0.4172845857901848,6,0.24625,0.0,0.0,0,190,0,0,-0.001147010363638401,176.9697265625,1.3669694662094116,-0.001437279162928462,0.0,0.34246715903282166
18,1,-0.18250501694819832,8,0.1175,0.0,0.125,0,49,0,0,0.00036120181903243065,950.000244140625,1.1091437339782715,0.00034182146191596985,0.0,0.4626162052154541
19,1,0.43074536483254633,8,0.359375,0.125,0.25,0,305,0,0,-0.004208356142044067,51.892311096191406,1.292559266090393,0.001264094142243266,0.0,0.3722383677959442
20,1,0.7238780820989632,9,0.025,0.0,0.0,0,14,0,0,-0.0016320403665304184,384.8624267578125,1.3759279251098633,0.0012785723665729165,0.0,0.32087838649749756
21,1,0.7164570616905621,9,0.309375,0.0,0.25,0,270,0,0,-0.0003108484670519829,177.83985900878906,0.8785215616226196,0.000922940846066922,0.0,0.5529497861862183
22,1,-0.20529438568428304,10,0.193125,0.0,0.125,0,89,0,0,-0.00022296918905340135,135.43182373046875,1.2327852249145508,0.0008857615757733583,0.0,0.4000266492366791
23,1,-0.21879268633711035,10,0.23875,0.0,0.125,0,345,0,0,-0.0006698761135339737,146.20437622070312,1.3310493230819702,-0.00021056630066595972,0.0,0.34863609075546265
24,1,0.03911127701871919,11,0.035625,0.0,0.0,0,19,0,0,-0.0024677044712007046,261.6425476074219,1.336857557296753,0.0015517196152359247,0.0,0.3679463267326355
25,1,1.1051123325523804,11,0.33375,0.125,0.125,0,275,0,0,-0.0015393458306789398,253.7227020263672,1.0361835956573486,0.0018428284674882889,0.0,0.4830126166343689
26,1,1.0903290749470216,12,0.209375,0.125,0.125,0,229,0,0,-0.0008022102410905063,381.9634704589844,1.0533344745635986,-0.0003035412519238889,0.0,0.48914140462875366
27,1,0.6754933903827123,12,0.3675,0.125,0.125,0,485,0,0,-0.002735704183578491,54.608062744140625,1.5179309844970703,-0.0020637207198888063,0.0,0.2617446780204773
28,1,0.4549799832293502,12,0.471875,0.125,0.5,0,741,0,0,-2.7278438210487366e-05,92.90711975097656,1.323012113571167,-0.0011800831416621804,0.0,0.34497886896133423
29,1,-0.21067040908383206,12,0.4825,0.25,0.5,0,997,0,0,-0.0009990285616368055,85.63729858398438,1.4813425540924072,-8.814541797619313e-05,0.0,0.2709552049636841
30,1,0.7118361968423415,14,0.175,0.125,0.125,0,115,0,0,0.00036838342202827334,316.5966491699219,0.9840037226676941,-0.0002397878561168909,0.0,0.5246654748916626
31,1,0.9071731824201379,14,0.20625,0.125,0.125,0,371,0,0,-0.0001876590249594301,216.4856719970703,1.2740044593811035,-0.0003096636792179197,0.0,0.38058504462242126
32,1,1.2428113191202392,16,0.20625,0.0,0.375,0,163,0,0,-2.423301339149475e-05,933.4927978515625,1.0347185134887695,-0.0002922254498116672,0.0,0.4975547194480896
33,1,0.0012962553225861484,16,0.294375,0.25,0.375,0,419,0,0,-0.0004916489124298096,81.82545471191406,1.5099204778671265,0.00022814578551333398,0.0,0.27983102202415466
34,1,0.7104203343078552,16,0.3775,0.375,0.375,0,675,0,0,-0.0010465830564498901,412.91448974609375,1.5421942472457886,-0.00010539832146605477,0.0,0.2612839341163635
35,1,0.8178623807066288,16,0.46875,0.375,0.375,0,931,0,0,-0.0005209511145949364,380.45928955078125,1.5987766981124878,0.0004469255800358951,0.0,0.23266971111297607
36,1,1.3322739899667795,18,0.201875,0.0,0.25,0,94,0,0,-0.00017969435430131853,540.6158447265625,0.9843602180480957,-0.00020607576880138367,0.0,0.5215374231338501
37,1,0.67258425977343,18,0.37375,0.375,0.375,0,350,0,0,-0.00046584848314523697,51.83272171020508,1.3201777935028076,-6.131897680461407e-05,0.0,0.35101038217544556
38,1,0.8907888643243496,19,0.145625,0.0,0.0,0,216,0,0,-0.0007234222139231861,91.69493103027344,1.3159373998641968,4.990492016077042e-06,0.0,0.3637878894805908
39,1,0.9050161417344498,19,0.186875,0.0,0.0,0,472,0,0,-0.0018032758962363005,88.24432373046875,1.4968135356903076,0.0006714944611303508,0.0,0.281244158744812
40,1,1.3241192477244113,20,0.01125,0.0,0.0,0,4,0,0,-0.0005190937663428485,346.16485595703125,1.5756564140319824,-0.0001228808832820505,0.0,0.23841498792171478
41,1,1.2245708609989379,21,0.250625,0.0,0.125,0,91,0,0,-0.0011137513210996985,252.34039306640625,0.8141762614250183,0.00015990249812602997,0.0,0.600494921207428
42,1,0.5992957642092733,21,0.4675,0.125,0.25,0,347,0,0,-0.0008386047556996346,125.53900146484375,1.2839291095733643,-0.0001101590896723792,0.0,0.3780607581138611
43,1,0.8080693071824498,22,0.100625,0.0,0.0,0,49,0,0,0.00012572109699249268,414.87677001953125,1.2126898765563965,0.0002830462472047657,0.0,0.41896891593933105
44,1,0.12780599233519752,22,0.33,0.0,0.0,0,305,0,0,-0.00011679654562612996,81.26415252685547,0.4608757495880127,-9.115615102928132e-05,0.0,0.7978569865226746
45,1,0.39538447822997114,24,0.260625,0.125,0.125,0,149,0,0,5.653003972838633e-05,1046.085205078125,0.9577056765556335,-0.00010840439790626988,0.0,0.5375496745109558
46,1,0.98155307261095,24,0.3175,0.125,0.125,0,405,0,0,-0.0008681736653670669,103.44551086425781,1.4376697540283203,-1.827254891395569e-05,0.0,0.3076457679271698
47,1,0.8329434510324063,25,0.1775,0.0,0.375,0,77,0,0,-0.00011357323819538578,471.9762268066406,1.136836051940918,-6.965648935874924e-05,0.0,0.435645192861557
48,1,0.7309861984977033,26,0.223125,0.125,0.25,0,235,0,0,-0.000193922474863939,372.42376708984375,1.212915301322937,0.00027022240101359785,0.0,0.40698763728141785
49,1,0.3386192067118827,26,0.408125,0.25,0.375,0,491,0,0,-0.0007428225944750011,131.40090942382812,1.4138643741607666,0.00034778210101649165,0.0,0.3143349587917328
50,1,1.212249825046456,26,0.419375,0.375,0.375,0,747,0,0,-0.0004839313623961061,828.258056640625,1.568629264831543,0.0005642698961310089,0.0,0.2503393590450287
51,1,0.27030329253284435,27,0.009375,0.0,0.0,0,3,0,0,4.120047015021555e-05,173.75750732421875,1.3919808864593506,7.694913074374199e-05,0.0,0.2975388169288635
52,1,1.0092280219614622,28,0.263125,0.125,0.125,0,252,0,0,-0.00022440652537625283,314.9806213378906,1.0849580764770508,6.75454139127396e-05,0.0,0.4546702802181244
53,1,0.47964589406319647,29,0.0175,0.0,0.0,0,10,0,0,-0.0012387505266815424,206.6141357421875,1.5270438194274902,0.0008542800787836313,0.0,0.25878092646598816
54,1,0.5338376409345074,30,0.425,0.125,0.25,0,217,0,0,-0.00013771808880846947,915.4681396484375,0.6703271269798279,3.166597889503464e-05,0.0,0.7031898498535156
55,1,1.2447489345886424,30,0.48625,0.375,0.375,0,473,0,0,8.702588820597157e-05,445.4164733886719,1.5633795261383057,-0.00010692514479160309,0.0,0.252754807472229
56,1,0.8527471255010823,30,0.588125,0.375,0.75,0,729,0,0,-0.00021964932966511697,364.6702880859375,1.5147898197174072,0.0002566416223999113,0.0,0.2593298554420471
57,1,0.2274905265076086,30,0.62375,0.75,0.875,0,985,0,0,-0.0006207271362654865,92.084716796875,1.5086314678192139,0.0002228342927992344,0.0,0.25805914402008057
58,1,1.526585775971398,31,0.154375,0.0,0.0,0,241,0,0,-0.00013558256614487618,335.36871337890625,1.386668086051941,0.000222872564336285,0.0,0.32507991790771484
59,1,1.2993221948572682,31,0.253125,0.0,0.0,0,497,0,0,-0.0006116395816206932,298.1994934082031,1.5614322423934937,-0.0003831458743661642,0.0,0.2436142861843109
60,1,1.2613492391174077,31,0.45625,0.125,0.25,0,753,0,0,-0.0006349884788505733,229.85995483398438,1.3338946104049683,-0.00013609309098683298,0.0,0.33069169521331787
61,1,1.787342268451539,32,0.02375,0.0,0.0,0,9,0,0,-1.8278758943779394e-05,1184.4925537109375,1.4416545629501343,0.0002629660884849727,0.0,0.3043995797634125
62,1,1.1621484516435885,33,0.01125,0.0,0.0,0,4,0,0,-0.0008548529585823417,322.0322570800781,1.1170995235443115,0.00030187470838427544,0.0,0.4452189803123474
63,1,0.7948367061298995,33,0.179375,0.0,0.0,0,260,0,0,-0.0037622663658112288,93.89688110351562,1.3112480640411377,0.0020596946123987436,0.0,0.369448721408844
64,1,0.8543325680778935,33,0.213125,0.0,0.0,0,516,0,0,0.0005130702629685402,67.13951110839844,1.5803887844085693,0.0003275637864135206,0.0,0.2359495609998703
65,1,1.1692263401346281,34,0.305,0.25,0.5,0,243,0,0,-0.002912509720772505,629.08447265625,1.2380359172821045,0.0012887970078736544,0.0,0.398155152797699
66,1,0.9790100534446537,35,0.225,0.125,0.125,0,165,0,0,0.00016131284064613283,436.8615417480469,1.1293132305145264,-1.7178555935970508e-05,0.0,0.4402739405632019
67,1,0.5896938564055745,35,0.321875,0.25,0.25,0,421,0,0,-0.0013467309763655066,165.6088104248047,1.4570201635360718,3.7967925891280174e-05,0.0,0.2862125635147095
68,1,0.3728618112181721,35,0.37125,0.375,0.375,0,677,0,0,-0.0011541744461283088,155.45323181152344,1.4594019651412964,0.0013339484576135874,0.0,0.2851906418800354
69,1,1.9140717598140782,35,0.5825,0.375,0.75,0,933,0,0,0.0005384975811466575,1060.26025390625,1.400819182395935,0.00010883381764870137,0.0,0.32538026571273804
70,1,0.7946628302506724,36,0.21625,0.0,0.125,0,189,0,0,-0.00023735067225061357,130.57785034179688,1.270634651184082,0.0006752439076080918,0.0,0.3713947534561157
71,1,0.6040523202636905,36,0.379375,0.125,0.25,0,445,0,0,-0.0017194848041981459,41.944393157958984,1.262808918952942,-0.00018955799168907106,0.0,0.37198448181152344
72,1,0.5642685308012005,38,0.006875,0.0,0.0,0,1,0,0,4.733726382255554e-05,524.3817749023438,1.2005467414855957,-5.5949050874914974e-05,0.0,0.4035472273826599
73,1,1.3701751861954108,38,0.33625,0.5,0.5,0,257,0,0,-0.00045155672705732286,401.276123046875,1.2044689655303955,-6.782783748349175e-05,0.0,0.38977277278900146
74,1,0.5241978515805386,38,0.455625,0.75,0.625,0,513,0,0,-0.0016914954176172614,287.9609375,1.4643986225128174,0.001092715421691537,0.0,0.2748318910598755
75,1,0.5390414366465848,39,0.119375,0.0,0.125,0,56,0,0,-0.002259348053485155,269.4071960449219,1.3295323848724365,0.0007063771481625736,0.0,0.3457104563713074
76,1,0.712720920004358,39,0.288125,0.125,0.125,0,312,0,0,-0.0011446954449638724,132.43775939941406,1.274336814880371,-0.0006287640426307917,0.0,0.3799600601196289
77,1,0.6467182254200452,40,0.294375,0.125,0.125,0,200,0,0,0.0006010920624248683,337.2397766113281,1.129513144493103,-0.00047306320630013943,0.0,0.4378337860107422
78,1,0.6139953021690019,41,0.20125,0.0,0.25,0,96,0,0,-0.0013434961438179016,379.0721130371094,1.235593318939209,0.0004024193622171879,0.0,0.3984619081020355
79,1,0.7218088112786063,41,0.363125,0.25,0.25,0,352,0,0,-0.0015704687684774399,188.76736450195312,1.328762412071228,0.001047618454322219,0.0,0.33669376373291016
80,1,1.9908247739604121,41,0.539375,0.25,0.625,0,608,0,0,0.0005459251697175205,552.1908569335938,1.3794491291046143,-0.00024283087986987084,0.0,0.32526838779449463
81,1,0.9717723138510337,42,0.25875,0.25,0.625,0,119,0,0,0.00024556121206842363,389.40411376953125,1.2405059337615967,-0.00025570672005414963,0.0,0.3873770833015442
82,1,0.6563378356222529,42,0.501875,0.625,0.75,0,375,0,0,-0.0015239734202623367,82.1959228515625,1.3877853155136108,0.000244444003328681,0.0,0.31431692838668823
83,1,1.1998439813760342,42,0.52,0.75,0.75,0,631,0,0,-0.0012372583150863647,554.8275756835938,1.4951989650726318,0.00012378084647934884,0.0,0.26685112714767456
84,1,1.7415308872323294,42,0.52375,0.75,0.75,0,887,0,0,-0.0007431392441503704,791.7753295898438,1.591915488243103,6.715193012496457e-05,0.0,0.23621925711631775
85,1,1.3445223027083557,43,0.2925,0.25,0.375,0,144,0,0,-0.0003028114733751863,443.452880859375,1.3129961490631104,0.00016767244960647076,0.0,0.3502280116081238
86,1,1.2825649322439858,43,0.476875,0.375,0.5,0,400,0,0,-0.0001179600803880021,298.99102783203125,1.296679973602295,0.0004769810475409031,0.0,0.37112945318222046
87,1,1.2583073578643962,44,0.2175,0.0,0.375,0,95,0,0,-0.00015463060117326677,434.32208251953125,1.1740998029708862,-0.00034508155658841133,0.0,0.4225155711174011
88,1,1.2219022137187494,44,0.360625,0.625,0.625,0,351,0,0,-0.0010147839784622192,260.74298095703125,1.3606982231140137,0.0004741322190966457,0.0,0.31746023893356323
89,1,0.07547788423289603,46,0.29,0.0,0.0,0,162,0,0,-0.00011152712249895558,856.0389404296875,0.8653873801231384,9.207124821841717e-05,0.0,0.5872934460639954
90,1,1.0672152820661722,46,0.540625,0.0,0.375,0,418,0,0,-0.00043285684660077095,140.92913818359375,1.0375773906707764,0.00015651085413992405,0.0,0.4732382297515869
91,1,0.7719064479617828,46,0.664375,0.5,0.625,0,674,0,0,0.00015504720795433968,351.8644104003906,1.3885447978973389,0.0003233174793422222,0.0,0.32418882846832275
92,1,0.31758404466881984,46,0.723125,0.625,0.625,0,930,0,0,-0.0003764381108339876,137.19927978515625,1.494292974472046,-0.00025927246315404773,0.0,0.2650337219238281
93,1,2.022460917272838,47,0.305625,0.25,0.5,0,186,0,0,-2.379839770583203e-06,795.8707275390625,1.1559334993362427,1.15704415293294e-05,0.0,0.41930341720581055
94,1,1.1629373716714326,49,0.04,0.0,0.0,0,17,0,0,-0.0005074957152828574,808.029541015625,1.0697888135910034,7.080729119479656e-05,0.0,0.4694936275482178
95,1,1.2390868626753218,50,0.238125,0.125,0.25,0,206,0,0,-0.00026141045964322984,564.0712890625,1.0086324214935303,7.917623588582501e-05,0.0,0.4854351878166199
96,1,0.6614084275643108,51,0.3775,0.0,0.0,0,206,0,0,-0.0004963738610967994,341.9184265136719,0.7673287391662598,3.122569523839047e-06,0.0,0.6245967745780945
97,1,0.5375468213314889,52,0.251875,0.0,0.125,0,103,0,0,-0.00018375336367171258,469.670166015625,0.8869714140892029,-5.558459088206291e-05,0.0,0.5392831563949585
98,1,0.7165428814090156,52,0.51875,0.125,0.5,0,359,0,0,-0.0017331441631540656,163.62603759765625,1.163148283958435,0.0003270620363764465,0.0,0.4367671012878418
99,1,1.3387237131646543,52,0.605,0.5,0.5,0,615,0,0,0.0006976844742894173,465.3094482421875,1.4053151607513428,0.0009474811377003789,0.0,0.32752811908721924
100,1,1.8512960628013388,52,0.6275,0.5,0.5,0,871,0,0,3.446793925832026e-05,814.48974609375,1.5964536666870117,0.0001208668909384869,0.0,0.23395048081874847
101,1,0.6708647991763428,53,0.29,0.0,0.25,0,127,0,0,-0.0013321948936209083,129.84686279296875,1.1426419019699097,-0.00011155770334880799,0.0,0.45255428552627563
102,1,0.7928437031223439,54,0.109375,0.0,0.0,0,53,0,0,-0.0027038734406232834,343.6802673339844,1.0797619819641113,-0.0004008276737295091,0.0,0.4468052387237549
103,1,1.1835922978880262,55,0.2325,0.25,0.5,0,151,0,0,-0.0003845409373752773,646.6918334960938,1.1396286487579346,0.0009658030467107892,0.0,0.4391302466392517
104,1,0.46314012352377176,55,0.363125,0.5,0.625,0,407,0,0,-0.00033934973180294037,173.3553466796875,1.4136524200439453,0.0004220522823743522,0.0,0.30165231227874756
105,1,1.358537713669648,55,0.42625,0.625,0.625,0,663,0,0,0.00019040642655454576,638.8865966796875,1.5715707540512085,0.0006499268929474056,0.0,0.23999518156051636
106,1,0.9794349736575896,56,0.118125,0.0,0.0,0,57,0,0,0.00021401792764663696,623.3115234375,1.3398206233978271,-0.0004561816749628633,0.0,0.3515639305114746
107,1,0.09503106518968707,57,0.17125,0.0,0.0,0,119,0,0,-0.00015775053179822862,1104.5853271484375,0.9477887153625488,3.2617557735648006e-05,0.0,0.5498913526535034
108,1,1.0062797578284517,57,0.4625,0.125,0.125,0,375,0,0,-0.0010610006283968687,182.02928161621094,1.1618064641952515,-0.000485442578792572,0.0,0.4213729798793793
109,1,1.013885585949538,57,0.495,0.25,0.25,0,631,0,0,-0.0002005786373047158,486.99041748046875,1.5564225912094116,0.00022354016255121678,0.0,0.24892950057983398
110,1,1.1482510985770205,57,0.50875,0.25,0.25,0,887,0,0,-0.0018004057928919792,637.24169921875,1.557934284210205,7.336447015404701e-05,0.0,0.245868980884552
111,1,1.570046201578407,59,0.14875,0.0,0.25,0,78,0,0,-0.00046686892164871097,559.04248046875,1.252711534500122,-0.0007955137407407165,0.0,0.4071166217327118
112,1,1.0018473384552635,59,0.304375,0.25,0.25,0,334,0,0,-0.00017087037849705666,70.84886169433594,1.1870651245117188,-6.74883704050444e-05,0.0,0.4156096875667572
113,1,0.9075797857076395,59,0.58875,0.375,0.75,0,590,0,0,-0.0016814784612506628,265.9921875,1.2225183248519897,-0.00040199211798608303,0.0,0.387723445892334
114,1,1.6555842257585027,59,0.663125,0.75,0.75,0,846,0,0,0.00039227245724759996,762.8851928710938,1.4534814357757568,0.0003697358479257673,0.0,0.28682711720466614
115,1,1.6986798157340672,61,0.115,0.0,0.0,0,52,0,0,8.177012205123901e-07,1697.1002197265625,1.137279748916626,-0.0001695728860795498,0.0,0.4539555013179779
116,1,1.0639494539937004,61,0.394375,0.125,0.125,0,308,0,0,-0.0015594711294397712,95.9559326171875,0.8854802846908569,0.0006873480742797256,0.0,0.5621784925460815
117,1,1.2194936743208018,62,0.28375,0.25,0.375,0,189,0,0,-0.001649417681619525,357.0150451660156,1.275189757347107,0.0008416303317062557,0.0,0.35817164182662964
118,1,1.5814520460651238,62,0.59375,0.5,0.625,0,445,0,0,-0.0004979415680281818,320.69708251953125,1.2896651029586792,0.0014481639955192804,0.0,0.37210819125175476
119,1,1.34307031247954,62,0.626875,0.75,0.625,0,701,0,0,-0.00028303638100624084,311.51922607421875,1.4341166019439697,-0.00037420139415189624,0.0,0.3064776062965393
120,1,1.963038053632772,62,0.651875,0.75,0.625,0,957,0,0,8.212278771679848e-05,755.599609375,1.5700733661651611,0.0003716674109455198,0.0,0.2385530173778534
121,1,1.5921949047260568,63,0.260625,0.25,0.625,0,213,0,0,-0.00041881948709487915,228.57977294921875,1.1058088541030884,-8.849489677231759e-05,0.0,0.4396155774593353
122,1,0.8719303693942493,64,0.215625,0.25,0.375,0,114,0,0,-0.00017287924129050225,746.7236328125,1.3551963567733765,0.00023118701938074082,0.0,0.33755525946617126
123,1,1.8313933050158084,64,0.26875,0.375,0.375,0,370,0,0,-0.0005048550665378571,614.16015625,1.476049780845642,-0.00026946322759613395,0.0,0.2863752245903015
124,1,1.6104719530667353,64,0.34,0.5,0.625,0,626,0,0,-0.00041952793253585696,311.1423034667969,1.4179713726043701,-6.716077677992871e-06,0.0,0.3028103709220886
125,1,0.14006458460426074,64,0.50125,0.625,0.75,0,882,0,0,-0.0002963940496556461,197.79481506347656,1.4694602489471436,0.00016264943405985832,0.0,0.26226067543029785
126,1,0.6717955286658253,66,0.170625,0.125,0.125,0,104,0,0,0.00012992447591386735,847.7469482421875,1.2178630828857422,9.661757940193638e-05,0.0,0.4234192967414856
127,1,1.2041278505985247,66,0.334375,0.125,0.375,0,360,0,0,-0.000759270042181015,163.55010986328125,1.2982661724090576,0.00030594196869060397,0.0,0.3497123420238495
128,1,0.6682736116817978,66,0.43,0.375,0.375,0,616,0,0,-0.0010013546561822295,204.8907470703125,1.4398136138916016,0.0002566430193837732,0.0,0.2924627661705017
129,1,0.8970843577517371,67,0.090625,0.0,0.125,0,52,0,0,-0.003086236072704196,270.435302734375,1.4308290481567383,0.0004766658821608871,0.0,0.2984466552734375
130,1,1.264010386323207,67,0.34125,0.25,0.375,0,308,0,0,-0.0008230395615100861,132.46401977539062,1.109083890914917,-0.0007248155307024717,0.0,0.4262576699256897
131,1,0.6286473620057222,67,0.460625,0.625,0.625,0,564,0,0,-0.0024914059322327375,254.41552734375,1.4889717102050781,0.002998766954988241,0.0,0.26940715312957764
132,1,1.6686519196873633,67,0.50625,0.625,0.625,0,820,0,0,0.0017566215246915817,501.8050537109375,1.5608842372894287,-0.0002776383771561086,0.0,0.24581864476203918
133,1,0.9304275398935715,68,0.206875,0.0,0.0,0,76,0,0,0.00039737269980832934,206.78604125976562,1.246187448501587,-0.00031433565891347826,0.0,0.3984578251838684
134,1,1.517196980828885,69,0.156875,0.25,0.375,0,70,0,0,-0.000648966699372977,800.5252685546875,0.9854598045349121,7.129235746106133e-05,0.0,0.5117003321647644
135,1,1.0396283957379637,69,0.2725,0.375,0.375,0,326,0,0,-0.00025602802634239197,70.23332214355469,1.0972929000854492,-0.00014244765043258667,0.0,0.4122663140296936
136,1,1.212171896611835,70,0.393125,0.125,0.25,0,167,0,0,-0.0009555040742270648,436.3786926269531,1.0642714500427246,0.0002896407968364656,0.0,0.4873904585838318
137,1,2.2602194604587567,70,0.44,0.25,0.25,0,423,0,0,-0.0006393803050741553,919.7182006835938,1.371866226196289,-8.377495396416634e-05,0.0,0.3313007950782776
138,1,1.6386093725625415,70,0.45,0.25,0.25,0,679,0,0,-0.0012583205243572593,390.0107421875,1.544133186340332,0.00021380055113695562,0.0,0.2448282688856125
139,1,1.3365399787680872,70,0.575625,0.25,0.375,0,935,0,0,-0.000898345373570919,646.5107421875,1.5104683637619019,0.00031561916694045067,0.0,0.26268669962882996
140,1,0.03319310899496486,71,0.164375,0.0,0.0,0,191,0,0,-0.00036334432661533356,198.53367614746094,0.829469621181488,8.499234536429867e-05,0.0,0.6065599322319031
141,1,1.3045843774330024,71,0.5,0.5,0.375,0,447,0,0,-0.002097149845212698,386.4858093261719,1.229247808456421,0.0007092521409504116,0.0,0.3896006941795349
142,1,1.4366810992678438,72,0.206875,0.25,0.375,0,99,0,0,-0.000752866268157959,645.9893798828125,1.278923749923706,0.0017722963821142912,0.0,0.3603808879852295
143,1,0.7055555186343554,72,0.46,0.5,0.625,0,355,0,0,-0.0008166724583134055,137.69659423828125,1.2979573011398315,-0.00012951414100825787,0.0,0.3425532281398773
144,1,0.37804162451720913,73,0.35625,0.0,0.25,0,164,0,0,-4.295321923564188e-05,436.29119873046875,1.024423599243164,-0.00019794655963778496,0.0,0.5014196634292603
145,1,1.3482711471951916,73,0.520625,0.375,0.375,0,420,0,0,-0.0007837213343009353,240.9113311767578,1.1874890327453613,6.882427260279655e-05,0.0,0.3876999318599701
146,1,0.5926250422999146,75,0.195625,0.0,0.0,0,144,0,0,-0.00014125059533398598,882.7607421875,0.8558024764060974,7.787114009261131e-05,0.0,0.5901877284049988
147,1,-0.04438150748319458,75,0.206875,0.0,0.0,0,400,0,0,-0.00016291439533233643,188.67822265625,0.5691236853599548,0.00013272247451823205,0.0,0.7294219732284546
148,1,0.26769898092607036,75,0.338125,0.0,0.125,0,656,0,0,-0.00044655552483163774,145.60552978515625,0.6884204149246216,-1.978393083845731e-05,0.0,0.6536107063293457
149,1,0.7572900837221823,75,0.449375,0.25,0.25,0,912,0,0,-0.0005399218644015491,579.5386962890625,1.330482840538025,0.0003367478493601084,0.0,0.34518879652023315
150,1,2.1339632173257996,76,0.294375,0.375,0.625,0,168,0,0,-0.0005915513029322028,699.358642578125,1.1882469654083252,-0.00029086865833960474,0.0,0.3875522017478943
151,1,1.6265944171418596,76,0.414375,0.625,0.625,0,424,0,0,7.605522114317864e-05,564.50244140625,1.4789044857025146,-0.00024640047922730446,0.0,0.2748126983642578
152,1,0.21197072420909535,76,0.450625,0.625,0.75,0,680,0,0,-0.0008790431311354041,123.94293212890625,1.4926097393035889,0.00011421352246543393,0.0,0.2737625241279602
153,1,2.6572292874125196,76,0.46625,0.75,0.75,0,936,0,0,-0.0010408617090433836,1512.2281494140625,1.557458758354187,-0.00017484705313108861,0.0,0.24918322265148163
154,1,1.3270749223447638,78,0.265,0.125,0.125,0,130,0,0,3.705111794261029e-06,1295.34619140625,1.1020992994308472,8.32251607789658e-05,0.0,0.4636467397212982
155,1,1.740756518971466,78,0.46625,0.25,0.25,0,386,0,0,-0.00010397595906397328,623.85888671875,1.4389699697494507,-0.00011663294571917504,0.0,0.2909272015094757
156,1,1.7558434115089767,78,0.473125,0.25,0.25,0,642,0,0,-0.0006456046248786151,372.5035400390625,1.5952428579330444,0.00028461808688007295,0.0,0.23764953017234802
157,1,1.5384514043007584,78,0.520625,0.25,0.375,0,898,0,0,-0.0006788820028305054,273.4527893066406,1.6027541160583496,0.0006646900437772274,0.0,0.2257915735244751
158,1,0.46398380946720863,80,0.161875,0.0,0.0,0,71,0,0,-0.00044967484427616,614.655029296875,0.9417010545730591,-0.00018781781545840204,0.0,0.5513813495635986
159,1,0.7515147512895055,80,0.35625,0.0,0.0,0,327,0,0,-0.003972847945988178,48.7832145690918,0.7699803709983826,0.0003760488179977983,0.0013020833721384406,0.5725773572921753
160,1,0.9388428965812636,81,0.263125,0.25,0.25,0,156,0,0,4.9495451094117016e-05,418.22210693359375,1.1749876737594604,0.00036554899998009205,0.0,0.41433608531951904
161,1,1.0920084667668561,81,0.39875,0.375,0.375,0,412,0,0,-5.6091077567543834e-05,253.949951171875,1.3520187139511108,0.00021439480769913644,0.0,0.32256853580474854
162,1,2.149885343695132,81,0.424375,0.375,0.375,0,668,0,0,-0.001930959289893508,728.274169921875,1.5703630447387695,0.0004138810036238283,0.0,0.24610257148742676
163,1,1.7258874891613232,81,0.538125,0.375,0.5,0,924,0,0,-0.0004891688004136086,695.717041015625,1.5112419128417969,-6.432148802559823e-05,0.0,0.2641105055809021
164,1,0.4646237536944682,83,0.051875,0.0,0.0,0,22,0,0,-0.0001807054504752159,1068.8197021484375,1.08771812915802,0.00015942504978738725,0.0,0.4505194127559662
165,1,0.4675962555920705,83,0.29875,0.0,0.0,0,278,0,0,-0.0015148005913943052,53.015472412109375,0.7184654474258423,-0.00010586732241790742,0.0,0.6331222057342529
166,1,0.6958021326281596,84,0.401875,0.0,0.25,0,177,0,0,-0.00023540109395980835,710.1803588867188,0.9140962958335876,0.0008020263630896807,0.0,0.5444713234901428
167,1,0.8510802611999679,84,0.4575,0.25,0.25,0,433,0,0,-0.0012267536949366331,252.22422790527344,1.3597673177719116,-5.040349060436711e-05,0.0,0.3338359296321869
168,1,2.8610087775869033,84,0.47125,0.25,0.25,0,689,0,0,-0.0028342537116259336,1335.30224609375,1.5543909072875977,0.002503806259483099,0.0,0.2500542104244232
169,1,2.8959108278249914,84,0.475,0.25,0.25,0,945,0,0,-0.0013241730630397797,1435.49560546875,1.5307798385620117,0.0008269676472991705,0.0,0.2558065354824066
170,1,0.8676457770925481,85,0.21875,0.0,0.0,0,201,0,0,-0.0020015272311866283,443.33270263671875,0.7564417123794556,-0.0005692599224857986,0.0,0.6524845957756042
171,1,0.552156963829475,86,0.1025,0.0,0.0,0,48,0,0,-0.00019202879047952592,1019.2635498046875,0.828063428401947,-7.49579630792141e-05,0.0,0.5829300880432129
172,1,0.7120800643460825,86,0.343125,0.125,0.25,0,304,0,0,-0.0025529253762215376,166.5672607421875,1.2419008016586304,0.0001983556430786848,0.0,0.3914545476436615
173,1,1.6558208579845086,86,0.44375,0.25,0.25,0,560,0,0,-0.0008861112291924655,361.7158508300781,1.5486783981323242,-0.0001906026154756546,0.0,0.253009557723999
174,1,1.9922259925560866,86,0.45375,0.25,0.25,0,816,0,0,-0.0022419318556785583,394.991943359375,1.5382897853851318,0.0004096577758900821,0.0,0.25224530696868896
175,1,1.4820329309659428,87,0.1625,0.125,0.375,0,72,0,0,-0.00019139114010613412,580.4713134765625,1.3882014751434326,-9.449012577533722e-05,0.0,0.32275474071502686
176,1,0.8107596936561094,87,0.3375,0.5,0.5,0,328,0,0,-0.0021222401410341263,258.6279296875,1.2881313562393188,0.00256837229244411,0.0,0.37240076065063477
177,1,2.4999983056259225,87,0.539375,0.5,0.75,0,584,0,0,-0.004963030107319355,1336.032470703125,1.425162672996521,0.0007442333735525608,0.0,0.2967681288719177
178,1,-0.31428967235115124,89,0.266875,0.0,0.0,0,140,0,0,-0.0012420136481523514,1280.9217529296875,0.9040932655334473,0.0003153011202812195,0.0,0.544514536857605
179,1,0.960301821178291,89,0.5475,0.25,0.375,0,396,0,0,-0.003681350965052843,96.912353515625,1.1454081535339355,0.0005763675435446203,0.0,0.4173232913017273
180,1,0.5863431482202941,89,0.7725,0.5,0.625,0,652,0,0,0.0009153612772934139,185.87216186523438,1.4707536697387695,-0.00042365569970570505,0.0,0.2763875424861908
181,1,0.4251275968454138,89,0.86375,0.75,0.625,0,908,0,0,0.00040791681385599077,315.3322448730469,1.4264554977416992,0.0002191813400713727,0.0,0.2954997718334198
182,1,0.3589037448800809,90,0.291875,0.0,0.0,0,164,0,0,-0.0008029199088923633,328.7585144042969,0.9814237952232361,0.0004417703894432634,0.0,0.5299409627914429
183,1,1.4910143971856087,90,0.716875,0.375,0.75,0,420,0,0,-0.0001843031495809555,214.20025634765625,1.2137539386749268,0.0003341098199598491,0.0,0.3749758005142212
184,1,0.8193760331632802,90,0.839375,0.875,0.875,0,676,0,0,-0.0014885136624798179,225.4503173828125,1.3722190856933594,0.00024917148402892053,0.0,0.330477774143219
185,1,-0.0590811180105959,90,0.855,0.875,0.875,0,932,0,0,-0.0002930502814706415,260.7705078125,1.5451717376708984,0.0007200014078989625,0.0,0.25713837146759033
186,1,1.1395773832664418,91,0.38,0.125,0.25,0,188,0,0,-0.00013579553342424333,104.03733825683594,1.3214483261108398,-0.0001222191785927862,0.0,0.343461275100708
187,1,0.8530019606616861,92,0.008125,0.0,0.0,0,2,0,0,-0.0005076934467069805,721.2614135742188,1.321570634841919,3.714160993695259e-05,0.0,0.3308098316192627
188,1,1.4112779554579902,92,0.36625,0.125,0.375,0,258,0,0,-0.0017088627209886909,247.505126953125,1.1384779214859009,0.00034548714756965637,0.0,0.4121634364128113
189,1,0.8275688959329273,92,0.491875,0.5,0.5,0,514,0,0,-0.0011499319225549698,141.74102783203125,1.3179386854171753,0.0012070740340277553,0.0,0.3549010753631592
190,1,1.0659876863410318,92,0.5075,0.5,0.5,0,770,0,0,0.00044100655941292644,229.0233612060547,1.5254896879196167,0.0010945643298327923,0.0,0.2593761682510376
191,1,0.7432999699267384,94,0.205,0.0,0.375,0,89,0,0,-2.3612132281414233e-05,984.0933837890625,1.1330573558807373,-0.00018423811707179993,0.0,0.41678285598754883
192,1,1.3760233995035378,94,0.56375,0.5,0.375,0,345,0,0,-0.0015905655454844236,166.74237060546875,1.3485066890716553,0.0005638994043692946,0.0,0.3381671905517578
193,1,0.7315528406816156,94,0.645,0.625,0.5,0,601,0,0,-0.0010405711364001036,352.6904296875,1.5574226379394531,-0.0014084236463531852,0.0,0.24248573184013367
194,1,1.6863265306928952,94,0.716875,0.75,0.625,0,857,0,0,-0.002036517485976219,887.34912109375,1.418980360031128,-0.0010498117189854383,0.0,0.3030529022216797
195,1,1.1324520601301629,96,0.163125,0.125,0.125,0,70,0,0,-0.0007523531094193459,733.4679565429688,1.3357715606689453,0.0009394587832503021,0.0,0.3437328338623047
196,1,1.0193359911354491,97,0.211875,0.125,0.25,0,134,0,0,-0.0011705750366672873,689.7294921875,1.1908987760543823,0.00035307789221405983,0.0,0.412663072347641
197,1,0.6141682258603396,100,0.0275,0.0,0.0,0,12,0,0,-0.00024347379803657532,1437.03466796875,0.9671013355255127,0.0019296666141599417,0.0,0.49110400676727295
198,1,-0.027666140609653667,101,0.08125,0.0,0.0,0,38,0,0,-0.0018955128034576774,887.188232421875,0.7614002227783203,0.0009641650831326842,0.0,0.6020926237106323
199,1,0.9751894907367387,101,0.5425,0.25,0.25,0,294,0,0,-0.003481966909021139,123.49104309082031,1.2438421249389648,-0.0007057521725073457,0.0,0.3803572654724121
200,1,0.6594176828366471,101,0.635,0.375,0.375,0,550,0,0,-0.00018031585204880685,124.38822937011719,1.3074671030044556,-0.0011562291765585542,0.0,0.3375668227672577
201,1,0.7541395026855753,101,0.688125,0.375,0.5,0,806,0,0,-0.00039490096969529986,220.62997436523438,1.462639331817627,3.0120059818727896e-05,0.0,0.2860606610774994
202,1,0.3854293765180046,102,0.09875,0.0,0.0,0,62,0,0,0.00011873183393618092,360.7643737792969,1.4484128952026367,-0.0013962183147668839,0.0,0.28334492444992065
203,1,0.2481365352065268,102,0.349375,0.125,0.125,0,318,0,0,-0.0010143164545297623,116.49893951416016,1.4745843410491943,0.000382138037821278,0.0,0.2698392868041992
204,1,1.3524009232933167,102,0.6075,0.25,0.5,0,574,0,0,-0.0010385190835222602,172.72103881835938,1.221930980682373,0.00039718550397083163,0.0,0.3842589855194092
205,1,1.2950977485186286,102,0.735,0.625,0.625,0,830,0,0,-0.0005075776716694236,281.27783203125,1.448935866355896,-0.0003187366237398237,0.0,0.2906137704849243
206,1,0.8853717447127565,103,0.175625,0.125,0.125,0,86,0,0,-0.00013019020843785256,339.7377624511719,1.3296524286270142,-0.0002004577254410833,0.0,0.35521620512008667
207,1,-0.17700846637308132,103,0.3325,0.125,0.125,0,342,0,0,-0.0012070592492818832,257.171875,1.4766515493392944,-1.6544170193810714e-06,0.0,0.2784655690193176
208,1,0.35578623988840263,103,0.53125,0.375,0.375,0,598,0,0,-0.0006741074612364173,158.65948486328125,1.420344591140747,-0.00027868663892149925,0.0,0.3044374883174896
209,1,0.7481802562178927,103,0.680625,0.5,0.625,0,854,0,0,-0.0006374561926349998,209.6687469482422,1.378482699394226,0.0005591054214164615,0.0,0.31832024455070496
210,1,0.34537939147594443,104,0.18625,0.0,0.125,0,110,0,0,-0.0005487160524353385,240.0950469970703,1.13997483253479,0.00013191672042012215,0.0,0.4134391248226166
211,1,0.5802362713657203,104,0.41375,0.25,0.375,0,366,0,0,-0.001979469321668148,118.1826171875,1.367462396621704,0.0011006066342815757,0.0,0.318827360868454
212,1,0.23723320825411065,104,0.55,0.375,0.5,0,622,0,0,-0.0010696192039176822,134.92697143554688,1.4433921575546265,0.0031566766556352377,0.0,0.2943201959133148
213,1,0.9162939063971862,104,0.5825,0.5,0.5,0,878,0,0,-0.0010730245849117637,189.742919921875,1.4524072408676147,0.0016339500434696674,0.0,0.28516334295272827
214,1,1.8038056581644923,105,0.24375,0.375,0.625,0,134,0,0,-0.00020245897758286446,642.501953125,1.2276885509490967,0.0004715578106697649,0.0,0.3984922766685486
215,1,1.0019567344788811,106,0.3825,0.125,0.125,0,210,0,0,-0.0011497193481773138,739.3043212890625,0.9404548406600952,-0.00031812209635972977,0.0,0.5444822907447815
216,1,0.6428190845208519,106,0.534375,0.25,0.25,0,466,0,0,-0.002277407329529524,162.89727783203125,1.4254745244979858,0.0008339523337781429,0.0,0.30878424644470215
217,1,0.90453857358807,106,0.534375,0.25,0.25,0,722,0,0,-0.0020476295612752438,235.35519409179688,1.5161597728729248,-0.0014068203745409846,0.0,0.2674626111984253
218,1,0.9827584983140696,106,0.663125,0.25,0.5,0,978,0,0,-0.00048085302114486694,288.9648742675781,1.3493585586547852,0.0013517516199499369,0.0,0.32503077387809753
219,1,0.9473378951129234,107,0.340625,0.25,0.375,0,234,0,0,-0.0010828077793121338,346.52362060546875,1.263901948928833,0.0006277768407016993,0.0,0.37832438945770264
220,1,1.011414611570217,107,0.633125,0.5,0.5,0,490,0,0,-0.0012515324633568525,202.3514404296875,1.214436411857605,-7.521454244852066e-05,0.0,0.3936898708343506
221,1,1.100161295932594,107,0.65375,0.625,0.625,0,746,0,0,0.0007203606655821204,331.3838806152344,1.4841389656066895,0.00039909020415507257,0.0,0.2690778374671936
222,1,3.792260328167231,108,0.008125,0.0,0.0,0,2,0,0,-0.00026924535632133484,2352.29931640625,1.4819297790527344,-0.0003970225225202739,0.0,0.28816041350364685
223,1,0.7021162587116123,108,0.4125,0.0,0.25,0,258,0,0,-0.002006341703236103,126.13633728027344,1.2118265628814697,-0.001125488430261612,0.0,0.3850136697292328
224,1,1.5361950260630692,108,0.5225,0.25,0.25,0,514,0,0,-0.0013129180297255516,732.809326171875,1.5310628414154053,0.0005997174303047359,0.0,0.25674664974212646
225,1,1.8527542676565645,108,0.54875,0.25,0.25,0,770,0,0,-0.0029757774900645018,739.112548828125,1.5645841360092163,0.0018244984094053507,0.0,0.2472769320011139
226,1,1.1139682594161968,109,0.044375,0.0,0.0,0,26,0,0,-0.0010686945170164108,338.3172302246094,1.2889633178710938,-0.00033361962414346635,0.0,0.3412848114967346
227,1,1.5029691394265683,109,0.36375,0.25,0.25,0,282,0,0,-0.0010046642273664474,330.11175537109375,1.17915940284729,0.0006486989441327751,0.0,0.40356358885765076
228,1,1.2580412968382007,109,0.645,0.375,0.625,0,538,0,0,-0.0014019068330526352,215.56915283203125,1.304925560951233,0.0013424874050542712,0.0,0.3638981580734253
229,1,1.1476320787878649,109,0.768125,0.75,0.875,0,794,0,0,-0.0016232661437243223,393.9432678222656,1.4883041381835938,-1.489409896748839e-05,0.0,0.2841739356517792
230,1,1.2105356813262915,111,0.020625,0.0,0.0,0,9,0,0,-0.0007116515189409256,973.843994140625,1.310981273651123,0.00045894537470303476,0.0,0.3516469895839691
231,1,1.4780025768668565,112,0.27625,0.25,0.25,0,210,0,0,-0.0016672475030645728,1280.6370849609375,1.2360013723373413,0.0004264085437171161,0.0,0.39300304651260376
232,1,1.1416769188726903,112,0.45875,0.375,0.375,0,466,0,0,-0.004185114987194538,393.3819885253906,1.4877755641937256,0.001455274410545826,0.0,0.2796612083911896
233,1,1.5463045767446602,112,0.71125,0.5,0.625,0,722,0,0,-0.0029791060369461775,430.23187255859375,1.3571962118148804,0.00026733148843050003,0.0,0.3375196158885956
234,1,1.297595251158782,112,0.78,0.75,0.75,0,978,0,0,-0.00018850280321203172,285.87384033203125,1.532242774963379,0.0010465735103935003,0.0,0.24265682697296143
235,1,1.4024610311143988,113,0.3,0.25,0.25,0,234,0,0,-0.0007032062858343124,164.44564819335938,1.2585471868515015,0.0018977103754878044,0.0,0.35464391112327576
236,1,0.772563285263459,113,0.520625,0.375,0.375,0,490,0,0,-0.005898218601942062,182.64993286132812,1.2921873331069946,-0.0003443497116677463,0.0,0.36403799057006836
237,1,3.52726009800125,113,0.596875,0.375,0.375,0,746,0,0,-0.0013029159745201468,2026.438232421875,1.5331764221191406,0.0025932632852345705,0.01171875,0.26160308718681335
238,1,2.386694561886543,114,0.20125,0.25,0.375,0,123,0,0,-0.0033156550489366055,1355.126953125,1.3108984231948853,0.0007398476591333747,0.0,0.366085410118103
239,1,1.3136792787418017,114,0.54625,0.5,0.75,0,379,0,0,0.0004833924467675388,280.686767578125,1.2478578090667725,0.0004798457957804203,0.0,0.3658095598220825
240,1,1.1925227696533511,114,0.5725,0.75,0.75,0,635,0,0,-1.9760182112804614e-05,239.8136444091797,1.4348357915878296,0.0003534179995767772,0.0,0.291228711605072
241,1,2.3509046841063537,114,0.5725,0.75,0.75,0,891,0,0,-6.454531103372574e-05,848.6141357421875,1.4842331409454346,-4.161708056926727e-05,0.0,0.2785691022872925
242,1,2.0894659168861835,115,0.24375,0.0,0.0,0,147,0,0,-0.0009507704526185989,643.18212890625,1.3304438591003418,0.0003447879571467638,0.0,0.34889718890190125
243,1,1.49552452034186,115,0.51,0.25,0.25,0,403,0,0,-0.000980844721198082,389.41546630859375,1.1281821727752686,0.00021356593060772866,0.0,0.4043167531490326
244,1,0.5548201330111624,116,0.27625,0.0,0.125,0,151,0,0,-0.0013125967234373093,699.4793090820312,1.0986659526824951,-7.220653060358018e-05,0.0,0.44363200664520264
245,1,0.92380443606271,116,0.405,0.25,0.25,0,407,0,0,-0.004400585778057575,197.79383850097656,1.3590288162231445,0.0033608514349907637,0.0,0.3172440230846405
246,1,1.1000980338212685,117,0.489375,0.25,0.25,0,229,0,0,-0.004424532409757376,508.5693664550781,1.0966534614562988,-0.0011354531161487103,0.00911458395421505,0.4421740770339966
247,1,0.4178083527413037,117,0.605,0.375,0.5,0,485,0,0,-0.0019955828320235014,223.90118408203125,1.353665828704834,0.0019505548989400268,0.0,0.3202659487724304
248,1,1.3786424316858756,117,0.650625,0.5,0.5,0,741,0,0,0.0025863153859972954,704.6473999023438,1.5256022214889526,0.0011281955521553755,0.0,0.25472068786621094
249,1,3.134565768020366,117,0.67875,0.5,0.5,0,997,0,0,0.0008476357907056808,1491.685791015625,1.473418951034546,0.0010191572364419699,0.0,0.2829586863517761
250,1,0.8989628323761281,119,0.3275,0.25,0.375,0,184,0,0,-0.00029953508055768907,773.8604736328125,1.0201197862625122,0.0002467529848217964,0.0,0.4946526288986206
251,1,0.46351886092179484,119,0.524375,0.375,0.5,0,440,0,0,-0.0010643925052136183,115.36284637451172,1.43448805809021,0.0006570165860466659,0.0,0.29297852516174316
252,1,1.0015966830105754,122,0.32375,0.0,0.0,0,221,0,0,-0.0018769114976748824,1335.24755859375,1.214940071105957,0.0002889159950427711,0.0,0.38774117827415466
253,1,1.3462835267528135,122,0.45125,0.25,0.375,0,477,0,0,-0.0009012551745399833,166.91094970703125,1.2596651315689087,0.0007388814119622111,0.0,0.3698868155479431
254,1,1.1797064256825252,122,0.59125,0.375,0.375,0,733,0,0,-0.0012522356119006872,520.4091796875,1.4381812810897827,0.0009373943321406841,0.0,0.2920072674751282
255,1,0.969617831564392,122,0.673125,0.375,0.5,0,989,0,0,-0.0008259384776465595,618.302490234375,1.3877099752426147,-0.0002120585850207135,0.0,0.30992579460144043
256,1,1.268339287256822,123,0.296875,0.25,0.25,0,245,0,0,-0.0006653169984929264,399.5531311035156,1.034268856048584,0.00031566908000968397,0.0,0.444912850856781
257,1,1.0444640691237055,124,0.049375,0.0,0.125,0,21,0,0,-0.0017496682703495026,820.6810913085938,1.4338738918304443,0.00021533963445108384,0.0,0.28352826833724976
258,1,1.9017211583122844,124,0.265625,0.25,0.25,0,277,0,0,0.0001682726142462343,379.4093017578125,1.3140876293182373,-0.0003127333184238523,0.0,0.34149599075317383
259,1,1.520845286329859,125,0.139375,0.125,0.375,0,60,0,0,-0.00039809136069379747,847.92041015625,1.1349796056747437,0.0005209352821111679,0.0,0.42539557814598083
260,1,1.068511550212861,126,0.379375,0.0,0.0,0,174,0,0,-0.0011533567449077964,638.546875,0.9026210308074951,6.82647805660963e-05,0.0,0.5514063239097595
261,1,0.9125119759482914,127,0.14375,0.0,0.375,0,63,0,0,-0.0005149636417627335,868.0177001953125,1.2051692008972168,0.0010014078579843044,0.0,0.391460120677948
262,1,0.6222426760759845,128,0.27625,0.0,0.125,0,116,0,0,-0.001448723254725337,650.7745361328125,1.0599281787872314,0.0014355186140164733,0.0,0.45190685987472534
263,1,0.44748169031663565,129,0.231875,0.125,0.25,0,150,0,0,-0.0015111006796360016,784.944091796875,1.140977382659912,0.0008474169299006462,0.0,0.43510913848876953
264,1,2.560760736332668,129,0.4025,0.25,0.25,0,406,0,0,-0.0009825273882597685,1056.9326171875,1.5186212062835693,-0.0004497199261095375,0.0,0.26655474305152893
265,1,0.8890608567417075,129,0.579375,0.5,0.5,0,662,0,0,-0.0023319381289184093,300.475341796875,1.3040097951889038,0.00014777381147723645,0.0,0.3625708222389221
266,1,1.9554506384884007,129,0.581875,0.5,0.5,0,918,0,0,-0.00039286105311475694,802.1287841796875,1.3569358587265015,0.0009987171506509185,0.0,0.33853814005851746
267,1,1.3016716796119,130,0.36375,0.0,0.375,0,174,0,0,-0.0008910855976864696,278.593017578125,0.9995989799499512,0.0003863032325170934,0.0,0.5057703256607056
268,1,0.3746961825818289,130,0.48875,0.375,0.5,0,430,0,0,-0.0004650720802601427,323.34515380859375,1.3723840713500977,-0.0006085734348744154,0.0,0.31204625964164734
269,1,0.5355267547347466,130,0.526875,0.5,0.5,0,686,0,0,-0.0018833910580724478,375.1631164550781,1.4400668144226074,-0.0007858366589061916,0.0,0.29541462659835815
270,1,0.9274855628318619,130,0.526875,0.5,0.5,0,942,0,0,-0.0011848624562844634,359.763916015625,1.4300416707992554,0.0003706558491103351,0.0,0.30374598503112793
271,1,1.3664590149410287,131,0.189375,0.0,0.125,0,198,0,0,-0.0008762069046497345,146.18124389648438,1.474424123764038,-0.0005326533573679626,0.0,0.2809171676635742
272,1,0.9763947071860457,131,0.51375,0.25,0.375,0,454,0,0,-0.004134667105972767,145.99545288085938,1.1855370998382568,0.0020774663425982,0.0,0.376098096370697
273,1,2.7589980729462695,131,0.533125,0.375,0.375,0,710,0,0,-0.0008739742334000766,1534.431396484375,1.3353142738342285,0.0006004676106385887,0.0,0.34803372621536255
274,1,2.6435201976869394,131,0.61,0.375,0.5,0,966,0,0,0.00039227399975061417,2009.1966552734375,1.3856925964355469,-0.00047023751540109515,0.0,0.3209415078163147
275,1,1.200857262947011,132,0.445,0.375,0.625,0,222,0,0,-0.0004564952105283737,543.0050048828125,1.1228036880493164,-0.0006043874891474843,0.0,0.4486081600189209
276,1,0.5271609891497064,133,0.070625,0.0,0.0,0,31,0,0,-0.0005625865305773914,659.8421630859375,1.1863465309143066,0.00035435458994470537,0.0,0.4062851369380951
277,1,1.6890391263199263,134,0.4025,0.375,0.5,0,228,0,0,-0.00043627433478832245,689.9332885742188,1.0341417789459229,-0.0005622032913379371,0.0,0.44389843940734863
278,1,1.2498813439542573,134,0.478125,0.5,0.5,0,484,0,0,-0.00011803334200521931,313.74493408203125,1.4067838191986084,0.00015333513147197664,0.0,0.3114510774612427
279,1,1.283245528673433,136,0.0375,0.0,0.0,0,15,0,0,-4.5476481318473816e-05,998.28857421875,1.2583339214324951,0.0002651326358318329,0.0,0.3677614629268646
280,1,0.7131295471881458,137,0.1925,0.0,0.0,0,183,0,0,-0.0003520200843922794,818.3170166015625,1.2774200439453125,-0.00029903309768997133,0.0,0.36081886291503906
281,1,1.0547059603086382,137,0.59875,0.0,0.5,0,439,0,0,-0.004013930447399616,195.16049194335938,1.2219629287719727,0.0010065305978059769,0.0,0.3567478656768799
282,1,1.3325140595061384,138,0.091875,0.0,0.0,0,42,0,0,0.000354823365341872,426.5008850097656,1.2055354118347168,-0.0003834506496787071,0.0,0.3952063024044037
283,1,0.5378676441177959,139,0.265,0.125,0.25,0,239,0,0,-0.0006375766242854297,1025.3760986328125,1.1891480684280396,-0.0005751121789216995,0.0,0.4104946553707123
284,1,0.6399517164500139,139,0.5775,0.375,0.5,0,495,0,0,-0.00035219453275203705,105.95736694335938,1.3465993404388428,0.00016914503066800535,0.0,0.3258797526359558
285,1,0.27778282769395446,139,0.818125,0.5,0.625,0,751,0,0,-0.000896155834197998,315.3283386230469,1.3717225790023804,0.000724194454960525,0.0,0.3093106746673584
286,1,0.042140703761106124,140,0.01875,0.0,0.0,0,7,0,0,-0.0005924875731579959,404.91766357421875,1.3653647899627686,0.00017862736422102898,0.0,0.31632038950920105
287,1,0.7441688543876808,140,0.423125,0.0,0.5,0,263,0,0,-0.0020585067104548216,289.35357666015625,1.3201297521591187,0.0017422582022845745,0.0,0.34729403257369995
288,1,0.1556444758075486,140,0.50375,0.25,0.5,0,519,0,0,-0.0004621061380021274,225.25161743164062,1.37337327003479,0.0015851141652092338,0.0,0.31939050555229187
289,1,0.5868163495833869,140,0.556875,0.5,0.5,0,775,0,0,-0.00026085073477588594,660.6827392578125,1.4460868835449219,-0.00016596014029346406,0.0,0.28921276330947876
290,1,1.741865253213291,141,0.07,0.0,0.0,0,31,0,0,-0.0005623965407721698,1157.2298583984375,1.3008532524108887,-0.0005946640740148723,0.0,0.3735285699367523
291,1,1.673340107256081,145,0.149375,0.125,0.125,0,65,0,0,-0.00038181059062480927,2200.666015625,0.883326530456543,0.00010281258437316865,0.0,0.5469913482666016
292,1,0.756905180800004,145,0.4675,0.25,0.125,0,321,0,0,-0.0019064934458583593,188.73724365234375,1.432602882385254,-3.002118319272995e-05,0.0,0.28691184520721436
293,1,1.960166204543384,145,0.560625,0.25,0.375,0,577,0,0,-0.00419845012947917,974.9276123046875,1.5300509929656982,0.0030819433741271496,0.0,0.2621227502822876
294,1,0.5448929210378992,145,0.59125,0.5,0.5,0,833,0,0,-0.0011081721168011427,352.8399658203125,1.3701047897338867,0.0006471895612776279,0.0,0.3147239685058594
295,1,1.2475192062702263,146,0.205625,0.25,0.375,0,89,0,0,-0.00019324137247167528,504.20166015625,1.37767493724823,-0.000667797401547432,0.0,0.3234138488769531
296,1,1.003988484194906,146,0.430625,0.5,0.625,0,345,0,0,-0.0005797445774078369,162.44705200195312,1.2321860790252686,0.00019280248670838773,0.0,0.3530680537223816
297,1,-0.19107979751061066,147,0.215625,0.0,0.0,0,93,0,0,0.0001011975109577179,1224.7266845703125,1.109780192375183,0.00045702094212174416,0.0,0.4483930468559265
298,1,1.3458174540646723,148,0.45125,0.25,0.375,0,245,0,0,-0.0005592051893472672,655.668212890625,1.072569727897644,-0.0007548703579232097,0.0,0.44091686606407166
299,1,0.592532361519261,148,0.7125,0.5,0.625,0,501,0,0,-0.001371299265883863,368.4756164550781,1.4756412506103516,-0.0002248678356409073,0.0,0.2746954560279846
300,1,0.9680755351546395,148,0.76625,0.625,0.625,0,757,0,0,-0.00039415559149347246,334.4547119140625,1.5045478343963623,0.0008131088688969612,0.0,0.25968796014785767
301,1,1.5805001418775646,149,0.026875,0.0,0.0,0,13,0,0,-0.0002850483579095453,368.8756103515625,1.4946378469467163,0.000541707209777087,0.0,0.27338558435440063
302,1,0.39751545821491163,151,0.184375,0.0,0.0,0,80,0,0,-0.0004383968189358711,1123.59130859375,0.7860902547836304,-7.449540862580761e-05,0.0,0.5936499834060669
303,1,0.8457803404817241,152,0.36125,0.25,0.25,0,236,0,0,-0.00040217116475105286,543.4330444335938,1.017418384552002,-0.00010717753320932388,0.0,0.4976806640625
304,1,0.9187515841695131,152,0.544375,0.625,0.5,0,492,0,0,-0.0010655466467142105,220.76858520507812,1.2874319553375244,-0.0001939297653734684,0.0,0.36068272590637207
305,1,2.048179124125454,152,0.590625,0.75,0.5,0,748,0,0,0.0001525338739156723,555.72998046875,1.341636061668396,0.0002193718682974577,0.0,0.3411749601364136
306,1,2.567140700883101,153,0.01125,0.0,0.0,0,4,0,0,0.00042637158185243607,1480.109375,1.4556920528411865,0.0005779119092039764,0.0,0.285955011844635
307,1,0.925230887667567,153,0.378125,0.25,0.375,0,260,0,0,-0.0017775142332538962,140.59771728515625,1.1386052370071411,0.0016915773740038276,0.0,0.42622309923171997
308,1,0.8177007323902217,154,0.1275,0.0,0.125,0,56,0,0,-7.231409654195886e-06,586.18115234375,1.1937594413757324,0.0010746496263891459,0.0,0.38431882858276367
309,1,0.740965847078769,154,0.33125,0.25,0.375,0,312,0,0,-0.0016776442062109709,295.0892333984375,1.3874292373657227,0.002349369926378131,0.0,0.30127304792404175
310,1,1.976295592767201,154,0.6275,0.625,0.75,0,568,0,0,0.0005974217201583087,525.9004516601562,1.3518702983856201,-0.00016479443002026528,0.0,0.334215372800827
311,1,1.7171901439505746,155,0.34875,0.25,0.5,0,225,0,0,0.0002762414515018463,906.1992797851562,1.1625783443450928,-0.0006250452133826911,0.0,0.39128226041793823
312,1,1.258799013108728,155,0.598125,0.625,0.5,0,481,0,0,-0.00024059477436821908,238.96829223632812,1.3304224014282227,0.00019756946130655706,0.0,0.3311331868171692
313,1,1.601732013248693,155,0.744375,0.625,0.625,0,737,0,0,-0.0003223661333322525,444.751220703125,1.5719633102416992,0.00016810046508908272,0.0,0.23308071494102478
314,1,1.201667434418141,155,0.76625,0.625,0.625,0,993,0,0,-9.856978431344032e-05,224.2758331298828,1.5508798360824585,1.2523650184448343e-05,0.0,0.24820518493652344
315,1,-0.4996516447135946,158,0.08125,0.0,0.0,0,34,0,0,-5.089367550681345e-05,1914.5753173828125,0.6529067158699036,-9.103678166866302e-05,0.0,0.668228030204773
316,1,1.164859486530986,158,0.35,0.375,0.375,0,290,0,0,-0.0021436295937746763,119.2793197631836,1.2618486881256104,0.0006251597078517079,0.0,0.3609946370124817
317,1,0.2220861837049597,158,0.3625,0.375,0.5,0,546,0,0,-0.0019145989790558815,238.77513122558594,1.4230555295944214,-4.4271040678722784e-05,0.0,0.30193063616752625
318,1,2.2737036293328856,158,0.365,0.5,0.5,0,802,0,0,0.0013856298755854368,972.981689453125,1.3904304504394531,-6.27560875727795e-05,0.0,0.30769842863082886
319,1,2.339948055916466,160,0.006875,0.0,0.0,0,1,0,0,-0.00035611417843028903,1058.5618896484375,1.329564094543457,0.000954160641413182,0.0,0.35148677229881287
320,1,1.6482229593821103,161,0.13625,0.0,0.125,0,62,0,0,-0.002044559922069311,735.3828125,1.0924898386001587,-0.00042929299524985254,0.0,0.4194962978363037
321,1,1.4126610708626686,161,0.479375,0.125,0.375,0,318,0,0,-0.0013508480042219162,135.87789916992188,1.1744349002838135,0.0009273192845284939,0.0,0.42548686265945435
322,1,1.492645527679997,161,0.606875,0.375,0.375,0,574,0,0,-0.0003646941331680864,360.64483642578125,1.473449945449829,0.00040225134580396116,0.0,0.2743203938007355
323,1,1.7739871567500813,161,0.758125,0.5,0.5,0,830,0,0,-0.0003252346068620682,667.4056396484375,1.489513874053955,-0.00016558784409426153,0.0,0.272636353969574
324,1,0.7656301162969612,163,0.05125,0.0,0.0,0,24,0,0,-0.00043875043047592044,697.2606201171875,1.261328935623169,0.00013180232781451195,0.0,0.3718968331813812
325,1,1.064593005048664,163,0.390625,0.25,0.25,0,280,0,0,-0.0017978250980377197,243.67919921875,1.2942262887954712,-0.00016738567501306534,0.0,0.33358949422836304
326,1,0.38229337381244477,163,0.478125,0.375,0.375,0,536,0,0,-0.0006644179811701179,236.10208129882812,1.4718434810638428,-0.0007233340293169022,0.0,0.2748488783836365
327,1,1.714479213859704,163,0.555,0.375,0.5,0,792,0,0,2.4647762984386645e-05,405.494384765625,1.4978275299072266,-1.7356283933622763e-05,0.0,0.26015231013298035
328,1,0.3558780311177543,164,0.03375,0.0,0.0,0,48,0,0,-0.00017035815108101815,421.7998962402344,1.379202127456665,-6.983352068345994e-05,0.0,0.3196168541908264
329,1,1.0510011026797201,164,0.381875,0.0,0.25,0,304,0,0,-0.0031186393462121487,87.2783203125,1.202497959136963,-0.0005652543623000383,0.0,0.3980996608734131
330,1,0.5914919331244164,165,0.061875,0.0,0.0,0,35,0,0,-0.0027153617702424526,522.5084228515625,1.3883564472198486,-0.0006464985199272633,0.0,0.32402050495147705
331,1,1.2069336876556918,166,0.126875,0.0,0.0,0,84,0,0,-0.0009532695403322577,583.0787353515625,1.0847758054733276,0.00019936419266741723,0.0,0.43539613485336304
332,1,0.45211553766694124,168,0.26375,0.0,0.0,0,180,0,0,-0.00041435379534959793,904.85302734375,1.041001558303833,-0.0015758683439344168,0.0,0.431339830160141
333,1,1.700912518943369,168,0.38875,0.0,0.0,0,436,0,0,-0.00014832988381385803,380.52606201171875,1.394733190536499,0.0013161789393052459,0.0,0.2935875952243805
334,1,1.71907488013494,169,0.2625,0.0,0.125,0,144,0,0,-0.00034947507083415985,761.2224731445312,1.1605870723724365,0.00011226674541831017,0.0,0.4086933732032776
335,1,0.4838185051576147,169,0.500625,0.125,0.25,0,400,0,0,-0.0004118584911338985,152.5051727294922,1.3833575248718262,-0.00018946260388474911,0.0,0.3033398687839508
336,1,1.5339722623411944,169,0.586875,0.25,0.25,0,656,0,0,-0.00017637915152590722,255.74281311035156,1.5029538869857788,0.00013719196431338787,0.0,0.2651369273662567
337,1,2.1338384552218486,169,0.6175,0.25,0.25,0,912,0,0,-0.00036193616688251495,583.5057373046875,1.5252091884613037,0.0004160613170824945,0.0,0.24314427375793457
338,1,0.7773352016301942,170,0.26875,0.0,0.125,0,168,0,0,-0.0008987455512396991,360.92279052734375,1.1911041736602783,0.00021082707098685205,0.0,0.3947502076625824
339,1,0.9749052483111882,170,0.42875,0.125,0.375,0,424,0,0,-0.0022811535745859146,249.308837890625,1.3571962118148804,0.0012510064989328384,0.0,0.3269093930721283
340,1,1.1754680411704612,170,0.4425,0.375,0.375,0,680,0,0,-0.0016760298749431968,179.95013427734375,1.5613086223602295,0.0007330227526836097,0.0,0.24255722761154175
341,1,2.2906474219395534,170,0.451875,0.375,0.375,0,936,0,0,-0.0006298056687228382,799.931640625,1.5470550060272217,0.001291948719881475,0.0,0.2430637925863266
342,1,1.533910990872755,171,0.39,0.25,0.375,0,192,0,0,-0.0005890789325349033,368.7828369140625,1.2349728345870972,-8.040596731007099e-05,0.0,0.37802714109420776
343,1,1.6015677809991757,171,0.505,0.375,0.375,0,448,0,0,0.00025860470486804843,451.07635498046875,1.4112415313720703,-6.912664684932679e-05,0.0,0.3079201877117157
344,1,0.9320415737383883,172,0.1725,0.0,0.125,0,113,0,0,-0.0014530755579471588,867.3883056640625,1.3400859832763672,0.00041793164564296603,0.0,0.33363503217697144
345,1,-0.4067387545728707,173,0.3075,0.0,0.0,0,184,0,0,-0.0005387577111832798,1526.664306640625,0.9907242059707642,0.0008646450005471706,0.0,0.4549747705459595
346,1,0.14305904354114318,173,0.373125,0.0,0.125,0,440,0,0,-7.691079372307286e-05,164.1033935546875,0.890781819820404,-0.00011507747694849968,0.0,0.5016793012619019
347,1,1.3790808827179717,173,0.588125,0.375,0.375,0,696,0,0,-0.0005242169718258083,259.24664306640625,1.2242130041122437,-0.00015426691970787942,0.0,0.37975212931632996
348,1,0.9300725172506645,173,0.63125,0.375,0.5,0,952,0,0,-0.002786958357319236,155.61337280273438,1.509589433670044,0.0002612138632684946,0.0,0.25845837593078613
349,1,0.9841898807717371,174,0.363125,0.125,0.25,0,208,0,0,-0.0011484548449516296,313.4984436035156,1.1961193084716797,0.0010966270929202437,0.0,0.37798938155174255
350,1,1.9361726366387302,174,0.5175,0.25,0.25,0,464,0,0,0.0006277406355366111,527.6784057617188,1.4359558820724487,-7.378356531262398e-05,0.0,0.28021806478500366
351,1,2.9117672254324134,174,0.56,0.25,0.25,0,720,0,0,-0.002825208706781268,1273.251220703125,1.5422453880310059,0.0007594433845952153,0.0,0.24490192532539368
352,1,0.49848105165119705,174,0.6825,0.375,0.375,0,976,0,0,-0.00021350508905015886,320.3853759765625,1.4392045736312866,0.0005928369937464595,0.0,0.28829360008239746
353,1,1.6834556053509004,175,0.474375,0.375,0.5,0,232,0,0,-0.0003092705155722797,437.2537841796875,1.1231317520141602,-6.753625348210335e-05,0.0,0.41496628522872925
354,1,0.8268942659906315,178,0.078125,0.0,0.125,0,71,0,0,-0.0004963043029420078,1315.6217041015625,1.2589986324310303,3.5170698538422585e-05,0.0,0.3700418174266815
355,1,1.7897465892820037,178,0.5425,0.375,0.625,0,327,0,0,-0.00023808020341675729,364.031005859375,1.0196850299835205,-4.497713962337002e-05,0.0,0.48383745551109314
356,1,0.22174569119670196,178,0.6425,0.625,0.75,0,583,0,0,-9.940564632415771e-05,382.83587646484375,1.4533408880233765,-0.0001275059039471671,0.0,0.27489781379699707
357,1,0.22422068201558432,181,0.0325,0.0,0.0,0,13,0,0,-0.00023689991212449968,2444.579345703125,1.217139482498169,-4.35438341810368e-05,0.0,0.3875333070755005
358,1,1.5987576873521903,181,0.394375,0.375,0.625,0,269,0,0,-0.000250661134487018,337.6935119628906,1.1411728858947754,-8.710566908121109e-05,0.0,0.41427600383758545
359,1,0.5507774538855301,181,0.435,0.75,0.75,0,525,0,0,-0.0002415049821138382,219.51791381835938,1.37113356590271,0.00011724373325705528,0.0,0.31514304876327515
360,1,1.424480166203466,181,0.6225,0.75,0.875,0,781,0,0,-0.0003053660911973566,396.23126220703125,1.42628812789917,0.00018725995323620737,0.0,0.2900279760360718
361,1,1.0203059343803034,182,0.28125,0.125,0.125,0,131,0,0,-0.0005676026339642704,342.79852294921875,1.2430734634399414,0.00016691815108060837,0.0,0.37333667278289795
362,1,1.0583282660509212,182,0.42625,0.125,0.125,0,387,0,0,-0.004263395443558693,186.83584594726562,1.5662200450897217,0.0013981363736093044,0.0,0.24674716591835022
363,1,1.5873864173472612,182,0.454375,0.125,0.125,0,643,0,0,-0.003081522649154067,386.0782470703125,1.5828304290771484,0.0011875592172145844,0.0,0.2270728051662445
364,1,1.150113360807154,183,0.280625,0.25,0.25,0,176,0,0,-0.0018815057119354606,638.2759399414062,1.226358413696289,0.0036755565088242292,0.0,0.3928220868110657
365,1,0.7709971666590718,184,0.0925,0.0,0.0,0,35,0,0,-0.0011622508754953742,775.751220703125,1.2878810167312622,0.0009110997198149562,0.0,0.359809935092926
366,1,0.6022958277462749,184,0.423125,0.0,0.0,0,291,0,0,-0.003459259867668152,110.56602478027344,0.8420974612236023,0.002682871650904417,0.0,0.5258930921554565
367,1,1.742929607469705,184,0.55375,0.0,0.0,0,547,0,0,-0.0007293812814168632,780.5066528320312,1.3341273069381714,0.0017786551034078002,0.0,0.3164146840572357
368,1,1.4591636388918232,184,0.66875,0.375,0.375,0,803,0,0,0.0003424504247959703,352.7146911621094,1.3586686849594116,0.0005384542746469378,0.0,0.32907477021217346
369,1,2.5886401297175325,185,0.1125,0.0,0.0,0,59,0,0,-6.523728370666504e-05,1552.97021484375,1.2923612594604492,0.000284446869045496,0.0,0.3706859052181244
370,1,1.3926975758186018,185,0.52,0.25,0.75,0,315,0,0,-0.0008163750171661377,195.97158813476562,1.0510170459747314,1.888815313577652e-05,0.0,0.4693935811519623
371,1,1.2805506509612314,186,0.128125,0.0,0.125,0,55,0,0,-0.0017672691028565168,708.484375,1.3032737970352173,0.0003168036637362093,0.0,0.34546321630477905
372,1,1.2825878668227233,186,0.530625,0.375,0.5,0,311,0,0,-0.00039718300104141235,256.37890625,1.287804126739502,0.0003490992821753025,0.0,0.35073065757751465
373,1,0.7450765039066027,186,0.663125,0.5,0.5,0,567,0,0,-0.005206049885600805,175.13189697265625,1.4209827184677124,-0.000917665776796639,0.0,0.2937434911727905
374,1,0.49120809026317147,186,0.725,0.5,0.625,0,823,0,0,-0.004872859921306372,247.8050537109375,1.3675540685653687,0.0016201580874621868,0.0625,0.3035895824432373
375,1,3.2125636602495433,188,0.169375,0.375,0.5,0,74,0,0,0.00013404092169366777,1746.830810546875,1.3479163646697998,0.0013193822233006358,0.0,0.3365478217601776
376,1,0.6933145015173068,188,0.503125,0.625,0.625,0,330,0,0,-0.0005149708013050258,93.81839752197266,1.3844630718231201,-8.9248176664114e-05,0.0,0.30951693654060364
377,1,2.0809051063406514,188,0.505625,0.75,0.625,0,586,0,0,-0.000128868967294693,630.268310546875,1.539568305015564,-0.00028461142210289836,0.0,0.25114378333091736
378,1,1.6780306946857309,188,0.615,0.875,0.875,0,842,0,0,-0.0003845496103167534,629.7501220703125,1.4814790487289429,0.00022264462313614786,0.0,0.28238335251808167
379,1,2.310283222119324,189,0.2275,0.0,0.125,0,98,0,0,-5.08306547999382e-05,921.1407470703125,1.1916121244430542,-8.016033098101616e-05,0.0,0.4094860553741455
380,1,1.017283390456214,191,0.09875,0.0,0.125,0,45,0,0,-0.0006584040820598602,986.5857543945312,1.0418949127197266,0.00010104477405548096,0.0,0.47794684767723083
381,1,1.2746734638567432,191,0.478125,0.25,0.375,0,301,0,0,-0.0007640679250471294,181.97862243652344,1.0997194051742554,0.0007248127367347479,0.0,0.4280785918235779
382,1,0.7536770972947124,191,0.66375,0.5,0.5,0,557,0,0,-0.0005687525263056159,309.44757080078125,1.4411535263061523,-8.590907964389771e-05,0.0,0.2936222553253174
383,1,3.466255859362718,191,0.66375,0.5,0.5,0,813,0,0,0.0005986585165373981,1924.85986328125,1.498003363609314,0.0004067042318638414,0.0,0.27811533212661743
384,1,2.561682448911597,192,0.16125,0.0,0.125,0,69,0,0,0.0002122325822710991,1229.2808837890625,1.2407468557357788,-0.00048501649871468544,0.0,0.4002840518951416
385,1,1.1293040469126936,192,0.518125,0.375,0.375,0,325,0,0,-0.003356747329235077,91.92707824707031,1.0697214603424072,0.0012453122762963176,0.0,0.44420790672302246
386,1,1.1275953201839002,194,0.346875,0.25,0.5,0,221,0,0,-0.0008195018162950873,1172.739013671875,1.034923791885376,0.0005376135814003646,0.0,0.43730276823043823
387,1,0.9882687479825449,194,0.538125,0.75,0.75,0,477,0,0,-0.005468157585710287,194.5848388671875,1.4220613241195679,0.0025268481113016605,0.0,0.28895050287246704
388,1,1.7856388607287954,194,0.728125,0.875,0.875,0,733,0,0,0.0058028679341077805,676.9390869140625,1.47370183467865,0.004517840687185526,0.0,0.2750163972377777
389,1,3.0779589214325824,194,0.806875,0.875,0.875,0,989,0,0,0.001813578768633306,1453.9239501953125,1.5250957012176514,0.0012226053513586521,0.0,0.26429909467697144
390,1,1.6638892953560571,195,0.458125,0.25,0.625,0,245,0,0,-0.00011965974408667535,342.5274963378906,1.2060227394104004,-0.00048806023551151156,0.0,0.3903568983078003
391,1,0.8937798613369523,195,0.53125,0.75,0.75,0,501,0,0,-0.005420278757810593,83.01447296142578,1.2688064575195312,0.0033618719317018986,0.0,0.3622802197933197
392,1,1.3950145871658606,195,0.545625,0.75,0.75,0,757,0,0,0.0007812296971678734,274.88580322265625,1.4339208602905273,0.001993818674236536,0.01171875,0.2958623766899109
393,1,0.7734346577490214,196,0.030625,0.0,0.0,0,13,0,0,0.0008127609035000205,604.7755737304688,1.4270013570785522,0.0029450717847794294,0.0,0.2891181409358978
394,1,1.0158927649208636,196,0.3475,0.0,0.0,0,269,0,0,-0.003339755116030574,119.45448303222656,1.2855987548828125,0.0006618399638682604,0.0,0.3516842722892761
395,1,0.8868896308031253,196,0.433125,0.0,0.125,0,525,0,0,-0.006227468606084585,104.6578369140625,1.5713918209075928,0.0005893722991459072,0.0,0.24300400912761688
396,1,1.0693225232721488,196,0.52875,0.375,0.375,0,781,0,0,5.529759073397145e-05,210.82974243164062,1.3376067876815796,0.00095701206009835,0.0,0.3407980799674988
397,1,1.777329873339113,197,0.084375,0.0,0.0,0,37,0,0,-0.0016949009150266647,599.6348876953125,1.5131354331970215,0.0008400868391618133,0.0,0.2600089907646179
398,1,0.8260103550492204,202,0.096875,0.0,0.125,0,42,0,0,-0.005033721216022968,2690.67431640625,1.1931283473968506,0.0037658929359167814,0.0,0.41758155822753906
399,1,1.2773677645491262,202,0.3625,0.125,0.25,0,298,0,0,-0.0008099712431430817,254.45147705078125,1.4124349355697632,0.0005136797553859651,0.0,0.3111972212791443
400,1,1.2981548392726836,202,0.388125,0.25,0.25,0,554,0,0,-0.0031064588110893965,272.4495849609375,1.5031096935272217,0.0005969754420220852,0.0,0.2586338520050049
401,1,1.4203240289598398,202,0.39,0.25,0.375,0,810,0,0,-0.00010917863983195275,194.10809326171875,1.5802263021469116,0.00020765498629771173,0.0,0.23713085055351257
402,1,0.9883515886849636,204,0.073125,0.0,0.0,0,51,0,0,-0.0015162869822233915,744.96826171875,1.375121831893921,-0.00027946336194872856,0.0,0.3262272775173187
403,1,-0.09385875197767746,205,0.254375,0.0,0.0,0,150,0,0,-0.000248145021032542,1039.75732421875,0.8345825672149658,-0.00043004797771573067,0.0,0.5387597680091858
404,1,0.44916353981534485,205,0.414375,0.0,0.0,0,406,0,0,-0.00042848088196478784,94.27182006835938,0.8276358842849731,0.000228454518946819,0.0,0.5628595352172852
405,1,0.7976237517514164,205,0.615625,0.0,0.25,0,662,0,0,-0.005169413518160582,104.98699951171875,1.2015217542648315,0.0006139690522104502,0.0,0.3669162690639496
406,1,1.284299510451092,205,0.62625,0.25,0.25,0,918,0,0,-0.0002835312334354967,388.09814453125,1.4312347173690796,0.0021546361967921257,0.0,0.29431402683258057
407,1,1.7123692588656922,206,0.34125,0.0,0.0,0,174,0,0,-0.0009577765013091266,399.51422119140625,1.473394751548767,0.0007361457101069391,0.0,0.27486035227775574
408,1,1.1710982551885536,206,0.620625,0.25,0.375,0,430,0,0,-0.0014863647520542145,188.69830322265625,1.2207130193710327,-0.0011580404825508595,0.0,0.37182289361953735
409,1,2.2032046140229795,206,0.671875,0.375,0.375,0,686,0,0,0.00013294941163621843,638.9224243164062,1.466124415397644,-1.0824529454112053e-05,0.0,0.289588987827301
410,1,1.126521327496448,206,0.671875,0.375,0.375,0,942,0,0,-0.0006611645221710205,211.83363342285156,1.5151431560516357,-0.00023536663502454758,0.0,0.2674238383769989
411,1,1.0826774082088377,207,0.33,0.25,0.375,0,198,0,0,0.00025523704243823886,310.40185546875,1.244642972946167,-0.0005825193948112428,0.0,0.3830898702144623
412,1,0.8045730312187516,207,0.47125,0.5,0.375,0,454,0,0,-0.002288489369675517,110.31856536865234,1.4952921867370605,0.0006281024543568492,0.0,0.25935617089271545
413,1,1.3057665808250931,207,0.54375,0.5,0.375,0,710,0,0,-0.0011857155477628112,134.5306396484375,1.4330247640609741,0.0003997385501861572,0.0,0.2935594618320465
414,1,2.9926695905596716,207,0.59,0.5,0.375,0,966,0,0,-0.0006058439612388611,1342.7171630859375,1.3417571783065796,-0.00026282062754034996,0.0,0.3501572608947754
415,1,1.4062436751401037,208,0.24625,0.0,0.0,0,222,0,0,-0.0033792322501540184,289.36614990234375,1.1431350708007812,-0.0005743305082432926,0.0,0.43303781747817993
416,1,1.8070431236556033,208,0.335,0.0,0.0,0,478,0,0,0.001906719757243991,304.6034851074219,1.563340187072754,0.003070359816774726,0.0,0.22870847582817078
417,1,2.9534181384869953,208,0.39375,0.0,0.0,0,734,0,0,-0.0006835926324129105,1181.550537109375,1.5608758926391602,-0.0005397002096287906,0.0,0.2440655529499054
418,1,2.7119974363558867,208,0.3975,0.0,0.0,0,990,0,0,-0.0007812045514583588,910.5670166015625,1.4982306957244873,-0.0008129234192892909,0.0,0.2681426405906677
419,1,0.9222827599478478,209,0.29125,0.125,0.125,0,246,0,0,-0.0018632132560014725,177.70578002929688,1.0895748138427734,0.000716141308657825,0.0,0.44068536162376404
420,1,0.7727170369034866,209,0.3625,0.25,0.25,0,502,0,0,-0.0016840308671817183,81.65794372558594,1.3170490264892578,-0.0007919514318928123,0.0,0.334553062915802
421,1,1.9409142908334616,209,0.3825,0.25,0.25,0,758,0,0,0.0012879117857664824,359.5716552734375,1.327783226966858,0.0005369349382817745,0.0,0.33955809473991394
422,1,3.9080642947228625,210,0.034375,0.0,0.0,0,14,0,0,-0.00024398183450102806,2721.84375,1.3753557205200195,0.001144122565165162,0.0,0.3344660699367523
423,1,1.473847879366076,210,0.406875,0.375,0.375,0,270,0,0,5.2849452913505957e-05,307.72003173828125,1.0601208209991455,0.0005809722351841629,0.0,0.43090182542800903
424,1,2.1818959247866587,210,0.43375,0.375,0.375,0,526,0,0,-6.628067785641178e-05,593.799072265625,1.494943618774414,0.00010755697439890355,0.0,0.2673581838607788
425,1,2.662910786418024,210,0.43875,0.375,0.375,0,782,0,0,-0.0006071887910366058,785.721435546875,1.5370935201644897,6.038455103407614e-05,0.0,0.24547778069972992
426,1,2.5072800177331374,212,0.06125,0.0,0.0,0,28,0,0,-0.00017929356545209885,2047.547119140625,1.3115676641464233,0.0003484839980956167,0.0,0.35950273275375366
427,1,0.7758728190528927,212,0.456875,0.0,0.25,0,284,0,0,-0.0036843314301222563,192.38153076171875,0.8673858642578125,0.0009127568337135017,0.0,0.5451027154922485
428,1,1.563810082987402,212,0.51875,0.375,0.375,0,540,0,0,-0.004403640981763601,365.5170593261719,1.3436002731323242,0.0022363276220858097,0.0,0.3378711938858032
429,1,2.0807382721832255,212,0.566875,0.5,0.5,0,796,0,0,-0.0009302950347773731,1076.234130859375,1.4933688640594482,0.002728102495893836,0.0,0.27151650190353394
430,1,2.4325281479505065,213,0.065625,0.0,0.0,0,52,0,0,0.00017212610691785812,1358.5809326171875,1.2072875499725342,0.0008364132372662425,0.0,0.3921830654144287
431,1,1.6295199735031929,213,0.406875,0.5,0.625,0,308,0,0,-0.0011817974736914039,351.6961975097656,1.2056982517242432,0.0011488273739814758,0.0,0.378723680973053
432,1,0.7153640954056755,214,0.224375,0.125,0.0,0,165,0,0,-8.349617928615771e-06,537.3673095703125,1.1676464080810547,-0.00016739065176807344,0.0,0.39272063970565796
433,1,1.141483082904415,214,0.45375,0.125,0.125,0,421,0,0,-0.0013731957878917456,179.93594360351562,1.3278820514678955,-0.00033845286816358566,0.0,0.3326209783554077
434,1,0.7591751453946927,214,0.621875,0.25,0.25,0,677,0,0,-0.0023814807645976543,70.33561706542969,1.1845266819000244,0.003965418320149183,0.0,0.3831120729446411
435,1,2.178727268577859,214,0.70375,0.375,0.25,0,933,0,0,-0.0001223155704792589,1394.8914794921875,1.4622820615768433,0.00031096721068024635,0.0,0.29255411028862
436,1,2.7967218321573455,215,0.251875,0.375,0.375,0,189,0,0,-0.0005380480433814228,1180.40380859375,1.1480987071990967,0.0009012006921693683,0.0,0.4175057113170624
437,1,1.6339651033413247,215,0.28875,0.375,0.375,0,445,0,0,-0.0024702909868210554,271.9346923828125,1.6003470420837402,0.0011928800959140062,0.0,0.22717511653900146
438,1,2.9749727934286057,215,0.339375,0.375,0.375,0,701,0,0,-0.0007015311857685447,1308.45458984375,1.5616369247436523,-4.320444350014441e-05,0.0,0.2454231232404709
439,1,2.7818376063260075,215,0.34125,0.375,0.375,0,957,0,0,-0.001503403065726161,1045.122802734375,1.4942525625228882,0.0012340492103248835,0.0,0.26417869329452515
440,1,0.6742422875158809,216,0.31875,0.0,0.0,0,213,0,0,9.113674605032429e-05,234.3497772216797,0.9630066752433777,0.0002515337837394327,0.0,0.4950424134731293
441,1,0.830036324034154,216,0.55375,0.125,0.125,0,469,0,0,-0.002848368138074875,53.0217170715332,1.0623493194580078,-0.00016677768144290894,0.0,0.4579614996910095
442,1,2.8991308199620107,216,0.6125,0.25,0.125,0,725,0,0,-0.0004606206784956157,1626.1051025390625,1.3659933805465698,-0.00010110034781973809,0.0,0.33767780661582947
443,1,2.724992285569897,217,0.16375,0.0,0.0,0,137,0,0,0.0008587135816924274,1443.9168701171875,1.2843685150146484,-0.00026706513017416,0.0,0.3685193955898285
444,1,0.9883545600387151,217,0.309375,0.125,0.125,0,393,0,0,-0.0057638781145215034,195.07443237304688,1.3960025310516357,-0.00034434147528372705,0.0,0.3047003746032715
445,1,2.2518633852523635,218,0.1225,0.25,0.25,0,81,0,0,-0.00024309630680363625,938.573486328125,1.4549386501312256,-0.0012809006730094552,0.0325520858168602,0.2884196639060974
446,1,1.0919357795864926,218,0.2125,0.375,0.375,0,337,0,0,-9.233877062797546e-05,392.8323974609375,1.3427178859710693,0.0007761415326967835,0.0,0.34251314401626587
447,1,2.0254396813161293,218,0.220625,0.375,0.375,0,593,0,0,-6.012556696077809e-05,377.4002685546875,1.5705369710922241,-9.967060759663582e-05,0.0,0.2376873791217804
448,1,1.2397438886848704,218,0.220625,0.375,0.375,0,849,0,0,-0.0007145320996642113,126.65066528320312,1.5455574989318848,0.0005984596791677177,0.0,0.24604085087776184
449,1,2.2670752755511785,219,0.235,0.0,0.0,0,105,0,0,-0.001795573509298265,1066.0107421875,1.3294732570648193,-0.000503784220200032,0.0,0.3540090322494507
450,1,0.928864954810706,219,0.355,0.125,0.125,0,361,0,0,-0.011756430380046368,221.77435302734375,1.3831013441085815,0.0045402455143630505,0.0885416716337204,0.3043857216835022
451,1,0.916658125264803,219,0.355625,0.125,0.125,0,617,0,0,-0.013627132400870323,90.17588806152344,1.5436851978302002,0.014442263171076775,0.26171875,0.24216163158416748
452,1,1.5089974376642203,219,0.49375,0.25,0.25,0,873,0,0,-0.003624396165832877,647.7415771484375,1.4722726345062256,0.003751050680875778,0.0,0.27089813351631165
453,1,0.6812359728428419,220,0.189375,0.0,0.0,0,129,0,0,0.0007843698258511722,650.41259765625,1.0825369358062744,0.0008783955127000809,0.0,0.45012491941452026
454,1,2.8978539821537197,220,0.30625,0.0,0.0,0,385,0,0,-0.0015370268374681473,1194.76318359375,1.5302551984786987,0.0012139263562858105,0.0,0.25855496525764465
455,1,1.1003448082865361,221,0.255625,0.0,0.0,0,146,0,0,-0.0003136222658213228,852.4443359375,1.1569812297821045,4.6366360038518906e-05,0.0,0.3951294422149658
456,1,1.5030084722238826,221,0.4475,0.125,0.375,0,402,0,0,-3.821651262114756e-05,421.37103271484375,1.358102560043335,-0.0006622198852710426,0.0,0.3296875059604645
457,1,0.6735590969183249,222,0.384375,0.125,0.125,0,253,0,0,-0.0008979476988315582,308.0417785644531,1.104036808013916,-0.00024323849356733263,0.0,0.42316508293151855
458,1,3.8586161281345994,222,0.473125,0.125,0.125,0,509,0,0,6.411845788534265e-06,2502.925537109375,1.3394054174423218,-0.00034740925184451044,0.0,0.35251984000205994
459,1,1.7106376493720745,222,0.66875,0.5,0.75,0,765,0,0,-0.00036067020846530795,436.98590087890625,1.195886492729187,-0.00017587390902917832,0.0,0.37553781270980835
460,1,1.7177833017576631,223,0.045625,0.0,0.0,0,21,0,0,-0.00035873864544555545,779.4730224609375,1.3073810338974,-0.0003045429475605488,0.0,0.344168484210968
461,1,1.2492611500565545,224,0.008125,0.0,0.0,0,2,0,0,-0.0014825094258412719,695.552978515625,1.1079431772232056,0.000277491140877828,0.0,0.44894737005233765
462,1,0.13141927259857766,224,0.231875,0.0,0.0,0,258,0,0,-0.00010165199637413025,168.08352661132812,0.9371573328971863,-0.0003469671937637031,0.0,0.4973641335964203
463,1,0.1352148145379033,224,0.31125,0.0,0.0,0,514,0,0,9.648812556406483e-05,195.55966186523438,1.003647804260254,0.0008454799535684288,0.0,0.4789285659790039
464,1,1.1686329378317168,225,0.31375,0.0,0.125,0,157,0,0,-0.00031023225164972246,679.09228515625,0.9728085398674011,-0.0003465901536401361,0.0,0.48224425315856934
465,1,0.13001695444745565,225,0.423125,0.125,0.125,0,413,0,0,0.00013675540685653687,362.617431640625,1.460071086883545,-0.0003683877584990114,0.0,0.27487701177597046
466,1,1.9962904997960322,225,0.429375,0.125,0.125,0,669,0,0,-4.47893216914963e-05,565.1951904296875,1.481454849243164,-2.30084806389641e-05,0.0,0.2721277177333832
467,1,2.431246112492545,225,0.62125,0.125,0.375,0,925,0,0,-9.242445230484009e-06,1126.406005859375,1.385120153427124,1.1540483683347702e-05,0.0,0.32710546255111694
468,1,1.6400625137903262,227,0.3125,0.125,0.375,0,154,0,0,-0.0009422575822100043,823.072998046875,0.991753101348877,-8.464527491014451e-05,0.0,0.4661112427711487
469,1,0.6136491357719933,228,0.10875,0.0,0.0,0,43,0,0,-4.357720536063425e-05,648.33056640625,1.291927695274353,0.00013245099398773164,0.0,0.34276625514030457
470,1,1.524440884924843,229,0.29375,0.125,0.5,0,239,0,0,-0.0006634443998336792,721.2431640625,1.02726411819458,0.000618728983681649,0.0,0.46868473291397095
471,1,0.3682053268166783,229,0.3725,0.625,0.625,0,495,0,0,-3.7807971239089966e-05,284.69384765625,1.406232237815857,0.0001521065569249913,0.0,0.30041560530662537
472,1,1.4566407529928256,230,0.16125,0.0,0.0,0,144,0,0,-0.00020225471234880388,997.7791748046875,1.1652368307113647,6.302710244199261e-05,0.0,0.4216257929801941
473,1,1.668898818334128,230,0.31375,0.0,0.0,0,400,0,0,-0.0003668569843284786,356.31884765625,1.1196074485778809,8.127668115776032e-05,0.0,0.3893927037715912
474,1,1.6654483291458746,230,0.6125,0.125,0.5,0,656,0,0,-7.59325921535492e-05,477.8668212890625,1.2564585208892822,7.961240771692246e-05,0.0,0.35986003279685974
475,1,0.17754422496545885,230,0.67625,0.375,0.5,0,912,0,0,-8.648447692394257e-05,189.6273956298828,1.2876780033111572,-0.000127316452562809,0.0,0.3569587469100952
476,1,0.4542936090147123,231,0.18625,0.0,0.0,0,168,0,0,-6.52646049275063e-05,554.665771484375,1.1258857250213623,-7.413304410874844e-05,0.0,0.4097401797771454
477,1,1.6208293357194634,232,0.20375,0.25,0.625,0,102,0,0,-0.0002372879534959793,831.1648559570312,1.1037150621414185,3.960713365813717e-05,0.0,0.42255720496177673
478,1,1.0195993139168422,232,0.5275,0.75,0.875,0,358,0,0,-0.003039548173546791,272.72979736328125,1.325342059135437,0.001524587394669652,0.0,0.34317541122436523
479,1,1.1494309000845533,232,0.634375,0.875,0.875,0,614,0,0,-0.0007718956912867725,642.7955322265625,1.379814624786377,0.002232668921351433,0.0,0.31066030263900757
480,1,4.169846688411781,232,0.638125,0.875,0.875,0,870,0,0,-0.0036168559454381466,3067.26904296875,1.308858036994934,0.00037101440830156207,0.0,0.35857293009757996
481,1,2.7967037311318563,233,0.22625,0.0,0.0,0,126,0,0,-0.00030945957405492663,1682.2158203125,1.1548633575439453,-7.938438648125157e-05,0.0,0.42655062675476074
482,1,0.8912956934946124,233,0.521875,0.25,0.375,0,382,0,0,-0.005739301443099976,202.24180603027344,1.2270926237106323,0.005899032112210989,0.0,0.3638153076171875
483,1,0.5979054680137779,233,0.555,0.5,0.5,0,638,0,0,-0.004171536769717932,727.409912109375,1.3958616256713867,-0.0007088496349751949,0.0221354179084301,0.30334827303886414
484,1,1.2134959667600924,234,0.199375,0.125,0.125,0,140,0,0,9.709348523756489e-05,749.2659912109375,1.3995389938354492,-0.0008850954473018646,0.0,0.3093554973602295
485,1,0.8852101478305485,234,0.284375,0.125,0.125,0,396,0,0,-0.0057591102086007595,63.05006408691406,1.231546401977539,0.001794811338186264,0.00390625,0.3548881709575653
486,1,3.085009943188197,234,0.329375,0.125,0.125,0,652,0,0,0.004251380451023579,1397.5032958984375,1.5092132091522217,7.866881787776947e-06,0.0,0.2600559890270233
487,1,1.8159601720362843,235,0.16,0.0,0.125,0,108,0,0,-0.00020658504217863083,668.42578125,1.2445040941238403,-0.0009989732643589377,0.0,0.3856807351112366
488,1,1.1189374643363408,235,0.41375,0.375,0.5,0,364,0,0,-0.0016125272959470749,274.2879638671875,1.2692387104034424,0.0006140520563349128,0.0,0.3698342740535736
489,1,2.8204068537579587,235,0.475625,0.5,0.5,0,620,0,0,-0.0012171303387731314,1184.88427734375,1.491692304611206,-0.001028513885103166,0.0,0.268216609954834
490,1,3.540946785318738,235,0.539375,0.5,0.5,0,876,0,0,0.00102175900246948,1873.72705078125,1.4811160564422607,0.00026649486972019076,0.0,0.28447723388671875
491,1,2.9494541105086682,237,0.0125,0.0,0.0,0,4,0,0,0.00013998150825500488,2004.945068359375,1.2097513675689697,7.349113002419472e-05,0.0,0.4004310965538025
492,1,1.5618767413834576,238,0.323125,0.375,0.25,0,252,0,0,-0.00026222318410873413,526.124267578125,1.2142032384872437,-0.00013798863801639527,0.0,0.3997858166694641
493,1,3.2986008504558413,238,0.36125,0.375,0.25,0,508,0,0,8.177012205123901e-07,1452.77587890625,1.5017249584197998,-6.165976810734719e-05,0.0,0.27376994490623474
494,1,3.3532584426029644,238,0.519375,0.375,0.25,0,764,0,0,2.8056403607479297e-05,1675.77392578125,1.542514681816101,-4.13299239880871e-05,0.0,0.2578714191913605
495,1,3.5551843697066943,239,0.0475,0.0,0.0,0,20,0,0,-3.122849011560902e-05,2133.364501953125,1.4122918844223022,-3.005843609571457e-06,0.0,0.3066381514072418
496,1,0.7750752646315959,239,0.328125,0.125,0.125,0,276,0,0,-0.0005448963493108749,29.67311668395996,1.0161921977996826,-2.323339458598639e-06,0.0,0.48205921053886414
497,1,1.7723093643239736,239,0.399375,0.125,0.125,0,532,0,0,-0.0004377861914690584,244.13018798828125,1.3994401693344116,-0.0006424803286790848,0.0,0.29212772846221924
498,1,0.9764053556264116,241,0.299375,0.0,0.125,0,157,0,0,0.00024752941681072116,1193.46875,1.0416502952575684,0.00015514949336647987,0.0,0.4765729308128357
499,1,1.6797902327598422,241,0.554375,0.25,0.25,0,413,0,0,-9.944289922714233e-05,350.4401550292969,1.3093266487121582,-7.683411240577698e-05,0.0,0.34066009521484375
500,1,0.2679378766379159,241,0.62,0.375,0.5,0,669,0,0,-5.509952825377695e-05,210.29559326171875,1.40725839138031,5.22444024682045e-05,0.0,0.28797128796577454
501,1,1.2179349008511053,242,0.30375,0.0,0.25,0,159,0,0,-0.0002964797313325107,679.127685546875,1.0914742946624756,-7.589844608446583e-05,0.0,0.4422629475593567
502,1,1.8008027928954107,242,0.454375,0.25,0.375,0,415,0,0,5.464814603328705e-05,524.2412109375,1.295974612236023,8.473235357087106e-05,0.0,0.34746941924095154
503,1,0.6918625641901599,242,0.51,0.375,0.5,0,671,0,0,-0.00020324377692304552,210.74908447265625,1.4171422719955444,0.00016514351591467857,0.0,0.3112279772758484
504,1,3.010945154732326,242,0.510625,0.5,0.5,0,927,0,0,-0.00015396966773550957,1400.061279296875,1.505444884300232,0.0001949281431734562,0.0,0.2665277123451233
505,1,1.2993587878336257,243,0.211875,0.0,0.0,0,183,0,0,-0.0006051777745597064,737.4915771484375,0.9596893787384033,0.00012632025755010545,0.0,0.5488471984863281
506,1,-0.271328033588361,243,0.218125,0.0,0.0,0,439,0,0,0.00018006796017289162,443.27203369140625,0.7917466163635254,-5.991136276861653e-05,0.0,0.6063929200172424
507,1,0.2643930427439045,243,0.403125,0.0,0.0,0,695,0,0,-0.00014878297224640846,224.81536865234375,0.8950499296188354,0.00010105579713126644,0.0,0.5351749658584595
508,1,0.969735372964351,243,0.54375,0.125,0.125,0,951,0,0,-0.005075834691524506,96.18623352050781,1.1208451986312866,0.001601691241376102,0.0,0.4236658811569214
509,1,1.9877442670549499,244,0.28875,0.375,0.375,0,207,0,0,0.0020055784843862057,706.777099609375,1.2972111701965332,0.0003155290032736957,0.0,0.339918851852417
510,1,1.8956756781190052,244,0.35375,0.375,0.375,0,463,0,0,0.0017135003581643105,446.201416015625,1.5404822826385498,0.002378016011789441,0.0,0.24335543811321259
511,1,2.023902306200398,244,0.404375,0.375,0.375,0,719,0,0,0.00104452611412853,474.73956298828125,1.569371223449707,8.997259283205494e-05,0.0,0.23330748081207275
512,1,2.357238939508534,244,0.548125,0.375,0.375,0,975,0,0,0.0008534034714102745,803.1068725585938,1.5266202688217163,-0.0002900548279285431,0.0,0.2552976608276367
513,1,1.5946383915397746,245,0.345625,0.125,0.0,0,231,0,0,-0.0004941622610203922,400.28118896484375,1.3772168159484863,-0.0001695607788860798,0.0,0.31456905603408813
514,1,2.2800864526047917,245,0.455625,0.125,0.125,0,487,0,0,-0.0008521769195795059,708.1007080078125,1.546953558921814,-5.5369146139128134e-05,0.0,0.24601171910762787
515,1,2.1433275751296605,245,0.478125,0.125,0.125,0,743,0,0,-0.0009871646761894226,459.61932373046875,1.5492045879364014,0.0004144133999943733,0.0,0.242811918258667
516,1,3.4081917965231696,245,0.478125,0.125,0.125,0,999,0,0,-0.0007413310813717544,1662.005615234375,1.5086088180541992,-0.00020881758246105164,0.0,0.2666110396385193
517,1,1.1925977637456526,246,0.265,0.125,0.125,0,255,0,0,-0.00018418084073346108,132.2752685546875,1.2669777870178223,-4.124874249100685e-05,0.0,0.3733600080013275
518,1,2.597111266572938,246,0.340625,0.125,0.125,0,511,0,0,-0.000932637311052531,754.833984375,1.5410192012786865,-0.0002833286707755178,0.0,0.2432817667722702
519,1,1.9371893789524393,246,0.3875,0.25,0.25,0,767,0,0,-0.0007161883404478431,639.8033447265625,1.4858973026275635,0.00027165235951542854,0.0,0.2722564935684204
520,1,2.445495536956514,247,0.049375,0.0,0.0,0,29,0,0,-0.0004653607902582735,1220.792236328125,1.411318302154541,0.00022735571837984025,0.0,0.30807220935821533
521,1,1.5363556848751614,247,0.2525,0.125,0.125,0,285,0,0,-0.0006096474826335907,307.48193359375,1.3120615482330322,-0.00048448145389556885,0.0,0.34557732939720154
522,1,1.9339785073834719,247,0.403125,0.125,0.25,0,541,0,0,-0.0003396036918275058,373.11663818359375,1.5053362846374512,0.0001714139652904123,0.0,0.26627302169799805
523,1,1.6890938339165587,247,0.456875,0.25,0.25,0,797,0,0,0.00011565256863832474,660.3529052734375,1.4880446195602417,0.00010678730905056,0.0,0.2716224193572998
524,1,1.0464472448802553,249,0.02125,0.0,0.0,0,9,0,0,-0.0001310650259256363,837.1173095703125,1.2831008434295654,4.2430125176906586e-05,0.0,0.36963948607444763
525,1,1.9618536682610284,249,0.341875,0.625,0.625,0,265,0,0,-0.00013746290642302483,641.2388916015625,1.209826111793518,-6.615495067308075e-07,0.0,0.39851006865501404
526,1,1.4522983287351963,249,0.36375,0.625,0.625,0,521,0,0,-0.0006034392863512039,290.452880859375,1.557438611984253,-9.176407183986157e-05,0.0,0.24771857261657715
527,1,2.7976921598301487,249,0.37125,0.625,0.625,0,777,0,0,-0.0006657970952801406,1008.2901611328125,1.5079269409179688,0.00036470344639383256,0.0,0.258289098739624
528,1,1.4393353808616212,250,0.07875,0.0,0.125,0,33,0,0,-0.0008712957496754825,488.9375,1.4215059280395508,0.0001666857860982418,0.0,0.3087586760520935
529,1,0.9025809570248384,251,0.283125,0.125,0.25,0,160,0,0,-2.1417316020233557e-05,829.0474243164062,1.12843656539917,0.00022725327289663255,0.0,0.44720458984375
530,1,1.1665447816521919,251,0.480625,0.25,0.625,0,416,0,0,-0.00019804327166639268,269.4376220703125,1.2404526472091675,-9.734339255373925e-05,0.0,0.38252532482147217
531,1,0.5826276711377432,251,0.516875,0.625,0.625,0,672,0,0,-0.0016829639207571745,289.8968505859375,1.5076278448104858,0.0001204963045893237,0.0,0.26786988973617554
532,1,1.7113840209831324,251,0.583125,0.625,0.625,0,928,0,0,-0.002514100633561611,493.11431884765625,1.5455989837646484,6.138021126389503e-05,0.0,0.24871611595153809
533,1,0.8757313072601391,253,0.26375,0.0,0.125,0,146,0,0,0.0002619059232529253,807.5128784179688,1.059456706047058,0.0003837778640445322,0.0,0.4891397953033447
534,1,1.4282370563523727,254,0.270625,0.25,0.25,0,193,0,0,-0.0009899692377075553,858.1849365234375,0.9429695010185242,-0.00042671943083405495,0.0,0.5384762287139893
535,1,1.4087894492549822,255,0.185,0.0,0.25,0,109,0,0,-0.0014254143461585045,700.4952392578125,1.2915515899658203,-0.00028225238202139735,0.0,0.3505147695541382
536,1,0.611472760909237,256,0.3825,0.0,0.25,0,255,0,0,0.0003685976262204349,117.03997802734375,0.8889652490615845,0.0005257189041003585,0.0,0.5388152599334717
537,1,1.2361455687205307,256,0.484375,0.375,0.375,0,511,0,0,-0.000854718207847327,168.50656127929688,1.228611707687378,-9.981093171518296e-05,0.0,0.3878145217895508
538,1,3.037712432878834,256,0.5675,0.375,0.375,0,767,0,0,-0.00018781237304210663,1203.2857666015625,1.5439741611480713,0.0001763184554874897,0.0,0.24956338107585907
539,1,3.4668359914358007,257,0.05375,0.0,0.0,0,23,0,0,-0.00018773041665554047,1575.815673828125,1.501397967338562,1.5895504475338385e-05,0.0,0.26344674825668335
540,1,1.5876517005308415,257,0.355,0.25,0.375,0,279,0,0,-0.00011240877211093903,225.1083984375,1.1615861654281616,-0.0001407823001500219,0.0,0.40135306119918823
541,1,1.2611547746832912,257,0.433125,0.375,0.5,0,535,0,0,-0.0011255384888499975,225.09088134765625,1.4106476306915283,-0.00021834687504451722,0.0,0.28615960478782654
542,1,1.878286861227025,257,0.4425,0.5,0.5,0,791,0,0,-0.00028898040181957185,1012.4767456054688,1.5002238750457764,-0.0002576654660515487,0.0,0.2664611041545868
543,1,3.6973673866689865,258,0.09125,0.0,0.0,0,47,0,0,-0.00010473094880580902,2081.453369140625,1.4452790021896362,-0.0001308295613853261,0.0,0.3015534281730652
544,1,1.880288755923175,258,0.39125,0.75,0.875,0,303,0,0,3.5648856282932684e-05,412.78863525390625,1.1572890281677246,-8.568260818719864e-05,0.0,0.41832178831100464
545,1,0.9023999514483876,260,0.02625,0.0,0.0,0,11,0,0,-0.00040410025394521654,730.463623046875,1.2989630699157715,-0.00023295529535971582,0.0,0.35747575759887695
546,1,0.8924446660457761,262,0.27375,0.125,0.25,0,228,0,0,-0.00011957002425333485,869.5557861328125,1.1870098114013672,0.00012385185982566327,0.0,0.39564165472984314
547,1,1.163398874718041,262,0.389375,0.375,0.5,0,484,0,0,-0.0004884905065409839,359.8106689453125,1.4798245429992676,0.00011266403453191742,0.0,0.2681965231895447
548,1,2.8143186825861335,262,0.405625,0.5,0.5,0,740,0,0,-9.241638326784596e-05,1112.9053955078125,1.5424516201019287,0.0006209590937942266,0.0,0.25252076983451843
549,1,3.613523597639869,262,0.41375,0.5,0.5,0,996,0,0,0.0002109321503667161,1806.50634765625,1.5090904235839844,-9.101908653974533e-05,0.0,0.2692592144012451
550,1,1.0856490657606628,263,0.334375,0.0,0.125,0,252,0,0,-0.0015851843636482954,369.35595703125,1.2514301538467407,-0.00011561330029508099,0.0,0.3718416094779968
551,1,1.866508011617043,263,0.431875,0.125,0.25,0,508,0,0,0.00011966160673182458,541.44384765625,1.4613693952560425,-0.00028568459674715996,0.0,0.2724578380584717
552,1,0.45203226799458207,263,0.55,0.25,0.375,0,764,0,0,0.0004135078634135425,256.7939453125,1.3966573476791382,-0.001007770886644721,0.0,0.29659968614578247
553,1,3.406488931730564,264,0.04625,0.0,0.0,0,20,0,0,-0.0002500352857168764,2351.13232421875,1.3826780319213867,-0.00020826407126151025,0.0,0.32240772247314453
554,1,1.6357774325442733,265,0.461875,0.25,0.625,0,250,0,0,5.483565473696217e-05,729.9011840820312,1.0703362226486206,1.288997009396553e-05,0.0,0.4535817503929138
555,1,0.7942151030147215,268,0.131875,0.0,0.0,0,68,0,0,-7.609029853483662e-05,1852.897705078125,1.193873643875122,-5.052145570516586e-05,0.0,0.4070950448513031
556,1,1.4719967095879838,268,0.42,0.5,0.75,0,324,0,0,-8.33633093861863e-05,327.26849365234375,1.2420859336853027,-5.197850987315178e-05,0.0,0.38638776540756226
557,1,3.110339140747783,268,0.520625,0.75,0.75,0,580,0,0,-8.210043597500771e-05,1612.0823974609375,1.3772276639938354,9.279605001211166e-05,0.0,0.3327442705631256
558,1,3.752280562827764,268,0.529375,0.75,0.75,0,836,0,0,-6.076166027924046e-05,2054.083251953125,1.4349071979522705,-6.705600389977917e-05,0.0,0.30610597133636475
559,1,3.7842711910579965,269,0.200625,0.375,0.5,0,92,0,0,-3.8076192140579224e-05,2348.456787109375,1.3517580032348633,-2.273296377097722e-05,0.0,0.34863340854644775
560,1,1.6062454050479573,269,0.355,0.5,0.5,0,348,0,0,-0.0004092597810085863,480.593505859375,1.4234946966171265,0.00013024904183112085,0.0,0.29234397411346436
561,1,1.4340898570371792,269,0.489375,0.625,0.625,0,604,0,0,-0.0005520936101675034,372.8998107910156,1.4488162994384766,0.0002897580561693758,0.0,0.2855207324028015
562,1,1.6122165875131031,269,0.53875,0.75,0.75,0,860,0,0,-0.0010627452284097672,476.1456298828125,1.4644012451171875,0.00032233865931630135,0.0,0.2846797704696655
563,1,0.8230492451330065,270,0.165625,0.0,0.0,0,116,0,0,0.00012830956256948411,357.01348876953125,1.1777695417404175,-0.000133032604935579,0.0,0.4149925708770752
564,1,0.9727654330563382,270,0.474375,0.0,0.0,0,372,0,0,-0.0012133859563618898,120.18460083007812,0.9154882431030273,0.0006677302299067378,0.0,0.5160924196243286
565,1,3.040498444956029,270,0.501875,0.0,0.0,0,628,0,0,-0.00015358813107013702,1340.78369140625,1.5062751770019531,0.00020160278654657304,0.0,0.27448850870132446
566,1,3.2521676793694496,270,0.6275,0.0,0.25,0,884,0,0,-0.00019102543592453003,1463.785888671875,1.4150718450546265,-3.582937642931938e-05,0.0,0.3152446448802948
567,1,0.06884192915458698,271,0.241875,0.0,0.0,0,243,0,0,-5.704412978957407e-05,624.5908813476562,0.8175387382507324,2.0848121494054794e-05,0.0,0.5981134176254272
568,1,-0.08958919234282803,272,0.3175,0.0,0.0,0,217,0,0,-2.2753141820430756e-05,1396.659912109375,0.8693989515304565,-0.0001522319798823446,0.0,0.5389516353607178
569,1,2.120576614280708,272,0.38875,0.0,0.0,0,473,0,0,-0.00025949286646209657,490.702392578125,1.354323387145996,1.8905382603406906e-05,0.0,0.3062266707420349
570,1,1.8887077122053597,274,0.324375,0.25,0.25,0,223,0,0,-0.0002867194707505405,1223.8712158203125,1.4588435888290405,-9.635556489229202e-05,0.0,0.27889689803123474
571,1,1.543286605630783,274,0.495,0.5,0.5,0,479,0,0,-9.897289419313893e-05,433.55413818359375,1.4901260137557983,0.00011360568169038743,0.0,0.26579463481903076
572,1,3.2710210914201525,274,0.52125,0.5,0.5,0,735,0,0,-9.636084723751992e-05,1446.396484375,1.5302846431732178,0.0001199521793751046,0.0,0.2532864809036255
573,1,2.5308927764563123,274,0.75625,0.625,0.875,0,991,0,0,-0.00016187007713597268,780.093505859375,1.2615888118743896,3.171169009874575e-05,0.0,0.34697791934013367
574,1,0.7627139099058695,275,0.36,0.125,0.375,0,247,0,0,-0.0003012561646755785,329.38616943359375,0.9691369533538818,-0.00017066425061784685,0.0,0.510819137096405
575,1,1.256097001452872,275,0.545,0.5,0.75,0,503,0,0,-0.000597186095546931,307.0885009765625,1.2538621425628662,0.00013369540101848543,0.0,0.3580806255340576
576,1,0.7935477565333713,276,0.2675,0.125,0.125,0,232,0,0,-0.00047647705650888383,819.1268920898438,1.226496934890747,6.525467324536294e-05,0.0,0.3762979507446289
577,1,2.4409001285002887,276,0.33375,0.125,0.125,0,488,0,0,0.00015026952314656228,615.8387451171875,1.4695415496826172,-0.00024883434525690973,0.0,0.2725256681442261
578,1,3.211056479074614,276,0.38375,0.125,0.125,0,744,0,0,-0.0008025927236303687,1397.046630859375,1.5214914083480835,-3.719097003340721e-05,0.0,0.2547895908355713
579,1,3.562652130926381,277,0.005625,0.0,0.0,0,0,0,0,-8.347071707248688e-05,1808.44140625,1.4863948822021484,-0.0001252285874215886,0.0,0.28585976362228394
580,1,0.053629633534001186,277,0.244375,0.0,0.0,0,256,0,0,-6.692919123452157e-05,237.08905029296875,0.7803565263748169,-6.900914013385773e-05,0.0,0.629741370677948
581,1,1.2013061943434877,277,0.5025,0.125,0.125,0,512,0,0,-0.0006187378312461078,152.48788452148438,0.9577032923698425,-5.388943009165814e-06,0.0,0.49720168113708496
582,1,1.5956149064586498,277,0.55375,0.25,0.25,0,768,0,0,0.0001500854268670082,746.7512817382812,1.4205068349838257,0.00023005748516879976,0.0,0.2956157922744751
583,1,1.524735758875977,278,0.053125,0.0,0.125,0,24,0,0,-0.0001743560133036226,774.0328369140625,1.36112380027771,-9.520336607238278e-05,0.0,0.32969236373901367
584,1,0.8192742251703748,280,0.041875,0.0,0.0,0,17,0,0,-8.334468293469399e-05,781.0509033203125,0.9445692896842957,-8.428733417531475e-05,0.0,0.49227041006088257
585,1,1.3001660140434979,280,0.421875,0.125,0.375,0,273,0,0,-0.000339242338668555,105.49240112304688,0.989949107170105,-0.0001371297985315323,0.0,0.48354554176330566
586,1,0.605304821554455,281,0.128125,0.0,0.0,0,61,0,0,-4.047217589686625e-05,1265.0693359375,1.2654036283493042,1.4527856365020853e-05,0.0,0.36910128593444824
587,1,1.135180367542489,281,0.301875,0.125,0.125,0,317,0,0,-0.0009017593110911548,302.53564453125,1.3004306554794312,-0.0005768113769590855,0.0,0.35822901129722595
588,1,0.23395820758014452,282,0.135,0.0,0.0,0,110,0,0,-0.0002982189762406051,1089.178466796875,0.9540709853172302,0.0002103842271026224,0.0,0.5226130485534668
589,1,0.4791377797082532,282,0.475625,0.0,0.125,0,366,0,0,-0.0007267147302627563,275.6135559082031,0.9344262480735779,8.596169936936349e-05,0.0,0.5217843055725098
590,1,1.2243838101385336,282,0.6175,0.125,0.125,0,622,0,0,-0.0002554580569267273,169.4054412841797,1.2546546459197998,-0.00010652017954271287,0.0,0.37596580386161804
591,1,2.2540119937948475,282,0.653125,0.125,0.125,0,878,0,0,-0.0004905425012111664,605.3096923828125,1.4743192195892334,0.0002422935067443177,0.0,0.2765253782272339
592,1,2.1796073608711595,283,0.265625,0.0,0.375,0,134,0,0,-0.00035194121301174164,639.76513671875,1.2314313650131226,5.2062176109757274e-05,0.0,0.3882213830947876
593,1,1.074842846258889,283,0.486875,0.5,0.5,0,390,0,0,-0.002175199566408992,140.51022338867188,1.2729475498199463,6.097485311329365e-05,0.0,0.3606894016265869
594,1,2.325324040633859,283,0.56375,0.5,0.625,0,646,0,0,0.001877622096799314,841.3418579101562,1.4624345302581787,0.0012380864936858416,0.0,0.2841729521751404
595,1,3.1140256424987456,283,0.636875,0.625,0.625,0,902,0,0,-0.0008747267420403659,1112.04931640625,1.4677913188934326,-0.001225477084517479,0.0,0.2810590863227844
596,1,1.8136783036025008,284,0.233125,0.125,0.5,0,158,0,0,-0.0007888088002800941,399.93487548828125,1.1669771671295166,-0.00035410281270742416,0.0,0.4132321774959564
597,1,1.2578823149306118,288,0.175625,0.125,0.25,0,75,0,0,0.00014728866517543793,1895.9298095703125,1.2225550413131714,-0.0007970430888235569,0.0,0.37875649333000183
598,1,0.6986476840440901,288,0.425,0.25,0.375,0,331,0,0,-0.0002531719801481813,39.243431091308594,1.2198854684829712,-5.375982073019259e-05,0.0,0.3796195387840271
599,1,1.5528844069485785,288,0.490625,0.375,0.375,0,587,0,0,-4.778057336807251e-05,294.30120849609375,1.3579500913619995,-0.0002521000278647989,0.0,0.3264690637588501
600,1,3.3482987642073567,288,0.5075,0.375,0.375,0,843,0,0,-0.00012888014316558838,1425.555908203125,1.5152168273925781,0.00024348683655261993,0.0,0.26762229204177856
601,1,2.519009332143469,289,0.20125,0.125,0.125,0,99,0,0,-0.00022826530039310455,1130.36962890625,1.3994344472885132,0.00012748937297146767,0.0,0.32159867882728577
602,1,1.5357815655443119,289,0.344375,0.125,0.125,0,355,0,0,-0.0005735773593187332,161.56289672851562,1.3433046340942383,3.250913505326025e-05,0.0,0.32948651909828186
603,1,2.798254434293085,289,0.516875,0.125,0.125,0,611,0,0,-0.00021506007760763168,967.2904052734375,1.5118612051010132,8.507352322340012e-05,0.0,0.2581939101219177
604,1,3.251673688118899,289,0.538125,0.375,0.25,0,867,0,0,3.8776546716690063e-05,1518.7117919921875,1.4780020713806152,-0.00020215380936861038,0.0,0.28789016604423523
605,1,3.0439935481117573,290,0.22125,0.25,0.375,0,123,0,0,-0.00010128505527973175,1667.2119140625,1.2226436138153076,-0.00013970320287626237,0.0,0.40718334913253784
606,1,0.7344091602935805,290,0.44125,0.5,0.5,0,379,0,0,-0.0012538721784949303,164.00494384765625,1.4415464401245117,-0.00016732576477807015,0.0,0.29100632667541504
607,1,1.3433404267216247,290,0.4825,0.5,0.5,0,635,0,0,-0.0003094210696872324,194.95350646972656,1.4290488958358765,-0.00045738060725852847,0.0,0.2984522581100464
608,1,1.1878320611067466,290,0.545,0.5,0.625,0,891,0,0,-0.0029040202498435974,526.761474609375,1.451062560081482,0.0007551815360784531,0.0,0.286033570766449
609,1,1.1993654603029427,291,0.225,0.25,0.375,0,147,0,0,-5.933766715315869e-06,869.12841796875,1.2328121662139893,-0.00030939298449084163,0.0,0.3754938244819641
610,1,0.45372266883623524,293,0.308125,0.125,0.25,0,229,0,0,5.097439043311169e-06,1210.373046875,1.2251614332199097,-5.181444430490956e-05,0.0,0.37950748205184937
611,1,2.4917687287234003,293,0.361875,0.25,0.25,0,485,0,0,-0.00016237734234891832,732.27587890625,1.400071144104004,6.435268733184785e-05,0.0,0.30966195464134216
612,1,3.6417324568644744,293,0.3725,0.25,0.25,0,741,0,0,-0.0005744779482483864,1862.291015625,1.5132081508636475,-3.973643288190942e-06,0.0,0.27006590366363525
613,1,2.289084544544494,293,0.423125,0.375,0.375,0,997,0,0,-0.00041109882295131683,1116.4158935546875,1.4657443761825562,3.1025614589452744e-05,0.0,0.28790780901908875
614,1,2.096885738945275,294,0.329375,0.625,0.625,0,253,0,0,-0.00010378783190390095,527.3028564453125,1.1379395723342896,2.451334148645401e-05,0.0,0.4089092016220093
615,1,2.4839838585503458,294,0.329375,0.625,0.625,0,509,0,0,-0.000512948608957231,1214.9296875,1.5250362157821655,9.22235194593668e-05,0.0,0.25663670897483826
616,1,1.9124093687636332,294,0.48875,0.75,0.75,0,765,0,0,-6.435129034798592e-05,872.27978515625,1.3291538953781128,0.00012203228834550828,0.0,0.3543577790260315
617,1,2.4113846744339753,295,0.046875,0.0,0.125,0,21,0,0,-0.0003785315784625709,687.98486328125,1.3950059413909912,4.818725210498087e-05,0.0,0.3100464940071106
618,1,1.5824496441443898,296,0.133125,0.125,0.25,0,62,0,0,-0.0005230484530329704,947.640869140625,1.1921074390411377,1.8594786524772644e-05,0.0,0.39070361852645874
619,1,1.3529456693431712,296,0.400625,0.375,0.375,0,318,0,0,-0.0005093173822388053,230.47341918945312,1.3671002388000488,0.00014281072071753442,0.0,0.30960750579833984
620,1,3.4259212418692186,296,0.48875,0.375,0.375,0,574,0,0,-0.0005369236459955573,1636.292724609375,1.4221982955932617,0.00011383695527911186,0.0,0.3056040406227112
621,1,4.067031061043963,296,0.50375,0.375,0.375,0,830,0,0,-0.00019079695630352944,2388.783203125,1.4044016599655151,-2.017865699599497e-05,0.0,0.3183360695838928
622,1,2.2362696791096823,297,0.161875,0.25,0.125,0,86,0,0,-0.00011698591697495431,787.8651733398438,1.2787082195281982,1.855481787060853e-05,0.0,0.3623329997062683
623,1,0.47756954125361517,297,0.5425,0.25,0.625,0,342,0,0,-0.00080082070780918,419.394287109375,1.4089734554290771,-0.000132119283080101,0.0,0.3080463111400604
624,1,0.6854795019899029,298,0.223125,0.0,0.0,0,233,0,0,0.00010828984522959217,605.7391357421875,0.8692226409912109,-0.00020881029195152223,0.0,0.568544328212738
625,1,1.3276210965959763,298,0.566875,0.5,0.5,0,489,0,0,-0.0013040946796536446,167.69561767578125,1.118253231048584,0.0005354202585294843,0.0,0.4197319746017456
626,1,0.7492182107489498,300,0.240625,0.125,0.375,0,112,0,0,-0.00019068892288487405,1366.603759765625,1.2746849060058594,-0.00021968348301015794,0.0,0.3437897562980652
627,1,1.4786533978331136,300,0.445,0.5,0.5,0,368,0,0,-0.0001438874751329422,275.9072265625,1.3026479482650757,0.00021815595391672105,0.0,0.3615867495536804
628,1,1.8766545479738852,300,0.625625,0.75,0.625,0,624,0,0,-0.0003576064482331276,807.2850341796875,1.3465816974639893,-0.00010183112317463383,0.0,0.3287244439125061
629,1,4.016750823419898,300,0.66875,0.75,0.625,0,880,0,0,-0.0001115649938583374,2614.87939453125,1.3847856521606445,1.6790971130831167e-05,0.0,0.32912302017211914
630,1,3.0639812097906542,301,0.1975,0.125,0.125,0,136,0,0,-0.0001349759695585817,1585.3052978515625,1.2548428773880005,-9.890615183394402e-05,0.0,0.3854813277721405
631,1,1.352594064501318,302,0.024375,0.0,0.0,0,10,0,0,-0.000616207136772573,943.4715576171875,1.2902315855026245,0.0001530869340058416,0.0,0.3691067695617676
632,1,1.006780940493627,302,0.305,0.25,0.25,0,266,0,0,-0.004831136204302311,158.833251953125,1.301901936531067,-0.0008802929660305381,0.0,0.3517863154411316
633,1,1.691700452902296,302,0.415625,0.25,0.375,0,522,0,0,0.005963963456451893,270.4810791015625,1.4507278203964233,0.002111904788762331,0.0,0.2850129008293152
634,1,1.9616145847321604,302,0.489375,0.375,0.375,0,778,0,0,-0.0008692021365277469,876.1865234375,1.4331157207489014,0.002901124767959118,0.0,0.28404495120048523
635,1,1.3393692268837185,303,0.21125,0.0,0.0,0,117,0,0,-0.0007875468581914902,592.2691650390625,1.2178912162780762,-0.0001860583870438859,0.0,0.41418036818504333
636,1,0.7682262929470198,303,0.50125,0.125,0.25,0,373,0,0,-0.00024703238159418106,36.25468063354492,1.1780579090118408,0.0007741921581327915,0.0,0.4019213616847992
637,1,0.5515420488773088,303,0.64375,0.375,0.5,0,629,0,0,-0.0009696822380647063,255.60968017578125,1.3683528900146484,-0.0005779042840003967,0.0,0.3213612735271454
638,1,1.2436270338002942,303,0.65375,0.5,0.5,0,885,0,0,-0.0005582074518315494,376.17120361328125,1.337245225906372,5.2519841119647026e-05,0.0,0.33146393299102783
639,1,1.7612175213289447,304,0.301875,0.125,0.125,0,177,0,0,-0.0033015336375683546,1251.0457763671875,1.4181718826293945,0.001947138924151659,0.0,0.3043636977672577
640,1,0.1336086015580804,304,0.466875,0.25,0.375,0,433,0,0,-0.0008099693804979324,314.69439697265625,1.4722530841827393,-0.000408864434575662,0.0,0.27953967452049255
641,1,0.8912998710366082,304,0.521875,0.375,0.375,0,689,0,0,-0.003003183752298355,158.21432495117188,1.2974164485931396,0.0039105964824557304,0.0,0.3406202793121338
642,1,3.2513889597194066,304,0.57,0.375,0.5,0,945,0,0,-0.0013256072998046875,2169.142578125,1.32271409034729,0.0001825396902859211,0.0,0.3472371995449066
643,1,-0.015970273947459646,305,0.349375,0.0,0.0,0,201,0,0,-0.0003962907940149307,837.536376953125,0.97119140625,0.001007550279609859,0.0,0.5106520056724548
644,1,0.8960775535088032,305,0.535625,0.0,0.25,0,457,0,0,-0.0011950889602303505,107.07884216308594,0.9468538165092468,0.0006275455234572291,0.0,0.4827812910079956
645,1,0.7041839936528049,305,0.599375,0.5,0.5,0,713,0,0,-3.795636439463124e-05,348.09039306640625,1.336033821105957,0.00028564891545102,0.0,0.33176079392433167
646,1,3.556722318981656,305,0.605,0.5,0.5,0,969,0,0,-0.0004595921782311052,2481.231201171875,1.3323628902435303,-7.125565025489777e-05,0.0,0.35498714447021484
647,1,1.6709582417024649,307,0.2975,0.125,0.5,0,154,0,0,-0.0010724971070885658,1137.751220703125,1.1000384092330933,-0.00017178012058138847,0.0,0.43424373865127563
648,1,1.3801128882114426,308,0.3325,0.375,0.5,0,186,0,0,-0.0015182849019765854,1367.787353515625,1.2672743797302246,-0.00021694616589229554,0.0,0.36156928539276123
649,1,1.444165086664725,308,0.430625,0.625,0.625,0,442,0,0,0.00027750743902288377,363.6985168457031,1.4347472190856934,3.4761615097522736e-05,0.0,0.2883647084236145
650,1,2.909104597492842,310,0.0975,0.0,0.125,0,47,0,0,-0.00017983622092287987,2656.63037109375,1.2846928834915161,0.0001746094785630703,0.0,0.3730936646461487
651,1,1.2730566806785646,310,0.32125,0.375,0.375,0,303,0,0,-0.00012056281411787495,189.1546630859375,1.2345755100250244,0.0002210532984463498,0.0,0.39119037985801697
652,1,3.025568760267035,310,0.349375,0.375,0.375,0,559,0,0,-0.00015342002734541893,1358.682373046875,1.4552037715911865,-0.00010507367551326752,0.0,0.2883358597755432
653,1,2.910167585563613,310,0.413125,0.375,0.5,0,815,0,0,-0.00025903558707796037,1676.6622314453125,1.3398966789245605,-3.984601789852604e-05,0.0,0.3495121896266937
654,1,0.011097974784206599,311,0.169375,0.0,0.0,0,71,0,0,-5.875714123249054e-05,912.1519775390625,1.1764426231384277,0.00012803822755813599,0.0,0.40796977281570435
655,1,1.2284021792802378,311,0.404375,0.125,0.125,0,327,0,0,-0.0007110002334229648,173.15042114257812,1.2712756395339966,-8.817063644528389e-05,0.0,0.3609684407711029
656,1,3.0327992372522203,311,0.404375,0.125,0.125,0,583,0,0,-0.0011242374312132597,1154.0218505859375,1.4781297445297241,-0.0004736375994980335,0.0,0.2675607204437256
657,1,2.404950517864563,311,0.56375,0.375,0.375,0,839,0,0,9.281374514102936e-05,1007.9959716796875,1.3327100276947021,0.00042122494778595865,0.0,0.3457596004009247
658,1,1.434883718357014,312,0.218125,0.0,0.0,0,95,0,0,-0.001620085327886045,518.198974609375,1.138431429862976,0.0002089285699184984,0.0,0.43635886907577515
659,1,1.323654183455801,312,0.408125,0.25,0.25,0,351,0,0,-0.0004626133886631578,194.50723266601562,1.1367489099502563,0.0001522897946415469,0.0,0.4354412257671356
660,1,3.7056529802121077,312,0.434375,0.25,0.25,0,607,0,0,0.0014962523709982634,2161.841064453125,1.4514939785003662,-0.00044639999396167696,0.0,0.2886093556880951
661,1,3.4531253221030056,312,0.44375,0.25,0.25,0,863,0,0,-0.00030888308538123965,1780.14208984375,1.411495566368103,0.00033235643059015274,0.0,0.3056463897228241
662,1,2.722328374238714,313,0.209375,0.0,0.25,0,119,0,0,-4.2115651012863964e-05,1245.4508056640625,1.2392938137054443,-5.249958485364914e-05,0.0,0.3892415165901184
663,1,2.1189318100441596,313,0.3275,0.25,0.25,0,375,0,0,-0.00014162638399284333,948.4026489257812,1.3774409294128418,-0.00024441693676635623,0.0,0.3193281888961792
664,1,4.510276923972924,313,0.405,0.25,0.25,0,631,0,0,5.931345367571339e-05,3349.0048828125,1.37210214138031,2.882210537791252e-05,0.0,0.3347538709640503
665,1,4.590002509186888,313,0.405,0.25,0.25,0,887,0,0,-7.932198786875233e-05,3472.806640625,1.318756341934204,2.545180541346781e-05,0.0,0.3594912886619568
666,1,2.673970333431498,314,0.246875,0.125,0.125,0,143,0,0,-0.0001281164586544037,1660.191650390625,1.2791919708251953,-6.471450433309656e-06,0.0,0.37213537096977234
667,1,0.7782976364287606,314,0.280625,0.125,0.125,0,399,0,0,-0.000357168260961771,375.5904235839844,1.3985953330993652,2.3225478798849508e-05,0.0,0.30646437406539917
668,1,1.3465362659844686,314,0.463125,0.375,0.375,0,655,0,0,-0.0005924087017774582,275.64068603515625,1.2555477619171143,0.0001277133560506627,0.0,0.3680306673049927
669,1,3.243575175813021,314,0.47875,0.375,0.375,0,911,0,0,0.0003142242203466594,2249.544189453125,1.3478349447250366,-7.207443559309468e-05,0.0,0.3342582881450653
670,1,0.2013657704301295,317,0.19125,0.0,0.0,0,95,0,0,7.329943764489144e-05,2372.14111328125,0.9808686971664429,1.3620748177345376e-05,0.0,0.5144051313400269
671,1,1.4537951810997072,317,0.4575,0.125,0.125,0,351,0,0,-0.0003488666261546314,110.20410919189453,1.2227492332458496,-4.5327626139624044e-05,0.0,0.3701624870300293
672,1,3.9008850017662553,317,0.4575,0.125,0.125,0,607,0,0,0.00035594654036685824,2265.416015625,1.454386591911316,-2.0406365365488455e-05,0.0,0.29632923007011414
673,1,4.407265119813019,317,0.459375,0.125,0.125,0,863,0,0,3.734355414053425e-05,2981.70947265625,1.3890769481658936,5.7312194257974625e-05,0.0,0.31471723318099976
674,1,0.4181778575066346,321,0.236875,0.125,0.25,0,120,0,0,-0.0001644045114517212,2825.005126953125,1.1158684492111206,-1.4128163456916809e-05,0.0,0.43368837237358093
675,1,0.9402657949103741,321,0.3875,0.25,0.5,0,376,0,0,-0.001678584492765367,110.17613220214844,1.280940055847168,0.0004043017397634685,0.0,0.3481920659542084
676,1,0.6921874066829332,321,0.52125,0.5,0.625,0,632,0,0,-0.0005315160378813744,240.96026611328125,1.1340875625610352,0.0002818554639816284,0.0,0.412902295589447
677,1,-0.1662181223873631,321,0.62,0.625,0.75,0,888,0,0,0.00014496812946163118,529.3244018554688,1.2343323230743408,0.00027911196229979396,0.0,0.3660830855369568
678,1,1.6427606347133406,322,0.23375,0.25,0.5,0,144,0,0,0.0001243849692400545,619.616943359375,1.1538331508636475,-0.00010590565943857655,0.0,0.41084903478622437
679,1,0.7710873928226647,322,0.394375,0.625,0.75,0,400,0,0,-0.0003248509019613266,188.95486450195312,1.3223903179168701,3.772198033402674e-05,0.0,0.3182021379470825
680,1,3.4473891094289684,322,0.541875,0.75,0.75,0,656,0,0,-0.00012997321027796715,2110.93798828125,1.3549660444259644,-0.00010588268924038857,0.0,0.33654558658599854
681,1,4.463489169327659,322,0.59625,0.75,0.75,0,912,0,0,-0.0004615411162376404,3182.583984375,1.3136118650436401,0.0001329905353486538,0.0,0.35914182662963867
682,1,2.295833244530513,325,0.056875,0.0,0.0,0,32,0,0,-0.00014953936624806374,2728.201171875,1.2006323337554932,0.00011595943942666054,0.0,0.3852193355560303
683,1,0.8968262057405809,325,0.446875,0.125,0.25,0,288,0,0,-0.00034696361399255693,30.213546752929688,1.1828773021697998,0.00016675812366884202,0.0,0.37562400102615356
684,1,1.1811295467305172,325,0.5225,0.25,0.25,0,544,0,0,-0.0005902198026888072,278.0631103515625,1.1381357908248901,0.0002806583361234516,0.0,0.43238529562950134
685,1,3.874293789398507,325,0.59,0.25,0.25,0,800,0,0,-0.000240192748606205,2221.4814453125,1.364443302154541,6.595471495529637e-05,0.0,0.320415198802948
686,1,0.8129529474608717,326,0.12375,0.0,0.0,0,56,0,0,-0.00013498403131961823,689.9573364257812,1.1434204578399658,0.00013094737369101495,0.0,0.41734403371810913
687,1,1.5726066772203922,326,0.22625,0.0,0.0,0,312,0,0,-0.00015198811888694763,240.79190063476562,1.3318051099777222,5.390448495745659e-05,0.0,0.32511645555496216
688,1,1.3889202270511305,326,0.3525,0.0,0.125,0,568,0,0,-0.0004682385770138353,770.0706176757812,1.3297090530395508,0.000643279287032783,0.0,0.3241247236728668
689,1,3.721634511637035,326,0.353125,0.125,0.125,0,824,0,0,0.0003451230004429817,2349.201904296875,1.367428183555603,-0.00019388987857382745,0.0,0.3220697343349457
690,1,3.6066005523562126,328,0.135,0.0,0.125,0,63,0,0,-9.188459807774052e-05,3154.72412109375,1.22858464717865,-1.2485621482483111e-05,0.0,0.41001373529434204
691,1,1.20691926334257,330,0.055,0.0,0.0,0,72,0,0,-0.00014035093772690743,1229.50537109375,1.4082655906677246,-5.195119229028933e-05,0.0,0.30857422947883606
692,1,1.4546146150823915,330,0.3025,0.375,0.25,0,328,0,0,-0.0003375209344085306,175.25340270996094,1.2421029806137085,-6.001147994538769e-05,0.0,0.3738846182823181
693,1,1.1031269960221834,331,0.295,0.0,0.125,0,185,0,0,-0.00025858794106170535,458.09857177734375,1.0458400249481201,-0.00011674144479911774,0.0,0.479789674282074
694,1,1.4075066878285725,331,0.465625,0.125,0.25,0,441,0,0,-0.00028236801153980196,393.17108154296875,1.1549638509750366,8.154878014465794e-05,0.0,0.4093279242515564
695,1,3.5968794453337978,331,0.500625,0.25,0.25,0,697,0,0,-1.0376796126365662e-05,2974.4287109375,1.3223023414611816,0.0002715212176553905,0.0,0.35896095633506775
696,1,4.967520648939171,331,0.55,0.25,0.25,0,953,0,0,-0.0001693259400781244,4150.56298828125,1.3265269994735718,4.965827611158602e-05,0.0,0.35706672072410583
697,1,1.6642432814041968,332,0.364375,0.0,0.125,0,209,0,0,-0.0026626079343259335,423.07574462890625,1.288411259651184,0.001235305331647396,0.0,0.3540176749229431
698,1,2.0714390349039604,332,0.4775,0.375,0.25,0,465,0,0,-0.0005889683961868286,565.1077880859375,1.3703327178955078,-0.0002351555449422449,0.0,0.3129534125328064
699,1,4.412335952438298,332,0.525625,0.375,0.25,0,721,0,0,-0.001550671411678195,3050.56494140625,1.3441628217697144,3.059503433178179e-05,0.0,0.33653897047042847
700,1,1.005944472621195,332,0.563125,0.5,0.5,0,977,0,0,-0.000636957585811615,514.7593994140625,1.2627811431884766,0.00043057557195425034,0.0,0.3747100830078125
701,1,1.381378721096553,333,0.293125,0.25,0.25,0,233,0,0,-0.0016391314566135406,511.8099365234375,1.1300814151763916,-0.00011091198393842205,0.0,0.43594712018966675
702,1,3.83907936983087,333,0.320625,0.25,0.25,0,489,0,0,0.00010093332821270451,2326.787109375,1.4106299877166748,0.0002641896717250347,0.0,0.3120291829109192
703,1,3.0528074622698114,333,0.37625,0.375,0.5,0,745,0,0,0.0004894101875834167,2080.4150390625,1.3406848907470703,-0.00011458279186626896,0.0,0.3356999158859253
704,1,1.4536936412696377,334,0.006875,0.0,0.0,0,1,0,0,-0.0012688057031482458,1181.52099609375,1.2790628671646118,9.878709533950314e-05,0.0,0.3593609929084778
705,1,-0.8628996549377916,335,0.219375,0.0,0.0,0,222,0,0,0.00021195164299570024,1718.30908203125,0.6925615668296814,0.0004649548791348934,0.0,0.6515355110168457
706,1,0.4676021484629018,335,0.36375,0.0,0.0,0,478,0,0,1.7726793885231018e-05,123.57560729980469,0.8596552610397339,9.422935545444489e-05,0.0,0.5412962436676025
707,1,1.192758815463094,338,0.2825,0.375,0.625,0,141,0,0,-0.00013714346277993172,2267.4140625,0.959800124168396,8.360933134099469e-05,0.0,0.49518394470214844
708,1,0.8507028177482425,338,0.4825,0.75,0.75,0,397,0,0,-0.00022452945995610207,164.46229553222656,1.1600918769836426,0.00014515765360556543,0.0,0.4117644727230072
709,1,1.7294552958774148,338,0.62375,0.75,0.75,0,653,0,0,-0.0001450420095352456,332.918212890625,1.1705036163330078,-0.00020674601546488702,0.0,0.42225489020347595
710,1,4.148656295146793,338,0.644375,0.75,0.75,0,909,0,0,-0.0001538392825750634,3169.341064453125,1.1883373260498047,7.646344602108002e-05,0.0,0.4323081374168396
711,1,1.2544531905732583,339,0.2675,0.0,0.0,0,165,0,0,-0.00017949100583791733,624.5484619140625,0.84393310546875,-0.0001066788099706173,0.0,0.588134229183197
712,1,0.8339969332791952,339,0.418125,0.0,0.0,0,421,0,0,-0.0010530011495575309,57.63702392578125,0.931268572807312,-0.0005609492654912174,0.0,0.46218520402908325
713,1,1.2288647372442938,343,0.105625,0.0,0.125,0,48,0,0,9.846936154644936e-05,2238.31005859375,1.0911396741867065,0.00014765080413781106,0.0,0.4759204387664795
714,1,1.0991043797375823,343,0.455625,0.25,0.25,0,304,0,0,-0.004705382045358419,92.4056625366211,1.2040923833847046,0.000370203226339072,0.0,0.39192843437194824
715,1,3.350743724266067,343,0.510625,0.25,0.375,0,560,0,0,-0.0004423701611813158,2408.030029296875,1.3347368240356445,0.0006744686397723854,0.0,0.3435378968715668
716,1,1.127647212746524,343,0.5625,0.375,0.375,0,816,0,0,-0.0004518972709774971,703.5628662109375,1.3507673740386963,0.00034568971022963524,0.0,0.32964301109313965
717,1,1.4144375359464902,346,0.129375,0.0,0.125,0,59,0,0,0.00019909627735614777,1754.1728515625,0.9755253791809082,-0.0008703802595846355,0.0,0.5131179094314575
718,1,1.0060003658982168,346,0.44625,0.25,0.25,0,315,0,0,-0.0026090401224792004,280.72412109375,1.381903052330017,0.0024224030785262585,0.0,0.3057975769042969
719,1,2.3204880653793225,346,0.559375,0.375,0.375,0,571,0,0,-0.000997209339402616,1284.954345703125,1.3392075300216675,0.000600591185502708,0.0,0.3403646945953369
720,1,4.880359741742723,346,0.601875,0.375,0.375,0,827,0,0,-0.0011288555106148124,3929.8505859375,1.3023393154144287,0.0003613610751926899,0.0,0.3702962100505829
721,1,2.9599365213507554,347,0.16875,0.0,0.125,0,83,0,0,-3.1385570764541626e-06,1694.526611328125,1.231358289718628,-0.0006208328413777053,0.0,0.3941887617111206
722,1,2.0710688686958747,347,0.3125,0.125,0.125,0,339,0,0,0.0007814482669346035,721.1131591796875,1.410200834274292,4.6764034777879715e-05,0.0,0.2908218801021576
723,1,2.864266721050626,348,0.194375,0.0,0.125,0,85,0,0,-0.00015447847545146942,1565.68798828125,1.341183066368103,0.00021588383242487907,0.0,0.3366754949092865
724,1,0.8985899950716885,348,0.42125,0.125,0.25,0,341,0,0,-0.0005616688868030906,275.4404296875,1.4921648502349854,0.00027613886049948633,0.0,0.26368412375450134
725,1,2.0020675949272118,348,0.495,0.25,0.25,0,597,0,0,-0.0002671827969606966,458.4471435546875,1.4330867528915405,-0.00020481445244513452,0.0,0.293393075466156
726,1,2.269744259375557,350,0.124375,0.0,0.125,0,60,0,0,-0.001191814779303968,1626.75048828125,1.268384337425232,6.0234842749196105e-06,0.0,0.37262672185897827
727,1,0.7486344845237909,351,0.371875,0.0,0.375,0,183,0,0,0.00013253527868073434,1081.627197265625,0.9530898332595825,-7.800867024343461e-05,0.0,0.5281640887260437
728,1,0.5892531094152673,351,0.5125,0.5,0.5,0,439,0,0,-0.0004395240393932909,143.81028747558594,1.2711539268493652,-0.0003118356689810753,0.0,0.3640004098415375
729,1,1.0514614226776757,351,0.540625,0.5,0.5,0,695,0,0,-0.002039575483649969,165.69207763671875,1.2335398197174072,0.0005348753184080124,0.0,0.3703719973564148
730,1,5.511438805992839,351,0.56375,0.5,0.5,0,951,0,0,0.0005539146950468421,5063.421875,1.220150351524353,-0.0004643891006708145,0.0,0.42098528146743774
731,1,2.262258212234883,352,0.294375,0.375,0.5,0,207,0,0,3.0688632250530645e-05,677.25537109375,1.190003514289856,-0.0005415828782133758,0.0,0.40187594294548035
732,1,1.1075324061287972,352,0.58375,0.5,0.625,0,463,0,0,-0.00037247160798870027,511.1660461425781,1.322214126586914,0.00027637695893645287,0.0,0.342379629611969
733,1,0.6838203838415211,352,0.71625,0.75,0.75,0,719,0,0,-0.0009186919778585434,218.01348876953125,1.2184863090515137,-0.00010028233373304829,0.0,0.3812887370586395
734,1,3.5360280977838556,352,0.72875,0.75,0.75,0,975,0,0,0.0005148543859831989,2385.28125,1.3140194416046143,-3.167738668707898e-06,0.0,0.3484509587287903
735,1,1.0795551549526863,353,0.38875,0.0,0.125,0,231,0,0,-0.00027211508131586015,246.4296875,0.8378247618675232,2.4011824280023575e-05,0.0,0.5817386507987976
736,1,1.6240540913258883,353,0.609375,0.25,0.25,0,487,0,0,1.074373722076416e-05,596.070556640625,1.2266178131103516,8.523021824657917e-05,0.0,0.3799004554748535
737,1,3.800179252108137,353,0.696875,0.25,0.25,0,743,0,0,0.00016604768461547792,2774.2041015625,1.335821509361267,-3.143073990941048e-05,0.0,0.35261663794517517
738,1,4.629338219499914,353,0.729375,0.25,0.25,0,999,0,0,-0.0001774309203028679,3555.27880859375,1.2838451862335205,7.354033641604474e-06,0.0,0.3709591329097748
739,1,-0.3669915445498191,355,0.219375,0.0,0.0,0,173,0,0,-8.598963904660195e-05,1455.215576171875,0.711093544960022,-1.631832446946646e-06,0.0,0.6738569736480713
740,1,0.8641267135681119,355,0.533125,0.25,0.25,0,429,0,0,-0.003803590312600136,141.09487915039062,1.0265858173370361,0.0007987033459357917,0.0,0.47893357276916504
741,1,2.8182071348273894,355,0.679375,0.25,0.25,0,685,0,0,-0.00031535676680505276,1505.076416015625,1.1931126117706299,-0.0009210361167788506,0.0,0.4040699005126953
742,1,3.5398654515156522,355,0.721875,0.25,0.375,0,941,0,0,-3.100031608482823e-05,3075.820068359375,1.2236813306808472,0.0005899208481423557,0.0,0.3943173885345459
743,1,0.8149962078387034,358,0.085,0.0,0.0,0,37,0,0,-0.0004390453395899385,1688.6290283203125,1.0137290954589844,-0.0006871478399261832,0.0,0.5054709315299988
744,1,1.0425412272743415,359,0.365625,0.25,0.625,0,241,0,0,-0.001385420560836792,806.2454833984375,1.063037395477295,-0.00037455870187841356,0.0,0.44760435819625854
745,1,0.9295392792434995,359,0.625625,0.625,0.75,0,497,0,0,-0.0021262194495648146,257.91162109375,1.2806199789047241,-0.0013998206704854965,0.0,0.3401429057121277
746,1,1.2780891001989403,360,0.324375,0.5,0.75,0,218,0,0,-0.002567397430539131,998.574951171875,1.2307380437850952,-7.240474224090576e-05,0.0,0.37124869227409363
747,1,1.0687431564347207,360,0.585625,0.875,1.0,0,474,0,0,-0.0005188668146729469,432.2581481933594,1.3726849555969238,0.00020514740026555955,0.0,0.33082836866378784
748,1,0.550880005281897,362,0.045625,0.0,0.0,0,20,0,0,0.00013636238873004913,1035.549560546875,1.1522672176361084,-0.0004972140304744244,0.0,0.41736406087875366
749,1,0.3724684390472248,363,0.43125,0.125,0.25,0,246,0,0,-0.00012000774586340412,731.9254150390625,0.9656214714050293,-0.00042706355452537537,0.0,0.5396648049354553
750,1,1.2023954764845257,363,0.59375,0.5,0.625,0,502,0,0,-0.00022477097809314728,177.9603271484375,1.0929757356643677,2.127264997398015e-05,0.0,0.449957937002182
751,1,2.488839864046895,363,0.683125,0.625,0.625,0,758,0,0,-0.0001651206985116005,1564.1820068359375,1.3724478483200073,1.0733027011156082e-05,0.0,0.3201228678226471
752,1,1.9012185200226668,364,0.03375,0.0,0.0,0,14,0,0,-0.00014696255675517023,1466.898681640625,1.190835952758789,9.306458377977833e-05,0.0,0.4029834270477295
753,1,1.3799924988597922,364,0.49875,0.375,0.5,0,270,0,0,-0.00015911739319562912,132.1436767578125,1.09830641746521,3.300746902823448e-05,0.0,0.4390866458415985
754,1,1.0695778899489596,364,0.6075,0.5,0.5,0,526,0,0,-0.0011073363712057471,501.3878173828125,1.312322974205017,4.565281415125355e-05,0.0,0.3515510559082031
755,1,3.4333040630153846,364,0.7125,0.5,0.5,0,782,0,0,-0.00014912865299265832,1727.6627197265625,1.3382399082183838,6.070764356991276e-05,0.0,0.33951234817504883
756,1,0.5277715799493308,365,0.08125,0.0,0.0,0,38,0,0,1.9996117771370336e-05,681.8993530273438,1.2263166904449463,-0.0002302352077094838,0.0,0.39172887802124023
757,1,0.911744493569131,365,0.391875,0.5,0.5,0,294,0,0,-0.00035215355455875397,394.59625244140625,1.2997668981552124,0.00020411906007211655,0.0,0.3644443452358246
758,1,0.31277442880673334,365,0.59625,0.5,0.875,0,550,0,0,-0.0002125166356563568,472.2276611328125,1.360992670059204,0.0002502653223928064,0.0,0.3235531747341156
759,1,0.6837909915666387,365,0.6375,0.875,0.875,0,806,0,0,-0.00040333159267902374,417.27850341796875,1.314530372619629,0.00014951561752241105,0.0,0.34326624870300293
760,1,4.0509205425478285,366,0.145,0.0,0.0,0,62,0,0,0.0001856020389823243,3313.06689453125,1.1190987825393677,0.00015805382281541824,0.0,0.46669524908065796
761,1,1.6109934310782137,366,0.49375,0.5,0.75,0,318,0,0,-0.0002508235047571361,208.96542358398438,0.988349437713623,0.0003417579864617437,0.0,0.5054953694343567
762,1,0.8920227592374204,366,0.56875,0.875,0.75,0,574,0,0,-0.0016936005558818579,302.08056640625,1.3185250759124756,-0.0007341899909079075,0.0,0.33712491393089294
763,1,0.6466358568322903,367,0.29875,0.0,0.0,0,165,0,0,-8.304293260152917e-06,200.57901000976562,1.005784273147583,0.0005858926451765001,0.0,0.5058264136314392
764,1,2.2335856006138783,367,0.5725,0.25,0.25,0,421,0,0,0.000530840246938169,550.4475708007812,1.208008050918579,9.346427395939827e-05,0.0,0.36638206243515015
765,1,2.5883272425853647,367,0.5975,0.375,0.5,0,677,0,0,0.0001956438645720482,1361.6917724609375,1.2606947422027588,-4.1525036067469046e-05,0.0,0.3779370188713074
766,1,3.4110989392320334,367,0.63375,0.5,0.5,0,933,0,0,-0.00019905126828234643,2617.1611328125,1.3316569328308105,2.627028152346611e-05,0.0,0.34871014952659607
767,1,2.540368639742155,369,0.301875,0.25,0.375,0,168,0,0,-0.00017564247536938637,1705.5018310546875,1.2338802814483643,-1.891283318400383e-05,0.0,0.38591501116752625
768,1,1.1632006071449723,369,0.555,0.625,0.75,0,424,0,0,-0.0026606619358062744,206.43853759765625,1.1486799716949463,0.00011068116873502731,0.0,0.4033837914466858
769,1,0.5991551518500273,369,0.82375,0.75,0.875,0,680,0,0,-0.0006055939011275768,180.43885803222656,1.2518725395202637,0.0008161081932485104,0.0,0.3704185485839844
770,1,2.6099335477896375,369,0.831875,0.875,0.875,0,936,0,0,0.0018959713634103537,1207.1092529296875,1.4202821254730225,-0.0015405758749693632,0.0,0.2984153628349304
771,1,2.150033088750206,371,0.331875,0.25,0.5,0,167,0,0,-0.0005003834958188236,1015.4365844726562,1.0976145267486572,0.000489618512801826,0.0,0.4589858949184418
772,1,0.8996495541550757,371,0.6225,0.5,0.625,0,423,0,0,-0.002068090718239546,48.44239807128906,1.1781187057495117,-0.001227661268785596,0.0,0.41956496238708496
773,1,1.7838864813165856,371,0.68625,0.625,0.625,0,679,0,0,0.0019956682808697224,588.85693359375,1.493233561515808,5.533515286515467e-05,0.0,0.2638159990310669
774,1,1.5543873788119527,371,0.74,0.75,0.75,0,935,0,0,5.641385723720305e-05,617.88671875,1.4820407629013062,-0.00046414913958869874,0.0,0.2652907967567444
775,1,0.6709734364449105,374,0.00875,0.0,0.0,0,3,0,0,-9.23648476600647e-05,1991.112548828125,1.0389307737350464,5.000891906092875e-05,0.0,0.48224520683288574
776,1,0.5975552612071624,374,0.386875,0.25,0.25,0,259,0,0,-0.00034872692776843905,206.71090698242188,1.2737536430358887,5.9797584981424734e-05,0.0,0.37013983726501465
777,1,1.1739440353885584,374,0.604375,0.375,0.625,0,515,0,0,-0.0005915366928093135,166.23495483398438,1.0693495273590088,-0.0002867528237402439,0.0,0.4569717347621918
778,1,0.25203086984038237,374,0.663125,0.625,0.625,0,771,0,0,-0.00018010102212429047,406.2687683105469,1.34115731716156,-0.0003708694130182266,0.0,0.3258717954158783
779,1,2.51927768934911,376,0.00875,0.0,0.0,0,3,0,0,-0.00021256165928207338,2051.667724609375,1.2854903936386108,-0.00040697958320379257,0.0,0.360972136259079
780,1,1.4105120331842045,376,0.286875,0.375,0.375,0,259,0,0,-0.0006254526670090854,211.064453125,1.1822971105575562,0.00042913094512186944,0.0,0.4052121639251709
781,1,1.5600711581632822,376,0.425625,0.375,0.625,0,515,0,0,-0.0026198062114417553,203.68283081054688,1.5270991325378418,0.000880021252669394,0.0,0.25418293476104736
782,1,1.775820061633567,376,0.5125,0.625,0.625,0,771,0,0,-0.0015188012039288878,908.8497314453125,1.4243210554122925,-0.000281287357211113,0.0,0.2922082543373108
783,1,4.2012393621917,377,0.06375,0.0,0.125,0,27,0,0,8.344215893885121e-05,2645.17041015625,1.3854351043701172,-0.0005804873071610928,0.0,0.3274579644203186
784,1,1.3668138483080838,377,0.490625,0.375,0.5,0,283,0,0,-0.0004911950672976673,88.13240814208984,1.1137065887451172,-8.258006710093468e-05,0.0,0.40809616446495056
785,1,0.5680475188701166,377,0.68125,0.5,0.625,0,539,0,0,-0.0006517175352200866,97.71107482910156,1.2927968502044678,0.0002164749166695401,0.0,0.3534553050994873
786,1,0.5376291720749578,377,0.825,0.625,0.75,0,795,0,0,0.00020647607743740082,109.82786560058594,1.2685012817382812,0.0003411820507608354,0.0,0.3570774495601654
787,1,1.254046027403092,379,0.06375,0.0,0.125,0,27,0,0,-0.00016625411808490753,1048.4345703125,1.1614983081817627,-6.381919229170308e-05,0.0,0.42208564281463623
788,1,1.8608429223263556,379,0.444375,0.25,0.25,0,283,0,0,-0.0006730802124366164,289.1088562011719,1.2456002235412598,0.0004388163797557354,0.0,0.3527866005897522
789,1,2.9139909602718035,379,0.450625,0.25,0.25,0,539,0,0,-0.00021500606089830399,1148.181884765625,1.4409555196762085,0.0001494545431341976,0.0,0.28290510177612305
790,1,2.277547917653237,379,0.59875,0.75,1.0,0,795,0,0,-9.150803089141846e-05,568.7550048828125,1.3531945943832397,-4.753206667373888e-05,0.0,0.32415449619293213
791,1,1.5507443347960361,380,0.291875,0.0,0.5,0,144,0,0,-0.0006843268638476729,280.9375,1.0372430086135864,0.00017784272495191544,0.0,0.4755891263484955
792,1,0.33296979939041194,381,0.335625,0.125,0.375,0,238,0,0,-0.00039431359618902206,1083.174560546875,1.0055968761444092,0.0001901680079754442,0.0,0.5055282115936279
793,1,1.3955207102417262,381,0.643125,0.5,0.625,0,494,0,0,-0.0004898930783383548,117.65613555908203,1.0863994359970093,0.00010889233089983463,0.0,0.43539103865623474
794,1,0.7149829838658661,381,0.85625,0.75,0.75,0,750,0,0,-0.0003648416022770107,174.18438720703125,1.3225905895233154,2.945610322058201e-05,0.0,0.34087103605270386
795,1,2.276423649493836,382,0.1225,0.0,0.125,0,56,0,0,-0.0002244049683213234,1418.1214599609375,1.2933547496795654,0.0002838253858499229,0.0,0.3589233160018921
796,1,0.646446661774462,382,0.371875,0.125,0.25,0,312,0,0,-0.00012890188372693956,147.12660217285156,1.4254939556121826,-4.3339718104107305e-05,0.0,0.29395991563796997
797,1,1.197686094799792,382,0.685625,0.25,0.5,0,568,0,0,-0.0005020573735237122,25.120115280151367,1.0154918432235718,0.0002600817824713886,0.0,0.4548976421356201
798,1,0.8062145031581167,382,0.744375,0.5,0.5,0,824,0,0,-0.00024948641657829285,187.11285400390625,1.2093632221221924,0.00020099757239222527,0.0,0.39752882719039917
799,1,3.484615189670876,384,0.074375,0.0,0.0,0,36,0,0,0.0003036220441572368,3176.18603515625,1.1424015760421753,0.00015443935990333557,0.0,0.45763397216796875
800,1,1.1500197925342945,384,0.523125,0.25,0.5,0,292,0,0,-0.0010844854405149817,321.8889465332031,0.937738835811615,0.0005475435173138976,0.0,0.5303311347961426
801,1,0.7260705943044741,385,0.23375,0.0,0.125,0,206,0,0,-0.0002458046074025333,770.3038330078125,1.3131721019744873,0.00039025768637657166,0.0,0.3453747034072876
802,1,1.4595215786375775,385,0.483125,0.5,0.625,0,462,0,0,-7.596425712108612e-05,187.962158203125,1.2557470798492432,-9.537930600345135e-05,0.0,0.3588643968105316
803,1,2.204241243753586,385,0.595,0.75,0.75,0,718,0,0,7.287351036211476e-05,712.6389770507812,1.3618965148925781,4.936879122396931e-05,0.0,0.326517790555954
804,1,0.8550078550306353,385,0.725,0.875,0.875,0,974,0,0,-0.00022605496633332223,352.656005859375,1.2740023136138916,1.3700066119781695e-05,0.0,0.36787208914756775
805,1,1.5632568454893772,386,0.369375,0.0,0.25,0,230,0,0,-0.002875160425901413,329.6601257324219,1.1432297229766846,0.0011964618461206555,0.0,0.42442402243614197
806,1,1.6918962168977032,386,0.64625,0.5,0.5,0,486,0,0,-0.0003451189841143787,199.97308349609375,1.2633641958236694,0.0023023143876343966,0.0,0.3411707282066345
807,1,2.794068245064409,386,0.725,0.5,0.5,0,742,0,0,0.00044172536581754684,1146.0245361328125,1.4616892337799072,-0.0021730358712375164,0.0,0.2869575619697571
808,1,4.502490537473932,386,0.7275,0.5,0.5,0,998,0,0,-0.001332184299826622,3112.083984375,1.3257843255996704,0.0006557763554155827,0.0,0.3508595824241638
809,1,1.4795823996246327,388,0.2975,0.25,0.375,0,179,0,0,-0.0014433041214942932,1113.4154052734375,0.9254199862480164,-0.0003632848965935409,0.0,0.5296311378479004
810,1,1.83384019467303,388,0.413125,0.5,0.375,0,435,0,0,0.0002548139018472284,490.3697204589844,1.4119088649749756,-0.00022666265431325883,0.0,0.3054930567741394
811,1,3.63519290075601,388,0.429375,0.5,0.5,0,691,0,0,4.680889469454996e-05,1857.9649658203125,1.5006773471832275,8.61732623889111e-05,0.0,0.27005383372306824
812,1,3.740280218150474,388,0.429375,0.5,0.5,0,947,0,0,-0.00010596433276077732,2097.9091796875,1.4351547956466675,-0.00019865017384290695,0.0,0.30478158593177795
813,1,1.7254784364195075,389,0.381875,0.25,0.375,0,203,0,0,-0.00020582291472237557,479.634765625,1.069527506828308,-2.4344384655705653e-05,0.0,0.4757199287414551
814,1,1.0091972811496817,389,0.513125,0.5,0.5,0,459,0,0,-0.0015061398735269904,112.30528259277344,1.2282171249389648,0.0008512997883372009,0.0,0.36943840980529785
815,1,2.3512371526448987,389,0.661875,0.625,0.625,0,715,0,0,0.0004518547502811998,939.9271240234375,1.3534541130065918,-5.047302693128586e-05,0.0,0.3232842981815338
816,1,3.524113915064845,389,0.681875,0.625,0.625,0,971,0,0,-0.001060522859916091,2196.36865234375,1.3428800106048584,-0.00032315979478880763,0.0,0.3428055942058563
817,1,0.17112653576623416,391,0.27,0.0,0.0,0,193,0,0,-0.00016219510871451348,1227.7353515625,0.7581879496574402,-0.00010631963232299313,0.0,0.6328035593032837
818,1,1.728709920666006,391,0.548125,0.25,0.25,0,449,0,0,0.00011433723557274789,327.0169677734375,1.041844367980957,0.00022415290004573762,0.0,0.4336743950843811
819,1,3.632414805346343,391,0.5875,0.25,0.25,0,705,0,0,-0.0005396027117967606,2087.00634765625,1.453022837638855,5.3059931815369055e-05,0.0,0.29269278049468994
820,1,1.6265587356374454,391,0.66875,0.25,0.5,0,961,0,0,-0.0005221007158979774,770.5234985351562,1.261953592300415,0.00019035939476452768,0.0,0.3463798463344574
821,1,0.46046379402605453,392,0.27125,0.0,0.0,0,217,0,0,-1.5386691302410327e-05,555.3853149414062,0.9164716005325317,-0.00019155009067617357,0.0,0.5349306464195251
822,1,1.4649942262722107,392,0.484375,0.125,0.125,0,473,0,0,-0.0001453490403946489,302.04705810546875,1.1919093132019043,-2.7732614398701116e-05,0.0,0.38959652185440063
823,1,0.5638180034075049,392,0.62,0.25,0.25,0,729,0,0,-0.0002229611127404496,270.9339599609375,1.2658977508544922,8.604582399129868e-05,0.0,0.35677120089530945
824,1,2.0194026559565827,392,0.81125,0.375,0.375,0,985,0,0,-0.0007663406431674957,1292.592529296875,1.2908004522323608,0.00018564658239483833,0.0,0.3727491796016693
825,1,1.3931633866886841,393,0.41375,0.375,0.5,0,241,0,0,-0.001517000375315547,631.733154296875,1.1936352252960205,2.1406294763437472e-05,0.0,0.40382760763168335
826,1,0.7818376105951756,393,0.585625,0.625,0.625,0,497,0,0,-0.00019289119518361986,232.50357055664062,1.3317022323608398,-0.0004425988008733839,0.0,0.3513528108596802
827,1,2.6997562624783313,393,0.59,0.625,0.625,0,753,0,0,0.000763240153901279,1403.5809326171875,1.4192146062850952,-0.0008080389234237373,0.0,0.3001989722251892
828,1,3.745164468416988,394,0.02,0.0,0.0,0,9,0,0,-0.0002645642380230129,2501.525390625,1.3729133605957031,0.0006189071573317051,0.0,0.33213353157043457
829,1,1.6106626250912086,394,0.454375,0.125,0.375,0,265,0,0,-0.0005259601166471839,171.61720275878906,1.0541962385177612,4.099837315152399e-05,0.0,0.45595869421958923
830,1,3.062118964287947,394,0.50625,0.375,0.375,0,521,0,0,6.516340363305062e-05,1587.3414306640625,1.4130406379699707,-0.00018017887487076223,0.0,0.29153382778167725
831,1,3.9260775218717754,394,0.613125,0.375,0.375,0,777,0,0,1.1019408702850342e-05,2308.55322265625,1.3993772268295288,5.298030373523943e-05,0.0,0.3048834502696991
832,1,3.6895066765027877,395,0.085625,0.0,0.0,0,33,0,0,-3.13899181492161e-05,2234.601806640625,1.2375677824020386,-1.7723068594932556e-06,0.0,0.39903518557548523
833,1,0.09565755382936914,395,0.28125,0.0,0.0,0,289,0,0,-4.6594999730587006e-05,252.999755859375,0.7092494964599609,-2.1974090486764908e-05,0.0,0.6728402972221375
834,1,0.5610974635346793,395,0.40125,0.0,0.0,0,545,0,0,-0.0002613778633531183,94.23828125,0.8849884867668152,-9.773842612048611e-05,0.0,0.5176042914390564
835,1,3.467274287428154,395,0.453125,0.0,0.0,0,801,0,0,-0.00021070832735858858,2187.756103515625,1.2740790843963623,-0.00012537403381429613,0.0,0.3552616536617279
836,1,3.6323267433181172,396,0.115625,0.0,0.0,0,57,0,0,-0.0003174546582158655,2030.9891357421875,1.172123908996582,-0.00016626452270429581,0.0,0.442584753036499
837,1,1.3058190779120196,396,0.401875,0.125,0.125,0,313,0,0,-0.0006317514926195145,111.17469024658203,1.1830785274505615,-0.00023834570311009884,0.0,0.39544355869293213
838,1,1.9531772406171513,396,0.494375,0.25,0.25,0,569,0,0,-0.0007632113993167877,536.7239990234375,1.5096019506454468,0.0009890906512737274,0.0,0.2693660259246826
839,1,3.841261215583245,396,0.5175,0.25,0.375,0,825,0,0,-0.0003775395452976227,2333.82568359375,1.4136598110198975,0.00025969528360292315,0.0,0.3048986792564392
840,1,0.8690517579052539,398,0.3625,0.125,0.125,0,200,0,0,-0.00033434233046136796,1384.280517578125,1.0481200218200684,4.472692307899706e-05,0.0,0.47384414076805115
841,1,2.4264660810949863,398,0.45,0.125,0.125,0,456,0,0,-0.00036687342799268663,738.5850830078125,1.3732540607452393,6.184882658999413e-05,0.0,0.2990509271621704
842,1,1.998112363718974,398,0.500625,0.25,0.25,0,712,0,0,-0.0003738558734767139,804.7032470703125,1.4085578918457031,0.0003096435102634132,0.0,0.3037770390510559
843,1,4.70781961197099,398,0.500625,0.25,0.25,0,968,0,0,6.730140739819035e-05,3442.45263671875,1.357872486114502,0.0004683689621742815,0.0,0.3409072160720825
844,1,2.5468692713002383,399,0.303125,0.375,0.625,0,224,0,0,-0.00013531807053368539,642.8494262695312,1.3366864919662476,-2.5129567802650854e-05,0.0,0.3318336606025696
845,1,1.238036736547656,399,0.64375,0.75,0.875,0,480,0,0,-0.000861169770359993,110.23416137695312,1.1154685020446777,1.768736836993412e-07,0.0,0.4299277663230896
846,1,1.308664154214057,400,0.221875,0.0,0.375,0,95,0,0,-0.0021399862598627806,658.2562255859375,1.126025676727295,0.00017113254580181092,0.0,0.4476238489151001
847,1,0.8380659551912686,400,0.36375,0.375,0.375,0,351,0,0,-0.0007386015495285392,220.58572387695312,1.3163917064666748,0.0005402597598731518,0.0,0.33834850788116455
848,1,0.7144667684769956,401,0.485,0.0,0.375,0,254,0,0,-0.0006068001384846866,356.169677734375,0.8327784538269043,0.0003046031924895942,0.0,0.550970196723938
849,1,1.7706813337536005,402,0.098125,0.0,0.125,0,56,0,0,0.0003800392150878906,745.5217895507812,1.2757574319839478,-0.0003117003361694515,0.0,0.35613903403282166
850,1,1.3045329122019211,402,0.39625,0.25,0.625,0,312,0,0,-0.0013446336379274726,169.38909912109375,1.274404764175415,0.00029778340831398964,0.0,0.33267340064048767
851,1,1.9998453494918067,402,0.508125,0.625,0.625,0,568,0,0,-0.0007667454774491489,588.8411865234375,1.34392249584198,0.001593408058397472,0.0,0.3200961947441101
852,1,3.7903904424565553,402,0.53375,0.625,0.625,0,824,0,0,0.00042561691952869296,2111.33349609375,1.4652055501937866,0.00014897824439685792,0.0,0.2774427831172943
853,1,3.680887130089104,403,0.118125,0.0,0.0,0,80,0,0,0.00025761377764865756,2408.396728515625,1.3463319540023804,-8.874309423845261e-05,0.0,0.3523927330970764
854,1,0.891823277775984,403,0.41125,0.125,0.125,0,336,0,0,-0.00044292089296504855,148.9490966796875,1.2863292694091797,0.0001992305478779599,0.0,0.34402745962142944
855,1,1.3942487331732991,403,0.53125,0.25,0.25,0,592,0,0,-0.0006215476314537227,405.50640869140625,1.401702642440796,-7.968861609697342e-06,0.0,0.296056866645813
856,1,1.8382094099069946,403,0.71,0.625,0.75,0,848,0,0,-0.0008269883692264557,482.3759765625,1.2819347381591797,-8.900681132217869e-05,0.0,0.3419061303138733
857,1,2.4972268591664033,404,0.220625,0.125,0.125,0,104,0,0,-0.00013720057904720306,798.8038330078125,1.320948839187622,0.00013997452333569527,0.0,0.3300497531890869
858,1,2.300657008800954,404,0.27875,0.125,0.125,0,360,0,0,-0.0008894143393263221,498.3050537109375,1.486072063446045,-0.00042037953971885145,0.0,0.2672661542892456
859,1,0.7164639724187509,404,0.391875,0.25,0.25,0,616,0,0,-0.0005144709721207619,271.7358703613281,1.3121899366378784,-0.00014686080976389349,0.0,0.34486767649650574
860,1,1.2336122112392331,404,0.391875,0.25,0.25,0,872,0,0,-0.0007863737409934402,373.5373840332031,1.3988326787948608,0.000754066277295351,0.0,0.32134097814559937
861,1,2.0465991462860984,405,0.203125,0.125,0.125,0,128,0,0,-0.0008198830182664096,1025.55712890625,1.3733994960784912,0.00015364137652795762,0.0,0.3230820298194885
862,1,1.0838589724598933,405,0.29375,0.125,0.125,0,384,0,0,-0.004041432403028011,22.419673919677734,1.5580514669418335,0.002519944217056036,0.0,0.2358759641647339
863,1,2.3660867715867653,405,0.54125,0.125,0.125,0,640,0,0,-0.0033843680284917355,549.5902709960938,1.258744716644287,0.0015882139559835196,0.0,0.3765987157821655
864,1,2.9615371304789733,406,0.17875,0.0,0.25,0,97,0,0,-0.0013522505760192871,1811.87353515625,1.1669219732284546,0.00024247154942713678,0.0,0.42666634917259216
865,1,0.8737225964250683,406,0.415625,0.5,0.375,0,353,0,0,-0.0017020752420648932,160.82785034179688,1.3224260807037354,0.0016310557257384062,0.0,0.33441948890686035
866,1,1.213382814778015,406,0.723125,0.875,0.75,0,609,0,0,-0.0006716437637805939,289.028076171875,1.148040771484375,-0.0003485911001916975,0.0,0.4082505702972412
867,1,3.56729656360676,406,0.785625,0.875,0.75,0,865,0,0,0.0009325272403657436,2112.02197265625,1.2974269390106201,0.00038248085184022784,0.0,0.3721812665462494
868,1,0.7532098191477417,407,0.211875,0.0,0.0,0,121,0,0,0.00010341033339500427,441.3737487792969,0.9815100431442261,-0.0002921784180216491,0.0,0.5319277048110962
869,1,0.4771081108774524,407,0.33625,0.0,0.0,0,377,0,0,-0.0003610787389334291,87.53087615966797,0.8905758857727051,0.0002085071464534849,0.0,0.5274369120597839
870,1,0.7315918660879106,408,0.311875,0.125,0.25,0,211,0,0,-1.5748044461361133e-05,765.6412963867188,1.2666095495224,-0.00020532868802547455,0.0,0.37456580996513367
871,1,1.1054733157725423,408,0.59,0.625,0.625,0,467,0,0,-0.011354963295161724,310.6212158203125,1.137725591659546,0.009166366420686245,0.1002604216337204,0.4302700161933899
872,1,0.26053437582595507,408,0.720625,0.75,0.625,0,723,0,0,-0.0029991555493324995,436.90142822265625,1.4416797161102295,0.005894571542739868,0.0416666679084301,0.28843069076538086
873,1,1.3794746441508323,408,0.76125,0.75,0.625,0,979,0,0,-0.001418143860064447,302.51849365234375,1.4242628812789917,0.0004903604276478291,0.0,0.3051794469356537
874,1,2.1854383376448823,409,0.153125,0.125,0.125,0,235,0,0,0.00015228366828523576,615.654541015625,1.377171277999878,8.230687672039494e-05,0.0,0.3276928663253784
875,1,2.720608788662844,409,0.15625,0.125,0.125,0,491,0,0,0.001079438254237175,760.8480834960938,1.5322256088256836,-0.0004387497901916504,0.0,0.24412652850151062
876,1,2.019706896982825,409,0.301875,0.375,0.375,0,747,0,0,6.19860365986824e-05,647.3804931640625,1.430945873260498,0.0001428521645721048,0.0,0.2919987142086029
877,1,2.2146547488528086,410,0.260625,0.0,0.0,0,119,0,0,-0.0004429575055837631,1009.1632080078125,1.1730875968933105,6.194614979904145e-05,0.0,0.43361496925354004
878,1,1.1644959516488598,410,0.419375,0.25,0.125,0,375,0,0,-0.0013243717839941382,171.2668914794922,1.3575799465179443,-0.00035807033418677747,0.0,0.3145359456539154
879,1,2.480731180137809,410,0.426875,0.25,0.25,0,631,0,0,-0.002295529469847679,784.90234375,1.555397391319275,0.0014764278894290328,0.0,0.2518634796142578
880,1,2.4212844416615553,410,0.426875,0.25,0.25,0,887,0,0,-0.0008530853083357215,648.2117919921875,1.5263190269470215,0.0001518408244010061,0.0,0.26147252321243286
881,1,1.1423534022978856,411,0.156875,0.25,0.25,0,143,0,0,0.00019249941396992654,519.3063354492188,1.4085266590118408,-0.00023016845807433128,0.0,0.31040844321250916
882,1,-0.5785449224640615,411,0.1875,0.25,0.25,0,399,0,0,3.2288335205521435e-05,692.716552734375,1.5551040172576904,-2.749885197772528e-06,0.0,0.24110189080238342
883,1,0.8904847663361579,411,0.29,0.375,0.375,0,655,0,0,-0.0014414414763450623,208.0306854248047,1.219081163406372,0.000697928189765662,0.0,0.388668030500412
884,1,0.6429459537794173,412,0.216875,0.125,0.125,0,167,0,0,0.00041414675069972873,692.900390625,1.3543380498886108,-0.0008498921524733305,0.0,0.3188631534576416
885,1,1.953728687883995,412,0.254375,0.125,0.125,0,423,0,0,-0.00012771475303452462,382.83099365234375,1.4387091398239136,-0.00011712926061591133,0.0,0.2799795866012573
886,1,3.3706734544093706,412,0.254375,0.125,0.125,0,679,0,0,-3.6600977182388306e-05,1385.374267578125,1.471759557723999,0.00014712165284436196,0.0,0.27513429522514343
887,1,3.8654400745012936,412,0.265625,0.125,0.125,0,935,0,0,-0.00047153918421827257,2250.85498046875,1.469590187072754,0.000135655835038051,0.0,0.28922662138938904
888,1,2.1234670847916277,414,0.268125,0.0,0.25,0,140,0,0,-0.0009793136268854141,1447.38720703125,1.2611770629882812,8.232736945501529e-06,0.0,0.3768204152584076
889,1,1.4593817887071054,414,0.46625,0.375,0.25,0,396,0,0,-0.000581866770517081,97.03623962402344,1.0139793157577515,0.0003075783606618643,0.0,0.4464815557003021
890,1,2.173085425485624,414,0.500625,0.375,0.25,0,652,0,0,-0.000275751284789294,464.6943664550781,1.4567254781723022,0.00012666112161241472,0.0,0.27920281887054443
891,1,2.821088029499151,415,0.28375,0.125,0.625,0,127,0,0,7.536386692663655e-05,1332.4647216796875,1.2030022144317627,0.00035924388794228435,0.0,0.40837448835372925
892,1,1.9797962397205993,415,0.3225,0.625,0.625,0,383,0,0,-0.00020486365247052163,348.86993408203125,1.4390652179718018,-0.00011221195745747536,0.0,0.2902671992778778
893,1,3.1795464365732187,415,0.3225,0.625,0.625,0,639,0,0,-0.00038375830627046525,1223.10107421875,1.5213422775268555,-6.199519702931866e-05,0.0,0.2559853792190552
894,1,1.4548859949923099,417,0.23875,0.125,0.25,0,168,0,0,-0.0009372718632221222,1375.90576171875,1.3370511531829834,-3.5705357731785625e-05,0.0,0.3345178961753845
895,1,1.9955564483377657,417,0.284375,0.25,0.25,0,424,0,0,-0.0004852724669035524,416.38873291015625,1.5207656621932983,0.0001674754748819396,0.0,0.2547036111354828
896,1,0.6458916296323878,417,0.31875,0.25,0.375,0,680,0,0,-2.7117319405078888e-05,184.20797729492188,1.469679832458496,7.761487722746097e-06,0.0,0.2809022068977356
897,1,3.060137834598777,417,0.343125,0.375,0.375,0,936,0,0,-0.00020474009215831757,1452.452880859375,1.3751615285873413,7.0949708970147185e-06,0.0,0.31869053840637207
898,1,2.7304784009293144,418,0.19,0.0,0.0,0,192,0,0,-0.00015419225383084267,890.4608154296875,1.3885130882263184,-1.7990823835134506e-05,0.0,0.33172476291656494
899,1,1.5340702998724964,418,0.275625,0.0,0.0,0,448,0,0,-0.0008442749967798591,142.16647338867188,1.4405694007873535,0.00013237501843832433,0.0,0.2822975218296051
900,1,1.6671283509749628,418,0.335625,0.125,0.125,0,704,0,0,-0.0011332184076309204,584.711669921875,1.40536630153656,9.454709652345628e-05,0.0,0.2976112365722656
901,1,3.185542768027517,418,0.345625,0.125,0.125,0,960,0,0,-0.0015154475113376975,1352.8687744140625,1.4884488582611084,0.00030339634395204484,0.0,0.27546513080596924
902,1,1.543839903971275,421,0.284375,0.125,0.25,0,145,0,0,0.00019152555614709854,1401.676513671875,1.117722988128662,8.944111868913751e-06,0.0,0.4447724223136902
903,1,1.563607270403736,421,0.378125,0.375,0.375,0,401,0,0,-0.0003421964938752353,190.31399536132812,1.25419020652771,-0.0002678522723726928,0.0,0.3794803023338318
904,1,2.765028500569315,421,0.37875,0.375,0.375,0,657,0,0,-0.0008355879108421504,819.323486328125,1.5604603290557861,0.000285660004010424,0.0,0.24600957334041595
905,1,1.466060402968651,421,0.434375,0.5,0.5,0,913,0,0,-0.0013400798197835684,588.31396484375,1.4292755126953125,0.00011514779180288315,0.0,0.2895611822605133
906,1,1.9653322694503004,422,0.235,0.125,0.125,0,169,0,0,-0.0010895946761593223,1112.6634521484375,1.317223072052002,-0.000364714243914932,0.0,0.35618922114372253
907,1,2.155401881368789,422,0.360625,0.125,0.125,0,425,0,0,-0.0010996315395459533,584.9771118164062,1.3260596990585327,-4.934348908136599e-05,0.0,0.3290303647518158
908,1,3.6097616239640047,422,0.3775,0.125,0.125,0,681,0,0,-0.0018275287002325058,1718.764404296875,1.5200380086898804,-0.00011769527191063389,0.0,0.2640830874443054
909,1,2.4889009036050993,423,0.15875,0.0,0.0,0,87,0,0,-0.00039588319486938417,1789.73876953125,1.214274287223816,-0.00013823357585351914,0.0,0.4141373634338379
910,1,0.5016305858589476,423,0.29875,0.0,0.0,0,343,0,0,-0.00011815549805760384,135.41714477539062,0.8579921722412109,7.169399032136425e-05,0.0,0.5365990400314331
911,1,1.0703170080996642,423,0.46,0.375,0.375,0,599,0,0,-0.0029659399297088385,222.25335693359375,1.2369801998138428,0.0008224897319450974,0.0,0.37288904190063477
912,1,4.000019501085262,423,0.52,0.375,0.375,0,855,0,0,-0.002165227197110653,2789.0048828125,1.364146113395691,0.001291956752538681,0.0,0.3300856351852417
913,1,3.0196677922467643,425,0.160625,0.0,0.25,0,64,0,0,0.0004898170009255409,2527.74072265625,1.1934113502502441,0.0006857704138383269,0.0,0.4167052209377289
914,1,1.4478686328948243,425,0.279375,0.375,0.375,0,320,0,0,-0.0003022623131982982,155.06317138671875,1.2762773036956787,0.0012429988710209727,0.0,0.3645835816860199
915,1,2.207615908429034,425,0.45125,0.75,0.75,0,576,0,0,-0.0003629240090958774,620.0355834960938,1.3003668785095215,0.0008671372197568417,0.0,0.35357892513275146
916,1,2.2071766150766052,425,0.465,0.75,0.75,0,832,0,0,-5.115382373332977e-05,534.1522827148438,1.4337623119354248,0.0005543478764593601,0.0,0.28258273005485535
917,1,1.9693432299827691,426,0.124375,0.0,0.0,0,88,0,0,-0.0006729516899213195,834.2708740234375,1.182319164276123,-0.0002771058934740722,0.0,0.4297443628311157
918,1,0.07493636783328839,426,0.25375,0.0,0.0,0,344,0,0,-0.0002581166918389499,331.44427490234375,0.9173170328140259,-4.1637569665908813e-05,0.0,0.5198677778244019
919,1,1.0391763698135037,427,0.17375,0.125,0.125,0,77,0,0,-0.0003015461261384189,804.44287109375,1.1295522451400757,0.000250047305598855,0.0,0.38588279485702515
920,1,0.818955070040829,427,0.2125,0.125,0.125,0,333,0,0,-0.0001222081482410431,283.2811279296875,1.1685457229614258,-1.4670038581243716e-05,0.0,0.4253619611263275
921,1,1.0390672272769734,429,0.250625,0.125,0.375,0,148,0,0,-7.66121520427987e-05,1269.233154296875,1.0593221187591553,1.00722536444664e-05,0.0,0.4791904091835022
922,1,2.4141937322419835,429,0.345625,0.375,0.375,0,404,0,0,-4.6570785343647e-05,1164.459228515625,1.3760923147201538,5.324968878994696e-05,0.0,0.31601616740226746
923,1,1.6921854117631483,430,0.3325,0.0,0.25,0,188,0,0,-0.0009492937242612243,634.2490844726562,0.9874462485313416,0.00035697128623723984,0.0,0.4834371507167816
924,1,1.5992095770016022,430,0.366875,0.375,0.375,0,444,0,0,-0.0001903139054775238,353.5815124511719,1.499610185623169,-0.0003398749977350235,0.0,0.26732999086380005
925,1,1.5399755606704275,430,0.40125,0.375,0.375,0,700,0,0,-0.0007071639411151409,258.1395263671875,1.4951823949813843,0.0007293373346328735,0.0,0.2671809792518616
926,1,1.447568940498968,430,0.500625,0.75,0.75,0,956,0,0,-0.0003571833367459476,349.91241455078125,1.214697241783142,0.00016799166041892022,0.0,0.37605151534080505
927,1,1.18643143929512,433,0.17,0.25,0.25,0,135,0,0,-8.483231067657471e-05,1727.236083984375,1.2162120342254639,0.0002447708393447101,0.0,0.400064080953598
928,1,0.8355730229231995,434,0.284375,0.125,0.125,0,216,0,0,5.267995220492594e-05,745.919677734375,1.0118328332901,-0.0001373396662529558,0.0,0.49227017164230347
929,1,2.266039122188886,434,0.35375,0.125,0.125,0,472,0,0,-8.241956675192341e-05,451.1208801269531,1.3118979930877686,2.37366184592247e-05,0.0,0.32315173745155334
930,1,3.5905339423588885,435,0.10125,0.0,0.0,0,45,0,0,-1.194638571178075e-05,2319.521484375,1.3886377811431885,-6.398528057616204e-05,0.0,0.32359588146209717
931,1,1.7856929615081754,435,0.36125,0.5,0.5,0,301,0,0,-0.0003507118672132492,368.87371826171875,1.1867055892944336,9.264533582609147e-05,0.0,0.40019354224205017
932,1,3.588805120125471,435,0.37375,0.5,0.5,0,557,0,0,-0.0004033402947243303,1687.8216552734375,1.4897184371948242,-0.00017357990145683289,0.0,0.27456164360046387
933,1,3.680755246663466,435,0.37375,0.5,0.5,0,813,0,0,-0.00028882798505946994,1867.362060546875,1.4345831871032715,3.9312679291469976e-05,0.0,0.29937440156936646
934,1,2.5383335629448993,436,0.1425,0.0,0.0,0,69,0,0,-9.475043043494225e-05,1391.837646484375,1.218790888786316,3.62273640348576e-05,0.0,0.4069077968597412
935,1,0.8480064127797959,436,0.544375,0.125,0.25,0,325,0,0,-0.0005116208340041339,87.65008544921875,0.975735068321228,-0.00016233061614912003,0.0,0.49834007024765015
936,1,1.7428820404456928,436,0.621875,0.25,0.5,0,581,0,0,-7.030212873360142e-05,258.5480041503906,1.1244391202926636,7.428508251905441e-05,0.0,0.421667218208313
937,1,1.4130243120280284,436,0.63625,0.5,0.5,0,837,0,0,-0.0001687180920271203,928.5238647460938,1.3349956274032593,-0.0002094834781019017,0.0,0.33373889327049255
938,1,3.354358927019348,438,0.178125,0.0,0.125,0,84,0,0,-6.463378667831421e-07,2582.587890625,1.1514101028442383,2.8001300961477682e-05,0.0,0.443398654460907
939,1,1.9733328582588001,438,0.315,0.375,0.375,0,340,0,0,-0.00022377571440301836,372.4185791015625,1.3318934440612793,1.1151346370752435e-05,0.0,0.33713746070861816
940,1,1.9877578762207122,439,0.160625,0.125,0.125,0,170,0,0,-0.000566260889172554,1128.7071533203125,1.2909021377563477,-0.0004358934238553047,0.0,0.3570457696914673
941,1,3.3886462619207123,439,0.160625,0.125,0.125,0,426,0,0,-0.0006167059764266014,1550.9556884765625,1.419622778892517,-4.2484141886234283e-05,0.0,0.3038956820964813
942,1,4.351328488843137,439,0.161875,0.125,0.125,0,682,0,0,-0.0005618029972538352,2809.237548828125,1.4299657344818115,-0.00014789248234592378,0.0,0.30761754512786865
943,1,1.1376317277063208,440,0.274375,0.0,0.0,0,225,0,0,-0.00036625255597755313,522.848876953125,0.9400028586387634,-7.170315075200051e-05,0.0,0.5107227563858032
944,1,2.4956897981319344,440,0.29125,0.0,0.0,0,481,0,0,-0.0006621548673138022,554.6759033203125,1.4215173721313477,0.0002638132718857378,0.0,0.2824244499206543
945,1,0.5827665275865002,441,0.34625,0.0,0.125,0,255,0,0,-0.0003345708246342838,271.63006591796875,1.3481483459472656,4.820463800569996e-05,0.0,0.31281131505966187
946,1,3.084236407088156,441,0.366875,0.125,0.25,0,511,0,0,-4.8566609621047974e-05,1516.1553955078125,1.4045846462249756,0.00017098819080274552,0.0,0.3045361042022705
947,1,3.23901322659367,441,0.39375,0.25,0.25,0,767,0,0,-6.205247336765751e-05,2370.6328125,1.3564233779907227,-6.051579111954197e-05,0.0,0.3375106751918793
948,1,4.463090884120902,442,0.05,0.0,0.0,0,23,0,0,-3.524714702507481e-05,3226.01025390625,1.264683723449707,2.9243219614727423e-05,0.0,0.3865078389644623
949,1,1.8165387097978964,442,0.280625,0.125,0.125,0,279,0,0,-9.800121188163757e-05,358.4919128417969,1.1768357753753662,-1.2333660379226785e-05,0.0,0.42571091651916504
950,1,2.0746965630241903,443,0.26625,0.0,0.25,0,153,0,0,-0.00022952351719141006,1359.1890869140625,1.0130164623260498,-0.00023780639457982033,0.0,0.5147879123687744
951,1,1.052889382972353,444,0.029375,0.0,0.0,0,12,0,0,-0.00023210918880067766,940.2308959960938,1.3797976970672607,0.0001079365611076355,0.0,0.3097236752510071
952,1,0.3520390968915308,444,0.336875,0.0,0.0,0,268,0,0,-0.00034692668123170733,227.74920654296875,0.9204385280609131,0.00022033587447367609,0.0,0.502119779586792
953,1,2.222854225226911,445,0.005625,0.0,0.0,0,0,0,0,-0.0005165456677787006,1049.760986328125,1.2920076847076416,-6.042979657649994e-05,0.0,0.33810386061668396
954,1,0.6934149630105821,445,0.2775,0.0,0.0,0,256,0,0,-0.00015966533101163805,58.93164825439453,0.9567232131958008,-0.00010149367153644562,0.0,0.4916846752166748
955,1,2.9260942114779027,445,0.323125,0.0,0.0,0,512,0,0,-0.000235487095778808,1026.3851318359375,1.3253073692321777,9.075847628992051e-05,0.0,0.32547441124916077
956,1,4.421344758598934,445,0.45375,0.0,0.0,0,768,0,0,-0.00028197094798088074,2859.3369140625,1.4063900709152222,7.609200838487595e-05,0.0,0.31744807958602905
957,1,4.306580836229841,446,0.0575,0.0,0.0,0,24,0,0,-0.00023142280406318605,3124.84814453125,1.2982773780822754,-7.22203403711319e-05,0.0,0.38117489218711853
958,1,0.8054465586465085,447,0.234375,0.375,0.375,0,231,0,0,-0.0002521717397030443,1423.883544921875,1.154858112335205,-0.0003127178060822189,0.0,0.4286162257194519
959,1,3.1688499557349132,447,0.25875,0.375,0.375,0,487,0,0,7.029638800304383e-05,1631.3121337890625,1.491956114768982,-0.00011414817709010094,0.0,0.2791728377342224
960,1,3.064946649913793,447,0.300625,0.5,0.5,0,743,0,0,-2.358357232878916e-05,1322.1038818359375,1.4401531219482422,5.227172368904576e-05,0.0,0.2973897457122803
961,1,3.362998958938988,447,0.399375,0.625,0.75,0,999,0,0,-0.00011505062866490334,1852.9395751953125,1.3613615036010742,6.844336166977882e-05,0.0,0.3191829025745392
962,1,0.8866662895306945,448,0.3825,0.125,0.125,0,255,0,0,-0.0009095582063309848,101.87014770507812,1.0614936351776123,-0.00030777230858802795,0.0,0.46311312913894653
963,1,2.610539931810081,448,0.514375,0.125,0.125,0,511,0,0,-0.00012181761849205941,760.44677734375,1.371598482131958,0.00019952717411797494,0.0,0.3074788749217987
964,1,4.490761243704128,448,0.534375,0.125,0.125,0,767,0,0,-0.0003806619788520038,3099.099609375,1.398568868637085,-0.00013900082558393478,0.0,0.32429349422454834
965,1,4.219337795807405,449,0.050625,0.0,0.0,0,23,0,0,-0.0001435568556189537,3322.00439453125,1.2665410041809082,1.530194094812032e-05,0.0,0.3761669099330902
966,1,0.2773547906217573,450,0.251875,0.0,0.0,0,210,0,0,-7.156096398830414e-05,1408.093994140625,0.9795092344284058,3.450208896538243e-05,0.0,0.49479979276657104
967,1,3.599633929065021,450,0.40375,0.0,0.0,0,466,0,0,-0.00010808371007442474,1720.290283203125,1.429844617843628,6.899703294038773e-06,0.0,0.2954527735710144
968,1,3.320245250935841,450,0.57875,0.25,0.375,0,722,0,0,-0.00011290486145298928,1725.41259765625,1.3160278797149658,-2.5806173653109e-05,0.0,0.34940966963768005
969,1,0.7549649806605885,450,0.61625,0.5,0.375,0,978,0,0,-0.0001880315539892763,464.54534912109375,1.2640913724899292,2.587058952485677e-05,0.0,0.3593599796295166
970,1,0.8059650591749232,451,0.299375,0.125,0.125,0,234,0,0,-0.00016547802079003304,423.3665771484375,1.2319324016571045,-0.0002358301280764863,0.0,0.3840737044811249
971,1,1.2865441488538636,453,0.013125,0.0,0.0,0,10,0,0,-0.0005423579132184386,1449.1397705078125,1.242315649986267,0.00023406511172652245,0.0,0.3511013388633728
972,1,0.8832128151734651,453,0.351875,0.25,0.25,0,266,0,0,-0.0005426773568615317,121.9244613647461,1.2925729751586914,-0.00038864495581947267,0.0,0.3430679440498352
973,1,-0.0065334216287737945,453,0.37,0.375,0.25,0,522,0,0,-0.000349516689311713,306.68914794921875,1.3375518321990967,-0.00048664415953680873,0.0,0.3211517930030823
974,1,3.2528729626246786,453,0.418125,0.375,0.25,0,778,0,0,0.0001354090345557779,1412.5509033203125,1.255427360534668,-0.00013995403423905373,0.0,0.3650659918785095
975,1,2.4504191286687274,454,0.075,0.0,0.0,0,34,0,0,-2.4475157260894775e-06,2036.821044921875,1.1986452341079712,-5.510371920536272e-05,0.0,0.41241466999053955
976,1,0.9296071485478024,454,0.261875,0.25,0.25,0,290,0,0,-0.0010360917076468468,110.74107360839844,1.1281499862670898,-0.00012994930148124695,0.0,0.42608532309532166
977,1,1.286032865265497,455,0.135625,0.0,0.0,0,137,0,0,-0.0001423346548108384,870.6244506835938,1.4839696884155273,1.927977427840233e-05,0.0,0.27454137802124023
978,1,1.205414978982617,457,0.056875,0.0,0.0,0,179,0,0,-0.00012796311057172716,1251.4404296875,1.3909506797790527,-0.00012867836630903184,0.0,0.31472069025039673
979,1,3.6585725251055123,457,0.115625,0.0,0.0,0,435,0,0,0.0005125664174556732,1975.60302734375,1.418449878692627,0.00013398208830039948,0.0,0.3040921688079834
980,1,3.7210960495294785,457,0.22375,0.0,0.125,0,691,0,0,3.8040801882743835e-05,2061.1767578125,1.4097598791122437,-1.2269243597984314e-05,0.0,0.3109775185585022
981,1,0.2556357003559242,459,0.069375,0.0,0.0,0,96,0,0,-4.599119347403757e-05,1961.7889404296875,0.9569342136383057,4.375268326839432e-05,0.0,0.5353185534477234
982,1,0.7665093307441566,460,0.188125,0.125,0.125,0,235,0,0,-0.0001327134668827057,688.45556640625,1.121524691581726,1.620578950678464e-05,0.0,0.4278201460838318
983,1,1.8374961063382216,461,0.1475,0.0,0.0,0,75,0,0,-0.0005917294765822589,1174.3138427734375,1.1888937950134277,9.582843631505966e-05,0.0,0.407653272151947
984,1,2.4136667531565763,461,0.290625,0.0,0.0,0,331,0,0,-0.00026900912052951753,761.002685546875,1.2887492179870605,-3.235725216654828e-06,0.0,0.35279107093811035
985,1,1.1881682578023174,461,0.325625,0.125,0.125,0,587,0,0,-0.000523416034411639,505.95147705078125,1.3626550436019897,-4.413258284330368e-05,0.0,0.30809736251831055
986,1,2.3034034924567095,461,0.37125,0.25,0.25,0,843,0,0,-3.2356321753468364e-05,1326.744384765625,1.298719882965088,-0.0009450470097362995,0.0,0.37303411960601807
987,1,2.598103730555522,462,0.229375,0.0,0.125,0,161,0,0,-0.0005852443864569068,1720.940673828125,1.2586077451705933,0.00020511068578343838,0.0,0.395381897687912
988,1,1.6562187638264732,462,0.381875,0.5,0.5,0,417,0,0,-0.0005766265094280243,330.7065734863281,1.2827696800231934,0.0001383146009175107,0.0,0.3556652069091797
989,1,3.8143957316788146,462,0.44875,0.5,0.5,0,673,0,0,-0.00041850036359392107,1907.81494140625,1.4057934284210205,-4.567330324789509e-05,0.0,0.3090062141418457
990,1,4.1792430596397026,462,0.4525,0.5,0.5,0,929,0,0,-0.0005882006953470409,2663.507080078125,1.3204425573349,5.845011764904484e-05,0.0,0.359933078289032
991,1,1.482811222122109,465,0.02,0.0,0.0,0,8,0,0,-0.00016749277710914612,2382.9189453125,1.0356504917144775,-6.895947444718331e-05,0.0,0.4676136374473572
992,1,0.5059454891743371,465,0.289375,0.0,0.125,0,264,0,0,-0.00015203747898340225,96.78997802734375,0.9144431948661804,-8.272146806120872e-05,0.0,0.5337955951690674
993,1,1.2896586076094536,465,0.42875,0.25,0.25,0,520,0,0,-0.0002911786432377994,128.79908752441406,1.057966947555542,-0.0002460163086652756,0.0,0.44389891624450684
994,1,4.693615414929809,465,0.454375,0.25,0.25,0,776,0,0,-9.902287274599075e-05,4104.248046875,1.1978355646133423,4.122871905565262e-05,0.0,0.42416617274284363
995,1,4.975102069351124,467,0.029375,0.0,0.0,0,13,0,0,-0.00028678029775619507,4449.72705078125,1.1994649171829224,3.279807856415573e-07,0.0,0.41188928484916687
996,1,1.7530082193698036,468,0.038125,0.0,0.0,0,23,0,0,-0.0004124989209230989,775.5858154296875,1.0872795581817627,2.272070196340792e-05,0.0,0.465218186378479
997,1,1.5865248433510715,468,0.395625,0.25,0.25,0,279,0,0,-3.998478405264905e-06,209.51983642578125,1.2541444301605225,-1.9721066564670764e-05,0.0,0.36673974990844727
998,1,4.58023945063178,468,0.4225,0.25,0.25,0,535,0,0,-4.83210533275269e-05,3250.3388671875,1.352755069732666,-0.00011284789070487022,0.0,0.3315892815589905
999,1,4.990442727151731,468,0.428125,0.25,0.25,0,791,0,0,-0.00017934665083885193,3956.42529296875,1.2864935398101807,-3.276827555964701e-05,0.0,0.3806118369102478
1000,1,4.708381126499262,469,0.045,0.0,0.0,0,47,0,0,-4.6209122956497595e-05,4333.02294921875,1.1571444272994995,-9.749240416567773e-05,0.0,0.4495372772216797
