update,scenario,rollout_reward_mean,episode_count,coverage_ratio,inspection_success_rate,target_detection_rate,mission_success,mission_time,collision_count,invalid_action_count,policy_loss,value_loss,entropy,approx_kl,clip_fraction,mean_action_probability
1,1,-0.10327148226861027,2,0.01,0.0,0.0,0,20,0,0,-0.013798515312373638,3.8140106201171875,1.775681495666504,0.0008192745153792202,0.0,0.17088580131530762
2,1,-0.04450195329627604,3,0.040625,0.0,0.0,0,84,0,0,-0.006466669961810112,1.6532396078109741,1.758986473083496,0.0027100492734462023,0.0,0.17467792332172394
3,1,-0.04571288939041551,3,0.049375,0.0,0.0,0,340,0,0,-0.006622035522013903,0.357450932264328,1.7450757026672363,0.005897900555282831,0.0,0.17852334678173065
4,1,-0.033613281568250386,3,0.049375,0.0,0.0,0,596,0,0,-0.0021771963220089674,0.10561609268188477,1.7351269721984863,-0.0026386312674731016,0.0,0.18747103214263916
5,1,-0.03924804715643404,3,0.0525,0.0,0.0,0,852,0,0,-0.0030926160980015993,0.25913238525390625,1.7280486822128296,-0.0008034903439693153,0.0,0.18936975300312042
6,1,-0.05380859378783498,5,0.013125,0.0,0.0,0,101,0,0,-0.00499107176437974,0.3874939978122711,1.7103179693222046,-9.785670408746228e-05,0.0,0.1939384490251541
7,1,-0.022128905802674126,5,0.043125,0.0,0.0,0,357,0,0,-0.005407774355262518,0.22869892418384552,1.6938648223876953,0.0018683676607906818,0.0,0.19698984920978546
8,1,-0.03875976569543127,5,0.043125,0.0,0.0,0,613,0,0,-0.004099117126315832,0.14503046870231628,1.6833118200302124,0.003119562054052949,0.0,0.20061282813549042
9,1,-0.020839843822614057,5,0.05125,0.0,0.0,0,869,0,0,-0.006082724779844284,0.10707268118858337,1.6604121923446655,0.00406658137217164,0.0,0.2126270979642868
10,1,-0.06708007857014309,7,0.025,0.0,0.0,0,118,0,0,-0.004108528606593609,1.032846212387085,1.6199235916137695,-0.0012384328292682767,0.0,0.23034055531024933
11,1,-0.0014355466955748852,7,0.07375,0.0,0.0,0,374,0,0,-0.006501699332147837,0.5373830199241638,1.5707591772079468,0.000801663554739207,0.0,0.24428589642047882
12,1,0.000537109597644303,7,0.10625,0.0,0.0,0,630,0,0,-0.0014995035016909242,0.6338158845901489,1.5365146398544312,0.00027857456007041037,0.0,0.2649785876274109
13,1,-0.023476562382711563,7,0.109375,0.0,0.0,0,886,0,0,-0.002729450585320592,0.047365788370370865,1.5084282159805298,0.0033176515717059374,0.0,0.2673312723636627
14,1,0.008671874555147951,8,0.050625,0.0,0.0,0,142,0,0,-0.002209495520219207,0.8200252652168274,1.4707660675048828,0.000522972724866122,0.0,0.2857285439968109
15,1,-0.005175781428988557,8,0.0725,0.0,0.0,0,398,0,0,-0.0005284858052618802,0.19579526782035828,1.4328621625900269,0.0004739627765957266,0.0,0.3100326955318451
16,1,0.03455077983016963,8,0.120625,0.0,0.25,0,654,0,0,-0.0013535957550629973,3.5143418312072754,1.4225226640701294,-0.0004602054541464895,0.0,0.32021355628967285
17,1,-0.007324219070142135,8,0.13875,0.0,0.25,0,910,0,0,-0.0026790976990014315,0.19280800223350525,1.424960732460022,0.00020434816542547196,0.0,0.3128281533718109
18,1,-0.013291015522554517,10,0.046875,0.0,0.0,0,151,0,0,-0.003735453588888049,2.1586668491363525,1.423193097114563,0.0025808874052017927,0.0,0.3104480504989624
19,1,0.01729492207232397,10,0.108125,0.0,0.0,0,407,0,0,-0.0026209361385554075,0.43754956126213074,1.4244507551193237,0.00020467133435886353,0.0,0.32076331973075867
20,1,0.02839843749825377,10,0.176875,0.0,0.125,0,663,0,0,-0.0015568230301141739,1.0089224576950073,1.436881184577942,0.0034351490903645754,0.0,0.30597415566444397
21,1,-0.015996094025467755,10,0.19,0.0,0.125,0,919,0,0,-0.006822182331234217,0.1261012703180313,1.407871127128601,0.0035872124135494232,0.0,0.30450400710105896
22,1,0.06897460883919848,11,0.155,0.0,0.125,0,175,0,0,0.0001293756067752838,4.357467174530029,1.3358806371688843,0.0036025296431034803,0.0,0.3303765058517456
23,1,0.07200195202312898,11,0.306875,0.0,0.25,0,431,0,0,-0.0011832198360934854,4.265905380249023,1.329124093055725,0.0007546530105173588,0.0,0.33759447932243347
24,1,0.0012792963098036125,11,0.37125,0.0,0.25,0,687,0,0,-0.0017318126047030091,1.0998566150665283,1.3409523963928223,0.0008042698609642684,0.0,0.3420468866825104
25,1,-0.010996094129950507,11,0.385625,0.0,0.375,0,943,0,0,-0.0024354758206754923,0.5607646703720093,1.3482369184494019,-0.000602381769567728,0.0,0.3366529941558838
26,1,0.09046875001149601,13,0.2175,0.0,0.125,0,192,0,0,-0.0005970245110802352,6.812456130981445,1.3351904153823853,0.0017499577952548862,0.0,0.33154577016830444
27,1,-0.03495117237616796,13,0.225,0.0,0.125,0,448,0,0,-0.0033915683161467314,0.33473020792007446,1.3731689453125,0.0019511525752022862,0.0,0.31521546840667725
28,1,-0.04599609467550181,13,0.2375,0.0,0.125,0,704,0,0,0.0009963493794202805,0.8829427361488342,1.3843086957931519,-0.0002756087633315474,0.0,0.3110445737838745
29,1,0.0015136707661440596,13,0.285625,0.0,0.25,0,960,0,0,-0.006326170638203621,1.4399021863937378,1.4177709817886353,0.0017603482119739056,0.0,0.3062976002693176
30,1,0.17600585870968644,14,0.29125,0.0,0.375,0,216,0,0,-0.0010358517756685615,17.579805374145508,1.4154666662216187,0.004805543459951878,0.0,0.30929282307624817
31,1,-0.03695312558556907,14,0.295625,0.0,0.375,0,472,0,0,0.0004910196294076741,0.3785508871078491,1.4451388120651245,0.00180722342338413,0.0,0.29968205094337463
32,1,0.006347654736600816,14,0.35125,0.0,0.5,0,728,0,0,-0.00722679914906621,1.3614468574523926,1.4850729703903198,-0.00012282561510801315,0.0,0.2810806334018707
33,1,0.0679296874004649,14,0.50875,0.0,0.625,0,984,0,0,0.0037654947955161333,5.310310363769531,1.5451502799987793,0.0016850382089614868,0.0,0.2549014985561371
34,1,0.17444335567051894,15,0.280625,0.0,0.25,0,240,0,0,-0.0035671601071953773,10.735708236694336,1.5115951299667358,0.0013852482661604881,0.0,0.2708280384540558
35,1,-0.022050781568395905,15,0.31125,0.0,0.25,0,496,0,0,-0.0013984633842483163,0.2981266975402832,1.5694674253463745,0.0007353387773036957,0.0,0.24515394866466522
36,1,-0.015234375168802217,15,0.35375,0.0,0.25,0,752,0,0,-0.009054758585989475,0.7573513984680176,1.579846739768982,0.002383449347689748,0.0,0.22790564596652985
37,1,-0.013701172472792678,16,0.020625,0.0,0.0,0,8,0,0,-0.00686362711712718,0.32562971115112305,1.5656932592391968,-0.0014100404223427176,0.0,0.23357956111431122
38,1,0.2221386701494339,17,0.238125,0.0,0.125,0,106,0,0,-0.0008694308926351368,17.43231201171875,1.5295041799545288,0.00026343250647187233,0.0,0.25711196660995483
39,1,0.10528320161392912,17,0.464375,0.0,0.25,0,362,0,0,0.00023157634132076055,4.548436641693115,1.5331178903579712,0.002449440537020564,0.0,0.2507340908050537
40,1,-0.020458984337892616,19,0.00625,0.0,0.0,0,1,0,0,-0.003922732081264257,2.516815662384033,1.5506272315979004,0.0006940676248632371,0.0,0.24026234447956085
41,1,0.0453320330598217,21,0.1525,0.0,0.125,0,92,0,0,-0.001276035443879664,7.224249362945557,1.4748539924621582,0.002544862451031804,0.0,0.2654743492603302
42,1,0.035156249316059984,21,0.283125,0.0,0.125,0,348,0,0,-0.005179858300834894,1.4741785526275635,1.465488076210022,0.0025417844299227,0.0,0.27521565556526184
43,1,-0.05645508019370027,22,0.025,0.0,0.0,0,21,0,0,-0.0005165425245650113,5.810625076293945,1.431545376777649,0.006426572799682617,0.0,0.2784794270992279
44,1,0.04427734406635864,22,0.155,0.0,0.0,0,277,0,0,-0.00191609060857445,2.2465550899505615,1.362532615661621,0.0030689744744449854,0.0,0.31015563011169434
45,1,0.17143554585345555,22,0.423125,0.0,0.5,0,533,0,0,-0.00032877115882001817,10.800294876098633,1.3960762023925781,-0.0007725826581008732,0.0,0.3171333372592926
46,1,0.08227538851497229,22,0.58625,0.0,0.75,0,789,0,0,-0.0027481401339173317,3.6707499027252197,1.3889704942703247,0.002894120290875435,0.0,0.30881407856941223
47,1,-0.00709961026586825,24,0.04125,0.0,0.0,0,75,0,0,-0.0024006811436265707,1.8029712438583374,1.329663634300232,0.0012949361698701978,0.0,0.3490414321422577
48,1,0.03140624984007445,24,0.14625,0.0,0.0,0,331,0,0,-0.001582776545546949,1.303466558456421,1.2319227457046509,0.0012432001531124115,0.0,0.3869282901287079
49,1,0.1838085911294911,24,0.4525,0.0,0.375,0,587,0,0,0.00031242333352565765,10.575145721435547,1.3113290071487427,-8.198525756597519e-05,0.0,0.3638935089111328
50,1,-0.024433593764115358,24,0.466875,0.0,0.375,0,843,0,0,-0.0023396334145218134,0.48888444900512695,1.3464727401733398,0.0008094264194369316,0.0,0.36192551255226135
51,1,0.09620117180384113,25,0.13625,0.0,0.25,0,114,0,0,-0.00019981153309345245,5.245649337768555,1.3020561933517456,0.0002293085417477414,0.0,0.3725665807723999
52,1,0.05886718671536073,25,0.283125,0.0,0.375,0,370,0,0,-0.002404305385425687,1.8006973266601562,1.245001196861267,-0.0002653662522789091,0.0,0.39859625697135925
53,1,0.016435546378488652,25,0.36125,0.0,0.5,0,626,0,0,-0.001974644837900996,1.3305721282958984,1.2745237350463867,-0.0015950928209349513,0.0,0.38944292068481445
54,1,-0.019912109681172296,25,0.399375,0.0,0.5,0,882,0,0,-0.0004947725683450699,1.0295430421829224,1.3542156219482422,0.0008697144803591073,0.0,0.35819053649902344
55,1,0.1829296867363155,26,0.274375,0.0,0.625,0,213,0,0,-0.0006823844159953296,17.75874137878418,1.3363962173461914,0.0022679667454212904,0.0,0.3778809607028961
56,1,0.03299804628477432,26,0.389375,0.0,0.625,0,469,0,0,-0.0015844659646973014,0.6841985583305359,1.3777761459350586,-0.0009658753988333046,0.0,0.3262321650981903
57,1,0.04223632751381956,26,0.485625,0.0,0.875,0,725,0,0,-0.0017579436535015702,4.268227577209473,1.421043872833252,0.0014215126866474748,0.0,0.321112722158432
58,1,-0.03700195304918452,26,0.4875,0.0,0.875,0,981,0,0,-0.0006679408252239227,0.8020803332328796,1.4639555215835571,0.0009129398385994136,0.0,0.29655346274375916
59,1,0.18884765474649612,27,0.360625,0.0,0.375,0,237,0,0,-0.0002910414186771959,14.36077880859375,1.386083722114563,-0.00013875169679522514,0.0,0.3219880759716034
60,1,0.08556640469760168,27,0.574375,0.0,0.625,0,493,0,0,-0.0013617022195830941,5.230719089508057,1.401472568511963,0.000273827463388443,0.0,0.3235403001308441
61,1,0.01659179589478299,27,0.67625,0.0,0.625,0,749,0,0,-0.0015265076654031873,1.0115686655044556,1.4246829748153687,-0.0009741944377310574,0.0,0.31788763403892517
62,1,0.004374999101855792,28,0.0425,0.0,0.0,0,18,0,0,-0.001895845285616815,1.17251455783844,1.411077618598938,0.00043520782492123544,0.0,0.3138906955718994
63,1,0.11297851477138465,28,0.259375,0.0,0.125,0,274,0,0,-5.373094973037951e-05,3.385075569152832,1.292831301689148,0.0010105496039614081,0.0,0.3643138110637665
64,1,0.10097656185098458,28,0.490625,0.0,0.125,0,530,0,0,-0.0008616698905825615,3.4641549587249756,1.3361748456954956,0.00029355878359638155,0.0,0.34886834025382996
65,1,0.11067382787587121,28,0.6625,0.0,0.625,0,786,0,0,-0.0005011263419874012,7.756720066070557,1.3680152893066406,-0.00025399154401384294,0.0,0.32469651103019714
66,1,0.006289061642746674,29,0.065625,0.0,0.125,0,42,0,0,-0.0006763003766536713,3.9271132946014404,1.3634873628616333,-2.4400496840826236e-05,0.0,0.32640334963798523
67,1,0.1727539040875854,29,0.373125,0.0,0.375,0,298,0,0,-0.00026274347328580916,8.3216552734375,1.3229631185531616,-9.55361538217403e-05,0.0,0.36321887373924255
68,1,0.11348632564477157,29,0.568125,0.0,0.75,0,554,0,0,-0.0008073430508375168,3.996155023574829,1.3425222635269165,-0.00024146617215592414,0.0,0.3357292115688324
69,1,0.009521483807475306,29,0.65625,0.0,0.75,0,810,0,0,-0.002482220297679305,1.3311700820922852,1.3821500539779663,-0.00015444448217749596,0.0,0.31982454657554626
70,1,0.015234374161082087,30,0.079375,0.0,0.125,0,95,0,0,0.0009344859863631427,2.805454969406128,1.3735512495040894,-0.0007392892730422318,0.0,0.32601305842399597
71,1,0.1396484354045242,30,0.315625,0.0,0.5,0,351,0,0,-0.0008061358821578324,7.758645057678223,1.3590937852859497,-0.00013065912935417145,0.0,0.3156532049179077
72,1,0.03197265526978299,30,0.420625,0.0,0.625,0,607,0,0,-0.008717644959688187,2.326676368713379,1.4068330526351929,-0.0005323668010532856,0.0,0.3009869456291199
73,1,-0.028320313213043846,30,0.46375,0.0,0.625,0,863,0,0,0.0011094271903857589,0.840294361114502,1.4972490072250366,0.004094207193702459,0.0,0.27683404088020325
74,1,0.1370019523674273,31,0.26,0.0,0.25,0,132,0,0,-0.0036878373939543962,10.219615936279297,1.5077342987060547,0.007041650358587503,0.0,0.2641216218471527
75,1,0.07202148369105998,31,0.440625,0.0,0.375,0,388,0,0,-0.0008242499898187816,1.475844144821167,1.5389556884765625,0.0013163071125745773,0.0,0.25171592831611633
76,1,0.2152343710331479,33,0.056875,0.0,0.0,0,26,0,0,0.0005301469936966896,16.848648071289062,1.5374631881713867,0.0002127296756953001,0.0,0.2467617392539978
77,1,0.15212890708062332,33,0.36,0.0,0.375,0,282,0,0,0.00019488856196403503,7.401776313781738,1.55679452419281,0.0007315513794310391,0.0,0.24282510578632355
78,1,0.12776366947218776,33,0.57625,0.0,1.0,0,538,0,0,-0.0010288226185366511,8.132957458496094,1.586276650428772,0.0006474677356891334,0.0,0.23176883161067963
79,1,0.09319335655891337,34,0.243125,0.0,0.125,0,114,0,0,-7.5270734669175e-05,12.999592781066895,1.5596436262130737,-6.754525384167209e-05,0.0,0.24391423165798187
80,1,0.20503906201702193,35,0.221875,0.0,0.25,0,120,0,0,5.680260437657125e-05,12.121602058410645,1.5686006546020508,5.630621217278531e-06,0.0,0.23508767783641815
81,1,0.06915038991428446,35,0.404375,0.0,0.375,0,376,0,0,-0.0026464129332453012,2.2527341842651367,1.5502108335494995,0.0010699460981413722,0.0,0.24208132922649384
82,1,-0.037021486219600774,35,0.47,0.0,0.375,0,632,0,0,-0.0034634273033589125,3.431875228881836,1.5569514036178589,0.004355427343398333,0.0,0.24421167373657227
83,1,-0.08790039155064733,41,0.100625,0.0,0.0,0,159,0,0,-0.0016707502072677016,18.17192268371582,1.5481023788452148,0.00033769174478948116,0.0,0.24266640841960907
84,1,0.008466797553410288,42,0.03,0.0,0.0,0,15,0,0,-0.0005368540878407657,9.166498184204102,1.5537605285644531,0.0013275389792397618,0.0,0.24416208267211914
85,1,0.143134766145522,43,0.163125,0.0,0.125,0,116,0,0,-0.0009347144514322281,9.709609031677246,1.5217574834823608,0.00020807073451578617,0.0,0.2589711844921112
86,1,0.029687498201383278,43,0.309375,0.0,0.25,0,372,0,0,-0.0012840653071179986,2.745021104812622,1.5069146156311035,-0.0006236094632185996,0.0,0.2562859356403351
87,1,-0.08937500206229743,43,0.315625,0.0,0.25,0,628,0,0,-0.0007003958453424275,5.290825843811035,1.521406650543213,0.0006644092500209808,0.0,0.2625347077846527
88,1,-0.026708984936703928,44,0.015625,0.0,0.0,0,9,0,0,-0.0014686655486002564,1.4665979146957397,1.5350054502487183,0.00040120710036717355,0.0,0.25897958874702454
89,1,0.11318358989956323,44,0.265,0.0,0.375,0,265,0,0,-0.00029711113893426955,5.073747158050537,1.5273410081863403,0.00022283918224275112,0.0,0.25765958428382874
90,1,0.04409179534559371,45,0.135,0.0,0.125,0,66,0,0,-0.0010729247005656362,8.92660140991211,1.5382345914840698,0.0008193578105419874,0.0,0.25579342246055603
91,1,0.048916016865405254,45,0.24625,0.0,0.375,0,322,0,0,-0.0014014249900355935,3.0900471210479736,1.5343265533447266,5.75270205445122e-05,0.0,0.2595471441745758
92,1,0.13596679522743216,47,0.224375,0.0,0.25,0,185,0,0,0.00041944292024709284,8.62109375,1.558203101158142,0.0015604272484779358,0.0,0.24716627597808838
93,1,0.06985351263574557,47,0.383125,0.0,0.375,0,441,0,0,-0.001582797965966165,3.458697557449341,1.5826085805892944,-0.0004704901948571205,0.0,0.23099446296691895
94,1,0.03032226549112238,47,0.48375,0.0,0.5,0,697,0,0,-0.0027318771462887526,1.428260326385498,1.5786713361740112,0.0019842679612338543,0.0,0.23836319148540497
95,1,-0.06170898542040959,48,0.01,0.0,0.0,0,4,0,0,0.0008316440507769585,1.5036652088165283,1.6073516607284546,0.0029459709767252207,0.0,0.2305288314819336
96,1,0.11287109269323992,49,0.258125,0.0,0.375,0,253,0,0,-0.0005320159834809601,7.980319499969482,1.5808011293411255,0.001046188990585506,0.0,0.2322227954864502
97,1,-0.06961914127896307,52,0.043125,0.0,0.0,0,51,0,0,-0.0008795851026661694,8.02726936340332,1.5652809143066406,-0.0006215432658791542,0.0,0.2370380312204361
98,1,0.12881835778534878,52,0.349375,0.0,0.0,0,307,0,0,0.0003342069685459137,4.928524494171143,1.557282567024231,-0.00018716890190262347,0.0,0.24641506373882294
99,1,0.01766601543931756,52,0.45,0.0,0.125,0,563,0,0,-0.003607994643971324,1.8099645376205444,1.5705283880233765,-0.0005317986942827702,0.0,0.2423839122056961
100,1,0.02003906223399099,52,0.545625,0.0,0.25,0,819,0,0,-0.00441368343308568,1.5669785737991333,1.5794883966445923,0.0031708923634141684,0.0,0.23648495972156525
101,1,0.1224999970618228,53,0.23625,0.0,0.25,0,186,0,0,0.0001415349543094635,5.6877121925354,1.5909210443496704,-0.0004798212612513453,0.0,0.23066319525241852
102,1,0.017968749481951818,53,0.346875,0.0,0.25,0,442,0,0,-0.001669184654019773,1.7380058765411377,1.570137619972229,0.0006049711373634636,0.0,0.2520521581172943
103,1,-0.08491211109503638,53,0.349375,0.0,0.25,0,698,0,0,-0.00036794133484363556,2.4959840774536133,1.583299994468689,0.0015687613049522042,0.0,0.24218565225601196
104,1,0.0019921877537854016,54,0.028125,0.0,0.0,0,19,0,0,-0.001264125108718872,2.1481313705444336,1.5890625715255737,0.0007924714009277523,0.0,0.24154800176620483
105,1,0.17132812337149517,54,0.374375,0.0,0.25,0,275,0,0,-0.0007741789449937642,6.960185527801514,1.5896772146224976,0.0003201641084160656,0.0,0.23929603397846222
106,1,0.11202148384472821,54,0.629375,0.0,0.375,0,531,0,0,0.0002393685281276703,5.2487616539001465,1.5943117141723633,0.0005704897339455783,0.0,0.23585839569568634
107,1,-0.004013672180008143,54,0.695625,0.0,0.375,0,787,0,0,-0.0007711965008638799,0.8070911169052124,1.6075491905212402,-0.0001504396350355819,0.0,0.2338176965713501
108,1,-0.04220703129612957,56,0.038125,0.0,0.0,0,16,0,0,0.0005119427223689854,5.552791118621826,1.5310730934143066,0.0005959027330391109,0.0,0.2744709849357605
109,1,0.1084277326335723,58,0.181875,0.0,0.375,0,172,0,0,-0.0027795482892543077,11.919715881347656,1.6187604665756226,-0.00037200283259153366,0.0,0.22051183879375458
110,1,-0.03502929621390649,58,0.21625,0.0,0.375,0,428,0,0,-0.0006279174122028053,1.8535609245300293,1.6407140493392944,0.00021915666002314538,0.0,0.21708251535892487
111,1,0.08309570285928203,60,0.146875,0.0,0.25,0,149,0,0,-0.0031643128022551537,11.300636291503906,1.6326942443847656,-0.0003054469416383654,0.0,0.21713073551654816
112,1,0.05582031166704837,60,0.29375,0.0,0.375,0,405,0,0,-0.0007997251232154667,4.067825794219971,1.631524682044983,-0.0007269686902873218,0.0,0.21721114218235016
113,1,0.06379882819601335,60,0.429375,0.0,0.625,0,661,0,0,-3.05597968690563e-05,3.4172263145446777,1.602115273475647,-7.33095221221447e-05,0.0,0.23455436527729034
114,1,0.03841796708002221,60,0.521875,0.0,0.875,0,917,0,0,-0.00035324846976436675,5.4146575927734375,1.6102266311645508,0.00015954689297359437,0.0,0.23146887123584747
115,1,0.16446288941733656,61,0.27375,0.0,0.375,0,173,0,0,0.000104999948234763,6.040081977844238,1.6049246788024902,-0.00014053501945454627,0.0,0.22936324775218964
116,1,0.17371093614201527,61,0.556875,0.0,0.75,0,429,0,0,-0.000354548916220665,7.517054557800293,1.5995935201644897,-6.523759566334775e-06,0.0,0.2325245589017868
117,1,0.021367185741837602,61,0.638125,0.0,0.875,0,685,0,0,-0.0006173623842187226,2.0455527305603027,1.6077642440795898,7.309190550586209e-05,0.0,0.21891796588897705
118,1,0.024179686777642928,61,0.739375,0.0,0.875,0,941,0,0,-0.0028669629245996475,0.8450989723205566,1.627366065979004,-0.0010263719595968723,0.0,0.21852213144302368
119,1,0.1237011725170305,62,0.234375,0.0,0.25,0,197,0,0,-0.0010145580163225532,8.851324081420898,1.6047371625900269,0.0018301173113286495,0.0,0.23057188093662262
120,1,0.05322265570794116,62,0.379375,0.0,0.25,0,453,0,0,-0.0025753348600119352,1.5192488431930542,1.620415210723877,0.00039816927164793015,0.0,0.223396897315979
121,1,0.05816406164012733,62,0.510625,0.0,0.375,0,709,0,0,-0.003417857689782977,2.401224374771118,1.6194308996200562,-9.977057197829708e-05,0.0,0.22628335654735565
122,1,-0.017597655994904926,62,0.5275,0.0,0.375,0,965,0,0,0.0010449463734403253,0.9233992695808411,1.6276416778564453,-0.0015484144678339362,0.0,0.22212724387645721
123,1,0.10722656072539394,63,0.213125,0.0,0.25,0,221,0,0,-0.0007136886124499142,5.655132293701172,1.576268196105957,0.0018342891708016396,0.0,0.2453777939081192
124,1,0.10630859289085492,63,0.4175,0.0,0.375,0,477,0,0,-0.0010366402566432953,3.030538558959961,1.5804089307785034,0.0008902877452783287,0.0,0.23676182329654694
125,1,0.03213867147496785,63,0.53125,0.0,0.375,0,733,0,0,-0.0020804463420063257,1.7514451742172241,1.6095143556594849,-0.0010014871368184686,0.0,0.22625981271266937
126,1,-0.030205078477592906,63,0.541875,0.0,0.375,0,989,0,0,0.0005873472546227276,0.7230983376502991,1.6237001419067383,0.002084714826196432,0.0,0.22129453718662262
127,1,0.11150390542752575,65,0.19375,0.0,0.375,0,227,0,0,-0.0005905879661440849,6.540544033050537,1.5758885145187378,-0.00015669222921133041,0.0,0.248399019241333
128,1,-0.032607422370347194,65,0.213125,0.0,0.375,0,483,0,0,-0.00012695991608779877,1.6764802932739258,1.59589421749115,0.0004982705577276647,0.0,0.23092639446258545
129,1,0.07025390514172614,65,0.356875,0.0,0.625,0,739,0,0,-0.0007999241352081299,4.170585632324219,1.6011962890625,0.0001609481405466795,0.0,0.23291784524917603
130,1,0.0635449206965859,65,0.498125,0.0,0.75,0,995,0,0,-0.00033531617373228073,3.324657440185547,1.6079055070877075,-8.93143005669117e-05,0.0,0.23222096264362335
131,1,0.06946289069310296,66,0.161875,0.0,0.0,0,251,0,0,-0.0032044758554548025,1.7654225826263428,1.52494478225708,6.72865053275018e-06,0.0,0.2620961368083954
132,1,0.017519531247671694,66,0.25875,0.0,0.0,0,507,0,0,-3.138650208711624e-05,1.0322620868682861,1.5531835556030273,0.00036932481452822685,0.0,0.25482138991355896
133,1,0.045693358275457285,66,0.385625,0.0,0.125,0,763,0,0,-0.0016961564542725682,2.298794984817505,1.5566803216934204,0.0006551961414515972,0.0,0.24918724596500397
134,1,-0.02830078194529051,69,0.01375,0.0,0.0,0,5,0,0,0.0004500923678278923,7.37998104095459,1.5569998025894165,0.0011275741271674633,0.0,0.24937589466571808
135,1,0.21746093525143806,70,0.38375,0.0,0.375,0,255,0,0,-0.0007804768974892795,11.796910285949707,1.495421290397644,-0.00014848883438389748,0.0,0.2843494713306427
136,1,0.029648437252035365,70,0.488125,0.0,0.5,0,511,0,0,-0.0005157861742191017,1.294883131980896,1.5137219429016113,-6.716372445225716e-05,0.0,0.26435616612434387
137,1,0.029248046837892616,70,0.575625,0.0,0.625,0,767,0,0,-0.003051451174542308,1.7151625156402588,1.5311158895492554,0.0020696555729955435,0.0,0.2560001015663147
138,1,0.038574218124267645,71,0.04875,0.0,0.125,0,23,0,0,-0.0010563656687736511,1.9527736902236938,1.4970088005065918,-0.000936838798224926,0.0,0.2755332887172699
139,1,0.11774414009414613,71,0.27,0.0,0.375,0,279,0,0,0.001135078608058393,6.242238998413086,1.4362678527832031,-0.0007701278664171696,0.0,0.2940097749233246
140,1,-0.01714843809895683,71,0.3175,0.0,0.375,0,535,0,0,-0.002006766153499484,1.199661374092102,1.4439605474472046,-0.0010739235440269113,0.0,0.2914709150791168
141,1,0.03919921873603016,71,0.43125,0.0,0.5,0,791,0,0,-0.0007482068613171577,3.196788787841797,1.4635677337646484,0.0010062544606626034,0.0,0.2852298617362976
142,1,0.04894531134777935,72,0.07625,0.0,0.125,0,47,0,0,-0.0010860649636015296,2.8993124961853027,1.4569282531738281,0.0008962014690041542,0.0,0.2791721820831299
143,1,0.15708984126104042,72,0.340625,0.0,0.5,0,303,0,0,-0.0002001517714234069,7.254592418670654,1.4118247032165527,0.0009090194362215698,0.0,0.31109705567359924
144,1,0.013916015115682967,72,0.435,0.0,0.5,0,559,0,0,-0.00021348086011130363,1.415773630142212,1.4358258247375488,0.000402884092181921,0.0,0.29040440917015076
145,1,-0.04766601622395683,72,0.440625,0.0,0.5,0,815,0,0,-0.000546606897842139,1.456543207168579,1.4552488327026367,0.0001363117917208001,0.0,0.2859562933444977
146,1,0.0765527315743384,73,0.135,0.0,0.25,0,71,0,0,-0.00029046149575151503,4.288508415222168,1.4587870836257935,7.300715515157208e-05,0.0,0.2885337173938751
147,1,0.06533203048456926,73,0.29,0.0,0.375,0,327,0,0,-0.0027657609898597,1.6925524473190308,1.4104207754135132,0.0006044511683285236,0.0,0.30665913224220276
148,1,-0.017548828589497134,73,0.33125,0.0,0.375,0,583,0,0,-0.0015073888935148716,0.5153024196624756,1.4293049573898315,0.00446002883836627,0.0,0.3009473383426666
149,1,0.0681249993504025,73,0.47125,0.0,0.625,0,839,0,0,-0.00023486714053433388,5.778432369232178,1.4647070169448853,0.0006202342920005322,0.0,0.27351808547973633
150,1,0.1309960922517348,74,0.1075,0.0,0.0,0,95,0,0,-0.0003781566920224577,4.84575080871582,1.4445902109146118,-0.0008067067828960717,0.0,0.30321773886680603
151,1,0.14263671771914233,74,0.366875,0.0,0.25,0,351,0,0,-0.0011209286749362946,2.722830057144165,1.3844733238220215,0.000490575737785548,0.0,0.31819504499435425
152,1,0.05940429640759248,74,0.51125,0.0,0.375,0,607,0,0,-0.0007253500516526401,1.6292086839675903,1.4086050987243652,-0.0004525108670350164,0.0,0.30661824345588684
153,1,-0.026699219379224814,74,0.5275,0.0,0.5,0,863,0,0,-0.0018141729524359107,1.282209873199463,1.4104706048965454,0.0011112448992207646,0.0,0.30140581727027893
154,1,0.12730468586960342,75,0.235,0.0,0.25,0,119,0,0,-0.00039834840572439134,6.549715518951416,1.4103169441223145,0.0011090682819485664,0.0,0.3135010898113251
155,1,0.11037109304743353,75,0.423125,0.0,0.625,0,375,0,0,-0.0004180514661129564,3.372811794281006,1.4104337692260742,-3.186923640896566e-05,0.0,0.30693355202674866
156,1,-0.0344042974174954,75,0.435625,0.0,0.625,0,631,0,0,-0.0011064814170822501,1.2204556465148926,1.395887851715088,0.001073308289051056,0.0,0.3127809464931488
157,1,0.08961913947132416,75,0.628125,0.0,0.75,0,887,0,0,-0.0002205067576142028,2.7803092002868652,1.4402480125427246,1.444791791982425e-06,0.0,0.3018980324268341
158,1,0.16010742005892098,76,0.276875,0.0,0.25,0,143,0,0,-0.00010384013876318932,6.6004862785339355,1.428077220916748,3.8840964407427236e-05,0.0,0.3113318383693695
159,1,0.006874999609863153,76,0.3525,0.0,0.25,0,399,0,0,-0.0007428803364746273,2.068525552749634,1.4484556913375854,0.0004311450757086277,0.0,0.28490015864372253
160,1,0.13136718489113264,76,0.59625,0.0,0.5,0,655,0,0,-0.0008138390257954597,5.334009170532227,1.4126583337783813,0.0008434842457063496,0.0,0.29181134700775146
161,1,0.02781249908002792,76,0.67,0.0,0.75,0,911,0,0,-0.0011492877965793014,1.8337857723236084,1.474481463432312,0.00020250010129529983,0.0,0.28122204542160034
162,1,0.08500976422874373,77,0.203125,0.0,0.0,0,167,0,0,-0.0011505064321681857,2.498621940612793,1.4088298082351685,-0.0001147774382843636,0.0,0.3076745271682739
163,1,0.05635742106096586,77,0.35625,0.0,0.0,0,423,0,0,-0.0005727398092858493,4.091053485870361,1.4063835144042969,7.567818829556927e-05,0.0,0.3273197114467621
164,1,0.11270507621520665,77,0.548125,0.0,0.375,0,679,0,0,-0.0003347368910908699,4.785950183868408,1.3664740324020386,2.3706970750936307e-05,0.0,0.33795106410980225
165,1,0.015751952640130185,77,0.6225,0.0,0.5,0,935,0,0,-0.002105468651279807,1.2984892129898071,1.403458595275879,0.00027804667479358613,0.0,0.32714200019836426
166,1,0.14683593749941792,79,0.26875,0.0,0.375,0,185,0,0,-0.0003095235151704401,11.088436126708984,1.3900893926620483,0.000603091437369585,0.0,0.3300049304962158
167,1,0.13551757679670118,79,0.4975,0.0,0.75,0,441,0,0,-0.0010226654121652246,5.625202655792236,1.3837095499038696,0.0005453888443298638,0.0,0.33646833896636963
168,1,0.01933593675494194,79,0.594375,0.0,0.75,0,697,0,0,-0.0005748511175625026,1.5130059719085693,1.4202098846435547,0.0009443918243050575,0.0,0.2993270754814148
169,1,0.0016992184246191755,79,0.655,0.0,0.75,0,953,0,0,-0.0018073032842949033,0.5505205392837524,1.4658021926879883,0.0011046864092350006,0.0,0.30168452858924866
170,1,0.06720703143946594,80,0.115625,0.0,0.0,0,209,0,0,-0.0006382611463777721,3.1166787147521973,1.4142440557479858,0.0005095031228847802,0.0,0.32764437794685364
171,1,0.12118163997365627,80,0.321875,0.0,0.375,0,465,0,0,-0.0016299039125442505,6.7270989418029785,1.4028409719467163,0.0016985404072329402,0.0,0.3318275511264801
172,1,0.020312499669671524,81,0.038125,0.0,0.0,0,99,0,0,-0.0007646295125596225,5.434927940368652,1.4335370063781738,-0.0012347237206995487,0.0,0.3139561116695404
173,1,0.27654296516266186,81,0.44125,0.0,0.75,0,355,0,0,-0.00027696570032276213,17.857275009155273,1.4540362358093262,0.0008080708794295788,0.0,0.3084222376346588
174,1,0.037646483375283424,81,0.565,0.0,0.75,0,611,0,0,-0.00028155246400274336,1.3159410953521729,1.5004099607467651,0.0003850854409392923,0.0,0.2917291820049286
175,1,0.14783203021943336,82,0.294375,0.0,0.25,0,168,0,0,-0.00037265787250362337,11.213793754577637,1.434113621711731,-5.760897693107836e-05,0.0,0.31188783049583435
176,1,0.047197265179420356,82,0.434375,0.0,0.25,0,424,0,0,-0.00090757105499506,0.866967499256134,1.4582847356796265,-0.00020758062601089478,0.0,0.3115158677101135
177,1,0.03680663995692157,82,0.52375,0.0,0.375,0,680,0,0,-0.0015738536603748798,1.1558045148849487,1.501327633857727,0.001108957570977509,0.0,0.27920156717300415
178,1,-0.016093750433356036,82,0.549375,0.0,0.375,0,936,0,0,-0.002445595571771264,0.33426639437675476,1.5462578535079956,-0.0017734848661348224,0.0,0.2541716396808624
179,1,0.1921777325842413,83,0.265625,0.0,0.625,0,192,0,0,0.0008483401616103947,10.94277286529541,1.5076885223388672,0.002460320247337222,0.0,0.289171040058136
180,1,0.08230468709007255,83,0.434375,0.0,0.75,0,448,0,0,-0.001267041894607246,2.3770580291748047,1.508862853050232,0.00022725311282556504,0.0,0.26552116870880127
181,1,0.06426757814188022,83,0.604375,0.0,0.75,0,704,0,0,-0.0018672039732336998,1.9137322902679443,1.483646035194397,0.0004867170937359333,0.0,0.2990349233150482
182,1,0.026005858191638254,83,0.69,0.0,0.875,0,960,0,0,-0.0004956101183779538,2.853053092956543,1.5690466165542603,0.0011752934660762548,0.0,0.25175923109054565
183,1,0.04835937475945684,84,0.11375,0.0,0.0,0,216,0,0,-0.0004411082190927118,1.3851149082183838,1.5127097368240356,-0.0006112228729762137,0.0,0.2696194052696228
184,1,0.097910154829151,84,0.281875,0.0,0.25,0,472,0,0,-0.0005920237745158374,3.0247719287872314,1.5392776727676392,0.000441176031017676,0.0,0.26595640182495117
185,1,-0.005078125152067514,84,0.319375,0.0,0.25,0,728,0,0,-0.0006709586014039814,0.9182382225990295,1.56182062625885,-0.00038692099042236805,0.0,0.2474021166563034
186,1,-0.014003906358993845,84,0.33375,0.0,0.25,0,984,0,0,-0.0008337019826285541,0.4032753109931946,1.578473687171936,0.0003245328553020954,0.0,0.24587510526180267
187,1,0.09447265527705895,85,0.2075,0.0,0.0,0,240,0,0,-0.002031901851296425,1.8805828094482422,1.4829565286636353,0.00012218246411066502,0.0,0.28001728653907776
188,1,0.1357617180547095,85,0.47125,0.0,0.125,0,496,0,0,-5.64445108466316e-05,4.706305980682373,1.483559489250183,-0.00019732723012566566,0.0,0.28086450695991516
189,1,0.033613279680139385,85,0.598125,0.0,0.25,0,752,0,0,-0.001939748297445476,2.2070677280426025,1.4634584188461304,-0.0008816335466690361,0.0,0.29637637734413147
190,1,-0.0019042975327465683,86,0.0175,0.0,0.0,0,8,0,0,-0.00042007435695268214,0.5943459272384644,1.4454913139343262,0.00027213990688323975,0.0,0.30292680859565735
191,1,0.21865234119468369,86,0.358125,0.0,0.5,0,264,0,0,0.0003374457883182913,7.121686935424805,1.4276541471481323,-0.0006024952162988484,0.0,0.30069729685783386
192,1,0.056054686687275534,86,0.47375,0.0,0.75,0,520,0,0,-0.0013938411138951778,5.090289115905762,1.4528846740722656,-0.00033118342980742455,0.0,0.2949891984462738
193,1,-0.03473632863097009,86,0.488125,0.0,0.75,0,776,0,0,-0.0003850810753647238,0.5579906702041626,1.4705586433410645,0.00042048809700645506,0.0,0.2880142033100128
194,1,0.08069335766049335,88,0.04375,0.0,0.0,0,25,0,0,0.0004821236652787775,10.712715148925781,1.4981842041015625,-0.00015120550233405083,0.0,0.27595141530036926
195,1,0.20966796625361894,88,0.355625,0.0,0.5,0,281,0,0,-0.000237390398979187,8.749357223510742,1.478630542755127,0.000124290119856596,0.0,0.27707865834236145
196,1,0.057226561577408575,88,0.514375,0.0,0.5,0,537,0,0,-0.0020986206363886595,1.5310673713684082,1.4799360036849976,0.0006471732631325722,0.0,0.2829228341579437
197,1,-0.026513672943110578,88,0.5475,0.0,0.5,0,793,0,0,0.000748967460822314,0.7440382838249207,1.504781723022461,-0.00021643082436639816,0.0,0.27317580580711365
198,1,0.1570117181945534,89,0.1125,0.0,0.0,0,49,0,0,0.001398547668941319,6.83913516998291,1.5200027227401733,0.0009480288135819137,0.0,0.2675427794456482
199,1,0.2420019503115327,89,0.465625,0.0,0.625,0,305,0,0,-0.00020647297787945718,11.267241477966309,1.473894715309143,-2.0352192223072052e-05,0.0,0.2847687304019928
200,1,0.06242187432508217,89,0.625,0.0,0.625,0,561,0,0,-0.0007091777515597641,1.8447577953338623,1.5014272928237915,-0.00012248319399077445,0.0,0.2676778733730316
201,1,0.0017187497069244273,89,0.67875,0.0,0.625,0,817,0,0,0.00015495547268074006,0.8924626111984253,1.5329307317733765,0.000636786746326834,0.0,0.2558486759662628
202,1,0.12022460897060228,90,0.12125,0.0,0.0,0,73,0,0,-0.0001847198436735198,4.762477874755859,1.5100841522216797,-0.00027495683752931654,0.0,0.2686949372291565
203,1,0.14026367137557827,90,0.363125,0.0,0.25,0,329,0,0,-0.00046870732330717146,4.1884446144104,1.4750771522521973,0.0001237977558048442,0.0,0.28172561526298523
204,1,0.0007812493895471562,90,0.41125,0.0,0.25,0,585,0,0,-0.0006489807856269181,1.7845938205718994,1.5059947967529297,5.60715161554981e-05,0.0,0.2683899998664856
205,1,0.058085936350835254,90,0.5225,0.0,0.5,0,841,0,0,-0.0006523840129375458,2.5980165004730225,1.4995700120925903,0.00041758953011594713,0.0,0.26838940382003784
206,1,0.13800781226382242,91,0.1775,0.0,0.25,0,97,0,0,-0.00017289195966441184,6.667135715484619,1.4831690788269043,-0.0005680527538061142,0.0,0.2719392478466034
207,1,0.11499023357464466,91,0.410625,0.0,0.375,0,353,0,0,-0.0005471054464578629,3.443394899368286,1.4338436126708984,-0.00017237414431292564,0.0,0.2921401858329773
208,1,0.09713867168466095,91,0.626875,0.0,0.375,0,609,0,0,-0.000682996294926852,1.7792450189590454,1.4823087453842163,0.0005766353569924831,0.0,0.27638980746269226
209,1,0.08312499917519744,91,0.770625,0.0,0.75,0,865,0,0,-0.00011999966955045238,3.8045506477355957,1.4995752573013306,-0.0002964006271213293,0.0,0.2712368667125702
210,1,0.06770507732653641,92,0.09625,0.0,0.25,0,121,0,0,-0.0008300415356643498,2.112973928451538,1.513114094734192,2.7784612029790878e-05,0.0,0.2606699764728546
211,1,0.15738280958248652,92,0.325,0.0,0.75,0,377,0,0,-0.0007370530511252582,7.6845245361328125,1.4921282529830933,0.0009290128946304321,0.0,0.26883307099342346
212,1,0.026249999940773705,92,0.408125,0.0,0.75,0,633,0,0,-0.0013683382421731949,1.4785425662994385,1.501405119895935,0.0006574972649104893,0.0,0.2643490135669708
213,1,0.07432617139420472,92,0.593125,0.0,0.75,0,889,0,0,-0.0007420933688990772,2.3192031383514404,1.4862565994262695,-9.619878983357921e-05,0.0,0.267771452665329
214,1,0.16193359270255314,93,0.28125,0.0,0.125,0,145,0,0,5.128607153892517e-05,6.289241790771484,1.4827650785446167,0.0004549433069769293,0.0,0.2813858389854431
215,1,0.16000976578288828,93,0.49625,0.0,0.75,0,401,0,0,-0.00021275256585795432,8.259587287902832,1.4551749229431152,0.00025035208091139793,0.0,0.28465700149536133
216,1,0.04425781184545485,93,0.60625,0.0,0.875,0,657,0,0,-0.0014519892865791917,3.7534356117248535,1.4976946115493774,-4.8023492126958445e-05,0.0,0.27386611700057983
217,1,-0.023466797203582246,93,0.611875,0.0,0.875,0,913,0,0,0.00012925390910822898,1.4889453649520874,1.5232120752334595,0.0005404652911238372,0.0,0.26068341732025146
218,1,0.16477539079642156,94,0.23125,0.0,0.5,0,169,0,0,-0.0001527499407529831,9.698335647583008,1.4366816282272339,-5.323789082467556e-05,0.0,0.30120015144348145
219,1,0.06960937360418029,94,0.38875,0.0,0.625,0,425,0,0,-0.00036075152456760406,2.083449363708496,1.435513973236084,-0.0004513584135565907,0.0,0.29798027873039246
220,1,-0.03978515679773409,94,0.39125,0.0,0.625,0,681,0,0,-0.0008820233051665127,1.6196595430374146,1.4249576330184937,0.0005661607719957829,0.0,0.29894572496414185
221,1,0.012041015579598024,94,0.475625,0.0,0.625,0,937,0,0,-0.0006362965214066207,0.9817637801170349,1.470319151878357,-0.0005229254602454603,0.0,0.2838362753391266
222,1,0.14016601437833742,95,0.2475,0.0,0.375,0,193,0,0,7.898484909674153e-05,8.620430946350098,1.4703425168991089,0.00039624585770070553,0.0,0.2745002210140228
223,1,0.17839843855472282,95,0.558125,0.0,0.625,0,449,0,0,-0.00022237437951844186,6.499447822570801,1.4511070251464844,-0.00027619380853138864,0.0,0.2893711030483246
224,1,0.061191406290163286,95,0.668125,0.0,1.0,0,705,0,0,-0.002770512131974101,1.7918214797973633,1.4744943380355835,0.0011952227214351296,0.0,0.2750019133090973
225,1,0.006445311995776137,95,0.74,0.0,1.0,0,961,0,0,-0.0022150680888444185,0.8105491995811462,1.4610923528671265,0.003054075175896287,0.0,0.285213440656662
226,1,0.14162109415701707,96,0.2525,0.0,0.0,0,217,0,0,0.0007561181555502117,2.1198785305023193,1.4484800100326538,0.0017078776145353913,0.0,0.2899858057498932
227,1,0.0734374974417733,96,0.3775,0.0,0.375,0,473,0,0,-0.0005429160664789379,2.728055953979492,1.4075955152511597,-0.00014704279601573944,0.0,0.31264522671699524
228,1,0.131748045932909,96,0.58375,0.0,0.75,0,729,0,0,0.0006160438060760498,6.493926048278809,1.4493528604507446,0.00015003327280282974,0.0,0.2956653833389282
229,1,-0.012753906717989594,96,0.615625,0.0,0.75,0,985,0,0,-0.001004756079055369,0.9197198748588562,1.4916915893554688,0.00032289870432578027,0.0,0.28778350353240967
230,1,0.20807617297032266,98,0.360625,0.0,0.75,0,234,0,0,0.0003762170672416687,20.221914291381836,1.422782301902771,7.281297439476475e-05,0.0,0.3131776750087738
231,1,0.06696289193860139,98,0.4975,0.0,0.875,0,490,0,0,-0.000998662319034338,2.247136116027832,1.4845547676086426,-0.00028745332383550704,0.0,0.2794961631298065
232,1,0.04281250015264959,98,0.6125,0.0,0.875,0,746,0,0,-0.0007351565291173756,2.5082287788391113,1.4978351593017578,-0.0009190497803501785,0.0,0.2759596109390259
233,1,0.011669921354041435,99,0.008125,0.0,0.0,0,2,0,0,-0.00038974577910266817,1.2927018404006958,1.4995957612991333,0.00018142846238333732,0.0,0.28177598118782043
234,1,0.0742968744270911,100,0.16875,0.0,0.125,0,218,0,0,-2.354538628424052e-05,11.181307792663574,1.456075668334961,-6.122499326011166e-05,0.0,0.2975858747959137
235,1,0.05149413923936663,100,0.29,0.0,0.25,0,474,0,0,-0.00014434878539759666,3.416067123413086,1.438395380973816,0.0005070677143521607,0.0,0.30966049432754517
236,1,0.2433300776174292,100,0.649375,0.0,0.875,0,730,0,0,-1.3179455891076941e-05,12.893418312072754,1.4366836547851562,-0.00039876546361483634,0.0,0.3029811680316925
237,1,-0.004775390840222826,100,0.686875,0.0,0.875,0,986,0,0,-0.001725300564430654,0.5228931903839111,1.4853639602661133,-0.00017414521425962448,0.0,0.2777552902698517
238,1,0.12542968599518645,102,0.253125,0.0,0.25,0,227,0,0,-0.003835012437775731,14.187844276428223,1.3781170845031738,0.0009887143969535828,0.0,0.3275269567966461
239,1,0.1543261705810437,102,0.506875,0.0,0.625,0,483,0,0,-0.0002666488289833069,8.131265640258789,1.4027553796768188,0.00025395877310074866,0.0,0.33253008127212524
240,1,-0.02518554765265435,102,0.529375,0.0,0.625,0,739,0,0,-0.00016178625810425729,1.1781026124954224,1.3202177286148071,-0.00044584288843907416,0.0,0.36828580498695374
241,1,0.03587890563358087,102,0.634375,0.0,0.75,0,995,0,0,-0.0002356075419811532,2.1663825511932373,1.4273566007614136,-0.0003525380452629179,0.0,0.31307414174079895
242,1,0.15923828026279807,104,0.29,0.0,0.25,0,235,0,0,-0.0005008938605897129,12.415189743041992,1.417304515838623,-8.13603401184082e-06,0.0,0.30578112602233887
243,1,0.07775390789902303,104,0.435625,0.0,0.5,0,491,0,0,-0.0011956685921177268,2.455111503601074,1.4417256116867065,0.0007933785091154277,0.0,0.30482858419418335
244,1,0.016503905768331606,104,0.523125,0.0,0.5,0,747,0,0,-0.0006012000958435237,0.8809478878974915,1.360779881477356,-0.00013579986989498138,0.0,0.34818556904792786
245,1,0.17052734340541065,105,0.006875,0.0,0.0,0,3,0,0,-0.0004092566668987274,10.234798431396484,1.4322229623794556,-0.00036857338272966444,0.0,0.2979569733142853
246,1,0.14205078281156602,106,0.291875,0.0,0.375,0,231,0,0,-0.002816813765093684,13.688969612121582,1.368172526359558,-0.0004531888698693365,0.0,0.3350037634372711
247,1,0.07736328071041498,106,0.479375,0.0,0.375,0,487,0,0,-0.0016599023947492242,2.4167232513427734,1.3491703271865845,-0.0001423099747626111,0.0,0.3311655819416046
248,1,0.02890624936844688,106,0.565,0.0,0.5,0,743,0,0,-0.00034615755430422723,2.1387736797332764,1.3393257856369019,-0.0002700757759157568,0.0,0.34903156757354736
249,1,0.020869140600552782,106,0.65375,0.0,0.5,0,999,0,0,-0.001210432848893106,2.521024465560913,1.383949637413025,-0.0009833606891334057,0.0,0.32440081238746643
250,1,0.148134763509006,108,0.319375,0.0,0.25,0,247,0,0,0.0005495240911841393,8.73033332824707,1.3213527202606201,0.0007570167072117329,0.0,0.3583797216415405
251,1,-0.027519531722646207,108,0.338125,0.0,0.25,0,503,0,0,3.703745824168436e-05,2.3322839736938477,1.2689080238342285,-0.00032078256481327116,0.0,0.38298654556274414
252,1,0.11833007707900833,108,0.525,0.0,0.625,0,759,0,0,-2.0368024706840515e-05,6.73236083984375,1.381761908531189,-1.8567157894722186e-05,0.0,0.32160162925720215
253,1,0.0595410151508986,109,0.011875,0.0,0.0,0,15,0,0,-0.0002330389543203637,2.0852792263031006,1.4062156677246094,0.00015474452811758965,0.0,0.3253682553768158
254,1,0.13453125019805157,109,0.245625,0.0,0.25,0,271,0,0,-0.00014729036774951965,3.7062628269195557,1.3806366920471191,-0.00011314172297716141,0.0,0.3329123258590698
255,1,0.06456054696172941,109,0.3925,0.0,0.375,0,527,0,0,-0.0015148973325267434,2.8247857093811035,1.3486577272415161,0.00019262389105278999,0.0,0.35593876242637634
256,1,0.04875976593757514,109,0.494375,0.0,0.625,0,783,0,0,-0.0012587892124429345,4.034045696258545,1.397085189819336,0.0002555564569775015,0.0,0.32934117317199707
257,1,0.01353515558730578,110,0.0775,0.0,0.0,0,39,0,0,-0.0017958655953407288,1.1778680086135864,1.349979043006897,-0.0006693472969345748,0.0,0.3493116796016693
258,1,0.10539062423049472,110,0.290625,0.0,0.125,0,295,0,0,-0.002083146246150136,2.6638786792755127,1.296432614326477,0.00036078025004826486,0.0,0.3732249438762665
259,1,0.1022656256245682,110,0.49875,0.0,0.25,0,551,0,0,-0.0004950184375047684,3.346733331680298,1.3733577728271484,0.0010600645327940583,0.0,0.33708855509757996
260,1,0.02321289047904429,110,0.59,0.0,0.25,0,807,0,0,-0.0004765063931699842,1.2770307064056396,1.4393844604492188,0.00027864673756994307,0.0,0.3024511933326721
261,1,0.11636718686349923,111,0.105625,0.0,0.25,0,63,0,0,-0.00013087131083011627,4.723527908325195,1.4347690343856812,0.00019303755834698677,0.0,0.3022828996181488
262,1,0.1562304690014571,111,0.35875,0.0,0.625,0,319,0,0,-0.00027215760201215744,8.182046890258789,1.3968011140823364,-9.711366146802902e-06,0.0,0.31316038966178894
263,1,0.08189453126396984,111,0.5525,0.0,0.625,0,575,0,0,-0.0005914817447774112,3.050246477127075,1.3448634147644043,0.00031216195202432573,0.0,0.3543264865875244
264,1,-0.0031933594691508915,111,0.665,0.0,0.625,0,831,0,0,-0.0011601230362430215,2.2650251388549805,1.4339381456375122,0.00020207790657877922,0.0,0.3147519528865814
265,1,0.07625000100233592,112,0.0175,0.0,0.0,0,87,0,0,-3.613966327975504e-05,5.459040641784668,1.500327706336975,0.00036154966801404953,0.0,0.2787890136241913
266,1,0.09198242213824415,112,0.2025,0.0,0.0,0,343,0,0,-0.0024128975346684456,1.9394545555114746,1.518224835395813,3.858096897602081e-05,0.0,0.266706258058548
267,1,-0.009638672279834282,112,0.239375,0.0,0.0,0,599,0,0,-0.0017828326672315598,2.60770320892334,1.555708885192871,0.0020765222143381834,0.0,0.2562594711780548
268,1,-0.002724609301367309,112,0.29625,0.0,0.0,0,855,0,0,-0.0004172520712018013,1.6651045083999634,1.5775612592697144,0.0014693181728944182,0.0,0.24163997173309326
269,1,0.04622070477125817,113,0.04,0.0,0.0,0,111,0,0,-0.0001829679385991767,4.11932373046875,1.5567550659179688,0.00018308544531464577,0.0,0.26022157073020935
270,1,0.15016601410025032,113,0.28625,0.0,0.375,0,367,0,0,-0.0001471607683924958,7.259710311889648,1.5281590223312378,0.00039763437234796584,0.0,0.26720479130744934
271,1,0.09603515540948138,113,0.490625,0.0,0.5,0,623,0,0,-0.0006529241800308228,5.667778491973877,1.5379934310913086,-0.00036063138395547867,0.0,0.26261770725250244
272,1,-0.022353515334543772,113,0.51875,0.0,0.5,0,879,0,0,-8.686802902957425e-05,1.751081943511963,1.593321681022644,-0.0003009351494256407,0.0,0.23455779254436493
273,1,0.13250976306881057,115,0.04625,0.0,0.0,0,95,0,0,-0.0004236217064317316,15.148704528808594,1.5575085878372192,0.0003018103016074747,0.0,0.2580482065677643
274,1,0.18490234361524926,115,0.3475,0.0,0.375,0,351,0,0,-0.0001284604222746566,7.905381202697754,1.527321696281433,0.00011659754818538204,0.0,0.2710907757282257
275,1,0.10046874996260158,115,0.51875,0.0,0.75,0,607,0,0,-0.00021014269441366196,3.0095715522766113,1.5295743942260742,-0.00028383079916238785,0.0,0.2681390941143036
276,1,0.025302733542048372,115,0.633125,0.0,0.75,0,863,0,0,-0.0017644576728343964,1.3485298156738281,1.4683140516281128,0.0013057164615020156,0.0,0.31314942240715027
277,1,0.1729980448144488,116,0.20125,0.0,0.375,0,119,0,0,0.0005527461762540042,8.342994689941406,1.5641542673110962,0.000658541452139616,0.0,0.25239893794059753
278,1,0.15452148551412392,116,0.515625,0.0,0.375,0,375,0,0,0.00018784776329994202,3.5714011192321777,1.5412845611572266,6.962862244108692e-05,0.0,0.2550964951515198
279,1,0.08809570200537564,116,0.680625,0.0,0.625,0,631,0,0,-0.0011992203071713448,1.9186348915100098,1.5790778398513794,1.6981114470127068e-07,0.0,0.24339739978313446
280,1,-0.01230468750509317,116,0.714375,0.0,0.625,0,887,0,0,-0.00045967972255311906,1.2506109476089478,1.6186323165893555,0.0003486420027911663,0.0,0.22499634325504303
281,1,0.1020019536736072,117,0.235625,0.0,0.125,0,143,0,0,-0.000336524099111557,4.893430709838867,1.5491691827774048,-0.0002015051431953907,0.0,0.24609129130840302
282,1,0.14998046799155418,117,0.484375,0.0,0.5,0,399,0,0,-0.001055639237165451,5.443787574768066,1.4888960123062134,0.0005759452469646931,0.0,0.28842297196388245
283,1,0.1013183602844947,117,0.689375,0.0,0.625,0,655,0,0,-0.00043882118188776076,2.687300205230713,1.561007022857666,-0.0001805255451472476,0.0,0.24871475994586945
284,1,0.02880859225115273,117,0.7675,0.0,0.75,0,911,0,0,-0.0010748949134722352,1.8538687229156494,1.5853348970413208,-0.00022427474323194474,0.0,0.234755277633667
285,1,0.08269531364203431,119,0.185,0.0,0.25,0,161,0,0,-0.002609744668006897,7.844665050506592,1.5674299001693726,-0.0004768376238644123,0.0,0.24597680568695068
286,1,0.028144530795543687,119,0.27875,0.0,0.25,0,417,0,0,-0.0012400628766044974,3.564932107925415,1.5854774713516235,-0.0004294794052839279,0.0,0.2290785163640976
287,1,0.03484374952677172,119,0.41125,0.0,0.25,0,673,0,0,-0.0009012396330945194,2.9193453788757324,1.5837167501449585,0.0015570177929475904,0.0,0.2428494095802307
288,1,-0.03014648433236289,119,0.4175,0.0,0.25,0,929,0,0,-0.0006203248049132526,1.5702697038650513,1.6128848791122437,0.00020768104877788574,0.0,0.22093097865581512
289,1,0.2436621102715435,120,0.328125,0.0,0.625,0,185,0,0,-0.00027183257043361664,11.518620491027832,1.5453804731369019,-0.0003855909744743258,0.0,0.24844051897525787
290,1,0.09025390482565854,120,0.5375,0.0,0.75,0,441,0,0,-1.4660258784715552e-05,3.348653554916382,1.508078932762146,0.0001802227197913453,0.0,0.2724100947380066
291,1,0.046464842791465344,120,0.674375,0.0,0.75,0,697,0,0,-0.002102970378473401,1.7322306632995605,1.5556682348251343,0.00018165865913033485,0.0,0.24174684286117554
292,1,-0.049482422895380296,120,0.6825,0.0,0.75,0,953,0,0,-0.0011165376054123044,0.6220079660415649,1.5525530576705933,0.00021187325182836503,0.0,0.2512895166873932
293,1,0.07260742062499048,123,0.188125,0.0,0.375,0,177,0,0,2.216982284153346e-05,20.800853729248047,1.5558429956436157,-0.0003035218396689743,0.0,0.24565835297107697
294,1,0.06606445279612672,123,0.33625,0.0,0.5,0,433,0,0,8.72686505317688e-05,1.409454345703125,1.5497373342514038,0.000294054247206077,0.0,0.2511681616306305
295,1,0.11556640384878847,123,0.51375,0.0,0.875,0,689,0,0,-0.0002728719264268875,6.357105255126953,1.564029574394226,-0.00011870730668306351,0.0,0.24107301235198975
296,1,-0.015380860189907253,123,0.57375,0.0,0.875,0,945,0,0,-0.0029486678540706635,0.6715700030326843,1.5857807397842407,0.00038418080657720566,0.0,0.23392526805400848
297,1,0.11169921706459718,124,0.225625,0.0,0.125,0,201,0,0,-0.00230398983694613,3.7257115840911865,1.565459132194519,-0.000581168569624424,0.0,0.24682223796844482
298,1,0.125019530296413,124,0.425,0.0,0.5,0,457,0,0,0.0016819927841424942,7.107960224151611,1.558846116065979,0.0013911466812714934,0.0,0.252542644739151
299,1,0.07121093670502887,124,0.554375,0.0,0.75,0,713,0,0,-0.00152739102486521,2.013566017150879,1.5437359809875488,-0.0005818493664264679,0.0,0.264283686876297
300,1,0.13915038966661086,125,0.3,0.0,0.125,0,233,0,0,-0.0015862733125686646,5.343896865844727,1.558569312095642,0.0011704182252287865,0.0,0.24287164211273193
301,1,0.022734373193088686,125,0.351875,0.0,0.375,0,489,0,0,-8.070453623076901e-05,2.1500868797302246,1.5689836740493774,0.0003468077629804611,0.0,0.239585742354393
302,1,-0.03197265667404281,125,0.351875,0.0,0.375,0,745,0,0,-0.000729320861864835,1.749011516571045,1.5882242918014526,-0.00033457251265645027,0.0,0.23864459991455078
303,1,-0.0025000002424349077,126,0.00625,0.0,0.0,0,1,0,0,-0.0022949734702706337,1.2222845554351807,1.5850588083267212,0.0006471200031228364,0.0,0.2370826005935669
304,1,0.21908202912891284,127,0.35875,0.0,0.5,0,246,0,0,-0.0017928173765540123,13.921215057373047,1.5089750289916992,0.0015074899420142174,0.0,0.25901100039482117
305,1,0.050556640155264176,127,0.4675,0.0,0.75,0,502,0,0,0.000475593056762591,1.7157411575317383,1.4514371156692505,0.0002534743398427963,0.0,0.2959865629673004
306,1,0.05819336023341748,127,0.623125,0.0,0.75,0,758,0,0,-0.0005512237548828125,3.6910293102264404,1.510900855064392,-0.00026210304349660873,0.0,0.2843113839626312
307,1,0.012080077511200216,128,0.024375,0.0,0.0,0,14,0,0,-0.0007286124746315181,1.0661770105361938,1.5111627578735352,2.8823191314586438e-05,0.0,0.27529045939445496
308,1,0.09651367148762802,128,0.2425,0.0,0.0,0,270,0,0,-0.0012397971004247665,2.8360633850097656,1.4594265222549438,0.0007032398134469986,0.0,0.28682178258895874
309,1,0.047441405229619704,128,0.364375,0.0,0.125,0,526,0,0,-0.00039559477590955794,3.46049165725708,1.3773818016052246,0.00029889572761021554,0.0,0.34135809540748596
310,1,0.17043945230034296,128,0.675,0.0,0.25,0,782,0,0,-0.000558922067284584,8.305975914001465,1.499942660331726,-0.000676273659337312,0.0,0.2776266634464264
311,1,0.08758788973136689,129,0.079375,0.0,0.0,0,38,0,0,-6.466219201683998e-05,3.3686656951904297,1.453565239906311,0.0003299643285572529,0.0,0.30212607979774475
312,1,0.1599218742994708,129,0.366875,0.0,0.125,0,294,0,0,-0.0008882333640940487,3.2319154739379883,1.4574193954467773,-0.0006444522296078503,0.0,0.28487345576286316
313,1,0.12574218448571628,129,0.575625,0.0,0.5,0,550,0,0,-3.161141648888588e-05,4.766751289367676,1.4226590394973755,-6.018222120474093e-05,0.0,0.3110902011394501
314,1,0.0022167962015373632,129,0.625,0.0,0.5,0,806,0,0,-0.0010628261370584369,1.563982605934143,1.540802001953125,-1.650846934353467e-05,0.0,0.24592478573322296
315,1,0.078857419986889,130,0.094375,0.0,0.125,0,62,0,0,-0.0004198398964945227,1.6955682039260864,1.4086109399795532,-2.381112426519394e-05,0.0,0.32471340894699097
316,1,0.1753906244848622,130,0.41875,0.0,0.25,0,318,0,0,-0.0009959364542737603,3.7210116386413574,1.4168353080749512,-8.6745094449725e-05,0.0,0.3031562268733978
317,1,-0.013427735204459168,130,0.4625,0.0,0.25,0,574,0,0,0.0005182303139008582,3.723242998123169,1.3540579080581665,1.756086385285016e-05,0.0,0.3486585319042206
318,1,0.03376953043334652,130,0.561875,0.0,0.375,0,830,0,0,-0.0002730929700192064,2.1293437480926514,1.3605531454086304,-0.00044088313006795943,0.0,0.3559509217739105
319,1,0.08117187386233127,131,0.15875,0.0,0.0,0,86,0,0,-0.00040463669574819505,2.7734646797180176,1.382272720336914,-0.0002414262853562832,0.0,0.34237754344940186
320,1,0.0811914064688608,131,0.335,0.0,0.125,0,342,0,0,-0.00050829240353778,2.9793217182159424,1.3488832712173462,4.759834610013058e-06,0.0,0.341586709022522
321,1,0.005039063093136065,131,0.39625,0.0,0.25,0,598,0,0,-5.23768039784045e-06,1.7880529165267944,1.3495020866394043,0.00022805311891715974,0.0,0.3477041721343994
322,1,0.03766601491952315,131,0.503125,0.0,0.375,0,854,0,0,-0.0009723652037791908,2.5184335708618164,1.3927525281906128,0.0002565795148257166,0.0,0.33568087220191956
323,1,0.14897460853899247,132,0.17875,0.0,0.0,0,110,0,0,-0.00014818987983744591,4.610342979431152,1.4533454179763794,-6.451628723880276e-05,0.0,0.2862999141216278
324,1,0.050439451239071786,132,0.286875,0.0,0.25,0,366,0,0,0.00016714430239517242,4.03835391998291,1.3631616830825806,0.0002809742873068899,0.0,0.3416003882884979
325,1,0.03872070289799012,132,0.395,0.0,0.375,0,622,0,0,-2.24999780584767e-06,1.6102066040039062,1.373292088508606,4.357658326625824e-06,0.0,0.33482685685157776
326,1,0.10918945413141046,132,0.578125,0.0,0.75,0,878,0,0,-0.00013900548219680786,6.603914737701416,1.3738065958023071,7.406544318655506e-05,0.0,0.33827948570251465
327,1,0.1186718741664663,133,0.1925,0.0,0.0,0,134,0,0,-0.0001978718937607482,2.0547258853912354,1.4081425666809082,-0.00011624395847320557,0.0,0.3129218816757202
328,1,0.1436328108102316,133,0.43125,0.0,0.375,0,390,0,0,-0.0007864165236242115,4.758488655090332,1.3838363885879517,-4.8206809879047796e-05,0.0,0.3264758884906769
329,1,0.11580078318729647,133,0.653125,0.0,0.5,0,646,0,0,-0.0007914677262306213,4.012192726135254,1.46345853805542,0.00012925080955028534,0.0,0.2885694205760956
330,1,-0.021474610053701326,133,0.684375,0.0,0.5,0,902,0,0,-0.0007091772858984768,1.6213161945343018,1.3986544609069824,0.001124275499023497,0.0,0.32757657766342163
331,1,0.10656250001193257,134,0.23125,0.0,0.0,0,158,0,0,-0.00040283831185661256,2.838224172592163,1.3751662969589233,-0.00030521544977091253,0.0,0.3510853946208954
332,1,0.11113281184225343,134,0.436875,0.0,0.25,0,414,0,0,-0.001125883893109858,6.952010631561279,1.386549949645996,0.000683391175698489,0.0,0.3244631886482239
333,1,0.07065429715294158,134,0.588125,0.0,0.375,0,670,0,0,-0.0015682593220844865,4.145495891571045,1.4096862077713013,0.001122847548685968,0.0,0.31559690833091736
334,1,0.0391601562150754,134,0.69125,0.0,0.5,0,926,0,0,-0.002663706662133336,2.2712106704711914,1.4241234064102173,-0.0006884510512463748,0.0,0.31364285945892334
335,1,0.05154296890395926,135,0.133125,0.0,0.125,0,182,0,0,-0.00024714754545129836,2.960803985595703,1.3695359230041504,0.00024014890368562192,0.0,0.34955957531929016
336,1,0.009912109017022885,135,0.21375,0.0,0.125,0,438,0,0,0.001058912486769259,2.5283141136169434,1.3572052717208862,0.0004351160896476358,0.0,0.35005709528923035
337,1,0.1719140607456211,135,0.548125,0.0,0.25,0,694,0,0,-0.001167790498584509,6.689953804016113,1.4023667573928833,7.083437958499417e-05,0.0,0.32289886474609375
338,1,0.015527343144640326,135,0.6375,0.0,0.25,0,950,0,0,-0.0003789855691138655,0.9436160326004028,1.3802427053451538,0.00010746484622359276,0.0,0.3582252562046051
339,1,0.21490234743396286,136,0.3225,0.0,0.375,0,206,0,0,-0.00038103447877801955,9.176776885986328,1.3699790239334106,5.773012526333332e-05,0.0,0.3559112846851349
340,1,0.06067382729088422,136,0.465625,0.0,0.5,0,462,0,0,-0.00015204818919301033,2.5715830326080322,1.3762497901916504,0.0003020958974957466,0.0,0.3411475121974945
341,1,-0.03779296937864274,136,0.469375,0.0,0.5,0,718,0,0,-0.00017957079398911446,0.6521586179733276,1.356685757637024,0.00011494880163809285,0.0,0.3641916811466217
342,1,0.0922167954267934,136,0.63625,0.0,0.75,0,974,0,0,-0.0003284976410213858,6.080176830291748,1.5155936479568481,-0.00019545387476682663,0.0,0.2765905261039734
343,1,0.0336914056497335,138,0.1525,0.0,0.0,0,212,0,0,-0.00020168907940387726,12.09665298461914,1.5136173963546753,9.164788207272068e-05,0.0,0.2647174298763275
344,1,0.15332031331126927,138,0.42,0.0,0.25,0,468,0,0,-0.0003589570114854723,4.929691791534424,1.4605685472488403,-3.132193114652182e-06,0.0,0.2960852086544037
345,1,0.033466795986896614,138,0.506875,0.0,0.375,0,724,0,0,-0.00039127530180849135,3.0072383880615234,1.4894018173217773,0.00010196647053817287,0.0,0.27797725796699524
346,1,0.1363867171385209,138,0.750625,0.0,0.625,0,980,0,0,-0.0005779233761131763,9.556354522705078,1.4395886659622192,-0.0002752224390860647,0.0,0.31620243191719055
347,1,0.1555371065842337,139,0.23875,0.0,0.375,0,236,0,0,-0.00029798937612213194,2.5606656074523926,1.4244416952133179,8.436090865870938e-05,0.0,0.3177550137042999
348,1,0.11440429669164587,139,0.449375,0.0,0.625,0,492,0,0,-0.00033899955451488495,5.196681022644043,1.3876137733459473,0.00013695114466827363,0.0,0.3447391986846924
349,1,0.08209960864769528,139,0.631875,0.0,0.625,0,748,0,0,-9.131928527494892e-05,3.2036473751068115,1.4821821451187134,1.9901743144146167e-05,0.0,0.29147329926490784
350,1,0.05635742113008746,140,0.0125,0.0,0.0,0,4,0,0,-0.0007713884115219116,2.2530155181884766,1.4728885889053345,0.0003198773192707449,0.0,0.2985099256038666
351,1,0.20449218805879354,140,0.345625,0.0,0.375,0,260,0,0,0.0010337525745853782,6.131189346313477,1.4444941282272339,0.0003325518628116697,0.0,0.2977854907512665
352,1,0.07153320228826487,140,0.506875,0.0,0.375,0,516,0,0,-0.0008637700229883194,3.50901460647583,1.5232582092285156,-0.0005724914371967316,0.0,0.2593875825405121
353,1,0.012041015143040568,140,0.574375,0.0,0.375,0,772,0,0,-0.00010209748143097386,3.458996057510376,1.5281912088394165,2.4992506951093674e-05,0.0,0.2739422619342804
354,1,-0.021992187648720574,141,0.01125,0.0,0.0,0,28,0,0,0.00023273441183846444,1.3910515308380127,1.5672831535339355,0.00017680111341178417,0.0,0.24782760441303253
355,1,0.22803710820517153,141,0.354375,0.0,0.5,0,284,0,0,-1.10169248728198e-05,8.201177597045898,1.4706002473831177,-0.00020257104188203812,0.0,0.2879848778247833
356,1,0.07332031365513103,141,0.506875,0.0,0.625,0,540,0,0,-0.00071686104638502,2.37235426902771,1.5050163269042969,0.0004426675441209227,0.0,0.2774910032749176
357,1,0.10874023362703156,141,0.728125,0.0,0.75,0,796,0,0,-0.0005952711217105389,2.8371710777282715,1.4143611192703247,6.774036592105404e-05,0.0,0.33230218291282654
358,1,0.019023437205760274,142,0.059375,0.0,0.125,0,52,0,0,-0.0008768451516516507,1.3048367500305176,1.5669870376586914,-9.747307194629684e-05,0.0,0.24363483488559723
359,1,0.10970703036582563,142,0.265625,0.0,0.25,0,308,0,0,-0.0005593746900558472,4.252614498138428,1.5118823051452637,0.000198190871742554,0.0,0.27602434158325195
360,1,0.062236328132712515,142,0.429375,0.0,0.25,0,564,0,0,-0.0015046721091493964,1.5315766334533691,1.4889851808547974,0.0002270398399559781,0.0,0.29633525013923645
361,1,0.13923828117913217,142,0.6325,0.0,0.75,0,820,0,0,-0.0001068295314325951,7.551898002624512,1.5024884939193726,5.691917613148689e-05,0.0,0.28775858879089355
362,1,0.04253906243684469,143,0.0875,0.0,0.0,0,76,0,0,-0.0046244035474956036,0.5698013305664062,1.539684772491455,0.0003550242690835148,0.0,0.2698724865913391
363,1,0.10091796851338586,143,0.274375,0.0,0.125,0,332,0,0,-0.0020181492436677217,4.084578037261963,1.5468755960464478,0.0016718627884984016,0.0,0.2487512081861496
364,1,0.1339160154275305,143,0.51375,0.0,0.375,0,588,0,0,-0.0013850206742063165,3.5773160457611084,1.4664603471755981,0.0010654022917151451,0.0,0.2969978153705597
365,1,-0.01582031281577656,143,0.5275,0.0,0.375,0,844,0,0,-0.0014198729768395424,1.8298189640045166,1.5734230279922485,-0.0012778880773112178,0.0,0.23839521408081055
366,1,0.009599608107237145,145,0.0375,0.0,0.0,0,20,0,0,-0.0010275064269080758,12.162805557250977,1.53228759765625,0.0013143859105184674,0.0,0.24998866021633148
367,1,0.20236327983730007,145,0.323125,0.0,0.625,0,276,0,0,0.00013284881424624473,8.970253944396973,1.4677492380142212,-5.758678071288159e-06,0.0,0.29267340898513794
368,1,0.06614257664841716,145,0.460625,0.0,0.75,0,532,0,0,-0.001035515801049769,2.9856033325195312,1.526790976524353,-0.0005666064098477364,0.0,0.26684489846229553
369,1,-0.016621093996946,145,0.491875,0.0,0.75,0,788,0,0,-0.0016101530054584146,1.1490451097488403,1.4712375402450562,-4.896482641925104e-05,0.0,0.29104992747306824
370,1,0.01768554642330855,146,0.01625,0.0,0.0,0,44,0,0,-0.0022865806240588427,2.321743965148926,1.4746103286743164,0.0005361150833778083,0.0,0.28813037276268005
371,1,0.2005078108086309,146,0.363125,0.0,0.25,0,300,0,0,-0.0005987418699078262,6.319733142852783,1.430312156677246,0.002274527447298169,0.0,0.3107236921787262
372,1,0.01704101512223133,146,0.44375,0.0,0.25,0,556,0,0,-0.0012621766654774547,1.7551730871200562,1.4151054620742798,0.0016425838693976402,0.0,0.3081340789794922
373,1,0.0507128902063414,146,0.55875,0.0,0.375,0,812,0,0,-0.0009647304541431367,3.763598918914795,1.4464524984359741,0.0004382145998533815,0.0,0.2992161512374878
374,1,0.01227539074170636,147,0.066875,0.0,0.125,0,73,0,0,-0.003515927353873849,0.9108330011367798,1.466241717338562,0.0019159683724865317,0.0,0.2832629978656769
375,1,0.1360156233968155,147,0.298125,0.0,0.375,0,329,0,0,-0.00015236281615216285,3.5359151363372803,1.4194716215133667,0.0016768240602687001,0.0,0.30775102972984314
376,1,-0.01976562524214387,147,0.30875,0.0,0.375,0,585,0,0,-0.0002680205216165632,2.593961238861084,1.435570240020752,-0.0004040033963974565,0.0,0.32063573598861694
377,1,0.02616210850828793,147,0.379375,0.0,0.5,0,841,0,0,-0.002158096758648753,1.9425472021102905,1.3795709609985352,0.0008697921293787658,0.0,0.34324324131011963
378,1,0.13513671821783646,148,0.189375,0.0,0.125,0,103,0,0,0.00045643639168702066,4.283349514007568,1.3882498741149902,0.0003824105951935053,0.0,0.3361278474330902
379,1,0.1634765609051101,148,0.441875,0.0,0.625,0,359,0,0,-0.0001207645982503891,5.340287208557129,1.3068205118179321,-9.869566565612331e-05,0.0,0.38262903690338135
380,1,0.04897460915890406,148,0.571875,0.0,0.625,0,615,0,0,-0.0009198564221151173,1.6724046468734741,1.4004420042037964,0.00017770582053344697,0.0,0.3253251910209656
381,1,0.06823241983511252,148,0.72375,0.0,0.75,0,871,0,0,-0.0003098081797361374,1.7522037029266357,1.336859107017517,-0.0003007537161465734,0.0,0.36187779903411865
382,1,0.04324218748661224,149,0.081875,0.0,0.0,0,127,0,0,-0.0019490987760946155,2.458566665649414,1.392121434211731,0.001729587442241609,0.0,0.32382291555404663
383,1,0.16472656193582225,149,0.341875,0.0,0.375,0,383,0,0,-0.0003455976548139006,5.32032585144043,1.3744640350341797,0.00015137965965550393,0.0,0.34620651602745056
384,1,0.009121093957219273,149,0.396875,0.0,0.375,0,639,0,0,0.00016508251428604126,2.5527920722961426,1.4137691259384155,-0.00025426349020563066,0.0,0.32179510593414307
385,1,-0.022119140765425982,149,0.396875,0.0,0.375,0,895,0,0,-0.00042732743895612657,0.575391411781311,1.4193166494369507,-0.00010618412488838658,0.0,0.3101240396499634
386,1,0.12869140791372047,151,0.21375,0.0,0.5,0,142,0,0,-0.0016694390214979649,15.511442184448242,1.4161405563354492,0.0005903144483454525,0.0,0.32551392912864685
387,1,0.07964843731315341,151,0.388125,0.0,0.5,0,398,0,0,-0.0007449885015375912,3.7874183654785156,1.4088644981384277,-0.0005122495931573212,0.0,0.3258971571922302
388,1,0.06863281210826244,151,0.534375,0.0,0.625,0,654,0,0,-0.0014591148355975747,3.279188632965088,1.3315402269363403,-0.000913355965167284,0.0,0.3720255196094513
389,1,0.09075195287368842,151,0.736875,0.0,0.625,0,910,0,0,0.00046573314466513693,4.437823295593262,1.2935495376586914,-5.892726403544657e-05,0.0,0.3757901191711426
390,1,0.12083007711771643,152,0.185625,0.0,0.5,0,166,0,0,-0.000577486411202699,6.989899635314941,1.302114725112915,0.00034609041176736355,0.0,0.37779855728149414
391,1,0.17109374942083377,152,0.498125,0.0,0.625,0,422,0,0,-0.0006892618839628994,3.437084674835205,1.2990995645523071,7.553181058028713e-05,0.0,0.3717357814311981
392,1,0.059511717921850504,152,0.63625,0.0,0.75,0,678,0,0,-0.002360027749091387,3.2440237998962402,1.2973134517669678,0.0007170047610998154,0.0,0.3766855001449585
393,1,-0.015097656672878657,152,0.6625,0.0,0.75,0,934,0,0,-0.002196048852056265,1.119089126586914,1.3588918447494507,0.0014360753120854497,0.0,0.35122236609458923
394,1,0.031074216407432687,154,0.12375,0.0,0.25,0,186,0,0,-0.0013972142478451133,6.852616310119629,1.3481297492980957,0.001467328635044396,0.0,0.36710479855537415
395,1,0.12626952993741725,154,0.3725,0.0,0.375,0,442,0,0,0.0006953247939236462,5.299962043762207,1.2691621780395508,-0.0009873498929664493,0.0,0.3916189670562744
396,1,0.09522460913285613,154,0.561875,0.0,0.5,0,698,0,0,-0.0020768281538039446,4.0288543701171875,1.3090782165527344,-0.0005563062732107937,0.0,0.37403419613838196
397,1,-0.016337891236616997,154,0.595625,0.0,0.5,0,954,0,0,0.0008386069093830884,1.575788974761963,1.2940798997879028,-0.00073959183646366,0.0,0.37561431527137756
398,1,0.1315332022786606,155,0.21625,0.0,0.375,0,210,0,0,-0.00039115361869335175,9.900096893310547,1.3173521757125854,0.0007651725900359452,0.0,0.3701547384262085
399,1,0.15951171935012098,155,0.518125,0.0,0.5,0,466,0,0,-0.0007605726714245975,4.203419208526611,1.3370505571365356,0.000658160075545311,0.0,0.3599892854690552
400,1,-0.01839843814377673,155,0.553125,0.0,0.5,0,722,0,0,-0.00011299178004264832,1.5187585353851318,1.2393499612808228,-0.00040036192513071,0.0,0.3893835246562958
401,1,-0.03179687572992407,155,0.566875,0.0,0.5,0,978,0,0,9.127830708166584e-05,0.2216012179851532,1.245937705039978,8.500212425133213e-05,0.0,0.40879693627357483
402,1,0.19799804542344646,156,0.298125,0.0,0.5,0,234,0,0,-0.00044247880578041077,6.30218505859375,1.3596073389053345,-0.00025143567472696304,0.0,0.3427414000034332
403,1,0.08703124939347617,156,0.495,0.0,0.5,0,490,0,0,-0.0008856973727233708,1.7912546396255493,1.3829480409622192,0.0006031985394656658,0.0,0.3393877446651459
404,1,-0.011337891759467311,156,0.52625,0.0,0.625,0,746,0,0,-0.0012765718856826425,2.0038294792175293,1.3073636293411255,0.00019907718524336815,0.0,0.3724801242351532
405,1,-0.012412110168952495,157,0.0075,0.0,0.0,0,2,0,0,-0.0012879943242296576,0.7916874885559082,1.3530927896499634,0.002441426506265998,0.0,0.36151257157325745
406,1,0.1925585938806762,157,0.3225,0.0,0.375,0,258,0,0,-0.00036643692874349654,5.518296241760254,1.3632017374038696,0.0009253090247511864,0.0,0.34203946590423584
407,1,0.1269042973726755,157,0.561875,0.0,0.5,0,514,0,0,-0.0003348862228449434,2.5111169815063477,1.4381297826766968,0.0002581203880254179,0.0,0.29489174485206604
408,1,0.04884765509632416,157,0.70625,0.0,0.5,0,770,0,0,-0.00524521991610527,0.9618606567382812,1.2596755027770996,0.0024738702923059464,0.0,0.39832770824432373
409,1,-0.00427734489494469,158,0.055625,0.0,0.0,0,26,0,0,0.002077300800010562,0.8486894965171814,1.2054352760314941,0.001800457015633583,0.0,0.43543729186058044
410,1,0.13568359239798156,158,0.285625,0.0,0.25,0,282,0,0,-0.0012263869866728783,3.4309513568878174,1.3886241912841797,0.00046523567289114,0.0,0.3220343291759491
411,1,-0.007607422234286787,158,0.310625,0.0,0.25,0,538,0,0,-0.0004976351629011333,2.91939377784729,1.428153395652771,0.0007566629792563617,0.0,0.3230293095111847
412,1,-0.004580078420985956,158,0.348125,0.0,0.25,0,794,0,0,-0.00024451626813970506,1.4374240636825562,1.3757191896438599,3.972121703554876e-05,0.0,0.33815208077430725
413,1,0.055371093196299626,159,0.10625,0.0,0.125,0,50,0,0,-0.0009966982761397958,2.050886392593384,1.3425179719924927,0.00012801882985513657,0.0,0.35515424609184265
414,1,0.24666015635739313,159,0.508125,0.0,0.5,0,306,0,0,-0.0003578097966965288,6.21544885635376,1.3177852630615234,0.0007363149779848754,0.0,0.3716231882572174
415,1,0.10227538975595962,159,0.7,0.0,0.75,0,562,0,0,-0.00012240558862686157,1.8138428926467896,1.230465054512024,-1.791523209249135e-05,0.0,0.41354942321777344
416,1,0.017080077370337676,159,0.773125,0.0,0.875,0,818,0,0,-0.0004099280049558729,1.062436580657959,1.2271641492843628,-0.00010724380990723148,0.0,0.41610923409461975
417,1,0.0815136709716171,160,0.10625,0.0,0.0,0,74,0,0,-0.0005867329891771078,4.126110076904297,1.3330920934677124,0.00026096063083969057,0.0,0.3684972822666168
418,1,0.23964843703288352,160,0.416875,0.0,0.875,0,330,0,0,-0.0009319162927567959,6.581021308898926,1.333765983581543,0.0011729042744264007,0.0,0.3750632107257843
419,1,0.040107421889842954,160,0.516875,0.0,1.0,0,586,0,0,2.422990974082495e-06,1.8912800550460815,1.323996663093567,0.00015382654964923859,0.0,0.3673034608364105
420,1,0.013300781098223524,160,0.60125,0.0,1.0,0,842,0,0,-0.002951205475255847,1.8078731298446655,1.236128568649292,0.0010439706966280937,0.0,0.4081461727619171
421,1,0.0696386719464499,161,0.145625,0.0,0.0,0,98,0,0,-0.0001935322507051751,3.032996416091919,1.2939261198043823,0.005313047673553228,0.0,0.3499029576778412
422,1,0.1248730452862219,161,0.405625,0.0,0.0,0,354,0,0,-0.008389283902943134,3.8149073123931885,1.2043565511703491,0.002011961070820689,0.0,0.4039560854434967
423,1,0.15384765561975655,161,0.655,0.0,0.375,0,610,0,0,-0.00014490603643935174,2.8448047637939453,1.1450847387313843,0.00796711165457964,0.0,0.43302690982818604
424,1,-0.011767578442231752,161,0.681875,0.0,0.375,0,866,0,0,-0.002221032278612256,1.9044036865234375,1.0974805355072021,0.001063559204339981,0.0,0.47006940841674805
425,1,0.039599608222488314,162,0.083125,0.0,0.25,0,122,0,0,-0.001216104836203158,2.737032890319824,1.1222606897354126,0.00032472098246216774,0.0,0.4641300439834595
426,1,0.033691405536956154,162,0.160625,0.0,0.375,0,378,0,0,0.00010175382340094075,3.181382417678833,1.0954160690307617,0.00015743945550639182,0.0,0.4815811812877655
427,1,-0.016015625194995664,162,0.17125,0.0,0.375,0,634,0,0,-0.001391087076626718,0.9516358375549316,1.077484130859375,0.0010945862159132957,0.0,0.48817190527915955
428,1,0.015566404683340807,162,0.225625,0.0,0.5,0,890,0,0,-0.0017363327788189054,1.5363643169403076,1.0328973531723022,0.0003500687889754772,0.0,0.5333329439163208
429,1,0.07330078035010956,163,0.19,0.0,0.0,0,189,0,0,-0.0015235698083415627,4.0512919425964355,1.0053528547286987,-0.0010926001705229282,0.0,0.5242723226547241
430,1,0.05751953036087798,163,0.309375,0.0,0.125,0,445,0,0,0.0007882200297899544,1.1509997844696045,1.159076452255249,-0.0012102554319426417,0.0,0.44550493359565735
431,1,0.0946972650490352,163,0.475625,0.0,0.375,0,701,0,0,-0.0018206784734502435,4.879780292510986,1.1516822576522827,0.00042255595326423645,0.0,0.4651699364185333
432,1,0.014150389884889591,163,0.549375,0.0,0.375,0,957,0,0,-0.005961400922387838,1.3079323768615723,1.1074916124343872,0.0006491830572485924,0.0,0.4780097007751465
433,1,0.14835937455063686,164,0.275625,0.0,0.125,0,213,0,0,-0.001417841180227697,3.185363531112671,1.1249743700027466,-0.0005533400108106434,0.0,0.46476802229881287
434,1,0.06380859313503606,164,0.38,0.0,0.5,0,469,0,0,0.0001780870370566845,3.064751625061035,1.0732210874557495,0.0014525643782690167,0.0,0.5038872361183167
435,1,0.039111326725105755,164,0.4675,0.0,0.625,0,725,0,0,-0.0009857434779405594,1.7769758701324463,1.111504077911377,0.00043777344399131835,0.0,0.4958339035511017
436,1,0.024794921395368874,165,0.01875,0.0,0.0,0,31,0,0,-8.591109508415684e-05,2.4308552742004395,1.033617377281189,0.0016257412498816848,0.0,0.5164685845375061
437,1,0.11463867076599854,165,0.206875,0.0,0.375,0,287,0,0,-0.0018708020215854049,3.2344532012939453,0.9749404788017273,-3.261988240410574e-05,0.0,0.5683038234710693
438,1,0.16639648222189862,165,0.478125,0.0,0.75,0,543,0,0,0.000546816096175462,8.683140754699707,1.0030301809310913,0.00010866066440939903,0.0,0.543571412563324
439,1,0.05124999782856321,165,0.6025,0.0,0.875,0,799,0,0,-0.0007605332066304982,3.2901227474212646,0.9916779398918152,1.269144286197843e-05,0.0,0.5608748197555542
440,1,-0.001025391713483259,166,0.065,0.0,0.0,0,55,0,0,-0.004631475079804659,1.1296933889389038,0.934010922908783,-0.0015561161562800407,0.0,0.592860996723175
441,1,0.09826171807799255,166,0.245625,0.0,0.25,0,311,0,0,0.00011192230886081234,4.174202919006348,0.9320347905158997,0.001748179434798658,0.0,0.5733379125595093
442,1,0.11280273292504717,166,0.48,0.0,0.25,0,567,0,0,0.0005520216654986143,4.287698745727539,1.0220495462417603,0.00046109361574053764,0.0,0.5427700877189636
443,1,0.020087889661226654,166,0.5725,0.0,0.25,0,823,0,0,-0.0003655683249235153,0.777802050113678,0.9344188570976257,0.0005317252944223583,0.0,0.5952039361000061
444,1,0.14472656178986654,167,0.253125,0.0,0.25,0,122,0,0,-0.00017940097313839942,5.524835109710693,1.0349398851394653,-0.00018417944374959916,0.0,0.5250094532966614
445,1,0.11408202979146154,167,0.449375,0.0,0.5,0,378,0,0,-0.00155489647295326,3.450136423110962,1.1160115003585815,0.0004875993763562292,0.0,0.48327648639678955
446,1,0.04959960866108304,167,0.595,0.0,0.5,0,634,0,0,-0.00028434055275283754,2.416200876235962,0.9808757901191711,-0.0014146344037726521,0.0,0.5455554127693176
447,1,0.007841796192224137,167,0.656875,0.0,0.5,0,890,0,0,-0.004416782874614,1.0863280296325684,1.1078755855560303,0.0006469747168011963,0.0,0.49484965205192566
448,1,0.10016601323877694,168,0.161875,0.0,0.375,0,146,0,0,-0.00011578574776649475,7.018258094787598,1.0288735628128052,0.007000597659498453,0.0,0.5252681970596313
449,1,0.06631835826556198,168,0.2975,0.0,0.625,0,402,0,0,0.0023643989115953445,3.6716506481170654,1.0145515203475952,0.0010092944139614701,0.0,0.5262875556945801
450,1,0.028847655492427293,168,0.409375,0.0,0.625,0,658,0,0,-0.0037609676364809275,1.809617042541504,1.0010854005813599,0.00046633603051304817,0.0,0.5366811156272888
451,1,0.020078123852727003,168,0.508125,0.0,0.625,0,914,0,0,-0.006438037846237421,3.132004499435425,0.8565078377723694,0.004108504857867956,0.0,0.5969372391700745
452,1,0.2294140594167402,169,0.274375,0.0,0.25,0,170,0,0,0.0007925871759653091,7.913286209106445,1.003108024597168,0.0018514372641220689,0.0,0.5359143614768982
453,1,0.07709960804641014,169,0.436875,0.0,0.375,0,426,0,0,-0.004281959030777216,3.1517088413238525,0.8672377467155457,0.0024797332007437944,0.0,0.5934513211250305
454,1,0.0907617160846712,169,0.621875,0.0,0.5,0,682,0,0,0.0002052954660030082,4.264214515686035,0.8030280470848083,0.0011995850363746285,0.0,0.6416211128234863
455,1,-0.027421875442087185,169,0.644375,0.0,0.5,0,938,0,0,-0.000111962050141301,0.6850039958953857,0.6949161887168884,0.00040922811604104936,0.0,0.7013852000236511
456,1,0.21231444971635938,170,0.26875,0.0,0.375,0,194,0,0,-0.0005643529002554715,6.002710342407227,0.8214572072029114,0.0007314682006835938,0.0,0.6223305463790894
457,1,-0.04198242234997451,170,0.269375,0.0,0.375,0,450,0,0,-0.00031611198210157454,4.226140022277832,0.6522956490516663,-0.00018767516303341836,0.0,0.7344191074371338
458,1,0.08104492079291958,170,0.429375,0.0,0.625,0,706,0,0,-0.0006051125819794834,4.405791759490967,0.6418054699897766,-0.00022728492331225425,0.0,0.7387542724609375
459,1,0.08832031158090103,170,0.581875,0.0,1.0,0,962,0,0,-2.674261668289546e-05,4.401429176330566,0.6162330508232117,0.0003450733202043921,0.0,0.7500410079956055
460,1,0.052900389480782906,171,0.13375,0.0,0.0,0,218,0,0,-0.0001542458776384592,4.194822788238525,0.9217548370361328,1.2883295141818962e-07,0.0,0.5795260667800903
461,1,0.08265624770137947,171,0.27875,0.0,0.25,0,474,0,0,-0.000407075829571113,5.223114967346191,0.8894088268280029,0.00019344470638316125,0.0,0.6107273697853088
462,1,0.12830077965918463,171,0.53,0.0,0.375,0,730,0,0,8.105704182526097e-05,4.373203754425049,0.7798002362251282,0.0004121981037314981,0.0,0.6755450367927551
463,1,-0.023867187948781066,171,0.544375,0.0,0.375,0,986,0,0,8.284207433462143e-05,1.376824975013733,0.7526507377624512,-1.1812585398729425e-05,0.0,0.6767767071723938
464,1,0.12009765338007128,172,0.21125,0.0,0.25,0,242,0,0,-0.0003004347381647676,7.584933757781982,0.7961105704307556,-0.00015410035848617554,0.0,0.6442371606826782
465,1,0.1309960924263578,172,0.4575,0.0,0.375,0,498,0,0,-0.00010284222662448883,3.6788768768310547,0.8743197917938232,3.788558024098165e-05,0.0,0.6009315848350525
466,1,-0.005371094586735126,172,0.5075,0.0,0.375,0,754,0,0,-0.0002103317528963089,1.2340047359466553,0.7372807860374451,0.0002952716313302517,0.0,0.7026339173316956
467,1,0.0415136709343642,173,0.01875,0.0,0.0,0,10,0,0,-0.0004941454972140491,2.3031938076019287,0.7301157116889954,-0.0004124999977648258,0.0,0.6817744374275208
468,1,0.11600585668929853,173,0.248125,0.0,0.125,0,266,0,0,-0.0005307602696120739,4.289023399353027,0.909496545791626,0.00015003264707047492,0.0,0.600525438785553
469,1,0.08861327896738658,173,0.4375,0.0,0.25,0,522,0,0,-0.0005806370754726231,3.2250146865844727,0.8591201901435852,-0.0007108736899681389,0.0,0.6041721701622009
470,1,0.09494140413517016,173,0.605625,0.0,0.5,0,778,0,0,-0.00035004146047867835,2.805410623550415,0.932572066783905,-0.00012116506695747375,0.0,0.5816386342048645
471,1,0.09095702895137947,174,0.073125,0.0,0.0,0,34,0,0,-0.0005533602088689804,3.888895034790039,0.917173445224762,8.456269279122353e-05,0.0,0.5890255570411682
472,1,0.20662109220575076,174,0.415625,0.0,0.375,0,290,0,0,-0.0001381412148475647,3.789999008178711,0.964145839214325,-0.00022374124091584235,0.0,0.5730542540550232
473,1,0.12197265300346771,174,0.61375,0.0,0.75,0,546,0,0,-0.001565542072057724,2.9557337760925293,0.9262704253196716,-0.0005539202247746289,0.0,0.5924956202507019
474,1,0.0044335930433589965,174,0.681875,0.0,0.75,0,802,0,0,-0.002831618068739772,1.6281968355178833,0.818000316619873,-0.0011411984451115131,0.0,0.6383711695671082
475,1,0.08634765502938535,175,0.13375,0.0,0.375,0,177,0,0,0.0003287065774202347,3.6084039211273193,1.012912631034851,-0.0011891890317201614,0.0,0.555051863193512
476,1,0.18326171772059752,175,0.444375,0.0,0.625,0,433,0,0,-0.00033507743501104414,6.151955604553223,0.9423923492431641,-1.1838041245937347e-05,0.0,0.5644429326057434
477,1,-0.023466797145374585,175,0.44875,0.0,0.625,0,689,0,0,-0.00027533495449461043,1.8068779706954956,1.0018706321716309,0.0001400178298354149,0.0,0.545659065246582
478,1,0.02624023289899924,176,0.0625,0.0,0.125,0,62,0,0,-0.0024521267041563988,1.1900529861450195,1.040041446685791,0.0008364527602680027,0.0,0.5370004177093506
479,1,0.055302734006545506,176,0.206875,0.0,0.125,0,318,0,0,-0.0026924023404717445,2.3912670612335205,1.0758932828903198,0.003513853996992111,0.0,0.5204145312309265
480,1,0.1516406232403824,176,0.510625,0.0,0.125,0,574,0,0,-0.0018513010581955314,4.163234710693359,1.0942330360412598,0.0017177291447296739,0.0,0.5079657435417175
481,1,0.0925390617812809,176,0.695,0.0,0.25,0,830,0,0,0.0010344410547986627,3.4057722091674805,1.0907105207443237,-0.00045704827061854303,0.0,0.5048680901527405
482,1,0.11932616895501269,177,0.1975,0.0,0.125,0,126,0,0,-0.0009027614141814411,2.1659679412841797,1.1768234968185425,-0.0012054190738126636,0.0,0.44860756397247314
483,1,0.1536914027601597,177,0.43375,0.0,0.625,0,382,0,0,-0.001434887177310884,4.334431171417236,1.241350531578064,0.0032620506826788187,0.0,0.4252747595310211
484,1,0.05186523421070888,177,0.559375,0.0,0.75,0,638,0,0,-0.0009068281506188214,4.340404510498047,1.2214488983154297,-0.00014598171401303262,0.0,0.43094301223754883
485,1,-0.01161132844936219,177,0.581875,0.0,0.75,0,894,0,0,-0.0029005100950598717,0.9127466082572937,1.2994846105575562,-0.00018736797210294753,0.0,0.4018136262893677
486,1,0.016289061582938302,178,0.06875,0.0,0.0,0,150,0,0,-0.0027976511046290398,3.9527440071105957,1.3948651552200317,0.005813976749777794,0.0,0.3452591001987457
487,1,0.20734374811581802,178,0.42875,0.0,0.25,0,406,0,0,-0.001231124042533338,5.044064998626709,1.2988466024398804,0.0018110742093995214,0.0,0.39628568291664124
488,1,0.08628906188823748,178,0.615625,0.0,0.375,0,662,0,0,-0.0012381976703181863,2.5365545749664307,1.2940396070480347,0.001498559839092195,0.0,0.3989229202270508
489,1,0.02246093613211997,178,0.700625,0.0,0.5,0,918,0,0,-0.0007793499971739948,1.5546462535858154,1.2910884618759155,0.0005444120615720749,0.0,0.38589319586753845
490,1,0.1288574211903324,179,0.174375,0.0,0.25,0,174,0,0,-0.000835200771689415,5.793423175811768,1.385327696800232,0.0007337901624850929,0.0,0.3244503438472748
491,1,0.09437499857449438,179,0.355625,0.0,0.5,0,430,0,0,5.402912574936636e-05,5.535058975219727,1.3472280502319336,-0.0007009203545749187,0.0,0.3673073351383209
492,1,0.003398436776478775,179,0.429375,0.0,0.5,0,686,0,0,-0.0001844659709604457,0.7771117091178894,1.3041658401489258,-0.00019527110271155834,0.0,0.3768582344055176
493,1,0.03663085831794888,179,0.5475,0.0,0.5,0,942,0,0,-0.0029540478717535734,1.5068049430847168,1.3067878484725952,-0.0010569744044914842,0.0,0.3903779089450836
494,1,0.2118847638485022,180,0.324375,0.0,0.375,0,198,0,0,0.0004640991392079741,4.987060546875,1.3817404508590698,-0.001992330653592944,0.0,0.3414058983325958
495,1,0.12693359250988578,180,0.554375,0.0,0.625,0,454,0,0,-0.0009370017796754837,4.396793842315674,1.2974497079849243,0.0009984489297494292,0.0,0.3800370991230011
496,1,0.07428710836393293,180,0.72,0.0,0.75,0,710,0,0,-0.0003846169856842607,2.33851957321167,1.2198913097381592,0.0007896420429460704,0.0,0.42637014389038086
497,1,-0.005771484866272658,180,0.779375,0.0,0.75,0,966,0,0,-0.000538898806553334,0.3810465633869171,1.1949399709701538,-3.942986950278282e-05,0.0,0.43612515926361084
498,1,0.17641601181821898,182,0.330625,0.0,0.375,0,214,0,0,-0.0027641935739666224,12.99571418762207,1.298277735710144,0.000400166871258989,0.0,0.38185158371925354
499,1,0.08484374847466825,182,0.5075,0.0,0.5,0,470,0,0,-9.394995868206024e-05,4.012343406677246,1.2906655073165894,0.0007097842171788216,0.0,0.3921753466129303
500,1,0.05165038998529781,182,0.620625,0.0,0.75,0,726,0,0,-0.0039508710615336895,1.9354801177978516,1.0828120708465576,-0.0013645702274516225,0.0,0.510104775428772
501,1,0.017724608798744157,182,0.7175,0.0,0.75,0,982,0,0,0.0008934804354794323,1.1482089757919312,1.0334339141845703,0.001045631361193955,0.0,0.5080647468566895
502,1,0.17186523314740043,183,0.335625,0.0,0.0,0,238,0,0,-0.0009162385831587017,2.194568157196045,1.2275229692459106,6.835969543317333e-05,0.0,0.4143924415111542
503,1,0.2065722635234124,183,0.655625,0.0,0.5,0,494,0,0,-0.0009836511453613639,3.9104621410369873,1.2500941753387451,0.0032768603414297104,0.0,0.4401949942111969
504,1,-0.029375000376603566,183,0.676875,0.0,0.5,0,750,0,0,-0.001108067692257464,3.560622215270996,1.1484302282333374,-0.0001564749254612252,0.0,0.4637735188007355
505,1,0.05077148327836767,184,0.014375,0.0,0.0,0,6,0,0,-0.0011419212678447366,2.326777458190918,1.2606772184371948,0.0010320601286366582,0.0,0.4123729467391968
506,1,0.27265624779101927,184,0.434375,0.0,0.5,0,262,0,0,0.0003728854062501341,7.27175760269165,1.310720443725586,0.0013181964168325067,0.0,0.37216201424598694
507,1,0.04659179550799308,184,0.549375,0.0,0.625,0,518,0,0,-0.00036951061338186264,2.2376909255981445,1.2390069961547852,-0.0006974486750550568,0.0,0.42824769020080566
508,1,0.10266601370676653,184,0.740625,0.0,0.875,0,774,0,0,-0.0001261222641915083,2.938558578491211,1.1680827140808105,0.00020717766892630607,0.0,0.453940749168396
509,1,0.060908201448910404,185,0.06875,0.0,0.125,0,30,0,0,-0.0010647103190422058,1.678540587425232,1.139207124710083,-0.0004175716021563858,0.0,0.4728010892868042
510,1,0.17719726398354396,185,0.3825,0.0,0.375,0,286,0,0,-0.0005095619708299637,4.93196439743042,1.3254069089889526,0.0004858034662902355,0.0,0.37386465072631836
511,1,0.06302734317432623,185,0.5325,0.0,0.5,0,542,0,0,1.0409082278783899e-05,2.5097174644470215,1.2484815120697021,0.0005691088736057281,0.0,0.40957263112068176
512,1,-8.789102503214963e-05,185,0.5675,0.0,0.625,0,798,0,0,-0.0006115662981756032,1.3927092552185059,1.2419980764389038,0.0009372218628413975,0.0,0.4097367823123932
513,1,0.06342773370852228,186,0.123125,0.0,0.0,0,54,0,0,-0.0006011531804688275,1.5804390907287598,1.2331606149673462,-2.5286650270572864e-05,0.0,0.4323216676712036
514,1,0.1479589821137779,186,0.394375,0.0,0.125,0,310,0,0,-6.490293890237808e-05,4.650801181793213,1.3419766426086426,-8.765142410993576e-05,0.0,0.35875165462493896
515,1,0.06831054631038569,186,0.56,0.0,0.125,0,566,0,0,-0.00045360918738879263,2.2215654850006104,1.2346709966659546,0.0002528830955270678,0.0,0.4332599341869354
516,1,-0.02535156269732397,186,0.5675,0.0,0.125,0,822,0,0,-0.00014470827591139823,1.4855848550796509,1.2060009241104126,0.0003557167947292328,0.0,0.4482596218585968
517,1,0.07713866999256425,188,0.16,0.0,0.25,0,107,0,0,-0.0007553703035227954,6.504400253295898,1.2419530153274536,-0.00021363080304581672,0.0,0.41902610659599304
518,1,0.10207031114259735,188,0.334375,0.0,0.625,0,363,0,0,-0.0004526370612438768,3.162663459777832,1.249757170677185,0.0008398985373787582,0.0,0.44331204891204834
519,1,0.044755858631106094,188,0.468125,0.0,0.625,0,619,0,0,-0.0005161536973901093,3.831066370010376,1.2431373596191406,-0.000504715193528682,0.0,0.4140683710575104
520,1,0.06233398321637651,188,0.6125,0.0,0.75,0,875,0,0,-0.0009515346027910709,2.3644402027130127,1.1429916620254517,-0.00016002931806724519,0.0,0.4652210772037506
521,1,0.23146483984601218,189,0.26,0.0,0.75,0,169,0,0,0.000309990718960762,8.245957374572754,1.2793177366256714,0.0001554677728563547,0.0,0.4102878272533417
522,1,0.14274413839302724,189,0.529375,0.0,0.875,0,425,0,0,-0.00019225974392611533,3.308455228805542,1.2733687162399292,-7.403502240777016e-05,0.0,0.4080946445465088
523,1,0.0602050773013616,189,0.663125,0.0,1.0,0,681,0,0,-0.0005126853357069194,1.3448394536972046,1.2281484603881836,7.420886686304584e-05,0.0,0.4449852406978607
524,1,0.04455078041064553,189,0.801875,0.0,1.0,0,937,0,0,-0.0005743286455981433,2.357354164123535,1.1970009803771973,-0.0003454826364759356,0.0,0.4436993896961212
525,1,0.11513671571447048,190,0.233125,0.0,0.125,0,193,0,0,-0.0016052847495302558,3.232542037963867,1.3548603057861328,-0.0005689774989150465,0.0,0.3556971848011017
526,1,0.22030273328709882,190,0.579375,0.0,0.625,0,449,0,0,-0.00027851821505464613,3.4927423000335693,1.3567205667495728,-0.0013560348888859153,0.0,0.35113170742988586
527,1,0.09971679424779722,191,0.225625,0.0,0.125,0,165,0,0,0.0011418055510148406,7.815954685211182,1.371027946472168,0.0005290267872624099,0.0,0.3445771634578705
528,1,0.13466796769353095,191,0.49875,0.0,0.125,0,421,0,0,-0.004734719172120094,3.457054853439331,1.367050290107727,0.002419858006760478,0.0,0.3670734465122223
529,1,0.12538085709093139,191,0.69375,0.0,0.625,0,677,0,0,-0.00021505232143681496,3.8399970531463623,1.3588743209838867,-0.00041531524038873613,0.0,0.356030136346817
530,1,0.0700195311801508,191,0.81875,0.0,1.0,0,933,0,0,-0.0008000395609997213,3.3360095024108887,1.3596683740615845,0.0018352483166381717,0.0,0.36829817295074463
531,1,0.2345703090832103,192,0.359375,0.0,0.5,0,189,0,0,-0.0005171843804419041,7.764806747436523,1.4514613151550293,0.0007250332273542881,0.0,0.3133201599121094
532,1,0.11605468619382009,192,0.595,0.0,0.625,0,445,0,0,-0.003985095769166946,2.808798313140869,1.4228378534317017,0.0026268132496625185,0.0,0.3366168439388275
533,1,0.012138671161665116,192,0.655,0.0,0.75,0,701,0,0,0.0024743934627622366,3.298069715499878,1.5139352083206177,0.0009646484977565706,0.0,0.2888021171092987
534,1,0.05466796788095962,192,0.79125,0.0,0.875,0,957,0,0,-0.000863037072122097,1.9808818101882935,1.4542897939682007,-0.0003475809935480356,0.0,0.30276939272880554
535,1,0.18086913855950115,194,0.184375,0.0,0.125,0,115,0,0,-0.0030165149364620447,18.50164794921875,1.538537621498108,-0.0001699434797046706,0.0,0.2666877806186676
536,1,0.1439062491772347,194,0.441875,0.0,0.375,0,371,0,0,-0.002336574485525489,3.053361415863037,1.4609373807907104,0.0008826448465697467,0.0,0.30897286534309387
537,1,0.08793945040088147,194,0.631875,0.0,0.625,0,627,0,0,-0.0023387547116726637,4.146897315979004,1.339447021484375,-0.00041872356086969376,0.0,0.3671896159648895
538,1,0.0395117181178648,194,0.724375,0.0,0.875,0,883,0,0,-0.0011021940736100078,3.205859661102295,1.344525694847107,0.0013275989331305027,0.0,0.35046955943107605
539,1,0.1081542954852921,195,0.16375,0.0,0.25,0,139,0,0,-0.003949347883462906,2.2885587215423584,1.4180021286010742,0.002245330484583974,0.0,0.3391784429550171
540,1,0.07008788947132416,195,0.325625,0.0,0.375,0,395,0,0,-0.00822210218757391,3.194298267364502,1.4528225660324097,0.007059752941131592,0.0,0.3307240605354309
541,1,0.09079101517272647,195,0.49875,0.0,0.625,0,651,0,0,-0.0034630040172487497,2.8918471336364746,1.5118461847305298,0.005727556999772787,0.0,0.2935561239719391
542,1,0.08955077874998096,195,0.689375,0.0,0.75,0,907,0,0,-0.0009256371413357556,3.462329149246216,1.461216926574707,0.004541780333966017,0.0,0.31140968203544617
543,1,0.09357421645836439,198,0.189375,0.0,0.125,0,134,0,0,0.0006169592961668968,18.819089889526367,1.4608386754989624,0.004283880349248648,0.0,0.31591424345970154
544,1,0.10069335827574832,199,0.2075,0.0,0.125,0,140,0,0,-0.0002662758342921734,13.031965255737305,1.5006023645401,-7.585048297187313e-05,0.0,0.29796841740608215
545,1,0.039873046640423127,199,0.344375,0.0,0.25,0,396,0,0,-0.00036793542676605284,3.444119453430176,1.4773021936416626,0.0014142071595415473,0.0,0.33446887135505676
546,1,-0.006474610752775334,199,0.42625,0.0,0.25,0,652,0,0,-0.00040745455771684647,1.5906699895858765,1.4538127183914185,0.00016625660646241158,0.0,0.33483219146728516
547,1,0.028037107003910933,199,0.53,0.0,0.375,0,908,0,0,-0.0016736419638618827,1.9984657764434814,1.5005313158035278,0.0003793417999986559,0.0,0.3002212941646576
548,1,0.07774414020241238,200,0.18625,0.0,0.0,0,164,0,0,-0.00022229862224776298,1.890718698501587,1.3862576484680176,-0.00024092569947242737,0.0,0.3555864095687866
549,1,0.003300778364064172,200,0.3275,0.0,0.125,0,420,0,0,-0.000838668376673013,4.466052055358887,1.370713710784912,0.0018030348001047969,0.0,0.3674279749393463
550,1,0.014023435825947672,200,0.473125,0.0,0.125,0,676,0,0,-2.2314294255920686e-05,4.895887851715088,1.4269275665283203,0.00016403508197981864,0.0,0.3383990228176117
551,1,-0.022880859862198122,200,0.50375,0.0,0.125,0,932,0,0,-0.0010875096777454019,0.2892521619796753,1.4042129516601562,0.0006157287280075252,0.0,0.34542176127433777
552,1,0.1299121065530926,201,0.24,0.0,0.375,0,188,0,0,-0.0003364620206411928,9.109824180603027,1.4740324020385742,0.0014838851056993008,0.0,0.31802982091903687
553,1,0.18250976429044385,201,0.585,0.0,0.5,0,444,0,0,-0.0013325245818123221,8.407197952270508,1.5039469003677368,0.0006108474917709827,0.0,0.30284568667411804
554,1,-0.016162110379809747,202,0.0275,0.0,0.0,0,17,0,0,-0.001269996166229248,1.594329595565796,1.519507884979248,0.0008575692772865295,0.0,0.2939593493938446
555,1,0.10390624868887244,202,0.28125,0.0,0.0,0,273,0,0,-0.0012215195456519723,2.272963285446167,1.4378811120986938,0.0004230933263897896,0.0,0.33302193880081177
556,1,0.19307616709556896,203,0.313125,0.0,0.5,0,168,0,0,-0.0021730109583586454,12.163524627685547,1.5107795000076294,0.0025230643805116415,0.0,0.305259108543396
557,1,0.1817675758866244,204,0.39375,0.0,0.25,0,214,0,0,-0.0002704767102841288,10.662919044494629,1.5322679281234741,0.0001651695929467678,0.0,0.29344800114631653
558,1,0.10114257740497123,204,0.594375,0.0,0.5,0,470,0,0,-0.0003759510291274637,5.756298542022705,1.4704140424728394,0.00013173573825042695,0.0,0.32765719294548035
559,1,0.10343749883031705,205,0.153125,0.0,0.25,0,131,0,0,-0.0010958671336993575,6.85473108291626,1.5697253942489624,0.0010573921026661992,0.0,0.2712917625904083
560,1,0.04576171802182216,205,0.300625,0.0,0.25,0,387,0,0,-0.00026234830147586763,3.6810050010681152,1.567742943763733,-5.642883479595184e-06,0.0,0.2604489326477051
561,1,0.14590820095327217,205,0.598125,0.0,0.375,0,643,0,0,-0.0006177984178066254,6.299165725708008,1.4830904006958008,0.0001727674825815484,0.0,0.3061542809009552
562,1,0.02047851521638222,205,0.69375,0.0,0.375,0,899,0,0,-0.0016950940480455756,1.2171472311019897,1.5004128217697144,0.00018502834427636117,0.0,0.30580833554267883
563,1,0.06372070194629487,206,0.155,0.0,0.0,0,155,0,0,-0.00023783122014719993,4.0047760009765625,1.4947104454040527,0.0004627276211977005,0.0,0.2991025745868683
564,1,0.23202148253039923,206,0.55,0.0,0.375,0,411,0,0,-0.001145970425568521,7.332543849945068,1.5811705589294434,0.0002676853910088539,0.0,0.2548399865627289
565,1,0.04481445228884695,206,0.6875,0.0,0.625,0,667,0,0,-0.0004230007471051067,3.741971254348755,1.6003581285476685,-5.993603917886503e-05,0.0,0.23926059901714325
566,1,0.010126952358405106,206,0.77125,0.0,0.625,0,923,0,0,-0.0010705655440688133,0.4597868323326111,1.5761181116104126,-0.0007649699109606445,0.0,0.2613900601863861
567,1,0.09140624885185389,207,0.204375,0.0,0.125,0,179,0,0,-0.001437657163478434,1.5874556303024292,1.579017162322998,0.0008005541749298573,0.0,0.2555220127105713
568,1,0.14674804481910542,207,0.4375,0.0,0.625,0,435,0,0,0.0008501067641191185,7.083817958831787,1.562268853187561,0.0022052295971661806,0.0,0.28038230538368225
569,1,0.18178710674328613,208,0.279375,0.0,0.25,0,191,0,0,-0.0022446047514677048,5.99815559387207,1.5524471998214722,0.001970245037227869,0.0,0.27128610014915466
570,1,0.0716601555395755,208,0.440625,0.0,0.375,0,447,0,0,-0.003751580836251378,1.6371631622314453,1.6237632036209106,0.0019285697489976883,0.0,0.24065811932086945
571,1,0.06049804617578047,208,0.59375,0.0,0.5,0,703,0,0,-0.0013049840927124023,2.726367950439453,1.603049635887146,0.0007084757089614868,0.0,0.24279290437698364
572,1,0.0090332030049467,208,0.65125,0.0,0.625,0,959,0,0,-0.0001671079808147624,0.8004239797592163,1.6276350021362305,0.0006120156613178551,0.0,0.22358109056949615
573,1,0.21583984484823304,209,0.379375,0.0,0.375,0,215,0,0,-0.0005459021776914597,6.003377437591553,1.589072585105896,-0.0001425144000677392,0.0,0.25401532649993896
574,1,0.09777343623863999,209,0.580625,0.0,0.625,0,471,0,0,-0.0005166325718164444,3.044985771179199,1.5981310606002808,-0.0001060296781361103,0.0,0.24905496835708618
575,1,0.07303710834821686,209,0.725,0.0,0.875,0,727,0,0,-0.0008185927872546017,3.4412314891815186,1.623293399810791,0.0005194323020987213,0.0,0.22903554141521454
576,1,0.039638670918066055,209,0.856875,0.0,0.875,0,983,0,0,-0.0011169255012646317,1.1122939586639404,1.611001968383789,0.0028160971123725176,0.0,0.2386019229888916
577,1,0.21189453027909622,211,0.386875,0.0,0.5,0,234,0,0,-0.0006399943376891315,11.572741508483887,1.545544147491455,-0.0010285588214173913,0.0,0.26571908593177795
578,1,0.04903320219455054,211,0.53125,0.0,0.5,0,490,0,0,-0.00037323342985473573,2.6326777935028076,1.5694894790649414,-0.0006775518995709717,0.0,0.2552671432495117
579,1,0.09070312397670932,211,0.704375,0.0,0.75,0,746,0,0,-0.001957674277946353,3.3207123279571533,1.503426194190979,0.0004956375923939049,0.0,0.2962576150894165
580,1,0.010615233652060851,212,0.0075,0.0,0.0,0,2,0,0,-0.007909813895821571,0.8011324405670166,1.596919059753418,0.00019004521891474724,0.0,0.23787713050842285
581,1,0.1774511688417988,212,0.351875,0.0,0.25,0,258,0,0,-0.003737285966053605,2.919583797454834,1.4492559432983398,0.0021194471046328545,0.0,0.305122047662735
582,1,0.06198242155369371,212,0.48125,0.0,0.5,0,514,0,0,-0.0022761039435863495,3.588192939758301,1.3984073400497437,0.00016807678912300617,0.0,0.32873761653900146
583,1,0.08494140552647877,212,0.646875,0.0,0.75,0,770,0,0,-0.000828176736831665,3.714770793914795,1.4106236696243286,-0.00021871023636776954,0.0,0.3316389322280884
584,1,0.053671873174607754,213,0.0575,0.0,0.125,0,26,0,0,-0.003059929935261607,1.3934788703918457,1.392404556274414,0.0018124101916328073,0.0,0.3227428197860718
585,1,0.21190429567650426,213,0.425625,0.0,0.375,0,282,0,0,-0.000979278120212257,3.1968445777893066,1.2364510297775269,8.651552343508229e-05,0.0,0.4016665518283844
586,1,-0.016171876617590897,213,0.448125,0.0,0.5,0,538,0,0,0.0002208373771281913,3.44981050491333,1.218216061592102,0.0020987067837268114,0.0,0.40212249755859375
587,1,-0.006015627586748451,215,0.116875,0.0,0.0,0,52,0,0,-0.00025095572345890105,17.48276138305664,1.229783296585083,0.0002487405145075172,0.0,0.40751978754997253
588,1,0.13303710836771643,215,0.358125,0.0,0.25,0,308,0,0,1.115041504817782e-05,5.428677558898926,1.1490904092788696,2.885873800551053e-05,0.0,0.43956446647644043
589,1,0.027910154778510332,215,0.450625,0.0,0.375,0,564,0,0,-0.0007417487795464694,1.9693337678909302,1.1035293340682983,0.0012379782274365425,0.0,0.4966302812099457
590,1,0.11516601490438916,215,0.64625,0.0,0.75,0,820,0,0,-0.0005966802127659321,4.082653045654297,1.2754266262054443,0.0003448118513915688,0.0,0.3932556211948395
591,1,0.08181640555267222,216,0.168125,0.0,0.25,0,76,0,0,-0.0007680344278924167,2.9771957397460938,1.166308879852295,0.0001621288975002244,0.0,0.452371209859848
592,1,0.057167966704582796,216,0.2925,0.0,0.5,0,332,0,0,-0.0011813355376943946,3.8986523151397705,1.1784666776657104,0.0006789158214814961,0.0,0.4265679121017456
593,1,0.10582030969089828,216,0.4725,0.0,0.875,0,588,0,0,-0.0006783163989894092,9.01957893371582,1.2043087482452393,0.0002236122527392581,0.0,0.42825356125831604
594,1,0.08654296823078766,216,0.6875,0.0,0.875,0,844,0,0,-0.0014600582653656602,3.2404747009277344,1.331041693687439,0.001130217919126153,0.0,0.37701502442359924
595,1,0.07246093724097591,217,0.155,0.0,0.0,0,100,0,0,-0.0021507288329303265,1.0310112237930298,1.321872353553772,0.0005139675922691822,0.0,0.36651167273521423
596,1,-0.021015626000007614,217,0.200625,0.0,0.0,0,356,0,0,-0.0008008088916540146,5.950307369232178,1.220230221748352,0.0007151576573960483,0.0,0.41520488262176514
597,1,0.03124999759165803,217,0.298125,0.0,0.125,0,612,0,0,-0.001342486939392984,3.186149835586548,1.3431881666183472,-2.1763378754258156e-05,0.0,0.3340942859649658
598,1,0.19208984289434738,217,0.5975,0.0,0.625,0,868,0,0,0.00011866850400110707,7.29793643951416,1.2959178686141968,-5.554702875087969e-05,0.0,0.36598333716392517
599,1,0.17437499613151886,218,0.273125,0.0,0.375,0,124,0,0,-0.0010061440989375114,5.331288814544678,1.2475049495697021,-0.00014960493717808276,0.0,0.38741353154182434
600,1,0.1154199199663708,218,0.505,0.0,0.5,0,380,0,0,-0.0005877486546523869,1.7853442430496216,1.2929903268814087,0.00042253374704159796,0.0,0.3783815801143646
601,1,0.07375976303592324,218,0.64625,0.0,0.75,0,636,0,0,-0.00048610070371069014,5.735048294067383,1.348732590675354,0.000359193654730916,0.0,0.3545597493648529
602,1,0.029267579237057362,218,0.738125,0.0,0.875,0,892,0,0,-0.0017436277121305466,1.6463738679885864,1.3236887454986572,-0.0005845128907822073,0.0,0.37094011902809143
603,1,0.1849511707914644,219,0.2875,0.0,0.25,0,148,0,0,-0.0008357682381756604,4.23258113861084,1.374651312828064,0.0008958069956861436,0.0,0.33577170968055725
604,1,0.17727538896724582,219,0.593125,0.0,0.5,0,404,0,0,-0.0017010847805067897,1.7050814628601074,1.357175350189209,0.0003324515710119158,0.0,0.3574627935886383
605,1,0.07622070186334895,219,0.73625,0.0,0.75,0,660,0,0,-0.0010662400163710117,2.603353977203369,1.4137039184570312,0.0003762868291232735,0.0,0.3362255096435547
606,1,0.020263670667191036,219,0.815625,0.0,0.875,0,916,0,0,-0.0032812997233122587,1.239503026008606,1.4698423147201538,0.0008180461009033024,0.0,0.29268091917037964
607,1,0.18419921625900315,221,0.303125,0.0,0.375,0,154,0,0,-0.003314744681119919,18.539209365844727,1.4439743757247925,0.0016795909032225609,0.0,0.3039035499095917
608,1,0.16081054184905952,221,0.5825,0.0,0.625,0,410,0,0,-0.000991410226561129,1.4622236490249634,1.4696917533874512,0.002246550749987364,0.0,0.29417794942855835
609,1,0.0462011711570085,221,0.7175,0.0,0.625,0,666,0,0,-0.0019160201773047447,1.919278860092163,1.4693636894226074,0.0026687197387218475,0.0,0.3045201003551483
610,1,0.062099608534481376,221,0.86125,0.0,0.75,0,922,0,0,-0.0033495796378701925,2.0767714977264404,1.5337492227554321,0.00017047270375769585,0.0,0.2683478891849518
611,1,0.22315429527952801,222,0.385,0.0,0.375,0,178,0,0,-0.0013410001993179321,5.199653148651123,1.5264700651168823,0.0019897129386663437,0.0,0.2774202227592468
612,1,0.05972656112862751,222,0.489375,0.0,0.625,0,434,0,0,-0.0010660175466910005,4.980649948120117,1.5570734739303589,-0.0001487964764237404,0.0,0.2522493004798889
613,1,0.05262695222700131,222,0.60625,0.0,0.75,0,690,0,0,0.000615992583334446,1.8392555713653564,1.5795621871948242,-0.0009649235871620476,0.0,0.23788659274578094
614,1,-0.003232421964639798,222,0.6525,0.0,0.75,0,946,0,0,-0.001305805635638535,1.2178781032562256,1.6135172843933105,0.00044555822387337685,0.0,0.2286946326494217
615,1,0.2264746066139196,223,0.333125,0.0,0.25,0,202,0,0,0.00032752566039562225,4.89556884765625,1.5494276285171509,-9.462563320994377e-05,0.0,0.2583868205547333
616,1,0.13178710627107648,223,0.57125,0.0,0.5,0,458,0,0,-0.0007877700845710933,3.5408687591552734,1.5878304243087769,0.0023075793869793415,0.0,0.2550971210002899
617,1,0.04545898304786533,223,0.683125,0.0,0.625,0,714,0,0,-0.0012094881385564804,2.5678181648254395,1.5987306833267212,0.0006946559878997505,0.0,0.2429325133562088
618,1,-0.010136719025467755,223,0.704375,0.0,0.75,0,970,0,0,-0.0009435235406272113,0.8286802172660828,1.5968981981277466,-0.00014136328536551446,0.0,0.23912413418293
619,1,0.19632812451891368,224,0.3125,0.0,0.5,0,226,0,0,-0.0015881601721048355,3.5479660034179688,1.5432920455932617,-0.0009447566117160022,0.0,0.26393792033195496
620,1,0.12285156017605914,224,0.555,0.0,0.625,0,482,0,0,-0.0012483777245506644,2.6332573890686035,1.5304698944091797,-0.0002982347796205431,0.0,0.2731070816516876
621,1,0.07238281133322744,224,0.71375,0.0,0.75,0,738,0,0,-0.0004909404669888318,1.6268070936203003,1.5603107213974,0.0003359569236636162,0.0,0.2671873867511749
622,1,0.002666015141585376,224,0.768125,0.0,0.75,0,994,0,0,-0.002137520583346486,0.7827455401420593,1.5838042497634888,0.0021495281253010035,0.0,0.23566573858261108
623,1,0.1397753907731385,225,0.26125,0.0,0.125,0,250,0,0,-0.0014948705211281776,2.699673652648926,1.491484522819519,0.0019939092453569174,0.0,0.2663402557373047
624,1,0.12831054679554654,225,0.473125,0.0,0.5,0,506,0,0,-0.0007332184468396008,3.896472215652466,1.468500018119812,0.0005165923503227532,0.0,0.28033220767974854
625,1,0.09961914035739028,225,0.6575,0.0,0.75,0,762,0,0,-0.0009173893486149609,3.283264636993408,1.5166839361190796,-0.0011065051658079028,0.0,0.2755837142467499
626,1,0.04534179617257905,226,0.034375,0.0,0.0,0,18,0,0,-0.0054532201029360294,0.6803343296051025,1.4842348098754883,0.0020943644922226667,0.0,0.28439149260520935
627,1,0.16659179780253908,226,0.306875,0.0,0.375,0,274,0,0,-0.0010760208824649453,5.495654106140137,1.4405075311660767,-0.0009004666353575885,0.0,0.2881956398487091
628,1,0.1753613287692133,226,0.591875,0.0,0.75,0,530,0,0,-0.0004056639445479959,2.4356226921081543,1.3924437761306763,-0.0008126048487611115,0.0,0.3191780149936676
629,1,0.07552734412820428,226,0.7375,0.0,1.0,0,786,0,0,1.448982675356092e-05,2.5190346240997314,1.4623632431030273,2.0149009287706576e-05,0.0,0.29598844051361084
630,1,0.070908201567363,227,0.09375,0.0,0.25,0,42,0,0,-0.004206556361168623,2.6934502124786377,1.3911480903625488,0.0017792413709685206,0.0,0.3332858085632324
631,1,0.20436523418175057,227,0.449375,0.0,0.5,0,298,0,0,-0.00320789054967463,3.1615421772003174,1.4185065031051636,0.002868812531232834,0.0,0.3127160966396332
632,1,0.05874999887237209,227,0.581875,0.0,0.625,0,554,0,0,0.00030813892954029143,3.362278461456299,1.4903788566589355,0.001188055146485567,0.0,0.277969628572464
633,1,0.02997070200217422,227,0.67625,0.0,0.75,0,810,0,0,0.000601795210968703,2.1255462169647217,1.5033870935440063,0.0010105917463079095,0.0,0.2809404134750366
634,1,0.09811523197640781,228,0.121875,0.0,0.375,0,66,0,0,-0.0004241137357894331,4.696871757507324,1.4879330396652222,0.0006809962796978652,0.0,0.2905230224132538
635,1,0.21485351393494057,228,0.45,0.0,0.875,0,322,0,0,-0.0004958817735314369,2.432237386703491,1.4756087064743042,-0.00028833234682679176,0.0,0.28527435660362244
636,1,0.08416992147976998,228,0.650625,0.0,0.875,0,578,0,0,-0.003458457998931408,1.5672533512115479,1.4983606338500977,0.0006937838043086231,0.0,0.2688503861427307
637,1,0.019042968073335942,228,0.745625,0.0,0.875,0,834,0,0,0.0006927524809725583,1.1171035766601562,1.541364073753357,-0.00010081179061671719,0.0,0.254398912191391
638,1,0.12527343631518306,229,0.185625,0.0,0.0,0,90,0,0,-0.0008904587593860924,2.8105361461639404,1.4780040979385376,-0.00034065009094774723,0.0,0.2890177369117737
639,1,0.27055663942883257,229,0.57125,0.0,0.75,0,346,0,0,0.00015059455472510308,6.62053108215332,1.4695614576339722,0.00016969892021734267,0.0,0.29294976592063904
640,1,0.02819335892854724,229,0.67625,0.0,0.75,0,602,0,0,5.528051406145096e-05,2.1974573135375977,1.4516645669937134,-9.060045704245567e-05,0.0,0.30298471450805664
641,1,0.043222655571298674,229,0.804375,0.0,0.75,0,858,0,0,-0.0029489800799638033,0.6585108637809753,1.5151071548461914,-0.0014005576958879828,0.0,0.278340607881546
642,1,0.11906249946696335,230,0.174375,0.0,0.125,0,114,0,0,-0.0007069216226227582,2.246516704559326,1.4521452188491821,0.002101193880662322,0.0,0.29094117879867554
643,1,0.21416992074227892,230,0.54625,0.0,0.375,0,370,0,0,0.0004935376346111298,2.3483335971832275,1.4144419431686401,0.00048705036169849336,0.0,0.3103124797344208
644,1,0.019062499446590664,230,0.6425,0.0,0.375,0,626,0,0,1.2569206774060149e-05,5.394682884216309,1.4117469787597656,0.0007733851671218872,0.0,0.3140561282634735
645,1,0.027080076601123437,230,0.706875,0.0,0.625,0,882,0,0,-0.00012062132736900821,1.2326520681381226,1.4627619981765747,-0.00035127345472574234,0.0,0.28353115916252136
646,1,0.13923827879625605,231,0.226875,0.0,0.375,0,138,0,0,-0.0007560679805465043,3.72715425491333,1.411664605140686,0.0003060694725718349,0.0,0.30799612402915955
647,1,0.056650388756679604,231,0.3625,0.0,0.5,0,394,0,0,-0.00036272997385822237,2.5550901889801025,1.3886756896972656,-0.001140329404734075,0.0,0.31535646319389343
648,1,0.12257812458847184,231,0.57,0.0,0.875,0,650,0,0,-2.673765084182378e-05,6.667154312133789,1.4072060585021973,-0.0002172004897147417,0.0,0.32375568151474
649,1,0.06448242104670499,231,0.72125,0.0,1.0,0,906,0,0,-0.00017990295600611717,4.028990745544434,1.4232044219970703,0.0001664649898884818,0.0,0.30721303820610046
650,1,0.1953124968567863,232,0.285625,0.0,0.75,0,162,0,0,-0.0005332392756827176,6.31888484954834,1.4058246612548828,-0.00036031752824783325,0.0,0.3024354577064514
651,1,0.15063476528303,232,0.5725,0.0,0.875,0,418,0,0,-0.00195342767983675,1.5144948959350586,1.3928518295288086,8.634772530058399e-05,0.0,0.30445191264152527
652,1,0.07579101413284661,232,0.751875,0.0,0.875,0,674,0,0,-0.0013033491559326649,1.604452133178711,1.4149465560913086,6.409548223018646e-05,0.0,0.3115427792072296
653,1,-0.01520507863824605,232,0.781875,0.0,0.875,0,930,0,0,-0.0006195849855430424,0.32640159130096436,1.430651307106018,0.0026041946839541197,0.0,0.3114675283432007
654,1,0.14361328140512342,233,0.25625,0.0,0.25,0,186,0,0,-0.002024292014539242,2.9213204383850098,1.4215055704116821,-0.0001408584212185815,0.0,0.2995314300060272
655,1,0.11889648404758191,233,0.445625,0.0,0.625,0,442,0,0,-0.001780520542524755,3.91545033454895,1.4649620056152344,0.00036372337490320206,0.0,0.28419601917266846
656,1,0.056816406329744495,233,0.599375,0.0,0.625,0,698,0,0,-0.0012726560235023499,2.2928760051727295,1.5031167268753052,0.0013307336485013366,0.0,0.27150866389274597
657,1,0.05767578136146767,233,0.723125,0.0,0.875,0,954,0,0,-0.0017560856649652123,2.4584009647369385,1.537885069847107,-0.0015085645718500018,0.0,0.2505556046962738
658,1,0.07751953133629286,235,0.183125,0.0,0.25,0,186,0,0,-0.00020359409973025322,26.12613868713379,1.4867879152297974,0.0017515686340630054,0.0,0.27914315462112427
659,1,0.22659179400943685,235,0.53375,0.0,0.75,0,442,0,0,-7.986013224581257e-05,4.596213340759277,1.5153616666793823,0.00018778427329380065,0.0,0.25930145382881165
660,1,0.01736327997787157,235,0.62125,0.0,0.875,0,698,0,0,-0.0005847075954079628,2.689896583557129,1.5509300231933594,0.0008092657662928104,0.0,0.24883711338043213
661,1,-0.021347656645957613,235,0.64625,0.0,0.875,0,954,0,0,-0.0006384812295436859,0.7990924119949341,1.550713062286377,0.0005074175423942506,0.0,0.24846236407756805
662,1,0.253632810068666,236,0.3775,0.0,0.625,0,210,0,0,-0.0002903728745877743,7.114085674285889,1.483359932899475,-0.0006382681312970817,0.0,0.2658511698246002
663,1,0.03838867126614787,236,0.505625,0.0,0.625,0,466,0,0,-0.0005138764972798526,2.170349359512329,1.5219534635543823,0.00037402971065603197,0.0,0.26365965604782104
664,1,0.028847656089055818,236,0.599375,0.0,0.75,0,722,0,0,-0.001803164486773312,1.6089985370635986,1.5571128129959106,8.580321446061134e-05,0.0,0.2407190352678299
665,1,0.06197265566152055,236,0.745625,0.0,0.875,0,978,0,0,-0.0011248221853747964,4.710288047790527,1.5820999145507812,-0.0007506703841499984,0.0,0.23705865442752838
666,1,0.14666015632246854,237,0.248125,0.0,0.375,0,234,0,0,-0.0006675664335489273,4.365170478820801,1.5021218061447144,0.00020270499226171523,0.0,0.2645440995693207
667,1,0.1029492187226424,237,0.481875,0.0,0.375,0,490,0,0,-0.0031721126288175583,2.183614730834961,1.4834202527999878,-0.00018057211127597839,0.0,0.27012261748313904
668,1,0.14986328136001248,237,0.728125,0.0,0.75,0,746,0,0,8.797296322882175e-05,3.83709979057312,1.5336731672286987,0.0019109644927084446,0.0,0.24785618484020233
669,1,0.012656249047722667,238,0.0075,0.0,0.0,0,2,0,0,-0.0013163457624614239,0.9107105135917664,1.5152063369750977,0.0010672368807718158,0.0,0.26818838715553284
670,1,0.2620312479775748,238,0.43625,0.0,0.375,0,258,0,0,-0.00019702564168255776,4.4470319747924805,1.447604775428772,0.0017479726811870933,0.0,0.2880992591381073
671,1,0.07619140573660843,238,0.623125,0.0,0.375,0,514,0,0,0.00015479885041713715,1.9819592237472534,1.4278439283370972,-0.0007229142938740551,0.0,0.3082658350467682
672,1,0.03499023394397227,238,0.723125,0.0,0.5,0,770,0,0,-0.0002774676831904799,0.5633686184883118,1.4627920389175415,-0.00034854127443395555,0.0,0.2828737199306488
673,1,0.03674804646288976,239,0.0125,0.0,0.0,0,26,0,0,-0.0007889590342529118,2.62961483001709,1.4631282091140747,-0.0006835657986812294,0.0,0.28202319145202637
674,1,0.2230078127613524,239,0.37625,0.0,0.375,0,282,0,0,-0.0007420263136737049,3.62898588180542,1.427670955657959,0.0006123511120676994,0.0,0.30312108993530273
675,1,0.11028320242985501,239,0.598125,0.0,0.5,0,538,0,0,-0.0014609944773837924,1.723508358001709,1.4246140718460083,-0.0007386755314655602,0.0,0.3118196427822113
676,1,0.0036718741357617546,239,0.66875,0.0,0.5,0,794,0,0,0.00042382231913506985,1.6056703329086304,1.4346455335617065,-0.0007637709495611489,0.0,0.3050074279308319
677,1,0.05070312457974069,240,0.109375,0.0,0.125,0,50,0,0,-0.0028673552442342043,0.7329989075660706,1.4178085327148438,0.0010184659622609615,0.0,0.3091883659362793
678,1,0.12471679650479928,240,0.320625,0.0,0.5,0,306,0,0,-0.0020878922659903765,2.3377532958984375,1.4266759157180786,0.0004942166269756854,0.0,0.2956535518169403
679,1,0.13136718659370672,240,0.560625,0.0,0.75,0,562,0,0,-0.0007111653685569763,5.146871089935303,1.3993853330612183,-0.001419113832525909,0.0,0.3283994495868683
680,1,0.10457031195255695,240,0.75375,0.0,1.0,0,818,0,0,-0.00014406202535610646,4.9038567543029785,1.4518918991088867,0.00031432564719580114,0.0,0.28693363070487976
681,1,0.08642577989667188,241,0.1675,0.0,0.25,0,74,0,0,-6.471822416642681e-05,2.4544036388397217,1.4448081254959106,0.0011037299409508705,0.0,0.30025067925453186
682,1,0.08834960804961156,241,0.338125,0.0,0.5,0,330,0,0,-0.0012041283771395683,4.030844688415527,1.3715734481811523,0.0003245552070438862,0.0,0.32171207666397095
683,1,0.1555859358777525,241,0.598125,0.0,0.875,0,586,0,0,1.8337121218792163e-05,2.646857261657715,1.4256702661514282,0.0002500556001905352,0.0,0.3028371036052704
684,1,0.05421874891180778,241,0.726875,0.0,1.0,0,842,0,0,-0.001798737677745521,2.733778476715088,1.4490636587142944,-0.0004308730422053486,0.0,0.28857895731925964
685,1,0.06437499870662577,242,0.130625,0.0,0.125,0,98,0,0,-0.0032507916912436485,1.6686125993728638,1.472768783569336,-0.0004803476913366467,0.0,0.2908190190792084
686,1,0.2352441381990502,242,0.491875,0.0,0.625,0,354,0,0,0.0011120802955701947,3.0593955516815186,1.3934941291809082,0.0010893814032897353,0.0,0.32100483775138855
687,1,0.07362304488196969,242,0.656875,0.0,0.75,0,610,0,0,-0.00041116494685411453,1.318770408630371,1.4144039154052734,-0.0010160227539017797,0.0,0.31205976009368896
688,1,-0.013007813089643605,242,0.7025,0.0,0.75,0,866,0,0,-9.825577581068501e-05,0.7576548457145691,1.43707275390625,0.0006165388622321188,0.0,0.29930251836776733
689,1,0.1435546852844709,244,0.191875,0.0,0.125,0,101,0,0,-0.000329610105836764,26.628280639648438,1.4214023351669312,-0.0002254850696772337,0.0,0.3005189895629883
690,1,0.22848632685054326,244,0.54625,0.0,0.625,0,357,0,0,-0.00021694095630664378,3.7471814155578613,1.374076247215271,-5.8783916756510735e-05,0.0,0.3342781066894531
691,1,0.046269530150311766,244,0.655,0.0,0.75,0,613,0,0,-0.0008392470772378147,2.0282399654388428,1.3987574577331543,8.260621689260006e-05,0.0,0.3168150782585144
692,1,-0.006806641256844159,244,0.6825,0.0,0.875,0,869,0,0,-0.0016565063269808888,0.5325633883476257,1.4410349130630493,-0.0005161263979971409,0.0,0.29894277453422546
693,1,0.10282226713388809,246,0.2125,0.0,0.25,0,120,0,0,-0.0021406474988907576,11.219551086425781,1.4023723602294922,0.0002000818494707346,0.0,0.31813159584999084
694,1,0.08044921843247721,246,0.405625,0.0,0.25,0,376,0,0,-0.00042839953675866127,2.9277639389038086,1.4325331449508667,-0.0005033996421843767,0.0,0.29884716868400574
695,1,0.05415039005310973,246,0.516875,0.0,0.375,0,632,0,0,-0.001806952990591526,0.8666865229606628,1.3845571279525757,-0.001193119795061648,0.0,0.32236072421073914
696,1,0.03791992112019216,246,0.641875,0.0,0.375,0,888,0,0,-0.0003119198081549257,0.9875971078872681,1.3888918161392212,-9.982101619243622e-05,0.0,0.32929596304893494
697,1,0.10397460840977146,247,0.22625,0.0,0.0,0,144,0,0,-0.005548916757106781,1.0400547981262207,1.3804951906204224,0.0009054029360413551,0.0,0.32799792289733887
698,1,0.17961913861290668,247,0.519375,0.0,0.375,0,400,0,0,-0.0008032806217670441,2.413426637649536,1.2894154787063599,0.0028310539200901985,0.0,0.35573330521583557
699,1,-0.01127929774520453,247,0.5675,0.0,0.375,0,656,0,0,0.00020571642380673438,3.0599091053009033,1.2581473588943481,0.002673289505764842,0.0,0.3663065433502197
700,1,0.07507812541371095,247,0.693125,0.0,0.75,0,912,0,0,0.0005092111532576382,3.533938407897949,1.3510524034500122,0.00016985461115837097,0.0,0.34096741676330566
701,1,0.14032226328345132,248,0.24375,0.0,0.25,0,168,0,0,-0.0006892451201565564,1.9217381477355957,1.2540689706802368,0.00018140363681595773,0.0,0.38396117091178894
702,1,0.1863671881146729,248,0.55125,0.0,0.625,0,424,0,0,-0.00026608994812704623,2.0278937816619873,1.2264937162399292,-0.00023701367899775505,0.0,0.3980520963668823
703,1,0.08987304544643848,248,0.725625,0.0,0.75,0,680,0,0,-0.004995245952159166,1.2747160196304321,1.2942544221878052,0.0016077234176918864,0.0,0.3629729449748993
704,1,0.02632812461888534,248,0.83125,0.0,0.75,0,936,0,0,0.0002528844925109297,0.5324458479881287,1.2268762588500977,0.0015150196850299835,0.0,0.40257492661476135
705,1,0.11080077772203367,250,0.251875,0.0,0.125,0,169,0,0,-0.0006125342915765941,24.310070037841797,1.202777624130249,0.0001256500108866021,0.0,0.4126235544681549
706,1,0.09229492073791334,250,0.419375,0.0,0.375,0,425,0,0,-8.382990017707925e-06,2.3028178215026855,1.2059072256088257,-0.000182132629561238,0.0,0.4070357382297516
707,1,0.1999707010545535,250,0.75,0.0,0.75,0,681,0,0,-0.0002451369946356863,6.468436241149902,1.2601689100265503,0.0007903955993242562,0.0,0.40196946263313293
708,1,0.024628905459394446,250,0.8525,0.0,0.75,0,937,0,0,-0.0007894917507655919,1.2052245140075684,1.2966339588165283,-0.00043217287748120725,0.0,0.3661820590496063
709,1,0.15073242169455625,251,0.24875,0.0,0.375,0,193,0,0,-0.0022653110790997744,3.2839643955230713,1.2744792699813843,0.0016006451332941651,0.0,0.3814028203487396
710,1,-0.006884766073198989,251,0.305625,0.0,0.375,0,449,0,0,-0.002277584280818701,4.5590128898620605,1.2544564008712769,-0.000203322313609533,0.0,0.393209308385849
711,1,0.07564453197119292,251,0.475625,0.0,0.5,0,705,0,0,-0.005610807333141565,2.0146257877349854,1.1516178846359253,0.00025911489501595497,0.0,0.4316484034061432
712,1,0.13435546663822606,251,0.701875,0.0,0.875,0,961,0,0,-0.0010037943720817566,7.1080217361450195,1.1701115369796753,0.005078855901956558,0.0,0.41013821959495544
713,1,0.20097655997960828,253,0.296875,0.0,0.0,0,176,0,0,-0.0006227046251296997,26.834213256835938,0.9681057929992676,-0.001022949698381126,0.0,0.5340054035186768
714,1,0.05294921703170985,253,0.430625,0.0,0.125,0,432,0,0,0.0006177863106131554,3.887160062789917,0.9172359108924866,0.0011051272740587592,0.0,0.5476132035255432
715,1,-0.03557617237675004,253,0.44125,0.0,0.125,0,688,0,0,-0.00014851817104499787,3.2348642349243164,0.9247066378593445,-0.0002730268461164087,0.0,0.553442656993866
716,1,-0.040117188036674634,253,0.444375,0.0,0.125,0,944,0,0,-0.0005955277010798454,0.8885519504547119,0.928924024105072,-0.00020024676632601768,0.0,0.5543018579483032
717,1,0.173291013292328,254,0.271875,0.0,0.5,0,200,0,0,-0.0005449261516332626,4.585277557373047,0.9268420338630676,0.000336953584337607,0.0,0.5397776961326599
718,1,0.07415038974431809,254,0.458125,0.0,0.5,0,456,0,0,-0.0017060209065675735,1.7213371992111206,0.918889045715332,-0.0010147052817046642,0.0,0.5456477999687195
719,1,0.10879882698645815,254,0.676875,0.0,0.625,0,712,0,0,-0.0013850793475285172,3.265366792678833,1.0363479852676392,0.001019885647110641,0.0,0.514213502407074
720,1,0.0907421861847979,254,0.850625,0.0,0.875,0,968,0,0,-0.0005456767976284027,2.8938517570495605,1.1264833211898804,0.00022480513143818825,0.0,0.4711187779903412
721,1,0.21429687111231033,255,0.33375,0.0,0.5,0,224,0,0,-0.0005576846306212246,5.624218940734863,0.9887392520904541,0.0008070128969848156,0.0,0.524810254573822
722,1,0.03646484274941031,255,0.46,0.0,0.5,0,480,0,0,-0.0011335598537698388,3.9549455642700195,1.0132335424423218,0.00035944735282100737,0.0,0.502390444278717
723,1,0.07022460808366304,255,0.599375,0.0,0.75,0,736,0,0,-0.00277632474899292,2.207404136657715,1.146146297454834,0.00021020912390667945,0.0,0.44824108481407166
724,1,0.11892578031256562,255,0.815625,0.0,1.0,0,992,0,0,-0.0035482465755194426,4.649016380310059,1.1968721151351929,0.0011335887247696519,0.0,0.4259519577026367
725,1,0.23286132606153842,256,0.425,0.0,0.375,0,248,0,0,-0.0014957692474126816,2.185392141342163,1.1687464714050293,0.0020674809347838163,0.0,0.43376871943473816
726,1,0.08502929535825388,256,0.60125,0.0,0.5,0,504,0,0,-0.0002897437661886215,4.020763874053955,1.183068871498108,-0.0014269659295678139,0.0,0.4125165641307831
727,1,0.0326464852951176,256,0.678125,0.0,0.75,0,760,0,0,0.0004490430874284357,3.5425124168395996,1.2816005945205688,-0.00015046137559693307,0.0,0.3661167323589325
728,1,-0.019335938148287823,258,0.013125,0.0,0.0,0,5,0,0,-8.365744724869728e-05,17.64151382446289,1.2694388628005981,-0.0003625783137977123,0.0,0.37027350068092346
729,1,0.15410156092548277,258,0.31125,0.0,0.125,0,261,0,0,-0.0018384692957624793,2.072047710418701,1.1713145971298218,-0.0006574289873242378,0.0,0.4035271108150482
730,1,0.1972753890149761,258,0.615625,0.0,0.625,0,517,0,0,-0.0009580223704688251,5.380542755126953,1.2789820432662964,0.0006689883884973824,0.0,0.3793621063232422
731,1,0.04469726501702098,258,0.750625,0.0,0.625,0,773,0,0,-0.0005386319826357067,1.5194129943847656,1.3142660856246948,0.0008232635445892811,0.0,0.35057732462882996
732,1,0.059921874810243025,259,0.06,0.0,0.0,0,29,0,0,-0.001708240364678204,2.574532985687256,1.2907105684280396,0.0010767733911052346,0.0,0.3553486168384552
733,1,0.2645996087376261,259,0.455625,0.0,0.625,0,285,0,0,0.0005294730071909726,5.969813346862793,1.246998906135559,0.00034307269379496574,0.0,0.36319616436958313
734,1,0.15309570334648015,259,0.724375,0.0,0.875,0,541,0,0,-0.00042196200229227543,3.742541551589966,1.2689069509506226,-0.00012786337174475193,0.0,0.3636230230331421
735,1,0.023447263807611307,259,0.80625,0.0,1.0,0,797,0,0,-0.0005495806108228862,1.295906901359558,1.2917945384979248,0.0007640351541340351,0.0,0.3599872887134552
736,1,0.051484375770087354,260,0.094375,0.0,0.125,0,53,0,0,-0.0008146545733325183,0.8253541588783264,1.3158934116363525,-0.0005689817480742931,0.0,0.34607577323913574
737,1,0.1516113274883537,260,0.3675,0.0,0.375,0,309,0,0,-0.0061856103129684925,4.560413360595703,1.2854655981063843,0.0015128267696127295,0.0,0.36274638772010803
738,1,0.023476560178096406,260,0.43,0.0,0.625,0,565,0,0,-6.788410246372223e-06,3.425150156021118,1.3945478200912476,0.0020599595736712217,0.0,0.3118770122528076
739,1,0.1308105469288421,260,0.68875,0.0,0.75,0,821,0,0,0.002113432390615344,4.306251525878906,1.372397780418396,0.0028334774542599916,0.0,0.3337656557559967
740,1,0.10566406077487045,261,0.103125,0.0,0.0,0,77,0,0,-0.00023510803293902427,1.548670768737793,1.4370778799057007,0.000310111470753327,0.0,0.2950051724910736
741,1,0.1640722638258012,261,0.375625,0.0,0.375,0,333,0,0,-0.0006106055225245655,5.501120567321777,1.3113967180252075,-0.0011785478563979268,0.0,0.334151029586792
742,1,0.12149413876977633,261,0.61,0.0,0.5,0,589,0,0,-0.0012492811074480414,3.213953733444214,1.4308953285217285,-0.0005367719568312168,0.0,0.2842347025871277
743,1,0.0195605462504318,261,0.688125,0.0,0.625,0,845,0,0,-0.0002766850811894983,1.377779245376587,1.362449288368225,-0.0007056477479636669,0.0,0.3294369876384735
744,1,0.0750976561976131,262,0.14125,0.0,0.0,0,101,0,0,-0.00250410963781178,0.950357973575592,1.432669758796692,0.0002050975599559024,0.0,0.2835736870765686
745,1,0.13805663974926574,262,0.40625,0.0,0.125,0,357,0,0,-0.004407884553074837,2.0670764446258545,1.3889408111572266,0.0032019007485359907,0.0013020833721384406,0.3138675391674042
746,1,0.08525390582508408,262,0.590625,0.0,0.25,0,613,0,0,-0.0004061547515448183,2.5892021656036377,1.426528811454773,0.0026119521353393793,0.0,0.2911514937877655
747,1,0.033906250402651494,262,0.67375,0.0,0.375,0,869,0,0,-0.0010654404759407043,1.1696921586990356,1.4948631525039673,0.002089886227622628,0.0,0.2610509395599365
748,1,0.05590820113502559,264,0.126875,0.0,0.25,0,113,0,0,-0.002089141868054867,15.578022003173828,1.4655622243881226,-0.0008008680888451636,0.0,0.270871639251709
749,1,0.05535156165933586,264,0.25125,0.0,0.375,0,369,0,0,-0.0021077089477330446,3.3646883964538574,1.4659837484359741,-0.0007994328625500202,0.0,0.26684311032295227
750,1,0.04664062372467015,264,0.34,0.0,0.625,0,625,0,0,-6.300831591943279e-05,3.6616270542144775,1.5047811269760132,0.0009148363023996353,0.0,0.26308295130729675
751,1,-0.010693359618016984,264,0.369375,0.0,0.625,0,881,0,0,-0.0011313138529658318,0.14858385920524597,1.504285216331482,-0.0001666133030084893,0.0,0.2533259689807892
752,1,0.2445410181535408,265,0.270625,0.0,0.5,0,137,0,0,-0.0030372226610779762,9.824006080627441,1.4803003072738647,0.0016514702001586556,0.0,0.2718659043312073
753,1,0.19032226451236056,265,0.603125,0.0,0.75,0,393,0,0,-0.00028404835029505193,5.7018866539001465,1.4750982522964478,0.0007321162265725434,0.0,0.27002808451652527
754,1,0.03145507781300694,265,0.718125,0.0,0.75,0,649,0,0,-0.007809937000274658,0.8214566111564636,1.5078692436218262,0.004657552111893892,0.0,0.25776877999305725
755,1,-0.02660156286583515,265,0.73875,0.0,0.75,0,905,0,0,0.0002863495610654354,0.14790813624858856,1.522635817527771,0.002944623352959752,0.014322916977107525,0.25891396403312683
756,1,0.21489257627763436,266,0.320625,0.0,0.375,0,161,0,0,0.00012676573533099145,7.312360763549805,1.466586709022522,0.0018087794305756688,0.0,0.29177126288414
757,1,0.15933593761292286,266,0.60375,0.0,0.625,0,417,0,0,0.0014176368713378906,3.860938787460327,1.4493306875228882,-0.000531066965777427,0.0,0.29116424918174744
758,1,0.03966796851455001,266,0.71375,0.0,0.75,0,673,0,0,-0.0015089610824361444,1.6261259317398071,1.4777148962020874,-0.00015511666424572468,0.0,0.28029200434684753
759,1,0.022216796711290954,266,0.810625,0.0,0.75,0,929,0,0,-0.0014121312415227294,0.9271503686904907,1.4671727418899536,0.0010343939065933228,0.0,0.2836783528327942
760,1,0.1255859364864591,267,0.220625,0.0,0.25,0,185,0,0,-0.002926728455349803,2.263329029083252,1.4370356798171997,0.0006539109745062888,0.0,0.2942286729812622
761,1,0.17433593630266842,267,0.50875,0.0,0.625,0,441,0,0,-0.0007005204097367823,5.055604457855225,1.4208191633224487,-0.0004249863850418478,0.0,0.3106144964694977
762,1,0.09750976477153017,267,0.718125,0.0,0.75,0,697,0,0,-0.0010543003445491195,2.212834358215332,1.4762930870056152,0.0007536237244494259,0.0,0.2848394811153412
763,1,0.001923827367136255,267,0.7875,0.0,0.75,0,953,0,0,-0.000739486888051033,0.9590700268745422,1.456155776977539,0.0005593679961748421,0.0,0.29995474219322205
764,1,0.2717285145117785,268,0.39625,0.0,0.75,0,209,0,0,4.679274934460409e-05,6.0692338943481445,1.462539553642273,0.00033939303830266,0.0,0.27947714924812317
765,1,0.1656152338036918,268,0.685,0.0,1.0,0,465,0,0,-0.00045514199882745743,5.190458297729492,1.4949325323104858,-0.0004707729967776686,0.0,0.2629753351211548
766,1,-0.011298828307189979,268,0.72875,0.0,1.0,0,721,0,0,-0.0021686966065317392,1.3990421295166016,1.5246886014938354,-2.9272478059283458e-05,0.0,0.24848103523254395
767,1,-0.0012402346910675988,268,0.791875,0.0,1.0,0,977,0,0,-0.0018527451902627945,0.43726781010627747,1.5098885297775269,-0.0006032813689671457,0.0,0.2646034061908722
768,1,0.2216601551081112,269,0.35875,0.0,0.375,0,233,0,0,-0.0019200537353754044,3.2120537757873535,1.4799872636795044,-0.001231906469911337,0.0,0.27929574251174927
769,1,0.06384765660914127,269,0.52625,0.0,0.375,0,489,0,0,0.0017323183128610253,4.043872356414795,1.4734550714492798,0.0005512728239409626,0.0,0.2799200713634491
770,1,0.07404296516324393,269,0.655,0.0,0.75,0,745,0,0,-0.001494001131504774,3.4719884395599365,1.49823796749115,-0.00012452551163733006,0.0,0.27847886085510254
771,1,-0.02829101613679086,270,0.006875,0.0,0.0,0,1,0,0,-0.000364392384653911,0.6254448890686035,1.51726233959198,0.0001457049511373043,0.0,0.27255165576934814
772,1,0.2026757797357277,270,0.305,0.0,0.625,0,257,0,0,-0.0042527890764176846,2.74172043800354,1.5099579095840454,0.0016462685307487845,0.0,0.2581671178340912
773,1,0.13862304545909865,270,0.55,0.0,0.875,0,513,0,0,0.003775284392759204,3.409821033477783,1.5128250122070312,0.0019402746111154556,0.0,0.25935885310173035
774,1,0.0017285148678638507,270,0.608125,0.0,0.875,0,769,0,0,-0.00031478237360715866,1.3349542617797852,1.5735036134719849,0.00028856704011559486,0.0,0.24365234375
775,1,0.03991210927415523,271,0.015,0.0,0.0,0,25,0,0,-0.0006482629105448723,2.182644844055176,1.5028234720230103,-0.0008064795401878655,0.0,0.26468461751937866
776,1,0.3321289021332632,271,0.475,0.0,0.875,0,281,0,0,-0.0005299355834722519,6.036198139190674,1.4902421236038208,-0.000257896346738562,0.0,0.27696493268013
777,1,0.038476561443530954,271,0.60125,0.0,0.875,0,537,0,0,-0.0012303860858082771,1.2317478656768799,1.506506085395813,0.00093307119095698,0.0,0.26578614115715027
778,1,0.041425780596910045,271,0.7325,0.0,0.875,0,793,0,0,-0.007221238687634468,1.2643674612045288,1.5199273824691772,0.0030846260488033295,0.0,0.2662794888019562
779,1,0.008583983104472281,272,0.065,0.0,0.0,0,49,0,0,-0.0006403078441508114,1.4485312700271606,1.566762089729309,0.0019137606723234057,0.0,0.2421121448278427
780,1,0.22247070132289082,272,0.421875,0.0,0.375,0,305,0,0,-0.0006223962991498411,3.640429735183716,1.512590765953064,0.0033017040695995092,0.0,0.2717827558517456
781,1,0.04143554612528533,272,0.5175,0.0,0.625,0,561,0,0,-6.863614544272423e-05,3.2034664154052734,1.5298972129821777,-5.068676546216011e-05,0.0,0.27275317907333374
782,1,0.05077148306372692,272,0.6575,0.0,0.625,0,817,0,0,-0.0017794426530599594,1.6037966012954712,1.5655231475830078,-0.0006573883001692593,0.0,0.24734307825565338
783,1,0.16229492155616754,273,0.160625,0.0,0.375,0,73,0,0,-0.0008076746016740799,4.567468643188477,1.5051803588867188,0.00168645812664181,0.0,0.2746102809906006
784,1,0.1824707013729494,273,0.5,0.0,0.5,0,329,0,0,-0.0006567395175807178,3.2692148685455322,1.5462113618850708,0.0012323083356022835,0.0,0.26157352328300476
785,1,0.10077148402342573,273,0.729375,0.0,0.5,0,585,0,0,-0.0033109907526522875,2.5179922580718994,1.565261960029602,-0.00021064607426524162,0.0,0.2488885074853897
786,1,0.020429686603165464,273,0.808125,0.0,0.625,0,841,0,0,-0.0030465356539934874,0.42054682970046997,1.5656929016113281,-0.00026495824567973614,0.0,0.25332245230674744
787,1,0.09685546800028533,274,0.205625,0.0,0.0,0,97,0,0,0.0003361143171787262,1.2673815488815308,1.5780129432678223,0.003466307185590267,0.0,0.23583443462848663
788,1,0.17891601230076049,274,0.523125,0.0,0.25,0,353,0,0,-0.0013245815644040704,1.7118127346038818,1.576438307762146,0.0016997512429952621,0.0,0.24019600450992584
789,1,0.09472656104480848,274,0.68625,0.0,0.625,0,609,0,0,-0.0021070113871246576,6.234359264373779,1.5690364837646484,0.0011868422152474523,0.0,0.24372513592243195
790,1,0.03200195338285994,274,0.768125,0.0,0.875,0,865,0,0,0.0005859993398189545,1.5348443984985352,1.5527042150497437,0.0011854938929900527,0.0,0.25107231736183167
791,1,0.12315429517184384,276,0.211875,0.0,0.25,0,116,0,0,-0.0008137139375321567,9.75784683227539,1.5377626419067383,3.677140921354294e-05,0.0,0.2560829222202301
792,1,0.11492187397379894,276,0.445,0.0,0.375,0,372,0,0,0.00017468328587710857,2.5632190704345703,1.537576675415039,0.000979483942501247,0.0,0.252193808555603
793,1,0.0878613270324422,276,0.653125,0.0,0.375,0,628,0,0,-0.000996143207885325,1.7994575500488281,1.5756524801254272,0.0006584818474948406,0.0,0.23436617851257324
794,1,-0.01203125063329935,276,0.68375,0.0,0.5,0,884,0,0,-0.0018525185296311975,0.7331238985061646,1.5440912246704102,0.00010404331987956539,0.0,0.250151664018631
795,1,0.1457617162814131,277,0.208125,0.0,0.625,0,140,0,0,-0.001390183693729341,4.37537956237793,1.566449761390686,-9.198999032378197e-05,0.0,0.24129469692707062
796,1,0.08393554623762611,277,0.411875,0.0,0.625,0,396,0,0,-0.002233698032796383,2.9656312465667725,1.6105951070785522,-0.0025031508412212133,0.0,0.22907237708568573
797,1,0.0399804682310787,277,0.485,0.0,1.0,0,652,0,0,-0.002008920069783926,1.48813796043396,1.6186776161193848,0.0005443982663564384,0.0,0.22549645602703094
798,1,-0.03988281278361683,277,0.489375,0.0,1.0,0,908,0,0,-0.0024735145270824432,0.13636371493339539,1.6242451667785645,-0.00021286758419591933,0.0,0.2227206975221634
799,1,0.14654296738444827,278,0.28625,0.0,0.375,0,164,0,0,0.0008423247491009533,3.0050048828125,1.579473853111267,0.00011151578655699268,0.0,0.23906183242797852
800,1,0.09249999939129339,278,0.48125,0.0,0.5,0,420,0,0,-0.000665407394990325,1.9366637468338013,1.5884143114089966,-0.000359769124770537,0.0,0.24817149341106415
801,1,0.01780273327312898,278,0.5775,0.0,0.5,0,676,0,0,-0.0012151915580034256,2.0415096282958984,1.6101984977722168,0.0011439310619607568,0.0,0.22953391075134277
802,1,0.1308886724873446,278,0.78,0.0,1.0,0,932,0,0,8.906424045562744e-05,7.590850830078125,1.591352939605713,0.0001567644067108631,0.0,0.2449592798948288
803,1,0.155957029775891,279,0.24375,0.0,0.25,0,188,0,0,-0.0008255044813267887,4.8804168701171875,1.6298589706420898,-0.00026733335107564926,0.0,0.22416366636753082
804,1,0.11844726438721409,279,0.421875,0.0,0.75,0,444,0,0,-0.004948617424815893,2.0306556224823,1.6101999282836914,0.0013306887121871114,0.0,0.23037917912006378
805,1,-0.026904297184955794,279,0.438125,0.0,0.75,0,700,0,0,-0.0007415584404952824,0.8366036415100098,1.62167227268219,-0.0021395704243332148,0.0,0.22262729704380035
806,1,-0.034794922063156264,279,0.44375,0.0,0.75,0,956,0,0,-0.0008723537321202457,0.11339361220598221,1.6179165840148926,0.0034718618262559175,0.0,0.22552485764026642
807,1,0.19916992059734184,280,0.2875,0.0,0.375,0,212,0,0,-1.0822589501913171e-05,5.29743766784668,1.5432343482971191,0.0012209120905026793,0.0,0.24991126358509064
808,1,0.20875976380193606,280,0.59375,0.0,1.0,0,468,0,0,-0.00018021278083324432,7.373223304748535,1.4877382516860962,-0.0001636537053855136,0.0,0.2841244339942932
809,1,0.024316406008438207,280,0.699375,0.0,1.0,0,724,0,0,-0.0021157683804631233,1.1756856441497803,1.5665006637573242,0.0008166831103153527,0.0,0.25260958075523376
810,1,0.010742186943389243,280,0.785,0.0,1.0,0,980,0,0,-0.001588930026628077,0.5250199437141418,1.5722603797912598,-0.0008103788713924587,0.0,0.2452855110168457
811,1,0.09606445188910584,282,0.253125,0.0,0.125,0,229,0,0,0.0006531216204166412,16.927541732788086,1.4397796392440796,0.0011385629186406732,0.0,0.2912130057811737
812,1,-0.041591797475120984,282,0.255625,0.0,0.125,0,485,0,0,-0.0004850681871175766,5.77877140045166,1.4837098121643066,0.0016858604503795505,0.0,0.27406591176986694
813,1,0.19939453009646968,282,0.576875,0.0,0.5,0,741,0,0,0.00035265026963315904,5.535295009613037,1.5102605819702148,-0.00025656112120486796,0.0,0.2680348753929138
814,1,0.0073632813728181645,282,0.60375,0.0,0.75,0,997,0,0,-0.002988416003063321,1.4160099029541016,1.5232558250427246,0.00223924545571208,0.0,0.255245178937912
815,1,0.21911132767854724,283,0.40125,0.0,0.375,0,253,0,0,-0.0017243189504370093,2.0795516967773438,1.4352813959121704,0.0012089090887457132,0.0,0.28844746947288513
816,1,0.04226562469557393,283,0.5025,0.0,0.5,0,509,0,0,-0.0005402946844696999,1.4437110424041748,1.468380331993103,0.0005301947239786386,0.0,0.2746017277240753
817,1,0.03831054672264145,283,0.62875,0.0,0.5,0,765,0,0,-0.004955976735800505,0.7594002485275269,1.4437867403030396,0.0022545147221535444,0.0,0.29256513714790344
818,1,0.036435546178836375,284,0.05,0.0,0.0,0,21,0,0,-0.005214506294578314,1.826939344406128,1.4626878499984741,-0.0006472072564065456,0.0,0.29271265864372253
819,1,0.20335937384516,284,0.401875,0.0,0.25,0,277,0,0,-0.0012590329861268401,2.984693765640259,1.3971973657608032,0.0025895480066537857,0.0,0.2940906584262848
820,1,0.08542968571418896,284,0.565,0.0,0.5,0,533,0,0,0.00031335963285528123,2.0663235187530518,1.4293960332870483,-0.001057504559867084,0.0,0.3057369887828827
821,1,0.08378906084908522,284,0.743125,0.0,0.625,0,789,0,0,0.0008027755538932979,2.7891101837158203,1.4592920541763306,-0.0002804696559906006,0.0,0.28757235407829285
822,1,0.08246093660272891,285,0.06125,0.0,0.0,0,45,0,0,-0.0012325431453064084,3.0311362743377686,1.4483858346939087,0.000771172868553549,0.0,0.2874651253223419
823,1,0.33328124872787157,285,0.5625,0.0,0.625,0,301,0,0,-0.0012306072749197483,4.658953666687012,1.420766830444336,0.000415261514717713,0.0,0.3006131947040558
824,1,0.05994140564871486,285,0.700625,0.0,0.75,0,557,0,0,-0.0001485142856836319,2.3124632835388184,1.439113974571228,0.00047059496864676476,0.0,0.2938891053199768
825,1,-0.014414062752621248,285,0.739375,0.0,0.75,0,813,0,0,-0.000978938303887844,1.1001651287078857,1.4467655420303345,0.0009187448886223137,0.0,0.2940197288990021
826,1,0.019345702530699782,286,0.0975,0.0,0.0,0,69,0,0,-0.0017776312306523323,0.7471044063568115,1.472831130027771,-0.00013502733781933784,0.0,0.2752126455307007
827,1,0.1975878890734748,286,0.423125,0.0,0.375,0,325,0,0,-0.0016930649289861321,3.6370794773101807,1.4495348930358887,0.0008149961940944195,0.0,0.301644891500473
828,1,0.03657226444920525,286,0.526875,0.0,0.5,0,581,0,0,-0.000598882616031915,1.6677972078323364,1.5049101114273071,0.0006678501958958805,0.0,0.27368801832199097
829,1,0.18381835881154984,286,0.808125,0.0,1.0,0,837,0,0,-0.00047970438026823103,11.316766738891602,1.5044217109680176,-0.0005133038503117859,0.0,0.2760505974292755
830,1,0.077822265226132,287,0.179375,0.0,0.0,0,93,0,0,-0.006045194808393717,0.8522403836250305,1.502231240272522,0.002534625120460987,0.0,0.27373597025871277
831,1,0.12856445112629444,287,0.405,0.0,0.25,0,349,0,0,-0.005549713969230652,2.0582077503204346,1.4880403280258179,0.0039322092197835445,0.0,0.28974175453186035
832,1,0.15299804737151135,287,0.64,0.0,0.75,0,605,0,0,0.00011754035949707031,3.476508617401123,1.4584077596664429,0.002887458773329854,0.0,0.3032248914241791
833,1,-0.005771485521108843,287,0.696875,0.0,0.75,0,861,0,0,-0.0009522515465505421,0.9301452040672302,1.436691403388977,0.0001225392334163189,0.0,0.310395210981369
834,1,0.12155273449752713,289,0.200625,0.0,0.375,0,107,0,0,-0.0011346383253112435,19.00107765197754,1.5118651390075684,-0.0008402848616242409,0.0,0.2767547070980072
835,1,0.0427929666620912,289,0.316875,0.0,0.5,0,363,0,0,0.00016727128240745515,3.1566579341888428,1.480079174041748,-0.0015926077030599117,0.0,0.28979045152664185
836,1,-0.03192382864654064,289,0.335625,0.0,0.5,0,619,0,0,-0.0003623608499765396,1.8625876903533936,1.4444504976272583,-0.0007656197994947433,0.0,0.30888503789901733
837,1,0.08040039075422101,289,0.52875,0.0,0.5,0,875,0,0,-0.0006841300055384636,3.045520544052124,1.477509617805481,0.00012733259063679725,0.0,0.2891903221607208
838,1,0.08053710755484644,290,0.178125,0.0,0.0,0,131,0,0,-0.000750942446757108,1.080247163772583,1.4267345666885376,0.0007595710339955986,0.0,0.30965009331703186
839,1,0.0972070293937577,290,0.361875,0.0,0.25,0,387,0,0,-0.004324513021856546,3.840287685394287,1.434935212135315,0.0009938343428075314,0.0,0.31621938943862915
840,1,0.044755858078133315,290,0.463125,0.0,0.5,0,643,0,0,-0.004035002086311579,1.8676785230636597,1.4707269668579102,0.0002044004650088027,0.0,0.2882796823978424
841,1,0.028808593589928932,290,0.5575,0.0,0.625,0,899,0,0,-0.002106789266690612,3.0082128047943115,1.4793838262557983,0.002500800183042884,0.0,0.29221776127815247
842,1,0.17046874990774086,291,0.26375,0.0,0.5,0,155,0,0,-0.0023166630417108536,4.342483997344971,1.482391357421875,0.0005387103301472962,0.0,0.2846715748310089
843,1,0.20091796769702341,291,0.633125,0.0,0.625,0,411,0,0,-0.001470835879445076,3.6765689849853516,1.5228434801101685,6.031866064404312e-07,0.0,0.2644311189651489
844,1,0.024560546546126716,291,0.739375,0.0,0.625,0,667,0,0,-0.001433362253010273,0.8955802321434021,1.5042225122451782,0.00045368014252744615,0.0,0.2742152214050293
845,1,0.07437500033483957,291,0.8825,0.0,0.875,0,923,0,0,-0.0017513755010440946,2.1986899375915527,1.5266791582107544,0.00013656324881594628,0.0,0.25881990790367126
846,1,0.07775390573806362,293,0.256875,0.0,0.0,0,169,0,0,-0.00047867759712971747,18.933456420898438,1.4953571557998657,-0.0008473065681755543,0.0,0.28209295868873596
847,1,0.13329101431008894,293,0.506875,0.0,0.25,0,425,0,0,-0.0035251241642981768,3.449146032333374,1.5298808813095093,0.002236406086012721,0.0,0.2576982080936432
848,1,0.09470703036640771,293,0.668125,0.0,0.625,0,681,0,0,0.001391747035086155,3.5076444149017334,1.489119052886963,-0.0002963139268103987,0.0,0.28636935353279114
849,1,0.05055664018073003,293,0.77625,0.0,0.875,0,937,0,0,-0.001725772744975984,1.3227704763412476,1.5398387908935547,-0.0001878285111160949,0.0,0.2654068171977997
850,1,0.23082031137892045,294,0.350625,0.0,0.375,0,193,0,0,-0.0002294161095051095,2.2981865406036377,1.515337586402893,0.001366725075058639,0.0,0.26813074946403503
851,1,0.13758788781342446,294,0.60125,0.0,0.625,0,449,0,0,-0.0022239210084080696,1.9603099822998047,1.50214421749115,-0.001599155250005424,0.0,0.27937933802604675
852,1,0.05228515595808858,294,0.70625,0.0,0.875,0,705,0,0,-0.0002207898796768859,1.2132540941238403,1.564731240272522,0.0014926012372598052,0.0,0.2645569145679474
853,1,-0.026132812858122634,294,0.728125,0.0,0.875,0,961,0,0,-0.00023672480892855674,0.4928250014781952,1.5841035842895508,2.328787559235934e-05,0.0,0.25341156125068665
854,1,0.16899413755891146,295,0.329375,0.0,0.25,0,217,0,0,-0.0018707533599808812,3.089693307876587,1.5736465454101562,0.0006147946114651859,0.0,0.24604839086532593
855,1,0.046474610400764504,295,0.4425,0.0,0.375,0,473,0,0,0.000545441813301295,2.5731117725372314,1.5921826362609863,-0.0010716543765738606,0.0,0.23770172894001007
856,1,-0.017138672272267286,295,0.48125,0.0,0.375,0,729,0,0,-0.0006328963791020215,1.040541410446167,1.59550142288208,-0.0007225878653116524,0.0,0.24382473528385162
857,1,0.0046191392102628015,295,0.53375,0.0,0.5,0,985,0,0,-0.0022891841363161802,1.0929830074310303,1.587082028388977,3.6827754229307175e-05,0.0,0.24784499406814575
858,1,0.18723632514229394,297,0.33625,0.0,0.5,0,230,0,0,-0.0018680756911635399,17.83945083618164,1.555782437324524,0.002418657997623086,0.0,0.24915073812007904
859,1,0.1778222654174897,297,0.62125,0.0,0.875,0,486,0,0,0.00039132777601480484,4.496901512145996,1.5699776411056519,-7.674548396607861e-05,0.0,0.25042054057121277
860,1,-0.014980469048168743,297,0.6525,0.0,0.875,0,742,0,0,-0.0023018133360892534,0.2478480488061905,1.5587196350097656,-0.0006043492467142642,0.0,0.25544998049736023
861,1,-0.025996093812864274,297,0.66,0.0,0.875,0,998,0,0,-0.00925482902675867,0.16040417551994324,1.5322870016098022,0.0018273480236530304,0.0,0.2567230761051178
862,1,0.1573535149509553,298,0.274375,0.0,0.375,0,254,0,0,0.0005005060811527073,2.2058756351470947,1.5722087621688843,0.0006304904818534851,0.0,0.2483663409948349
863,1,0.025000000441650627,298,0.338125,0.0,0.625,0,510,0,0,-0.0014567882753908634,1.399796724319458,1.5600452423095703,0.0018368788296356797,0.0,0.24991357326507568
864,1,-0.02780273449025117,298,0.338125,0.0,0.625,0,766,0,0,4.713144153356552e-05,0.2162674069404602,1.5419793128967285,0.000990083091892302,0.0,0.25073185563087463
865,1,0.019482420844724402,299,0.049375,0.0,0.125,0,22,0,0,-0.002820526482537389,0.6554132103919983,1.4856648445129395,0.00012858305126428604,0.0,0.2870706021785736
866,1,0.12415038978360826,299,0.28125,0.0,0.25,0,278,0,0,-0.0032278799917548895,1.308624267578125,1.537139892578125,-0.0006799730472266674,0.0,0.26183339953422546
867,1,-0.028867187505966285,299,0.285,0.0,0.25,0,534,0,0,-0.003707833355292678,1.595853328704834,1.4923940896987915,0.002102016005665064,0.0,0.27654024958610535
868,1,-0.021650390608556336,299,0.293125,0.0,0.25,0,790,0,0,-0.0006767576560378075,0.1405039131641388,1.4143034219741821,0.0015347920125350356,0.0,0.3173236846923828
869,1,0.032207030984864105,300,0.07375,0.0,0.0,0,46,0,0,-0.004348138812929392,0.7771853804588318,1.3453296422958374,-0.0001475490425946191,0.0,0.36000123620033264
870,1,0.19278320194644039,300,0.366875,0.0,0.5,0,302,0,0,-0.004241082351654768,6.123382568359375,1.3563162088394165,0.0016017146408557892,0.0,0.33966144919395447
871,1,0.06974609346798388,300,0.53875,0.0,0.5,0,558,0,0,-0.001090108067728579,2.1719510555267334,1.2948276996612549,0.0007879201439209282,0.0,0.3747187554836273
872,1,-0.01853515614857315,300,0.565,0.0,0.5,0,814,0,0,-0.0037835370749235153,0.239556223154068,1.2210384607315063,0.001417099847458303,0.0,0.4147334098815918
873,1,0.15757812214724254,301,0.16875,0.0,0.125,0,77,0,0,-0.0016979390056803823,4.6491851806640625,1.2012238502502441,0.0011164603056386113,0.0,0.4129369556903839
874,1,0.10287109304044861,301,0.36625,0.0,0.375,0,333,0,0,-0.002990490524098277,1.4340801239013672,1.2834675312042236,3.9992544770939276e-05,0.0,0.373992919921875
875,1,0.0631835934400442,301,0.50875,0.0,0.5,0,589,0,0,-0.0010012220591306686,1.318920373916626,1.298409104347229,0.002319927094504237,0.0,0.38714441657066345
876,1,0.018271483895659912,301,0.586875,0.0,0.5,0,845,0,0,-0.0008395221084356308,1.1027095317840576,1.1948918104171753,0.0014349472476169467,0.0,0.44700828194618225
877,1,0.20976562445866875,302,0.29875,0.0,0.625,0,202,0,0,-0.00017870310693979263,2.145932912826538,1.2975740432739258,-0.0005520238191820681,0.0,0.37142181396484375
878,1,0.032392577777500264,302,0.40125,0.0,0.75,0,458,0,0,-0.0008262072806246579,3.1800718307495117,1.239066243171692,-0.0015687387203797698,0.0,0.4151547849178314
879,1,0.11823242130776634,302,0.630625,0.0,0.875,0,714,0,0,-0.0005889488384127617,3.915376663208008,1.2422876358032227,4.6776218368904665e-05,0.0,0.4099701941013336
880,1,0.05159179626207333,302,0.758125,0.0,1.0,0,970,0,0,-0.0005269951070658863,2.7242541313171387,1.178777813911438,0.00041789343231357634,0.0,0.45268571376800537
881,1,0.1375390612629417,303,0.24375,0.0,0.25,0,226,0,0,-0.00226520374417305,3.5951437950134277,1.2953542470932007,0.0003570995759218931,0.0,0.37414488196372986
882,1,0.05722656178113539,303,0.38875,0.0,0.375,0,482,0,0,0.00016957831394392997,1.9421712160110474,1.2236764430999756,-0.001002595410682261,0.0,0.4000333547592163
883,1,-0.012392578661092557,303,0.43875,0.0,0.375,0,738,0,0,-0.0006454051472246647,1.033254861831665,1.2026323080062866,-0.0003388045879546553,0.0,0.42589208483695984
884,1,0.08146484316239366,304,0.066875,0.0,0.0,0,29,0,0,-0.0007113938336260617,1.6541650295257568,1.2528265714645386,0.0008365947869606316,0.0,0.41450610756874084
885,1,0.15017578027618583,304,0.3575,0.0,0.125,0,285,0,0,-0.0010026289382949471,1.7716383934020996,1.460656762123108,0.0002733227738644928,0.0,0.2828945815563202
886,1,0.12029296695982339,304,0.555625,0.0,0.5,0,541,0,0,-0.0015390552580356598,3.622330904006958,1.407966136932373,-0.00045279692858457565,0.0,0.32257726788520813
887,1,0.062324217993591446,304,0.704375,0.0,0.625,0,797,0,0,-0.00015103444457054138,2.868617057800293,1.3420978784561157,-0.00021008292969781905,0.0,0.36068758368492126
888,1,0.0925976564976736,305,0.21125,0.0,0.0,0,119,0,0,-0.0015590336406603456,1.2771481275558472,1.4354478120803833,0.00015743286348879337,0.0,0.3066008985042572
889,1,-0.001367187884170562,305,0.27625,0.0,0.0,0,375,0,0,-0.0016488069668412209,4.803712844848633,1.4860577583312988,0.0010325192706659436,0.0,0.2687586545944214
890,1,0.0392871085787192,305,0.406875,0.0,0.0,0,631,0,0,0.00041510164737701416,1.8346500396728516,1.4990668296813965,0.0007403118652291596,0.0,0.28071296215057373
891,1,0.042734372575068846,305,0.486875,0.0,0.375,0,887,0,0,-0.0008878833032213151,1.2905025482177734,1.4506980180740356,0.0003165107627864927,0.0,0.3032754957675934
892,1,0.13282226360024652,306,0.2375,0.0,0.25,0,143,0,0,-0.0021192962303757668,1.5994327068328857,1.4739106893539429,0.00014495135110337287,0.0,0.2865958511829376
893,1,0.09134765517956112,306,0.43625,0.0,0.375,0,399,0,0,-0.00014041922986507416,1.5422419309616089,1.5172561407089233,0.0001230626367032528,0.0,0.2663707137107849
894,1,0.03528320240729954,306,0.560625,0.0,0.375,0,655,0,0,-0.0011676488211378455,2.23119854927063,1.5113812685012817,0.00034946203231811523,0.0,0.2751518189907074
895,1,0.08030273260374088,306,0.7375,0.0,0.5,0,911,0,0,-0.0003658778441604227,3.1443934440612793,1.4609726667404175,0.00016597060312051326,0.0,0.29914113879203796
896,1,0.14489257712557446,307,0.3,0.0,0.0,0,167,0,0,-0.0017663290491327643,1.3771257400512695,1.5026236772537231,-7.63006173656322e-05,0.0,0.27335235476493835
897,1,0.14627929538255557,307,0.56,0.0,0.25,0,423,0,0,-0.0016953954473137856,1.9243557453155518,1.551984429359436,-0.0006360238767229021,0.0,0.2461414337158203
898,1,0.035781249665888026,307,0.664375,0.0,0.375,0,679,0,0,-0.0008266521035693586,2.02773380279541,1.489383339881897,-0.001056850072927773,0.0,0.27992701530456543
899,1,-0.004453125140571501,307,0.7125,0.0,0.375,0,935,0,0,-0.0012717483332380652,0.406515896320343,1.4791933298110962,-0.00010729689529398456,0.0,0.2988540530204773
900,1,0.09853515578288352,308,0.19,0.0,0.125,0,191,0,0,-0.0023285946808755398,2.1004374027252197,1.5433930158615112,0.00021836750966031104,0.0,0.25255391001701355
901,1,0.1591699209457147,308,0.4375,0.0,0.625,0,447,0,0,0.0003381191345397383,11.712748527526855,1.5047532320022583,0.0013530688593164086,0.0,0.26844948530197144
902,1,0.1392675766692264,308,0.691875,0.0,0.875,0,703,0,0,-0.0007324901525862515,5.5903096199035645,1.5066689252853394,-0.0006202590302564204,0.0,0.27103498578071594
903,1,0.03555663957740762,308,0.813125,0.0,0.875,0,959,0,0,-0.00030088299536146224,0.3669411540031433,1.48843514919281,-0.00045663444325327873,0.0,0.2809857130050659
904,1,0.12289062409399776,309,0.24125,0.0,0.25,0,215,0,0,-0.0013955592876300216,2.6701488494873047,1.5261200666427612,-0.001109114964492619,0.0,0.2651979923248291
905,1,0.07074218682464561,309,0.42,0.0,0.25,0,471,0,0,-0.001400032895617187,1.3375096321105957,1.5457149744033813,0.00033978349529206753,0.0,0.2513257563114166
906,1,0.08170898327080067,309,0.619375,0.0,0.25,0,727,0,0,-0.0016159918159246445,2.4506115913391113,1.469178318977356,-0.0005629639490507543,0.0,0.2886929214000702
907,1,-0.018320312345167622,309,0.62125,0.0,0.5,0,983,0,0,-0.0014720918843522668,1.0022809505462646,1.4303946495056152,-0.00013202126137912273,0.0,0.30352360010147095
908,1,0.19273437386073056,310,0.32375,0.0,0.375,0,239,0,0,-0.0006853161030448973,3.757412910461426,1.5040611028671265,-0.00032983129494823515,0.0,0.258136123418808
909,1,0.0975097653681587,310,0.5225,0.0,0.5,0,495,0,0,-0.00067218515323475,2.5712831020355225,1.5320466756820679,-0.0003867692721541971,0.0,0.25304943323135376
910,1,0.010351562166761141,310,0.594375,0.0,0.5,0,751,0,0,-0.0017195328837260604,0.709526777267456,1.5183323621749878,0.0007029323023743927,0.0,0.27519530057907104
911,1,0.03522460879685241,311,0.01375,0.0,0.0,0,7,0,0,-0.003687455551698804,1.0306087732315063,1.5090937614440918,-0.0018471755320206285,0.0,0.2603509724140167
912,1,0.1794921876535227,311,0.3075,0.0,0.375,0,263,0,0,-0.003984113689512014,1.648749589920044,1.479739785194397,-0.0003065864148084074,0.0,0.28379225730895996
913,1,0.26017578013124876,311,0.708125,0.0,0.875,0,519,0,0,-0.0004521688970271498,9.024199485778809,1.512464165687561,0.0028393615502864122,0.0,0.25981828570365906
914,1,0.0761523446708452,311,0.876875,0.0,1.0,0,775,0,0,-0.0007565471460111439,1.8861820697784424,1.4977003335952759,0.00036872169584967196,0.0,0.2846372723579407
915,1,-0.01142578150393092,312,0.0425,0.0,0.0,0,31,0,0,-0.0008073647622950375,1.1952390670776367,1.514723300933838,4.745577462017536e-05,0.0,0.26344817876815796
916,1,0.16837890537863132,312,0.374375,0.0,0.125,0,287,0,0,-0.0007968824356794357,2.163883924484253,1.4056655168533325,0.0005025080754421651,0.0,0.3110515773296356
917,1,0.034003905922872946,312,0.49625,0.0,0.125,0,543,0,0,-0.0010743066668510437,2.087144374847412,1.4265190362930298,0.0004894849262200296,0.0,0.2997515797615051
918,1,0.13193359444267116,312,0.696875,0.0,0.625,0,799,0,0,-2.278170177305583e-05,4.682681083679199,1.4539495706558228,-0.0006939996383152902,0.0,0.3008021414279938
919,1,0.13979492262660642,313,0.12,0.0,0.0,0,55,0,0,-0.0007535689510405064,2.6201510429382324,1.4641185998916626,0.00013774276885669678,0.0,0.28787174820899963
920,1,0.2455468724365346,313,0.505625,0.0,0.5,0,311,0,0,-0.0003269510343670845,2.1061928272247314,1.4276151657104492,-3.3138396247522905e-05,0.0,0.3088235855102539
921,1,0.05031249903549906,313,0.653125,0.0,0.625,0,567,0,0,-0.0011345433304086328,2.6214916706085205,1.4453144073486328,0.00023632908414583653,0.0,0.3124839961528778
922,1,0.02831054672060418,313,0.74,0.0,0.75,0,823,0,0,-0.0023070184979587793,0.6742739677429199,1.4981327056884766,-0.0013075295137241483,0.0,0.28546419739723206
923,1,0.0695996082322381,315,0.076875,0.0,0.0,0,34,0,0,-0.0007454389706254005,21.175355911254883,1.4492969512939453,-0.001463135820813477,0.0,0.3018481433391571
924,1,0.15224609295546543,315,0.3525,0.0,0.375,0,290,0,0,-0.00017923163250088692,1.2831742763519287,1.359441876411438,0.001052199280820787,0.0,0.35019150376319885
925,1,0.2069726576519315,315,0.67375,0.0,0.875,0,546,0,0,-0.00031396126723848283,9.402247428894043,1.466063380241394,-0.00044581605470739305,0.0,0.2946006953716278
926,1,0.040507811470888555,315,0.79125,0.0,1.0,0,802,0,0,-0.002178746275603771,1.3053756952285767,1.4581130743026733,-0.000129190506413579,0.0,0.29600635170936584
927,1,0.05404296786582563,316,0.13375,0.0,0.0,0,58,0,0,-0.0020058888476341963,0.979223370552063,1.4319204092025757,0.0023396711330860853,0.0,0.3053126633167267
928,1,0.1820605461107334,316,0.455625,0.0,0.25,0,314,0,0,-0.0010452935239300132,2.8653926849365234,1.4063138961791992,0.0009297796059399843,0.0,0.29694661498069763
929,1,0.144765624703723,316,0.710625,0.0,0.5,0,570,0,0,-0.000974901660811156,3.8092405796051025,1.4302310943603516,0.0011485217837616801,0.0,0.2988022267818451
930,1,0.02463867119513452,316,0.800625,0.0,0.5,0,826,0,0,-0.00047980062663555145,1.2780526876449585,1.4933069944381714,0.0002314154990017414,0.0,0.2781202495098114
931,1,0.11065429659720394,317,0.1625,0.0,0.25,0,82,0,0,-0.002636044519022107,1.1256024837493896,1.4890618324279785,-0.0009356147493235767,0.0,0.2825736105442047
932,1,0.15938476593146333,317,0.443125,0.0,0.5,0,338,0,0,-0.001214157440699637,1.393248438835144,1.4675984382629395,-0.0004987709107808769,0.0,0.2959015667438507
933,1,0.02209960923573817,317,0.514375,0.0,0.625,0,594,0,0,0.0003811384958680719,1.5001819133758545,1.489348292350769,-0.0005665970384143293,0.0,0.27427318692207336
934,1,-0.028818359860451892,317,0.534375,0.0,0.625,0,850,0,0,-0.0002801319060381502,0.4946148097515106,1.501114845275879,0.0013319164281710982,0.0,0.2739497721195221
935,1,0.12412109167780727,318,0.23125,0.0,0.375,0,106,0,0,0.00016895805310923606,3.2166926860809326,1.5053595304489136,-4.152969268034212e-05,0.0,0.2703911364078522
936,1,0.08940429595531896,318,0.419375,0.0,0.5,0,362,0,0,-0.000363069906597957,1.097295880317688,1.463551640510559,5.125867392052896e-05,0.0,0.2926052212715149
937,1,0.01641601506707957,318,0.504375,0.0,0.625,0,618,0,0,-0.0010754201794043183,1.259292721748352,1.4801411628723145,0.00042523886077106,0.0,0.279541015625
938,1,0.04152343771784217,318,0.609375,0.0,0.75,0,874,0,0,2.9026219635852613e-05,3.5498414039611816,1.5108786821365356,0.0006299964734353125,0.0,0.277548223733902
939,1,0.19368164107436314,319,0.2775,0.0,0.375,0,130,0,0,-0.00028669057064689696,3.7540171146392822,1.4943841695785522,0.00011042979167541489,0.0,0.2728513181209564
940,1,0.10177734303942998,319,0.460625,0.0,0.625,0,386,0,0,-0.0005842714454047382,3.1577093601226807,1.4678430557250977,0.0007009332184679806,0.0,0.27062320709228516
941,1,-0.021962890947179403,319,0.48875,0.0,0.625,0,642,0,0,-0.001507930806837976,0.7347441911697388,1.5007470846176147,0.000539993226993829,0.0,0.27287110686302185
942,1,-0.02371093784313416,319,0.50875,0.0,0.625,0,898,0,0,-0.0005975221283733845,0.16297689080238342,1.5106053352355957,0.0006941871833987534,0.0,0.2709353566169739
943,1,0.08225586007756647,320,0.210625,0.0,0.125,0,154,0,0,-0.0028654225170612335,0.8189911842346191,1.4747580289840698,0.0009524595807306468,0.0,0.28250962495803833
944,1,0.18961913947714493,320,0.526875,0.0,0.5,0,410,0,0,0.0010917665204033256,8.206196784973145,1.503268837928772,0.0010220176773145795,0.0,0.2699945867061615
945,1,0.06218749777326593,320,0.659375,0.0,0.625,0,666,0,0,-0.0019078589975833893,1.0724248886108398,1.5378198623657227,0.00020744481298606843,0.0,0.26652923226356506
946,1,-0.022500000235595508,320,0.685625,0.0,0.625,0,922,0,0,-0.002124410355463624,0.3149506151676178,1.5595812797546387,0.000791636819485575,0.0,0.2491978257894516
947,1,0.15693359185024747,321,0.2925,0.0,0.125,0,178,0,0,-0.0005133518134243786,1.619521975517273,1.5173848867416382,0.0006560121546499431,0.0,0.27015912532806396
948,1,0.030712891300936462,321,0.371875,0.0,0.25,0,434,0,0,-0.0007899710908532143,2.7522528171539307,1.505476474761963,8.076025551417843e-05,0.0,0.27964913845062256
949,1,-0.012812500033760443,321,0.41,0.0,0.25,0,690,0,0,-0.0005091025377623737,0.9316980838775635,1.5306591987609863,0.0004417558666318655,0.0,0.2579306364059448
950,1,0.0063476557115791366,321,0.4625,0.0,0.25,0,946,0,0,-0.002845603274181485,0.6631286144256592,1.5311932563781738,-0.0012214489979669452,0.0,0.2702808082103729
951,1,0.1346777330400073,322,0.2325,0.0,0.375,0,202,0,0,-0.001363927498459816,1.5416615009307861,1.452745795249939,0.0008145575993694365,0.0,0.2790689170360565
952,1,0.019658202752907528,322,0.319375,0.0,0.375,0,458,0,0,-0.001316329464316368,1.2476590871810913,1.4395999908447266,0.0006118022720329463,0.0,0.2958219349384308
953,1,0.027275391039438546,322,0.373125,0.0,0.625,0,714,0,0,-0.0018704863032326102,1.7669938802719116,1.4622845649719238,0.0013911211863160133,0.0,0.29099443554878235
954,1,-0.002373047034780029,322,0.424375,0.0,0.625,0,970,0,0,-0.006791753228753805,0.4822244942188263,1.5098265409469604,0.0005140185239724815,0.0,0.26532378792762756
955,1,0.23094726290219114,323,0.364375,0.0,0.5,0,226,0,0,0.00730112986639142,2.6232235431671143,1.453501582145691,0.007781639229506254,0.04296875,0.3089478313922882
956,1,0.09619140554059413,323,0.535625,0.0,0.75,0,482,0,0,0.0008465796709060669,2.2313153743743896,1.525774598121643,0.002719648415222764,0.0,0.2655169367790222
957,1,0.00801757850786089,323,0.62,0.0,0.875,0,738,0,0,-0.0032854534219950438,1.1076464653015137,1.5230073928833008,0.0006158414180390537,0.0,0.2689504325389862
958,1,-0.011689453778672032,323,0.669375,0.0,0.875,0,994,0,0,-0.002391853602603078,0.7476353049278259,1.563366413116455,0.002825508126989007,0.0026041667442768812,0.2510037422180176
959,1,0.1682910143135814,324,0.330625,0.0,0.25,0,250,0,0,-0.0008138029952533543,1.9407117366790771,1.4779372215270996,0.0011871501337736845,0.0,0.2843529284000397
960,1,0.0011425777775002643,324,0.399375,0.0,0.25,0,506,0,0,0.001252393121831119,1.373365879058838,1.463240146636963,0.0006673329626210034,0.0,0.28982168436050415
961,1,0.027226560821873136,324,0.475,0.0,0.5,0,762,0,0,-0.003338777692988515,2.862595319747925,1.5116239786148071,0.0007407399825751781,0.0,0.2712266743183136
962,1,0.0013476557651301846,325,0.0425,0.0,0.125,0,18,0,0,-0.007919603027403355,1.098663330078125,1.428438663482666,0.008630461059510708,0.0,0.31079956889152527
963,1,0.14829101428040303,325,0.31625,0.0,0.625,0,274,0,0,-0.0046350727789103985,2.9598188400268555,1.342697024345398,0.006066795904189348,0.02734375,0.315828412771225
964,1,0.01608398415555712,325,0.39,0.0,0.75,0,530,0,0,-0.006770046427845955,1.1642554998397827,1.3580684661865234,0.003264131722971797,0.0013020833721384406,0.3103004992008209
965,1,0.11077148376352852,325,0.63,0.0,0.75,0,786,0,0,0.0027855525258928537,3.8309128284454346,1.3711662292480469,0.0016065011732280254,0.0,0.32640668749809265
966,1,0.10499999909370672,326,0.09625,0.0,0.0,0,42,0,0,-0.0004878051986452192,2.961122989654541,1.3606535196304321,-0.001118446933105588,0.0,0.3142237365245819
967,1,0.21757812389114406,326,0.455,0.0,0.375,0,298,0,0,-0.0008300133049488068,3.125430107116699,1.2988187074661255,-0.0003351376799400896,0.0,0.34476742148399353
968,1,0.09640625104293576,326,0.615,0.0,0.75,0,554,0,0,-0.0015445406315848231,1.5421967506408691,1.335920810699463,0.0015205852687358856,0.0,0.32099834084510803
969,1,0.02456054781214334,326,0.6975,0.0,0.875,0,810,0,0,-0.0014906618744134903,1.5572365522384644,1.3501982688903809,0.00040333159267902374,0.0,0.3301629424095154
970,1,0.05616210824155132,327,0.150625,0.0,0.0,0,66,0,0,-0.002372734248638153,0.38209211826324463,1.3481454849243164,-0.00028923293575644493,0.0,0.3353745639324188
971,1,0.15513671785447514,327,0.406875,0.0,0.375,0,322,0,0,0.0007976560737006366,2.2032787799835205,1.3516474962234497,0.0012248741695657372,0.0,0.310696542263031
972,1,0.1348535149008967,327,0.686875,0.0,0.375,0,578,0,0,0.0008372664451599121,2.8792014122009277,1.3644475936889648,0.000798272667452693,0.0,0.30815017223358154
973,1,0.054814452818391146,327,0.781875,0.0,0.75,0,834,0,0,-0.002014515455812216,3.16135835647583,1.37916100025177,-0.0004635529185179621,0.0,0.30443844199180603
974,1,0.06983398348893388,328,0.19,0.0,0.25,0,90,0,0,-0.0014757452299818397,1.4642040729522705,1.3901969194412231,0.001452219788916409,0.0,0.29799890518188477
975,1,0.14809570210854872,328,0.47375,0.0,0.375,0,346,0,0,-0.0006530862301588058,3.405122756958008,1.3455406427383423,-0.0003195458557456732,0.0,0.3083341419696808
976,1,0.0218847647702205,328,0.56875,0.0,0.375,0,602,0,0,-0.001812590635381639,2.287680149078369,1.411422610282898,3.848325650324114e-05,0.0,0.28497156500816345
977,1,0.04759765359631274,328,0.6725,0.0,0.625,0,858,0,0,-0.0035373216960579157,1.237585186958313,1.4072941541671753,0.0016120054060593247,0.0,0.29789847135543823
978,1,0.11173828049868462,330,0.170625,0.0,0.375,0,89,0,0,0.00018310376617591828,25.231460571289062,1.402355670928955,0.0013274647062644362,0.0,0.3120308518409729
979,1,0.10322265476497705,330,0.440625,0.0,0.375,0,345,0,0,0.0009900759905576706,1.651987075805664,1.4196958541870117,-0.0001505427062511444,0.0,0.2917735278606415
980,1,0.10930664015177172,330,0.658125,0.0,0.5,0,601,0,0,0.00032881274819374084,3.3999691009521484,1.4423760175704956,-0.0005497643142007291,0.0,0.2881993055343628
981,1,-0.0050683601293712854,330,0.71875,0.0,0.5,0,857,0,0,-0.0011416891356930137,1.599509358406067,1.442093849182129,0.0005822267266921699,0.0,0.2953900992870331
982,1,0.05829101377094048,333,0.183125,0.0,0.125,0,83,0,0,-0.0004475275054574013,42.76738357543945,1.4229059219360352,0.0003625063691288233,0.0,0.295026957988739
983,1,0.2313867167395074,333,0.526875,0.0,0.75,0,339,0,0,0.0002742741780821234,4.343349456787109,1.423831820487976,-0.0003443090245127678,0.0,0.28166863322257996
984,1,0.019423827649006853,333,0.62,0.0,0.75,0,595,0,0,-0.0013763383030891418,1.226570725440979,1.4162591695785522,0.0010003003990277648,0.0,0.29291343688964844
985,1,0.027285155323625077,333,0.741875,0.0,0.75,0,851,0,0,-0.0024542089086025953,2.0472707748413086,1.4440817832946777,0.000371718080714345,0.0,0.28062430024147034
986,1,0.05755859403871,336,0.18875,0.0,0.25,0,84,0,0,-0.0039437939412891865,39.291046142578125,1.3712211847305298,-0.000685152888763696,0.0,0.30843475461006165
987,1,0.17344726371811703,336,0.4775,0.0,0.625,0,340,0,0,-0.001000656746327877,3.028688430786133,1.3385311365127563,-0.0012648270931094885,0.0,0.31762316823005676
988,1,0.07805664010084001,336,0.648125,0.0,0.75,0,596,0,0,-0.0005368443089537323,1.9573822021484375,1.3659812211990356,2.635332521094824e-06,0.0,0.2981840670108795
989,1,0.06253906291749445,336,0.7875,0.0,0.875,0,852,0,0,-0.00103184359613806,2.4193568229675293,1.371769905090332,-0.0005985234747640789,0.0,0.30946213006973267
990,1,0.059326169419364305,337,0.13125,0.0,0.125,0,108,0,0,-0.002678320975974202,1.0075492858886719,1.3253780603408813,0.0012678374769166112,0.0,0.331201434135437
991,1,0.174355468901922,337,0.458125,0.0,0.25,0,364,0,0,-0.0016476853052154183,2.4049360752105713,1.3442479372024536,0.0008606212795712054,0.0,0.31047531962394714
992,1,0.126435545302229,337,0.696875,0.0,0.375,0,620,0,0,-0.0016967601841315627,1.9393718242645264,1.3628029823303223,-0.001066291006281972,0.0,0.31755557656288147
993,1,0.052187501365551725,337,0.78625,0.0,0.75,0,876,0,0,-0.0037345068994909525,1.358232855796814,1.3885416984558105,0.0015384895959869027,0.0,0.3148479461669922
994,1,0.18097656282770913,338,0.286875,0.0,0.375,0,132,0,0,-0.00100582221057266,2.8911690711975098,1.3874627351760864,0.0011004334082826972,0.0,0.31060630083084106
995,1,0.1314160158362938,338,0.5175,0.0,0.625,0,388,0,0,0.0008677905425429344,2.935779333114624,1.3778624534606934,-0.0009355826186947525,0.0,0.3162524998188019
996,1,0.04196288944513071,338,0.625625,0.0,0.75,0,644,0,0,-2.361973747611046e-05,1.5065298080444336,1.401656150817871,0.0012127241352573037,0.0,0.3063530921936035
997,1,0.0015527341602137312,338,0.6875,0.0,0.75,0,900,0,0,-6.221172952791676e-05,0.53531414270401,1.4265966415405273,-0.00018562516197562218,0.0,0.29497581720352173
998,1,0.15024414036088274,339,0.283125,0.0,0.125,0,156,0,0,-0.0005000806413590908,1.2709242105484009,1.3826580047607422,-0.0010579408844932914,0.0,0.31375280022621155
999,1,0.17022460915904958,339,0.5775,0.0,0.375,0,412,0,0,-0.001092145568691194,2.322308301925659,1.3996349573135376,0.0005490066832862794,0.0,0.30062103271484375
1000,1,0.08819335908629,339,0.70125,0.0,0.875,0,668,0,0,-0.004059889819473028,2.013244152069092,1.3950284719467163,-0.00025721359997987747,0.0,0.3173579275608063
